Z_db,raw_trajectory_cost
-0.20408199435367561,5
0.18583985584801058,9
-0.36779914990212653,9
-0.04921899143359685,5
-0.22141490702166852,5
-0.0053367409073665061,9
0.58508958530742283,3
0.01875260725087672,3
0.24520737191587147,3
0.0041156954468277111,3
0.18284429571191413,3
0.33420677464192206,3
0.05741588622963853,3
0.10063306012849683,9
0.055738873063345941,3
0.015876339591803627,5
-0.008338629941680999,3
-0.00038745509707597739,3
0.063888035458586942,3
0.026959196395220771,3
0.074009259681052639,3
0.075820338897809994,17
0.093450855943844766,3
-0.033113972377100308,3
0.0042308757441790728,3
1.5875352064593955,3
0.21745741101775592,3
-0.25664652454788439,17
0.018884124475454785,3
0.60781089424101675,3
0.0040376085015645258,3
0.011798085146386587,3
0.019269455332689825,3
0.0043473986809121007,3
0.0075190587585857206,3
0.013137838110058649,17
-0.0054119397428705448,3
-0.0071482112096727538,3
-0.0069742242629404014,3
0.039485070966108454,3
0.059476761772052439,3
-0.0032660442204719528,3
0.24704021283698871,3
0.061863696122346143,5
0.017678534665106375,3
0.54617522287671905,3
-0.040226107616169897,3
0.0030134485439778707,5
0.35459349244627636,3
0.61471284120781233,3
-0.02352018256053676,3
0.047387697814266799,3
-0.041190570569864408,5
-0.32933707901183001,5
0.14090990351345745,3
0.072109695203440557,3
0.031527744536595785,33
-0.061672430661727833,3
-0.00078554499998224642,3
0.058061405728822013,3
0.040612278303755502,3
0.072103016200296369,3
0.022007393732602423,3
0.10717764044601064,3
0.008009793011837291,3
0.090157439869233802,17
0.052800508804825792,3
-0.49229941926741766,5
0.056956225288265341,3
0.05849590817267953,5
0.091849214386751782,3
0.095284884089797239,3
0.05413504099335488,3
0.038858814591004737,3
-0.16954738797578367,5
0.010615090993833372,3
0.023354129744690186,3
0.034510153854573844,3
0.41361965045684551,3
0.21848418256246446,3
0.68784881475310944,3
0.023972070996386406,3
0.10612465618666135,3
0.003341701721796706,3
0.63850806272542016,3
0.11931000010355174,3
0.010525633461710622,3
0.060968759442456708,3
0.00026480495870453047,5
-0.041248977080983198,3
0.030804772146430799,3
-0.0089489355873629394,9
-0.0049638263320384186,3
0.17504865368251185,17
0.013938383037854276,3
-0.0081134380549072842,3
0.46386241029972031,3
0.0021567569236874955,3
0.0030475703808508911,9
0.0134381793754443,5
0.017838223597448865,3
1.0082708423476683,3
0.021806279731643664,3
0.068726469179858085,5
-0.26634794310477966,9
0.0072704725191178963,3
0.45514327823554102,3
-0.00046552408352487342,3
0.016926508395489644,3
0.050401876802614112,3
0.15078579106634216,3
0.46141505118032905,3
0.062616722014099901,3
0.074980343343679132,3
0.12823047323592926,5
0.0076903412862551366,3
0.012253972915126273,3
0.00042073039008083002,5
0.023776107457111877,3
-0.0011101494061031261,3
0.012189419733778377,3
0.16049327180089087,5
0.021842902049830318,3
0.036886119127543131,3
5.2417280475862062e-05,3
0.013056128042673155,5
-0.0015726982462151479,3
0.027930257355511998,3
0.065084045884536368,5
0.050114201694193533,3
0.24217194322839361,3
0.019471233593308195,3
0.00032196235003053642,3
0.042157127532799647,3
0.016343270686302414,3
0.095859527572585521,9
0.029933349123499174,3
0.02814945538185129,3
0.016235343756596847,3
-0.094721167437228262,5
0.039314942005555686,3
-0.36418577569136074,5
0.091127191948150277,3
0.021168276490523295,5
0.00054221901859548185,3
-0.038078387568368316,5
0.020084517511893645,5
0.035572934486474,3
-0.35951848820165044,33
-0.032656673679728083,5
0.0049459635215044605,3
0.53160340493229896,3
0.043169224561385937,3
0.009265190372026548,3
0.014804947970956267,9
0.02370887542713818,5
-0.043862338542076468,3
0.15907844804863702,3
0.058095269753095626,5
0.2137923376654168,3
0.097860192964434864,3
0.064320805664355399,3
0.02400263730179758,5
0.66905155828784058,3
1.4651461232479079,3
0.29700275812212273,3
0.08604666898195118,17
0.0046057883170383257,3
0.0090323195734019722,3
-0.0019227769898249813,5
0.22399565370520011,3
0.034865762292741756,3
0.16519090605459494,3
0.049791880350833782,5
0.17315589984587301,3
-0.057551716787852071,5
0.0056828236538028903,3
-0.0029769749850184963,3
0.04941641450235211,3
0.0055712436946041251,3
0.0076874284305503892,3
0.0060614806024591331,3
0.064873326610555934,3
0.37838122391484286,3
-0.040262821055990022,3
0.023255975111468149,3
-0.0049599664079883017,9
-0.31000750807209376,5
0.022238853476351971,3
-0.056959157525438939,3
0.044991658549627257,3
0.57135919124407952,3
0.0069444186328780407,3
0.00792840549656431,3
0.12835233776751853,3
-0.0036505092965001427,3
0.045893619553359306,3
0.044003778078612582,5
0.027387473328664719,3
0.043762241505097839,5
0.0021861142142444025,3
0.0025144138801736987,3
0.048927582500805214,5
0.26053207589714655,5
0.10890749702698672,3
0.02084251895328279,9
0.01523332326995931,3
0.47079271224157132,3
0.2121981500852558,3
-0.00093378865179310187,3
1.1222123492801577,3
0.075234445470685876,3
0.035597401052804158,9
0.019988440686054338,3
0.073422828650183222,9
0.019621244494353405,5
-0.030276416812476035,3
0.0021569255451334584,3
-0.42706293521878019,9
0.041191873376836448,3
-0.018424546385496739,3
0.052230310033359741,3
0.00099854971834809764,3
0.024248537960523269,3
-0.050468290245337534,3
0.018619322988836114,5
0.022479163728061018,3
0.10159982385339382,3
0.046551146010994575,3
0.16724216051613142,3
0.084505504448411456,3
0.093270876331123659,9
0.5367938573367661,3
-0.023716771651196299,5
0.012244990013684544,3
1.9246857797034482,3
0.0057125909830885906,3
0.019469634188456385,3
-0.045464896764315116,17
0.023251873429245853,9
0.016912581772077554,3
0.00033213558896191678,3
0.01545498004741465,3
0.070246951938921026,3
0.041956091346692474,3
0.027951007167014937,5
0.053117142673142236,3
-0.10168413268802284,3
-0.011496359976234093,5
0.29331708417756069,3
0.011958647959723824,3
0.048011949738871802,3
0.010457524699817448,3
0.1177995898735589,5
0.0002980112484864211,3
0.00021318570838078395,3
0.035562298889730642,3
0.0066073599464614701,3
0.0053599117481124402,3
-0.043262850729788305,17
0.097368523938463653,3
0.019865638216066222,3
0.0047412202302909955,3
-0.064301024817523061,3
0.0076824045526596848,3
0.11857993415407361,3
0.033099731876021561,3
0.09117348575260717,5
0.0077243786687492015,3
0.074977295278748968,3
0.00024761285940965122,3
0.01929273346805763,5
-0.93619158647625,17
0.17552253379677202,5
-0.06158102404065751,3
0.41950979116925091,3
0.027544941132605891,3
-0.014869072508022553,5
0.11998820477743266,5
0.044888050655268477,3
0.034011172876790195,3
0.060917816307072083,3
-0.056313587975574994,3
0.040565809532124388,5
0.06997709180807675,3
-0.008798947086057534,5
0.050056233389067464,3
0.07421193763799086,3
0.029262935393264893,3
-0.31706148306988935,5
-0.042770249307477422,5
0.14647711927400289,3
0.023491947308694496,3
-0.009117170746684845,3
0.0836905543459876,3
-0.034490259033120738,5
0.11437683455415788,3
0.020819000833339374,3
0.090896849368958949,3
-0.013268486388008788,5
0.026894023040069884,3
0.027756584475628655,3
0.0030553009758305678,3
0.048265020044152472,3
0.49802674408406156,3
0.038746933875902188,5
0.014084643175001956,3
0.027847420905921242,3
0.29095642922153231,3
-0.00065186349925155809,3
0.0030536367617523897,3
0.00040937412925922241,3
-0.097552088188287991,5
0.038527722698212058,3
0.021076030879377029,5
0.11833794316284925,3
0.01903018319454533,3
0.042944621470724399,3
-0.025790813672183072,3
0.030627702256308328,3
1.7879623701509602,3
0.2131770329776094,3
0.022082554183564716,3
0.015696710455267208,3
-0.17736727306283256,5
-1.8148445744610189,9
0.065018127574470119,5
0.19225032719091176,3
0.013142190768257846,5
-0.12849916749765383,5
0.060986577343570977,3
-0.032745812871836151,5
-0.01899128413712203,3
0.034498086973857305,3
0.0065488863290606271,5
0.11769247263294198,3
0.02122543383193622,3
0.020434490901665887,3
0.1370783375646023,3
0.016432202315613046,3
0.088337768199785976,3
-0.10797634810670835,5
0.085236867960858415,3
0.045344533867498989,17
0.17026406632996233,3
0.1061669560389415,5
0.018209684123566695,3
0.03756311937472448,5
0.0070396518292643213,3
0.038228788146500242,9
-0.63838718759245261,5
0.17867264192212637,9
0.047685604188259671,17
-0.019713248171979825,3
0.97828073367480428,3
0.062506500933368569,5
0.60928970999438625,3
0.43498252709226648,3
0.0059020192944913936,3
-0.079521703493175236,3
-0.080036249885979988,9
-0.0051187859624850134,9
0.008072758697607119,3
0.053995942634823532,5
-0.0091254373881241128,3
0.050742221159843913,9
0.017503425144062983,3
0.0055666203695036443,5
0.4055182680184935,3
0.010866708448444248,3
0.13630487661394219,3
0.027503757664641724,3
0.023473936999345569,3
0.035851800846239713,3
0.037003561426855062,33
0.020785722377716156,3
0.094487810261478386,3
0.044850008338013489,9
0.033003908409991858,9
0.13639256560468346,3
0.0073274396519978332,3
-0.0058100729015911111,3
0.16535406330907554,3
7.8603379081401299e-05,3
0.022922504596699214,3
0.023198634881164353,3
-0.00092685626389885935,3
0.012089016986302086,3
0.05033292929581145,17
0.06773764444550795,33
0.05034259585986614,9
0.059980095896361836,3
0.055546304390089306,3
-0.015892799271168247,3
0.022222914031214253,3
0.023671792766471272,3
-0.0095516643364528843,33
1.7175486919430407,3
0.025147061371606001,3
0.053467164604575471,3
0.085423868950671972,3
-0.003328752344077725,5
0.012056180760157914,9
0.0022056318946826318,3
-0.0034873451625518866,3
0.17441013702493471,3
0.024584124715472465,3
-0.01020914436783835,3
-0.22593153456452697,5
-0.060834360856987964,5
0.070302064906694342,3
0.016254870180090954,5
0.026282591429523161,3
0.089238321068508639,5
0.32096992907784305,3
0.49942149666265528,3
0.036690390772173252,9
0.053851986517854229,3
0.013500759345268426,3
0.029553580139816613,3
0.079345020340731459,3
0.17322348523568062,3
-0.36141466853699461,5
0.072019945257560669,3
-0.014329820086793794,3
-0.002888088082512555,3
0.028388166732816428,3
0.010419808611796949,5
0.10604544281767533,3
0.050931573667117605,3
-0.0043493892140464493,3
0.05012854406532407,5
0.082786812277616847,5
0.31771875170028491,3
0.18517984935106568,3
0.030134950648668241,5
0.26388261071856067,3
0.049041928239525162,3
0.02529289558308603,3
0.011973345807896472,3
0.031168802408931332,3
0.041755512539513186,3
-0.0065446889640556399,5
0.037631263598621421,3
-0.0044561920932275857,3
0.023452825198313574,3
-0.15775856952359651,9
-0.54537505778912199,5
0.0097193370467796216,3
0.010610606651538346,3
0.020716939586956893,3
0.022846596433151591,5
0.068798789047286452,5
-0.00048064263925402437,5
0.0077464206061146181,3
-0.14310705919600342,5
0.03348259785838445,9
0.31190681287446287,3
0.071071270372521977,3
-0.0016999904051833831,3
-0.019274308473877452,3
-0.0060097443265433011,3
-0.013538465378295625,3
0.022031072346001622,3
-0.040708598764574534,17
-0.0035202638655729888,3
-0.13699980570237941,3
0.34368857514500673,3
0.013523946355750417,3
0.052016188525986058,5
0.0024091964098709056,3
0.092759514650596592,3
-0.47492458527349418,5
-0.060004445840643066,5
0.083067854678958816,17
-0.0058511622655916789,3
-0.0059763038248804527,3
0.02453107211024819,5
-1.665218882858909,5
-0.10164831766058129,5
0.010237724393747958,3
0.018781963420120104,5
-0.088031233863308647,9
-0.01803101616215854,3
0.00016415299130139233,3
9.9505671135926175e-05,5
0.028239466653662178,3
0.23623426171040721,3
-0.047655738981074593,3
0.0020187020774538929,3
0.027909805608054613,3
0.041195136749294557,9
-0.69726498108124069,17
0.14806892926028384,33
0.031533441433021434,17
-0.0086928294888609162,5
0.38698570828897932,3
0.038508273971611218,9
-0.016500516186273038,9
0.46709253050913824,3
-0.045764655371625974,5
0.059753614391956283,3
0.017152640349293716,3
0.26160469158307081,3
0.32653557588126347,3
0.10958709184334413,5
0.069240418711224619,5
-0.097928801462074569,5
-0.00071561462647818557,3
-0.034297654622276685,5
-0.077528769024506186,3
0.15670122505273751,3
0.0049023541917552014,3
0.012147325781039747,3
0.21229101606286899,5
0.036273186575224325,3
0.022192028956461499,3
-0.26471218658071632,5
0.013227364408382132,3
1.0300672166724159,3
0.0015811290143250274,3
0.22373393090130458,9
0.0060371985294415042,5
-0.062224362409359885,5
0.41000232363268796,3
-0.050025562263060819,3
-0.038857680937336742,3
0.0023421699031092838,3
0.030146502344967969,5
0.2407821630930588,3
0.018892595868787557,3
0.016717290448891441,9
0.13891382158119547,17
0.048971576524374297,3
0.047589831070595848,3
-0.025440663104918108,17
0.0020420009769336121,3
-0.71630352726389113,5
0.0064263315024629432,3
-0.0099444967643681423,3
0.037157732183776541,3
0.0040059713987894109,3
0.057268980501581343,3
-0.055837211910616205,9
0.058906110437859309,3
0.082006509289114612,3
-0.0014342806775362977,3
0.0045446492103399282,3
0.7686629589575269,3
-0.1331633941331167,3
-0.004317777715897188,5
0.036564155396181706,3
0.066233757413605071,3
-0.17928404317043653,5
-1.2487037672779502,9
0.0037842064690511916,3
0.038845019076267029,9
-0.13641083480685978,3
0.015470194741982888,5
-0.0061824805637739162,3
0.063078970285512848,3
0.12679400804744512,3
0.17898614387564452,3
-0.9752384123200063,65
0.6160103972468286,3
0.0077308599984859281,3
0.13597298448505116,5
-0.0090733706023100758,3
-0.0011056637396344602,3
0.022129569583068547,5
0.0058047014264038192,5
-0.17817027911763672,5
0.045310580926583958,9
0.1222773142620155,3
-0.45925170046173858,17
0.0133998530802143,3
0.16283513774671349,3
0.029719194446207742,3
0.0015580485559860381,3
-0.10228915135174307,5
0.026512940133119382,3
-0.073555060940055636,5
0.055028875843593977,3
0.035117019879005569,33
0.013337764991965517,3
-0.014929890493421197,3
0.021991256348606381,5
0.37077435566076644,3
-0.046033284428532086,5
0.056912407844625527,17
-0.57211099885450445,9
0.99777845662240316,3
0.018651433560301349,3
0.010501424856345412,5
0.15455155838861739,3
0.0052410201911164151,9
0.052505111476012237,3
0.010381989738936668,3
0.03973956961201898,5
0.015174036539366026,3
0.16234699209497233,9
0.034462901338175006,3
-0.023354489001504084,5
0.012913495488736715,3
2.107275163283485,3
0.027581431801155513,3
0.082971925860129234,3
-0.61158112040059798,5
0.077400028945276741,3
0.014162066459974667,3
0.025819936100714449,3
0.030891095553079687,3
-0.0056315209715400603,3
-0.0019459947921393332,5
-0.062306847407351623,3
-0.026365760388157487,3
0.70628970002114067,3
-0.48966263232991808,33
0.024211172352187796,3
0.043642571089598792,3
0.034848950677656081,5
0.012062340015082816,3
0.0042015227881973746,3
0.064500976802449317,17
0.093004327550727628,5
0.017037615163996635,3
0.0085519198835750636,3
-0.0097040365260161379,5
-0.0033781346567769094,5
-0.0014840469735300857,3
0.001501578471283683,3
0.030737898703044605,9
0.016265861293233635,3
0.0061710201636744916,9
0.087132245107504308,5
0.049309071008747249,3
0.0092238364027590145,3
0.02287276855593863,3
0.0060145749613726698,5
-0.0041671622930962385,3
0.025555158425091814,5
0.019240008709948835,5
0.038932683213734165,5
-0.10057764410528695,3
0.26612264692781978,3
0.19466326757711774,5
0.0062612233752210944,3
0.11421494018278415,3
0.021020768593352415,3
0.045448154079873411,5
1.201678452538621,3
0.073758578785235868,3
-0.020697600957268598,3
-0.1287975265941422,5
0.022164642157665719,3
-0.032193300849132134,5
-0.054348415336449553,17
0.051339115549474977,3
0.06043982604420977,17
0.03040205812057567,9
-0.00028414126920677906,3
0.0072265929611616412,3
0.028772904651596772,3
0.00022242785761700704,3
0.00024211661056839455,3
0.081225706854696447,9
0.52353468199108777,3
0.05388211651997795,3
-0.097283772893527617,5
0.40268612497214473,3
0.013973140973727151,3
0.33629216194847822,3
0.36200999796445099,3
0.024754543584954589,3
0.098260855111341652,9
-0.1277099640589611,3
1.0702964432812117,3
0.24753167327016781,3
0.0051710048069717194,3
-0.0036161354566148266,3
0.091221110703488442,3
0.015614481990197429,3
0.010830720795536826,3
0.056348004201136982,3
0.0089984291012989888,3
0.078146507991069467,5
0.0051731083044947316,5
-0.076283084537036069,5
0.53255747652423024,3
-0.046283866554367496,3
0.089438932423565848,3
0.15004991371572818,3
0.04391346123549373,17
0.02572835173425591,5
0.0036215780279555292,3
0.0094644380975047043,5
0.11478015588755305,3
0.041330731230339472,5
0.87922565218323245,3
-0.0026443096174349964,3
0.00073923741468407431,3
0.019817914480392624,3
0.01632033164761167,3
0.21494803220784936,3
0.039606603579634102,3
-0.0089623897104257472,5
0.0028115082418226954,3
0.0064663110461860235,5
0.076769253312940447,3
0.077338100607290017,3
0.017839502742071727,3
-0.0098144710517625976,5
0.098436682366867201,3
-0.00047376020955053252,3
0.0038493660297317565,3
0.089459355987468014,3
0.010219372709945836,3
-0.0014037864522903629,3
-0.024839890425149603,5
0.01318634646319043,3
0.113358202215501,9
0.014213605348456261,3
0.0042410620180022311,3
-0.4017092718911569,33
0.024149289503577809,3
0.01355647335066037,3
0.0017868932151797678,3
0.039944435987325791,5
0.0050784443440964619,5
0.012755053745580796,3
0.075862483032696063,3
-0.0011759761167113166,3
-0.021866773478115342,5
0.054379893207972846,3
-0.18475905334491283,9
1.1152256783904468,3
0.16523581319397465,3
0.068051224676613606,5
0.029130522849668189,3
0.12673859158684889,17
1.1436506463381795,3
0.2028369183169195,5
0.11746368302872524,17
0.3833570206195302,3
0.079976921685500538,5
0.022123634188554789,3
0.01353708553280129,3
0.4367491049895143,3
0.033165817090216682,5
0.17189551343579154,3
0.23513518946537876,9
0.14319895086233336,5
-0.034789427641928355,5
-0.0017266497446521776,5
0.0068039460638324913,3
0.0023677264406856235,3
0.021593078728850884,9
0.043975435826905655,3
0.015339146347231105,3
0.0014252884517010516,3
0.007978707063144257,3
0.0087892744312735131,3
0.023863877971627256,3
-0.34586077140501381,17
0.015459424224296784,3
0.057681759175096901,3
0.0027588916821244601,3
0.025671724407017548,3
0.012534836721978956,3
0.27976215795877474,3
0.055215874174561072,33
0.091195571857260641,3
0.76527270085832466,3
0.43287723002140105,3
-0.057884911151297527,3
0.007962947325350328,3
-0.038092736701459656,3
0.0026612849640889318,5
0.65338411040227817,3
-0.51135514084652411,17
0.0183543920737268,3
0.79786658378614783,3
0.028431890308379844,5
0.018825457120664944,3
0.0092995253148808951,3
0.00063763860327931479,3
-0.014458012778699748,5
-0.14047363971078825,3
-0.011704272550943839,5
0.065255004657715873,3
-0.0097694311652524769,5
0.31178768860752148,3
1.531311249636226,3
0.041172645260062812,5
0.011247677577306634,3
-0.054756953082967776,5
0.051383943780777298,5
0.037435609620373615,5
0.11955494704225959,3
-0.13122243313037119,5
0.034566987546121315,3
1.4119398412348088,3
0.0066176387880800824,3
0.0045298506349620736,3
0.035442888820755969,5
0.56000941938102644,3
0.047785777909130335,5
-0.077179002330909574,3
0.019180462107659564,3
0.87444599567040882,3
0.046090801200202612,5
0.037744089901434519,3
0.13630150786687786,5
0.1435151586435372,5
0.020295230042498072,3
0.50642424802374408,3
0.020978268471417944,3
4.0644556474748192,3
0.064119610353609802,3
0.0071562823697886172,3
0.023392770006177954,3
0.016754292267505279,3
0.12055611972181295,5
0.061896893631974315,5
-0.0030416147520185666,3
-0.01480016725507674,3
0.019373677206905145,3
0.053391218371964436,5
0.13397196670181932,3
0.041894505048579382,33
0.12061711489479339,17
-0.011366629097230277,3
0.12786720648061176,3
0.021844403120451411,5
0.00031693938372523813,5
0.10027450846918158,33
0.049745088671727382,3
0.022886439011583791,3
0.075682621848312023,17
-0.011592209699602046,5
0.015404215345299854,3
0.00068821284655523607,3
0.019109764505882379,3
0.053604832840777855,3
-0.0026781410846385329,3
0.010236667364683752,3
0.066373090186684178,3
0.012593250886011931,5
0.43208473676360659,3
0.021624952754817239,3
0.73154208944965515,3
-0.00078897055929526814,9
0.0025809676095914277,3
0.55052073073247021,3
-0.13213338941159969,3
0.029422291787563424,3
-0.31040470100797041,17
0.001699693319232688,3
0.0013601721511802636,3
0.035293111135418616,65
0.020088165932131946,3
0.034083759124319275,5
0.10770645015339483,3
-0.012855489770081975,9
0.0062694815794396095,3
0.021812631443111911,33
0.0093819342063182591,3
0.015979627147515767,3
1.0067666279436225,3
-0.0099990460375295291,3
0.0036698502630570402,5
-0.45298762914397139,5
0.00058729413502529892,3
0.019877414779747762,5
-0.10666473098663053,3
-0.43467260279503028,9
0.028453029550128559,5
0.39002806024579451,17
0.065733300456186861,3
0.8885463696449909,3
0.024487833235522977,3
0.027806946144189652,3
1.2460966240138909,3
0.029473848194718596,9
0.011269594783561472,3
0.31760545202257801,3
-0.0015335031794998549,5
-0.045943243369395002,5
0.0043212748878049476,3
0.12746853577799794,17
0.0027097246375277087,3
0.12068631387212859,9
0.037893447155802881,3
0.0073437533163511134,3
0.01762266243575681,9
-1.1337960014307091,5
-1.3335014834919914,33
-0.07777451774024248,5
-0.085412027464537424,33
0.026786616859031116,3
0.045118905739401118,3
0.013176360532771113,3
0.012303294513197885,3
-0.0022061081563120462,3
0.10413813963742946,5
0.015487097540810509,3
0.024092744692960341,3
0.0041230839361708444,3
0.036918670172960993,5
-0.059743642510370419,3
0.017278928452089566,3
0.49410048471545248,3
0.22728865137672444,3
0.032110122455350804,9
-0.0039030680756996453,3
0.0079869469540251453,5
0.041814692335475086,3
0.05388393122104445,3
0.012967847224565595,17
0.022369933629292009,3
-0.017492757997221772,3
-0.0059608527180252235,3
-0.022644269187651205,3
0.019676270510102904,3
0.051846318158453468,5
0.082513983661805207,3
0.29316857766119364,9
0.034994507487733098,3
-0.098839083585025037,5
0.059320923405494073,3
0.12207374354803525,5
0.04734517280947919,9
0.087452420608580467,5
0.059499744058646088,3
0.0042074761632309001,3
0.63401107597652684,3
0.26673798798209419,3
0.056500594771022344,3
0.20917507972395244,5
0.079327640691674098,5
0.041205098481569606,3
0.049101772895066946,3
-0.11888113864249514,3
-0.0023315023955203717,3
0.031721375339119035,3
0.00064724550751752168,3
0.053982822501539074,9
-0.012544386855534119,5
0.11013175421676089,3
0.23390428299563959,3
-0.38400103956975234,33
-0.57578777739601272,5
-0.011277618814016257,3
0.015349926277295233,3
0.01538582290374118,5
0.0055619057119670511,3
-0.12393418206856427,3
-0.013028305954882326,5
-0.05136019168149332,17
0.039687736865099327,5
-0.28546161662874697,5
0.054667031962558808,3
0.2014784901638636,3
0.029553447602205137,5
0.046029087017372093,5
0.021136177260990579,3
-0.026340815960610432,3
0.068349668865372651,3
0.50792440007088424,3
0.38911012831670894,3
-0.095289382320421306,3
0.060316666828940615,5
0.038605065107982221,3
0.030147131588028449,3
0.010506443051957793,3
0.0064883631892589813,3
-0.0028235397711718234,3
0.039888525941099061,3
0.040953186105340281,3
0.038913847598723093,3
0.16566561936674076,3
0.032634678396420563,3
-0.007598474714671735,3
0.32675827657462814,3
0.048380908790093283,3
0.062927886640707753,3
0.052361997023290745,3
-2.754426657666313,17
-0.030031200710881514,5
0.0053405083479057397,3
0.039356213408150383,3
-0.010068005341927993,3
0.11815077455612866,3
-0.51224016048621701,17
-0.13686229345064671,5
0.46003246325568858,3
0.065066848660446486,17
0.04619318860031766,9
-0.03160263745166652,5
0.49009914870459104,3
-0.00060030356904328282,3
0.015011948360750623,3
0.0054339382271590582,5
0.12905000124098279,3
-0.035526374137351741,3
-0.12740185223068451,9
-1.5555285563128165,5
0.05062918412862398,3
-0.079617470137674395,3
-0.00029806806051502286,3
-0.0040658731732263059,5
0.12392061720129639,9
0.046369757666330516,3
0.047133450317047333,5
-0.60299826068023288,5
-0.39241037718566663,9
-0.010804534533671264,3
0.0043952107386282411,5
0.025380101643263087,3
0.06100651741027735,3
0.016176977279814798,3
-0.10191130554354216,3
0.062162722601740765,9
0.019299857346529611,5
-0.022719220300027088,5
-0.0010729007206766346,3
0.031442289822419228,3
0.037482711654114986,5
-0.0014807347654374155,3
0.024698432462775956,3
0.0035898198856908221,5
0.0086299401883358478,3
-0.092841394817557668,3
0.11959024444491684,3
0.0043982232789050212,3
0.00081054231805929573,5
0.057328780375795051,3
0.02893834932539804,9
0.79449652566396534,3
0.021864122030400116,5
0.012242098284039318,3
-0.0018547029930857015,3
0.038496540202341376,3
0.021747120794016622,5
1.3588837780897196,3
0.27868490058996598,3
0.036715732041006394,3
0.0091247795575896858,33
0.21922107788640138,3
0.11345311097641737,3
0.086368656642537928,3
0.0049583939380351541,5
0.0037328539079149723,3
0.035443064089125044,9
0.087885381424022288,3
-0.11800627710180425,5
-0.023150650106228923,3
0.062956392312455298,17
0.045922919622009888,3
0.017836903246818098,3
-0.0059305975790650686,3
-0.19792638556590539,17
-0.02037487704608126,3
0.16412591770919743,3
0.039140399133763486,3
0.014879877438568568,3
0.015861041223875768,3
0.2608404363954942,3
0.21625846272410307,3
-0.11870438896066493,5
0.11593302295816871,3
-0.00013433744262489079,5
0.0078831677083924506,3
0.65841817341818543,3
-0.001700415559437201,3
-0.001975651658068245,3
0.038013461753466475,3
-0.037569135755641941,17
2.1271749017048749,3
0.014187165600419072,5
0.088051010725772219,3
0.0056863427077195432,3
-0.00050568210127666276,3
0.032122435384503968,3
0.8604615567205135,3
0.068326724786882218,5
0.014178960403721205,5
0.081043390381532743,3
-0.011084127162083332,3
0.050347729997384835,3
0.00074096033586774142,5
0.0011460120771708325,3
0.093775004271485815,33
0.14032860442943956,3
-0.014156176525757992,9
0.12561585387963453,3
0.12369664256030918,5
0.029142569182778046,3
0.38861712044325963,3
0.15629806391969847,33
0.0081183692981660806,5
0.093346937744151898,3
-0.12004680891187759,9
-0.50324804755451014,17
0.081944825986389289,5
-1.61897784665304,17
0.014856458581415641,3
0.17438748020311909,3
0.01479389783124458,3
0.077714337615427037,9
0.3326215329429697,257
0.059225973945659156,3
0.0061352844167093376,3
0.17098061777979734,5
0.0090407420867081693,3
0.0076987268975978202,3
0.015103728124607639,5
0.0097863225056201587,3
0.0065132784154112392,3
-0.008367416748340354,3
-0.038162556624089891,17
0.032783282601822276,5
0.048342893805411964,3
0.03065014878131669,3
0.014264786491130103,3
0.03699741510420216,9
0.011664153472512963,3
0.027453746300596611,5
0.037153479049253015,3
0.023420256902217381,5
0.66117816514576944,3
0.078790398723510124,3
0.0071654409888955457,3
0.011317924582506566,3
0.45717484554571924,3
0.044054679807445735,5
0.045034577980467755,3
0.019819515340331634,3
-0.00026361433899150182,3
-0.00081266770792320833,3
-0.07263784885879257,9
0.013426138396283186,3
0.076493015009780965,3
0.091429298522726646,3
-5.2267978066319002e-05,3
-0.084386714562087267,3
0.01234603823458354,3
0.0003291195284240466,3
0.0056748910697692299,3
1.6345059559545647,3
0.01752832021804232,5
0.041387299656974873,3
0.37050057716369733,3
-0.24619792952454828,5
0.13373126005040889,5
0.0015074156420527595,3
-0.00018271492179412405,3
-0.021356908436327014,3
0.0028121472859683428,3
-0.00088805490982142501,3
0.014286510222723996,3
0.055494145036783238,3
0.0089176343550024673,3
0.019968984261619183,5
0.050175936116105692,33
0.0066333015900592865,3
2.6332011413114826,3
0.0023534425801403653,3
1.0248920477195729,3
-0.011312317326597269,3
1.3516567983148442,3
-0.004749504608439474,9
0.06462517768581634,3
0.57209265188209191,3
0.62172519747432375,3
0.087987568334357044,17
0.036378723009782669,5
0.0043724337657654521,9
-0.071618630364012725,5
0.015847732455334631,5
-0.085313507066838559,5
0.43481452826666261,3
0.084691558991639049,5
-0.012029357135836126,5
0.05856434928353707,3
0.004430846793139028,9
0.01732388238168385,5
-0.039307219113584209,3
0.0028174733252261564,3
1.9649584339200707,3
-0.0054757190986454577,3
-0.0028901802202383688,9
0.022115658777109803,3
-0.0011962771142696462,3
0.040462897270299454,3
0.034783124819336375,3
-0.010708741344544659,3
0.30985031330122459,3
0.10468833805740078,5
-0.00086623230075792885,3
-0.013279054591388199,9
-0.13477077769342119,5
-0.012660882445509567,3
0.016138172982655866,9
0.13679791618492285,3
-0.39787101115537815,17
0.0017664639293136402,3
-0.0030544261961082809,3
2.0133861609431603,3
0.091554075949840982,9
-0.0038448451421308778,3
0.022592940223393053,9
0.077277814857837593,3
0.012183176612719364,5
-0.0026733292367644682,9
0.041808430047236611,3
0.83623392361285154,3
-0.0037066098226643846,3
0.090035910830429569,3
-0.041009501960860645,5
0.057124724830423246,9
0.73924604328566057,3
0.020660948348195648,3
0.00040534851669691701,3
0.10411209284433358,3
0.01869023681832482,3
-0.21794111939215699,9
0.56798569422243705,3
0.40723155186019827,3
0.11209248550564928,3
0.04011916573004419,5
0.27563037557996889,3
-1.4237670227786279,9
0.047503887392909512,33
0.0091225999612487025,5
0.065125338703948002,3
-0.10206731996722224,9
0.072109139829049776,5
0.043503126065883239,3
0.0032279413785921418,3
0.00077403350949867408,3
0.068722013836820459,3
0.061136236414755178,5
0.08004121667884681,3
0.023641600206794455,3
0.011445276383228863,3
0.013089771165643782,5
0.03405943118849946,3
0.012077840027969789,5
0.0099138692680140004,3
0.024048218857012246,3
0.0047345012766686267,3
0.079897542126452753,3
0.063080119306598653,5
-0.098932136667915144,5
0.44247910121898004,3
0.023019580995838337,3
-0.28857160521945763,5
-0.017918765238235494,5
0.058319612751826795,3
-0.0078611291056215424,3
0.020071526100209763,3
1.2942052291578292,3
0.053321845825739685,3
0.030124687267008718,5
0.14687894050635142,3
-0.39869877326320885,5
0.061245922775769832,5
0.0017864518305105762,3
0.0030411587628156591,3
0.23475984038193479,3
1.6684609551313858e-05,3
0.051070910188305438,5
0.019977835140033168,3
0.012257547161920134,3
0.04246849290169373,3
0.001073567565185996,17
0.037728341883284479,3
0.031688822402389662,9
-0.0069181239875153065,5
-0.32106404259355681,17
2.5079418892863096e-05,3
0.022171697668698982,3
-0.026353803515542035,3
0.04600457809733946,5
-0.61943710277187181,5
0.0012177567547153225,3
-0.09813988859025384,3
0.040422057331949736,3
0.018786281028128675,5
0.062486855375095997,3
0.09613121141229572,5
-0.016111475888396922,3
-0.040067368601703089,5
0.046991984295276894,3
-0.060804791684961078,9
0.021294639032661683,9
0.12142981636379845,9
0.010783557865964816,3
-0.014387670821945191,3
0.051869619705694023,3
-0.0017810370582178013,3
0.0054693919202326849,3
0.012458151196772422,3
0.055474411387238159,5
0.12134122801537732,5
-0.021204640024602105,5
0.0035382464344643331,3
0.063032103710688084,3
-0.027877679405149899,3
0.049933924142438392,3
0.095556864605723088,3
-0.04711449866492641,5
0.048953355462492097,3
0.066459722143096103,3
0.0034133243008790818,3
0.0021710266362031283,3
0.0033678757350458122,3
0.014207888079861009,3
0.11509203724207472,3
0.015756739195684332,3
0.51652134448485465,3
0.0060496311332441976,9
-0.7133394885960499,5
0.57127468240585133,3
-0.0099432729173261382,3
0.31143411441019347,3
-0.0079969944443409584,3
0.013014380563756327,3
0.15796675522106643,9
-0.0029662470106861776,5
0.04087044327793958,3
0.018993445561384902,3
0.67894970763356044,3
-0.0079368608578181503,3
0.024185321528738452,17
0.011886814895517789,3
0.047362473043118115,3
0.010959248036792763,5
0.051205886915977765,5
0.0031279210989921657,3
0.088021624111700489,9
0.34935369160107699,33
0.0032275058541862958,3
0.12058155314897304,9
1.1776778664719127,3
0.12662801145525146,3
0.017756553099078753,9
0.78255608323516512,3
0.016323120410653071,9
-0.046960432591878966,3
0.024443698288149591,17
0.075093629672254344,3
0.13092310395151996,3
0.08352769054956885,5
-0.0058215338044433126,3
0.35341525398298029,3
0.083548984654993053,5
-0.041116304052550304,5
0.34436573503676737,3
0.50428407903971817,3
0.015329713308770046,3
0.11082819680980104,5
0.0095711235026206647,3
0.8723791686941107,3
0.0091595091637748632,3
0.048531549846178669,17
0.038934339795688264,3
0.0070334750373993787,5
0.0024184056451089652,3
0.036166296781507443,3
0.0024835370908454103,3
0.19579268945425257,3
0.22749127247398632,3
0.0056929943348712504,5
0.022219113558885787,3
-0.0025885531114823246,3
0.018183500944154146,3
-0.16500417953747154,5
0.063155921958596553,3
0.088048282921319165,3
0.024759152561665762,5
-0.13228814715279513,3
0.090570122360487657,65
0.18199711574419244,33
0.041206078583238714,9
0.073717748605078154,3
0.071514582141530531,3
0.034704117178839526,3
0.0024448598799303397,3
0.077102760719344451,3
0.041490178460164909,3
0.0053781558867946905,3
-0.0144483774415374,9
0.04904046906530761,3
0.03621126498575887,3
-0.010269619979510014,3
0.011012396819441965,3
0.024081359728991326,5
0.050596902517077838,5
0.011132314402806969,3
0.014799067961197484,5
0.061610082882853259,3
0.010079889085263864,3
0.01023241363154276,3
0.51651198859231595,3
0.076752766558788543,5
0.010596843697825395,5
0.49563964598188592,3
0.029724076632909671,3
0.0021326841123313085,3
0.25866774284468869,3
0.039543277832772061,3
0.028403309787732211,3
0.04712063001886023,3
0.000680225787923178,3
-0.071305468410410661,9
0.031437403046627954,9
-0.073824279362845233,5
0.0093795059609398605,3
0.044423397378539023,3
0.00062326314220514782,3
0.017355094665186522,5
0.044334252805089271,3
-0.066139850636074388,3
0.031818303549786743,5
-0.044429179955584042,5
0.032228667343145223,3
-0.14936048165658322,3
0.055567379919702134,5
0.36518957537476648,3
-0.43475724522881626,5
0.029805667337575833,5
0.044586144394019159,3
0.013297354498280274,3
0.0096546613383912839,3
0.026021890962013284,3
-0.44726621090030755,5
0.07230150583187317,3
0.023937525163071988,3
0.39292818428676235,3
0.89376262275593021,3
0.0067833799856373209,3
0.012916945545147305,5
-0.091543004216847565,3
-0.013628137928435882,5
0.061895289387147029,5
0.82202402887238035,3
-0.048696495808760155,5
0.094280914803466551,5
0.027140621987165454,3
0.0057312030985656711,3
0.040257700338428605,9
0.056672975758798379,3
0.015074027967246547,3
0.088422705455484779,5
0.0026975699977402944,3
0.025658503601259177,3
0.39151449188779613,3
0.29607427577187057,3
-0.93537578712950198,9
0.059818818798395582,5
0.16378050337628533,5
0.64226721436266043,3
0.020692629774721864,3
0.0035862276941323475,3
-0.068460695715144931,33
0.24653445761081927,3
-0.0085808479210737025,3
-0.003273053086193565,5
0.0076619819139111733,3
0.051715820530513969,5
-0.060321552296777235,3
0.030037123581442352,3
0.029174195552671377,5
0.019808616229916996,3
0.064707101624463845,3
0.077796809254082291,5
0.031184067533210222,17
0.085848153375601699,9
0.056786411886040715,5
0.0018038421460269992,3
-0.035534568020385127,5
0.053464523506210074,3
0.00094471473914202984,3
0.011029482556374497,5
0.017739891705215796,3
0.015814105184137128,3
-0.0040500444442740586,17
0.050067590064547286,3
0.1491096703545467,3
0.035250059592008116,9
-0.040638423628886151,9
0.046515232470973972,3
0.01375325043138111,3
0.42335455987717446,3
0.028711222612945408,3
0.024577997932633433,129
-0.044388916257108342,3
0.13859551981206147,5
0.36775855499599819,3
0.09365968168197894,17
0.11700103180032423,3
-0.032924242041899733,5
-0.00058215613565626,3
-0.20865516233140879,17
0.0057402735201667887,3
-0.094932947511533569,3
0.057878459099294649,5
0.023367883580851609,5
0.041886158430937848,9
0.016919294381363012,3
-0.030606943097499843,33
0.23316413279989462,3
-0.1436097082683106,17
0.00075197639030651238,3
0.01507009908960787,9
-0.0038401013478852782,3
-0.011817175964570041,3
0.32847141812497477,17
-0.013011082759005083,5
0.054010582669530363,5
0.066840133464884113,3
0.002698488818913802,3
0.076779036634193568,3
-0.0094159780152292764,3
0.0079528363899458113,3
-0.0026203391404214234,5
-0.061961263787597268,5
0.064169341994529783,5
0.029723434277536952,3
0.011941719579098358,3
0.53874562414963112,3
-0.0026818253052769189,3
0.029961448747063517,3
0.016049208215434933,3
1.5328082292009342,3
-0.057352855283882662,3
0.0077375164989115629,3
0.77402780993505826,3
0.038593130310698144,3
0.055054659039670141,3
0.11500986383909435,3
0.060332261773172573,17
0.012324704781618867,3
0.0097427694379779561,3
0.093085075001421588,9
0.0027893269576252325,3
0.10250067689750966,3
1.9480097742908199e-05,3
0.12256968462349431,3
0.031897122087017872,3
0.067072455309902218,5
0.063804915273823773,3
0.11978117370859002,5
0.018138336729588561,5
-0.045831037726960691,5
0.058832477640346784,5
-0.0065363677456514065,3
-0.011172895489723974,3
-0.033854446164391337,3
-0.083581239446561081,3
0.025868413833903668,5
0.0030781160235276079,3
0.15796704854773264,9
0.00066703636844168003,3
0.0043262802731455696,3
0.39056729407860791,3
0.09745324481292314,3
0.026507773509516233,3
-0.012121732111914781,3
0.011519250157074565,3
0.088182516917266765,3
-0.25360453940407962,33
0.024772632511925661,3
-0.059032686055808151,3
-0.15516674662155042,5
0.054506816756913538,3
0.030078450968524264,5
0.068617905317339967,3
0.34344677624882847,3
0.053568766056386483,3
0.11343576942575975,5
0.16407047419233892,9
0.016844405826105115,3
0.025041688294151501,3
0.34525201894376828,3
0.010019031716478154,3
-0.0099558159965177379,9
-0.00015771573291714245,3
0.36665346844943086,3
-0.22946627613517001,5
-0.064095796461671309,3
0.001621687180268614,5
0.08213869070473552,5
0.018918161510393224,3
-0.0078637773947660347,5
0.023039539875938111,3
0.0049411615074347074,3
-0.148362465780047,5
-0.36893230452296982,17
0.023473246810580238,9
0.0089972151984501949,3
0.012239676983108396,3
-0.36893719773082762,9
0.21421271791013535,9
-0.0034586006862973345,5
0.024435973178261836,5
0.8928932429921963,3
0.10009128376652081,3
0.020159224320648112,5
0.0080718463634849753,3
0.30836375843798114,3
0.0014967047242110778,3
0.044404287170661659,9
0.010592754708499389,3
0.00062179974106406702,3
0.012813204733982331,3
0.064922119922477164,3
0.0047584279166571044,3
-0.11703706400921804,9
-0.001515666525695713,3
0.0020668165859239261,3
0.070160523291145235,5
-0.0014777690379990987,3
0.013194384219492468,3
-0.013553090187622496,9
0.0015770540896053265,3
0.0090711433231405753,3
-0.098160341631998119,5
0.032406504859684562,5
0.21525217461829826,17
0.021566236480028936,3
-0.036040493680119676,3
-0.013064251610603317,3
-0.30619821505712219,5
-0.071148036151956737,5
0.0089029027343331107,3
0.15711650031832305,3
-0.0048903026185083348,5
-0.24812682928869348,33
-0.0003289314633441845,3
0.03748597593279334,17
0.13383757430128596,3
0.0090882278729089525,5
-0.052805680337499793,5
0.045912664848684857,3
0.022571751890510573,3
0.021189899392609075,17
0.034653271689173787,5
0.0073274264717657937,3
-0.04948117186787853,5
0.011211441953869868,3
-0.00088399660935617041,3
-0.0020980389592868309,3
0.03333745751905047,5
0.03414669427007478,9
-0.0040099743360849085,3
-0.00061987095789557277,3
2.0165391254788689,3
-0.026424150063333093,5
-0.00043901258867787675,3
1.0028841697885356,3
0.27584635599852092,3
0.17391134998871022,5
-0.53227549453468903,33
0.106678653893166,5
1.1477091787294667,3
0.43213177609006115,3
-0.0070793967587069774,5
0.045901418420288838,3
0.016366030143033627,3
-0.0015148375218133456,3
0.00020631547138612888,3
0.021943013201556262,3
0.0075055582067884508,3
0.023966598067129828,3
0.0059532563569641714,3
-0.072834374994914866,5
0.064002550771539587,3
0.01827777507810863,3
0.015265598025517208,3
-0.034805310361728618,3
0.020731663231844537,9
7.7974080797112635e-05,3
0.11675507553991751,3
0.016587586249475775,3
0.0024113242201229601,3
0.0021415402953900075,3
0.62728322813084003,3
0.010904855345804761,5
0.0024742576967212546,3
0.021852426640043852,3
0.042810915626752676,3
-0.005389616549359693,3
-0.0037456323775877827,3
-0.0044883388169935029,3
0.088595168182472206,3
0.025751996922895194,5
0.29280711598984693,3
0.071214360654922731,3
-0.00014730533256488744,3
0.0056581888925360197,3
-0.025874643810895784,9
-0.022698436145820823,3
0.049123909351450619,5
0.013005389781200144,3
0.91205486699788085,3
0.12774473540327874,5
-0.01380080628749716,5
0.019189168551104127,3
0.027136603886252369,3
0.0041016659185626504,3
0.030990091138993606,5
-0.55632099574269256,5
0.00091084680391537794,5
0.010923979376212997,3
0.0093908801063830299,3
-0.042676567714599135,5
0.47586158569405979,3
0.023504544080364176,3
0.7501781681995664,3
0.16629008028312162,3
0.25859816513337569,3
0.0273197669553801,5
0.56393656449291263,3
0.298099778379041,17
0.07393164429190692,9
0.053369061289778481,3
0.0289214391039644,3
0.019624346358621966,9
0.046403172398450071,3
0.15951358835180274,3
-0.079493836854348271,3
0.015844558633446523,5
0.026880805658427983,3
0.066263930888609004,3
0.10401633904507879,3
0.0088077924635453896,3
0.013078611935067845,5
0.091309215260198889,3
0.069987003545539994,5
0.044981322503101127,3
0.11698235028831452,3
0.0082288036108421701,3
-0.00028069119892150661,3
0.063472328170801881,3
0.070052454655755658,33
0.047872467701023463,3
-0.068427103586478355,3
-0.070158399728910401,5
0.072329382826819236,3
0.0044852433732933778,3
0.025875709379710832,5
-0.0022422215903851093,5
0.42716666709860862,3
0.05319859613173579,5
0.65233305960825594,3
0.022048087327206305,5
0.026269041337372696,3
0.0026329962925768996,3
-0.00046917464975949717,3
0.0089370225865955007,5
-0.090633695469116968,5
0.040516145081942526,3
0.035457260712053594,5
0.0038025522398578483,3
0.022394296402921107,9
0.44451973090906555,3
0.067460861964151006,3
0.0048105589871025017,3
-0.36378884956347918,5
0.021582898938499455,3
0.028008856716244392,3
0.014497115547025744,3
0.0048770539113184965,3
0.16876015789275808,3
0.049083187175819179,5
-0.020953039205199083,3
0.0049272722089875485,3
0.035930912758581034,3
1.181516049862386,3
-0.0069626100391603019,3
-0.012353509022204185,5
0.42477193097085364,65
-0.012324654709396041,3
-0.019172944236361875,3
0.030355119876950977,5
-0.072932844669954575,5
0.028900228576303241,3
0.007954512646948117,3
0.00024360450028984988,3
-0.0014941019190184406,3
-0.063615095763641216,3
0.024272148226933743,3
-0.020295565773234072,5
0.0027038207410984626,3
0.068212154545656017,3
0.058643497128265908,3
-0.04393412017972579,5
0.084521753965936558,3
-0.012583640971467523,3
0.053491550396113842,3
0.030154128695807161,9
0.039293311896146911,3
1.1328496242917891,3
0.013379621409394091,3
0.050040237581478964,5
0.085620645371873874,3
-0.0047550587917698766,3
0.022936648073365842,3
0.021695402986551152,3
0.14694516573337019,5
0.056939076913189522,3
0.12214399480852518,3
0.16511084676989521,3
0.013889718564740175,3
0.16744283929090673,3
0.28331415467962778,3
0.058534719089461479,3
0.049199084555050523,3
0.051437371240858197,9
1.6611100094494735,3
0.027815882663112496,3
0.0099037917231898608,5
0.099085852199744182,17
0.048714543917115855,3
0.00084299213246517824,5
0.010518923902106379,3
0.049426849284844157,3
2.8380588911602342,3
0.37785260710301727,3
0.023388141091882603,3
0.08135193875795324,3
-4.5520241302284641e-06,3
0.021295342860856863,3
0.010555194810430761,5
-0.1790204526814145,5
0.01279709441445581,5
-0.059533650871036396,5
0.0015695679391882769,3
0.035398234327299202,3
0.24711909003113344,5
0.019712492733508225,5
-0.043068293806400072,5
0.3548952331037038,3
-5.7260861006160876e-05,3
0.00060670284691031638,3
0.0058804382149726169,3
0.0082835898095179397,3
0.0077457445683384515,3
0.033252086571798269,5
-0.077251035926430622,5
0.038924455119037478,3
0.0026727855563310177,3
0.053183417442162879,3
0.064327367143419134,5
-0.18914893172370101,9
-0.0095477246215489794,5
-0.013452234845502816,3
0.16569089303404272,65
0.010659625900907223,3
0.033754539103515134,33
0.0091576740311171568,5
0.032125307168962988,3
-0.0060683781705827902,3
0.029538411672199179,5
-0.089287864572716716,5
-0.050210170113410252,5
0.024934481092697164,3
0.069941097769326485,3
-0.001883578992149773,3
0.08701969096824741,5
0.42930396455649089,3
-0.26882754808112347,5
0.02261166769288098,9
0.015038997213927026,5
-0.045342826191670335,5
0.55990873165087784,3
0.16587112628767148,5
-0.13072571970325558,17
-0.013992842517500242,3
0.089147196620757985,3
0.017768784849990726,5
-0.00027648590397928485,3
0.038845109868013691,9
0.049810742496449414,3
0.034308228534678985,3
0.0057223582925972011,3
0.036064417920711758,9
1.1049876493544544,3
-1.0995716642251103,65
0.047816610386567454,3
-0.012093608939946867,3
0.032841939901953533,9
0.0075992319053820364,3
-0.035290504077218315,3
0.056612440128029025,9
0.032636336815745765,5
0.016634492321750544,3
0.15601054147532536,3
-0.0030385792008820944,5
0.089903138773453573,3
0.51418169010831416,3
0.0016780984853026952,3
0.023470138984563682,3
0.0057854147912115485,5
-0.12346859492072051,5
-0.0099914200335718684,3
0.16966270017651885,3
-0.010314675581203379,3
0.0039036842275909267,5
0.32230125095264822,3
-0.10149678197885938,3
0.018257392982931591,3
0.0028887770972776646,3
-0.072462479377793515,17
0.45801786918868242,3
-0.058111456782058882,9
0.040975727750350785,3
0.00021808250978452739,3
-0.013640147977320419,5
-0.00040736574164130281,3
0.00673660723552757,3
0.054857943645287718,3
0.0042298708202174193,3
0.028786953484766918,5
0.34908225571644019,3
0.12622189348497756,3
0.40577838340614036,3
-1.7998904091988681,9
0.046559663324777095,9
-0.088960050175826977,5
0.026038814153510007,5
0.0059932494637426337,3
0.093347596646543587,3
0.025201777455041277,5
0.020178263379498022,3
0.11040965082720351,5
0.07741398509600339,3
-0.006043339446534954,3
0.086810371761800259,3
-0.024755163696223041,5
0.039355782458482196,3
0.0010657274100272084,3
0.0085828253013243479,3
0.082298604140456671,3
-0.52984072221384626,17
1.3441761080412606,3
0.0064368963019596909,5
-0.018376159921033156,5
-0.090059045246467767,5
0.077389246980534968,3
0.028303394728049616,5
0.42416511237572901,3
0.02562862116587367,3
0.016595614567819911,3
-0.008148882900510206,3
-0.0027939464686510432,5
0.0012897795212567615,3
0.41973813555207118,3
0.022405942061961042,3
0.018448075733808394,5
0.013544292691202253,3
0.047158288479945118,3
0.32036891687653091,3
0.024805850176505859,3
0.002124468576379262,3
0.00090709154296757938,3
0.11312394119804028,3
0.00012666398164420381,3
0.017911518478268225,3
0.30020950459671497,9
0.2755373944156006,3
0.035113327675808194,3
0.00062141892415743536,3
-0.45338961319690585,9
0.0010319012137603818,3
0.012036923685892651,3
0.015738694381490764,3
0.019854770086538159,9
0.041377275356790595,3
0.18689945553921247,5
0.086802029812706252,3
-0.22298573194814941,5
-0.036999280749197477,3
-0.0025106881390939426,3
-0.068521173005704122,9
-0.40942466088882273,5
0.016599231653785039,3
-0.10938628602296208,5
0.26724840355724477,3
-0.0086195124901035994,5
0.076190014586305671,9
0.11482430976559663,5
0.013090253034587933,3
0.017607530162529757,3
0.044278732469439988,3
0.0043455846300675689,3
0.011445023964252352,3
0.072186868925719377,9
0.066966185756445112,5
0.075009222314001464,5
0.041359297037741764,3
0.1910389192003924,3
-0.28498349524589156,9
0.039258822507483741,3
0.015570457399150455,5
-0.027519514853345986,3
0.59596087952615662,3
0.027457566365236493,17
0.00053051859459807206,3
0.0083905672839952646,3
-0.014483325818634174,5
0.0044900465100791214,3
1.1114677007649649,3
0.39231859627889426,3
0.090877285492571416,3
0.0042181592313330404,3
-8.3209717102430966e-05,3
1.0564818298672942,3
0.26704230672367002,9
-0.0055075826618451,3
0.018278995166759158,3
-0.0021545242185295626,17
0.016511645446046639,3
0.054069852874027838,5
0.0054221279061036345,3
6.1111873703842583e-05,3
0.285811039341347,3
0.024586686638685063,3
0.0053726235741835592,3
0.038137600722151943,3
0.032902944978209239,5
0.019607506027156781,3
0.074033053566363416,3
0.098046066001951399,3
-0.36027862018864248,17
0.13950444691353867,5
0.10068415974729325,3
0.0062701669209332504,3
0.01270977165015493,3
0.88411836690153278,3
0.0039792647989440764,3
0.0023936599645175759,3
0.049744767638696702,3
-0.22789587337035652,5
0.53551534364894782,3
0.0017105035924897011,5
-0.060123433093984394,3
0.0066888203975962908,3
0.0182925088045722,5
0.40501329752645798,3
0.043733432558748668,3
0.16962843017160503,3
0.30099160712928247,3
0.040927436771906044,17
0.56203520791054762,3
0.17747572670778705,9
-0.15466898824141756,5
0.049847895106535402,3
0.018930846963938361,3
0.0028506515169541146,5
0.019233412439444469,3
0.40753538684135948,3
0.024701477423684649,3
0.011422773103582272,9
0.051486805658317945,9
0.39030890245129762,3
0.29161826925679923,3
0.053413875286020811,3
0.0077392479478513351,5
0.048037783900416277,3
0.77957100455999639,3
0.073794994915700449,9
0.66855963939347274,3
0.081669168666185718,5
0.0039840320452958133,3
0.060076264503331638,5
0.052588652457592373,3
0.19155206112689355,129
0.034272790452891257,3
0.013961470045202679,3
0.039172108206918917,3
0.058019743232847316,3
0.071226547763385273,5
0.020237988925112499,3
0.071872678053413477,3
-0.083820483435538107,5
0.051039544874901886,3
-0.00027858069050610656,3
0.0039383548778313794,5
0.00029555996851525436,5
-0.15068759959890154,5
0.028198609474420364,5
-0.24505507138246521,9
0.055786612291020395,17
0.043700162633310974,3
0.02459906628453614,3
0.02535707620109022,3
0.030537216353926595,3
0.047028922574812539,3
0.00034467362757413988,3
-0.0080189809943493201,3
0.0082709733354830468,3
0.080178459144252215,5
-0.0048722722030883651,3
0.053041630168167889,3
0.020409644556790264,9
0.072530609539322458,5
-0.0048022619563585656,3
-0.08245254917192224,17
0.03179243113360733,3
0.011503563764860527,3
-0.015745925753028259,3
0.008269654248873692,3
0.0160631022618739,3
0.036764356890693781,3
0.028774543409460583,3
0.00019895254552510178,3
0.018952097737453159,3
0.27612640521288162,3
0.082959929672456093,3
0.010601321046981362,5
0.012167884420289403,3
-0.05523971396759992,3
-0.24754592297878805,17
-0.079254818064051338,5
7.7829086234992118e-05,3
0.28624086593409975,3
-0.0037579730854125598,3
0.014860443977442383,5
0.035784059614224734,3
-0.0005450716212166061,3
0.11918585132824688,5
0.078124095943947314,3
0.36648921338556417,3
0.093138700340070379,9
0.0092117017287335415,9
0.27138849945545818,3
0.63018384512018588,3
-0.0040682461565488878,3
0.18929011516542091,3
0.013098749713608027,3
0.12638461425564254,3
0.0086173659689734016,3
-0.035095325481581501,5
0.56423885006572816,3
0.019478942544227114,5
0.34733079360300662,3
-0.080112017596853671,3
1.0590699421180065,3
-0.010913705334547611,3
0.017459041993943426,5
-0.0058825248318070946,3
0.11590917526436978,3
0.14886042460194668,9
0.42332462741213683,3
-0.0061957959266500722,3
0.10456094825622271,3
1.2510534666068984,3
-0.13681959030956781,5
0.37851287654157689,17
0.028296691542863395,3
0.0058996961991867602,3
0.0032189745101854814,3
0.040127059176863579,3
0.12061751167689808,5
0.014020442457477895,3
0.15949861979992933,3
0.031161656782709886,17
-0.020273554713602093,5
0.011486589596783036,5
0.02861674623148144,3
-0.27819113988442923,5
0.042084993930782605,3
0.00049481512645104875,3
0.12956068762744904,3
0.21337050115881795,5
0.01502630365629294,5
-0.00055220676924100582,3
0.18729364040604296,3
0.031596136422971023,5
0.012265609011581073,5
0.010213746124223494,3
-0.0011737520936274364,3
0.009406626460245069,3
0.0077406806851135317,5
0.019865703507133341,3
-0.0028476588007703952,3
0.015452327110449686,3
0.0091131093422165237,3
-0.0032237960161333613,5
0.0087120064876767683,3
0.65844319321674971,3
-0.00073981209695796646,3
-0.010685300083103028,9
-0.011600714560555014,5
0.045115823833460023,5
-0.0040997941601505885,3
0.026895688701936718,5
0.050245785467092491,17
0.18207444140945894,3
-0.021258134792919655,5
0.24245277193363263,3
0.28634766226525127,3
0.074095788726041348,3
0.060625971949735999,3
0.16745506886058387,3
0.20393934030056013,3
-0.00085122955474150838,3
0.057412011451742344,3
0.38394449993290591,3
0.0088323880178399292,5
0.0045158670717729468,3
0.009252780131308834,5
0.018492248424228041,5
-0.90233657460095207,5
0.11202007720835233,9
0.00041626105753094877,3
0.0032470543883279324,3
0.016955322479164543,3
-0.0015291629578138854,3
-1.1616363338012032,9
0.014023217022810371,3
1.1994870627443044,3
-0.078323900917856057,3
0.037383510058081972,3
0.016245300805769965,5
-0.028435201829718149,5
0.065923792245435348,5
0.0098982199985611415,3
0.0034610708024959032,3
-0.21424618687560631,5
0.4997642502464279,3
0.0056001676408339853,3
0.085228358320371803,3
0.040450147834963063,3
0.022347936988968711,3
-0.12239414890650366,3
0.010787913342867494,3
0.0037355037802339112,3
0.27156096794968643,3
0.016396935237305253,3
-1.0325293107774278,9
0.28955296875665565,3
0.056624948527414086,3
-0.025563588317147272,9
0.009640643859080757,5
0.024851315825267995,3
0.0078772462001338393,9
0.12071786739312622,3
0.035476598711743072,3
0.33970323049529505,3
0.0850368622198059,3
-0.037244504634197172,5
0.03023865762716926,3
0.00070557915213985802,3
0.019924152888678142,3
-0.076169432348903707,3
0.0088327460445409584,3
-0.45432650435584176,9
0.19724621046115934,3
0.010650399459003534,9
0.038557100873531466,3
-0.026347159787022199,9
-0.093856901222073963,5
0.16875605087530021,3
0.011996717801291263,3
0.0432402192303704,3
-0.041259045842189292,3
0.0036976789967722119,3
0.0086133136186683189,3
0.0017258050416511048,3
0.0010715980406618959,5
0.00079331829765138682,5
-0.051211753746754837,3
0.078659678762268828,3
0.088326507095976711,3
-0.11000655593718546,5
0.049716858307147282,33
0.055351116741996942,3
0.024318244790547502,3
-0.23731184096977417,33
-0.0067468883972149462,3
0.017373232959454792,9
0.03173365316576892,5
-0.039234733439967806,5
0.095175987548939897,3
0.076858244319335536,5
0.12994483122415154,5
0.020298421497556337,3
-0.22841212961734356,5
0.01413207649601661,5
0.011673309171742403,3
0.00099467589931447509,3
0.059728359887484095,3
0.029444514527313118,3
0.0035493349910820809,3
0.0015994706550765952,5
0.055755187084395856,3
-0.0001250455688569961,3
0.027384706381732748,3
-0.26409955870959917,17
0.054352700558335069,3
1.7492612540739338,3
0.011631750415403017,3
0.064788550138882586,3
0.0031304943446015679,5
-0.042977164208499563,5
0.00021870012149229602,5
0.060865587318962272,3
-0.0023459093754853253,3
0.01512585671037359,3
0.001500377771473695,3
0.026652784383041247,17
0.00022963570703481436,3
0.091166034696288117,3
0.0189666979646139,3
-0.30880410374408224,9
0.028492892848045362,3
0.073606361883413782,3
0.095689294056052615,3
0.033483148262830685,3
0.21024772873718628,3
0.053780125764898448,3
0.019578541129587731,3
0.014951918144260201,3
-0.025452355230489727,3
-0.12409107942763511,3
0.047476041462792676,3
0.0059169340037180992,3
0.3247514941536539,3
0.50176034110215173,3
0.017895912416976259,3
-0.019111441070647123,5
0.048518955677794635,3
0.17025926379194967,5
-0.072422738482699325,9
0.011394774573700583,3
0.0026482386787833084,5
0.1151651729274414,3
-0.0022679609445149223,3
0.042047959780532565,9
1.0371273844145512,3
0.058226596754538097,5
0.0020144641077627251,3
0.036443552933532804,5
0.021817559588050921,3
-0.096768891887073272,5
0.53241908233881208,3
-0.36055540029844302,5
-0.0077727300409312699,3
0.62915788857214916,3
0.049474950425937102,3
0.033359396996126528,3
0.0093396294433148088,3
-0.37670608283786866,5
0.092173133652973346,9
0.0036049916118157739,5
0.29354717890857968,3
0.49762343169291706,3
-0.014591111068167012,5
0.089573012900121651,5
-0.043281834794597789,3
0.0077933600070997549,3
0.029565344264950673,3
0.078919075317218437,9
0.11923236057593954,9
0.10455988174116485,5
0.010500123943652045,5
0.019660758167425515,3
0.067692062880919016,3
0.034520020028615692,3
0.044527046513812008,3
0.00070813867515510769,3
0.0013371157489181016,3
-0.0026848471883563086,3
0.13267062349500494,3
0.069985954613320481,3
0.053675376730916297,3
4.788552527455693e-05,3
0.027557418239271565,3
0.06305824383009509,3
0.3738398478790721,3
0.036715566770152079,5
0.0076350555863090586,3
-0.51648206996164714,5
-0.094442947070815783,5
0.11802482826396962,3
0.0098829252660160294,3
-0.0023577920158464748,3
0.058478230035416641,5
-0.014674454008723617,3
0.057046829073388983,5
0.024853153854168569,3
0.0063807857736377337,3
0.097827499019091699,5
0.01620683734311577,3
0.015064422129665838,3
-0.0091464709009117604,3
0.22647234765426411,3
0.0055500934362371175,3
-0.12938075001852978,5
0.047980644478311019,3
-0.15949108839833157,17
0.0070955717221038994,3
0.070714646669533546,5
-0.063674645445404618,5
0.017358548732803156,3
0.085603933315258021,3
0.005148260310596702,3
0.040479941645379484,3
0.013503567515639895,9
0.023159091036272228,3
0.022785927326815086,5
-0.072401004732764826,3
-0.36284934787802753,5
0.0099236433276240071,3
0.024501826049247975,3
6.5225618187213106e-06,3
-0.0066897318304623456,3
-0.088110950727676246,9
0.010592408862542908,5
0.12858764753418778,3
0.028321834079290453,3
-0.19305737984803667,9
0.08099700629214944,3
0.025587289159294119,5
-0.32445582734548495,5
-0.0025899227386813007,3
0.068286864017085072,3
-0.02277607421967533,5
0.02857728946530879,3
0.043279140698808616,9
0.050745335458695133,9
0.0041170910107638896,3
-0.07158114742666434,9
0.034208529208094064,5
3.0546506185996507,3
0.090223052748170496,9
-0.065071104332696486,5
0.028370317099024614,3
0.048913986865435764,5
0.18823992391984987,3
0.080486912011538903,5
0.059560077244359348,3
0.34936720148659522,3
0.026308510542840346,3
-0.013801186413887983,9
0.12673477977689981,3
0.020952506688166145,3
-0.05778107500570618,5
1.2033854854212671,3
0.02219812771167649,3
-0.153765864861406,5
0.13477129727405956,9
0.32593162948507165,3
0.18591982541400789,3
0.0082709359609933544,3
0.093193325594708387,3
-0.010778842505576161,3
0.039010385290311742,3
0.0094867520279963025,3
0.0078062690480260478,3
0.14868757368188823,3
0.014120686137654836,3
0.067168860360959287,3
0.021240372741188115,9
0.022685545022191091,3
-0.0068626221586247683,3
0.065895760012371934,3
0.039114165968151232,9
0.0077969040034079704,3
0.1214255325692319,33
-0.10186677689724671,3
0.088067915208470002,5
0.73423756233868398,3
0.055041199952756102,3
-0.010455180551430977,3
-0.00025050027477047489,3
-0.0038390011543710106,3
0.060683949437151011,3
0.23910795631070317,3
0.02012097506027978,3
1.3829919391214915,3
0.014029191153946153,3
0.014324604299385453,9
0.038427923457177937,3
-0.023093970138348734,3
0.018865149178286716,5
0.099218915426899701,9
2.7746935803560051,3
0.025605146063577378,5
0.022021722497141984,3
0.03637051391937484,17
0.030127900637647389,9
0.03462001656642965,3
-0.14796992043026216,9
0.075417830304491937,5
0.11082775399621887,3
-0.010970144994917797,9
0.089570668264977879,3
-0.020009935149678464,5
0.0044638044593734586,3
0.12996600612977055,3
0.032141738622693011,3
0.62599527664995602,3
0.088500150626528884,3
0.0082100039306609099,3
-0.0028777669111480246,3
0.044082319269240909,3
0.025260726672467728,3
-0.02963610553305936,3
0.041557690641808281,3
-0.00013414291958731229,3
0.048881746940771104,3
-0.021417982569368152,3
0.039406306041962824,3
0.002076559303568766,3
-0.10580289194813673,5
0.00038240239363700272,3
1.2667681847142818,3
0.034092517956410828,5
0.095334149576253413,17
0.056298336378142945,5
-0.47098526346298519,9
0.020957043648397043,3
0.047826086893169507,3
0.027672609588778437,3
0.0093057159485956872,3
0.018680324696020271,9
-0.13438429247088587,5
-0.0063522308908115308,5
0.2971716917252068,3
-0.055233652412026782,3
0.0059441387548008094,3
-0.11582610930681074,5
0.14608904050598584,9
0.13252878982116695,33
0.062916171985827177,3
-0.0090732699484031756,9
-0.0072477043731335082,3
-0.033365491884997246,3
0.016731076294515711,3
-0.041683918741808837,3
0.46067685882965831,3
0.0054009976141304976,3
0.050186053980128882,3
0.21223438587942905,3
0.040196166543464681,3
-0.17234815905308035,9
0.052221652763253114,5
0.011074780203765296,9
0.10216945118826369,3
0.070966481686624144,3
-0.0053022377863669225,3
0.051094879979276919,3
0.013035081442748432,3
0.029002375461113856,3
0.27146159303453787,3
-0.0017470607140480455,33
-0.0029158797433520892,3
0.051044757079998476,3
0.014068338810534093,3
0.51744572297822555,3
0.055963427536802099,5
-0.012606927643274812,5
-0.081968556222703104,3
0.016804702043372987,5
0.02705975315920783,3
-0.020569068282855069,17
0.11344683070163913,5
-0.0937724036140727,3
0.080062749498650415,3
0.054610155517408117,5
0.0019990860685374407,3
-0.42156105563875912,33
0.032802478881163735,3
-0.03471193039600113,5
0.012656796384461424,3
0.0016155726490803587,3
-0.071982944317172698,3
0.022231199612349789,17
-0.13876400859831914,5
0.069994107600369199,3
0.0051165618112942301,3
0.041712167649943503,5
-0.00067442227262771623,3
0.049678244300517913,3
0.0066164655409050891,3
0.0017915090526627992,3
0.029100449899511559,3
0.029813153801738605,3
0.1370072887107083,3
0.041240914430368918,3
0.08298987370539572,3
-0.013876688435965312,3
0.089788777269707284,3
0.025612775396169504,5
0.0033786001349694955,3
0.040721278871581161,3
0.044514914195251859,3
0.69559075856387365,3
0.0018089023288663088,3
0.020995686852682462,5
0.049632103819292901,3
-1.1563953649787562e-05,3
-0.045331119171451793,9
-0.079921290623810481,5
0.12888085055440299,33
0.041549710155969144,17
-0.15766394293679353,3
1.5372088990849053,3
-0.11629171262853506,3
-0.10276874119869511,5
0.067653472879899937,9
0.068724134158010333,5
-0.054621421355520068,5
-0.011448172487343708,3
-1.6695027472175985,65
0.001002616529492286,5
0.04273721012496802,3
-0.043078388592409769,5
-0.33434101887422885,5
0.018551375277159287,3
-0.0088351798400836123,5
0.042161320078750175,3
-0.023853797343710018,5
0.020957551812293654,3
-0.01250344265156063,3
0.022628895001545545,3
0.00972415841020049,3
-0.039342443668794594,3
1.4253951243988443,3
0.10358532306544257,3
0.049206523307633011,5
0.0051107179142738501,3
0.0038431053959888141,3
0.020613553495010567,3
0.012849466298057298,3
0.025070577425912701,3
0.026182297174529235,5
0.025857472140595132,3
0.0056490632896537534,5
-0.13206625426491722,3
0.88924700353352293,3
0.036127208230208215,5
0.012347390657831574,3
0.074170515429807557,3
-0.016469702211763162,5
0.0009392612568329741,3
-0.062221024910780444,5
0.1171462599825059,3
0.033245492394541401,3
-0.070686596121064302,3
0.098603140379378534,3
0.01364543711311063,3
0.024182213134978731,3
-0.22616492651264822,65
0.07234327179232887,3
0.00044494500831331253,3
0.031852788885937719,33
-0.00050728119648771135,3
-1.0722730823948567,65
0.0060695943772673096,5
0.05926088132168382,3
0.0028073446036838388,3
0.029576127365770945,9
-0.0026397992549858158,3
0.035874637155918432,3
-0.52392549517333131,65
-0.01121427133425499,5
0.0063766551542766602,3
0.0090218906923111228,3
0.0013225085040032714,3
0.0059998427930723309,3
-0.083469056597970381,3
-0.16270560215719881,5
0.34013028099649972,3
-0.0017646240347855397,9
-0.018007531754734813,3
-0.0004402828393666882,3
0.084561445844306818,3
0.43432554713790306,3
-0.00053990160107197493,3
0.021645852379380163,5
-0.067498778900448447,3
0.012440522495570336,9
-0.0023811935643433522,5
0.0059765382703459522,3
0.021349971747949174,3
0.37448508531621233,3
0.11822709502874257,5
0.037477350742474491,17
0.010575761015657621,3
-0.021208436832567078,3
0.0088678942368488421,3
-0.0011564785002034319,3
-0.062404126244464134,9
-0.16593943996796254,5
-0.56481863449986314,5
0.0018390134976488974,3
-0.17416951642675968,5
0.011419670967051813,3
0.00093937902769810407,3
0.012074356873493078,3
0.014198898636426382,3
0.0092569076625068272,3
-0.0050320162546985464,3
0.39417758794294849,3
0.10330289845331345,3
-0.0016948004705261302,3
0.0029146061090972908,3
0.25106739798727729,3
-0.0027596776742432544,3
0.15183583933441455,9
0.07840024461794827,3
0.35926771538191693,3
0.011347521286433009,3
-0.004560943471533927,3
0.0027942392967705183,3
0.011513128726658807,3
0.0051684844794467099,3
0.060236961337944685,5
-0.38179591494953485,9
0.036548475339856695,3
0.027438562621341308,9
-0.017402028053372244,3
-1.5858496120527543,5
0.49135756075061776,3
0.043483411280824058,3
0.036504009513266371,3
0.0069492430927088162,3
-0.006283000517468715,3
0.0066072720772767865,5
0.0056953774851822431,3
0.060337916238636095,17
0.21953209893671316,3
0.0031380501769893059,5
0.023273233985787668,3
0.023013695519646469,3
-0.0022304794587210638,3
0.034063355048568118,5
0.082374781983271181,5
0.042026759125364875,5
0.094158192309060335,3
0.0071981145504233877,3
0.031570791251907038,9
0.082704038467720745,9
0.018424416046290918,5
-0.022510685939307606,3
0.3252360889690607,3
0.0189172983068886,3
0.00025949378610579593,5
0.82664982617802285,3
2.182453668927848,3
-0.018555748561338434,5
0.043925789222396455,5
0.053453698113160711,3
-0.54610895186231445,9
0.0075704029849778982,17
-0.008975568486325889,3
0.0088264675927319739,5
0.023485692459963504,5
0.23921721987385913,3
0.069208796557391747,9
0.13993791732880426,17
0.03586941371738122,9
0.18567061646263366,5
0.15281329606444044,5
0.050713159831647425,3
0.16245829375013227,5
0.074744929520363962,3
0.10539161230074236,3
0.0075596130186438059,3
-0.0030646858784882974,3
-0.15268557800222632,5
-0.1233238021157889,9
0.1641767536645094,3
0.058939171282285034,3
0.048862610908261717,3
-0.0050809866363413104,9
0.035852530035338497,5
0.0067097393252175414,3
0.085655045734101778,9
0.044597482911806673,9
0.0052671142868815886,3
-0.19746956381193653,5
-0.00058462588879596225,3
0.23899592267081851,3
0.047768718113576358,3
0.024811875979558768,3
0.0062864356339990615,3
0.055428584394689132,3
0.0072014822760504372,3
0.14328542063873187,9
-0.00049822864942633777,3
0.070132633943605888,3
0.042160661271361713,3
0.44248151673664848,3
0.16609675400710905,17
0.0055581992337270167,3
0.048422350118255034,3
-0.011073095625586442,5
-0.01115828202786655,3
0.017093706833339762,3
-0.021883602769391827,3
-0.033623142745677223,5
-0.37516693485011554,5
0.0096024131712627737,5
-0.00089652968372916277,5
0.070880236397179483,3
0.036171344921383103,3
0.051457378380965847,5
0.0091596116340686741,3
0.118617285275697,9
0.051011695371212432,3
0.011660785781514946,3
-0.01216593082421917,3
0.038567827174755639,3
-0.26281016671942986,5
0.0059996348214251807,3
-0.1387962740098897,5
0.46854554367442491,3
0.027798115013996351,5
0.0011513049460398568,3
0.018923483154127251,3
0.10814964095630751,9
0.031219775460030127,5
-0.020029333394384414,3
0.05490184507508513,3
0.055031470911059997,3
0.019377374173896587,3
-0.032028107972143373,3
0.0011574493021410844,5
-0.21412566677102393,9
0.10938582318174239,5
0.097417214547640379,3
0.028933849868992802,17
0.068646568051026854,3
0.020193352748345921,3
0.066989769152413711,5
-0.0099963274694493173,5
-0.068649139695740824,5
0.0002595475307739086,5
0.0014299333916399848,3
0.027559629144821882,3
0.040567064294507307,5
0.063900118145472987,3
0.002938145556993912,3
-0.0069520721085528526,5
0.012169418068027588,3
0.031653269716220012,5
0.035998381299030484,3
-0.49668603192604488,5
0.9186515839002305,3
0.046769075839479896,3
0.016726850290780453,5
-0.31965008659744182,5
-0.04252710533186118,9
0.017409888247700376,3
-0.0085468202161699085,5
0.03279438320403099,3
-0.15590328398213582,5
0.068734833861043954,5
0.00033680584214708636,3
-0.0019312978895452706,3
0.00023396202848307787,3
-0.020968491222333133,3
0.058658840804371323,3
0.039265194164478219,3
0.043328706158846514,3
0.013733225496375854,5
0.007683029592763793,3
0.0029897514043854259,5
0.12454305279965956,5
0.042800320833965788,3
-0.024987225065051102,5
0.045518489053603298,3
-0.017812362161548814,3
0.059195090385729968,5
0.0069411420521625807,3
0.011347074326834525,9
0.024723743200482397,9
0.14992867421389131,3
0.010568038644661649,3
-0.14503315484140222,3
-0.0011229420175434067,9
0.057552006749534493,9
0.207167589443742,3
0.01032937770323448,3
0.017940194293019761,3
0.067550343053341802,5
0.30499627899266657,3
0.15704210475299754,65
0.064796494540827726,3
-0.76286335716558085,65
0.048920319789473823,33
0.27940215356354292,17
0.13381661641505951,5
0.089663500386944817,3
0.0011112787182922736,3
-0.047983973038073134,5
0.012727265085065659,5
0.22268441067966119,9
0.010853550017120961,3
0.022347980621355002,3
0.040420687958254063,3
-0.0050555774946566354,3
-0.017867053704864223,3
0.084407506484445324,5
0.085837424320679326,3
-0.066556882033534701,5
0.02172075030816227,3
0.026992170505875997,3
0.019718802542712598,3
0.015667088742403412,3
0.0015460253997389671,5
0.046505166003703503,5
0.0084356321356997815,9
-0.25781348449010766,5
-0.0038374536405756804,3
0.0010020099066569484,3
-0.052822168165703391,9
0.019759949243510804,65
0.064641302714884455,3
0.0043827821747868178,3
0.36003066281092444,3
0.29127160847740585,3
0.092512131591600641,3
0.010715959898108932,5
0.0045911251010834608,3
-0.10664056078323528,3
-0.0060481654527591291,3
0.25593867933611025,3
0.13623852384138055,5
0.0043850186503253856,5
0.014298104791397745,3
0.036162118862700605,5
-0.26623454687776205,9
-0.03352556158346609,5
0.028254898699350502,3
0.0080537403063434126,5
0.0022463270763188412,3
0.016638036050907367,5
0.21214103716544278,3
-0.89539199456808705,9
0.0028509705256575062,3
0.020442619265281309,3
0.088498423536854151,5
0.0020297963245745434,3
-0.00036351061482305639,3
0.025711997013491882,3
0.16171074458605605,3
0.001284936231594952,3
0.012082145635556813,3
0.0016646136736403977,5
0.0062171646869382284,3
-0.052816451691792075,3
0.25451373650565701,5
0.034892079114309679,9
0.028381016224573126,3
0.030927961749497489,3
-0.38381035538856012,5
0.29441161151042611,3
0.020221591903841773,5
-0.57530460651091342,5
-0.052276966964116801,5
0.0071930568511211742,3
0.091183124337908997,9
0.020413677207805465,3
-0.3695355637923981,5
0.064882968225126972,3
0.065171874511628453,3
0.0043516140939653504,5
0.040315921176586111,3
-0.010818926317663055,3
0.15936894309473659,3
0.050341498775805515,3
0.00060226333079916249,5
-0.0043412486178928539,3
0.11291771247306215,3
0.026083035009392089,9
0.20933987722847966,3
0.8742584055035304,3
0.005780851286865331,3
0.010036248036427869,9
0.019179966179384327,5
0.38567347207567071,3
0.0073482339984281076,3
-0.0011499996359198015,3
0.0033998336627216021,3
0.027506805189202583,5
0.099795483283893149,5
0.015310767539100816,3
0.082228307882044924,33
0.057598518469649848,3
-0.01303701656353551,3
-0.53105330586400612,5
0.0080010256048321342,3
0.79926798751747485,3
0.050380240111240079,5
-0.0022074807426685885,3
0.017452405871591088,3
0.0010871824703069365,3
-0.010718882344332525,5
-0.02276810588675245,5
-0.054246552372498189,3
0.033870200193251002,3
0.04567074075668693,5
0.088548314030001782,3
0.20094499841364821,9
-0.028871174273843468,3
0.0026792338227653863,3
0.0055316659047213237,5
0.80239300425699733,3
0.014027650320593979,3
0.0017754111717867118,3
-0.0021813376086396831,3
0.024803642357050605,9
0.089529936337724672,3
0.0051195879773169644,3
0.043137663772350274,3
2.3643110244132144,3
0.017706528595911541,3
0.01920233892185761,5
0.029953880850473107,3
3.8645408306950594e-05,3
0.047333966527287663,3
-0.010055149246876017,3
-0.018908145696608879,3
-1.5213887229693446,5
-0.00021170276696388362,5
0.058770740772818492,5
0.053849341896858083,5
0.043633737910590553,5
0.0094468850425206922,5
-0.0062222166895776346,5
0.042018161205605933,9
0.0042704484147506995,3
0.047990494587920644,3
0.041185750028961063,3
0.039131405876983542,5
0.048971006419205154,5
-0.00060988615073915328,3
0.0052383435942184274,3
0.0041064422349185049,5
0.0023308425036365856,3
-0.023316868241297174,9
-0.034558213600719909,5
0.078054026527373935,3
0.010448528449425653,5
0.11191240982598609,3
-0.014115931502812195,5
0.0033648248927685338,5
0.038816882353034925,5
0.0039806936159227802,5
0.0092294111874719545,3
0.069920130728757066,3
0.0024744988279650055,3
0.034947570913448502,5
0.0046162517752029826,3
-0.010894815026250221,3
0.04845769701818349,3
0.53556240782893005,3
0.028871662383821235,3
0.12165115048607757,5
0.090840400348121131,3
0.016261604998657978,3
-0.014077345638057227,3
0.0026712340951495529,3
0.04481196038090849,3
-0.044610847706567203,5
0.05796446599876777,3
-0.008325870900083009,3
-0.028830720191647306,5
0.045380126669234827,5
0.0094990136620928742,5
0.013580486129258077,3
0.01772122287446538,5
-0.00016773568328354028,3
-0.20249380718038643,5
0.0050260350430400948,3
-0.0028954472338708521,3
0.016603863609062134,3
0.020099056242642969,3
0.10322420036432076,3
-0.2606697108809542,5
0.053046391338238102,3
-0.026303873755655363,3
0.5772941177774169,3
0.0095950733393339541,9
0.010340109484707958,3
-0.026345614485813636,3
0.068354986576024901,3
0.0096968053676084638,3
0.089806501214614073,3
-0.19451713523071285,5
0.022957845666720177,3
0.025428620844842761,3
-0.039141272303667894,5
0.026174290475311616,17
0.44923231192902185,3
-0.68357198810466979,9
0.22630893490215581,9
0.04325989715025752,3
0.087536576118810855,5
0.21651504884419645,5
0.092314821336854078,3
0.078786415169707052,3
0.22759024648198792,3
-0.0027691009188310083,9
0.0093914513501500412,5
-0.00079861939439052564,5
-0.0046445115878008059,5
0.074882092414089996,3
0.029499830638849468,5
0.048625775256757264,9
1.0168219164235854,3
-0.18102840588025357,17
0.035105206258859128,3
-0.0064797844049035436,3
0.090794616390648591,3
0.012765993870798404,3
0.0080944608763650408,33
0.0038462190784792189,3
0.0022433430378408763,3
0.39627601858020095,3
-0.038854408332895586,3
0.034400941698929328,3
1.3174104629896868,3
0.022810043351381513,3
0.081767807419634853,3
0.03649379972356244,3
0.067064719122403513,3
0.01589504456054134,9
0.0055728321270103638,3
0.0099226228054107527,5
0.038440307497971282,3
0.019312601963782636,3
-0.22174841447186711,5
0.095864832178384499,9
0.0092084717802190588,3
-0.0013617064200762271,3
0.030630072105984337,3
0.010798768540709804,3
0.027022972342910147,9
0.026126892687679128,3
-0.00048522393457635333,3
0.00054961406769563916,3
0.063141578773373411,5
-0.16800223799985423,5
-0.009254842013478962,3
0.1046246451320005,5
0.027691597853458799,3
0.015321102100466239,3
-0.049092598932389021,3
0.050689718001973617,5
-0.00092995854556551251,3
0.0050401712205035074,3
-0.18848792425322916,9
0.0090902929919886161,3
0.11766049296922598,5
1.138469571148975,3
0.61657811883330815,3
0.024509153498092271,3
0.035729272287877818,3
-0.032122650143558223,3
0.024024945095187451,5
0.036438278398521005,3
0.2917400721016627,17
0.48034881617380293,3
0.003841296162458872,5
0.025564423263480213,5
0.0051737984582889661,5
0.067932033502938652,3
0.050222120238892345,3
0.0055318988072629149,3
0.052741309396990614,5
-2.6074736145309632e-05,3
0.2971828428075205,3
0.0025528024390200931,3
0.023781939993525767,3
0.11308841355756583,3
-0.38654441272463691,9
-0.018815694773465806,3
0.012291570034618528,5
0.00010209876642250987,3
-0.093791362403614839,5
-0.016548447755325744,3
0.55063337485604402,3
0.00058037195476849147,3
0.014478172780441776,3
0.14736380528783027,3
-0.048688666465358216,9
0.00017732018385746131,3
0.004076432119778802,5
0.073315636204398446,5
0.0036024520711641921,9
0.013842668122845089,5
0.024553683942935327,3
-0.023800753223893183,3
0.11634065189976237,33
0.027784707259395938,9
0.21567738863122762,3
0.051664525420334187,9
-0.013500228460781801,3
0.024845746193182864,3
0.030737509911385859,5
0.020238205142422819,5
0.0070808856921017729,9
-0.011388601042413831,3
1.2742388717762947,3
0.35052908727751536,3
-0.0014184936012716647,3
0.017152657436925359,3
-0.0077763324296061895,3
0.0088485731552152159,3
0.0080304179866063086,3
0.041742943335310305,5
0.012782935890719065,3
-0.0098703252712072087,3
0.17952738417763497,5
0.0010782139041932821,5
0.038351679031684627,5
0.012785876659657504,3
0.041188675210328748,3
0.033846851470138606,3
-1.0983706685241912,5
-0.60789639496143644,5
0.0080007375040364939,3
0.15391795085051757,9
0.0010509021127377742,3
-0.0082733896372979513,5
0.15711328829350002,3
0.15892181149806781,5
-0.015554029322362483,3
-0.0085973536679746238,9
0.12762196863983374,3
7.8542685819346634e-05,5
0.054588257501990568,5
0.0018000503669781366,3
0.030515121308308062,5
-0.096280353264269411,5
-0.012764439526005533,3
0.19835020755103644,3
-0.090685366450139179,3
0.030770406896778069,3
0.014015238214219803,3
-0.083342774978850384,5
-0.00077018370439455562,3
0.010273068888394264,3
0.083653064158198953,3
0.0014197873414097959,5
0.016507103791468927,3
0.084824377689533298,3
0.017825441775498534,3
0.027518065029069769,3
0.10415423786846928,3
0.010495638563433832,3
0.029809195742948498,3
0.025791579867738213,9
0.013337763800732606,3
-0.0048410448839345845,3
0.025157711615973296,3
0.016769762315284653,3
0.016825038048003439,3
0.043228361270299304,3
0.04435149528897963,5
-0.041526780805525965,5
0.04190539198176306,3
-0.055370252450578077,3
0.023977040033199185,3
0.018520098365204268,5
0.054071507462969064,3
-0.053487932359400164,5
0.0061028767908001243,3
0.04193969741960149,5
0.051212297913815374,3
0.049993857482532225,3
0.03322135712433659,3
-0.0010664695804606611,5
0.033541581955259463,3
-0.029205550560403096,9
0.0044556838487498571,3
0.012081916911914356,3
1.5152155445418543,3
0.23125111059438949,3
0.34365337178547511,3
-0.93725257351909663,33
0.036781006412224253,3
0.057782362473432256,3
0.79864382486528773,3
0.029560480299051776,3
0.0058168330667186007,3
0.074075110721335921,3
0.022892576970545756,3
-0.10991668709048687,5
0.097635080052295695,5
-0.039188184013030071,9
-0.088126931729642963,3
0.078841474638007655,5
-0.016395671047645086,3
0.16999107021627102,33
0.39501181731485535,3
0.86808156534245307,3
0.0042887539810731569,3
0.039891665493764605,3
0.032075961777885478,5
0.015779468196746513,5
-0.74522925092438386,17
0.03727221951704697,3
0.020986761687379663,3
0.064964737986749538,9
0.0022306344948195655,3
0.0013839696068858507,3
-0.6898857303859427,33
-0.0017413492910852617,3
-0.0007103073978379635,3
0.012584653945502086,3
0.0026780261000692272,3
0.039302739389458191,3
0.016835433497057153,5
-0.0043004712575280303,17
-1.628359142859493,17
-0.0009656250579156958,3
-0.0008124085953814344,3
0.028300171841097767,3
0.025680852451044778,17
0.018829294155229388,3
0.019713560575975963,5
0.041735734652291294,3
0.091027616735840658,3
-0.0033613888770899496,3
0.41015722521810999,3
0.051508364153427993,5
0.14266146158388895,3
-0.1718679677103187,5
-0.095993286607492706,3
0.061248606136575456,3
-0.010323921505006307,3
0.019805140801469761,3
-1.3350412282617889,65
-0.043379860762692374,3
0.056019958463739146,3
0.16126431500077998,3
0.049587808713291825,5
0.043808283238755873,3
0.13405678196125173,3
0.060039372075766588,3
0.01143853866055969,9
-0.3007505590289386,5
-0.0080076011170420059,3
7.5954210153702883e-05,3
-0.0074591901695578921,5
0.030154816414754249,3
0.0033775743697997181,3
0.039239089068409207,5
0.017554614367776264,3
0.036468166441747267,3
0.036756232362202573,5
0.025707366214042404,3
-0.00030113479343176131,3
0.001412757836942502,3
0.066142280780957852,5
0.00063797487071641089,3
0.039163018546145574,5
-0.033094497628579939,3
0.057644485012542192,3
-0.041018835543379269,65
0.020015194348130504,3
0.033381233369856128,3
0.10353802749990869,3
0.051151311620554044,3
0.059827607371217735,3
1.215462957609504,3
-3.8812117904131622e-05,3
-0.14665035263271714,9
-0.00036700598649148805,5
0.0053349068220337808,3
0.019899701977166093,5
-0.0035044691210459845,3
-0.068381418409095535,3
-0.0058124004203514695,5
-0.013328992099591931,3
0.016107752831754633,3
0.099289178167421124,17
0.87465146672270544,3
-0.0034515101417012706,3
-0.0012215101623407009,3
0.0026586009522463908,3
0.047335502299090171,5
0.014224524926677843,5
0.0068421104654052363,3
0.27796628914817023,3
0.19393771920607189,9
0.13127711646183166,3
-1.4284681059375643e-05,3
0.010175696352892326,3
0.064672519279704938,3
0.03963163343533934,3
0.047732921528573731,3
0.0097801712285110875,9
0.00058749638222559976,3
0.0052746653739073907,3
0.0083461886020577084,5
0.0039717064821441017,3
0.03022216209937896,3
0.010994441836059309,3
0.31740631088064913,3
0.027316088934175097,3
-0.00201030530470463,3
0.012244985885543083,5
0.032958012844908742,3
0.031330769380925765,3
-1.0154030398247487,17
0.10105544922000297,3
0.0087864242565758657,9
0.11975288126945846,5
0.32157634257483497,3
0.1063486573450645,3
0.080758741387108521,5
-0.15021726829352389,9
0.011360460697973503,9
0.045205383942262881,3
0.080804821408629227,3
-0.0060754935263710556,3
0.063419690247262336,3
0.0065013728968541032,5
0.019604181828717582,3
0.075812599647789192,9
0.01059222226053267,3
0.019851934321477319,3
-0.038067404929241717,5
-0.11015258051296402,3
-0.16690317720062203,5
0.034803247423156172,9
0.021617782927878342,3
-3.2248505029687697,17
0.14794623728271369,5
0.094369498542535776,5
-0.12145344852553097,3
-0.013279956937228934,3
0.11413823998739336,129
0.0020423461392255395,3
-0.005243492653046784,3
0.10831070757841782,3
0.071262004517724131,5
0.36519320242534364,3
-0.17947531273265765,5
0.0065980949540779786,3
0.068178797760228838,5
0.13282062270854897,3
0.060766908982276463,3
0.03023313397295025,9
-0.00037085306598346916,3
0.00081451674724475202,3
0.03358754632348436,3
0.037332950702477254,17
0.019004284247355282,3
0.0012239625097913247,3
-0.25892556158255275,5
-0.19817265581247862,9
-0.070468784314376601,5
-1.1053102781448223,17
0.10600844454577622,3
-0.45440065804053664,5
-0.10918631816508587,5
0.032697505897411515,3
0.040651675351827524,5
0.039366365338805255,3
0.004602467922828808,3
-0.046578193120406321,5
-0.13885276015257814,17
0.080859396787884036,3
0.042057417016111001,3
0.11196443169996599,9
0.056188083208280365,3
-0.013537499162007277,5
-0.0031445427609834938,5
-0.014779911294381536,3
0.045635463426854837,3
0.027823040063773341,5
0.012470365795609308,3
-0.012864690711240757,3
-0.043056241283242064,3
-0.025611758239421925,5
0.29216937944777605,17
0.0092522920654525779,5
-0.088037994458355168,3
0.0057036500359484276,5
0.050257164994900017,5
0.28273084476413629,3
0.13396000265176036,5
-0.063236683848024458,5
0.032435712301268439,17
0.016974763029420636,3
0.028870574503683959,5
0.00065921780081466515,3
0.012004113853175995,3
-0.0023850600172530896,3
0.044251642507608845,3
0.0040425702610641613,3
-0.0004197433310090183,3
-0.63566758518175981,9
0.00069643712503760999,3
0.060195231988349689,5
0.014036824096471532,3
0.023576161967053116,3
0.020963666857954061,5
0.32659540840306855,3
0.013684824011191277,5
0.10735883528153768,3
0.0022798459783966267,3
0.0272545103088602,3
-0.0093004992997315367,3
-0.01461536004188624,3
-0.0020273892482840453,3
0.33249805081044381,3
-0.1819930914718208,5
0.049813247161098452,3
0.79120827871580457,65
-0.00030415739284713736,3
-0.063790429316921873,5
0.82549876137733091,3
0.023469518474223707,17
0.04144653331279196,5
-0.0027975456247819825,5
0.008120885369876556,3
0.05874337336643351,3
0.010312866071264195,3
0.044317888804910208,3
0.027350986839470955,3
0.0064041175151331974,3
0.038821306264270418,3
0.029713322696073061,5
0.076769163244550076,3
0.00014168151444884716,3
0.53093579973867377,3
0.077157632159658721,5
0.024643124282071389,3
0.076807302100267913,3
-0.019361425559439371,3
0.038292233451710359,3
0.038025054492483182,3
0.10021724606329709,3
0.18725948014288188,3
0.00031092353961621885,3
-0.017922236184832921,3
0.0080495274337261617,3
0.055681691922172129,3
-0.082695130069335418,3
0.15497080688600501,9
-0.0052846792404386243,3
0.11385082920381316,5
6.1311794042792045e-05,3
0.078339939471411033,3
0.0032217613693924989,3
0.01200896140337108,3
0.13088870722792376,17
-0.0027661065558151916,3
0.0090346289924478854,3
0.081796054106877986,3
0.0036556126849742591,3
0.27145165913398261,5
0.028039659303812269,9
0.011982175749695413,3
0.051221484335534744,3
0.0079761605813863431,3
0.011817265789206225,5
-0.0044352299233786771,3
0.011086036894847938,3
1.3461477973923268,3
0.014029788590798323,3
0.00051436509456682597,3
-0.029552914654218373,3
0.0022216904267707625,3
0.19343561487968605,3
0.0036477514576053393,3
0.034052614958234827,3
-0.002763251654866271,3
0.025639279821074036,3
0.004234761069424455,3
0.028939783737692629,5
0.017377449084858353,3
0.18951333874687373,3
0.042572692502335897,5
0.04371722786330496,5
-1.3340670543311979,9
0.0089800044667622571,3
0.098160624555936757,5
0.031953411471449568,3
0.0078707937297691488,3
0.0046587593128812532,3
2.0123687232839851,3
0.079022750918141441,9
0.022131173289193427,9
0.012787797294612911,3
-0.019109774741785365,3
0.0074770576765597323,3
0.011537829096976565,5
0.10171432177270258,3
0.090586994386576275,3
0.016965039308346079,5
0.025387724598666405,3
0.025580943180310962,5
-0.01319151622522401,5
0.027517332870691018,3
-0.038401753240761144,3
-0.028176814230024261,3
-0.013600896659957878,5
0.010694933004042857,9
0.010372683670925234,9
0.24504397360352856,3
-0.0094125431431188056,3
0.013120047969217055,3
-0.0011316061117597476,3
0.0052042773910165796,3
0.028657237572551151,5
0.018348142100704734,3
0.029791297944069626,3
0.029224410792030951,3
-2.3246141441881388e-05,3
0.12467508136140666,3
0.015475679036007436,17
0.038371225933187786,3
0.084474416135819283,3
0.00097514880488679351,5
0.10655921641373915,3
0.0045113915939740627,3
0.058228404084407576,3
0.024327874018512597,5
0.020912099495572566,5
0.31998783688648902,3
0.02687726023844924,5
0.030120997934064409,5
0.011819173090043999,3
-7.2143401959118663e-05,5
0.13061129656950091,33
0.049360008486097985,5
0.019672601348722615,3
0.0056092235478765332,3
-0.035800897380640163,5
0.35149712219249518,3
0.01134844957492284,3
0.080852445571453366,3
0.32637203949892307,3
0.0094648453179333944,3
0.58339875743154734,3
-0.062577781358629098,5
-0.24444195645190889,33
0.0074104590105748547,3
-0.0031875044131509708,3
0.020889760551664038,3
-0.36529638761586719,5
0.02838675061057282,3
0.2173636013252547,9
0.0040184959215460178,3
0.25607495610119008,5
0.018056889115495106,3
0.082130873802144372,3
1.2417659882448839,3
0.076520365589655276,3
-0.073418286549869469,33
0.038138362874320077,5
-0.00044817470412783343,3
0.12056162472987544,9
0.013225827764938374,3
0.0058002350238703596,3
0.021903091400659346,3
0.043782062849790492,5
0.0031743306717492959,3
-0.0017846175172544991,3
0.044401029356327192,3
0.077003055876398316,3
0.025584207718790372,3
0.27229603432020927,3
-0.10733495209119924,9
0.0056620006165215842,5
0.035609804537530321,3
0.012245867141456611,3
0.51352486252277396,3
0.036020706885102026,3
-0.00072543563491608756,3
-3.7016602484976032e-05,3
-0.0343842381867311,9
0.069732399684020507,5
0.011431862378709514,3
0.57981984811500342,3
0.018815041043396943,3
0.17098907350538228,3
1.2190287276112339,3
-0.14048367264826492,5
-0.02404371538207354,3
0.0080360388557413742,3
0.14113122690748964,3
0.15626476738660708,3
-0.075144762047192878,3
-5.4724425057928876,17
0.021338995110020242,3
0.057001051633848783,3
-0.0076869706599800589,17
0.072919547568950013,5
0.00061844535161094058,3
0.0012813895839686308,3
0.0065697671278931091,3
0.014872464645911722,3
0.021026779257606019,3
0.0010961601908772219,3
-0.050991022778168887,5
0.0347793661769292,3
0.013553900654482108,3
-0.050986493488013311,5
0.025242867955889751,3
0.014662869651796315,5
0.056601393250970404,3
0.0044950723394742813,3
0.055139879020276547,5
-0.003986515213819793,3
0.041267721474746291,3
0.29946310792341085,3
-0.067983704665241187,17
0.090263153321017586,5
0.052196006514854364,9
0.051223914904637347,5
0.059634939973482896,3
0.10310328849771198,3
-0.080845401517793181,3
0.64792296003974692,3
0.030850906719795956,3
0.0021528076785990512,5
0.11574175109374314,17
-0.14706340355745329,3
0.0073847309415748389,9
0.37995292457158186,3
0.02234869069489161,3
0.057833279984981827,5
0.38908652766297114,3
0.013834804061677069,3
0.004616368509353784,9
0.008670031333945059,3
0.0021267318692948026,3
0.017134710378588221,3
-0.025868256308308663,9
0.0173155388029314,3
0.038755223083156917,3
1.0684029535556399,3
0.056860242183757494,5
0.012357099691253948,3
0.025214798894956297,3
0.80840976937439468,3
0.014355157280936878,5
1.1086093856044255,3
-0.079294340083710182,17
0.08012911630879746,5
0.046581924793004124,9
0.006048376570264794,3
0.0060275108149460497,3
0.86437305638531658,3
2.2726412301346546,3
0.049849981939822346,3
-0.063344269235254644,3
-0.16240640256279862,17
0.12394846061647109,3
0.085314893026387159,3
-0.0086964416032541004,3
0.00067390421258230334,3
0.029237309313851108,3
0.02491743943552906,3
0.02158925212642606,5
0.042622563514502429,9
0.052256794788274413,3
-0.80535928550515024,65
-0.0015503176539189958,3
0.0093513072956322545,3
-0.0085818630738412442,3
-0.0027151065518607664,3
-0.045004218567630046,3
-0.067578792696224257,3
0.0095061229213163154,9
0.018362252082210095,3
-0.0175318861030146,5
0.039749573669524162,3
0.087331144710973974,5
0.028882071373119968,3
0.017585348722624565,3
-0.011789602004052144,3
0.0070679770227294473,5
0.051934164596038994,3
0.40913373876086018,3
0.013114859144313337,5
0.040227608336408406,3
0.77720581346250184,3
0.066411097699887692,5
-0.030665016039545367,5
-0.054570994608593576,3
-0.012325087246180482,5
-0.11287372675254796,9
-0.042739560314993201,5
0.16786083410869873,9
0.008087708390743702,3
0.033547937772873668,3
1.0632116742484277,3
-0.21267828655922003,9
0.075302508150795033,3
1.7072453379587058,3
0.43698450106728393,3
-0.0066938982392979835,3
0.017308115094820515,3
0.0038141187738858083,3
0.016165265246187895,3
0.49296359324198297,3
0.082478072420746243,3
0.035150855776480958,3
0.00013009260738955556,3
-0.00146298051917548,3
0.24612511681338867,3
-0.012996495823743851,3
-0.0023041703004699778,3
0.54228114846986186,3
0.05018912561094991,5
-0.0061795220432713915,3
0.10665815448832458,3
0.25132398911405679,3
-0.012465989167800512,5
-0.0013181298382234352,3
0.072274043076902189,3
-0.0021529271594236984,3
0.78172535160895695,3
-0.22225497872228722,5
0.0092473736694087486,3
0.15503345075603064,3
0.016043215398508975,5
0.03670966571815984,5
-0.0067786432075586925,3
0.0026397674491453272,9
-0.054760332206001225,3
-0.0025191284924755059,3
-0.0046359326127984862,3
-0.014471830143071159,9
0.050607929807855292,9
0.014435310797468705,3
0.22289501488681038,3
0.014822365829736289,3
0.11603675565374236,3
0.22875537639968802,3
0.24746246883845996,3
0.033647753482198874,5
0.12856536960254114,9
0.55930582746218249,3
-0.0015451655540964372,3
0.022954933262186977,5
0.0041875082763587739,3
-0.00036378062209094095,3
-0.023931904595772952,5
0.032152413511827432,3
-0.00023412375911805949,3
0.076130912306805631,3
0.00011342099032741448,3
-0.0010412199752062666,3
0.06736237698039868,5
0.44691540078941172,3
0.01936564805265566,3
0.036497149099929016,3
0.060321095012141668,9
0.016235494189250573,3
-0.015748555244379878,3
0.03399503933520049,3
0.0022369451667603015,3
0.029687638257549716,3
-0.040095865026952927,3
0.01641756388924347,3
0.046020776236128935,3
0.045208059970159052,3
-0.11584113815044068,9
0.051976361386968692,5
-0.17390697439713579,5
-0.00030465674556591168,3
0.038172446160058521,3
0.043873878836804291,3
0.039604197369353888,9
0.20267585259086862,17
1.4795385245006443,3
0.010883415099561162,5
0.020341230159244359,3
0.081972801013911578,9
0.026980977806158882,3
-0.012896340935525002,3
0.011459104272088041,3
0.043866500167263602,3
-0.41958006344717069,9
-0.91651773026541905,9
0.014335667119216567,3
-0.10478463636921286,3
-0.0022885440974146306,3
0.3935077391604237,3
0.029947300165886301,3
0.033931585355061369,9
0.0098923845993992184,3
0.018454298808320318,5
-0.081205596162746155,9
0.03738001893923943,3
0.0055807380646065623,3
0.016974736756461474,3
0.0069371236569818516,3
0.16108483436325566,9
-0.28624314762022601,5
-1.1751551245584497,9
0.31413113602619697,3
0.14205056412733247,3
2.1184606523836353,3
-0.013512928910196132,3
0.010526996670869791,3
0.054560410597252695,3
0.28758484480946545,3
0.039595020781991397,3
-0.080941193799455149,9
-0.018938589851150097,5
0.13757772481038655,3
0.74280317787080985,3
0.015451948134936444,3
-0.018868792608441803,3
0.61547931795803779,3
-0.0068868249317846171,3
-0.048877701115199582,5
0.001381805160922461,3
0.022007240168294164,3
-0.12897998222926285,5
0.043726662720370152,3
-0.0010894855631517202,3
0.03940381151574511,3
0.30044880244581024,3
0.022926762646482607,3
0.004315210120409114,3
0.082357056037658458,5
0.12731577767558136,3
0.027758401281286413,9
0.2417561233370637,5
0.020318850215297727,3
-0.01372468700465598,3
0.035744345475701572,3
0.0065804286833595453,3
0.014408172744907122,3
0.011956344081874728,3
0.034553890966343426,5
0.0491430044578543,3
0.009198380982142847,5
0.00022606421093674165,3
-0.016985322012726463,3
0.048046799607569184,3
-0.010186403304153263,3
-0.07361685680453911,3
0.047583214314419357,3
0.016925572532490198,3
0.56759162324321788,3
0.030902151493770111,3
0.022740526631584494,5
0.0023767087152951781,9
0.62057629388492175,3
0.077824007161853379,9
-0.04661514887622023,3
-0.034800246337594709,5
-0.0073322299923856442,3
0.017634474581232736,3
-0.0099931649395364787,3
0.0014448866783486241,3
-0.016700349263942118,9
0.016509907818079279,5
0.22310174644083899,3
-0.0047669909672838308,3
0.010796225062028037,3
0.039438682541521088,3
0.0072056427750938016,3
-0.00010415025240995982,3
0.25975767798291077,3
0.012922086823248241,3
0.022929884833722217,3
0.026444758413766568,5
0.04794601127149456,9
-0.095181862605620532,9
0.0098883391559479901,3
0.094071410363636684,3
-0.18970241296105431,5
0.027930279135375234,3
0.036754602240266276,3
0.15562035799158166,5
2.5474746331479854,3
0.081064816429569156,9
0.01561493216030467,3
-0.11374270262301553,5
0.0033091240994399551,5
-0.0091281928719692384,3
-0.25780495841331613,5
-0.0044740007064069083,3
0.043616943804199435,5
0.018616202712878054,3
-0.029158849869500493,3
0.35907330736711462,3
0.13341143716839568,5
-0.052634011839676753,5
-0.23449044284716691,5
-0.030245011105063169,5
0.2419699508993034,3
-0.39794832554726994,5
-0.0041338683777486437,17
0.21120315510573304,9
0.094887317978511451,3
0.053747687697315139,5
0.015824028863744725,3
0.10842158406001753,3
-0.358063282343764,9
-0.12525391677147649,3
-0.0029181843177079623,3
0.03255838153324659,3
0.034158610850725968,3
0.017740732343747477,3
0.098929028492029725,3
0.093916957711598623,3
0.00066182657032259787,3
0.0056045717378334454,3
0.00040632472197294498,3
0.038895607657561455,3
0.12113819860422968,3
0.0095288550306390357,3
0.045179919138413183,5
0.013278370634443567,3
0.078897191360652597,5
-0.00048570855127280356,3
0.0043806018326949785,3
-0.0096188474386017832,3
0.54483438382605842,3
-0.0022400731874144845,3
-0.05316412613887965,5
0.027035722411786766,5
-0.0001639042095679655,3
0.12206531737114694,3
0.027087423048976121,5
-0.6305315688035722,5
0.056855186539436345,5
0.27250669669121963,3
-0.007851288669761803,3
0.0069167156898176669,3
-0.047473039935086871,5
0.018366925972039368,3
-1.4468312153098357,9
0.053371455816016641,3
0.030049550182702438,3
0.0040204833705039774,3
0.20652796847187724,3
-0.27615965618741561,5
0.088140665671289392,5
0.06480224497390448,3
-0.019407710767264007,9
-0.017470531480011285,3
0.063266007235864521,3
0.2974188064236743,17
0.80428981010488654,3
0.045561282474591201,3
0.65579078589917172,3
0.1043260667065611,5
0.034247118698823589,3
0.012423376454703426,33
0.29174804172739016,3
0.028687750547945912,3
0.018017895716115263,3
0.75632211515554848,3
0.29577635139937336,3
0.0091316603955552186,3
0.20300888834205427,3
0.017985911629478008,3
-0.11348384025716714,5
0.01430381745557693,3
-0.092079281278417913,3
-0.19329634095287748,17
0.019948112122635815,3
0.013182547436334608,3
0.014018490259887158,5
-0.0075083563602630137,5
-0.18718195992303874,5
-0.45731950160518059,5
0.037102847529301881,3
-0.56870818605473095,5
-0.094441697814860948,3
0.0059060935929737945,3
0.014788491197122616,3
-0.0022394717275617325,3
0.0058491174903749811,3
0.13994656410452092,65
-0.041361145497809886,3
0.019221356312194009,5
-0.001521235457829978,3
0.040305819550747191,17
-0.087945433555120162,3
0.0093469472429020626,3
0.037530793375018412,9
-0.0011658869268339064,9
0.038089393565026358,3
0.0037599001844362944,3
0.011607961488546795,5
-0.16607462616798746,9
0.043733518379810786,3
0.13485756085406891,3
0.032485874613793028,3
0.0018635330546567879,3
0.098691561934871316,3
0.056178775538331643,3
-0.060189544424287415,9
-0.0097807386314327227,3
-0.012206514894087946,3
-0.00048787755439724762,3
0.006362150572683206,3
0.90013665397599829,3
0.50120941672859332,3
-0.27000809989671926,9
0.11297989001355044,3
0.013251781772032152,3
0.17984970760107055,3
0.015647024466459849,3
0.075269601275581827,5
0.069753955068579274,3
0.056703272104271181,3
0.56425961359738541,3
-0.064166886562058212,5
0.0019004806035607155,5
0.023609785598132017,3
0.036556784012317753,3
0.10839499739170172,5
0.041156772805781214,3
0.018396375159659199,5
0.014092828279578451,5
0.048675374624478525,3
-0.015489815641119089,3
0.12984563645405614,3
0.054518966986027324,33
0.019272974986622084,3
0.0027647739467243407,5
-0.00010141617045360867,3
0.00099710290291272303,3
0.03482874858923736,5
-0.019515504564087408,3
-0.31839320426053985,5
0.036726450209464925,3
0.097387006750819363,3
0.19276059682851296,5
0.015103901690851575,3
0.022951558373580427,3
-0.0016616638683776481,3
-0.00023528368794038809,3
0.0087549835387682445,3
0.13919192269539327,17
0.070260857523390161,5
0.054188824868357695,3
0.030353813384852744,3
0.028254391070401612,3
-0.0017443456878333159,3
-0.49324740351569846,17
0.032151722265922715,9
0.014002138018868703,5
0.023380426222909756,3
0.076315857800782413,33
0.20102876799501115,5
0.10662725252168238,3
0.0012338621039507845,3
0.048427558769125224,3
0.42486662266900282,3
0.15477902388494913,3
0.041474564079347798,3
-0.0077916880588703467,3
0.52241757583030113,3
0.0049034830696293536,3
0.015293270917597662,3
4.8482198535825117e-05,3
0.31085728265708051,3
0.015417652902880922,3
0.038087125108223055,3
0.006079091238643761,3
0.00043478001803265573,3
-0.0016282436608740841,3
-0.00611526667734819,3
0.19431675705673646,3
0.070281137779049152,5
0.39649992913121523,3
0.0069332855621092376,5
-0.091674602580558609,9
-0.24359466229033119,5
-0.0020222774363396396,3
0.036138475195158629,3
0.30791098929221805,3
-0.061361249426962396,3
0.01843305636653772,3
0.0040503503322678802,3
-1.0161592980930736,17
0.052226421049857599,3
0.0028104375205101331,3
0.13250030338046395,5
0.0027788011932508793,3
0.001295396544695045,5
0.00019794952004146291,3
0.072846846519958042,3
0.0088921020305530851,3
0.04184317553544694,3
0.024199478017607225,5
0.0040371665522908832,5
-0.28669406779497086,33
0.062111301502762159,3
-0.067706585976072778,5
0.083422390187026921,3
0.0014741226426783981,3
-1.6735600646903408,5
-0.00078558061666973201,3
-0.0057944874088498768,3
0.0039057404348173926,3
0.0096835271046040484,3
0.044910024875817384,33
0.0033167380906127457,3
0.018030005394987409,3
0.043129807218651728,3
0.063446381964360976,9
0.028839949429756623,5
-0.030634607956596303,3
0.16136844400523967,3
0.50913886874980008,3
0.047546155952678561,3
0.11159949291892395,9
0.072465803874803517,33
0.011821405512923152,5
0.031535016157833586,3
-0.072117000043404753,3
0.099122236185877857,3
-0.037227151220681244,5
0.11111914603238367,3
0.027626213857882494,3
0.075530996603507969,3
-0.20662469378660697,9
0.052320369833900905,5
0.023713011922528351,3
-0.047283768419746894,5
0.017050715580232162,3
-0.039517708623987097,3
0.017461461421440977,3
0.028516109739368634,3
0.037081448288138016,5
0.070197571960296704,3
-0.00034204580993163399,3
0.0011921541718169458,3
1.1355633328529395,3
-0.2419419115599647,9
0.030886099736056296,3
0.11500555400680419,3
-0.03679692690313438,5
1.8628598103082983,3
0.099109254346076786,3
-0.059776838533722211,3
0.18034225177106003,3
-0.0046389694238763799,3
-0.031607075890588344,3
0.081458475506001757,3
-0.028860926521780336,9
0.0076062808863285973,3
0.062449195937148004,3
0.0038939001687484736,3
0.010582947786639808,3
0.032821058891791856,3
0.0018276540217836835,3
0.032887737459386258,3
0.054083785005136317,5
0.0043390365204379446,3
0.028069554449653204,5
-0.0012509501840611231,3
-0.0085131659430182013,9
0.08420423565566762,3
-0.018377723103969186,3
0.00085290522113290685,3
0.012513051402835925,3
-0.0016282844404455826,3
-0.0045390581995827031,3
-0.015443616096095111,3
-0.008923695950994048,3
-0.043910414846087917,9
-0.0026968915602130308,3
0.025013644368796384,3
0.011781950076452184,3
0.045990966902965683,3
-0.028382943803753492,5
0.05589235291990554,3
0.013544569401680875,3
0.41525046528350218,3
-0.046749838060559872,3
0.01369940298010785,3
0.027655357286480164,5
0.018601907289761199,9
0.02335989908917465,3
0.053016311687692073,17
0.010384643603254582,5
0.068432702049149169,9
0.0079555329907518308,3
0.036230502042776759,3
-0.0028629241569233027,3
0.057511800571601421,3
0.079360105904731179,3
-0.02387998662244788,9
0.030841021785333256,3
0.0093850734994166771,3
-0.10603648575395068,17
0.066395917331599344,3
0.02421376431181374,3
0.052516032335587125,3
-0.12230150838939041,5
0.1015444677495881,17
0.064997945867627777,5
-0.0060371087628203418,5
0.079107337912223297,3
0.0047464121035278957,3
0.01701557888066017,3
0.17058439172972706,3
0.042527618009361334,3
0.091882224248057462,5
-0.058498149225094734,3
0.011416222373757483,3
0.016859915281454883,3
0.059649472633058323,3
0.0081248666478549187,3
0.040589086598477687,9
0.054451496359693229,3
-0.093890008773877265,9
0.19679775357043636,3
1.7452891931292094e-05,3
0.056545312346203844,9
0.57300379638793508,3
0.055486896647414539,3
0.026934393154361098,5
-0.024431394811645898,5
0.020718992578004466,3
-0.24616931139793113,5
0.067980614148856949,5
0.12243148726233263,5
-0.0046019687442635775,3
0.0039813312032790796,3
1.008184101079006,3
0.0078643800790645802,3
-0.0062172307520573832,3
0.013880948174520871,3
0.024770379987328461,3
0.075202630197263157,3
1.4677571387304722,3
0.027993820493863415,5
-0.0090407219584269435,3
0.034704989431843594,9
-0.081651050557069921,5
0.0091145713737770702,3
0.053746051364527037,3
0.049895875812235625,3
0.006191491135590795,3
0.021317515512582697,5
0.15930689230520995,3
0.059578439692873263,5
-0.009845137230359487,3
0.63839053283960434,3
-0.0042696960910000338,3
0.0045691244166085757,5
0.010512677497327384,3
-0.000666669991877115,5
-0.0043072147385980588,5
0.0054518537919768448,3
0.39264795422673321,3
0.077807175477709642,17
0.0046073902254018259,3
0.042624717385796221,3
0.014268826240717852,3
0.0094215766197350004,3
0.090650542269353401,129
-0.076547782743028522,3
0.010038125461524735,5
0.20648251049049884,5
0.0039477806877926862,5
0.026725243425071481,5
0.026643616515280893,3
0.041660014191129635,5
0.030317869358811603,9
0.0034625446481939617,3
-0.080349638773457077,5
0.0099637648083382904,3
0.85272799011227562,3
2.2925953111073696,3
0.012752053564023853,9
0.02973661930484239,5
0.1079772567765447,3
0.046736620424847684,3
0.0046549512642603159,3
-0.00096488953887278821,3
0.021839649482865531,3
-0.0029954930122717952,3
0.10365879790096287,3
-0.032948614045507751,3
0.0077322464386142117,17
0.045805925066881609,9
0.03895697424251985,5
0.014478121367462751,3
0.00089410437751809714,3
-0.11182612224261881,5
1.5174069902404661,3
0.098271445387465475,3
0.022639512988542002,3
0.020062753383837426,5
0.092416309105915445,3
-0.031246804751974132,3
0.0011388507900605479,3
0.00039779838218242193,3
-0.16658886820692523,5
0.085492016376289337,5
0.22084708107408446,3
-0.95223399432552591,9
-0.44675589824982864,5
0.01598187051493383,5
0.0016544481430128706,3
0.18974339476183352,5
0.025365795492656995,3
0.006589725553290118,5
0.06861882622969713,3
0.024732825434251694,3
-0.0054842669641955843,5
0.0026650694943397071,5
-0.011025476433615641,3
0.015622656176166783,3
0.011998583820735369,3
0.0078939679676058375,3
0.028137060492211655,3
0.0037402566086745565,3
0.15799171969226455,3
0.0091543166022368134,3
-0.014550706895582766,5
0.00029395708637056908,3
0.0081054155591159648,3
0.21342314589083089,3
0.027693899143781602,5
0.020276675771066569,3
0.018067688938395714,5
0.015967037772377554,3
0.030390662976964869,5
0.00048890089004918042,3
0.1792388384342444,5
-0.0072292039333903416,3
0.39864994604706716,3
0.0077549031105750904,3
0.1701236219525529,3
0.0683303957225328,5
-1.1468179588844238,65
0.091389412766544248,3
-0.0014966221816895451,3
0.074599456249754406,3
-0.03608471672625603,5
0.043001491513939311,3
0.00391774485947029,3
0.001967632482286796,3
0.25755724532822655,3
0.14940045749849304,5
0.0042942566083737158,3
0.072687244669042098,3
0.043929697568856875,9
0.086351419840487526,5
0.07045476856498592,3
0.22278549233442368,3
0.0033695703726567953,3
0.022792438220527091,3
0.028036795897740871,3
0.47816519314071632,3
0.37790526131007468,17
0.012243918550282501,3
-0.0043565690205992214,3
3.1102005549650511,3
0.23648478965396635,3
0.0073022121932889063,3
0.019649678769025066,5
0.016140144088549854,3
0.066247286303704786,5
0.006512656538424322,3
0.044078725819010629,5
0.72667678214786913,3
-0.032672864508286437,5
-0.042049506580734829,5
0.0032842680519403469,3
-0.0015671128040219897,3
-0.088787350710391413,5
0.017811897681932729,3
-0.078652543090557539,5
0.0008104532685011312,3
0.013267503203481435,17
0.050380808965411826,3
-0.0030457181434222669,3
0.0021437584663235023,5
0.0043700422552106488,3
0.0054293404306662608,3
-0.0026316256995092065,3
0.26059883281726925,17
-0.32916395099465057,5
0.045599494831945662,3
0.014297551886487844,3
0.051430078894510005,3
0.072761358937329532,3
-0.00042235710454989635,3
-0.091890761879957594,3
0.0281132066115529,3
0.0039577184122953201,5
0.01443956050101391,5
0.53275488517196057,3
-0.1368829562888243,3
0.043047342776270626,5
0.56428290904865219,3
0.29411215530893203,5
0.00035577958618150272,3
0.0014032078221977477,5
0.083813712971821858,3
-0.064198709486509159,3
0.0010735912285076302,3
0.49178627106662681,3
-0.052995466892972611,3
0.050708695168542504,5
0.026794957816379986,3
0.48471922527381939,3
0.053452869251297622,3
-0.18867618996192126,9
0.055670084340538314,5
-0.010128971213164376,3
0.022850526495521207,3
0.079875621348243941,3
-0.32885232594550179,5
-0.043728699345949799,5
0.039114815849531456,3
-0.20104281566008053,5
0.0098119669226214307,3
0.1288544025086136,9
0.059615252661894276,3
0.040106856970540325,3
2.7229693906224917,3
0.016469952587239017,9
-0.00011214278169763103,3
0.36113865562253655,3
0.029844633288875745,3
0.10234142419591788,3
0.013482677678451811,5
0.021296266577267638,5
0.080474366942257666,3
0.020638696805990925,3
-0.077953940593471632,3
0.066083995141799176,3
-0.88423074771127974,5
0.018253558235909451,5
-0.15421478118336113,9
0.025650334713345317,3
0.2268741457550689,3
0.018404981615495784,3
-0.06618709527987339,3
-0.089789515643099338,5
0.0096065759741115943,3
0.028209539618002863,3
0.099795917301547438,5
0.018505278864951426,3
0.0032826098195651633,3
-0.46528121231531694,9
0.00066251385528386662,3
0.25984253264259871,3
0.00078297147923986343,3
0.038599337791218456,3
0.041259403659502536,3
0.011174029897486632,3
-0.018838086578225513,17
0.09132088499465732,3
0.11267887193656097,5
0.42549607199353601,3
0.025062671214045498,5
0.0042260418445406673,3
0.07352061847715817,9
-0.025633447849685895,5
-0.00213807653560381,3
0.029665495175199057,5
0.033311676784914819,3
0.063089892708974651,3
0.0105771480679185,5
0.012345997572180623,3
0.06815086701983343,5
-0.012245007325840621,5
0.0079714258056442985,3
0.0025574368480338356,3
0.027009066420689929,3
0.045222210295262064,3
0.054529842646003295,3
-0.10606338636951818,3
0.1443797154309073,3
0.0051574375032145785,3
-0.064964066603173554,9
0.10136136081309247,5
0.050672888591367427,5
0.049913522409783632,5
1.4348045566740926,3
0.030272264862500894,3
0.19600224272071037,5
0.43531452043008656,17
0.019585320625110651,3
1.0958590495849294,3
0.0090955857426361208,3
0.004495378899190652,3
-0.11482072064108727,5
0.0018912419325271465,5
0.018062202586819943,3
0.026513137302688106,3
-0.45124956696405999,5
-0.043739864233032021,9
0.61888122192943285,3
-0.0021899727318188721,3
0.026422304080852357,3
0.065068122660339414,5
0.022064404997555291,3
1.5461303639984045,3
1.7250959353744793,3
0.051083529919742549,3
0.1868989107880927,3
0.076476808387499512,9
-0.002281379479093779,3
0.018336183601122571,3
0.0022415724123809769,3
-0.34931232449992566,9
0.0078681252260646255,3
-0.046805114836972479,3
0.050401115895983783,3
0.0088869136084744477,3
0.0032714658596915002,3
0.0060650402179317454,3
0.013012960553034632,5
0.025248752004081259,5
-0.072676913495613005,5
0.41490937275666423,33
0.14058782181326954,17
-0.012356891028051266,3
0.025880502795247319,3
0.065831320103696148,3
-0.041091571962865232,3
-0.086262196842346719,5
0.36489456992654734,3
0.10159978442700117,3
0.0067799333821882369,3
-0.12631146153415981,33
0.023310541527280564,5
-0.2408766079924575,5
0.062495485975429282,5
0.016626125548954249,3
-0.0098131035545379244,3
0.078175193901436332,3
-0.25749586511931249,5
-0.41131784804500277,9
0.025151831706719637,9
0.017971876311667405,5
-0.055088680456005672,3
0.054558595301600649,3
0.059247833483974853,5
0.74282874503582064,3
-0.13670244176454882,5
-0.021600018371836251,3
-0.039602992430936325,5
0.26029384932385458,3
0.6464404617096563,3
-0.07568175578655037,5
-0.00043147492212471946,3
0.079074791742532402,3
0.16676586422995635,3
-0.01022336883025741,3
0.004054439257251399,3
0.12531397752430623,33
-0.0029080570290168548,3
0.068162801965391123,5
-0.26939008374776641,5
0.063492678207900083,3
0.058667337129790935,5
0.0054040417406868886,3
-0.11941175762421355,5
0.05123044818697569,3
0.023774789981964951,3
-0.0091432883193793158,3
-0.21030252546430384,5
0.10649938451070093,9
-0.036725880977985452,5
0.7300801698488133,3
0.25130063709913031,3
0.001355352592749417,3
0.06488763909287075,5
-0.014757817147432763,33
0.10892256167935353,3
-0.0042364558133883914,3
-0.041113330151177692,5
0.06276795536425156,3
0.030412029991108723,3
-0.026670009700604545,3
-0.0076665461826509124,3
0.042143632928952721,5
0.051789289567236538,5
0.019863023534882489,3
0.19933383183038292,9
0.12947777013612763,5
-0.0083056037422303899,5
0.068643887361430955,3
0.00056382218861365308,3
0.049039577242071759,9
0.025098327817283276,3
0.00072961385246926233,3
0.013040380537940831,3
-0.96303554014212212,5
0.00064878786873639571,3
-0.21180149856325386,5
-2.1524534667007225,5
0.080920275411400608,5
0.021809068426461471,5
-0.070075654817129004,3
0.31301890594399728,3
-0.014227604141411075,5
0.13682695501734396,3
0.084389073115708313,5
0.0016534910426335512,3
0.0059277720811038671,3
0.8830925973837086,3
-0.13613277628667347,5
0.0020192192943165365,9
-0.096179779531158832,3
0.012769960192546101,3
0.078802784690865726,3
0.1550861032082235,3
0.025485328107878309,3
0.054023381226133371,3
0.025143156819025441,3
-0.07279365534353624,5
-0.050242412651483395,9
0.010606879737544627,9
0.0092525719469473081,3
1.4439556411558241,3
-0.0042542964389671867,3
0.033538318298101132,17
0.11717816563477103,3
0.067757143079466869,3
0.054207711813584969,5
0.074632278744793654,3
0.026881845023254466,3
0.06050419378197186,9
0.14881110816437004,3
-0.038536507911722834,3
0.058414682135734967,3
-0.0030070307556871708,9
0.025623294789831774,3
0.081960947099689027,5
0.0011529819945888769,3
0.087105726014208684,3
0.034486541622417571,3
0.030258500419918802,3
0.0070676501238617195,3
0.0028788399491378003,3
0.069885176627943149,5
0.0016123728962927507,3
0.012345061437914839,3
0.013070545742038952,5
-0.056701319457495354,5
0.056415197099084033,3
0.034606805386097839,3
0.045244873015877519,3
0.017301418353818463,3
0.00063558327255302312,3
0.11786588486497732,5
0.031839651404935443,3
0.0024013306112662404,3
0.0076689129145675336,3
0.08673224261753508,3
0.020328753868065753,3
0.019278483913202218,3
-0.036521691293076128,9
0.023022007248064708,3
0.057458486469551893,5
0.074255898490291572,3
-0.025672251183989945,3
-0.047679745807213236,3
0.047389944339545735,17
0.009735860355882673,3
0.097026626807501321,3
0.0018604208528325077,3
-0.057841262285016314,3
-0.0019049373331734357,3
0.058701206961034737,3
-0.030211149959568633,5
0.017322836465140108,3
-0.0074540715667188286,9
0.029254311807236821,9
0.020222245685987478,3
0.015325564190165593,3
0.034874137445366778,5
0.0020499893779546102,33
-0.027724990287419701,5
-0.31099835843257317,5
-0.018869689460409407,3
-0.011022716559822461,9
-0.035214085524397871,5
0.063901592775391841,17
-0.00777257638237565,3
0.18814911401838272,3
0.12424170706087749,9
-0.0023430357019895232,3
0.046554418971140141,3
0.019622354510106389,3
-0.48582977897315943,5
0.0077759726112440015,3
1.8993802129696244,3
-0.0036278738505202295,3
0.1231185893927091,5
0.1485261195090237,3
0.025509218397862077,3
-0.024781985996290491,3
0.0048822134461516268,5
0.017975236040783254,3
-0.0076695575853868714,3
0.090848842451164799,3
0.0028501517512378462,5
0.014218112053105759,3
0.0039673900925424289,3
0.004253202983964457,3
-0.043118028161965201,17
0.011950445193089052,3
0.63166767250772649,3
-0.15836960103391795,5
0.00021132194174849271,3
0.88584580164742643,3
0.18069686316140754,3
0.0019933292035394005,3
0.024038121459168178,3
-0.10697823036428822,9
0.0080395979812777768,3
-0.0023016319847903892,3
0.6965757885642514,3
0.00071907137850007357,3
-0.29878978042837567,9
0.018698155072406405,3
0.016336744295272869,3
0.04286663037783614,3
0.11880152031087059,5
0.1805198234457647,3
0.023839130520732679,3
0.032334631707282492,3
0.0080858424720485871,5
0.34007924185929705,3
-0.027315263489700387,5
0.60285998549568243,3
0.012509945069659585,3
0.040223221196246009,17
-0.0067051771284135772,3
-0.064816048987334743,5
0.031834013228441475,5
0.050508206545452315,5
-0.0081118430261075472,3
0.020639643671973157,3
0.00041055010399948077,3
0.26257546218347128,3
-0.15482745155255101,5
0.0024670115935700007,3
-0.0034170726693603893,5
0.58168587139649719,3
0.030690223751290161,3
0.56549247403322178,3
0.0062609087367996377,3
-0.094675168249642755,9
-0.090152994197743488,3
0.0010605839318915838,3
0.03990858890426182,9
0.050890412682061945,17
0.016904604541905538,3
0.018185714502999842,65
0.050433260594024497,5
-0.07693950847874198,5
0.0024586322367575355,3
0.011379451519766591,3
0.0073223195347032234,5
0.056921297898355323,9
0.051373177018733882,5
0.0039287093445553537,5
0.045142012723473963,5
0.041110905797900645,3
0.081147134680373156,5
-0.33293413700458813,17
0.037925753712175346,3
0.020294131100566829,9
0.027612100675292538,3
0.028563078898508776,3
0.016617737596228782,3
0.14237197118573905,5
-0.0052772766560015769,3
0.0098405803102681374,3
-0.0096503034251405571,3
0.030276933758605636,3
0.043219458374521937,5
1.0257682637149093,3
-0.024897805201336907,5
0.015742139223332327,3
0.039647612818268493,3
0.011175702167555953,9
0.012509112895309026,5
1.3352064334238654,3
-0.019978998384525836,5
0.018286575276601755,3
0.090681010414613517,9
-0.0685315464020958,5
0.016598421867083785,3
-0.12604887471331469,9
0.07560147354961301,3
0.010454113952478108,5
-0.86173748900836222,17
0.011957157334836037,3
0.072347131543485405,9
0.14972274270225897,3
0.14750895350730203,3
0.0087257183629952679,3
0.043167564702367933,3
-0.094377853877203183,3
0.03638222479788468,3
0.0016577541060655125,3
0.06152210502680866,3
0.029459379497225623,3
0.014364278897257785,3
-0.18876300401589621,5
-0.048430408049778259,3
0.20160864342974183,3
0.01052616277414023,3
0.04080817035769059,3
-0.13414586350144675,5
0.040403832703410372,3
0.63505888045950698,3
0.011984938767809792,3
0.070818094819723065,3
0.064581328035945795,3
0.0054549171604556116,3
0.070005603903421629,5
0.013555447584962221,3
0.033728438341933349,5
0.040862484486643792,5
-0.28112911650840211,17
0.0073160833517699475,3
0.02597382543427244,5
0.13228244445613252,5
0.11920127492601711,3
0.026054795438157575,5
0.022458760302356749,3
0.079506501680437172,5
0.030435423694277791,3
0.11888358689197982,3
0.064873810158336626,3
0.043535345485043404,3
0.4189344684890281,3
0.077016534176839582,3
0.1209868521217197,5
-0.082376084493248167,5
0.77193679441701357,3
0.011130428429155046,3
0.53124052920789366,3
0.073525052921251097,3
0.040308033423708887,5
0.0030450186508974466,3
0.045697944629941992,9
0.0095335363716598578,9
0.016210127686658807,5
0.058965097854934992,3
-0.086997947898405315,5
0.2974975380751318,17
-0.088817299071334274,3
0.59851458487767895,3
0.025564565158867281,3
-0.019698989947684122,3
0.0010846820929302095,3
0.041632021451128147,3
0.10183927336192475,5
-0.16046112749975144,5
0.023913205335379311,9
0.041638095069188731,3
-0.0023660178288150897,3
-0.0010703711308736217,3
0.0016809147245506865,3
0.027320947172084581,3
-0.0011109455672325796,3
1.2695974286140821,3
0.18395146380473135,3
0.10442537006426918,3
-0.016353980785409901,5
0.026283131500789564,3
0.0012346534518912827,3
-0.026149631314853223,3
0.094573605039805525,3
0.00034650493424315357,5
0.050010957645302126,5
0.0097862877930496722,3
0.081013165335914281,5
-0.26192067453831358,9
0.0039510150925441785,3
0.21725514672420859,17
0.027748645395821659,33
0.36643915656033638,3
0.01358392734590619,3
0.017012592389643571,3
0.00071939525675029253,3
0.019274546494088992,3
0.054956356807431557,3
0.0054977869758160878,3
0.020043437364814926,3
0.0043324096842292546,3
0.044202138524182116,3
0.0091257392476943693,3
0.032014205747084856,3
-0.40924518044559599,9
-0.016980379464308717,3
0.013974389998270231,3
0.0057915318206854943,3
-0.040669998201321528,3
-0.0087569341530984897,3
-0.26885129022241655,9
0.16733395109276231,3
0.10655496251738998,3
-0.0053580812110246559,9
-0.14347628490316539,5
0.34912830385826976,33
0.036783352163021442,5
0.027077766729218428,3
-0.0075071170003475473,3
-0.012543550667462952,5
-0.030516347622256988,3
0.034149772144318483,5
0.11668899840411519,3
0.0087734354732953747,3
0.3677800987359342,3
-0.39648050220388342,5
-0.109108905007095,3
0.010469259832048978,5
0.044486300896637111,9
0.14318574385817928,3
0.064640802296842145,3
0.030554663488308934,17
0.024393880825615069,3
1.1525810643217738,3
0.077460801268981014,3
0.027619571707250292,3
0.10103423869669813,3
-0.0071561824718733647,3
1.9485359357689713,3
0.011929587859153769,3
-0.23151044522979214,5
0.076820799176925289,3
0.014278586216598893,5
0.051867347491551967,5
0.054634433630617804,5
0.015950142717436194,5
0.11092077924137649,3
0.057072159698791126,3
0.0062370621617583843,3
0.14404668323107675,3
0.029622241408253213,5
0.015178112021350909,5
-0.086747695962660173,5
0.028542417606420917,5
0.024500959912351992,3
0.034241824181308549,3
-0.29284651804805834,5
-1.3338509070575262,5
-0.085148833208444463,5
0.11127282809012008,5
0.0046027372100791164,3
0.049624799519519626,3
0.0098135147552216306,3
0.065475958788268784,3
-0.0018712171763917648,3
1.1640048700634416,3
0.027990131403780052,5
0.013838208128132346,3
0.10108950885846231,3
-0.051455489894074294,5
-0.050108223332503171,9
0.00011787378224822126,5
0.22720658005719827,3
-0.054122622556682126,5
0.28111190793607238,3
-0.2475080502673955,9
0.0020330698013287405,3
0.018243363046025311,3
-0.0015269058686494081,3
0.013860847668142369,3
0.064584855412902181,5
0.016048947475113456,3
-0.016072583511725035,9
0.0044426245744284519,3
-0.080898441925579975,5
-0.032566086890134509,3
-0.49454947311902614,5
0.012884578443375268,5
0.014662818963220635,9
-0.0010166917988640707,3
0.024632637124426485,5
0.0047068843683070339,3
1.147160553394472,3
0.004398343766413044,3
0.08277758825618188,17
0.062459967341972088,5
-0.021012009264896506,5
-0.10931326510520292,3
0.0064506276855493807,3
-0.10183276878328833,3
-0.022211709720914567,5
0.053384035663444927,3
0.039257713909523602,5
0.10599830694510289,5
-0.15082622424287842,5
0.0074277993454984897,5
0.013284215648576934,9
0.03115258229497252,3
0.0361420647684167,5
-0.006575240661623352,3
-0.013167341759424597,5
0.21024335200351435,3
-0.076855683206901323,5
-0.0025624255979086784,5
0.041207192294379656,3
3.3334375378642784e-05,3
0.15097300595314719,3
0.065448668785773836,5
-0.5421385538081599,17
0.27478818483309947,5
0.030230621821810712,3
0.0096710700966658493,5
0.67287195115952336,3
-0.014952908588081392,5
0.068928878138881489,9
0.0051358665643379047,9
0.039379161996674121,3
-1.3745034302403498,5
0.032050354501934206,3
0.045641124466187837,9
0.2660068505783737,5
0.015372998523178723,3
-0.00032123806094805943,3
0.058240331389990574,3
-0.011065891998082073,5
0.091261684146039745,5
0.14784705408733356,3
-0.030015620108810512,3
0.081283509063951029,3
0.020948865185295183,5
-0.018467376176897792,5
0.07112928536036521,3
0.027386874668368259,3
0.05266485806913395,5
0.014706278350114642,3
0.89974456587628293,3
-0.01559427993417771,3
-0.00058451897476643198,3
-0.012302722509544024,3
0.025220846068141671,5
0.017817601661424123,3
-0.10967413859742742,3
0.022117667954840249,3
0.022501926632005429,5
-0.010030256694486601,9
-0.074514320630827066,5
0.058024825693054637,5
0.060142253482428958,3
-0.0013605271940801491,9
0.027296571966763546,5
0.012465340369395204,3
0.10266427931180974,3
0.060419846324072386,3
0.023069259298022709,3
0.017323354646477024,3
0.07274855080421691,5
-0.0018166931085838991,3
0.026139876671878861,3
-0.032511895624232408,3
0.0073341068765289544,5
0.19839997467314899,9
-0.00064318839890323742,3
0.046486231787244654,3
0.18159555930171897,5
0.35849375554006302,3
-0.024499527807610316,5
0.00012494786188226747,3
0.054937091899066932,3
0.0069589465179267836,3
-0.11425969686665684,3
0.0062036994510833226,3
-0.10607443603148603,3
0.052268382079052364,3
0.018707894090450143,3
0.25270650687481933,3
0.093971748077656389,3
-0.0030870155597766892,3
-2.4655424836249531,9
-0.010647072262396013,3
-0.097216984273854945,5
0.086372252974483296,9
0.1245477619163089,5
0.35340850451197914,3
-0.22251682416487842,5
0.005498814946331765,3
0.04794202835731854,17
-0.031026500210517106,17
0.021477660299850914,3
0.0053662628545420735,3
0.24153008979298132,3
-0.71374474558479128,17
-0.00045292527536788482,3
-0.049086262742141541,5
-0.0028952484608939766,5
-0.18566695784248033,9
0.27750517949128983,5
0.025496700763036246,3
0.015190117603229334,3
0.79324522028138389,3
0.01571121846861312,3
0.016393403082139487,5
0.047264027708554375,3
0.0045055293750116531,3
-0.015219979608134792,3
0.0054988277108859486,3
0.043646331798831435,3
-0.10378597947035655,17
0.021623634745397524,3
-0.00071825896689543811,3
0.03580101892354768,3
-0.042137255301629942,3
0.011830283044769994,3
-0.007581439012015437,3
0.0079076633715279687,3
0.043454235263068665,3
0.084703174255931477,3
-0.095555878262487265,3
0.037604462488640328,5
0.022965277021333042,3
0.49597912665399291,3
0.076541411328893791,3
0.40202455616551019,3
0.067523799001629942,3
0.004473194554978425,3
0.087279650001681863,9
-0.0028773149620002192,3
0.043088133445661418,5
0.018084416349173998,5
0.021538048839743629,3
0.0032580486386392807,5
0.0038957793497916633,3
0.020123770391185018,3
0.075191553801848152,9
0.0097483080333092813,3
0.01907581444996485,3
0.019271109373396919,3
0.066126192969131414,3
0.035230307831446851,5
0.11797761813290535,129
0.022350417140816137,3
-0.022741933268232081,17
0.14101959085671331,5
-0.15909643661325751,5
0.11591930830093448,9
0.064107252461399991,3
0.0010712534181060581,3
0.087288449552882355,3
0.041505533957496454,9
0.021976499380590275,3
-0.002279336262342294,3
0.019385940918097488,5
0.29894332028749032,3
1.1102264535438449,3
-0.03641454994429167,3
0.0008196944267660583,3
0.044624096092095694,5
0.53262587662483518,3
0.042378709764513509,3
0.052529570970192487,3
0.029800775368216278,3
0.10727620276628443,9
0.044571886005858999,3
5.2646570329488732e-05,3
0.064069303204427316,3
0.028400800015998127,3
-0.17944020571236519,5
-0.39343798348789338,5
0.00066712806886864344,3
-0.29844285035287904,5
-0.75575336387171932,5
0.0028824294793098346,3
0.023537296642700354,3
-0.065064704617037311,9
0.0048769379229336605,3
0.51709784433292316,3
-0.040341372153847664,3
0.047788031218492164,9
0.020917526614073405,3
1.2075144241880558,3
0.067178334442716939,9
0.16957187440105065,3
0.016705316374233906,3
0.019697150387525609,3
0.020737718317966475,5
-0.044219085346951466,3
0.077359147049137406,5
0.11113357010231341,5
0.71590679686001746,3
0.0028744210277761783,5
0.8406100212246983,3
0.048997312864094651,3
0.011846725818204833,5
0.0061781630619897722,3
-0.0010283242980345785,3
-0.016431684196314477,3
0.26599082895417642,3
0.63489578017068438,3
0.0025839566475599454,5
0.099009324570106527,3
0.028044654095031214,5
0.047531940371986763,3
0.05736948487040891,3
0.0085217076250861268,3
0.020106825014611238,3
0.00016720595812074287,3
0.10796531597609429,3
0.0423910366819392,5
0.023047486762175572,3
-0.051350594599109081,3
-0.0062461692566501996,3
0.024410324917413392,3
0.023049327280292266,3
-0.015165423637457674,3
0.5089799909237448,3
0.043431815118796568,3
0.18656581127839642,3
-0.025299493066150525,5
-0.0638021849287016,3
0.44815514560956571,17
2.0537242152312816,3
-0.0048467451468579186,3
0.022128236725190834,5
0.23579685980089307,33
0.048588299492815165,5
-0.00064816553873092676,3
-0.0020091422048243036,3
0.048923599290089909,17
0.035513456867582109,3
0.055952103772768401,17
0.01938674490158351,17
0.00024447862501591474,3
0.072727460955216941,3
1.9132278497761628,3
0.08612963669294435,3
0.079055805984554722,5
-0.0011049750748557356,3
0.0098688157277763908,3
0.024164474124665651,3
0.013125738706479831,3
0.035553778558238165,3
0.0031324767912816079,5
0.0053522186564887147,5
0.036365665910008269,3
0.049850242945777973,3
0.082806565067102558,5
0.020205551842970633,3
-0.097572969580840732,3
0.014187249126208206,3
-0.0012598586976949322,3
0.14069120419603542,3
0.045214233235978299,5
-0.00011281731681446701,5
-0.16372780132794226,5
0.026168437705818528,3
0.066374096683316286,5
0.12614967586777109,3
-0.024520429526384099,5
1.583142818641804,3
0.011193264797464856,3
0.028213898974744713,5
0.01528984433335244,3
-0.12719475306916739,3
0.49472957961654768,3
0.014462640760774423,3
0.046862291700381566,3
0.044567482495145486,5
0.012101788726119396,3
0.050514068410597607,3
-0.0013683675058939711,3
0.0017828891402288242,3
0.19509486706413354,3
-0.39574562656616297,5
0.0032159164964321572,3
0.0052631502941150182,5
-0.0013373531603072929,3
0.01157377088343437,3
0.024370007338737721,5
0.0191996175344681,3
-0.0012653153270349268,5
0.010596078441188598,3
0.010464538361234494,3
0.25127295628770457,3
-0.064665565993476073,65
0.026178022353685548,3
0.0013751589201252158,3
0.026868342825542582,3
0.0064949449462164037,3
0.014714396224635514,3
-0.038320364966511263,3
0.087651932856989537,33
-0.021819586817838566,5
0.47788431326866093,3
0.05279078280611036,3
-0.080179183273970903,3
-0.078386672781652608,5
0.010748272039554583,3
0.032688598820415943,3
0.15337555762522315,5
0.033747079872397646,5
0.09042952434794839,9
0.031108173236032346,3
0.00095988418752731945,3
0.11639934764850124,3
0.038466665876313172,3
0.072133290446889917,5
0.00092998560272682476,9
0.30473923031911088,3
-0.0017847331211353159,3
0.010151626496476237,3
-0.012520205944225194,3
0.2496443661280015,3
0.023567957383382857,3
0.27308255761485417,3
0.17025046244183917,3
-0.089099123373208286,17
-0.0057365059103513518,3
0.0097386315438180802,5
0.021038929205459429,3
0.10405111004605679,3
0.0065649844907677991,3
0.014428450521243485,3
0.086261941323394015,3
-0.73990917712788085,5
-0.0091979201133608902,3
0.00058849338807620251,3
-0.41729282067826484,5
0.094603621489576448,3
0.023010759805046344,3
0.027826640947257515,3
0.22771577803289769,3
0.026412820722844951,3
-0.0059645329085738089,3
0.089094919687176824,3
0.038315680220945607,5
0.15882018167321396,3
0.013474414292081347,3
-0.042292995216123647,9
0.022443865022537073,3
-0.13010970032643926,5
0.095090454869075511,3
-0.0034801720186245192,3
0.037990316547545332,5
-0.0038436310022122583,3
0.073906955222512172,3
0.033413037461867391,9
0.01969810902059143,3
0.035478653552627477,3
-0.014729599425179171,3
1.1650886710091026,3
0.061688177552127986,3
0.0065529407062440573,3
-0.082995867604779963,3
0.95579608576315744,3
0.058637537455764992,3
-0.10435556438544299,3
0.070299280914956422,3
0.73893358828620415,3
0.089047331620205533,5
0.006107281488803456,3
-1.5504631861893041,129
-0.09373595079026327,33
0.048289916438486936,9
0.0030599520150246702,3
-0.00070132334255500173,3
0.00981145476363352,5
0.12445375315678513,5
-0.00014970240451503994,9
0.0091571489092028661,3
0.070992114834503919,3
-0.010189034915119782,5
0.061401102296771023,5
0.08357904367115894,33
0.031624039420864523,3
0.30988707406040822,3
0.00046585655166020597,3
0.012218754282591214,3
-0.0038742581342375683,3
0.01905855729217866,3
-0.065472579273854511,3
-0.11149917688231634,5
0.047950878116507681,3
0.31311154034889532,3
0.038399965808288514,3
0.019499544210863046,3
0.028323549898498872,3
0.021835809917558596,3
0.027116530977305889,5
-0.55493136919762898,5
-0.45033050847183165,5
-0.003791355273472716,3
-0.31986211343888737,17
0.05228016404858097,3
0.018957076206933782,5
0.017359324017370767,3
-0.0015049901539940891,3
0.023998855083655648,3
0.0070962600334167607,3
-0.0037430862136387244,3
0.0053466834211771735,3
0.057248766493500164,3
0.11480204209873264,5
0.073574745839887892,3
0.003586187033031674,3
0.058789540659398988,5
0.010611921634353171,9
0.018903354247299796,3
0.77053190371386537,3
0.034419028401940284,3
0.0030547254008229051,3
0.021644546575052784,3
0.0005728881457335432,5
0.076803667540064277,3
0.056703049694551672,3
-0.0013270538222534475,3
0.015007648020570231,3
0.039722114543940354,5
0.018645823343086329,3
0.0057189751959241079,3
0.032394543871782117,5
0.049589905069343555,5
0.00043494571357723821,3
0.040044285040097133,5
-0.023093400160331831,3
-0.068269804831355113,5
0.0028126269177260444,3
0.1583488170934606,3
0.0052582441303215465,257
-0.00075035487504978877,3
-0.012012013259034077,3
0.00068451721402173018,3
-0.006574065380101037,5
-0.0064141143919091035,3
0.029143956919354695,3
0.081904147896691357,9
0.00030455456368029229,3
-0.0036580312695702762,3
0.0032949105724531988,5
0.061665101466485822,3
0.10454081218852362,9
-0.80615658735798823,9
-0.035336833687528151,3
0.0049974027068154878,5
0.011409128480534049,3
0.0021062733725006467,9
0.0038497210058398273,3
0.64935283805311306,3
0.39026279464331004,3
0.040176768525961477,3
0.60710815277436936,3
0.019524543968091727,9
-0.0078724901806304232,5
0.044580723064777637,9
-0.0072778508926979171,3
-0.34498308621654117,5
0.052775786854884023,3
0.034525010459354695,5
0.079167086347547488,5
0.23329682727426609,3
0.052618094349905421,5
0.02446283804210693,3
0.052488867735177643,3
0.030656599506739129,3
0.12991811250197216,5
0.011436291010783558,5
0.89475087366062545,3
0.019338953558135485,3
0.1408127540348055,9
0.11355507297445676,3
0.073836258554271561,3
0.14705323286203992,3
0.011260058866864592,3
0.0082323390316468813,5
0.032623343445481408,9
-0.090115792819555424,3
-0.010392936780210089,3
0.074603154860843235,3
0.011078276625476035,3
0.09616131990895628,3
0.58540671302549052,3
-0.080380598793198435,9
0.83239706158905014,3
0.23286966625103203,3
0.049824731023801708,3
0.028060369222533944,3
-0.24324691432521309,17
0.051232617984173681,3
0.02276252859542735,3
0.10862634081384494,33
1.0855073361946599,3
-0.051319673380631599,5
0.021531599617466861,3
0.016379422226111749,3
0.020564425910003695,3
0.0036065585436066729,3
0.015735219028798982,5
-0.002892621477747779,3
0.032043590088384477,3
-0.0023340211885561099,3
-0.010628127441407412,5
-0.033317624019543836,3
0.037561722388280989,3
0.0013527178124751952,3
-0.012615119979910798,9
-0.001226070642325598,3
0.0094896443601520143,3
0.13041914934300552,9
0.0025941558255527576,3
0.041273267091905527,5
-0.0031922339565628919,9
-0.0033309243959292359,3
-0.045085898660099183,5
0.0083729162262226684,5
0.019278908369791525,3
0.0029054500807477791,5
0.044180496135243483,9
0.035804971005340781,3
0.010812098110019722,3
0.0019854589560070767,3
0.036071209564175206,3
0.031131516660285099,3
0.61230180557981861,3
0.032534476040835064,5
0.03154332196320421,3
1.2599789286411069,3
0.058327128440848836,5
0.014451801555178712,5
0.21335169653164571,3
-0.028812680746782785,3
-0.0068888370962948055,3
0.00010187299168521492,3
0.0061359745526712341,3
0.05704755984416772,5
0.61835766196832642,3
0.050857826470702201,5
0.03319388201704207,3
0.014931166391900856,3
-0.010664891475197381,3
0.0449734257817778,3
0.048506214775676994,3
-0.038355796287067236,3
0.01188164249021163,3
-0.11448270633305217,5
0.27258667466683134,3
0.014964254076188812,5
0.057989164387858977,5
-0.0041364358502709022,9
-0.0066109330694044373,3
0.12030781457943594,5
0.37183121825477483,3
-0.44708799725651482,5
0.13469566151738413,9
2.9084191629289804,3
0.86326295853531365,3
0.0018036114550697951,3
0.11236410808889799,3
0.018282067022469064,3
-0.0029364860478501699,3
-0.0006583332150912394,3
-0.061089956110068414,9
1.5430865513892589,3
0.02860194757223217,33
-0.019741065275469143,9
7.3073619889931524e-05,5
0.39642937251336607,3
0.070766086240230355,3
-0.018933960593509418,3
0.0026946393430672066,3
0.094988025389282624,3
0.078752683244849575,3
0.060130811669399667,5
-0.040833442808808726,17
0.20918131357429703,5
0.0084271397677765109,9
0.16278151977835151,5
0.0020491685007795989,3
0.0083521049500058977,3
0.008046808976798412,5
0.023855641004492684,3
0.004767385020781818,3
0.061177954335374735,3
0.012338758435014774,3
0.025837986038465571,5
0.15813077765094111,5
-0.012528320362786742,3
0.099660314716319406,5
-0.0046434023036598313,3
0.00682052182022272,3
0.0053330443504926196,3
-0.0043469535575803905,3
0.016017829198613703,3
-0.0084720457594047189,5
0.014278026729892318,3
0.047465994764129549,5
0.083300421190210153,3
0.02363454315172589,3
0.0050536704738960037,5
-0.4585469480534341,5
0.00061686863820273536,3
0.05879741616804264,3
0.052719670415373884,3
0.086135832623930333,3
-0.034939099314642265,5
0.13331675463821627,3
-0.21517058129135808,5
0.0080898287033132708,3
-0.68292043789420731,5
-0.047662563807924961,3
-3.4170441733706457e-05,3
-0.1281055762748097,9
-0.0040812974281891649,3
0.8037688208516085,3
0.00097457644918505547,3
0.008231195183734677,3
0.025798712368245189,3
-0.52891928989343284,5
0.1824126993930888,17
-0.014425871076920636,3
0.075345379554596234,5
0.50207572529708,3
0.0021377937846606293,3
-0.010044126846610489,5
-0.049527108321795479,5
0.31014049291478918,3
0.065711072426571912,3
0.13314821471670277,5
0.023067171503552048,5
0.10003314405564961,5
0.058229536152197364,3
0.034905568851677879,3
0.015091921168160171,3
0.0010772834091430563,3
0.055403994287455384,9
-0.023626686312477524,3
0.11694124735145328,3
0.089718769226203435,5
0.040212481860657297,3
0.0046173783856935831,65
0.0033708747921559448,3
0.047580097882253612,33
-0.05514303901343038,3
-0.018025325377739432,3
0.0039580623078419421,5
0.010374281048846161,3
0.01454476036329789,5
0.21551253842363299,17
0.036779926263031039,5
0.32483936007789949,3
0.024047607065819473,3
-0.056491316596021753,3
0.022501473298880803,3
0.25141955506721397,3
0.046785258551004592,3
0.049951892892641327,5
-0.14970570752243484,5
0.016698726078273329,5
0.014749120490708759,5
-2.0119843200815355,9
0.10722639802726665,5
0.077093040956486183,17
0.0029220604892461763,3
0.51154354065583418,3
0.00020180993028932862,3
-0.037404738320771853,5
0.056044036992268439,3
-0.0047038507505028915,3
0.0065181767573280541,3
-0.10822236471597477,5
0.0043528737791350726,3
-0.25215947233163077,5
0.080719025461647068,5
0.0092650015450624918,3
0.55113242712884292,3
-0.044219114230594464,17
0.3028578494872855,9
-0.015985026887151952,3
-0.035027954063923478,5
0.010758168033571776,5
0.0045271422935902403,3
-0.10685066621044581,5
0.20140200736736158,5
-0.10547819795194384,5
-0.0047449734605248947,3
0.55687335669858506,9
0.45317671667157622,3
0.016417928975737881,9
-0.0020326846247928848,3
0.042084183972567024,3
-0.0017623990339060839,3
1.2442010077451537,3
0.033003582648371235,33
-0.0061781807209408193,3
0.0016499588567969582,3
0.28102663896120073,3
0.00075239683249884927,5
0.20677011441421078,3
-0.058571931823468849,3
0.43280857131728379,17
0.35313385443639533,3
0.094904002444502936,5
0.026712741056179903,3
-0.22407865717035846,9
0.036634424010869041,3
0.020952034068836688,9
0.063923401004259639,3
0.39385925404017602,3
0.072426370580270918,3
0.03736852383854556,3
0.00018905242857061806,9
0.0059597628583727014,5
0.0016759801612053775,3
0.0028435136712942001,3
0.064728361548008637,3
0.0040070654727361486,3
1.5829602050358242,3
-0.18980687997090395,5
0.020041196583894846,3
-0.10524641145869693,5
0.014722579835150296,3
0.027566058727277295,3
0.023940486117050429,3
-0.00081913827361745168,3
0.076705348940899004,3
0.012977094328997735,3
0.76812890781433663,3
0.033321100748006885,5
-0.0975873568453728,5
0.002360930334550173,3
0.32019796575821174,3
-0.031728184518187923,5
0.0063038646701277642,3
0.030803506565960283,17
0.0085133935188874323,3
0.063700627713563926,3
0.15488009066848762,65
-0.0011922741722381139,3
0.15011357484566043,3
-0.0037521921832386583,3
-0.0067185834521386921,3
0.025327709262920505,3
-0.0077685366883199483,3
0.044439984571039808,9
-0.024314999500177941,9
0.036707334700508215,5
0.0029581869122927021,3
-0.011683648278294852,3
-0.017122989730108423,5
0.12961375151927512,9
-0.0046618382273397188,3
0.040374952010185962,3
0.023359315585476981,3
0.058764737066541645,3
0.048278094917229335,17
0.36381564149345291,3
0.026892256796539723,9
0.83930736416038876,3
0.050103833713352579,9
0.0033786081947693573,3
0.24425034511321239,3
0.14686535449793758,3
0.0052851880141636534,3
0.12428887871858382,3
-0.017356105639492879,3
0.011042452215756417,3
0.029455442487286827,5
0.0003622477919288014,3
-0.050452074727808577,65
0.0080590034989717844,3
-0.13639334428057309,33
0.0085975009352151233,3
0.043727250715498794,9
0.1747056800225627,3
-0.00050547349503510155,5
0.047717866932964537,3
0.032569501321122844,3
-0.0066071492950886459,3
0.01142262910082413,3
0.005897907461954211,3
0.0186432219254852,5
0.0010506536881365245,3
0.005622797585050205,3
0.056695568448801602,3
0.59600445752193809,3
0.0040471764124661424,3
0.0015389349991819408,5
0.094771943465368283,5
0.86477743707279742,3
0.013623761750747865,3
0.2775841481598777,3
0.084547112071417865,3
-0.00077988368519550449,3
0.35578606997061341,3
0.0025775480208272074,3
0.095948056735354836,33
0.029092545805290481,3
0.46841458081927595,3
0.091323736530626504,5
-0.015133424246958158,5
0.067818091520536763,5
0.0018619236082140383,3
0.043424894094757784,3
0.050587470711432603,3
-0.0015126404038013947,5
0.066286943240785129,5
-0.022778421863133648,17
0.24527042261330695,3
0.028891317352656546,9
0.050499594943944355,3
0.014363935400042795,9
0.001954382724401434,3
0.019605647512520721,3
0.033501222922765687,5
0.98152031172701182,3
-0.21279954185885677,5
0.12784537115673436,5
0.12896837224843816,5
0.0080426544519973404,3
0.039991445428633005,9
0.016426541478862685,3
0.052843395239488215,5
0.014542024080954907,5
0.013647885115559659,3
0.012394195163707924,3
0.0028757836723598313,3
-0.0079484505295097808,3
-0.14710703991287885,9
0.028832021469620342,3
0.014101436413274954,5
-0.067922096006163515,3
0.067370857319131672,5
0.018531163949842545,3
0.012914234464258881,3
-0.14050399072179909,9
0.45579393126613477,3
0.12807419773541845,5
-0.086085132581065621,5
0.22404348622083664,3
0.072397183784681574,3
0.83187052852949872,3
-0.033833188465865735,3
0.017144053954428019,5
0.0059236511012529282,3
0.11447568550608152,3
0.02298719436180547,5
0.17415529268378316,5
0.040894718516356822,3
-0.71840129753063531,33
0.057609849649978943,5
-0.011191247604630401,5
0.093300789849471322,3
-0.018003993329420973,3
0.02762760977065741,3
0.059888613599736719,3
0.040767401795452775,5
-0.02826532604426699,5
-0.0079764680709888749,5
2.636258580236555,3
0.023936543802660224,3
-0.015875186336692739,17
0.017195237233152045,3
0.079257925869758092,5
0.22910203531640538,5
0.23148481341507743,3
0.080859516682298682,9
-0.15773059213517779,17
-0.00020146859019989322,3
0.0031369115604454522,5
-0.031674652936164401,3
0.010890716259705885,3
-1.2822299508058388,5
0.033259726533724519,3
-1.8107879195184875,17
-0.048926743563024552,3
0.057679616402080393,9
0.33990782991118224,3
0.080764797854512918,33
0.044604087380198207,5
-1.0848451083537423,9
0.1210120081890393,5
0.60181221078437674,3
-0.17375805406314251,5
-0.0022690461613926868,3
0.0067524561103469421,3
-0.00022509045878905303,3
0.0060570988189163431,3
0.00015628493712309879,3
0.37214889864406664,3
0.0052663076132599572,3
0.057531620456564847,5
-0.35352605035478385,9
1.6625098858464691,3
-0.0044720297060489118,3
0.068604583364403379,5
0.0089665155106639569,5
0.029938548898409037,3
-0.057355401743891275,5
-0.05135836338643239,9
-0.0069133398640296865,3
-0.062471760559945085,3
0.22843695325365621,3
-0.053604980807057452,3
0.0035459338641696766,3
0.0087778229993013927,3
0.070286494979592717,3
-0.10643367595097844,9
-0.11315554911916223,17
0.84589911707996446,3
0.011260783064310874,3
1.1615077983957285,3
0.021761302274652165,3
-0.00065536901427529866,3
0.30869299049775711,3
0.18875715576317478,3
1.3419194942116512,3
-0.050873222472599046,17
0.029157305414415559,9
0.0056227220403551803,3
0.0060666910557785805,3
0.023209322975109588,9
0.69336603285659282,3
-0.033680819226623152,5
0.092793678152212788,9
0.0025870590215596257,5
-0.2039868560973955,9
0.088404169921843925,3
0.016112824190517419,3
-0.29550546961298613,5
-0.040680378946811278,3
0.0091565315509169361,3
-0.097324562144818313,3
0.027985656755195536,5
-0.39880817316767614,5
-0.088152862270151344,3
0.0062104951387266976,3
0.083987765661547975,3
0.0019289195121508008,3
0.0089608872301000647,3
-0.76489952437468711,65
0.11157937168944153,3
0.046567490933551774,3
-0.0012308722798382952,3
0.16774764822170812,3
-0.16225666332609603,5
-0.012458522483720891,3
0.007748279169152693,3
0.066262324338393602,9
0.023442300887439621,3
0.060128975734376533,3
0.079276033427478396,3
-0.0020002677116845642,3
-4.4420123201179318e-05,3
1.6959793769989251,3
-0.001557955500104391,3
-0.056385454476068311,5
-0.0009135112748104848,3
0.25241981865101298,3
0.031371079058871189,3
-0.01137948029365066,5
0.32621381492019591,3
0.047467693314257556,9
0.0070589899209336565,3
0.37991292407982991,3
0.41220618554385757,3
0.41284188007175548,3
0.037102633342931707,3
0.014949676610657669,3
-0.36532510452087752,5
-0.029140177399820014,9
0.032358531317885228,3
0.013841921012355415,3
-0.019312508645643264,3
0.013303044888698492,5
-0.0068254329277300033,3
0.0014180249287236634,3
0.0011783308110957572,3
0.21205934997491052,5
0.018683691801917136,5
-0.018214299054598742,3
0.0032951906161016748,5
0.00039248135126489616,3
-0.00071136245601153658,3
0.70664041378844955,3
0.018876826482133898,3
0.047497523993395921,3
-0.019372666709416911,3
0.0075788430866515688,3
0.01631960840291613,9
0.018604928397963367,3
0.22622183404198082,3
0.015889815559026216,3
-0.23638513667956132,5
0.089950882160212992,5
0.0030686476988852317,3
0.39600569615667941,3
0.033325616571789528,5
0.072788438566539215,3
0.07069196389085021,5
0.022955172089422587,5
-0.41422310915051014,9
0.02220922066721065,3
0.018600805685165044,5
0.028144587593792455,5
0.020667888742229606,3
0.06458053537252198,3
2.2452597820898252,3
0.021868475567844985,3
-0.0082274360050799307,3
0.0037067130890434102,3
-0.004136669508880652,3
0.022361040510583921,3
-0.0037261969503943064,3
0.052616608674442511,3
0.027370083957236481,3
0.031598814666659439,5
-0.00019055215094977446,3
0.038996176493401209,5
0.068912073627709292,3
0.028615366479645996,5
0.045928016232806138,5
0.0070182903708259376,3
0.012727223565415641,3
0.036759290105587032,3
0.42171905425799688,3
0.0514696215910685,3
0.083803852492200584,5
0.44057238356126011,3
0.72792805188397991,3
0.027393799175587624,3
-0.026903442905231358,3
0.017196850303082864,3
0.033025580718773664,5
0.056585696535012761,3
-0.044681600388857379,3
-0.12720763097099255,3
-0.0014522880735869049,9
-0.0045176759818230782,3
0.97893188869517345,3
0.025145878009116732,3
-0.022924774278164212,3
0.024565504794488775,3
0.023363907772476187,3
0.053918406974936224,5
0.024351655686206709,5
0.0027815915226360967,3
0.027312764443376408,3
0.032913569138901345,3
-0.0068074512016627958,3
0.0055211268447021211,3
0.12145594067107505,33
0.079771284928177824,3
0.071300256680019686,3
-0.58251504433935852,33
0.038130586020554968,3
0.026972520147949802,5
0.74159266449753725,3
0.032996022674535462,3
0.0072112969534484728,3
0.14777098018107884,3
0.0074743972868785208,3
0.06364108803736554,9
-0.00045232599478941865,3
0.050808382997130461,5
0.15126761706428704,3
1.113894342732991,3
0.019760593647395238,3
0.082308042737564938,5
-0.0066668355607370127,3
0.52749903117742314,3
0.019344117026575992,3
2.4112515083064494,3
-0.037254973879019548,3
0.064928483343456619,33
0.062637580472483148,9
0.0051713573759554887,5
-0.0087839100569066918,3
-0.018089437565185145,5
-0.043712371130905973,5
0.46607848313740036,3
0.069638808846681943,3
0.24715798758064703,3
0.023885241368208313,3
-0.0072296326082954849,3
0.053226915830575407,3
0.41870063039167843,3
0.032944379117199031,9
-0.014018042221500276,3
0.015491032466523108,3
-0.0018088923719484522,9
-0.055458088486713818,3
0.024802982900202719,3
0.012523246964199255,3
0.0090605222204272577,3
0.062864647476393351,3
0.0079831564361962249,3
0.22331426200589222,3
0.032382231926946579,17
0.042124042784000948,3
0.82681844788950132,3
-0.16433356141853375,5
-0.15726284909540397,5
-0.010875590750171827,3
-0.10576497951930418,5
0.10764652002542326,5
0.058628808310226696,3
0.23974570831071562,33
-0.11820184613364547,9
0.0041520280151020762,3
-0.0092115400823693239,5
0.054709763906188466,3
0.03565405552587729,3
0.088684750352494665,3
-0.0021922930273780439,3
-0.081913724496417248,5
0.038458908594932187,3
0.078945276013256613,9
0.01439133538054488,3
0.86993164800238132,3
-0.70941732923809009,33
0.016718896130898907,3
0.0056034083202178,3
-0.12751270077341009,5
0.07489767454339083,9
0.008391850513377987,3
0.02868793327998324,3
0.027048466510258343,3
-0.01524589840196071,3
0.15940945327743519,5
-0.65816103702504014,9
-0.33633123619449584,5
0.0079922962015109896,3
0.026078320934469528,3
0.037677855207158557,3
0.016715687902772197,5
0.20714708328025888,3
0.075215796518400921,5
0.025209541249942253,3
0.003505891358855177,3
0.0020596930078593759,3
0.015158739374793008,3
0.001736727370031317,17
0.030442651223824866,3
0.058556077266460269,5
0.061649579112011743,3
0.16472285502589776,17
0.28099559752187486,3
0.0010360390720937705,3
0.092173708695095238,5
0.70949683492582427,3
1.0697185051617255,3
-0.0029838269673870331,3
-0.07330504483498046,3
0.0035093341090060536,3
0.0010193015874337846,3
-0.33397124805229628,5
0.033748515567344504,9
0.16413725316261452,3
-0.00084995558126563697,5
0.0048675841304527288,3
0.72073081775024361,3
0.0038824269896260049,3
-0.013680934038026529,3
8.504440337808802e-05,3
0.10214687570346297,3
0.0061486977906425868,3
0.0015093342969329461,17
-0.033990174677634419,3
0.017375918952939409,3
0.053998973129614068,5
0.048202786455388502,3
-0.026536676739450024,3
0.18560987583891994,33
0.036260805120961338,3
0.046122198733378181,3
0.045178991533619518,9
0.038232451218746827,5
0.0058886017830042086,3
0.17213199915223495,3
0.17369420134706717,5
0.0056929581892356338,3
0.1102775467915284,3
0.02241164105515325,3
0.13768861866786483,3
0.037998420153976573,3
0.12506631585042713,9
0.22991864662048903,3
0.03082643654276131,5
0.0092681873830207234,3
0.063300291363572556,3
0.0027657660218172605,3
-0.039326975575723615,5
-0.4885092727589882,9
-0.035715971457040425,5
0.018068400325216234,3
0.0044224633839446258,5
0.075964090006067186,33
0.03962725787823318,3
-0.057092411351522446,5
0.2907776675061291,3
1.1110345352124262,3
0.12847761522391221,3
0.033039961142863256,3
0.01869879928503106,3
0.079371126804285694,3
0.098893144959953494,5
0.012241649740011287,5
-0.01349217453271135,3
0.29103497921886962,5
0.022970543382576918,3
0.0047672498512922471,5
0.0040180450315874337,3
0.065617113024611706,5
-0.2932788066816237,5
0.025201028732296859,3
0.052562751158448294,3
0.053560812978152808,3
0.033676405543741829,3
-0.066610626084710189,3
0.020010236896763206,3
0.047751319460519345,5
-0.075825635564578581,5
0.029260448316377256,9
0.069356321921630285,3
-0.31401321394404957,5
-0.037887155580485804,3
-0.31206542430863965,5
0.095756274383890033,3
-0.14079557148113614,3
-0.0066195770192699109,5
0.0055751492627816902,3
0.003029482400195569,3
1.0615926712868036,3
-7.1968728355505683e-06,5
0.063694709768863614,5
0.08554854797940406,3
0.011831599722312906,3
-0.036286216694463365,5
0.76340091462789039,3
0.043100680285336611,5
0.037896185869987213,3
0.0013506654328531826,3
0.024922007280722441,5
0.0066522894958809531,3
0.049015040002091635,5
0.092626357956876681,3
0.01947890855198867,17
0.063534578756776899,5
-0.052031305217925955,3
0.0014037942063823106,5
-0.10899384828982142,5
0.048972393236822669,3
0.0029387614861288427,3
-0.029247690855463679,3
-0.014827525471301971,5
0.012842552004567144,3
0.027756257878872995,5
0.091670357452811324,3
0.018817250069777445,3
0.19660439885646935,3
0.017805264301405738,9
0.0010367521658489491,3
0.014527386581154853,3
-0.0038549157726050459,3
0.28639299487209252,3
-0.042961129153689624,5
0.0089882743551447358,3
-0.053352824668656131,5
0.0015742541300258646,3
-0.0079439396823659907,3
0.063172030450472594,3
-0.0011529173202211467,3
0.14529470801503527,9
0.0064220052732686782,3
0.21393543209181964,9
-0.0023850755773975091,3
0.081713726719944701,9
0.084866855957079157,3
0.62734472379710748,3
0.23133768821977818,3
-0.028000328600944261,9
0.0060683090473019376,3
0.016246767113289068,3
-0.019060733941533636,5
-0.0037587116372349056,9
0.016175244944345107,3
0.028710184799531521,3
0.010457708709198476,3
0.0025315658841597736,3
0.01809575748246663,3
-0.028943042768602274,5
0.00096551365968355147,3
0.041649007493615671,3
0.032613737759018109,3
-0.10265331679022142,3
-0.2255002985158325,5
0.043909967219182965,3
0.046261329329973462,5
0.027975020428345477,5
-0.038567979771485676,3
-0.050250616069004821,3
-0.16946866880091488,3
0.70013817888948049,3
0.047432397418027634,3
-0.0092977181425318717,3
-0.57347963963220561,17
0.013812409162364587,3
-0.10128041027041118,3
-0.0071840031359340752,3
-0.00015711646390520175,3
1.0178746900809084,3
0.11625909568955128,3
0.052596901106755078,3
0.041264310458362784,17
0.032366285437794844,3
0.46367441546031879,3
-0.061893156342309116,5
1.8512394321770851,3
0.00936444327703723,5
0.1430209544952811,3
0.029987694731107094,3
0.019783054266207863,3
-0.031140972395653364,3
-0.027031084071677855,3
-0.12053571315807815,65
0.0122958238298793,5
0.10925185445957274,5
0.017657347967312775,3
0.26912851681387584,3
0.0033022198114447945,3
0.0042257635504624278,3
0.77275144186712685,3
0.00060139976133421417,3
0.20659456884064126,3
0.010430143127305011,5
0.12373385332423695,3
0.061495022237549643,5
0.042987095399194881,3
0.0054222442898906736,3
0.044406974565067377,5
0.034018034521302275,3
-0.013678657900000776,3
-0.095038967126560431,3
-0.012093427505783998,3
0.012849712469667979,3
0.19059213338221906,5
1.9284464908270058,3
0.041485108827084033,3
0.01904845061119783,3
-0.044512007478587218,5
0.34689227783112997,9
0.01598952799515483,3
0.55912922755222216,3
-0.47736335489418008,5
0.035629451321447861,3
0.018821794493346009,3
0.03062056458633881,3
-0.0081670622904501441,3
0.062567374605331599,3
-0.098553423065082524,33
0.23962955187558185,3
-0.002423335431900792,3
0.071839329997060428,5
-0.045369831629272515,9
-0.018211967986207282,5
0.02337212139165349,3
0.054002704770967393,5
0.0053681642152182442,3
-0.035271623523870872,3
0.049224723672739903,3
0.071969852404888943,3
0.11167266037230654,9
0.052763052014944724,9
0.036794719452883616,3
0.019303357521263234,3
0.59792484926873424,3
0.02099239152854792,3
0.74117872434734822,3
-0.064040009181128024,5
0.092282676072716868,3
0.0084746348927617864,5
0.03408750395976521,3
-0.013014561753671246,3
0.0099330799524625923,3
0.24666947290460448,9
0.0054062124402297889,3
0.032552953966474618,3
0.52518620274306371,3
0.023602954989814778,3
0.048023189742897356,3
0.0093271712622252211,9
-0.00022637064181774906,3
0.0034329049522622609,3
-0.042821390753967188,5
0.0023699190487079711,3
0.055004471955904168,3
0.086902735878525511,3
0.046535941697003286,3
0.13595845243640375,3
0.11608894890110891,3
-0.10874008455321786,3
0.96882107045562194,3
0.027799303867848901,3
0.037944757575148536,3
0.0066057589059590992,9
0.10050185811357872,3
0.08859371130779263,3
0.18768615866121363,9
0.021020551604418038,3
-0.089410879337367286,3
0.086327423785617655,3
0.0023514841978708469,3
0.040055109427583516,3
0.11904856772126921,3
-0.014696061429897385,3
-0.052675758202968562,5
-0.18366113567516235,17
0.085219896873530057,9
0.029574322633126936,3
0.47811757101550817,3
-0.11252977699896544,5
0.0012512231422927298,3
0.009414987768149025,3
0.031863470538195611,3
-0.016044316025681751,3
-0.67055034232186883,5
-0.011336614382850052,3
-0.018411042821421343,3
0.059513704195316583,5
-0.0062893112751003085,3
-0.027031438580572147,9
0.15840834060445852,3
0.033840355247095839,5
0.3366765041685798,3
0.0054473667461343309,3
-0.02173214576835716,5
0.069271999846903534,3
0.019635150143438789,3
0.023318936330526702,3
0.36675009596447644,3
0.0015283705744460953,3
0.15214679420663246,3
-0.13630584142182359,5
0.17018874689815724,17
0.0029185530312760052,3
1.8454592380065196,3
0.19572869110970528,17
0.042359155647614756,5
0.041376347172312075,3
-0.00073199494758824173,3
0.066642981752201735,5
2.0455775803937692,3
0.040186004968158141,5
-0.091447721836240392,3
0.0089316499263091646,3
0.012503818613804899,3
0.00088834215594453048,3
0.022572024446455979,5
0.039838907020312855,3
0.0055876905235414725,3
0.0088136030183766628,3
0.040934364405529514,3
2.1378076226905676,3
0.044428543882823752,3
0.03190182746524118,3
-0.26686048848659516,5
0.10689228134895051,9
0.061126506941230195,3
0.48289874187283094,3
0.044692020228135031,3
0.0054678432034465634,3
-0.097099230886725785,3
0.36202011634636133,3
0.075629234329303713,3
0.0099629233184432026,3
0.022338047166003117,3
0.0087862655044570644,3
0.0035099759757291548,3
0.032363040310454755,3
0.024091404712424529,3
0.015629249207172319,3
0.014453803306871066,3
-0.021677054192265212,3
0.16152945846673578,3
0.033570741439324432,3
0.02002971192413246,3
-0.00047798628569465073,3
0.021362434564012212,5
0.0090697791524535342,3
0.054988097330119112,3
0.049374587948026953,3
-0.03250061981565891,3
0.68703571785883755,3
0.0041733867925995757,3
0.026684397810680428,17
0.019516920680666416,3
0.068314124982338742,5
0.0018844317551409695,3
0.11981112071506397,9
-0.28334945771278869,5
-0.037923537603368342,3
0.10370552119694286,5
0.066741973730980883,5
0.040013268198502844,17
0.0034556357227873923,3
0.0049438270656131621,3
0.027943995138401546,3
0.031586581000942054,3
0.026480560764613296,9
0.12295322586572073,5
0.0064895315377673504,3
0.10619959208442767,5
0.0094354919010561297,3
0.022443079483390548,3
0.028199044711943129,3
-0.17895406949500303,5
0.0063650060691434343,3
0.0019482955103333991,3
0.0021672513476544519,5
-0.012014160225919564,3
0.037480648032436906,3
-0.0033097297106174702,5
0.0024280313324329165,3
-0.075853864536914603,9
0.002761100892486676,3
0.015883989010785984,3
0.0057605296249394616,3
0.014676327267558091,3
0.11016343969141613,9
0.061809072914538195,5
1.7034099009321058,3
0.043196211029011576,3
0.037314331015266843,17
0.012113886490293003,3
-0.53549825986257482,33
0.032477735101088104,3
0.0037869027660931776,3
0.045558948746567046,3
0.056201888112831833,3
0.010987829340566177,3
-0.012335218471222717,3
0.0014956883703090243,3
0.15634742304606533,33
0.061959850744266409,5
0.071924934323013168,3
0.24568511283636485,9
0.084009706264454198,3
0.17427772369275032,3
0.024333755065450595,3
-0.0016140650765980873,3
0.8697972389139621,3
-0.0074073073233133242,5
-0.019778139246032424,3
0.040555064492598832,5
0.015075260093674154,3
-0.52292579779577342,5
0.075628331887152372,3
-0.00056628078876647201,3
-0.091799708021924664,5
0.0031733609080617452,3
0.02355895916571548,3
0.012776792794078604,3
0.029735875688384133,3
-0.20146436213435301,9
0.012772599015620582,5
-0.5837270826110571,9
0.013721869335991687,3
0.0034095668766838958,3
-0.051267198874904128,3
0.020732466624931924,3
0.015193499618121229,5
-0.8457272846212357,9
0.0065464762807006839,9
0.0043824808241346427,5
0.012973719438539554,3
1.086094986068985,3
0.019722327822533092,3
0.035233822984383094,5
0.041798529890176989,17
-0.17725160733248255,5
0.016139465975519088,3
0.043914770364007732,3
0.17574630088050014,5
-0.0011379313928900011,3
0.01179507073826273,3
0.13581493295744101,129
0.024449891967805344,3
0.037663763959068439,17
0.0075619053466064335,3
0.002518891592227698,5
0.076728061919986504,5
-0.0042506549921401309,3
-0.004672563545322128,5
0.055911203298761994,3
1.1385541962360195,3
-0.0035833902716530986,5
0.0049359361200933165,3
0.022408637034346007,5
-0.0090972427640395159,3
0.10858587875000582,5
0.045970450527316929,3
0.10631499719379106,9
0.12030694217558245,5
0.44972952877737982,3
0.00042219819500256329,3
0.023099063374984911,3
0.037086137352121386,9
0.025419008129396622,3
0.0043901027005132992,3
0.068453353391872376,3
0.015078180266487759,3
-0.063752183771963192,5
0.047042979763446194,3
0.068338900932694416,5
0.012088172242829714,3
0.2673948255013664,3
0.0025412620914292126,5
0.040723825450816674,3
0.022844136422281319,3
-0.061844871788069057,5
0.00030501624832404511,3
0.12157898772089891,17
0.064941180131414006,3
0.24863863473242712,3
-0.0080509010342774846,3
0.17031498090062644,17
-0.1105366782100852,33
1.4441077094379844,3
0.073194022250246848,5
0.023563222083525789,5
0.089303282245360202,3
-0.0063772411220386158,5
0.077755682688053468,3
1.014915211242813,3
0.021181529727839155,3
0.12428697067224657,3
0.0014605273103536131,5
0.030628299685085514,3
1.0769166181425349,3
0.21408605564774058,3
0.07684220773267661,33
0.0013152941561574757,3
0.01863649646772788,3
0.013415785892122774,3
0.065274931698514255,3
0.016479094440015996,17
0.0062535829755057297,3
0.0094097228286546524,17
-0.017853181305445692,3
-0.047583854077440368,5
0.035250676135358198,3
-0.034889252028823259,9
-0.0029256662032730221,5
0.014629406397291189,9
-0.037047484280930777,5
0.0058965571566435386,3
0.1562329056410407,5
-0.16838392989614948,5
0.012172152961129517,3
0.024673461047636652,3
-0.18554598376168996,5
0.0141943557678088,9
-0.066253827220617692,9
-0.032958644411707316,5
0.045914583971971949,5
0.04113253008979019,9
0.006126322808730481,3
-0.29412460502560561,9
0.12304408065217667,17
0.088520441812435721,3
0.091157812307914365,3
0.1350435658300809,5
0.04206631216349118,5
-0.00083566480778387133,5
-0.0016137250204604388,5
-0.10006557342460685,3
-0.15529145326257196,9
-0.056988550690215474,5
0.019156474027923743,3
0.021478641538880617,3
1.1884014339106003e-05,3
0.0094385443190290307,9
0.27658514943574974,5
0.0020635881851315471,5
0.076667720023153196,5
0.014233621773914488,5
-0.00080895180890558404,3
0.23777908965678837,3
0.20535094712509708,3
-0.0054682761151562927,3
0.022922991543986103,5
-0.0076979772242079551,3
0.015602349347665984,3
-0.0029539532203287232,3
0.015816167609879066,3
0.074486491759495829,3
-0.41806982336931425,65
0.33880040852932558,3
0.061100979472133859,3
0.0049814408510553757,3
0.1329584401779586,3
0.082324809655833692,9
-0.0028519393044346615,3
0.029414475695571027,3
0.70972334747793853,3
0.060158817293258192,3
-0.0019854449342149695,3
-0.0025717005390032506,3
-0.52256972816049585,9
0.010472006479384104,5
0.064180666368317096,3
-0.18478818920942922,5
0.079341014415005379,3
0.010515356238911693,3
-0.0013025833198683108,5
-0.035086004400702427,5
0.022584660999397124,3
-0.024122249025367828,9
0.022420801086919295,5
0.065988078297227651,9
-0.016281412582696584,5
0.02517616849512027,3
0.060853807976788916,5
0.11414897508615086,5
0.043052492009971667,9
-0.010527586274490113,3
-0.15724141490428947,5
-0.05586528201839111,3
0.3834859531454331,3
0.56524837184513688,3
0.021181835730137582,3
0.069134182351873436,3
0.079588016229380207,17
0.14761699255099833,3
0.0027688210304142829,3
-0.012760568303249301,3
-0.0021375738870950825,3
0.088667233112167357,5
0.068274598826981281,3
-0.071593393538325209,5
0.01022971495568039,5
-0.0076664657076423058,3
0.096528557684105856,3
-0.28481510471565469,5
0.066389984614209058,3
0.04846259248183573,3
0.10776984837630139,3
0.87358235966050113,3
0.081605657899298259,3
-0.0017920318555660639,3
0.089993594610262115,3
-0.0004160835274434254,3
0.0069498629449796963,33
0.012155907814531498,9
0.011152474202057188,3
0.0098064677529845733,3
0.15884206122203995,3
-0.068556991993649868,5
-0.023065626331555764,5
-0.0005163402760435049,9
0.029321480632707286,5
0.011746481452497385,9
0.1124085622796757,3
-0.0022897100418854568,3
0.077644732395280802,9
0.085022300342142365,3
0.019904320359125663,3
0.080993198719954973,3
0.046844961608604505,3
-0.082718505252595637,3
0.010374907360935893,3
0.14052938184686584,9
-0.0059149028379695502,3
0.052384850239378292,3
0.080157774326010234,3
0.0074654398548633398,3
0.0085706654537901997,3
0.066581744433989523,3
0.0015199835282235451,3
-0.19953982902629799,5
0.44953939490914702,3
0.026296620076783062,3
0.015974238602566568,3
0.019267457741162328,3
0.10658154771146916,65
0.19273198708629685,3
0.029625201730717352,3
-0.10817178609862783,9
0.056514784262370388,3
0.41270867860173382,65
0.095094310172056509,3
0.073521155999749094,5
-0.27890829611424206,9
0.065810797788829895,3
0.013935051857760103,3
-0.014318378585957525,3
0.011082996316785708,3
0.029912202408105614,3
0.030517514571493411,3
0.018449541112406948,3
0.062583412430057009,3
0.10390720856526875,3
-0.060384838332900793,5
0.0063742680883218496,5
-0.0017884331444429657,3
-0.55432595436312138,5
0.019075856190941449,5
-0.25005022127337312,5
0.0084676108251975964,3
0.0077287874692056249,3
0.18110910776883715,5
0.0095790668506727135,3
-0.00055791412586219324,5
0.00011460731420308224,3
0.011767007449724979,3
0.023289917858599945,3
0.010018257591711783,3
0.1130580082855269,3
0.042143745275695151,3
0.099931245545062497,5
0.01007911922706878,3
0.60572650259965255,3
0.49346384771466734,3
-0.0060815372581632587,3
0.050732207790305676,3
-0.005642928109990732,3
0.0090254406514165934,3
-0.0086744275767632398,3
0.014389890227933442,3
0.049085341620359831,9
0.1656052071593902,3
0.0071041944229439432,3
0.031108632607064469,3
-0.001101152144926978,3
0.050993572867591513,9
0.039533031227028247,5
-0.10669591314954707,5
0.11069413075493841,5
0.30100526325302684,3
0.047593469096242645,5
-0.069090701317484168,3
-0.0003064448422576529,5
0.28925728063176992,3
0.095795749290832399,5
0.006481724387994694,3
-0.054061317174767573,3
0.039699552205329003,3
0.23300479724689205,5
-0.33974610747699685,5
0.24742487002012536,3
-0.0012322167435033205,3
0.042392894745838211,3
0.065182788659295748,3
-0.018282647171775027,5
-0.0037658495397063624,3
-0.0039843027626794087,5
0.01168063293097966,3
0.050081004455759415,3
0.0030153579836021635,3
0.0053314044541705324,5
0.40963902370118338,9
0.020607987638663221,3
0.039533650779706969,3
0.0027110757232858187,3
0.020169013994523026,9
0.067262532373033937,3
-0.0045137929480395167,3
-0.0011402600881975343,5
0.0015606049925359,3
0.0035120161754939754,3
0.15352549239088364,17
0.0092208447590876094,3
0.21237482268039748,5
0.23229046930266056,3
-0.016792075203816738,3
0.07817297890180322,5
-0.23014406385345915,5
0.078848063214951872,5
-0.1855160322762989,9
0.01132604532584521,3
0.63832703231927057,3
0.027675989020346802,3
0.096895667101088268,3
-0.0048949486645985408,3
0.097465549750240507,3
-0.024629931715937674,3
-0.05078399972338879,5
0.18679591675356308,3
0.19062095575873464,33
0.0040205289147820459,3
-0.041188601061644736,5
0.070415609923688893,5
0.031910565599791066,3
-0.00046641046169726603,3
-0.0024942044077127983,3
0.01731351509152073,9
0.28240341313608613,3
0.023592059047473378,3
0.043873033084935419,3
0.02663130409609096,3
-0.00012548668382497067,3
-0.69489465685615026,5
-0.0010723474293452843,5
0.18724320859182317,3
0.080163120191397597,3
-0.02334473031355944,5
0.0021915058348270589,3
0.28431437855370517,17
0.030919154206597511,3
0.31636453409276816,3
0.013999219978152582,5
0.023272754371607748,3
0.0088254306753889223,5
-0.037621057261916148,5
-0.31306196843709233,5
0.092915928298806294,3
1.3565761698410399,3
0.0053567527830526178,3
0.0037661730028016888,3
0.011188528663149217,3
0.38509063304469765,3
0.015139043178720056,3
0.015930770418734069,3
-0.025808609771532626,5
0.13969325551879574,3
-0.012667411332758307,3
0.039315971255515628,3
0.00066155298710869376,3
0.37168464980086813,3
0.0079757990148344692,3
0.031585208163163743,5
-0.42750975825889209,17
0.0079685134137758712,3
0.0099915411708699376,5
0.052064148407914901,9
-0.017011345748708315,3
0.0007510358769916883,3
0.24368841742325228,3
0.076723563480395301,5
-0.049373486932667687,5
0.019540039623120359,3
0.021842693304919395,5
0.11699260409680666,3
0.053698077076261716,3
-0.0022642099153955897,3
0.0020464087083507275,3
0.0023840517249552381,3
0.042918687203384695,3
0.028732115415102896,3
-0.1440014855702009,3
0.92542484489125554,3
-0.0054808772815849813,3
0.3858194108074548,3
0.050036687176432268,3
0.036320522679509644,5
-0.46435231766484336,9
-0.01459103556416402,3
-0.034925775068207168,3
-0.01809880562546538,17
0.21674960379166119,3
0.51951823614721981,3
0.0060191693782724346,3
-0.014079203702214287,5
0.59497854544046058,3
-0.051665694922385597,5
-0.11218836280654627,5
0.076120725184483581,3
0.23117766493500849,3
-0.0015057351114878513,3
-0.0092445075342076875,3
0.0068895787226745464,3
-0.031608185249520748,3
0.048110550854280044,3
1.5076145736911117,3
0.038142266620958022,3
3.9150438324590424,3
1.4053115083072825,3
0.003831560491806614,3
0.0038999165079248292,9
0.041616841497319604,3
-0.07705484003693186,5
0.0033509465425951477,5
-0.046040539112407047,3
0.021944990483160454,3
-0.0070528649827377833,3
-0.0041114318280577435,3
-0.016720101320299465,9
0.0086847933853255229,5
0.041503358732436782,3
0.040603229786571014,9
0.53421878133113154,3
0.043892430241164397,3
0.15474234817850124,3
0.17784783918060851,3
0.16479340283315341,3
0.11595342603287959,129
0.39246797657432553,3
0.53655731214321889,3
0.093589142185837429,5
-0.085008935167551411,5
-0.0049875828935829055,3
0.041759979895940692,3
0.015862687926255354,3
0.031252427161399129,5
0.018668135319134079,3
0.067559672608579757,3
-0.09177641583217519,3
-0.0038764988788760062,3
0.038259322969488557,5
-0.0014816208123359285,3
0.061532691435929911,3
0.029395558708821927,3
0.043244056548088057,3
0.011059544331293546,3
0.041265251272037548,3
0.1622544284369121,3
-0.041116299927929652,9
1.1465924343675207,3
0.030022500747959861,5
0.097975976045799162,3
-0.049314489928406625,5
0.66651362245294032,3
0.033181122649111536,5
-0.015018904345207071,5
0.077531966277787856,3
0.027880337762207955,17
0.012691707063493679,5
0.059350911599173349,9
2.159415935224585,3
0.046708528072957681,3
0.028465518580167843,3
0.033457751282606286,3
0.0052473636928534843,3
0.025085649649004223,3
0.025244375697077451,5
0.054275142124465776,3
-0.0020078060576064986,3
0.041294821384354141,3
-0.0011527922754696121,3
-7.7860693078810872e-05,3
0.010879362457213557,3
-0.0013660202472053273,5
0.04825028292889301,3
0.0082591345624360626,9
0.066352771355411386,3
-0.0027681121412580084,3
0.016720865315040783,3
-0.017424572694284435,9
-0.0142323390028458,3
0.0042855715315020674,3
0.020349633159431793,3
-0.041176285063086619,5
1.8809771558540809,3
-0.061410675285194546,5
-0.26328404013180673,9
-0.015783440974785012,5
0.26809196594743995,3
0.48677960839465739,3
0.050701232553122956,5
0.02070604561482307,3
0.022423960826506106,5
-0.022673399032972101,3
-0.0036958883041132572,17
0.21086200453091389,3
0.12681375330207814,17
-0.00066376740260868142,5
-0.030453395060761158,9
0.0010547194942510264,3
0.40070966862497176,17
0.062075402726338283,3
0.015914278264891116,5
-0.0099829034758603837,9
0.032389116389403283,17
0.49026938053747227,3
1.1870427906267698,3
0.0019302605505162919,3
0.094557593574462098,3
-0.22790830305206924,9
0.37119122210748207,3
0.014369418324707423,3
0.23479051059822792,17
0.021899697101340695,3
0.013647440144739537,3
0.062812900049039541,5
0.23115984282527047,65
0.022280518473111507,3
0.029844058418774896,5
0.019345108327068029,5
0.041996973080281025,9
0.079179526265300754,3
0.22278056807074473,9
0.0077114794159521176,9
0.0039445635835450759,3
0.0044358468388191064,3
-0.032952217061478176,5
0.009290038735123473,5
0.036549574392399614,3
0.01805961642187941,3
-0.024753690187093301,3
0.01013781804721944,3
0.021032909971984256,5
0.031070799676095242,3
-0.23481567365568348,33
0.069007617278863301,3
0.1222650394086625,9
0.83748861321479817,3
0.17990459353575802,3
0.029437949669641573,5
0.020171483055597232,3
0.091735541262774917,5
-0.0017254095014891003,3
-0.0018778214273367478,3
0.28901446637428596,3
-0.17129642496258801,5
-1.319938443621137,5
0.055110296984707922,3
0.12919404240863885,3
-0.17331267543665763,9
-0.0045712244986906873,5
-0.013526733504804952,3
0.0071897390534348083,3
0.021386559424848677,5
-0.28740604617681831,5
-0.061982017255988307,5
0.066850448515795691,3
0.086543708390078772,5
0.0097158021863481391,5
0.034346376690742197,5
-0.0036455830437325406,3
0.060668483247093979,3
0.19844274631634182,33
0.048429894067624518,3
0.14162261704907933,3
0.038780974967227703,3
-0.01381401747736331,3
0.063416415436161874,9
1.5726515826644321,3
0.0037705017100554206,3
-0.061815330858305088,3
0.012169187977285681,3
0.085736923204883742,3
0.039936736531485224,3
-0.0011467624598276596,3
0.0013687625376031559,3
-0.023495973460162686,3
-0.0081624837335323355,3
-0.00026302243947745987,5
0.034496352733487869,3
0.0042415476075388031,3
0.21242867717419134,5
-0.00084279515080555741,3
0.23500407258151948,3
0.029757973147209078,3
-0.016711567770773445,9
0.0058823484931773383,3
0.013471089760786646,3
0.0070372184269253124,3
0.0030236692259901499,5
0.050382327902669492,5
0.69210797853414097,3
0.006073911682001624,3
1.2543935162868309,3
-0.013594959897506486,3
0.12034015543860482,3
0.039993826019329513,17
0.27680644565809454,3
0.005777999945187874,9
0.063506121997033427,3
-0.00026554795274059213,3
-0.00068651710591861273,3
0.49583116860529436,3
1.1176269830938403,3
0.01741247834060625,3
-0.0059214082475040298,3
-0.03668380178075574,3
0.042059031314337525,3
-0.012305025793113159,3
-0.094364463616679661,17
0.029090941319374813,17
0.038647640436648333,9
0.007217424886363526,3
0.019063223080144014,3
-0.0277304749606321,3
0.08023964083829549,3
0.19311879528219009,257
0.0035145107183590148,3
0.10884528654629709,3
0.002715114604840941,3
0.15058768285666968,3
0.0158939628902173,5
0.030708335807509746,3
0.022737519962564519,3
-0.0021076146921493121,5
0.0045956125061383099,3
0.043444890157106487,5
0.58160839953492249,3
0.80580148286935249,3
0.0077025823939932975,3
-0.03757452930126489,5
0.070376823060176813,3
0.10126733759758801,5
0.18793382275108608,3
0.0029785169610677458,3
0.028615275660880166,33
0.0047598186821993498,3
-0.0029073226241332299,3
-0.044221490984124361,5
0.0029475063295538945,5
0.065382858311892028,3
0.00026326718151781144,5
-0.002736485007459061,3
0.010448119149683795,3
0.018328385563893847,3
-0.094203670049112759,3
0.0068944628102417423,3
0.044177058477518211,3
0.10117030664591753,33
0.018965413640453108,5
-0.1928360635257689,5
0.048357697694976852,5
0.033220257406036839,3
0.19120424890506563,33
0.0049668291501262689,3
0.021534964403647456,5
-0.17393685405327605,5
0.011543831353246268,3
-0.013117387884228358,3
0.0044581686757960634,5
-0.01204346807649607,3
0.04861824213416234,5
0.003167543560217249,3
0.0061538567137060752,3
0.016617897953737408,3
0.03734619391006417,3
0.054469935738739671,3
0.077818357441317182,3
0.26550305076536423,3
0.83172060962880079,3
0.13669964866540163,5
0.078278365945922329,3
0.015910779582360143,3
-0.088709517503344965,5
-0.027287309368512688,3
0.0046353930280616882,3
0.036006703393056436,3
-0.0041956861748288074,3
0.76316150119894488,3
-0.0088427874862135152,33
-0.0026068810597146552,3
0.00014418605195536937,5
0.017291219423448717,3
0.0094259052037670276,3
0.11709669477949354,17
0.21516839522081785,5
0.095647633155818673,5
0.074034136303742712,9
0.39080126384090641,17
0.060588173600473381,3
0.043407530241840631,3
-0.025092487174212561,5
-0.030597461002008976,3
0.001516984216218397,3
-0.018065226196387982,3
0.031743992884375932,9
0.050373567644536273,3
0.016857845596630207,3
0.13586465478476084,9
0.049275768813076368,9
0.0078007748897644964,3
0.0021024696836293736,3
0.00076222293760481996,3
0.036477459565559034,3
0.00053636150309283211,3
0.013861990464067126,5
-0.0020526182133311886,3
0.7256539641000429,3
0.67516945676485807,3
0.017457228900393973,5
0.14142739342279947,33
0.10476233026656592,3
0.010936481146101941,3
-0.0026630025104834526,3
-0.036943688701214047,5
0.14414510994280327,65
0.017259312493014822,3
0.025736329875833332,3
0.26255737125299833,3
0.081262367731160079,9
0.051189587144107346,9
2.2455994595720719,3
0.0033781739653173859,3
0.073643204194161441,9
0.094658062592331435,33
0.092953574393528873,3
-0.0012701001443703158,3
0.047784594805677538,3
0.4494052934281042,3
-0.00067816923608707746,3
0.013753343483062038,3
0.064432571169050781,3
0.028949689795324696,5
1.1726478500943751,3
0.0013641285101073553,9
0.15643653641806107,5
0.025631491088771902,5
0.014550864972471347,3
0.001546241741722839,3
0.00175171720331922,3
0.66286022265604516,3
0.00051913738647920587,3
0.043639080162594282,3
-0.0071599216312003659,3
0.14212994319725278,3
0.0015590410421571575,3
0.045165985000587508,5
0.011237240905134753,5
0.02059562689158274,3
1.3405111086933466,3
0.040649866474705518,3
0.0061655663485524152,3
0.030753264207612967,3
0.70772358317538575,3
-0.015101611611374155,17
0.029699706554949749,3
-0.0046699435471749375,3
0.11796777641899373,3
0.37295703231022687,3
0.21256252708544138,3
0.012926236389302089,5
0.75692956529779365,3
-0.034686681671559125,3
0.0045217373806523426,3
-0.15565595827984186,9
0.50799867814583766,3
0.023497463098300211,3
0.008313503011549683,3
-0.0006173419310353882,3
0.0050237251397921992,3
0.0051184181941427397,3
-0.12030465177777988,5
0.001854869102441971,3
0.02130888983964337,3
0.033382486562207714,3
-0.096159800088005579,3
1.0091754895057037,3
0.012087233752968973,3
0.043225469623186963,3
0.05506095937412131,3
0.0058363016569849433,3
-0.045357511429973255,5
0.013789394100479335,3
-0.066311406007594734,5
-0.006119449757647011,3
-0.077489071435969767,5
0.0023907231226062697,3
0.38028185318823049,3
0.056089432443816693,5
0.040415474709855008,9
0.060553050491505916,3
-0.052546929693508548,3
0.0073899458147568152,3
0.028834148919489863,5
-0.27640742370483429,5
0.021007999858760215,5
0.1939297945513638,3
0.07469454569739975,3
-0.12933328708034458,17
0.0059828837253681167,5
0.007949849347066414,5
0.0063066371894867929,3
0.024264751458112372,3
-0.0044952381702697093,3
0.092454018422978734,5
0.003348506926414683,5
-0.14067091360176606,5
-0.24730352443353448,5
1.7983288104155486,3
0.041171916622098147,3
0.055207081198089508,5
0.083174483989419457,5
0.08687277046026258,3
0.00013983803111398401,3
0.07414022582409846,3
0.56330032142103259,3
-0.029084585661415904,17
0.0052430309515696322,3
0.012728236986010506,5
-0.013403651040389992,9
0.066447835474306161,3
0.025736507030005157,5
0.027481117652324725,3
-0.00073347299598665815,3
0.27263085066656201,3
0.026302461668857489,5
0.019675344627300684,3
0.024739930879707158,3
0.045400464108728035,3
-0.0066927759415236583,3
0.30242257895411639,3
-0.22049872722854991,17
0.019086882012911418,3
-0.054744080446926156,3
0.11800592364231598,9
-0.00025525582699979202,3
0.047644402131568564,3
0.030006687007304009,3
0.003138979594711969,3
-0.067714282301714945,5
0.24608022662438619,3
0.022645934306017246,3
0.0021725218632011739,3
0.01239248166562852,3
-0.0078603309305424821,3
0.015114206789433709,3
0.084597339063108901,5
-0.19267080128760194,5
0.0091994866516998206,3
0.53524907666183852,3
0.020144847566975117,3
0.10644386697226595,5
0.88444792675887585,3
0.028174284984785785,3
-0.017869930215144773,9
0.061241405278847208,3
0.014655783977691805,3
0.31188617038150995,3
0.016675375058190531,3
-0.032898522585356485,5
0.045804004189848493,3
0.014964668965102824,3
-0.017249853127247704,3
-0.0041926316235896578,3
0.0093105618429105627,3
-0.38020824559761468,9
0.030998311072836099,3
-0.091913646453552295,3
0.0065415707868379932,3
-0.00018174644361909815,3
0.10544376653332864,3
0.0093675338013004886,3
-0.15481870500141734,5
-0.60065352764288993,5
0.019023470215479624,3
0.044776677448150511,3
-8.2665521470412338e-05,5
0.015234991375660869,3
0.0041009532617553024,3
0.007617154840329269,3
0.078682819570742676,9
0.042149886743231814,5
0.035396970219047724,9
0.020783359340913687,3
-0.0016425285855030775,9
0.03947572307546246,3
0.10150308998251811,9
0.029928671623657192,3
0.028905182637938408,3
0.004139973720708884,5
-0.73053618326678549,9
0.46188333862029629,3
-0.00034178079831809942,3
0.065699927575738129,3
0.056225903109098065,5
0.0080939772927691948,3
0.02246408117333976,3
0.0019681141114651153,3
-0.071732486959118991,3
0.10130694729658367,9
-3.353274614982324,17
0.034053009184854724,5
0.070715990444578256,3
0.13139100203957585,3
0.12203033550848724,3
0.10056937259083897,5
-0.62205445177203944,5
0.038346387559526011,5
-0.044861089560183129,9
0.036294105319759316,3
0.081227093081708432,5
0.28426530193941263,3
-0.066754482464885329,5
-0.0031324518766103144,5
0.070543124944533325,3
-0.45859927661095035,5
0.06904379108968299,9
0.022405061305329634,3
0.54442563648916242,3
1.9014357076535247,3
-0.16669559725208175,3
-0.0034369168916043888,3
0.0342056458587819,9
0.14734773036465548,5
0.0063195526742394663,3
0.023302693793120589,9
0.021029196156936301,3
0.015317498459822027,3
0.0094360600692817015,3
0.064884472888387779,5
0.013263547721762046,3
0.02396432790513545,3
-0.11017569362401716,5
0.045670892129346802,3
0.023741013300038142,3
-0.0050573912017029109,3
-0.1528358256501417,5
-0.0255357560685327,3
-0.006709119419507012,5
0.0072900113775230908,5
0.0077583780021950148,3
0.2151061205333166,3
0.057980341298610884,3
0.034455527441087312,5
0.062076476743905887,3
0.062900792048994542,3
0.029545216314871281,3
0.012493329369502162,3
0.22815917544139505,3
0.020336862983495654,3
0.21838326554919393,3
0.011824471877429804,5
0.22451945682048005,5
0.86278401150637918,3
0.73999817513089361,3
0.85431422203563279,3
0.017170818340570423,3
0.0087743622606455181,3
0.034004806226523701,9
0.10801246748458676,3
-0.20777753430316687,5
0.027839662015575462,5
0.015426427034452855,3
0.001038560827814071,3
0.098229255008272537,3
-0.014676097872658018,5
0.28591180054616799,3
0.15137681729251981,3
0.03496554919540619,3
-0.0012737925123323501,3
-0.027263730863303654,5
0.041316870461829532,3
0.00049488058895811584,3
2.3977919826891609,3
-0.15759488557496312,5
-0.12725978411087568,9
0.002559971885067255,3
-0.00051802993846053859,3
0.002495295216357522,3
-0.013216942668554761,5
-0.0048671187391715496,5
-0.0012645143910061691,3
0.00042374759860148981,3
0.006815057568119425,3
0.028829541980701884,3
0.0066189305856877694,3
-0.16148919594345426,9
0.018968000471495893,5
-0.33625392978070667,5
0.0020553898460630216,3
0.0029353580929512403,3
-0.11551465332109098,5
0.24990799907315936,5
0.056418861432240182,3
-0.36655640818625079,17
-0.024028625095986463,9
0.26473909782341104,9
-0.054958666945526369,5
0.028365349769986944,3
0.21655805245428494,3
0.006586481280695747,3
0.050779007810164915,3
0.00065688944565704763,3
0.018715019601565977,5
0.0066024358088333929,5
1.0220147530693569,3
0.019792643971148289,3
0.41849569349608395,3
0.0065973863476242725,3
-0.0021290846415970284,3
-0.17402761073735107,5
0.021692217780749101,3
0.22745783510138604,3
0.015165567454264679,3
0.60583875037369794,3
0.017629531448690963,5
0.037617975285457114,3
0.060573014448703687,3
0.037418027964086296,3
0.041759517142428274,3
-0.016320891285864045,17
0.0015569688049078961,3
1.0893346240683093,3
0.014966859730460204,5
0.64530077742314662,3
0.0023368643878875065,3
0.059924057316000298,3
-0.0023769840274307603,3
0.011778987667243871,3
0.0054043920034830316,5
0.0062543507428027183,3
-0.098131991075220845,3
0.28232387348287663,3
0.020023767833823126,3
-0.43133950606987109,9
-0.002811131122885105,3
0.057172968589677457,3
0.011968081766343709,3
0.0011591090899715486,3
0.43266161857444724,3
-0.037161776875672639,5
0.038608894194491879,5
0.018055733445980923,5
0.39784552499300097,3
0.26982321755938704,3
0.02262371481873679,3
-0.0032901833930715193,5
-0.60494420692701723,9
0.0020040430007339221,3
-0.46337086894058321,5
0.0020478229978515036,3
-0.004539725290395937,3
-0.019354698391035281,3
0.9936425691031372,129
0.042310580355433322,3
-0.030763635597898631,3
-0.0026794245745849379,5
0.020308919197710818,3
0.019245022366805614,3
0.076518156485428826,5
0.046541733096794269,9
0.035787057155727081,5
0.081069098788396188,3
0.019685552604154118,3
-0.43773137976534998,9
0.014458056005224967,5
0.014411441728188288,3
0.0089466602947415614,5
0.031891417909033708,3
0.021711365916380416,5
-0.36476256015652481,9
0.1360901345777227,3
-0.15743905679492409,5
-0.011315001998274619,3
0.033619972744073641,3
0.66810225339259199,17
0.6016997321096279,3
0.31262839058502601,3
-0.13754204586612537,3
0.02452521049436834,3
0.0075091440438671761,5
-0.055592293296611146,9
0.00089207942248304328,3
0.0057336226946631558,5
0.051714197335053239,3
0.039513281534496514,3
0.03246356002515987,5
0.00040236096489215656,3
0.087114412272295202,3
0.0029542375077034467,3
0.56560152513721107,3
-0.0097997660337094065,3
0.12724396962110546,3
0.020187133539194681,3
0.095410879322791617,3
0.0040874504252041508,3
0.029259936230672513,9
0.030288801161851654,3
-0.00675652968023589,3
-0.089854165960512086,5
0.00012371981516969883,3
0.12844137776127687,3
-0.058406672778566052,3
0.0084819957578894621,3
0.069738087152314845,3
0.0034271942749534291,3
0.030703080924832468,3
0.0098526356099207825,5
0.018257865475920773,5
0.0094364855551476359,3
0.00031599580974273067,3
0.027713370584190707,3
0.041466759220334888,5
0.0065365701223058107,3
0.0016453842089844037,3
0.01985753521410524,3
0.010162309626590479,3
0.010025669650701971,3
0.088917447151934115,5
0.065458359213927078,5
0.0039550749169297615,3
0.1010488265577338,3
0.0059349472700922371,3
0.24027483684930917,5
0.011875758008611945,5
0.048890636466703462,5
-0.0025262624447995536,3
-0.0050490228330422535,3
0.0076587506461934336,3
0.36760905372279928,3
-0.081856398269094563,3
0.12336512139932135,5
-0.0016624730756467383,3
0.030016939296825439,3
0.00086389934895147362,3
0.0041332717501588474,5
0.0089888070345855529,3
0.010000106205560619,3
0.10773290096958417,3
0.025280783119107884,3
0.32264939242899415,3
0.29507749031845004,3
0.020644395487417217,3
0.026823867196753025,3
0.041191681810954998,3
0.0012249219189980033,3
-0.00021300029927563607,5
-0.59976361694623204,5
0.090825579753489996,5
0.066739976878571125,5
-0.064817673965944594,3
-0.021105767652855906,3
0.0087596942121264277,3
-0.26428565365716311,5
-0.008326335715865359,3
0.021844441375583057,3
0.15476060191157323,9
-0.003617793146556031,3
0.062461240896706544,3
-0.0011447717800248758,3
0.078062502919018659,17
0.20063261403888602,3
0.00203779030412745,3
0.017080527924894846,17
0.017858394377897251,3
-0.086574271452641183,5
-0.15401302669428349,9
0.0060061165786122628,5
0.18309611849735344,3
0.022877837605413853,3
0.011302930457217062,3
0.049873838493943203,5
0.72252229613003471,3
-0.10097685885560827,3
-0.010774567006043203,3
0.0219920151899014,5
0.49939478340886534,3
0.048200274563732354,3
0.048833772940102153,3
0.0012625521219768088,3
0.047498406593616239,9
0.0090361615768519386,3
0.0074424049354074543,3
0.04295408562469287,3
0.31662903271165938,9
0.012476344947357929,3
-0.012287954262474829,9
0.7884200830931033,3
-0.27589788045925068,5
0.73967211554129686,3
0.0029436570401749017,3
-0.13555097507936276,5
0.064727742225520024,3
0.018965990268405831,3
0.050467634969898846,3
0.12225788380677603,9
0.069861648013314223,9
0.060473445302459579,5
0.00053351899477737156,5
0.025927775207556337,3
0.28991813275184919,3
0.0016104280462629686,3
-0.0075240341600566144,3
0.0022822498279002658,3
0.0040079438255895402,3
-0.13091080338291952,5
-0.1239081749776713,5
-0.12334308577431562,5
0.0005390156018168288,5
0.12767653686562358,3
0.049159290235137876,3
0.11986323814758178,5
0.011732071333392425,3
-0.01231614697133279,3
-0.26878577641135465,9
-0.11514318556387747,17
-0.010569126680743139,3
-0.0043534678186634571,3
-0.099524994195466218,3
0.015823416807491591,3
0.10843947538979451,3
0.11557319375462544,5
0.64213225652009887,3
0.0029410728681460514,3
-0.046185453861828159,3
0.046699823948954958,3
0.0029483963307602112,5
0.23427564739160775,3
-0.90034709326035467,9
0.10041721741557265,3
-0.0081005479584350081,3
-0.039777770023399502,3
-0.16241766889264325,5
0.0091410722645191411,9
-0.0028597859284807494,3
0.0080721619310875122,3
0.029712469468640677,3
0.042436700170315325,5
0.04427773424131784,5
0.0082902783854023245,3
0.00063978635939554364,3
-0.0097161341493461669,3
0.0015712709681204491,3
0.80801308297207752,3
-0.0062700015044803263,5
0.019935071122117086,3
1.0910540513671869,3
0.0066891649343744407,3
0.098647269058829201,3
-0.0012933232839472996,3
0.01097176938517991,3
0.16971733434322997,9
-0.051842365712271653,3
-0.41812504056148397,5
0.90700995841838239,3
0.083445433278593731,33
0.0025062476182292643,3
0.17807733356912309,5
-0.084110407353213151,5
0.13891258445018359,5
-0.17605245697630575,5
0.054943921252381032,3
0.053518013593129174,3
0.22312026993375295,33
-0.0069389581189653266,3
-0.08550030599885805,3
0.042215041063537587,5
0.031131680419508999,3
0.021171510972998478,3
-0.0031549120211372176,3
-0.034337603267769773,5
0.0072093729228758846,3
0.004864500699633352,3
0.019479499922026803,5
-0.16262727778038055,33
0.051316839230309566,3
0.015770844197893933,3
0.047703969222993609,3
-0.017961554351731739,5
0.059802773432522431,5
0.030045734045821094,3
-0.011708615004726083,3
0.0016063317322312584,3
-1.0074158663777126,5
-0.0063050453633856146,3
0.5126970609968925,3
0.016823214738368373,3
0.040127056912726541,3
-0.18484998769998409,9
0.034124156337217416,5
-0.0059839018680854584,5
-0.057822058477048396,3
-0.0052766543710145398,5
-0.0086719373823002325,3
-0.00011880703416494162,3
0.26237401337632349,3
-0.12142012108356683,5
-0.022902304269807459,3
-0.018049756779569485,3
0.028268042661868917,3
-0.028947599844883744,5
0.32612660299313229,3
-0.064706982240802707,5
0.028975487105201893,3
-0.087646539449419414,3
0.048002234956367094,3
0.090330391064763843,17
0.026766235258793854,5
-0.073501422243316836,5
0.38284425099479363,3
0.025114122676696965,3
0.02671104020641505,3
0.010065481056678739,9
2.1407083384239329,3
0.094580059200357419,3
-0.00085315036034775327,3
0.52296909287944016,3
0.37008166264849773,3
0.010396356338291168,5
0.0074508077747891983,3
-0.023314110076107085,3
0.058611685997578343,3
0.0023017092828563073,3
0.018472428791636988,3
0.01956219639685923,3
-0.0013826814628788841,3
0.0054964359833078024,5
-0.0044155851293067152,3
-0.22221725966225181,5
1.3776220628192242,3
-0.0016832142721327319,3
0.10951632236210493,5
0.012567665974613422,3
0.036916751814921676,9
0.01365316977894632,3
0.048996944203063386,5
0.027841594365214287,3
0.05775083144514901,9
0.0075593443921851324,5
0.0097478749699979189,3
0.0024298746988762341,5
0.014345648100883419,5
-0.0046367919228071887,3
0.020081039340239179,3
0.1099758459300281,3
0.1865127373066777,3
-0.054448427651680745,5
0.00057392758733840492,3
-0.0012158107717897245,3
-0.00029840453456322501,3
0.11073191773396578,3
0.021411481950887157,3
1.0899013320441084,3
0.02940021827095822,3
0.047764522787667588,33
0.0040903922230006388,3
0.17201005669454242,17
0.010103667675544286,3
0.011888139676699608,3
0.18082938672826632,9
0.03185990690802265,5
-0.18132589261822046,9
0.026492180735146146,3
0.20906230804073025,5
-0.049504593739377038,3
0.024774854407632975,3
0.058400295908781839,3
0.044063295881678101,5
0.034305622217022505,5
0.012437292445386957,3
0.0035753735665429377,3
0.4718157553735855,3
0.010210766450833833,3
0.0011266964536624569,3
0.10475491750286266,17
-1.1223526789652747,5
0.0089539089911725867,3
0.0059237426824587337,3
0.092060683915385508,9
0.042965194609737072,3
0.00035974335859077127,3
0.004003294659072342,5
-0.19784844421520173,9
0.026508417034474027,3
-0.036470226450915411,3
0.030600379619014077,3
0.02925752751019171,3
0.065026189277450658,3
0.092845794924637418,33
0.061302289209605718,5
-0.035094576514071274,3
0.11493703514591945,3
0.0066677421287335671,3
-0.3738955427237709,9
0.0081980535678313655,3
-0.068504231995198131,9
0.031740189038841259,3
-0.080579839446779225,3
-0.13587459986903783,3
0.0021565391706328749,5
0.018578088706457496,3
0.014148598947755494,3
-0.056968431625341612,9
-0.031377554063952817,3
-0.25627384500369332,5
0.013274840694351989,3
-0.084049729224202188,3
-0.089946684777117744,5
0.014263669358918983,3
-0.022609479250454839,5
-0.018125957248809423,5
0.02973655154681162,3
0.029721275398132348,5
0.013943120481233877,3
0.65114711528593761,3
-0.01758619885129746,3
0.031032421217265183,3
0.029753186499267746,3
-0.003535889554173369,3
0.1191186745762725,3
0.26115334735055912,3
0.012596293699113987,3
0.51739411811575797,129
0.043892551179924771,9
0.030701408228585917,3
-0.41816367093004692,17
-0.1762922166430205,33
0.0012076624170417759,9
0.12243325634558687,5
-0.035308630770538856,5
0.0080760809831070951,3
0.041863219454165948,5
-0.11703742134285573,5
-0.10000852001597751,5
0.0045791670301235429,5
0.031084627131634932,3
0.056080513372559593,3
-0.28476073381929512,5
-0.0080234281084218366,9
0.0070364619647499882,3
0.042472727272075413,3
0.0077862327821749617,3
0.0012096293395162543,3
0.042234933915008863,3
0.020277913738393778,3
-0.051106420662699069,5
0.028190762102212157,5
0.36914940847921712,3
0.031915570548517951,3
0.033933790863637084,5
-0.019122850050596774,3
0.012365767093067925,3
0.0084254216907717165,3
0.019452664992657399,3
0.3624401840706834,3
0.031463162486328571,9
-1.2010164767688005,33
0.10228155943797021,3
0.035685671576285494,5
-0.0042108482452527067,9
0.048629301109467331,3
0.063341989415480138,9
0.99401503448703488,3
0.0056831890573585718,3
0.038438326919166974,3
0.025728245975617049,5
0.019007700598887414,9
-0.058026350240200121,3
0.0023982396554077831,3
-0.17990220157033585,5
0.016873649014614668,3
0.061127053648747431,3
-0.040467227693718147,5
0.0073379094244586576,5
-0.0022327984790026412,3
0.00941097055455767,3
0.010585941799905421,3
-0.012996729390059863,3
-0.20267443053592629,17
0.32331757725851695,3
-0.052554893053164076,5
0.034471013129247378,5
0.006216464114865981,3
-0.0021335557418326644,3
-0.0042535763846717044,3
-0.053068133034848274,9
0.01215781333853244,3
2.0043013546454458,3
-0.13830261463558566,9
0.043421900369534451,3
0.00070265955658338659,3
0.0085302640903239003,3
0.01443879651104211,3
0.0076280897720302811,3
0.0066547975243636554,3
-0.0035406658825474792,3
-0.022998330292561073,3
-0.043641379095589766,3
-0.011071435885268941,5
0.098636054317797886,5
0.012287322326941186,5
0.0033239935978002033,3
-0.0022816383792506533,3
0.5223211898814667,3
0.018191777505653189,3
0.059340933109024878,3
-0.0090200166259968729,5
0.010274101483270124,3
0.040643078035514993,3
1.240818176032233,3
0.074873497067743197,5
0.23617159874816185,3
0.13888284980540377,3
0.091460086326760406,3
