n,cap,estimator,replication,cost,g0,g1,g2,g3,g4,g5,g6,g7,g8,g9
16,3,plugin,0,80,0.005097711464301652,0.0014970464985785974,0.002228011481660839,0.0010604773881317951,0.0014105883476563145,0.00038626157268229524,-0.003066925400205069,0.003367369847974254,5.594217086315315e-05,0.00023647158616464038
16,3,multilevel,0,62,-0.02235497947505321,0.00014491184409303826,-0.018573210825154826,0.0028896345251032737,-0.010928195653590432,-0.006464190050426127,0.0010324449301739986,0.00568837782353039,-7.154330105275131e-07,-0.0035460057596690656
16,3,plugin,1,80,-0.0005385523470640759,0.00011664128350509659,0.0008018501757740658,-0.00012621698049180153,-0.00028618188192567847,0.000825199478269927,-8.458216762778914e-05,0.0007269515525470594,1.931749676270264e-05,-0.0001477413446633525
16,3,multilevel,1,76,0.006000581417230715,0.005188129423814929,-0.0029713152330618866,0.005473266418441869,-0.0005137263742317048,-0.007931129390222004,0.00045126960853275686,0.007312602412653157,0.00016578932813065306,0.0011336928716267239
16,3,plugin,2,80,-0.0025487087723588533,-0.00028121660798923555,0.0011016819235759746,0.0008246595578433838,-0.0014244808706198359,0.0005389999746271708,0.0001465769006305643,-0.0004152758778684745,3.5288087010773584e-05,3.114361837904222e-05
16,3,multilevel,2,80,-0.012033951766632809,0.0014362861962241436,-0.006405103121488074,0.008816708802434174,0.004297540891162598,-0.01679999746066109,-0.00820127822050839,0.006496887285574512,-0.0007351449990565751,0.0016608475978608188
16,3,plugin,3,80,-9.66628780046312e-06,-0.0005414863384682232,0.0018271180755957334,-0.0013308681110389888,0.0005253977872973068,0.00129882790557051,-0.0010423499080133333,0.0010622266673233703,1.975697944177416e-06,-4.597897485796859e-05
16,3,multilevel,3,66,-0.06407704348398953,-0.003999771880452459,0.02872616875029436,-0.007260008515082603,0.0003202171536807743,0.017261217529573155,-0.03700371082705562,0.01082220106637622,0.0007449875420454182,-0.00035873593588700423
16,3,plugin,4,80,-0.0006262755235039573,4.4274031553664036e-05,7.558440561839888e-05,-0.002852314247517678,0.0007877102397493793,0.0016050307329741765,6.907544087385232e-05,-0.0008937684546455411,1.9101994717718553e-05,-0.0004254273843006881
16,3,multilevel,4,74,0.005924425581225619,0.006148929831083037,-0.023232924503880197,-0.002163074489073161,0.02331014214980354,0.004653785670886084,-0.023308494472940706,0.020866392875903837,-0.0005357535378203777,0.0011297003399850637
16,3,plugin,5,80,4.42809598911372e-05,-0.00019290776743616987,0.0003604905798704202,-0.0005466401447469555,-0.00013825009175900686,-0.0008857349272145783,0.0008394660904268344,-0.0009580875662600642,-3.5840991184596696e-05,9.495556448311517e-05
16,3,multilevel,5,90,-0.002676633849722311,0.0044715311731312775,-0.013083752612867367,0.010641649667919136,-0.0011532688502635456,-0.015704805015942815,0.008000484878800677,0.010615437731897402,-0.0002488113876409365,0.006818491958563593
16,3,plugin,6,80,-5.675670268887644e-05,0.001196601354205349,0.0026852144147498855,-0.0018116933148965247,-0.0013738832481255364,0.0016577567859117597,0.001124299904874349,-0.001461271076775707,7.701521811876668e-06,0.0004886778998196931
16,3,multilevel,6,82,0.03332397074418568,-0.012013901799021797,0.01265619701350638,0.007070190670929922,-0.019858216842297785,-0.011220969920670208,0.01502144614007644,-0.00577696335139552,-0.0004120704941676645,0.0019224617823801807
16,3,plugin,7,80,-0.0004730955071058683,-9.663543754444134e-05,0.000984968884357785,-0.0007770946642717115,-0.0006295602759400731,-0.00014653389758144741,0.00011576444740496968,0.00014134168185373722,6.061341175517525e-06,4.582736620669595e-06
16,3,multilevel,7,82,0.0033506471445875078,0.0006439819187165122,0.0075327499832534145,0.00015925418139741857,-0.006174722449029269,0.006458001150912466,0.016188263948582263,-0.014977562900089123,3.344720027987094e-05,0.001427954868101411
16,3,plugin,8,80,0.0002877928896534619,-0.00011260830647700647,0.0013477662122479885,-0.0005775243627154251,0.00013421655362081634,0.0011630536581927462,-0.00024101419104976748,0.0007625557201699499,8.768219731212929e-06,8.31981298805713e-05
16,3,multilevel,8,78,-0.014199700353147283,0.008989436400472468,-0.028306304738924266,0.03861983601460992,-0.01622049935672007,-0.029021585116049877,-0.012004765626820619,0.03473928755540639,0.00043843700827843064,-0.006011246553793662
16,3,plugin,9,80,0.0009894070383927743,-0.0006035021862822903,-0.0003674504728521921,-0.00042625882171750225,0.0002777759777630263,0.001285468943537154,0.00014596793472723856,-0.00022739490500367867,-2.9429791350441116e-06,-0.00030878695331676767
16,3,multilevel,9,68,-0.0026983612397963115,-0.0015091888361962753,-0.0030911613690282605,0.010419271843217344,-0.0006131624148924661,-0.0015626136595070512,0.01165817684315326,-0.010781671791215454,0.0002737327343569878,-0.0008544696724221325
16,3,plugin,10,80,0.0004599362332645271,-0.00010593642373252433,-0.0006805493665209434,0.0024657880943321072,-3.9971439662225816e-05,-0.001511351463150945,-0.000851403018515824,-0.0001452818411733348,-1.1348904197418045e-05,3.85284492891192e-05
16,3,multilevel,10,88,-0.025193809455477383,-0.001493517474206171,0.00554987002363445,-0.016782338531962347,-0.009623705283054765,-0.00122590957426732,0.006303870900930442,-0.0010744525005124859,-8.006026373477785e-05,0.0013156128459392855
16,3,plugin,11,80,0.002436196323809724,0.0002394436598605773,0.000277104327694111,-0.0012537297018304237,0.0012320178287586042,-0.00010952107132820522,-0.0009444232600150271,0.00022174972985584997,-3.918220322855106e-05,-3.153011346684144e-05
16,3,multilevel,11,76,-0.05316377772842933,-0.016679222694999534,0.007175490385441565,0.00031513041346150565,0.04348333189179908,0.012340329581963443,-0.04092135189474786,0.0008642290804882131,-0.0002531786105032503,-0.021217154929106762
16,3,plugin,12,80,0.0009632100629785397,3.92085150840743e-05,0.002303562384922018,-0.0009537056737366451,-0.0005840604921904343,0.0014326553011177962,-1.2387989330200935e-05,0.0004528597826076229,-5.019221030093454e-05,0.00045418460114294554
16,3,multilevel,12,82,-0.06318693113660197,-0.004208787742372398,0.0035713441728609605,-0.01024613092002042,0.02294653877548513,-0.011440605979391024,-0.011890131584855404,0.0008105041570768696,0.0004273652123526784,0.0005563248136907939
16,3,plugin,13,80,0.000978123505215451,0.00030295787632622607,0.0006353229813097919,-1.2264246177462065e-05,-0.00016446916517971237,-0.00014241306567817005,-0.00017908551066369657,0.0016326337556118982,-1.2218447208792215e-05,3.751482893741096e-05
16,3,multilevel,13,88,0.04879890956272715,-0.01950114924041548,0.013347253438420964,0.005373076040505978,0.023228927281981435,0.008753061168442879,-0.027403104403794724,0.024511745569722545,-0.000688313355570926,-0.008114555637471162
16,3,plugin,14,80,-0.00024261644125431309,0.00032674381207369214,0.0012368125575732886,0.00018874472292337025,-0.0010676270097417322,0.0007662616132110919,0.00044433862619985755,-0.0015537264466009288,-1.760588095775715e-05,0.00016555883532490774
16,3,multilevel,14,68,-0.015912009447535375,0.00018740310934865865,0.00781361277744539,-0.01587609535086955,-0.031168350863214775,-0.014022344732227363,0.024366513407409016,-0.0156803832918119,-0.00011865259543629694,0.0009948235312557093
16,3,plugin,15,80,0.0017037612388368616,-0.0003663518922145426,0.0027130897050126473,-0.0020572690797496618,0.00010330004095713253,0.0007054756393791327,-0.00045205699849577884,0.0010793668238648498,4.0266526471355474e-05,-0.00033506350617917364
16,3,multilevel,15,86,0.011488391175423322,0.0023859318163379417,-0.022951767298893186,0.00044190912437276495,0.0056969000557022765,-0.014029271142348747,0.0015555762929761994,0.0006485103241329858,0.0006023060512876291,0.0016578241868827992
16,3,plugin,16,80,0.00017219209708969207,0.0003132945160168136,-1.3231520619126532e-05,0.0002921271477565817,-0.0004485194876359912,0.0005260897766429688,0.0005086298200902267,-0.0003134045052044521,-5.497611028882936e-06,-0.00011324994661866912
16,3,multilevel,16,60,0.0018783443375831484,0.004279202859736841,-0.02574519889685563,0.022222158530291858,0.007245216254160912,0.0007343566252565628,0.0002686379033109781,-0.0023359878813273825,-3.824295004043249e-05,0.007962774666078263
16,3,plugin,17,80,0.0007960656287054329,0.0005237530267241281,0.0021617095283963713,-0.0039036854999046433,-0.0005977674726301051,0.0014229516327007683,0.00013870811792161697,0.0015933117232276935,-9.667450188017516e-05,-8.650499536224081e-05
16,3,multilevel,17,72,0.05142988455523155,0.0044844549532985535,0.01227194640957317,-0.00828699752355172,-0.009314073504942202,-0.00961348976763296,-0.002393812003601926,0.014475378064457423,0.00016697697592337867,-0.0020099358465083613
16,3,plugin,18,80,-0.0004734193223945331,-0.00023575183347475818,0.0028131999701948725,-0.0022662131784374653,-0.00010742584972159985,0.0005187149319109656,-0.000700333972705783,0.0009108382274382909,-0.00010912875323740805,-0.0003816029404242158
16,3,multilevel,18,64,-0.030160572536721553,0.005181585720015051,0.013275082056597009,-0.017911353380930032,0.0076646131729508175,0.016099869324267012,-0.015014463821769476,0.03273405704264053,0.0001237716207438312,-5.0946639095634984e-05
16,3,plugin,19,80,0.0031619053140112597,0.00042022711242566954,0.0028741862882560036,-0.0012120566405643789,-0.0006537438388074569,0.00029467715890744376,0.00040677381460702607,0.0010860881347751696,3.345156063196697e-05,-0.0005110423917521709
16,3,multilevel,19,66,0.011251205371604883,0.006455341614777487,-0.016505295240446746,0.021504372722652126,0.013023573255570527,-0.004976378690097018,-0.0025192686788812093,-0.0034724083062100406,-0.00024036828586443304,0.0013575516108685038
16,3,plugin,20,80,-6.523447395048703e-05,-0.00021629612967745437,-0.00028957589764752037,0.0006055836689330045,0.0005852923303445414,0.0005167316795208904,-0.00015676328536914469,-0.00019802179163578234,2.212960965374853e-05,3.894616312162008e-05
16,3,multilevel,20,86,-0.020033342700714038,0.0039334057654674464,-0.002386911094725784,-0.005864045899758955,0.010185903457041241,0.006798487384569465,0.00026792444547258824,-0.007627938985269926,-0.0005184673123438247,-0.0007832142250656072
16,3,plugin,21,80,0.00014662263904404458,5.572069020582544e-05,0.000841268188781212,-0.0015143906338512957,0.00041406678394371066,0.0008858212288359127,-8.756014595316181e-05,-7.519201407984083e-05,-4.608527080707618e-05,6.11569401555575e-06
16,3,multilevel,21,70,-0.010603107069630545,-0.0028865937262010774,-0.005552885075306895,0.0008317757014191136,-0.0030621937337622336,-0.0012680318945936628,-0.0031163440719636573,0.013625832437983368,0.00011808778104443882,-0.0017420412171073071
16,3,plugin,22,80,-0.0015245971575551462,0.002114021416965637,0.0033624793863743967,-0.003932542947458262,-0.004129760989830961,-0.0004112560337167255,0.0007294660247412469,3.3649078535862996e-05,9.50140671529525e-05,-0.0002683938218949334
16,3,multilevel,22,78,-0.004067946312607465,0.0034052891379557785,-0.002580613648332229,-0.012585076984717133,0.0026437982166710333,-0.016827927992479966,-0.010735651971440522,0.028248634868599316,-0.0002430319403229297,0.006343510924685788
16,3,plugin,23,80,0.00022389266861204133,-0.0006172955899656749,0.0017625151036010456,-0.002306647308648912,0.0006120108043729036,0.0024044349175214273,-0.00014887282495081543,0.0006408764586572451,-3.0102659062247967e-05,-0.00031494467178825566
16,3,multilevel,23,76,-0.00948655978678094,-2.5588418187995456e-05,0.005725736930667381,-0.005740013262276631,-0.00015211497972996273,0.0009403439609395838,0.0024005844207029997,0.0002635582787831415,-0.00016871643228217917,-0.0018461580431662528
16,3,plugin,24,80,-0.0016016585607897243,-6.246048220136337e-05,0.0008032040273282659,-0.00021242684097121117,0.0005417857415228812,0.00030110709854232106,-0.0011570699420747094,5.7883478404775255e-05,7.714342955789428e-05,-0.0001917589387775687
16,3,multilevel,24,104,-0.08839193426348851,0.004972478056836486,0.06285506730160924,-0.03671983815675723,0.017502929444048014,0.02969375854512715,-0.033585150948313186,-0.030764628271631574,0.001964514938663527,0.009410186246615309
16,3,plugin,25,80,-0.0005816241230488148,0.00020973494330577656,0.0010398333861964585,3.9759103446390183e-05,-0.0005853461353471417,0.00015455207160508186,0.0006848786971180968,-0.0006814217172429116,-3.17647957688417e-05,0.00016651813654241306
16,3,multilevel,25,68,0.00740153241413218,0.011338015252116472,-0.003069098961949862,0.01760008588955017,-0.009680716648846193,-0.00837747425020476,-0.003247229374637886,-0.00046560218472262047,0.0011367368344829551,0.0032457228456029196
16,3,plugin,26,80,-0.0020534957245191623,-8.312199840121289e-05,0.0017114232793504103,-0.0005780822195073516,-0.0007173450653116088,-0.00011379086978882414,0.0002770551106754899,-4.091695878704478e-05,2.621686573359005e-05,-7.32356965656374e-05
16,3,multilevel,26,90,0.027601022857821268,0.0017110290150747142,-0.01999684883610116,0.028946003662265525,0.013622107389897532,-0.0029306636402750322,-0.00804689120798724,-0.013175942347510915,-8.906816018509173e-05,0.004441932774395177
16,3,plugin,27,80,0.001630962457604038,0.0002834966584832844,0.0008604482121647751,-0.0006542942411436108,-0.0006613955922102137,0.0005962340294480041,0.00030889524499190166,-0.00016381223316875828,2.114089424483345e-05,0.00023901164928890632
16,3,multilevel,27,72,0.004008116476400396,0.0035382714866961837,0.00821307388837825,-0.0015389101596215938,-0.01375166368760353,-0.0016034004838887507,0.007400475654644818,-7.874455186576817e-06,1.9417572214556795e-05,0.0011400830239587144
16,3,plugin,28,80,0.0016550939941097072,5.479400861435789e-05,-0.000502106426318577,-0.0007574570271035249,-0.00029803495516931287,-0.00016299817452995996,0.000700975574698562,0.0001465120951843832,1.67232939165722e-05,0.00013554012506768743
16,3,multilevel,28,66,0.00972533680130188,0.005767003225258017,-0.002552043024491726,0.006995623602069369,-0.021416176279753462,-0.02278720750025487,0.01434129664246325,-0.019157780569692584,0.00039753643953962105,-6.412514848780273e-05
16,3,plugin,29,80,0.0023003140786231574,-0.0011615004019041317,0.0014071015334628117,-0.0006892698313242749,-0.00013850966106571924,-0.00014918665318948085,-0.00029377515448681903,0.00048724079122874344,7.148377153832596e-06,-0.00024411023036292063
16,3,multilevel,29,96,0.0036518853977159154,0.013822374086128181,-0.018511579765807844,0.027601032707268894,0.03255115690327484,0.013749180489274296,-0.026234457310690643,0.03002964743916749,0.0011788650556696285,0.004856778218908352
16,3,plugin,30,80,-0.0028178441225721797,0.0003302527429830294,0.0015202689222656744,-0.0012386354651065079,-0.0012498497237105307,0.00025081651599681814,0.0012896567685117021,-0.0013699670618621087,2.8198321855836508e-05,0.0002338970116885932
16,3,multilevel,30,100,0.01327616547795764,-0.0049900917572926005,0.000749555317621903,-0.01342874538248024,-0.018932677087936507,-0.007186181814975288,0.0004743254301323395,-0.012136712211316614,6.000594072898111e-06,0.002597394812436779
16,3,plugin,31,80,0.0010575787696174444,-4.679965069870003e-06,0.0013375107260524747,-0.002084077755569809,-0.0015300638319970087,-7.727886762293168e-05,0.0012491632319690201,-0.0009319403152793376,1.8535255214454345e-05,0.0004664679269335205
16,3,multilevel,31,84,-0.06577462303901598,0.0008944970418602956,-0.003682392901157679,-0.0193283226230378,-0.005156951360995723,-0.004822208037969253,0.011702990112980661,-0.0008897830448416407,-0.0007283653519568004,0.0025783423830313306
16,3,plugin,32,80,-0.0012585002905067652,-0.0001991848121976378,0.0010506532396178984,0.0007069070684084407,0.0004637649888092718,0.00047433830135343394,-0.0008565314258558268,0.0017992473370763015,-3.511934269537869e-05,-0.00020179969671152683
16,3,multilevel,32,70,0.016982397952059188,-0.0010581546565322794,0.0046891264069975555,-0.012567088008424687,-0.020340686314486225,-0.00010127098537139395,0.013354788571621944,0.012010752876160598,-0.0013236209096836463,-0.0015668564276078683
16,3,plugin,33,80,0.0012893465298979994,0.0012297821431739716,3.338754329506025e-05,-0.0024534349856135517,0.00023789598219258682,0.002072604379035199,0.0018054859746488754,-0.0015728365847935437,3.22025401086616e-05,0.0005176005666393891
16,3,multilevel,33,82,-0.008738814438708617,-0.0037134216501403094,0.005357418613702641,0.0011459204661152253,-0.00784473896876018,0.009675762717743244,0.00035352661258575063,0.005816639161269209,-0.00039092188861677046,-0.002300523929852354
16,3,plugin,34,80,0.00046855319398896836,3.1558134676104495e-05,0.0011931178145755158,-0.000833081077309612,-0.0009113022399512449,-0.00034243438137889875,0.0005514338533157656,0.00013935472824355932,1.0760230192875815e-05,4.602445221392804e-05
16,3,multilevel,34,62,0.05314454088184235,-0.008279011156594006,-0.005972047555092115,0.017892323469443215,-0.012401010442195787,-0.03167928018682061,0.007897442236463874,-0.002876001545802016,0.0003391964411939735,-0.005128389269234073
16,3,plugin,35,80,0.002696998760201998,-0.00034384544811618415,0.0030350647541957493,-0.002013192219890361,-0.0011498366928992705,-0.00016924669620806013,1.494664374964566e-05,-0.0005599089974761467,4.4238371157797665e-05,9.66895499192268e-05
16,3,multilevel,35,86,-0.03102064673620816,0.0011477437719996987,0.014867407116400881,-0.05076151537609254,-0.038458707709288865,-0.03896387143961465,0.03180093793754156,0.000389175759589255,0.0005129325091442272,-0.0005484922826909216
16,3,plugin,36,80,-0.005040121738899125,-0.0006113174107820582,0.0013273415094304398,-0.0009248594784655847,-0.0029714834503174587,-0.0010972148058341746,0.0002660737439858862,-0.0002811190304014295,-2.139037472783953e-05,-0.0005535929327000871
16,3,multilevel,36,62,0.002462793513215343,-0.018058519533414887,-0.02696346860357017,-0.021088820521153663,-0.011602197821699588,0.0030425713603417625,0.010375992561970778,-0.01691871480283299,-0.00020044043607805523,-0.009854819308849667
16,3,plugin,37,80,0.0016632726244871143,0.0008785970630798704,0.0013530954601218299,-0.001952311045223944,-4.522918694699927e-05,0.0008548025347625653,0.0006774858240318339,-0.0011063172946628155,6.396972271004468e-05,0.0003086757714887065
16,3,multilevel,37,80,-0.00411105428760676,-0.001359348897232393,-0.024921156082019294,0.004960790901603392,0.007234118861817722,-0.030522425567336864,0.0015657152916814414,0.004962528426051282,-0.00019505939575407155,-0.0027176717009733
16,3,plugin,38,80,-0.0019642346533967365,-0.001178987735265671,0.00043577435628642733,-0.0008585243939979232,-0.0006355379692185493,0.0008462401252562353,0.0015366679266587968,0.0006551215817021601,-1.0813182466069951e-05,0.0004373300511599725
16,3,multilevel,38,64,-0.009085186445812098,0.0037767674792413535,0.0013271899427401354,-0.005024680928314134,-0.00505353675718237,-0.0014473651698701363,0.0017630118536959205,0.0016360483735594607,8.179610524785801e-05,-0.0003907021397877644
16,3,plugin,39,80,-0.00012581023794313003,-8.574567594323758e-05,0.0004723170225938361,-0.0003945070143903834,-6.358782015841461e-05,0.0002978037842890149,0.0008330259501700474,-0.0006541910373775069,-6.04165731116221e-07,0.00012105252530188019
16,3,multilevel,39,78,0.02338368150380111,-0.003394836232837199,-0.02059255896258013,0.0028802365157515916,0.010537626509582362,-0.0030812995095408882,0.003096932906592184,0.0084204911843193,0.00026735884389711444,0.0024110470184688666
16,3,plugin,40,80,0.004913626283067139,-0.00027556210242346964,0.00030004861168161413,-0.0001053889734424905,-0.001193404411880472,0.0007310854029790747,0.001601407128278582,-0.0002981736882841351,2.9205875547007317e-05,0.00024570546340101285
16,3,multilevel,40,76,0.0698782607173107,-0.010926891063527492,-0.010620805665253037,0.046222002328824785,0.033900608583950824,0.019221836645179985,-0.05012453522967129,0.020376631466620984,-0.0007638844545286626,-0.004661626753462944
16,3,plugin,41,80,-0.0002791733506696542,-0.0007213440391222199,0.0017667314324004441,-0.0008546537181172798,-0.00024816128194708677,0.00038553420356921583,-0.0004862358306130891,-0.00042628905422578353,-4.015183819035131e-05,-3.280947597508517e-05
16,3,multilevel,41,134,-0.013879854309472712,-3.173004752281783e-05,-0.03757213127038017,-0.016290280329253292,0.011367097826891768,0.0007879200413538263,0.009047270472860287,-0.010819152861826378,0.0007616708089683943,-0.006819616395468241
16,3,plugin,42,80,-0.0005934861403317693,0.00010604283968703479,0.0009618820146521195,-0.0008579342523670649,0.0007508680364201353,0.0007470846854534207,0.0006459517438656972,-0.0015329396242303214,-4.002759477614419e-06,0.00015994658860225835
16,3,multilevel,42,72,-0.012936324849753596,0.0006936053611783582,0.0036247131326914866,-0.0007760316686626074,-0.006789136072312036,-0.0011086325642160391,0.006653044769678002,-0.014893356046009117,7.520605951866847e-05,0.002887991070988289
16,3,plugin,43,80,0.0012029634323095632,-0.00018077765129356172,-0.00010941909084461417,-3.455134727023515e-05,0.0007224609111040573,-2.535966046899262e-05,0.00012139158835831459,-0.00025927580205251067,1.9191487711149813e-05,4.0289883278814714e-05
16,3,multilevel,43,60,0.023766934530707672,-0.0017898056129183773,-0.018166626427364062,0.05392671553121013,-0.015883447187577296,-0.0029352100801185795,-0.011451224663755965,-0.015419960243987294,-0.00031272559438588315,0.007407281102468573
16,3,plugin,44,80,-0.0014843309237508745,-0.00027511962119293096,0.0002681612784518375,0.0007907032110573563,-0.00039609738405583784,-0.0003266867975951404,0.0005075120763107812,5.193221359125892e-05,1.1847968300528525e-05,0.0002830945244260551
16,3,multilevel,44,86,-0.015874194151564547,0.009264771613806603,-0.007217410210543408,0.0009693381390902541,-0.016246984801421085,-0.012646592220433362,0.007675974775815826,-0.020537090937891096,-0.0008465645778194066,-0.00028936348621235315
16,3,plugin,45,80,-0.0013923300529640457,0.0002868789143105018,0.003104558050964072,-0.00025434754541041224,-0.0009031043205317718,0.0013873315204247763,0.0005504729836746007,-0.0009496036021499189,4.601631823786791e-05,-0.0003576701332494108
16,3,multilevel,45,92,0.008466514682270054,0.00011749202732020696,-0.010119728162311954,0.003384989595937458,-0.0003626433428422205,-6.388455284009543e-05,-0.004093514644043632,-0.0008064237986553411,5.020678689551362e-05,0.0006780689366726796
16,3,plugin,46,80,0.0008812113452301312,0.000515829378648927,0.0016695906039024405,0.00039551955561328134,0.0010171752468473368,0.000610165714252199,-0.0026356127515700673,0.002965585562043181,-9.238169719863297e-05,0.0005033180481669633
16,3,multilevel,46,86,-0.09672510239612629,0.0032733061769587434,0.00781934051142037,-0.02556819795063535,0.05326364500028904,0.042387090746185935,-0.028307209946618103,-0.004605576016590737,-0.0005827746429032555,-0.0005290171199764873
16,3,plugin,47,80,0.0014695849644423729,-0.0010944418317576662,0.002471403980618796,-0.0022456333766806263,-0.0015678263120999934,-0.00013566340217430168,0.0012282154390627071,-0.001726113622837567,4.302249991066292e-05,-0.00011265096025973842
16,3,multilevel,47,56,-0.03742347854888387,-0.002718953281672864,-0.002915823633129279,-0.0031042540741051884,0.0067844339648994376,-0.004647335611780836,-0.008803702282810747,0.013002488240821227,-0.00048211268209753463,0.0010121199038394674
16,3,plugin,48,80,0.002414169916494758,0.00020270835955484378,-0.00038776262391892634,-0.00027821630399288996,0.00032759499568464905,0.0006142127368236629,-0.0014169518995570797,0.00040751787432881387,3.995170330789847e-05,0.0002348044934108745
16,3,multilevel,48,72,0.015614221169904676,0.008171361092834624,-0.0031747842264698337,-0.011467928005187603,-0.005137705387232011,-0.0016025164537195541,0.0008521355970791014,0.022403275536822396,0.0001479853075371227,0.012578611511393238
16,3,plugin,49,80,0.004176556389913997,-0.00023556784129765315,-0.0007646430384206632,0.00216624946347756,-0.0006119197016798294,-0.0017747514922404227,-0.0003299441028970328,0.0013756016688462483,-2.5696700379265905e-05,0.00019092048071667049
16,3,multilevel,49,78,-0.02957983649689406,-0.0009651182653912208,-0.019809250060431976,0.015774144393812323,0.006084314571357485,-0.0005189287946816224,0.0005925214801966585,-0.0031175980787291383,-0.0002486231885379091,0.0027945923967981306
16,3,plugin,50,80,-0.0023328380965585444,0.0003094293210146326,-0.0008181822760642238,-0.0023419897235496395,-0.00019866832579473276,-0.00044689436184185144,0.0014028441143804874,-0.0010554091981545889,-6.324907459054369e-06,-0.00010507600809592155
16,3,multilevel,50,72,0.017537456730155047,-0.0015078105747831825,0.013955483956129007,0.010044002518062365,0.004477502716046923,0.004214988837120719,-0.019271383842253256,0.01283365617473867,0.0002786506993920616,-0.005639421381795367
16,3,plugin,51,80,0.00016969213187135584,0.0006233581428144073,-8.604285368652807e-05,0.0001763131183940434,0.0006516713432166578,-0.0005203626978976081,-0.00039361659807574416,-0.0007472418823334893,4.2202759171260504e-05,5.8173572321397035e-05
16,3,multilevel,51,86,-0.01882176471440559,-0.012778417358988556,0.005900108226770322,0.0038473051668980285,-0.0089146376757014,-0.013328191101748222,-0.002419272641402782,0.024539899376103784,1.2744635551474301e-05,-0.0054649440235621126
16,3,plugin,52,80,-0.0006982819032915543,6.82849373421987e-05,-4.293355375439845e-06,-5.171070838591356e-05,0.0004282195585413881,7.906875059793765e-08,-0.00046434149687504003,0.0002453990374894845,1.6272540296789946e-06,-0.0001628844770814335
16,3,multilevel,52,84,-0.013095337158037432,-0.007567969910777799,0.015721275224230533,-0.005558700296842422,7.527478466539852e-05,0.012972778853491664,-0.0007140551597757494,-0.0009573010732866475,7.491881787667184e-05,0.002304658404257825
16,3,plugin,53,80,-0.0008363782039250484,0.0001235369369074282,-0.0001706270351234526,-0.00032570406670904715,0.0012457243424533854,0.0010035186740780626,-0.0010865939514903278,-0.00022695626842202547,1.565908416515037e-05,-0.00015654503795453574
16,3,multilevel,53,68,-0.006014215668681385,-0.0009121597039566528,0.0022647216152532224,-0.0028071045954419535,-0.003407855413780073,0.002403917621376317,0.0037787955857035934,-0.0017379877551926132,8.583055691117019e-06,-0.0007825973692021433
16,3,plugin,54,80,0.0003543851154846079,0.00020984077534516157,0.0025962128890073075,-0.0024971654600328664,-0.0033418356005771623,-0.0005577742139864829,0.0005823759465689124,0.002902585349149297,-7.383617930994587e-05,0.0005102351975274836
16,3,multilevel,54,70,-0.026761699663971607,0.006342370544005162,0.009123424805190386,0.006503365587064396,-0.0024017232265073677,0.015590710447360065,-0.005685001816108364,0.0026648960054080333,-0.00046930792731035104,0.00284325581884859
16,3,plugin,55,80,0.0014845366611068494,5.4597102853490427e-05,-0.00015049683668319925,-2.470919108148597e-05,-0.0002714490658550132,-0.0006827418863672358,-0.00038501776892194015,0.0006131645610060115,-5.719125634565889e-06,2.4677850143028702e-05
16,3,multilevel,55,74,-0.01974827868574314,-0.02567391918042696,0.04661522811961858,-0.001140606928718207,-0.023276504192393077,-0.001108191434929543,-0.009227308158567442,0.03487843757850925,0.00040044437803039563,-0.012904791647072146
16,3,plugin,56,80,0.0006493437699060093,0.0004791524100328466,-3.943823319906138e-05,-0.0014281692255949505,-0.0021537311988426983,-0.0022530275019554077,0.0012627977570381249,-0.0005357085087349008,1.7949045914484807e-05,0.0006551148693900886
16,3,multilevel,56,74,0.020796854880316077,-0.004470988717436218,-0.014345969681181634,-0.002959430722198102,0.002717086716432352,-0.0065150541383578245,0.008279366566748178,-0.0025259107940710755,-3.671554528620905e-05,-0.0017224209336203092
16,3,plugin,57,80,0.0012905200446115832,-0.00036710943790072584,0.0006525174110457366,-0.0005542341280691092,-0.0003534433407011071,-0.0013023400342789613,0.0006579352342419803,-0.0001725866939156104,-2.5421671184012993e-05,0.0006048991950956742
16,3,multilevel,57,74,0.026739207731786393,-0.005402623286874751,-0.005192557665866919,-0.00909717674966646,-0.00041405559097424413,-0.007228331600322734,0.013460350267449399,-0.001965606164339274,0.0004210113622494125,-0.0008203200221308662
16,3,plugin,58,80,0.0024407414449752886,0.0001729790660609074,0.0005027701362008872,0.00012941797939006357,0.0010572897176987605,0.0013778422671131205,-0.00012638645287269405,-0.0008906545216237141,-1.2530599858114898e-05,0.0001205119470689646
16,3,multilevel,58,80,-0.08377247991592271,-0.004363196044126116,0.0015970321784432714,0.007494354765221071,-0.04772867984488538,-0.01769988156269088,0.014967564290124,-0.013296717357232491,0.0015712107339485146,-0.009826993310617973
16,3,plugin,59,80,0.0021112029549813314,0.00020075871071099558,0.0018238863356913647,-0.0030828707006931165,-0.002547784544001364,0.0005567121499607269,0.004034755216822901,-0.002620202814781167,3.2267760524648535e-05,0.0002817081114248445
16,3,multilevel,59,78,0.015122321564291327,-0.0027256939743468354,0.0015528196564089632,0.015744749729536975,0.013032106652125624,0.019834124504134472,-0.015474015003384915,0.01734300722548006,-0.0006356898156278054,0.004228587157468285
16,3,plugin,60,80,0.001290329845157413,0.00014993323489444514,0.0032950466218740573,-0.003915111154402062,-0.0007549800627637573,0.0008849519889847745,0.0013735933802170553,-0.0014904218385781932,8.838221338277214e-05,9.385811543672032e-05
16,3,multilevel,60,70,-0.01979771903065362,-0.0011557937872189623,-0.008686860233806666,0.0020223618767536023,-0.0063546364332056834,-0.0065763444113135314,0.009704472772068463,-0.01799731506130665,-0.00022607336568530886,0.001398130666710782
16,3,plugin,61,80,0.0014470179371718728,0.00037548538169217776,0.0011767866518332954,-0.0003919338494921472,0.0007781158287843131,0.0009165028941747604,0.0005430884501524705,-0.0016511788991832692,7.335588086519786e-06,-0.00017333345507606276
16,3,multilevel,61,72,-0.011912017183091502,0.0001655948291737632,-0.0029556643302538228,0.0028658236955834355,-0.004112401054087373,-0.00934007738609066,0.0008800875848131031,0.0051570517710758735,-0.00018113259890790152,-0.002351033680296434
16,3,plugin,62,80,0.0017524339112850154,0.00011514348580100774,0.00027629753555132524,-0.0009170317513312912,0.00035218307251384546,-0.0004867228039310132,0.00027171129118899127,-0.0003742300207865191,-1.3678933869467034e-05,0.0003288996700428018
16,3,multilevel,62,86,-0.004609412709922394,0.002453843588322695,-0.011576150888545543,0.02483871582306381,-0.009739396890756667,-0.010648165547469206,0.006972340837265485,-0.009158484948925212,-0.00020230890003719175,-0.0006106934502215807
16,3,plugin,63,80,-0.0008363157354270565,-0.00063188342406186,0.0016551128826926436,-0.0032865808431641707,-0.002772315766511404,-0.0017784236220349868,0.002716519620481884,-0.0005580903384225229,-6.56392163844147e-05,-0.0008328264169755848
16,3,multilevel,63,64,0.0003187620232093146,0.012809388457326047,-0.01492310798088779,-0.006140707556819562,0.007094735497951594,-0.02385253685853751,0.006854343504664611,0.0302334885527401,0.0008521135577110343,-0.0005252218655889753
16,3,plugin,64,80,-0.0025739810284842726,-0.0003481593638656977,0.0027168083312314345,-0.0017990344793707964,-0.0004054129594878374,0.002379040156638936,0.0024991731801822384,-0.0016097792026939627,2.954613388566596e-08,-0.0005613703946983664
16,3,multilevel,64,90,-0.06255461941385593,0.0035601219235548015,-0.006254390697344236,0.024747322992380985,-0.010003678268833117,-0.020089334330472816,0.032557503537628624,-0.013348890633545834,0.000288705099756475,0.0028467847840528064
16,3,plugin,65,80,0.00013154805674952787,-0.00032751375852406456,-5.3815723165160213e-05,0.00022928477572868957,0.002493816939566093,0.0001436038159254619,-0.0019665031811635066,0.0017083575868923789,-1.2384022914047177e-05,-0.0002239619161483723
16,3,multilevel,65,72,0.0037205425775384887,0.001138835350854199,-0.0018485898538084804,-0.008558763740609425,-0.0020056492045513294,-0.0183693512421089,0.00978170050736796,0.0024750016433003016,4.22243108120629e-05,-0.0018526052084826376
16,3,plugin,66,80,-0.0010553574671953656,0.0003833340845827056,0.001329940687499811,-0.0012412984012406816,-0.00024640917964705125,0.00019968656925933303,0.000612809590284347,0.001015206459733297,3.216300221722259e-05,-0.0001120478734340511
16,3,multilevel,66,62,-0.0026031096834593956,0.01699018244567026,0.005844908616954438,-0.028134973813782303,-0.02995182177737207,0.0031971277770596715,0.04731678118351944,-0.02064259814715317,-0.00045989252126561915,0.004331397905601162
16,3,plugin,67,80,-0.0013272064385508125,-0.0004013993939064592,0.0025935624341760916,-0.0013099790733268311,-0.0006775461232007302,0.000987795004996917,0.0007444896181400043,-3.1085299378715006e-05,-4.774437177358802e-06,4.392493909682482e-05
16,3,multilevel,67,90,-0.03494368907432443,0.005446986262442959,0.0019103291166166253,0.0026648473741169437,0.0017133617581714467,0.010897409200107573,0.0006650233617959006,-0.014565489037314491,0.0004291236795435601,0.0011391526397881466
16,3,plugin,68,80,0.0008507418898200124,0.00026587263263859305,0.0018676864914629224,-0.001632620087878407,-7.236227473214182e-05,0.0019683694314918455,0.00015773074433250966,-0.0006143650245136777,-2.6792411399447742e-05,0.000263112955677846
16,3,multilevel,68,68,0.013339694265670228,0.0008184088917527949,-0.010556789348598314,0.01593774822485836,0.01221989479722157,-0.007529824728297046,-0.010489470051374121,-0.0009538415928173965,5.2287391991470326e-05,0.0020457686335098734
16,3,plugin,69,80,0.0003019775925660307,-0.0008547272476270588,0.0007819963105400023,-0.0006654098841693039,-0.0005774836375105647,0.0005755038726603345,0.00067754965502731,-0.0005275185427660108,3.439859403368909e-05,-0.00014142415237652648
16,3,multilevel,69,92,-0.04776064046832895,-0.005525715757175125,0.003620407025495422,0.011927769932822602,-0.011729938936317274,-0.015761587791998474,0.005360520214164678,-0.025732784796466686,0.00035229956558392945,0.002574992973155019
16,3,plugin,70,80,0.001402251144684289,-0.00017076100235918388,0.0007406371834682718,-0.0003630268498559338,-0.0014320521581596098,-0.0008880729419507743,0.001269505344504984,-0.002125551680395707,-6.557483052035364e-06,-5.441281440691724e-05
16,3,multilevel,70,68,0.03997766206543722,0.015440901010539057,-0.006255257162503449,-0.014798363163353763,-0.06561269842101068,-0.06973982660938134,0.02225620985578589,0.038569499777617415,7.37203205525791e-05,0.009296807825463885
16,3,plugin,71,80,0.00050932495381572,-0.00016773716472141004,0.0008380092214842433,-0.0003799276168624676,-0.0001616040645501147,9.829420891809752e-05,0.0007847979380389519,-0.0005678755767681529,3.8081117479830664e-06,-1.798735364658006e-05
16,3,multilevel,71,112,-0.007903399842074992,0.0009930549387776638,0.008897638921841115,0.0035836665191363143,-0.0023399268418543393,0.0059420606268515645,0.0038714011923060457,-0.007792193579448395,0.0003244601856177867,-0.00016677777857031893
16,3,plugin,72,80,0.0004679066613355316,-0.0001579084859224009,0.001282899027700911,0.00021558154566074793,-0.0010509793231044651,-0.0005762083076824541,0.0002878552632817895,0.00042680359713672474,3.8413811674873783e-05,9.504861494452738e-05
16,3,multilevel,72,100,0.02142319202664782,0.0014105814122326932,-0.022940357137322714,0.028270924594748306,0.007039208329442298,-0.004374602108988371,-0.017147874575575556,0.008162227454712003,-0.0012448977910859797,-0.0017138623404908658
16,3,plugin,73,80,-0.0001988123658510989,0.0003885836848466248,0.0009865958891646521,0.00025284447185710895,-0.001052647241234166,-0.0016435627575978587,0.00012105487695588928,0.0020961594971213417,6.888601419346244e-05,-4.818003300714318e-05
16,3,multilevel,73,70,0.008132886515298811,-0.0031157281139122892,0.018415015247092437,-0.011270755624565273,-0.01150905631210359,-0.0014929225338165808,-0.004706358055093031,0.008540858604091532,0.00014376624417543156,0.00303629637390846
16,3,plugin,74,80,0.004173366182113007,-0.0001595877719756972,0.0013724486700191487,-0.0012951808558665043,0.0016631528218388689,0.0022099765009236166,-4.15061220878288e-05,-0.0002892638959382817,-5.697962526612979e-05,0.00016977569763457326
16,3,multilevel,74,80,0.02177459516129289,0.0017047934315943293,0.0010954973284265747,0.011287715706887278,0.012285294254218171,-0.004749823420424338,-0.011484129586448021,0.002442100776856326,-0.00029697261676059816,0.0026652526116231513
16,3,plugin,75,80,-0.0008875656428596674,0.0004380794151561863,0.00043873465376861957,1.3846308970632244e-05,-0.0005810908968459461,0.00021251466499467312,0.0007155322195787185,0.0005291720784076463,-1.9526742364627384e-06,-0.00012419393509936318
16,3,multilevel,75,64,-0.005691021177415902,0.003367991000518918,0.010975917856796772,0.002198769166338715,-0.000469241911283913,-0.008475590996841722,0.000702383198637322,0.0009230236033764301,-0.00021161881448100137,0.0023131743409899415
16,3,plugin,76,80,0.002719168530267501,0.001105515087673892,0.002662961643009127,-0.0012627123157348545,0.0009947251080023732,0.0005777112175408305,0.001281844715331031,0.0011553925369319356,1.5776268686135023e-05,0.0008507851292433609
16,3,multilevel,76,76,0.04011596592212902,0.004005449831345613,-0.0002911065169260309,0.0013676487532034982,0.008405947394655822,-0.009049737645689395,0.0006411439531178521,-0.006994183727102421,0.00018423935692457236,0.0007778887027594933
16,3,plugin,77,80,0.0021686721415311206,0.0006881486003614515,0.0005958431212862421,-0.00017813271058285412,0.000671171143041039,-0.00031262262693406535,0.00034655014433014695,0.00021925074930438342,9.454099054092031e-06,0.00013341017452020548
16,3,multilevel,77,60,0.021535234093457426,0.008709917341995046,-0.005472869265511434,0.010973639532091985,0.0010086098813491939,-0.009724531716018506,-0.008880974623096963,0.0053642990177049975,-1.1072832258330884e-05,-7.709018770522603e-05
16,3,plugin,78,80,-0.001275274721545831,4.104047244839502e-05,-0.0018784511306800802,0.004870229103175716,0.0004569159902490758,0.005088411349666823,-0.0024346438468383345,-6.326772830818236e-05,-9.327946540749162e-05,-0.00018971812415734797
16,3,multilevel,78,80,-0.022117064503879135,-0.005234860156031283,-0.0017824097091751802,-0.01462339657830101,0.007470329021206082,-0.013411722978218554,-0.0012923964946938136,-0.01720042884286697,-7.991217427773367e-05,0.003194835658242877
16,3,plugin,79,80,-0.0017353705412921216,-8.024276508578589e-05,0.000869511212354256,0.00019772429212584677,-0.0013540325185026232,0.0006489065941041542,0.0015918756192618408,0.002378050416013714,2.7279682267808423e-05,-0.0001266546613051061
16,3,multilevel,79,72,0.01730752165767624,-0.0011933581565775255,0.007409928075095511,0.010237982760127558,0.006338169160594909,-0.0018282310173036952,-0.007597623505116183,-0.015262237997016474,0.00039832903025787563,0.0053066245349099005
16,3,plugin,80,80,-0.00023972758852715284,0.0001387700115740186,0.0003471348042453427,0.00011140306291501119,-0.00021091165678761218,-0.00016556228819218706,0.0009121702527085517,-0.00024200962640045658,1.2181075089808968e-05,-0.00019935373040320313
16,3,multilevel,80,74,0.05429495780804867,0.0007330740490851086,-0.020389750111837496,0.016935388032206917,0.023004399975683414,0.0005263061107223241,-0.014022619434570921,0.01949167337538142,0.000125212916542309,0.0034752161723322875
16,3,plugin,81,80,-0.00024928124485725693,-0.0005293279227013765,0.0006451983032312355,-0.0011263174820354289,-0.0011157354078135877,-0.0004737669602613779,0.0006008632480248111,0.00011178041915952814,4.060265501428421e-05,-0.0004371432804962676
16,3,multilevel,81,84,0.029174564850764733,-0.00018843291276422565,-0.028138505068689312,0.019518536092862627,0.023952810870492405,0.004482645929212489,0.010714750689416984,-0.025355594780036725,-0.0014711165819621323,-5.8809976188199474e-05
16,3,plugin,82,80,-0.003487938110148825,0.0004229086633365666,0.0002464968449054167,-0.00034141323328693794,0.001959465468262449,-0.000413442499019466,-0.002472175696376755,0.002106130809176024,-7.555048466713876e-05,-0.0004990268579987537
16,3,multilevel,82,82,0.012720687288919985,-0.005567502845495932,0.010493259455212624,0.009513712670935058,-0.017163512689115645,-0.0052716504078951475,-0.0025553819063504086,0.009722203100242417,-0.0008331523914805516,-0.0031464097849824685
16,3,plugin,83,80,-0.0009093296213466086,-0.00015267591325015834,0.0002638788350181534,0.0001481178611416234,0.0009693841452385159,0.001152002923868821,-0.0013613531207765546,0.0005309063186130149,-2.4740364459106697e-05,3.4124570002229025e-05
16,3,multilevel,83,80,0.012102203017615146,0.005699775174242242,-0.007526737408857253,0.009044829771411566,-0.019024553989774866,0.0030372624101932585,0.01693972627837306,-0.0037839345437855262,-0.00013181648111035822,0.00048355506015251474
16,3,plugin,84,80,0.0018839868101519224,-4.964485455968539e-05,-0.00028763673471369664,-0.0007639914880687912,0.00011492910904566174,-0.0013488835479349601,-0.0012620396251489798,0.0007587886226812504,-5.743839665462026e-05,0.0003759765613135875
16,3,multilevel,84,76,-0.02544292003207488,0.0007374303255476019,0.01135520054836165,-0.003583435274124213,0.003275916031502615,0.013604499729728305,0.006095159723186197,5.034972665828397e-06,-0.0006864358384477238,-0.0007296323838055094
16,3,plugin,85,80,0.00014875316136342848,0.0007608625701977479,-0.0003453709383067666,-0.0001000631848528695,0.0004673746451319075,0.00010674529489112181,-0.000761650639429254,0.0001234213390297326,1.5266332635059816e-05,0.0001868554994352601
16,3,multilevel,85,68,0.01871668017177988,0.0046021015308954395,0.01191834137763587,-0.02469163726111293,0.0166331583424183,0.02007182786803831,-0.03768848383142829,-0.010140571931432078,0.0006241398441153835,0.009853955012541585
16,3,plugin,86,80,0.0009574181285649585,-0.0004547919838761016,0.0018790911643115594,-0.00032719810326012143,-0.0011896998867934176,-0.001000029788656124,0.0015909432454162882,-0.000799224247115152,-7.088714260775209e-05,6.200523619910418e-05
16,3,multilevel,86,74,-0.011533640494715282,0.008505006364715786,-0.011298385844371248,0.002990180268105863,-0.01626416812373608,-0.04038901782198946,0.00828394718465364,-0.0060520739607106445,-0.00043647136769039876,-0.0034881132199461743
16,3,plugin,87,80,0.0004729107567067386,0.0006576930214360309,3.339559303225495e-06,-0.0001618560024777161,-0.0008907941110393512,-0.00045994898254806966,0.000599898156512623,-0.0008575022461331788,-1.8046520871311597e-05,0.0001558645756021435
16,3,multilevel,87,82,-0.015627819123151906,-0.006045406578378312,-7.771823114247735e-05,0.0215671727690325,0.031113090958434945,0.02453460174903999,-0.03415222333784375,0.04932387918713182,-0.0005325999729514406,-0.004939026576964096
16,3,plugin,88,80,-0.00106805631769775,-0.0004108645462605981,0.00023847618057986925,0.00023098960792793002,-0.0008390139981202682,4.09109068774758e-05,-0.000254943139132805,0.0004081042576153059,1.0102495845326382e-05,-0.00031281283934303294
16,3,multilevel,88,64,0.04674227806684713,-0.007918701235831986,-0.018385605630635092,0.007499946835676595,0.008023394029316344,0.030603830826244738,-0.006080767220509162,-0.007892954257391773,0.0004097213740752224,-0.002240521314692506
16,3,plugin,89,80,-0.0007563983057270379,-0.0005598635581487109,0.001658352964616154,-0.0013846571018318306,-0.00041856934029064314,-0.00016624835918578975,0.00040518941181161766,-0.0007778539497851603,8.245007973297166e-06,-0.00014286698354924512
16,3,multilevel,89,80,-0.028953008797499877,0.003093489401564389,-0.004332397599784039,0.019934460906646773,-0.025616974006663334,-0.0037430946247450575,0.005748972009960397,-0.005058742209171524,0.0005704736688591134,0.004536646938907167
16,3,plugin,90,80,0.0019769316350612314,0.0006622660375113043,-0.0002458540746789006,2.989230401049148e-05,-0.0010010012944103859,-0.001040585119205356,0.0016331130824295665,-0.0011474755888538,-2.133915174661001e-05,0.0003051893608561214
16,3,multilevel,90,72,0.0427787155706463,5.2358997612115633e-05,-0.016095421464827144,0.008908843266991928,0.0025740406652875777,-0.011340625536563885,-0.004172689696675262,-0.0012403608926612702,-5.7165459745574685e-05,0.0032754100373418304
16,3,plugin,91,80,-0.004248307573471421,-0.0007671232900254732,0.003291861671738519,-0.0017576912830666617,0.00027494808296525024,0.00030678612735396356,-0.00032895210828109023,-0.0008382113474203815,6.568316047894864e-05,-0.0006824633423249876
16,3,multilevel,91,84,0.016093476068296423,-0.011558228272910106,0.007126836726532628,0.012175229420457104,-0.00952888096089012,-0.004851042009704985,0.007551853916013324,0.009402368607111982,-0.0005771600709478774,-0.003880560742928372
16,3,plugin,92,80,0.0003489198688739712,-5.768108330070048e-05,0.0019192659874390507,-0.0015264057471488283,-0.001761446263133017,0.0023494405106407874,0.0018060762731461283,-0.0037410006093409123,-2.7752192157648827e-05,-0.0003838892142597802
16,3,multilevel,92,66,0.017947759539344837,0.007081820268044232,0.006551885579425195,0.006788417613170405,0.003090746448328814,-0.008913043035566455,-0.0016031685606882802,-0.015414438079629562,0.0006356108440667869,-0.002508938833040173
16,3,plugin,93,80,0.001885630217709467,0.00012119852779621704,0.003179476888183682,-0.001042550460189502,-0.0020454336378444445,2.7796597729894006e-05,0.0024100603382677054,-0.0008352883227777828,1.0333599491129496e-05,0.00020522592677603036
16,3,multilevel,93,58,-0.05366585159519312,-0.012796346348138843,0.004749890359310098,0.0003896912400045765,-0.005648251764843539,-0.024480281317389052,-0.006365648268547713,-0.055907971581253726,0.001491603325800786,-0.008146378058766635
16,3,plugin,94,80,0.001716693124365618,0.0001444392792420179,0.0005476460059547236,-0.0005268750795172746,-0.00015780090221895662,0.0005277275393559296,1.3134490589756963e-05,0.00015005708897567363,2.7688472234629212e-06,0.00014233431858772002
16,3,multilevel,94,76,-0.023513402357080045,0.006101696949457781,-0.006122532021144723,-0.02126238256012468,-0.011129196211718635,-0.01155099292155047,0.0007496140154626889,0.027732954095249483,0.0017347355463975622,0.0034943939576938038
16,3,plugin,95,80,0.000526390124213707,-0.00010579081203137853,0.0010686347179437654,-0.0009768805549921662,-0.00042296657722179585,0.00016445546937701784,0.0005854949734109389,-0.00048464123155201905,-3.300400437605098e-05,-9.859027016960987e-05
16,3,multilevel,95,62,-0.010223450241179037,-0.001972311010913266,0.0047137893753307885,-0.0030733515341309844,-0.0038790033833241183,0.00762318432423643,0.0007202626223214587,0.011537125797476639,0.000325307049334763,-0.001174959913977939
16,3,plugin,96,80,0.0016088175307157264,0.0002205213044349229,0.0016607125266718183,-0.0007381958781715245,0.00016886384170715962,0.0013340568514313821,-0.0002835372244027181,-0.000258258009714324,-6.227346634115499e-06,0.00012125416290214529
16,3,multilevel,96,70,-0.021466840635457063,-0.0006691982312600884,0.004793572530499448,0.0028810809448842145,0.0038676109069336823,0.004682803313922046,-0.01195067959242726,0.0009893106873620616,-0.0003576854854658206,0.0015452270920000481
16,3,plugin,97,80,0.0038507517271369465,0.0015779960761975352,0.004253164926603775,-0.003569606301399406,-0.005536702621702398,0.0009531633500994147,0.003200546851397043,0.000693027627310322,9.84613492842185e-06,0.0006100692752403716
16,3,multilevel,97,96,0.015030817507049,-0.005274587086544557,-0.0044585119651213805,0.0161608380779141,0.00732236710678993,-0.017962841458628455,0.001370317906240708,0.006548041465075615,-0.0002636343247688175,-0.000791604817970359
16,3,plugin,98,80,-0.00047380482045804783,-0.0001631921155062519,0.0007632576912602273,-0.0004820726608786908,0.00014363181113029332,0.0008126246535537158,0.0001062032537713573,-0.0001995059169105568,-3.787584378190588e-05,-9.757283687372191e-05
16,3,multilevel,98,60,0.06877040959124248,0.012148711523349252,-0.016305451641845686,-0.0006330669039526911,0.039904818175993194,-0.002470813664744503,-0.042527811851582296,0.029331900849599097,-0.0005182222457482626,0.007109195969654796
16,3,plugin,99,80,-0.002057786134818904,0.00014717160920521024,-0.0017870892767724656,0.0026257975081216568,0.0012105963887597516,0.0013478049854023237,-0.0023883585643562134,0.0030773619546789065,1.3415186275125295e-05,-7.677002043867381e-05
16,3,multilevel,99,80,-0.040112237239502364,0.003854583383316439,-0.008534029626597012,0.006127396906370024,0.0006815885440911002,-0.006373528010664899,-0.014587350891728752,0.003434633318304529,-0.000636194661364114,-0.0011267316815605402
16,3,plugin,100,80,0.000659220988502923,0.0001671047129184693,0.00039069345392985346,-0.0007759464925712689,0.0006742986354779901,0.0007567958715162972,-0.00026121919257581264,0.00038158288072294937,4.5541550702136206e-05,-7.016141544313438e-05
16,3,multilevel,100,72,0.016474989164428317,0.013455916990271405,0.007260446804225056,-0.014015743102553487,-0.01944519855274928,-0.01229662289970608,0.018003520009535798,-0.014116725871738857,-0.000513486235863807,0.002839358701570225
16,3,plugin,101,80,0.000987560988517957,-0.0013110746010825854,-0.0025976922907571293,-0.0023150321584593852,-0.0011011662663150481,-0.0016215405733224,0.0026853026024751545,-0.0021142730885692577,0.000130460512966448,2.0768623019189077e-05
16,3,multilevel,101,62,-0.027666951814428763,0.0015173719870407209,0.009365926481003832,-0.00042498961803955304,-0.014579974644648275,-0.0016990998035865531,0.012490518044525988,0.026733702453650362,0.0010118330129638953,0.002075080487630981
16,3,plugin,102,80,-0.002528182838111518,0.00031360921880440717,0.001209196209367439,-0.00033661768541954723,0.00016137807941341698,0.001757960404760726,0.000828997868574249,0.0004842312191977609,1.4972068874478769e-05,7.557819715102858e-05
16,3,multilevel,102,80,0.003166857488720967,0.002112214189669301,0.010546519720992706,-0.01486230952486352,-0.0029122124754860142,0.005924004254212641,-0.0014304693505266153,-0.00040160835079885743,-0.0003603980115804477,-0.0004202987757992602
16,3,plugin,103,80,0.0010746157897885914,-0.0006833809370600887,0.002490749671760749,-0.0029092154515831365,-0.001066441900549807,0.0005211220780967854,0.0019954868866509843,-0.001344661443678175,-5.4955192978204575e-06,-3.268257149185686e-05
16,3,multilevel,103,90,0.037096687569275026,0.004463464139373817,-0.004825430516543684,-0.003071665786966697,0.007006400726084889,0.013220443662390764,-0.0017633451686530478,-0.0033738340122233482,7.778640774254565e-05,-0.0006222941157878822
16,3,plugin,104,80,-4.089526102115492e-05,-0.0002820446234588159,0.0002499772771497735,-0.00046980329821597045,-0.0006140526116156553,-0.00011556024351768133,0.001013595263602577,-0.0009354114701163198,2.634056266394334e-05,0.00012416541308731365
16,3,multilevel,104,78,-0.0029111665262593453,0.002523858445370868,0.006660169655577003,-0.008395917031016845,-0.03750828665640151,-0.03434080581682902,0.02052124528888634,-0.014760515010522248,0.0006126408875111432,-0.005960539486048794
16,3,plugin,105,80,-0.0016054420361780064,1.7421478606132707e-06,0.0017056708506713093,-0.0008905015138592812,-0.0011332505295077548,-0.0011163814691968574,0.0013850353076514032,-7.219040185040096e-05,5.196392771990023e-06,0.0002872005520683259
16,3,multilevel,105,68,0.026371338359188215,0.002204680514016945,-0.0037221069932866094,0.0033656548350541726,0.021727391774694415,0.014825510377490365,-0.008560021168544249,-0.0014067181993779115,-0.00014218449458391604,-0.0005529851161716648
16,3,plugin,106,80,0.0002958323593868124,-0.0002510897963524281,-0.0013006760412791881,-0.00012897643152901217,-0.0006640826301056225,-0.0013989600884163325,0.000794217835134768,-0.001207339821705268,2.92582972391115e-06,-0.00025881146231390576
16,3,multilevel,106,76,0.0002854956461956701,0.0029731608526295736,0.004748996031297517,-0.0038524082922639013,0.0023413210404030337,0.0068754716581338705,-0.006015757303982196,0.01237901292699444,-0.000321173612463305,0.003208613952123508
16,3,plugin,107,80,-0.0007111040712734641,0.0017579343006918031,0.0020333808268066136,-0.0022208790682836095,-0.0020616574352221406,0.0004972442165703285,0.0022880943129676016,-0.002305321765447541,2.2482914503586044e-05,0.0007946974468400354
16,3,multilevel,107,84,-0.05472735303508029,-0.006192201762574014,0.015640822867158816,-0.0323816001475884,-0.0022848768952640815,0.061075618744333454,0.02813820781256218,-0.0354370262699077,0.0009166977950956248,-0.011484437472314021
16,3,plugin,108,80,0.0023588369674837823,0.0015860124544106581,-0.0023261501313829986,0.00018428953264372396,-0.0004553802652852437,0.0006555006565820845,-0.0024189571951257326,0.004325903134005247,-8.828278713560968e-05,0.0009337045059445727
16,3,multilevel,108,78,-0.015438902565631935,-0.011602370866223352,-0.014341812107471257,0.01309688064254811,0.009132596691104155,0.005385783426069322,0.0011135854528735588,-0.016911416056962884,-1.915988203239321e-05,-0.006240687435045496
16,3,plugin,109,80,-0.001243912583413734,7.536018589604816e-05,0.0011286443776250294,-0.001705656474894299,-0.0007280742195584425,0.0007662757046186984,0.001617078445452065,-0.000392984458334626,-2.5152448369950565e-05,4.845687644145155e-05
16,3,multilevel,109,74,0.00278545472553986,-0.004615779427142233,-0.0026195419106456682,-0.00861793067751556,-0.005585872103191596,-0.005597632016157334,-0.007784577459742477,0.0007726861274476775,0.0009075707043518468,0.004302818822457834
16,3,plugin,110,80,-0.0011395687325364188,0.00018427596270997366,0.0010846318895505484,0.001429482668492939,0.0014358550880190905,0.0017875163664830829,-0.000983268435299192,-0.001257821006883798,-9.017410442082384e-05,0.00016448198935073373
16,3,multilevel,110,74,-0.03171401419845965,0.004862300862566303,0.0020979185466655035,-0.0003956359161850675,0.0018740708628530618,0.001161960812555179,0.007417767084255115,-0.00871415642766665,0.0006585331428716592,0.0017633468800435101
16,3,plugin,111,80,0.0012040694622476049,0.0010223280859527853,0.0024313010325219377,-0.0020035891978647316,0.0008220327250880346,0.00041465722495784177,-0.0010289641084222881,0.00014307583737871394,-2.307931952038443e-05,-0.00021192007158691304
16,3,multilevel,111,104,0.037923742621058756,-0.009366976430730041,0.03146599898757059,0.0033838112143539365,-0.025166417868822465,0.0015750168151394581,-0.012043848021098631,0.03141367204139609,0.001175863377397187,-0.009467379066925852
16,3,plugin,112,80,0.0013388349451151514,6.557027196192559e-05,0.001398560490142771,-0.0012701973746207143,0.0009999540586067088,0.0018772278100323474,-0.0006183911878162726,0.00020393937418865498,2.1296920789858126e-05,2.0613502057037383e-05
16,3,multilevel,112,78,-0.004931941180677837,0.0016407102630187852,0.005833814691456181,-0.00395541020908244,0.0017228845265592292,0.007574851008396509,0.002547351250177151,-0.0010646000620281534,-0.00038618837618764406,0.0036940034497510064
16,3,plugin,113,80,0.0028836664644886364,-0.00018891193747616763,0.001905871535235706,-0.0031070701530377734,-0.0005070604653084424,0.0014092075870553661,0.0010403781678105808,2.2709445130396534e-05,2.570302226386808e-05,0.00010940176299442704
16,3,multilevel,113,92,-0.0428098204237122,0.009836216987038961,-0.006468593948159513,0.0016412995892799067,0.009738223671739642,0.008432022424976876,-0.01826115424753152,0.015678269688096668,-0.000207905149515547,-0.0013927792541670867
16,3,plugin,114,80,0.0016447275672998272,0.00012985284305415585,0.0024403561091542953,-0.0024851708034196243,-0.0004996865369645212,0.0011309437933325088,0.0003308299777981944,0.0008411751880096647,2.0042210965314552e-05,-2.3631302910966195e-06
16,3,multilevel,114,60,0.026227803472796008,-0.0034646699813423542,-0.0003226665525535434,0.011907975766518442,-0.010208785428749255,0.00714775330061092,0.00997418353398588,0.001784950567324239,0.0003110858680964905,-0.004552076723566465
16,3,plugin,115,80,-0.0015207220623526573,-0.00011037693815532808,0.0015437051969674311,-0.0012667474009388057,-0.0008026719774099162,0.0013384493321143016,0.00031947593179037863,0.00016350790697048257,-2.4303711336336562e-05,0.00043553527348022476
16,3,multilevel,115,90,-0.017820860110113572,-0.0116800775550611,0.027816987509623303,-0.011197276742011352,0.005334762797879698,-0.002252975487536081,-0.007865820021244991,-0.0018479105972105901,6.202167633445254e-05,0.0003878462317121637
16,3,plugin,116,80,-0.0024645419376008,-0.00014149577865764753,-0.0006973230585919795,-0.0002870970743587383,-0.0013442538225714204,-0.0005719202288243711,0.00041228118498837956,-0.00023170039714344895,2.3466205096584195e-05,0.0003949363786434526
16,3,multilevel,116,90,0.015719318255839644,-0.002603563043063029,-0.008275532647285776,0.01337347338896227,-0.0069752561355645015,-0.014490043326398536,0.006828296349689044,-0.0037168207066837263,0.0002980635438293943,0.0006044093769626195
16,3,plugin,117,80,-0.0005913346525163853,5.489062687865113e-05,0.0009342460876694619,-0.0003030678858683659,-0.0009266705201857724,-0.0003275432982620711,0.000210156024013416,0.0008190709806851231,4.4251160927230926e-05,3.127944130417795e-05
16,3,multilevel,117,78,-0.01322837872452007,-0.011241135942837504,0.003982689024088126,0.008528184682983239,-0.009232090057510729,-0.01749727110853891,0.012889063136174037,-0.006199521350867862,0.00015149615264699844,-0.003563659455025993
16,3,plugin,118,80,-0.0005881591573557765,-0.0005423283947493553,9.706076491069365e-05,0.000439512609834199,-0.0006463403218189803,-0.0007730510252753736,0.0007133456361703126,-0.00017593413916351823,1.2323349192341563e-05,3.099260257075322e-05
16,3,multilevel,118,92,0.02629339065147285,-0.0034111282560521077,0.005838411360415611,-0.020630903143586923,-0.0015747425373192534,0.011500001148424442,0.009441654781734574,0.013390339400087374,0.0004042570900456562,-0.004669305204401205
16,3,plugin,119,80,0.002767954297527406,0.00017898791045621067,0.0004472386206342437,0.00027796734731937015,-0.0003893521616598432,-0.002247102250534825,-0.00026844081558264786,0.0015282470949933786,-2.757996146954018e-05,8.295384131955834e-05
16,3,multilevel,119,70,-0.04179678445424198,-0.006218085349897364,0.049812936702242336,-0.020104584052103934,-0.0032186969597684397,0.020762395836907206,-0.008577230102104193,0.019819386163520896,-6.085454745996365e-05,-0.0065465240445652315
16,3,plugin,120,80,-3.227558932899882e-07,3.319020645444118e-05,-0.00035451856773557704,-0.00016563582344459717,0.0006079206242408412,-0.0002136516977323701,-0.0004088483192002062,0.0004634674138700063,-2.6687000041019597e-05,0.00011760098259855696
16,3,multilevel,120,76,-0.027326658926515313,0.011888878537107052,-0.01723151789470435,0.013838202092705103,-0.015012999577992828,-0.017040781107543288,-0.007211450699677758,-0.008983962767197679,-0.0009553375777892061,0.003517983426754505
16,3,plugin,121,80,0.0018852117856514342,0.0007782345152075246,7.373643536013429e-06,0.0001932739777778371,-0.0008104133570439279,0.0004594568914227316,-1.4298608176580444e-05,0.0005587452243365984,-2.141148735278212e-05,0.00012222008409740775
16,3,multilevel,121,84,-0.003222623909441863,0.012783830791979936,-0.00840675449600946,0.01684836988963979,0.002754156542097536,-0.00844497652810728,0.007349328590918945,0.0030236306853692646,-0.00020033705183936348,0.0006976346183242411
16,3,plugin,122,80,0.0028161792976936872,0.0007318282281128762,0.0030160755624074505,-0.00042231856716293904,0.0009683371459626373,0.0028029676318485977,-0.001666796429262121,0.00029273167967830134,-3.0928592096699184e-05,0.0004906679703484243
16,3,multilevel,122,66,-0.008237815663852881,0.006887717595026779,-0.009436250277315036,0.000491811495478639,0.0043819237884414365,-0.0003375804823389488,-0.009350003140250208,-5.1330783571668045e-05,-4.786061824844232e-05,0.0008059272209018858
16,3,plugin,123,80,0.002093166370627995,0.0004748981919738901,0.0010105140104128645,-0.0011029811144157018,0.0003320256537190289,0.0005638601495921834,-0.00095438941849925,0.0006396493960770545,2.1610353183573504e-05,-7.561696512430341e-05
16,3,multilevel,123,84,-0.011107861819920814,0.0017995715895497253,-0.06620049217125462,0.04461811460838896,0.012357736882633807,-0.0209433688594673,0.0032370391384002528,-0.005562083022491932,0.0012500994334232443,-0.0006845686511816458
16,3,plugin,124,80,-0.0003535935574521669,0.0005402916524784137,0.0012440192600447154,-0.0015469601843023967,-0.0007694525002137301,-0.0008919833613350815,0.0005839052438453944,0.0002675746410110918,-2.3819373903528968e-05,0.0003503660487018106
16,3,multilevel,124,76,-0.07553259838396202,-0.007603297344710049,0.006735074896468168,-0.003951572073407611,-0.0014404355024083002,0.024805421766167842,-0.008177081959919735,0.014667090484682732,7.95042386514657e-05,-0.005857756469012981
16,3,plugin,125,80,-0.0005669469620800976,5.445666135252477e-05,0.00015075845526552233,-7.755669549584088e-05,5.000613138596608e-05,-0.0007291555748110818,-0.00040870853098933055,-0.0005504877725057824,-8.497749905317492e-06,-0.00034997628471287155
16,3,multilevel,125,74,0.005692933873529237,0.004967045652943123,0.0174709235868702,-0.006741118130568642,0.0016551990042804501,0.01382778944980278,-0.009006144846423763,0.00731078957879697,-0.0009529303223462106,-0.0020769711340571924
16,3,plugin,126,80,0.0016759159239300202,-0.0002798429805157534,0.0002607679003853346,-0.0013468719933810338,0.0012928105333826765,8.845018498906665e-05,-0.0009995104845252243,0.0013696967526704107,-8.140171231364607e-05,8.958406316114832e-05
16,3,multilevel,126,68,-0.0009575847442131689,-0.004801239024757594,0.020517635103506734,-0.01094305487585992,-0.0029577450420294592,0.019561641640717345,-0.005291236908305563,-0.0009698015164185223,8.758227674410322e-05,0.0021079882112969564
16,3,plugin,127,80,0.0013712523737215165,0.0003970778725742397,0.0007599157622908573,-0.0012328504600188123,-0.0002846547479059045,0.0005119795330927865,-0.0008223913672167198,0.00047199557261743677,4.772651712299973e-05,-0.00012947710264982543
16,3,multilevel,127,72,0.008818345327990341,-0.0004594152370828382,-0.004584689404658151,0.015261413037574322,0.011510134750468339,0.00820889340035729,-0.002771778297186508,-0.013688629257233957,0.00020709409972227962,0.002926751976771503
16,3,plugin,128,80,-0.0005012807415246923,2.8722714041411045e-05,0.0008167105003899263,-0.00029266107396959986,0.00012789651987242154,0.0008140253918713933,0.00022993460814249673,5.889247201616474e-06,1.2129494618275755e-05,-1.4074550832994591e-05
16,3,multilevel,128,60,-0.06441589805198401,-0.005657575716383006,-0.004997757309088226,0.024168480668667953,-0.04298750246431401,-0.04105020001965878,0.05807060687068456,-0.026482337066379733,0.0007312527986727201,-0.003043733135121192
16,3,plugin,129,80,-0.0008444594902367087,0.00015955338412852667,0.0012381807122604097,-0.0010172548804201994,-0.0008529442421008507,0.00016785085303934344,0.0012924040085866859,-0.0006683792326130443,4.9912335001475676e-05,1.2138876399041752e-05
16,3,multilevel,129,68,-0.04005936324915628,-0.013433364577557293,0.04722829892863052,-0.022800846665110796,-0.027374811595574446,-0.0033868837048180306,0.0263715525381861,-0.026281922870167354,0.0002241609576293172,-0.00882425975667898
16,3,plugin,130,80,0.0030614198019431,0.000529015275926641,-0.0002248437919783294,0.0011338265508989741,0.0010119594595055592,0.0006357552459230259,-0.0009510925473439242,0.0002571151982222786,1.9157716933074918e-05,0.00015196086993078033
16,3,multilevel,130,102,-0.002779805673951589,-0.004542247393943429,-0.0005328491976871313,0.009551716268202953,-0.008552534020874017,-0.015293290093318621,0.0026221892774426036,0.0048372729889445,-4.6974767831881086e-05,-0.003229150416708713
16,3,plugin,131,80,0.0013950968497845454,0.0009351171636250648,0.0009058288793426368,-0.0002119404684215886,-0.0010028341806878822,-0.0002036227008396519,0.0012508314874017145,0.0003092800846640941,5.38458523386119e-05,0.0002346066563766273
16,3,multilevel,131,84,-0.012181590438804422,-0.0014081636092147755,0.011177981269177302,-0.010535462135497609,-0.011060328824639453,-0.0013623249254454762,0.0014474108341465798,0.007460703598489351,0.00026836360139570497,-0.0015115374361118173
16,3,plugin,132,80,0.0016592263562392208,0.0006218975179050015,-0.00012118985239898224,-0.002544520018787331,-0.00133922008805753,-0.0016400458554816462,0.0005508344659382324,0.0011177084288390635,1.006139418493048e-05,0.00015958523351777148
16,3,multilevel,132,90,-0.013951887217204757,0.006578129815185255,-0.02078444888752564,0.025319395009931273,0.01310606070417094,-0.0174578010512329,-0.015496757090261196,0.0029173597479052733,-0.001174309049841244,-0.01416540659817077
16,3,plugin,133,80,-0.0009014285098687059,-0.0003755168909708813,0.0018718223695201458,-0.0017989933024909295,-0.002314660789941399,-0.002973121118404479,0.002974520580119354,-0.0013199573585097515,4.347074370397642e-05,-0.000115564268403586
16,3,multilevel,133,96,0.07190415126258659,0.01030138968879888,0.011624488887024748,-0.026467304376388827,-0.006942774048415497,0.004258895057960384,0.00143878597322062,0.015620503343080606,0.0011477653145683994,0.0019003230951773738
16,3,plugin,134,80,0.00194481093861236,0.0016191525494089383,0.0007547560668145013,-0.00038506732275464116,-0.00045366362430094073,0.000834293043708852,-0.00022339411825217424,-0.00023443131826616397,1.9709531326561098e-05,0.0008407971219334853
16,3,multilevel,134,94,-0.01796868771265247,0.0028895194489584443,0.031927712123077295,-0.00848516687486703,-0.016373070400506357,0.005967849044705816,0.014076953905700228,-0.0007196184235992863,-0.00047206179670757135,0.0023044153884738306
16,3,plugin,135,80,0.0008806296552086755,-0.00019534022879376655,-1.0042911381987216e-05,-3.019353608828863e-05,-0.0002605770599769364,5.0830993142470456e-05,4.613253526046357e-05,0.00043622384049962,-7.073760473772387e-06,0.00012932493427252322
16,3,multilevel,135,66,0.0707569681352957,0.0029599254960260674,0.0019641192888024297,-0.027857175797336202,-0.01116045718705324,0.002623674535292114,0.009310317652770678,-0.010046228462898847,0.00014148503187404955,0.008367024103622495
16,3,plugin,136,80,0.0016724309416178236,0.000609846532316656,-0.0002567608975291426,-7.665590478359988e-05,-0.0010341795499369338,-0.001983119140457497,0.001281096088815767,-0.0009476002312890282,-1.930345961608833e-06,0.0005268349678956385
16,3,multilevel,136,64,0.027144036255621364,0.007427304043455802,0.01729342988431663,0.007944899215931665,-0.06768399160708889,-0.029215439859355503,0.07384145497117381,-0.02489879335951852,-0.002953604268005034,-0.0011948027219538253
16,3,plugin,137,80,0.0011734634822386477,0.0006725562463889116,0.0019266231001771536,-0.002228737994490457,0.00023268044001022398,0.0013557254456459742,0.0001289974146301781,-0.0002670313060024336,-2.3910891283020586e-05,0.0004113149743408157
16,3,multilevel,137,80,-0.014143502961248812,0.004583858356084757,0.02062125280123995,-0.01629399660328363,-0.02008985156297938,-0.04560697835633528,0.030810647363385988,-0.01211900494808598,0.0005292660717867152,0.0018318888928498752
16,3,plugin,138,80,0.001958330794873145,0.0003876089543808258,0.002517532955323004,-0.0017013657251299071,-0.003903267247927737,-0.00014420383383965642,0.004063275338612782,-0.0015630824737593559,-4.7232036035951995e-06,0.0006322496040786738
16,3,multilevel,138,78,-0.06131660158936646,0.003596377310612046,-0.0010408751330747215,0.001206571076119267,0.03328162112410783,0.013450243268732127,-0.019547940227081576,0.017093308223843404,0.0028549267750998704,-0.004301313663964609
16,3,plugin,139,80,0.0004106871246147725,-0.00021543553026075738,0.0006413030393994531,-0.0005219495049644111,-0.00046823427127747205,9.17209156152403e-05,9.418543292955671e-05,0.00017574908827689364,-1.7551955495212054e-05,-4.016475611753754e-05
16,3,multilevel,139,78,-0.010989139969294579,-0.0009110595849493335,-0.004140517083852341,0.012548321077277526,0.02317031475832295,0.013320121767391009,-0.017526735343176655,0.00520815974789584,0.0003827477690124913,0.00137984723854646
16,3,plugin,140,80,-0.0037843522964050177,0.000305747689642137,0.0019122358650379727,-0.002155831205212529,-0.0008915948570027075,-0.0015010773283414829,0.00012963846767022571,0.000778056368288106,-6.886249012020887e-05,-0.00011742595500754931
16,3,multilevel,140,64,0.021020773101179474,-0.008365906816799898,0.009262126701475578,-0.013252955744569446,-0.011657924443454627,0.004393990760763676,0.0023094576461633923,-0.001738232964509891,-0.0002904990241222817,-0.0014450576209158392
16,3,plugin,141,80,-0.0021177607669892466,-3.8166734573382265e-05,0.00014358557033304194,0.00020318808825571448,-0.0005020169769063947,0.0003990095335906502,-3.767790853436344e-05,0.0005163646332490843,1.8433866209996642e-05,0.0003157720514357377
16,3,multilevel,141,112,0.005879456112587063,0.0013731405596985188,-0.01335542654745633,0.009121235690650908,0.0216516493883468,-0.0013632296212652472,-0.013256539571597012,0.0026366180418867214,0.00017770880822501206,-0.003569682447887918
16,3,plugin,142,80,0.001215025317706153,2.2624882805704358e-07,0.0011088977942322405,-0.0006347400044541405,-0.00021014664080131994,0.0010894622259575203,0.0003409969189081773,-0.0006827312741699567,2.468517422189653e-06,1.69855141416224e-05
16,3,multilevel,142,80,-0.0013290669661165716,-0.0026069897528489235,-0.003682131694667958,0.0016774055886426716,-0.007569392042440857,0.001077978352353833,-0.014001656038129359,0.009234591180189922,0.00013835774362302872,0.0012383747136108802
16,3,plugin,143,80,-0.0010122783097890706,-0.00011031188107420148,0.0004803073228496826,-0.0006651654306784921,-0.0002773466631917375,-0.00022020420631925963,-0.00043707292774470944,0.00018651431467469828,-4.105284029782512e-05,-0.00020216987836523114
16,3,multilevel,143,100,0.01174395948393577,-0.004952366086761225,-0.0055258871100094175,-0.009403986423572173,-0.020872388172305387,-0.02505360294057715,0.030934212935550074,-0.021695720149040334,1.0131772435136438e-05,0.0027118920798842403
16,3,plugin,144,80,0.003294788465435017,0.0010497771593611694,0.001433585320653876,-0.0007794486563893375,0.0008082779731788649,0.00015940787438561974,-0.00011217291482593368,0.0006033137525485294,9.435097552255159e-05,0.0005303088546644691
16,3,multilevel,144,64,0.020401280118139242,0.0041260613867389355,0.0014893793010846046,0.011295200075472954,0.015443940744608078,0.01380521515405186,-0.0214915977430258,-0.00238400280212531,0.00022657169820758854,0.007129733111863268
16,3,plugin,145,80,0.00462226743236654,0.00027786981052285606,0.0026389744324499162,-0.0008786342810268014,0.0006408070173645082,0.0014324498438600668,-1.3407382347805545e-06,0.0007623864514745585,-7.816045979690029e-05,0.00042470052308178505
16,3,multilevel,145,80,-0.002736235443788144,-0.0035930098342520753,-0.0006077346924335925,0.0037033457216408805,0.0008815810584337153,-0.011790017551192786,-0.00015855908402601942,-0.008518532824752853,-0.0002741078845291497,-0.0020616725477613238
16,3,plugin,146,80,-0.0010066755778028187,-0.00019726922642703876,0.0016148655344284466,-0.0007874823409006319,-0.0007354931398625251,-0.00014473503440934308,-0.00041602560112620403,0.0011292370077589091,-5.024772692754444e-07,2.0978736567140805e-05
16,3,multilevel,146,78,-0.009044643592218356,-0.0005781207090270915,-0.01434609800831129,0.006917633632542746,0.017078104742283388,0.010308647852587411,-0.012031620170123915,-0.003483483295115706,0.00020819456891693112,0.003420168935887398
16,3,plugin,147,80,0.0033080487475938567,-2.3353727611533516e-05,0.0019272347290453028,-0.0024740871441756417,0.0009461661868064324,0.0016434815698685896,-0.0015968650755375674,0.0020338911092784417,5.8029265718643326e-05,0.00035958903531412457
16,3,multilevel,147,64,-0.021625146752661112,-0.007991114024666164,0.015506465387029288,-0.02518261338429896,-0.0034098624398156245,0.01890010307318377,-0.007756139906186288,0.022990699547586906,0.00027304761997678703,-0.0020317656298004068
16,3,plugin,148,80,0.003721097801708304,0.0005055414486354385,0.0023454683212523297,-0.0017654707853493336,-0.0037764114067350726,-0.0009655504975811406,0.0018428398839836332,-2.57714152760076e-05,6.18894144688185e-06,0.00020349676144019855
16,3,multilevel,148,84,0.0030731812026440525,0.0058140052648581134,0.00305175059069942,-0.0017801632235691803,-0.005755025798617691,-0.020765698959956516,0.008311904294531096,-0.011764223795220637,2.354145591546139e-05,0.0018957414460572957
16,3,plugin,149,80,0.0019493545508526967,-4.669944812216167e-05,0.0029365967988951957,-0.0017734550758158052,-0.002153710768670962,-0.0004127750582859003,0.0016133832744974542,-0.00020984883385263202,-1.4395437568971644e-05,0.0005867772540148212
16,3,multilevel,149,66,0.007176692659174002,-0.0009682643534223756,0.0037950920458689305,-0.002695529921309704,-0.004622681622155464,-0.014487801066695505,0.01821557202523858,-0.014526543106639886,-0.00022194164731828043,-2.2853572413366347e-05
16,3,plugin,150,80,-0.004598224790549339,-0.0005430558608080209,0.0017760279187993458,-0.001512102518666527,-0.0007009108660381077,0.0004288350095843137,0.00127663876668959,0.001426524117855529,5.072916141353853e-05,-0.00030621049220052297
16,3,multilevel,150,96,0.012539673419067913,0.001135671718522166,0.0064577255287975414,-0.009045279904200522,0.0042573583875139655,0.015077273603357144,-0.006196440987953507,0.007044999451471561,-0.0003771618996546433,0.005236546545555135
16,3,plugin,151,80,0.002738220443105428,-0.00022705177652400843,0.0012492434386890804,-0.0011974817276827277,-0.002080867387549297,-0.0008661536375876705,0.0015551581054448944,-0.0006665953569033975,-3.077724286506768e-06,8.455672385010293e-05
16,3,multilevel,151,84,0.11902108745637216,0.015849998320435908,-0.003216559561355701,-0.012768570229086383,-0.03629305448521445,0.005451486663473282,0.01786310937427787,-0.019363196301004422,0.0012762334105328804,0.0005205331198837051
16,3,plugin,152,80,0.00011087113265235563,-8.767165356589469e-05,0.0005148778731574173,-0.00033428108364556657,-0.0005189849634071981,0.0004378448812552292,0.0010037534275058578,-0.0004039329237075208,2.8763842994342823e-07,1.841932987974719e-05
16,3,multilevel,152,72,0.004964511003413369,0.006008851918083198,-0.005251698536264229,-0.002853463632022782,-0.01141964916787098,-0.0004462035935774904,-0.0021840435946590005,-0.0377749306653296,-0.0003516127317218456,0.0015610394939852992
16,3,plugin,153,80,0.00022658171086676238,-0.0004148373703162639,-0.0027297391864392014,0.003434447376170712,0.00010696557574357599,-0.001421192630677239,-0.0008267821614099227,-0.0019399173843555279,2.7464200370933787e-05,0.00011023950267625411
16,3,multilevel,153,118,0.0197996803478046,-0.007736653022357188,0.012534693543624777,-0.0022485286916175914,-0.00035528830857907905,0.019450179847074436,-0.0031611977044530525,0.005164697497746288,0.00038880792681467787,-0.0023243262224233955
16,3,plugin,154,80,-0.0009288571869670641,2.2890176276581168e-05,0.0005078961478969194,-0.0003004262305379677,-0.001133027777632447,-0.0004537701553646069,0.0005028266251291354,-0.0009160970956939467,7.988568592003682e-05,0.0003000159802802197
16,3,multilevel,154,84,-0.021045405504026893,0.009342932003435361,0.022637394858093095,-0.00968559358348541,-0.0423882953964671,0.017390700347038525,0.00991344717249814,-0.04069962614322485,-0.001327339071115955,0.0036810028558211527
16,3,plugin,155,80,-0.0029069940924329346,-0.0033532310967869508,4.239695565845268e-05,-0.0008275910993342672,-0.0015743642721330938,0.00035300323621620454,0.0019138834407364733,-0.0038018102355699764,-3.349302466184017e-05,-0.0004207650380715957
16,3,multilevel,155,72,0.15718186361583175,0.011872156958503974,-0.01597354002929405,0.03723958725224222,0.008334521964863848,-0.0012633541686636622,-0.014112547773853417,-0.005556361711520676,0.0011011943101751894,0.012284640313962257
16,3,plugin,156,80,0.00026992670810921864,-0.00045246626385886987,0.0009871655176822618,0.0001500950273012528,-0.00037808375799272347,0.000313209784171014,0.00027629660559739367,0.00018217122319883869,2.9835645105507927e-05,-0.0004919341257693111
16,3,multilevel,156,76,0.016333968030823563,0.01242235696662651,-0.035298916797020796,0.03333268331135225,0.02233252529950268,0.011479094522555173,-0.02426873349087573,0.04283067344324051,-0.00031209413874390835,0.0008423681665934682
16,3,plugin,157,80,0.0012400588453666333,-0.001160030593786409,0.0001504085995772715,0.0005977159877059246,-0.0005128419261529106,-0.0004305343740795962,-0.0006008921451269478,0.0007050687301885683,-2.242402229520156e-05,-0.0003244076234727675
16,3,multilevel,157,78,-0.0042630105775708065,-0.0032575973339205857,0.0004980517747489028,0.009977402413576263,0.0068158419282273505,0.006792772244344981,-0.015259486834301644,-0.01044788888595592,9.504872739490696e-05,-0.0014450866961911214
16,3,plugin,158,80,-0.0004280225163193408,-0.0004357071338875329,0.0007829689872130767,7.214132707673177e-05,0.0003812908385426344,0.0010309963795182414,0.0001812298487056021,-0.000958633461402851,-4.482394643648514e-06,-0.0003465685368091902
16,3,multilevel,158,86,-0.02585498038322766,0.018130327132407652,0.0031052672866894826,-0.026299272637204225,-0.008487982995476847,0.02484481904252447,0.014303852024123934,-0.021595586839876262,0.00047524294610472057,0.004267666155993476
16,3,plugin,159,80,-0.0018101091350564398,-0.0009332249493826682,0.0002519524043153223,-0.0004238791592762716,-0.0014971120255863057,-0.0010012843904986337,0.0017710824727265539,-0.0012228465033440365,-2.937779354217601e-05,-0.00022263080366205913
16,3,multilevel,159,70,-0.008334332463035643,0.0012210709078426685,0.019704512466141865,-0.022118596101783166,-0.029651428745829662,-0.02402777510610308,0.0099436789820026,0.0008261353514815347,-0.000903430091598629,0.0017887348206836382
16,3,plugin,160,80,0.001732293054422914,0.0004947107698907124,0.0010013692660502248,0.0004772308195571634,-0.0003896963210485611,0.0003536880560838542,-0.0005216817863269141,0.0006116452482780391,-1.4114757433716971e-05,3.720663864488426e-05
16,3,multilevel,160,80,-0.024649426352107363,0.008700570250256673,0.005565740648669384,-0.016036879252054652,0.0030223204370829126,-0.0010943363376725895,-0.007862195665911249,0.02192025882142741,-0.0005473985766168415,-0.0002694032276511926
16,3,plugin,161,80,-0.0011583765160702746,0.00011061220785158493,0.0012402213208513892,-0.0002404063831328237,-0.0008147855192956264,9.515369659436347e-05,-0.0004816032728109518,-0.0007494260885393659,-8.975699225229988e-05,-0.00038322787144977647
16,3,multilevel,161,88,-0.03577435085057247,-0.015763780684279714,0.012147563237141919,-0.007395192738104134,0.018079171834111445,0.020157573411609536,-0.016364730286654305,0.009305349858671982,0.000563557319863208,-0.009628633751542279
16,3,plugin,162,80,0.00558436523147622,0.0006021779359385578,0.005659841236988885,-0.001483351769683478,-0.0007977723430186015,0.003498449981825091,-0.0017918728000322506,0.0015315160811977578,0.00018884836090033564,-0.00047405182447197373
16,3,multilevel,162,72,0.020793678842163096,-0.0022539785173084923,0.0023006219264329166,-0.005952728622108159,-0.00033093154532824547,0.008566930185483162,0.003325066078934558,-0.014062893121221902,0.00041424323619330776,0.0019565921373897845
16,3,plugin,163,80,0.0002445818137171027,-6.760853044448386e-05,-9.736865919582788e-05,0.0005182153945160117,5.7357927981185506e-05,0.0004516271582275126,2.6613842435416413e-05,-0.0014370465973444473,5.660549216884065e-05,-4.995741837873957e-05
16,3,multilevel,163,80,0.013842974919602567,-0.01085832854540093,0.00960915390583064,-0.0012657379748017945,0.00718565067147282,0.0272488009592986,-0.007584598636003074,0.002615046676864999,0.0004270304169243905,-0.003840096975615723
16,3,plugin,164,80,0.0049040803766929285,0.00112738731473474,0.001268142589434668,0.0014683142195129582,0.0005202446206794241,0.001488087113469476,0.001552937405211267,-0.00272246074681683,-4.181458098927087e-05,0.0007226200013314395
16,3,multilevel,164,90,0.10791502307834458,0.017622739527161153,0.08613470968030248,0.05309717965712686,-0.017754149321950782,0.04855757164978208,0.025584040730060615,0.017973425214647384,-0.0005597966020984496,0.001177544222384523
16,3,plugin,165,80,0.0009233898935835956,-0.0006119280054780639,-0.0002189629508205706,0.0008100363702383491,-0.0002498028353172356,-0.0012759531881756426,0.0010010071551871164,-0.0003198213550049485,8.347562879652281e-06,-0.00011730256872914949
16,3,multilevel,165,86,-0.011633546627868536,-0.0036413981555701086,0.02638545420915646,-0.0158277347511898,-0.024063827739148495,-0.0087410019496491,0.02507159656631969,-0.004050718692493802,0.0002823149190452542,0.0011824248691642044
16,3,plugin,166,80,0.015944256646965686,0.0024661860889954234,0.005872807023135003,-0.003608738943655212,-0.0026052108581471715,0.005603862622022866,0.001729500313907935,0.004376190454907912,-0.00014957026904928518,0.00048651485375172444
16,3,multilevel,166,70,0.0033659835956926345,0.002506266564598039,-0.011688736273889297,0.02140121477041168,-0.005181262937207714,-0.008081474524284031,0.009932782910217403,-0.015518648479210466,-7.787958492896806e-06,0.0013996899897124162
16,3,plugin,167,80,0.002612940886476627,0.00020432491831298737,0.0008646240319730003,-7.653419866784377e-05,-0.0004690540119793879,2.874931262167615e-05,0.0019255824697651887,-0.0010132664686835686,0.00011374975540588861,8.494456445848973e-06
16,3,multilevel,167,74,-0.004277100296578313,0.002043576939676292,-0.009259266038028978,0.009314586305747878,-0.011991711040514854,-0.01545933692461237,0.006082372773966494,0.0015968481455290425,-9.847242681570607e-06,-0.002859803443416021
16,3,plugin,168,80,0.00044068718068516913,-6.16998863510463e-05,0.0007259214731847294,-0.0016156047639329899,0.00010714099296140392,0.00043465025067687896,0.00019770232945881463,-0.0008014185905204978,-2.4365030469329453e-05,-0.0001525941451843959
16,3,multilevel,168,64,-0.017094649845811313,0.006345357305093561,0.009897431013321998,-0.004594028760089727,-0.0077662162813149915,0.0006832464660392843,0.0001549231512811748,0.01686639178799288,-7.209700394455147e-05,0.001193536312185544
16,3,plugin,169,80,-0.0001784511220320446,0.00024383407567305719,-0.00012484500332886407,-0.00040058525311480403,-0.00020131025176412518,7.309056776412316e-05,1.790749769008457e-05,0.0003870355234669155,-3.4865781950582104e-05,-3.477257759335875e-05
16,3,multilevel,169,78,0.01740806395998005,0.012901191763756339,0.001522964491161782,0.0031909393136608623,-0.011746848144242745,0.0006571334662748672,-0.002890608628616997,0.0003686835433421093,-0.0010282656223715853,0.0035301551481755206
16,3,plugin,170,80,0.001157970801108497,-0.0002844365893661043,0.0008564925440481152,-0.0002781942590129938,6.382452106913773e-05,0.00025332603299650484,-0.00037709284415991166,0.00105883597910138,2.4679625568995838e-05,3.284740437614357e-05
16,3,multilevel,170,92,0.003954853073755472,0.00862003212733423,0.019693409970497882,-0.029052717033453253,-0.02163714336485946,-0.018863411919508296,0.04275248142491,-0.0009923667747373229,-0.0007365468200735301,0.0023468190820205162
16,3,plugin,171,80,0.00027457246815483776,0.00030654324926658003,0.00038751754522894455,-0.0002944928999522405,0.0006334934137656542,-0.00024529658422684094,-0.00024437649111202445,0.0003482785443117795,2.1745382501059315e-05,0.00022300126223580064
16,3,multilevel,171,80,-0.008844241981676647,-0.012675594275228678,0.012705131751360083,-0.015755768786540572,-0.004203946742046679,0.02408542009894141,0.011738123383587772,-0.01686960087243479,-8.663960258279042e-05,-0.010594999905310768
16,3,plugin,172,80,-0.008033808961890732,-0.00022405478381332577,0.0029579237261107803,-0.0008369217050968249,0.0005946897630113145,0.0006347013977375112,-0.0022991195076796393,0.002126209013841033,4.3105501938606355e-05,4.967429621300849e-05
16,3,multilevel,172,70,0.005272119895281158,0.004033742679349227,-0.006294045362295058,0.004029539224834468,0.0027413630534041562,0.0004637115255649796,-0.002940154269550339,0.001869710708264569,0.00015732365737908727,0.0027802242740395133
16,3,plugin,173,80,0.0009409284952327226,-0.0004733331540278891,0.0012251590989419226,-0.00226803020972151,0.00043728058984846815,0.0010349698442867561,0.0006208424126263322,-0.00026969603343297117,-3.124129142990697e-05,-0.00034620429612766473
16,3,multilevel,173,58,0.0008111358104658978,-0.018735745125300088,0.060794713528187855,-0.04139333115838167,0.022484121964172998,0.03306576706875449,-0.03103628610118543,0.02816061711509046,0.0002350706504607135,0.002331739421281376
16,3,plugin,174,80,0.00019542644480215651,-0.00048632242952294035,0.0009622496086362659,-0.0010475866354200632,-0.000417726407735056,0.0018928838039661494,-1.8259036028495822e-05,0.0006341626777588575,2.31342906082807e-05,0.00022463315938828161
16,3,multilevel,174,102,0.0057918509454458885,-0.008824405940016683,0.004788807030357541,7.253600138309693e-06,-0.006205723251703738,-0.009607642765290596,0.01878180741876033,-0.011511245990923517,0.00033201334121006176,0.0002607141477169626
16,3,plugin,175,80,0.00020391573643910408,0.0001365249126959728,0.0014977815952709201,-0.0007501684487616249,-0.00020092636809882495,0.0015043432093803546,-0.00013636221348367194,-0.0006636159865314003,-3.7351718321726903e-06,5.694147199853792e-05
16,3,multilevel,175,82,0.030427770474005005,-0.010161269144733065,0.009096407705838395,-0.020577352685976626,0.01732816584951793,0.008531636303437505,-0.014235805925333717,0.004010850944344835,0.00015379824428505382,-0.0027847711093291123
16,3,plugin,176,80,0.0036454143873873458,0.00027231149883005703,-0.00102589101589498,-0.0006533760376741601,0.0007472795343857939,0.0007948190479192391,-0.00028680473846160826,0.00037041741486149114,4.024687399619603e-05,0.00039540356771859426
16,3,multilevel,176,90,-0.0007300372948789983,-0.0012646656455796614,-0.0064129349649164075,0.010928583836735483,0.00346346852848921,0.006531496962419099,-0.0013465576078203027,-0.0047577264238060964,-0.0002646346094740887,-0.00016831503576089242
16,3,plugin,177,80,0.0007465646975488938,0.00031026500419920907,-8.004736140480023e-06,-1.0836578737825152e-06,-0.0005421123791524618,-0.00016825629895973976,0.0007578853673497856,-0.0006941473200940895,-1.2994814454183731e-05,0.00012693425054042295
16,3,multilevel,177,98,0.005600042245909108,0.010315997723894917,0.003599547086804029,-0.0014163368474556237,-0.013564129457044778,-0.02638284566799381,0.02045915961811107,-0.018277201184908515,0.00023215501868408821,0.003979096812061121
16,3,plugin,178,80,0.0018583865803517452,-0.0002996035121314681,0.0005790629805896584,-0.0003740741348776821,-0.0010127359924889323,-0.001377551481299473,0.0007730609262124491,-0.00013747898298967334,-1.7065112911550362e-05,0.00030472815534674256
16,3,multilevel,178,70,0.006590765846894712,-0.0019123253785910165,0.003309079652136074,-0.0034435905206884852,0.005515742986978422,0.0017149542626723872,0.0011163185526249905,0.000128843573570662,6.129493412621778e-05,0.003457653451021554
16,3,plugin,179,80,0.00017886791584931092,-3.1905717441772204e-05,-0.0007109012211468068,0.00026210185332268274,-4.985525548300139e-05,-0.0013284825717753653,-6.640310443731137e-05,-0.0006468055933441737,1.3140830400073045e-05,0.0001503791326185969
16,3,multilevel,179,106,-0.025326751077332756,0.007476438338055698,0.022213768213439032,-0.019940490709787283,0.003805916359287425,0.00906737637425766,-0.003952954795242918,-0.013548608722721893,-0.0006271827650717675,-0.0012960861622658324
16,3,plugin,180,80,0.0005395922036172273,-9.787954254562964e-05,-0.00043273033151830487,0.0007404333594388542,-6.845720920381764e-05,-0.0005398975869780543,-0.000337317318095783,0.0005566669554106761,1.4241439677717772e-05,-0.00010054109102180871
16,3,multilevel,180,78,0.06515570482684142,0.0046795746011509785,-0.003586374856020369,0.00783392852924705,-0.0044973870830516,-0.008326018131024642,-0.0038545671019001165,-0.005460553959705456,-0.0008365791159343672,0.009428967246976496
16,3,plugin,181,80,0.0067135382426280876,-0.000667003210198148,0.0010890254667734517,-0.0009376744216815676,-0.0009102021668887607,-0.00027131098623581115,-0.0015084730400812957,0.0018283973534887626,3.597933395514855e-05,-0.0001807064487850702
16,3,multilevel,181,76,-0.006898494489622399,0.005542539155625094,-0.005697429879389428,-0.0056900404650836334,-0.0013604131782544774,0.0074279759964636415,0.004280381205754665,-0.0067345287886573894,0.00016505656793089663,-0.004512375955800122
16,3,plugin,182,80,-0.0001592038318199926,-7.824643620510904e-05,0.0007966100272790738,-0.0012365948740661703,-0.0009110708079997174,-0.0017509269215007367,0.0023721253867367256,-0.0007844506368430993,-7.519894999812042e-06,0.00019937494360482301
16,3,multilevel,182,84,-0.006483505427167811,0.0077228883959837,-0.017310943813136456,0.006512061812698045,0.024596419718612345,-0.016178401171275582,-0.0020621575563416535,0.010503352422578112,0.0009035763825414488,0.0029410889587138094
16,3,plugin,183,80,0.009339280322275776,0.00034242755196160844,0.005194480863082253,-0.0030314670157259864,-0.0022228238825542585,0.0019021510119742653,0.0019866178520053616,0.0036381628368636616,-0.00016182550400691776,0.0012124479387180633
16,3,multilevel,183,94,0.021097472567260654,-0.004303949462432323,-0.026337929089897412,0.004213520057471443,0.032478360083837705,0.018514151345229515,-0.01242285572329286,0.0002127930103545539,0.0011871510110735247,0.0020836285949477483
16,3,plugin,184,80,-0.0003687202494146387,7.990507613562253e-05,0.0014048808474840836,-0.002789369725920248,-0.0004982911805554073,-0.0006042558905217601,0.001731831177354517,-0.0012532818035039485,2.2902272441231872e-05,-0.0002692206105529934
16,3,multilevel,184,74,-0.027513146334687818,-0.015868083857189304,-0.005904836298848011,0.00010424260860505886,0.027332795659661225,0.00036926003108028776,-0.024890090554397403,0.012439739303202921,-0.00018420697902275394,-0.002497817661614378
16,3,plugin,185,80,0.00016435323976154783,0.0011023126250166236,-0.00045680904278632567,0.0008686194295567884,-0.0023816795307154692,-0.0019847735341233202,0.00126185373094038,-0.0005489741415531378,-5.3996870266619574e-05,0.000285354222237691
16,3,multilevel,185,80,0.01082239705130002,0.0018207349366280068,0.0016046283792608901,0.002044379292327694,-0.036209278052735445,-0.0200320260193734,0.06498388588913907,-0.04536767498422211,0.0009198645090747594,-0.0022326198125513933
16,3,plugin,186,80,-0.0011479319734265954,0.00010594066786991716,0.0019148192378904512,-0.0011501789069902919,-0.0006648693921471097,-0.00015892295244392463,0.0006374840885257811,-0.0003199603799021141,-9.278435167157934e-06,-0.00017836671162884204
16,3,multilevel,186,68,-0.008700040414605363,0.0025828796526774483,-0.003020628326291334,-0.00590962358566063,0.0020257370520603744,-0.0022642639736714797,0.0025504030806646283,0.0007350982455030775,-4.048916120914628e-05,0.001257920521731385
16,3,plugin,187,80,-0.0035789049238732534,0.0008034876575734684,0.003426420726053132,-0.0038617705307286265,0.0007424348549813299,0.003435305998488168,-0.0014244501304990758,0.0007608812717113681,-4.819537748076547e-05,-0.0004692145162345051
16,3,multilevel,187,80,-0.014111151943930315,-0.006803633185631063,-0.00042852973099584337,0.012436615210899955,0.010188089723007297,-0.0005402848554223075,-0.009738750514247245,0.008433668773163632,0.0008548895134885301,0.0032671841998411525
16,3,plugin,188,80,0.00033130171532840165,0.00021887177541482844,-3.9589428036667556e-05,-0.0030906346770729906,-0.0022760613299833716,0.0006723929859228906,0.0006370869401011547,-0.0003167938450488193,-3.0825204217701794e-05,2.3297740704692406e-05
16,3,multilevel,188,76,-0.03518051977449729,-0.005062988016617491,0.01939952487594878,-0.006670019856502736,-0.007852804237927917,0.004394313673556814,0.011196783754782906,-0.009926347144302017,-0.00042142630453874386,-0.005809457207256537
16,3,plugin,189,80,-0.0013426260402294708,0.0001657609381320755,0.001350128550226529,-0.0004973199473087357,-0.00024691376820018524,-0.0006451759568455991,-0.0003854616955462579,1.0234859994231045e-05,4.810094195673809e-05,3.319614680386175e-05
16,3,multilevel,189,78,-0.030184464077443525,0.00019752292080543258,-0.0016073357723620234,0.004508684114160161,0.0003336727230813755,-0.01630080995922633,0.016007856012974567,-0.0022947391881528553,-0.00010688294973616073,0.00206234966682735
16,3,plugin,190,80,0.0021028453143368637,0.0009325541987374937,0.0014243334063553002,-0.0027923452368954233,0.0008554293739501473,0.0019787896811791087,0.00010179423872051647,0.0006438040115931392,-2.868467357312585e-05,-0.0003083647372804636
16,3,multilevel,190,64,-0.018784038154667754,-0.003068755159685534,0.002928241114653036,-0.003013073525691281,-0.005148220244565333,-0.0033582236500343233,-0.004038046964373321,0.008154480064992344,-0.0002574706550483197,0.0007666745531704944
16,3,plugin,191,80,0.0016592625034526102,0.0002554133249050394,0.00040334488093220157,-0.00027865742096509554,0.0004101315531985126,0.000708459835111698,-0.001078006822636666,-0.00031414714674556847,5.590953359244523e-05,0.000665764230983269
16,3,multilevel,191,86,0.005310786289803235,0.009361426378042279,0.01350472594379164,0.0032999349218972296,0.010494308992860994,0.014833167428258319,-0.001943034340196352,0.0043299289372518215,-5.452513907124986e-05,0.00048584966944887904
16,3,plugin,192,80,0.0025297450325898353,-0.00033594878963232765,0.0011132982539030535,-0.0007390955191697475,-0.00041924303847280423,-0.0009073083285193352,0.0009894269923818504,-0.00021724351099719738,-2.8631170286795823e-06,-1.169509516466225e-06
16,3,multilevel,192,80,0.02244466558029036,0.01619008814907412,-0.027861953521800042,0.019855051769484752,0.0013494848768164042,-0.03145940071089512,-0.029688235689768718,0.008644759859990187,0.0012154753412157598,0.0037875186165531494
16,3,plugin,193,80,0.001894892215286821,-0.0006959079982116294,-0.0015488271153586885,0.0001490408634012119,0.001598591302897447,0.0006095123331697051,-0.00016300796307530728,0.001205201665172255,-2.630768217575945e-07,0.00010196646844503392
16,3,multilevel,193,64,-0.0034807285810708436,0.002955188920774265,-0.007879231176873122,-0.0006391208707766318,0.005589266857703088,-0.008107734357254589,-0.0006563585978848737,-0.008142855627918456,8.18001131063259e-05,0.00366194304505899
16,3,plugin,194,80,-0.0008756888322710022,3.5946320459989116e-05,0.0010082902910398292,-0.0006822073402746023,-0.00013469701775725728,0.0004597145897723203,5.980655031382874e-05,-0.0003299269635556692,1.72245449054745e-05,6.018545810108066e-05
16,3,multilevel,194,64,-0.008563823314744487,-0.013890463062460105,0.03652402830221885,-0.0017908741283719776,0.000461821447304302,0.03491449925701505,0.005211442710865429,-0.008133370625630793,-4.735199930620961e-05,-0.002375430589010483
16,3,plugin,195,80,8.809796226047e-05,2.41644970045741e-05,0.0033190375436943365,-0.0033683058528075007,0.0005673358260851579,0.004441629400380947,-0.0005264219927041693,-0.0003283127294986558,5.498892467727614e-05,0.00010428606044212285
16,3,multilevel,195,96,0.04845336669130281,0.029547730525926533,0.021212274967351823,-0.01563981314458171,0.002604501926085917,0.020320776692966922,-0.03185063057413085,0.05715579111334049,0.0009089205473957528,-0.001491295617396511
16,3,plugin,196,80,0.0026077918637909064,0.00025820552291958444,0.0010778917748271053,2.1630609794140633e-06,-0.0009329077531604389,0.000277968382922451,0.00117920750860147,-0.0003125417395069552,3.6296782416792935e-05,8.38888158312026e-05
16,3,multilevel,196,84,0.0008229828869953682,-0.0014726461659428454,0.01672091333926736,-0.003359311829148518,-0.008648682535996618,-0.002216948715530209,0.0016492577110643674,-0.00539229349438434,0.0009044244581978937,0.00045794761925594746
16,3,plugin,197,80,-0.00035700350585037715,0.00044731820206941203,-0.0007173386893763332,-0.0006681034736473354,3.57704379047341e-05,0.0009100835242866915,-0.00028947683860460047,0.00012060600566294466,-3.6225916039070396e-05,-0.0003362805121080443
16,3,multilevel,197,84,-0.007630839680085952,0.0036230893535969663,0.0004087469868606892,-0.005355649458390551,-0.0008508169760578746,0.00012161889914952262,0.010120630801922718,-0.008518495894574844,0.0003659414637257368,-0.0011307208466495699
16,3,plugin,198,80,-0.0009241204457114706,-0.0006312519028585944,0.0015264566617930095,-0.0012672569269904232,-0.0004623368528803873,4.56103212627378e-05,0.00037163288766038795,-0.00018649214752665776,-2.2939670176386254e-05,-0.0004916516931814189
16,3,multilevel,198,76,0.07721692775226068,-0.011115554491708578,0.03458289756064798,0.03705014186482191,0.0013499057245122373,-0.015281054263952841,-0.026041052924892887,0.017600857063367767,-0.001442819642539305,0.005336496128050882
16,3,plugin,199,80,0.00542765367854157,-0.000565071234290898,0.001790183484118413,-0.0013778448059445741,-0.00034282414848531734,0.0009708690419884715,0.0006870425222850555,-0.00021008265284521436,-4.105601571416577e-06,0.0003325501221562997
16,3,multilevel,199,76,-0.01908206621511073,-0.0009154275191615431,0.012278996955938641,-0.0029602336868083455,0.014410094443791242,-0.007560088499267826,-0.02137527968214523,0.011537372012283458,0.0009390383605423087,-0.002987103358318624
32,4,plugin,0,96,0.0030528449627088778,-0.0006150149542249943,-0.0007711589652497437,-0.0006638989382472043,-0.0011744367922405282,-0.0014170362609306172,0.0014909686788645792,-0.0008914709492263808,3.889840556741684e-05,-0.0003400235349036491
32,4,multilevel,0,115,-0.002615201168243233,-0.016560794225299772,-0.007157643210605552,0.029635976779297486,0.002242556362670335,-0.01987691914576814,-0.007015377739649551,-0.0063484760573412746,-5.8896161851143646e-05,0.000582397763877718
32,4,plugin,1,96,-0.0012607278274297195,-0.0002953306719112942,0.0017914988839735613,-0.0010171298620353555,-0.0009799313631693523,0.0009092192172719998,0.0008199741823570058,-0.000262992814481076,2.0806141758979047e-05,-0.00036162031637571203
32,4,multilevel,1,105,0.011961145741625923,-0.010016873255653173,0.009204445083807206,-0.014998442312739325,-0.0030715920862802192,-0.020726503813506107,0.00927961743961332,-0.01210760568913182,0.00047111438733217557,-0.0030253031711369844
32,4,plugin,2,96,0.0006469070923350029,-0.0007216513639687014,0.00109916535965842,0.0010577855386996906,3.775069918619463e-05,0.0005454069488482661,-0.00047232331838512525,0.0007382120999175901,1.83605410977025e-05,-7.538527771349675e-05
32,4,multilevel,2,113,-0.007264132572842245,0.00012546942097674775,0.003141944222573794,0.01251999724962968,0.008808452005861072,-0.00011958946515504458,-0.010160677044432107,0.016286401616377334,-0.000579565166970217,0.00045857106494744495
32,4,plugin,3,96,-0.0012793391135364938,3.087793233292709e-06,0.002067550295960362,-0.0020632490044720972,-0.0011570737971085198,0.00024012708158988494,-0.00016861435412169224,-0.0010588644119710082,-1.4974076310100018e-05,0.00010905189392312778
32,4,multilevel,3,105,0.025693588916225814,0.006299669089881975,-0.0007691675709072771,0.0061950114080984945,-0.010692316222053385,-0.009368830958756114,0.004712922851110239,0.00577252190762458,0.0006644783705332902,0.0014895783765286846
32,4,plugin,4,96,-0.0008859120151197774,0.00018557494681140584,0.002229528544356219,-0.001193398547116981,-0.0005461545985082198,0.0012879916117537922,-0.00027387254761582105,5.439406379403872e-05,-8.308140400819878e-05,0.00041943390354419246
32,4,multilevel,4,101,0.028414853032541338,-0.0016919757293946554,0.01360082848505327,0.0036001788729015448,-0.007226000783915852,0.010874526318397363,0.009469283423319916,-0.0006059831030415452,-0.00034801971719627896,0.00625108626518507
32,4,plugin,5,96,-0.0016527737692763882,-0.0005947247371850622,0.00030255682093238576,-0.00077343172871487,-0.0007696445139457954,-0.0004886091224539638,0.0020013529804419603,-0.0016936968262429605,-1.7966495080638432e-05,-7.060300357627816e-05
32,4,multilevel,5,113,-0.025960347305456228,-0.004248040903869436,0.0017627858895893867,-0.006659335536500777,-0.009303493037393758,-0.0054208685118750264,0.015889185592004078,0.0003274335069971397,-0.00017780661557526318,-0.004963161959928162
32,4,plugin,6,96,3.330648601100841e-05,0.00015609400971218726,0.0002901363139449479,0.0017524838155606555,-0.0007123892052088745,-0.0025994867981846323,0.0026846086742877574,-0.0023511793191861013,-8.161504460489791e-05,-0.0003272311580782296
32,4,multilevel,6,91,0.03905040745290146,-0.021320543925494796,0.008132174463699028,0.019077151889531813,0.00863143609289318,0.029905485335030006,0.004297033225094367,-0.014575068544411918,-0.00030520162750791846,0.006261732801251045
32,4,plugin,7,96,-0.0002818408642892679,0.0005151563779449327,0.0009862380685655256,-0.0005661767072860754,-0.00140581223247868,0.000777670264217379,-0.0004179710400702754,0.0016293068216698633,-1.9423877140701062e-05,0.00043008810493851964
32,4,multilevel,7,99,-0.05003213174151196,-0.01169051761579882,-0.021615885184417327,0.0051773835311656495,0.0131124168860222,0.0032098010119544444,-0.0038134465274978443,-0.03127729156691174,-7.017959425575563e-05,-0.000873574878281833
32,4,plugin,8,96,-0.0021919125867698457,0.00010122206759761788,0.001151898531699852,-0.00027647175790376793,-0.0009248458465205977,-0.0002596232610956688,0.000935797470534603,-0.001504749737076186,4.157851933187071e-05,0.0004217983277144006
32,4,multilevel,8,79,-0.02536017761529018,0.0011680137152092806,0.008786783433879924,-0.013482562887734507,0.0077108532019279615,0.012366042868890434,0.00043848312999995913,-0.001631393655981095,0.0007521038893594194,0.0010454987099056494
32,4,plugin,9,96,2.6272079950645668e-05,-0.0001839611719858676,0.000742700358915201,-0.00043061655135320526,-2.2066123988338316e-06,0.0004134079552568491,-0.00019021743799948457,-4.195865576062744e-05,-5.882124575668479e-06,4.317973144050734e-06
32,4,multilevel,9,119,0.0031919326069800896,0.0007120378123351741,0.004058934568831256,0.0047439021873568925,-0.0011473665628199314,0.006232846016033835,0.009523424556038487,0.0008398529821552172,-0.00012291602443351745,0.0003283698771174774
32,4,plugin,10,96,-0.00011565556101807286,0.0002502958483079114,0.0010958274326592996,-0.0005589206854453926,0.00010859206678186424,1.3566372457835355e-05,-0.0003939252624976148,0.00025072045860698356,8.240092407301438e-06,-1.511592556881877e-06
32,4,multilevel,10,83,-0.008885482519504741,-0.0021629351037304417,-0.0074238467041844594,0.003274933398326609,0.01161685915997432,0.0004392569401813656,-0.017000601862325156,0.009494459076140008,0.0001515398318101865,0.004093588300587715
32,4,plugin,11,96,2.6240160137299433e-05,-0.0007663607593442477,0.00016114634399545393,0.0005154195395969414,0.00010511231506443084,-7.345740833426284e-05,-0.0005769551515569394,0.0005306684293518678,3.6331803014422937e-06,-0.00011787993582471903
32,4,multilevel,11,77,0.02307222665828371,0.0012933773648517322,0.015299405948346284,-0.010749142159352465,0.012836704538827029,0.0075429309625840695,0.0366447386422986,-0.016090953064863217,0.0019733114578491754,0.007105032293187278
32,4,plugin,12,96,0.001193494117972175,-0.00011580772260437155,0.0012645938360015378,0.0007141371113875236,-0.001597292656992342,-0.0004578925859851355,0.0012092426036592998,-0.0003160754844635011,1.2908483004859933e-05,1.4245885717873722e-05
32,4,multilevel,12,91,-0.01123713553446454,0.014824275320182958,0.01603887101165366,-0.011475357723575939,-0.038809951941280424,-0.026788114890822567,0.03436081974549025,0.017811119739648336,0.000667736847094126,0.014612439585738313
32,4,plugin,13,96,-0.006103387199984244,0.001047701540721995,0.003989717945453299,-0.002207976712445861,-0.0014712702966453552,0.0021424215678388604,0.0019349234027138365,-0.002539109619997459,6.785540000733187e-06,0.0012607801288713376
32,4,multilevel,13,75,0.005815743652764385,-0.002069049115288953,0.007792607889353005,-0.00850809365823508,-0.00885557604951598,0.008178640573737754,0.005434943010393041,0.00509022137686357,-0.00013380634908195433,-0.0015224167779315132
32,4,plugin,14,96,-0.0015285679857110989,-0.0008312597492542601,0.002457634028711273,-0.002156369347599329,-0.00019967800469272235,0.0020117360689102855,0.001676811232371018,-0.0041681949833208215,8.151117139336883e-05,-0.00080878251946991
32,4,multilevel,14,81,0.06497017903739033,0.006975438374926247,0.017265253376685646,-0.01655083359770828,0.01864023634770124,0.011963098365653322,0.004645397755055377,-0.025319777440652995,-8.616783613420779e-05,0.0025669483284248076
32,4,plugin,15,96,-0.0005187267195162646,5.229438694647685e-05,0.0009379861407030073,-0.0009000956364465857,2.0238111386903615e-05,0.0005138279401200766,5.80229508089798e-05,-5.9666745420762314e-06,1.9492462024027773e-06,-2.289849897752934e-06
32,4,multilevel,15,77,-0.023403263763820376,-0.0023451926733513385,0.021741837563366912,-0.02372193583670505,-0.006107639119598522,0.001974025743728094,0.006171280385954591,0.003504988948490992,0.00019172043640917517,-0.003993167172884967
32,4,plugin,16,96,0.0008188324243953283,0.00023539985879534356,0.00021090768276108755,8.242563593011956e-05,0.0004764312418638195,-0.00022986934808944334,7.654890177945382e-05,0.0003411678308928012,1.8125217456361688e-05,0.0004204306663662437
32,4,multilevel,16,83,0.018895840599579376,-0.013444480872265983,0.022618862415858847,0.0019642334995624753,0.01771782095770434,0.02577458029239796,-0.016795643184447834,-0.011525931027133814,0.00022617701895270333,-0.003704336612792453
32,4,plugin,17,96,0.0017175134724345617,-0.0004853258686616187,0.001061400755901171,8.292323680183891e-05,-0.00034247994010201444,0.0006611247294153593,6.033113467686043e-05,-0.0006084895168171602,-1.0250519279688004e-06,-0.00029038229547647776
32,4,multilevel,17,119,0.0006412297131161266,0.00021445934879872107,0.01000722636410058,-0.010917977702640228,-0.0046067125261979825,0.0007851047142027974,0.0018294239643886167,0.005249323442080898,-0.00015988862392587883,-0.0008673260508112019
32,4,plugin,18,96,0.00033192055313897406,-0.00027174876253448406,0.0004908815732613351,-0.00014356084890413616,-0.00129597094032094,-0.0008646401637283439,0.0007242051134963164,0.00086214465328334,-6.339657207889493e-08,0.00012728265233051466
32,4,multilevel,18,97,-0.002488373815091738,0.012818847166383847,-0.0030188408985131025,0.008881658737309653,-0.012184518640783496,-0.026591874721636145,0.0003030607443340715,0.005818412766500614,-0.0002755703207840345,0.007528520414085988
32,4,plugin,19,96,0.001609706788440271,0.00012041303892614992,0.000772637531825243,0.0007244568375052949,-0.000993860086452592,-0.0004980099465639592,0.0006148279608804763,0.0002220897563004298,1.3216047644727197e-05,-0.0002029520260046348
32,4,multilevel,19,117,-0.010675944804473274,-0.002062608416670441,0.0155584049109828,-0.006674286268312669,-0.01784405721746321,-0.0020292426655112413,0.0021536666091626477,0.000720313488164288,-0.00016169559193049995,0.0016699549061768273
32,4,plugin,20,96,0.00039190383964642994,-0.00017216515001812585,3.958045058638047e-05,0.000420862148918362,-0.00018671102124210063,0.0006997867181384763,-0.00020751622647245332,0.00020696650448905578,-2.3145907880710087e-05,-8.028780485335643e-05
32,4,multilevel,20,105,0.059681586748549904,0.003835138701149442,0.019930052504296605,-0.010200859562230463,-0.008486926607019727,0.00317945441236177,-0.010782834598299077,0.007640101547373667,0.0003048096139612752,0.0011849593132682893
32,4,plugin,21,96,0.00046106023405552687,4.600580217126264e-05,0.0009941653100520556,-0.00012973787285939847,0.00017229160576944367,0.000177851473510647,-0.00010572762625459305,0.00034287697533917205,6.198883283918962e-06,-1.1992038445684593e-05
32,4,multilevel,21,95,-0.004496547113905701,0.002140737245322153,0.004418663889355107,0.0006283205150674768,0.005490210883236875,0.000713403448432558,-0.005648693822468564,0.003218130566628601,0.00041399815834379907,-0.0020044406892529083
32,4,plugin,22,96,-0.0001003775713714386,-0.00021515291271260518,0.002492431773444802,-0.00029622132452781217,-3.6300628726808376e-05,0.002047557976766886,-0.001365256301693967,0.0010878062116812161,-3.9048119063710364e-05,0.00018184516514398505
32,4,multilevel,22,121,-0.019140417219337996,0.003645266815439168,-0.009693253307205147,-0.010728138921342337,-0.0015709912744138813,-0.015427284186726956,0.0034833510120705117,0.005559851624831811,-0.000979655323021251,0.00023336909749747064
32,4,plugin,23,96,0.001922474274941588,-0.00044142095181159177,0.0034940733808655968,-0.003639977042639985,-0.0012861784721237466,0.0030305185638727916,0.002431882130149642,0.0007979743010136087,-2.3189247845002492e-06,-0.0002552233135111727
32,4,multilevel,23,127,-0.07104071925108542,0.005901195083336274,-0.017940012982227953,0.03936753361126207,0.026813119918519507,-0.0171165299843839,-0.003619027371627524,-0.010579208571524305,0.0005695417364659359,-0.017052622095098915
32,4,plugin,24,96,0.0014755992569912544,-0.00021580273529179,0.0005311380620064025,8.034835359654009e-05,-0.0003064552956171998,0.00040709053979123497,-0.00023049003161850924,-0.0007455697894801066,2.332146503998562e-05,-3.565760852563366e-05
32,4,multilevel,24,77,0.00933123123988421,0.0026774169351932754,-0.0030081723698149525,-0.00840276118441023,-0.014678861146251292,-0.007945580737900405,0.006692896122381385,-0.009916877879096958,-0.00016228702967996354,-0.0004970227453577168
32,4,plugin,25,96,-0.004848485339820506,0.0003188401249528273,0.0017365795675808014,-0.001945911189523967,-1.819873076732517e-05,0.0009583510247926981,-0.00024433111081920134,0.0017717295622297886,2.8084440409106777e-05,0.00038247110050986004
32,4,multilevel,25,131,-0.0007006627269588611,0.0014717973644945727,-0.004848196501676315,0.0024177170788969643,0.004971048321221385,-0.007880088566634654,0.0006471114895892724,0.0029108239439955613,0.0002061766138225411,-0.0002609149942305292
32,4,plugin,26,96,-0.0010073197683932967,-0.0005548439112728533,0.0007526726142087337,0.00014743957458229312,-0.0006549496653149969,0.0011309196890440896,0.0014086617711184684,0.00022802406729745823,1.298997806556209e-05,-7.538659710869036e-05
32,4,multilevel,26,99,0.01620378834917376,0.008317643280519782,0.018872880830017744,-0.0008388259375106998,-0.013277548926870018,-0.0017901394420915533,0.004862961132082367,-0.0035537321686513012,0.00022257944528317693,0.00442138809196446
32,4,plugin,27,96,-0.00016390730452410293,8.363503050492504e-05,0.00031923041577587216,-0.0003247822313291291,0.0002470908213783444,0.00015261064622809975,-1.6211176759656104e-05,-0.00011052333784887936,2.7326532021162157e-05,-0.00014459747722015006
32,4,multilevel,27,109,0.010513576451870375,0.0026238653955136305,0.0005037716228122528,-0.003941568885120476,-0.0007015194008122465,-0.005544610727064032,0.006880226268823621,-0.0009341832686296731,4.868268305380291e-05,0.00018957209794629405
32,4,plugin,28,96,0.0006199079923893968,-0.00031492641983528556,0.0007161214040731145,3.76763220203365e-06,0.0009721545480615965,0.001139052848004274,-0.000562765020554785,-2.0620667994091894e-05,3.1530987774215386e-05,-0.0001700376080192557
32,4,multilevel,28,81,0.01975176689695474,0.009361884932338728,0.03366844158062965,-0.007398510629269299,0.0025694073573272708,0.035006795550142175,-0.016271277608591903,0.04318658652998405,-0.00012399288076912296,-0.00227227829004553
32,4,plugin,29,96,0.002025428164308319,-0.0005568402634487365,0.0018636549327683632,-0.0013603734200430043,-0.0006513132369992409,0.0012331222161842954,1.0111301109106573e-05,2.43767764498126e-05,3.6530514922723093e-06,-0.0001931236067582684
32,4,multilevel,29,101,0.011314237127132053,-0.027491008383032915,0.011694598994473898,0.01535726128661175,-0.007282839453016306,-0.007358004994568045,0.02546550801464549,-0.01795476590476734,-0.00034619578718006553,0.0012666255611077555
32,4,plugin,30,96,0.0011313234520638025,3.450977696145999e-05,0.0003436033556796679,0.000398460612475558,-9.02525666547638e-05,0.00045117702054116293,8.103781006388205e-05,8.789337941214671e-05,-1.706106340738375e-06,-0.00023838472052689603
32,4,multilevel,30,91,-0.04801419839900526,0.010080992039700967,-0.03653528918340063,-0.0006629686938073616,0.015781115194593395,-0.0034618010778564765,0.03287975870827929,-0.07390065417334635,0.00037650285715435305,0.0043735248290780225
32,4,plugin,31,96,0.0007279130841472445,-0.0009744946878019337,0.0024300418762104982,-0.0015020449863143398,-0.0001796987588363334,0.0009109032634406614,-0.00011257998255011585,-0.0017052382781569168,-4.5357677583039484e-06,7.755301593267764e-05
32,4,multilevel,31,107,0.018586531400837162,0.0008631883422336327,-0.0064796154749571155,0.001822402204481761,0.01096374346805752,-0.0033734311318727515,0.0012230186775062974,0.0055222306282460545,-8.335534152627874e-05,-0.0013611947520833884
32,4,plugin,32,96,0.0003383031545557333,-0.00042513642578614387,0.0008527997676100876,-0.0001530656315195972,-0.0012868812180070752,-0.0010612663601264297,0.0001498844348279829,-0.000579705100498914,2.7904724860324713e-05,6.34711281785584e-05
32,4,multilevel,32,91,-0.027377660264304278,0.000883854544319887,-0.005647779988428815,0.006667397449808612,-0.014031924992409314,-0.027399970280510645,0.018310926737267783,-0.013724811795866236,0.0003790630846652042,0.0018603239724855965
32,4,plugin,33,96,0.0021936285766982633,0.0011151938977445222,0.0009810908930847147,-0.00027595965764195434,-0.0010952611129839464,0.0014496010732061066,0.0012687593842935908,-0.0007323967866172227,1.0505394640210452e-05,0.0002166580290102256
32,4,multilevel,33,83,-0.009195850491033244,-0.0050645637763894035,-0.0008189621640953769,-0.0016947711917363827,-0.0020095351286610807,-0.0006466016016293008,0.0027218861469807403,-0.0027969449229737534,-5.9641079643068115e-05,-0.002572719447858342
32,4,plugin,34,96,0.00037799153242634525,-0.0008553985639966397,0.0008362424817687407,-0.001153930925919294,4.782824109276693e-07,0.0032814195079453054,0.00039736313161229704,0.0013307913467205962,1.878400921681499e-05,-0.0004669189329863431
32,4,multilevel,34,87,0.0024768079186938807,-0.0002843479222169761,0.040347189897456434,-0.006858146268520395,0.01045368277695926,0.022298894851650236,-0.03117597874494444,0.04497983087702562,-0.00016356093002027223,0.004132190196958898
32,4,plugin,35,96,0.0007293727821338446,-0.0005017599142443523,-0.0009981822705153992,0.0009992516098666197,0.001764324927374699,-0.0004993844650753535,-0.0022022067258574366,0.0005836334823597676,7.624034728469242e-05,-2.876374211451949e-05
32,4,multilevel,35,99,0.020411417876946555,-0.0013669719756521862,-0.010062922900532074,0.013736490681316034,0.005068153768924611,0.010915512492321007,-0.02108773752881724,-0.015058730561757137,-0.00044055756617536294,-0.0027504368164442358
32,4,plugin,36,96,-0.0008572791577564279,0.0008440858869552352,0.0031344345557400687,-0.001127830686856899,-0.002838998395430857,0.0016810519320414707,0.0018949901273143158,-0.0005319910149814099,2.3325653711334275e-05,0.0007324941463104384
32,4,multilevel,36,105,0.01734826000519079,-0.0026129538489622307,-0.0017305189652414522,-0.00012188378799419779,-0.008956315327203992,-0.011349932377128544,0.0036948275950727644,0.00824793407884832,0.00036896382892669897,8.807169611851643e-05
32,4,plugin,37,96,0.0010643182671617522,-0.00014376200874316518,0.0003310692409725886,-0.0015906122498829955,-0.0010099606802762165,8.077907498777083e-05,0.00036863694215648747,0.0005726247498954183,3.132457982893521e-05,0.00014918428262710066
32,4,multilevel,37,83,0.012974729642607404,-0.010748942266783905,0.018478104618378507,-0.019859424255069404,-0.00019759215784707196,0.019680408790850486,-0.0030204912359957114,0.009916021866606605,-0.0014079174848724502,0.0038408206860473604
32,4,plugin,38,96,-0.0008167277869767685,-0.00047836123539122134,-0.00012915582986994822,0.00032138631957523005,-0.0005087165765436296,-0.0017390672985731642,0.0008744572163065749,0.00010852255304541383,-4.819017281944578e-05,5.452247955273834e-05
32,4,multilevel,38,83,-0.015126263100731622,0.007304851820077285,-0.007225762753892158,-0.020231984228057415,-0.003474279076237977,-0.0048524991065157785,-0.0043028380939332325,0.00534094888869267,0.00016785206969935452,0.0017669081291028243
32,4,plugin,39,96,0.000776403224468295,-8.130531760357145e-05,0.0004779033019917299,-0.0002164165173632452,0.0003019059571836063,0.0003866153342772031,-0.0001592794527459089,-0.00014219704595821731,2.6598303317124904e-05,7.684947150284879e-05
32,4,multilevel,39,95,-0.018538909763962837,-0.00466980403640481,-0.00046253741590612855,0.001213448278045257,-0.004991826016508031,-0.001239398820109252,0.005071579471927631,-0.007756340318722828,-0.0004766610009537618,-0.0008936262594836616
32,4,plugin,40,96,0.0013088257583926473,-0.0007093720316272967,-0.00030862349522699456,0.0013187254132664345,0.0014966954900914318,0.0005988073780994357,-9.475583626211106e-05,-0.0003879132089125396,4.690715731759135e-05,-0.0003148233938541685
32,4,multilevel,40,149,0.05606984027220723,-0.011387204394794678,-0.003158907132015106,0.008676715370616612,0.0013804177702118599,-0.005206913471150052,0.036220962171110496,-0.023121702593581622,0.00016009471254157945,-0.010452863796699408
32,4,plugin,41,96,-0.0017793276656503983,-0.00010948565954155246,0.0004987446038231441,-0.0010241646856092336,-0.0008894968954631996,-0.00011693258890641133,0.00017265696559083064,0.0003848540714678997,3.197335406576746e-05,-0.00028649695106153363
32,4,multilevel,41,93,0.015012490952443922,0.005294153092643564,-0.012428992355066245,0.011703316737750878,0.00596207227419314,-0.007171285263339474,0.006415652325536082,0.007114772213961025,-0.00021151952161232608,0.003751332594330272
32,4,plugin,42,96,0.0014892443987319893,-0.0003481542887011956,0.0015058855669485508,-0.0003351686692720227,-0.0011679445002307786,0.0001008975176112459,0.0010390528041988557,-0.0007338415351027416,-5.150036567125885e-05,-0.00023393975013198567
32,4,multilevel,42,89,-0.019386014468262488,-0.00040858195389254344,-0.0004070014781050484,-0.005704965019715014,-0.0195266498677479,-0.01606876621052684,0.026478878475913663,-0.013775735484431152,-0.0006543402242223308,-3.21832251256973e-05
32,4,plugin,43,96,-0.0010824366804532371,-0.0006444390242614282,0.0026260524647834372,-0.0020666340481706943,-0.0016008393584920288,0.0008146140879025683,0.0009657157122431872,0.00037888796171274135,5.5027575785443204e-06,-0.0003231402513615293
32,4,multilevel,43,123,0.012403456552025691,0.01361775404836467,0.008998937202679625,-0.012171794371896956,-0.009404948383160543,0.022946616141769467,0.0001371243064897991,0.011558292382450827,-0.0006501887771039763,-0.003598967963604263
32,4,plugin,44,96,0.0023500927899104424,0.0002423715410382181,0.0006369473793822527,0.0002445714235870215,-0.000325000896560937,-0.0012468216927222055,0.0011318042905929645,-0.000785548054251889,-5.9360866152667426e-05,8.304884211941211e-05
32,4,multilevel,44,121,-0.015263018200614795,-0.004370711962122484,0.014720959662778485,-0.015173280399683468,-0.006078059497314649,0.0121013655608528,-0.010681973612572912,0.029074062808260144,-0.0002766312159581146,-0.011400719650793364
32,4,plugin,45,96,0.001661363970726156,-5.365853835062979e-05,0.0005044184250102211,-0.0010302543863564937,-0.00027947283846675236,-0.00015638279016848324,0.0003410808880654493,0.00013162445697545704,2.41040203192424e-05,9.037238763413991e-05
32,4,multilevel,45,131,-0.0300922973325849,-0.0025850127310187375,0.025868888497659833,-0.0036268594433006046,0.02625564543427538,0.03504230053163456,-0.033857814081949766,0.012448694085225257,-0.0005295665489514138,-0.004798440225597992
32,4,plugin,46,96,-0.002588776157460387,-0.0006315568447785417,0.00039299372390410323,-0.00012287397889175974,-0.00035242250129250297,0.00022712701421065165,-0.0003147480149410141,-0.00022305074395392944,-1.1852710258481018e-05,-0.0004728679085960676
32,4,multilevel,46,85,0.005338386609172709,0.0010286191933095283,-0.008150964073103858,0.004548092437668522,0.00945466502996568,0.010266563989641268,0.0019696377064738124,0.004411925275959312,-1.4854236002962771e-05,0.001538822178335143
32,4,plugin,47,96,0.00019151641265286888,0.0003878571839949788,0.002806498541477007,2.1844930053018977e-05,0.00031661883484999904,0.002041416622428018,-0.0016985794396482666,-0.00015655033278272128,-1.8905283689627368e-05,9.456214557569082e-05
32,4,multilevel,47,85,0.022191228166672267,-0.0018800696727363192,-0.006221595086822593,-0.0009091220990379299,0.005975698150737243,-0.005930240098829277,-0.0004883287249412181,-0.0012609595335619245,-0.00026167858912254344,-0.0003302427973634728
32,4,plugin,48,96,0.0008352125453410485,-0.00029367451277284774,0.0013890742412414525,-0.00010606976186263367,8.88912494899571e-05,0.0006645863690368503,-0.0006801388832083252,0.0019209782646106358,-7.121047152738265e-06,-3.980634088957806e-05
32,4,multilevel,48,77,0.04854332964395412,0.018855910736213736,0.057487178702924725,-0.045396293529806085,-0.02174761073631632,-0.00043272240221325654,0.00015064580779279723,0.007716433036274524,-0.0004353251234016541,0.001914500300664434
32,4,plugin,49,96,0.00160066505020303,0.00012218541977641358,0.0008918625905795017,-0.0004738293342524413,0.0022918921584299196,0.0002335330911731524,-0.00032174906108435575,0.00041732883371444146,-0.00010862309058778126,1.725209379107288e-06
32,4,multilevel,49,107,0.3284164367289855,0.0681197648275466,0.03369826687433458,0.05212410143206701,0.03643855672863046,0.11391121975979186,0.03355462281500056,-0.09701638090651865,-0.0012642636782555937,0.02544560395022382
32,4,plugin,50,96,1.0416248522612012e-05,5.8842938032059935e-06,0.0007807740745348693,-0.0005875277114267082,0.00014969504910303713,0.0010450032320677037,-0.00039500385171657585,-0.00014803071181939916,-1.9698118517768902e-05,-0.00012103319164707681
32,4,multilevel,50,89,-0.011908403828463011,-0.0028141230642987477,0.012561198444749557,-0.0015201982273158048,-0.006415470667299058,0.005218225230689756,0.0008957395479291788,-0.002347508690733379,-0.00017197969887651525,-0.0032109753829987864
32,4,plugin,51,96,0.0010326948093430392,2.4618664575752096e-05,0.0009012015181606612,-0.0012215599105309088,0.0008122131543193871,0.0011104421237309759,2.9732869500132016e-05,-0.000934476486864034,-3.195974661814003e-06,0.00026023040692897724
32,4,multilevel,51,167,-0.00021987691806437366,0.0042159035132501915,0.009226983943400787,-0.012115290083538125,-0.009952660378059107,0.008505143437283078,0.009573505965485948,0.003636576851146088,7.838121232303248e-05,-0.0012238106244573405
32,4,plugin,52,96,0.001782423768914635,0.001208332450380658,0.003493868159222426,-0.0017734613222752413,-0.0015991584119972072,0.00033943392554022366,0.00019483836857946376,0.0005129866160431334,8.307679153703979e-05,0.00048367563064825625
32,4,multilevel,52,85,0.006273334177473533,0.0044263237867149426,0.007146859004349841,0.004401725371023596,-0.007577151302580376,0.014185987142037055,0.011783582686289077,-0.005299675749395126,0.00017663778386860893,-0.00010711341783180217
32,4,plugin,53,96,0.0003162708720556672,-0.00037093395784490533,0.0028191772400598665,-0.0023603345648266993,-0.0009092503742794895,0.0016192366755862755,-0.0003798960352211213,0.00015202287074240833,-4.440394155340759e-05,-6.44149684729142e-05
32,4,multilevel,53,107,0.022359393028776008,0.015168840455602814,-0.0029477269820471913,0.011505278434270662,0.01613322349127913,-0.01037560120050533,-7.895655060543796e-05,-0.000764622317647839,-9.938399882208532e-05,0.00324858170702409
32,4,plugin,54,96,0.0016094123184957159,-5.2065620266136695e-05,-0.0006018803793215412,-1.301918949191625e-05,0.0006375225848848367,-0.0003697851727110994,0.00022042767088743353,0.0001601324818254212,-1.057533287092315e-05,-5.7463213982309575e-05
32,4,multilevel,54,99,0.004034912913940293,-0.003742786466181662,-0.009846984774547275,0.00836185702503934,0.011592587063857728,0.007667442681389371,-0.007633470792346546,0.0016140521598132372,4.0025241793057666e-05,-0.0015261379971795719
32,4,plugin,55,96,0.0018156307955608441,0.0012681473505993645,0.0006420091430967285,-0.0019670172980889933,-0.001960213061629691,-0.0016473668599977667,-9.493259246305773e-05,0.0012318785439344013,-4.090550810735822e-05,0.00018485630476924224
32,4,multilevel,55,81,-0.037192388286167215,0.002141311265127364,-0.004418108331302463,-0.0035811743278231613,-0.020993528229853013,-0.026908596153089444,0.018461825431058003,-0.0016156105263967478,-0.00027941270653303904,-0.0016340455019148413
32,4,plugin,56,96,-0.00012787374740068878,0.000454802301683077,0.00045916757661357505,-0.0017089553122922904,-0.0017400856082197536,-0.0005782080405293093,0.00275516746563474,-0.00029376183651418796,6.367333016234988e-05,0.0005825399766093798
32,4,multilevel,56,131,0.07515526496564283,0.0015162402550350834,0.0031357465632241084,0.02658733610534934,-0.002413673381555126,0.023411003548128403,-0.010332861575505437,0.007800404423460712,-0.0009535885040756175,0.004268095251281523
32,4,plugin,57,96,0.0027183937226025108,-0.0008002004114936775,0.004035904072892897,-0.0018130237368064587,-0.0006490081141524151,0.0014377364675569294,0.0008021542625031929,-5.89654891567311e-05,8.256404927889808e-07,-0.000557715975488718
32,4,multilevel,57,103,0.002840984874856576,-0.0053408817961899425,0.017659758239014473,-0.006276126407662873,0.005221149179173224,-0.0035468800414245167,-0.011804225307050864,0.012614462953870084,-0.0002826661993538942,-0.0007117505187372361
32,4,plugin,58,96,-0.0022082984682744037,-0.0008804731129651037,0.0004848627433870116,-0.0016758444502369186,-0.0012855783918833581,-0.000620909540856179,0.0008214972593663527,0.0006333713264267406,-8.176837277660592e-05,-0.00032713471476473316
32,4,multilevel,58,93,0.003519553773596302,0.006173063082045052,-0.007743252002051731,-0.0005530231825476949,0.0057032253072469155,-0.0012515548482230601,-0.003742296862930277,-0.002971399109448746,0.00018564674413407565,0.003586755613012036
32,4,plugin,59,96,-0.0029337135877582766,-0.0009774091769478139,0.0008420497242510932,0.00019286816344681068,0.00018527604143889814,0.0008153512076564627,-0.0011388505093064222,3.3223746422516654e-05,5.5153622314327476e-05,-4.652813667381112e-05
32,4,multilevel,59,79,0.02913276140711738,0.013807655056969036,-0.01940287715307578,0.005811500362703788,0.02326995656397306,-0.013978410281164099,-0.010350468643335563,-0.007790531183196742,-2.6508116783824054e-05,0.004946793976631274
32,4,plugin,60,96,-0.0018991145591241907,-5.371370444941615e-05,0.001779352003417005,5.178117628122954e-06,-0.0011033155905237249,0.0006846407642665387,4.487318455763986e-05,-0.0004052584630726107,7.102785067532891e-05,-0.00015984757617171287
32,4,multilevel,60,91,0.0020205275963579477,0.008468105319881422,-0.014323088902550669,-0.002288099124008837,0.012168280864226695,-0.005115339138707801,-0.0017916322610709798,0.012460525666939573,0.0005617320905650697,0.0002986262924382163
32,4,plugin,61,96,-0.0004066534078344712,0.00010200684903231711,0.0003614064622646676,-0.001189136016082339,0.0003051384506603097,0.0015843819118781936,0.00016590037551621325,-0.0008684584823259442,4.7844938799570985e-05,-3.444817211566832e-07
32,4,multilevel,61,95,0.014837151419444028,-0.0037303287561700127,0.014093654091886888,-0.00954190797504659,-0.028114620240885322,0.001100157889449687,0.01610370715166321,-0.009713720995367553,-0.0005874125547182642,-0.0007226376070753841
32,4,plugin,62,96,-0.0002536949792609763,0.00030191208254441335,0.00027823906935811957,0.0004161013508776479,-0.0007644690637662208,-0.0005019667148501004,0.0009352757293600432,-0.00019238695046496607,-1.861988007206419e-05,3.330364384999616e-05
32,4,multilevel,62,105,-0.017355897092327936,-0.008255601405468785,-0.021999636155377505,-0.0031397567527701995,0.020748714147425025,0.007742310517294272,0.0010398788342833591,0.010301809340388358,-0.0009202392938904035,0.004337030772243536
32,4,plugin,63,96,0.0015587231154762843,2.7294436231810535e-05,0.003287680414717584,-0.0008198113418373403,-0.0017187503291951794,0.0001293007546912845,0.0018745072002514045,-0.0010468069255920465,-5.508421607070232e-05,0.00012412076463059495
32,4,multilevel,63,119,-0.01328361208900261,-0.004576947699335141,0.0014712844533069226,0.002807067959536707,0.014250126942172278,0.019654305226632078,-0.007866767058846624,0.007147236423335361,0.0008069736691516199,0.0016052237407396283
32,4,plugin,64,96,0.003932205609332764,0.0006901701678997422,0.00019270737632452576,-0.0025847092931122165,0.0027951374066847163,0.0015663472151302364,-0.002546102546181456,7.97684191819201e-05,1.6815965673274506e-05,0.0007205760087544106
32,4,multilevel,64,133,0.03112580238490907,-0.006212385698031293,0.03646605014899191,0.0017655939765324983,0.009260996858504622,0.01040218152928716,-0.003301599185719727,-0.027976080603937376,0.0007173684169293509,-0.011424574248088066
32,4,plugin,65,96,-0.00473570270053775,0.00014906868787630757,-0.00022652815853776504,0.0020351189502583857,-0.0017376318827213874,-0.0016425198900369919,0.00011074220832195503,0.0012220830448429405,-8.97499862874601e-06,-0.000458550330494522
32,4,multilevel,65,121,-0.038538392226984665,-0.0007435578405641958,-0.0030666094013687313,0.0050837330519786575,0.025492416149210082,-0.008566537424115157,-0.021761136776191386,-0.0012356056973041602,-0.0001706285583820501,0.001056320359174718
32,4,plugin,66,96,-0.00095865516683279,-0.0011566644196375783,0.0008834013403113335,0.00024275635031696847,0.0008220136127193303,0.001106288961665624,0.0005381896914798751,-0.0008888798807425964,3.466420224155892e-05,-0.00011551807057168156
32,4,multilevel,66,139,0.020273098067563586,0.006072702711314796,0.024813003015100605,-0.0212095440933207,-0.009768620836084988,0.0014559219244308851,0.0058692202606882,0.007874526033254586,-0.00023775878252486714,0.004365803791444586
32,4,plugin,67,96,0.0005776753517708315,-3.340293274942943e-05,-0.0009235561879754282,0.0005991742732077654,0.0002716374780375508,-0.000753264673552185,0.00017906375058769042,0.0005620233866075837,-2.3544708033759667e-05,-0.0002458746247106816
32,4,multilevel,67,81,-0.005176891629953205,-0.007645002199822648,0.003148923542253264,0.0020508862112890067,-0.02159503688115891,-0.019794168737954646,0.014096707435359047,-0.019145222228258058,-0.0008648231453232267,-0.001554012152447418
32,4,plugin,68,96,0.00019687658449830237,-0.0005018609454314115,0.0005298313187937214,-0.0014148320769659115,-0.0003154557950805269,0.0012368239315434391,0.0004721191188182412,-0.00018313622094586013,1.7094920410780882e-05,-5.707344809876878e-05
32,4,multilevel,68,81,0.04743984185706835,0.006201246800752644,0.00055732764863976,-0.018333455334329667,-0.014397773449756554,0.0035828131088452564,-0.009611594239123776,0.00989948199916918,3.639839319981096e-05,7.721545424188078e-05
32,4,plugin,69,96,0.0012889086638048796,0.000734014067388505,-0.0003070194258882742,0.0007523452986065892,-6.941749196373172e-05,0.0007790869760871824,-0.00031145319400737234,-0.001078554850492597,-4.170196002068924e-05,0.0003829237764069929
32,4,multilevel,69,97,0.015142347827176193,0.004785574483964986,-0.0022700435582845495,0.014396834258639964,0.01815192815411715,0.0029924696295066905,-0.016634336244227207,0.010975535212648383,-0.0004041815367667472,0.0007806730788958158
32,4,plugin,70,96,-0.005029431725349848,0.0007080546920814135,0.0024881078055048423,-0.002369933269194641,-0.0009505523812478366,0.0005641290417034735,0.0008670654415370857,8.325306017202868e-05,2.642504615837283e-05,0.0003016912021360577
32,4,multilevel,70,89,-0.02922347110480204,-0.006106685126155415,-0.01440685301145444,-0.03295980044196337,0.007515100947032457,0.04084445186908433,-0.040667971029575464,0.07416663446599195,-0.0010529154599126032,0.006824606146996706
32,4,plugin,71,96,0.0007194528552994523,-0.0002507540597872434,0.0002019618130633181,-0.00026215847762202095,-0.00027273447242781514,0.0010058029117319318,0.0011094065348225394,-0.00046046176486711616,-1.7270550159860295e-05,-4.1944196560255394e-05
32,4,multilevel,71,143,0.02894478591671836,0.010322964884852053,-0.011479655712479423,-0.002912072039792169,0.014120686508890262,0.028864701950285353,-0.015049272203461226,0.001160583165000561,0.00026772181712028166,-0.00046771487853742975
32,4,plugin,72,96,-1.1904466619525611e-05,-0.0006489757635656668,0.0005215673660772148,6.753334151447386e-05,-0.000620335422930383,-0.0010233354887301302,0.00032772250597872194,0.00030787750903322363,-5.388347068829227e-05,-0.0001642961291399171
32,4,multilevel,72,97,0.018927711479273673,0.01301034479452364,0.001312285683544424,-0.0014143214897427447,-0.009560485544921091,-0.0040604361938560134,-0.0005322101948476093,0.009452692783278425,-3.624574598629697e-05,0.0016899127318015005
32,4,plugin,73,96,0.0029886073191038075,0.0012206246438239052,0.0013742074793300593,-0.0009597996979615885,-0.0007085455760890378,0.0004676025883069504,0.0007312520584107588,-0.0009093668044565003,7.193585312579906e-05,0.0004816009652813121
32,4,multilevel,73,95,-0.0059153040565138645,0.004597751896209097,-0.006473023267496814,-0.0049830385250578,0.003790270851999848,0.002881410386749889,-0.005431056909152142,0.003966319986115161,-4.5172665826883016e-05,0.0026485890618794324
32,4,plugin,74,96,0.001091639748075495,0.0003318804550936461,0.0012399499504645562,-0.0013263987623332407,0.0007452851886619431,0.001734913452659259,-0.0007665957509942651,-0.0009293575190863808,-6.927201064112062e-05,8.894367973643097e-05
32,4,multilevel,74,131,0.024486412602823873,-0.005038818814886254,0.004977764896956526,-0.01682594235424512,-0.026361688888889113,0.026617004671688434,0.016850836045738442,-0.01921084506285393,-0.00032488248639387204,-0.006976816691487256
32,4,plugin,75,96,-0.0008025870706682704,-9.277791680919616e-05,0.0006736451313523524,-0.0012486502002990187,0.000248883551322065,-3.376532541785932e-05,-0.0003677386908452509,0.001108957704456141,1.7098517634787472e-05,0.0002016951770507544
32,4,multilevel,75,107,0.029786295685313647,0.0012555027863890243,0.011464031011716162,-0.034366044837714514,-0.024522606551640746,-0.0010917320703079762,0.005499019153816438,0.010480313092749261,-0.00047091264518080405,0.0012721301914429657
32,4,plugin,76,96,0.0018565145445667936,-0.0006004869715639207,0.001699504140023917,-4.87594006689619e-05,0.0018764938609151921,0.0031429944185248754,-0.0019208585269031393,0.0028036303159273603,-6.259315235831595e-05,0.0012088683068334314
32,4,multilevel,76,81,-0.0137440952563328,-0.0037016265995807886,0.018476505213968493,-0.005120187869143804,0.007734941094052253,0.018294444403464356,-0.022751562314567004,0.007737741084001141,4.8914091953174173e-05,-0.004120459093229582
32,4,plugin,77,96,-0.0017664245689960247,-0.0002708699380666714,0.0014495642497365483,-0.0010281265701474881,0.0008039679108677374,0.0009529177550042572,-0.00024389748123926607,0.000756498875059153,2.1965318956279784e-05,-0.0006440233229831466
32,4,multilevel,77,83,-0.0033458912679127993,0.0026660243524646225,0.02295152265930713,-0.008144844771849222,-0.007167374054924556,0.007111031491850656,0.006375238001131229,0.004344158587808754,-0.0006774400559468634,0.0028268534042264486
32,4,plugin,78,96,0.0016975681319783425,-0.00026236696285631626,0.001379697814386019,-0.0013154547835493985,0.0003430928800158147,-0.00019259148945789803,-0.0006058052709185009,0.0014389395808345935,-4.291404270632015e-05,0.00018532396013534608
32,4,multilevel,78,79,0.01706361633970208,-0.0056307287144746945,0.013647231892744608,0.006468984498508028,0.011291017372279223,0.02203965042588796,-0.004781427291053222,-0.016479693742463396,-0.0001433636597316907,-0.000638605450481089
32,4,plugin,79,96,-0.0002709730470155888,-0.0005281306177431606,0.0017910584256720968,-0.0024248340690857465,0.00023719540967176883,0.0011819587020176613,-0.0006450079423816848,0.0013135998170947945,-9.941256710162632e-06,-0.0001787330468033353
32,4,multilevel,79,91,0.023480128257358877,0.013022896364661076,0.014384041326464732,-0.023336576628138886,-0.02076109491418121,0.031639782818775546,0.014008357855744577,-0.031548922045573614,-0.00012979101936385414,0.002871189716334634
32,4,plugin,80,96,0.002212641090919264,0.000736273595109046,0.0010392086844576414,-0.001082572431054502,0.0006879849429016885,0.0008411548848847179,-0.0004101175288705256,-0.00014492185686982746,-4.702126370498278e-05,0.0002772549713399323
32,4,multilevel,80,87,-0.035837256156124514,0.01095957635149144,-0.028041654080750426,0.003533337128427394,0.010634210164607385,0.0011421836642230713,-0.01147104608574252,0.005912683626563889,-0.0006155577146884727,0.001327939964437396
32,4,plugin,81,96,0.001326223654858821,0.0019319526127527268,-0.0004353721895233726,0.0009761738474270508,0.0012607291512856022,-0.0007782121704716631,-0.000587790277150191,-0.00015592599155724452,1.3245778620653225e-05,0.00025257519509306524
32,4,multilevel,81,75,0.017002063213206506,0.0030278334821813363,-0.017742607237276397,0.02448197481981898,0.0052200851715567854,-0.023904748260857544,-0.0022832614827919566,-0.013201623619846139,-0.0007196588093992,-0.0010903122096497166
32,4,plugin,82,96,0.0008268784248602268,0.00012304122164981298,-0.0005503494163560788,-0.00021087667528735092,0.00019138794699600766,-0.0015088911069246005,0.0013122923349676127,2.7523136507171297e-05,-1.719801496825701e-05,0.00014542734748806241
32,4,multilevel,82,81,0.00791924415023211,-0.002889940145576788,0.005381784548413373,-0.003808016505402084,-0.003377390998897885,0.004256235843573807,0.005268347152083426,0.004552662052201265,-0.00013850042794874662,0.00015680714074000683
32,4,plugin,83,96,0.0014644886936497595,0.00048770560996817645,-0.0034597348148224824,0.004111280846406826,0.001752571140303514,-0.0003107335818054546,0.0017979738499895954,-0.0007435770515160102,2.673379119533375e-05,0.00019111196715352648
32,4,multilevel,83,87,-0.036689459390019614,0.013596171485833652,-0.022631981648301113,0.011775521416347114,-0.021708307095076255,-0.034372661962709584,0.025026617775506976,0.005547008437626486,-0.0008373382031947451,0.01433166982301106
32,4,plugin,84,96,0.001699635644436477,0.0003339041024701724,-0.006268424387795532,0.0022647757765649687,0.002711899462440003,-0.0031327368616569933,-0.003408376441179062,0.0007293186841626137,-3.629404193744357e-07,-0.0005829706133499334
32,4,multilevel,84,101,0.053327484029067194,-0.0058535833821805276,0.005255152179052987,0.016387874699871335,0.009394940257552767,0.008743562693350332,-0.0009495075341756834,-0.004261003867699373,-0.0008729247208947495,0.0028448541588423034
32,4,plugin,85,96,0.000948977032625617,-0.0004985853903511654,0.0007800295676966286,-0.002446548698990667,-3.666321644004973e-05,0.0011446352892605684,-0.0002862345320034021,0.001437369953472906,1.0388134112212329e-05,-0.00043068328049392275
32,4,multilevel,85,87,0.0169704887172348,0.002073143878731906,0.030776426134452712,-0.016403703620450738,-0.010626191260011936,0.025715390781268367,-0.008477873558780971,0.014695702514027856,0.0010761175122350694,0.0011664256576044841
32,4,plugin,86,96,-0.0008357673229864829,-0.0004066226237632724,0.0014257461706018936,-0.00044205926316453895,0.0003664144571113948,0.0004976932682898348,-0.00029719234856745284,0.00030619893866675255,-1.268026008499095e-05,0.00010100086846813152
32,4,multilevel,86,93,0.007262070784163736,8.604568641841701e-05,0.006658912003140368,-0.010638786668590583,-0.0034719784858850723,0.0039133750603736455,0.010649547660035327,-0.007610901917463931,0.0002435452673323246,-0.001178803493102804
32,4,plugin,87,96,-0.001250777722748224,0.00013804987467115748,-0.0007088633164096788,0.0003308728258457509,0.0006130859436367633,-0.0009651679878732978,-6.041081743054499e-05,0.00011888993334655378,2.6744872921471753e-05,0.00011508112991737442
32,4,multilevel,87,113,0.03637200709533034,0.006057406804449502,0.003751192231106608,-0.016163913649553312,0.0015912136855353808,-0.0002781932195282854,-0.0003966171210032404,-0.012959371196658284,0.00032628519919034884,0.006001567822499902
32,4,plugin,88,96,-0.00013608708019815363,0.000529436343199242,0.00022379599620797738,-0.00027306309093780154,-0.0015483572985450112,-0.0005725330869343221,0.0015043683818422341,-0.0017607011091935567,1.3745164783062824e-05,-0.00033982423041964497
32,4,multilevel,88,77,-0.00494018537718999,-0.002379566399463654,0.013742230473428919,-0.006262127477377484,0.006984398166551954,0.007028822574394493,-0.007953043396623113,0.0036070479787251144,-9.25896514860664e-05,0.000999279342678694
32,4,plugin,89,96,0.001330200787818533,0.001117606302005835,0.0024365509676611183,0.00020487376639025898,-0.0010351934697589262,-0.0003397816364593065,-0.0009408191853864937,0.001232659112407228,1.0170049298222472e-05,0.0006584051198480781
32,4,multilevel,89,123,0.029309840234239652,-0.002122612611066126,0.001759268847010303,0.00688999432186322,-0.00231427520304739,-0.0021561387425433555,-0.011366407555366961,0.00483042279891633,-5.3262128699336e-05,0.0027660839602732185
32,4,plugin,90,96,0.000741829438430293,2.6666920926225895e-06,0.002259648760079487,-0.0012454961574328558,-0.0009387659768662841,0.0004099486258266323,0.0014325888286376232,-0.001279516885566015,8.14936516034567e-06,0.0005699961632031297
32,4,multilevel,90,127,0.03928598740486397,0.011755070076784599,-0.003617031154161444,0.00541485413499301,-0.009522428429479316,-0.0011730659480579876,0.00037483363124943313,0.0138431404941285,0.0008437988188416146,0.0036815375117851493
32,4,plugin,91,96,0.0007558278893724379,-8.230090638788736e-05,8.433559120516275e-05,0.0010621275741629617,5.196179008577871e-05,-0.0012772478593985144,0.00024517337767481607,0.0002994363501259977,-3.597408336929673e-05,0.000180614138340166
32,4,multilevel,91,73,0.02331188863868296,-0.003215995779535746,0.0012422493080330513,0.0054965766326679835,0.0004932191600023104,-0.0013521132345836943,0.0016655468629818639,-0.001944746282650015,-0.00013545308447640578,0.0006494235658431396
32,4,plugin,92,96,-0.001272639517547219,-3.0001441876660438e-06,-0.0003661720168835329,9.696171779105861e-05,-0.001568292627239877,-0.001023540094088485,0.002811235178853313,-0.00035693289803766346,-0.00013132065669794319,-0.00022080505373567137
32,4,multilevel,92,93,-0.029781228348100344,0.0006034496911201832,0.004343496243589319,0.00038186046784507294,0.0032121520154774924,-0.0016382472517267263,-0.0187218956497661,0.013702673622826874,-1.9676996883689573e-05,0.0006609411116507662
32,4,plugin,93,96,0.0026282278203793516,0.0004366519257764691,0.0005688044260022523,-0.00022849739464145794,-2.2815228193290602e-05,-0.0005351443841498961,0.00019519112093014434,9.293639991956294e-05,-7.0197733659396695e-06,0.0003109796957199561
32,4,multilevel,93,93,-0.025955888600643705,-0.001067006090616739,-0.00012721515043189244,0.005501167066365215,-0.019381529323396565,-0.01738150345875377,0.006167790903491227,0.003488571419358853,-0.0006778898897651755,0.0014829132980159012
32,4,plugin,94,96,0.0008666247714736775,-0.0004341196807655991,0.0013562035490597508,-0.0005785600391589146,0.0007091167550471456,0.0003620915624107114,0.00036395527351996076,-0.00034414511152838225,7.957695228407699e-06,1.3026163960091882e-05
32,4,multilevel,94,95,-0.0022612587878539582,0.004561311072234697,0.033478216926594716,-0.017606240668547473,-0.02663057318191609,-0.009605633189424334,0.009145740358273854,0.027525074394762254,0.0018381490980688862,-0.003744859742698093
32,4,plugin,95,96,-0.0005203266708536474,-1.4750039779230223e-05,0.00021876418195908707,0.0004865031345600926,-0.0006333362888261385,-0.000959683842267554,0.0015840575948240828,-0.0006440642418969819,1.8059416676329055e-05,-7.532303519052913e-05
32,4,multilevel,95,107,0.008849076331705633,-0.0011575363527833813,0.0026523912311625744,0.0002378151737982379,0.007917036708158468,0.01237472585503737,-0.01934497451318543,-0.003442774505199026,-0.0010138064938729236,-4.9636134119435315e-05
32,4,plugin,96,96,0.003548355724234154,-0.0004167050376062764,0.0029220392343213696,-0.0003452035635189269,0.0003396555074051612,0.0014538582603310375,0.00026877111680506964,0.0012136535247996875,6.439162977230165e-05,-5.708925517710934e-05
32,4,multilevel,96,91,-0.0074839057609380095,0.005905106109918741,0.011895817140515023,-0.01671282798321963,0.008211228252803434,0.008384741725483,-0.0016876649315235297,-0.0032843770965107675,-0.00034155531973511393,0.003801386786908359
32,4,plugin,97,96,-0.00151393743614245,0.00013775674700501058,0.0013866312338262818,-0.0010585088610688424,-0.0006818690629418664,-0.0002963325157539214,0.0003216278006609647,-0.00048104872833590323,3.544648570605695e-05,-0.00010815522228743715
32,4,multilevel,97,81,-0.0002877112749383056,0.0008828229547038055,-0.018963767573994112,0.012216105657012585,0.02008048126914095,-0.00046408623397230047,-0.0028586334250184577,-0.01925358737456443,-0.00030778248912024565,-0.00020485766933282527
32,4,plugin,98,96,0.00045749553586839364,7.369670277949411e-05,0.0033311304241186615,-0.002026589385068895,-0.000695232871742273,0.0010395784981148454,0.0005419417408359014,0.000317567167956203,-1.3958337651180994e-05,0.00011808103280212749
32,4,multilevel,98,87,-0.004179942471397665,-0.0008006820500764863,-0.003085929754331909,-0.012772972380636113,0.0014581199488391187,-0.0031508357441501276,0.0047282753712765795,0.0099231395268868,-0.00031071023453254726,-0.002046851466349755
32,4,plugin,99,96,0.004964008477637496,-0.00029291312168136947,-0.00030981535174028584,9.121454584586468e-05,-0.0008503635434507588,0.0003077796174368116,0.0002912195679281571,0.0015380552564936533,-7.883665629612085e-06,9.743397994805669e-06
32,4,multilevel,99,85,0.0063897641861275205,-0.004347336034051127,-0.0034227439056208242,-0.004034589930231115,-0.008643303962377133,-0.0010120735675834647,0.001211903059750102,0.005750623461911177,-0.0003341055258860073,-0.0038746258090111693
32,4,plugin,100,96,-0.00022476631126679657,-0.0011977159828024438,0.0017360835296830286,0.000840247209889173,-0.0016652230011755798,0.0009138245202914023,0.002229157519304273,-0.00206871983962825,0.00010079587935372288,-0.0005703880092131722
32,4,multilevel,100,113,-0.026951537764070697,0.0022148110245871536,0.01982505986846286,-0.020238297116906494,-0.020393041468994982,0.004522304384532846,0.030947009336376334,-0.023489652349457345,8.273030636849171e-05,-0.009378866599177912
32,4,plugin,101,96,0.0010321154568188882,0.00029698074721134696,-0.0005057153535431082,0.0004901910085243458,0.0015797661338501356,0.0006120848622170535,-0.0017451458190415477,0.0004460397851975333,-2.154115966477637e-05,3.172417156819876e-05
32,4,multilevel,101,105,0.026436785759723757,0.012043268827869795,-0.019596183357171216,-0.0030522022521774985,-0.024321663505988248,-0.02760231965566387,0.03857676811194251,0.005967343677941159,-0.00016352022119517996,0.009177263624802996
32,4,plugin,102,96,0.00025629479106208255,0.0005300047795535382,0.0006932962959009119,-0.0002445648845600104,0.00024084121842278625,0.00044737326073488663,-0.0006223453117629226,-0.0012530467219955756,5.072970836392043e-06,0.00023770508409866366
32,4,multilevel,102,83,-0.0008281119472504845,-0.0030194542843405897,-0.004549420209221773,-0.018909533544614863,-0.005356773736932264,-1.2774790582706561e-05,0.011169199990460761,0.014514152342717947,-8.54243945258176e-05,0.001023465739182949
32,4,plugin,103,96,0.002752728286904582,-4.3433172049690645e-05,0.0007118197840981886,0.0007892396504168672,-0.0012583676917372665,-5.426805338203752e-05,0.0006178138739664752,0.00041430991197479095,3.771629570122868e-05,0.00018418600652953313
32,4,multilevel,103,95,0.03023831424897483,0.008327271902067593,-0.0004407699946999622,0.0017493266409353123,0.006430605065772681,0.0012750865271803,-0.009297542878051894,0.0102972536997723,-5.45350882216487e-05,0.004708693413250953
32,4,plugin,104,96,0.003796746939092186,0.00044947175507571545,0.0009076676210664242,-0.0001657069896068873,0.0009347789227350997,-0.0013539448091210186,-0.0004349337100907889,0.0011138152688424596,9.38058856465884e-05,-0.0004693687103435595
32,4,multilevel,104,87,-0.0432274822918559,-0.0034180754809265855,0.0012597209811529633,-0.005820095051531807,-0.020875279894729752,-0.022433295621318624,0.01579388288987606,-0.002202342971532865,0.0005271181170231965,-0.014252258950383258
32,4,plugin,105,96,0.001409469864012122,0.0005030062231901531,0.0013731602801676105,-0.00033288322299001834,0.000644601671155815,0.0015625873414573104,-4.450494352890513e-05,0.0007018300599352994,1.6618961601831632e-05,-2.803060055686648e-06
32,4,multilevel,105,93,-0.00726117314598596,0.0016900823674925137,-0.002711916954728947,-0.010649947448578717,-0.0040378477505120525,-0.011293094019762745,0.01415128315620565,-0.00014627712693196895,-0.000526969601174615,0.003981483742728505
32,4,plugin,106,96,0.0008414138359225124,-0.00030720151658526117,0.0008454951233412491,-0.00017257887035710003,0.00030227556675570765,0.001120605054841067,-0.000397718451390515,0.0007687023506712539,-9.561673031330734e-06,2.2766676935932722e-05
32,4,multilevel,106,101,-0.031951536110226865,0.002027590273936372,-0.004041081579402568,0.034969536767582445,0.02221804877889471,0.0201086023820899,-0.027357244639800733,0.022946564894857344,0.00018879898590396364,0.0034155243061554843
32,4,plugin,107,96,0.00015396568072570957,0.0001430194185911365,0.002125962007823806,-0.0006613115499355568,-0.0009904361672249797,-0.0003037516679451958,0.0007414662245716651,-2.7233579658283533e-06,-4.852672179991278e-05,0.00020782024685641476
32,4,multilevel,107,75,0.009605631685592904,0.005180912288711044,-0.0023565298319928457,-0.007184213843146785,0.008981538164180042,0.001556686719243991,-0.013584744800487668,0.01148574073999872,0.00022643602615606478,0.00067105913939571
32,4,plugin,108,96,-0.0006531686841452254,-5.991585745646341e-05,0.00031910314603363153,-0.0006139120293443426,0.0003809213244747678,0.0012537944447828778,0.00031184649783412756,-0.0007627904908751827,-3.829770349822673e-06,-0.0002765488621129032
32,4,multilevel,108,79,-0.0024984752681906537,0.013884797213150349,-0.047681846692814306,0.024621718141910963,0.012894500514651913,-0.02928725020980111,0.0025768104587685155,0.0010591634210472514,0.0013004463395949574,0.0057833650786543525
32,4,plugin,109,96,0.0005730856971106305,0.0004040743823139304,0.00039565274795803126,-0.00022657565518047814,0.0004067686981303767,-2.949651684370175e-05,9.871643523156053e-05,0.00016424036454390237,-3.086448387884786e-05,0.0002705409553501761
32,4,multilevel,109,85,-0.0006465693864161814,0.0009688921525733337,-0.0014888941419860659,-0.002762779754689813,0.004946384628021482,-0.0030890911035053406,0.00013656660330212106,-0.001526741683728303,-0.00036418556060128826,0.0001874107569739388
32,4,plugin,110,96,0.0015047915209703228,-0.0006133739274466859,0.0003963088442491894,-0.0005713733544107201,-0.0007200696131925545,0.00146444855092169,0.0003961213370944304,0.0005253965302527735,3.893492649403102e-05,-0.00026141324391088113
32,4,multilevel,110,115,0.03956926196227607,-0.0035950981871826757,0.007036898665989835,-0.016760835625507484,-0.0023536472859358483,-0.004484863296449729,0.005891838857634375,0.007991928732364104,6.196853364960756e-05,0.0011333773940904706
32,4,plugin,111,96,-0.00038519628364750574,-2.0458173657729614e-05,0.00022013745730032453,-0.0002901557866323205,-0.00037469415915095095,0.0001769243615942171,0.00020084666558142013,0.0007186468829307241,3.095287353065203e-05,0.00010418962207666987
32,4,multilevel,111,115,0.008233810308612668,0.001195706767894721,-0.003985760515843684,0.007839358958612307,0.0068884133098297,0.003964388934846744,-0.003976239478618217,-0.0013422832890940158,-4.8134982258572484e-05,0.0010749184756813051
32,4,plugin,112,96,-0.001040384342953795,0.00019749138497651158,0.0013082854797539269,-0.0013403916571005034,-0.00111623569791375,0.00010782703366220288,0.0005619626438885109,0.0015294435242036676,-1.5884259223886282e-05,-9.970599019237768e-06
32,4,multilevel,112,77,-0.0007815117500621591,-8.527260453341926e-05,0.003809424057737463,-0.0013072133902658236,0.007140948633131936,0.00937971086333234,0.000726039192762214,0.00030932640861170086,0.0004894780420480382,0.00013981087709109502
32,4,plugin,113,96,0.00030534274654923053,-0.00024900488782982473,0.0017889728772340497,-0.00071119523195612,0.00034760068899505745,0.0010277743796712204,-9.91507248246635e-05,8.15068807809973e-05,-6.975556827718207e-07,0.00030617034531784965
32,4,multilevel,113,123,-0.0012223923511963974,0.006875710417520171,0.0034899085799097876,0.005751880091910179,-0.0037679138005225037,0.009557461131883651,-0.007205779634498331,-0.0005229750980522738,-6.230835531069386e-05,0.0005940470461297787
32,4,plugin,114,96,-0.00024848171279501035,-5.362862331053628e-05,-0.00046031206081864845,-0.00014760204009422575,-0.0007379206535613475,-0.0006981257077825682,-0.0001305630869081037,0.0005621426735097811,7.192418859042651e-06,-6.194552182078343e-06
32,4,multilevel,114,87,-0.014665846772265815,0.0028170405692004843,0.008948492835320405,-0.020995895940316672,0.003278554417660297,0.006264488390696357,-0.00686531654105136,0.025770474622390245,0.00042733101244025703,0.0050770553218389474
32,4,plugin,115,96,-0.0019735985802956284,0.00031887789686055627,0.0013079532253314173,0.0015122768432059674,0.0011235936365339716,-0.00017054047573686825,-0.0005784349983229092,-4.93551300838601e-05,-5.195499761044469e-05,3.3496227130216415e-05
32,4,multilevel,115,95,-0.03319281470975203,-0.005007486167439206,-0.014441359945476476,0.012767220338416459,0.013824497871227035,-0.00025455493025628454,-0.00958658535122408,0.005174516801291959,0.00011193110252539107,-0.004256642460827391
32,4,plugin,116,96,-0.0009950859260919424,-0.00015415370577279424,0.0026929318565374265,-0.001982236006507004,0.0004230323523239031,0.0022813967169653475,-0.0001599421143642583,0.0024317899041273157,6.399545135530393e-06,0.0002045949864711889
32,4,multilevel,116,101,0.02674822182206066,0.0021300423703455797,-0.008462219409192721,0.015428499265519178,0.004587789280793421,-0.004574191580053589,0.0026899315721916643,-0.011398798409983235,0.000532655208874739,0.0015182996099668555
32,4,plugin,117,96,-0.0009492223005537761,0.00021399255974514241,0.0009014217867484034,0.00034443906642523986,0.0006232657949105625,0.0038923459387059474,-0.0006118271692890918,0.00014682363767588017,3.271228537202249e-05,0.0003529875399262666
32,4,multilevel,117,115,0.017508319965202152,0.0011529256079079752,0.0031836747159170817,-0.003235212964585412,0.0006782827875165966,-3.5468838403489964e-05,-0.0017334384084792159,-0.00501993750162613,-8.817728619172999e-05,0.0008599501270724492
32,4,plugin,118,96,-0.003607396714025618,-0.002033529202322618,0.004088992326369274,-0.0018833786601429904,-0.0005389571173882721,0.001437497972145718,-0.0004845828100307728,-0.0006258090620255106,6.221724834989466e-05,0.0004026172004347491
32,4,multilevel,118,93,-0.005231263395337719,-0.005818579886826198,0.006536694944389066,0.005331754974230519,-0.0018308365186881768,0.0017618690377614364,0.0058617983435503415,-0.013196550881436056,-0.0003117905569367755,-0.00123846827091933
32,4,plugin,119,96,-0.0016143792645128547,0.0004411781583000117,0.0007994573046400356,-0.0011875336855195072,-0.0001186464370710673,-0.00035055405481208395,0.0009478836848858018,-0.00046735383618381587,-2.831377402665356e-06,-0.00014047286168482253
32,4,multilevel,119,97,0.018811579111076386,0.0038517250778961542,-0.01429195551288225,-0.0001662566833721814,0.012062602079544424,-0.0024482920872012396,-0.012559909840548106,0.017177973977085554,-0.00041128102113907573,0.0013096022200444275
32,4,plugin,120,96,0.001341682000157182,0.00019560431060136195,0.00034672446033701815,0.000798608622506379,-0.0006339869512872116,0.0006822784536834527,6.308384570007306e-05,-7.0412578895877e-05,2.7981307559999928e-05,-0.0002539680745687945
32,4,multilevel,120,99,0.03558435233911589,-0.0014114649345028593,-0.013565413769575551,0.022423373913852913,0.037344305095778005,0.029079613899723022,0.010845193510831325,0.011332899500993808,0.0005228712753678463,-0.0037731452583992606
32,4,plugin,121,96,0.0026103705162529535,-0.0005923684734946808,0.0015401026128619702,-0.0011291626155970056,-2.7800079178561302e-05,0.0008224080150723333,0.001140728146791412,-0.002074167260996255,-0.00016911655359023412,0.0003372820074891979
32,4,multilevel,121,139,0.028816084632808794,0.0015230027686794886,-0.0006910468607032071,0.005866470132843665,0.0005071513071261115,-0.017870733652815947,-0.005430523862606,0.004481322752148657,-0.00011660182297934666,-0.002409042254679536
32,4,plugin,122,96,0.002244782195786073,-0.00149361561005086,0.0037184015871998427,-0.0007482357367999744,-0.001268845410004322,0.002051208155115918,0.0012033721168733299,-8.303450387490176e-05,5.393699572683618e-05,-0.001089696772800101
32,4,multilevel,122,93,0.0046472922806529825,0.012559844074980998,-0.0035291258724142573,-0.007441144745400189,0.04114765092299548,0.023018709475087322,-0.04396136807029417,0.008641259551516295,-0.0005799996033694011,0.0015716318055774483
32,4,plugin,123,96,0.0005402547330394056,4.580795432548431e-05,0.0008975124283843518,-0.00020976340489281656,-0.0007407725293455989,0.0003368670962101423,0.00013723256861388405,0.00019579298491583498,1.463579160400872e-05,-3.715605334726076e-05
32,4,multilevel,123,73,0.019147222917656106,0.007978624593171346,-0.024673238124292726,-0.007531641621189918,0.023756816911192365,-0.009984241672985858,-0.011174356890196845,-0.00590046697051808,0.00019762938924815498,-0.0004840526538838339
32,4,plugin,124,96,0.000757478405885115,-0.0008327089827198224,0.00044252836020751743,0.001108853870069218,6.383341526743377e-05,-0.0007413485500003577,-0.0010565742491768116,0.0015000029870249738,-3.497350357048059e-05,-0.00030504152581929293
32,4,multilevel,124,83,-0.006893089782061293,0.0017556903692889428,0.015548864247355375,-0.015260190503512853,-0.01658968554024191,0.0017657861231186462,0.013368940758400286,-0.013968385844422393,0.0002481214112026097,0.0003963032551448077
32,4,plugin,125,96,-0.0012937072951569736,0.00032172448749523836,0.0004753276005734837,-0.001049914987681871,-0.001229143637190487,-8.893004854116172e-05,0.00046418592768429634,-0.000514834185019673,1.5219846155419293e-05,-1.8983172881071354e-06
32,4,multilevel,125,81,-0.029467703174204433,0.0031174185438678464,-0.0018921289901366613,-0.006161380105725893,0.03042391049751331,0.02028425746653358,-0.02590783386485193,0.030752269098009575,0.00021263425616306224,-0.0008962709878314433
32,4,plugin,126,96,-0.0028175456310213717,0.00010196559050083495,0.0003930970954335827,-0.0003257197718720855,-0.000255908983310976,0.00046920325250555923,-0.0004500395053793925,-1.0260729144107593e-06,-7.930169128544337e-06,-5.019248329433564e-05
32,4,multilevel,126,99,0.056708925155375324,-0.008012763078367128,0.010965396723236917,-0.016115020173806654,-0.00902304916445389,-0.008925174181546612,0.0026059605558418934,0.026244451400049676,-0.0009513053322590584,0.01146492360823563
32,4,plugin,127,96,-0.00017603896487601914,0.00042795131715416744,0.0005362894559509228,0.0002182665320316864,0.0009402952465355495,0.00019839306687401397,-0.0006084349973077674,-0.0001459238262267739,-3.050298254914748e-06,2.9548950159068814e-06
32,4,multilevel,127,107,-0.03550005890110737,-0.004730686041990077,0.019937194197707356,-0.004757054763709702,-0.014662493686658506,-0.023980510353166277,0.003097365840486627,-0.0009985273994240818,-0.00011718854776736496,-0.0030610983332528983
32,4,plugin,128,96,0.0010136105597540975,-0.00019839893454315485,0.00026909210443353394,-0.0014167587455796438,0.00022414218429749538,0.0006767349282390833,-0.00021266419527819937,0.0010688677007109975,-8.960240694925244e-05,-0.00013923434402755695
32,4,multilevel,128,137,0.010224882601264796,-0.005750270151686632,0.00723616063406837,0.004791882666915709,-0.0031070551714856127,-0.019218776892957236,0.002390692425880848,0.0011348625973523637,-0.0003692419316425342,0.002644860562165528
32,4,plugin,129,96,-0.0008384532185939431,-7.818802512419475e-05,-7.445868044240358e-06,0.000383397029896306,0.0005331081381496495,3.760766348383163e-05,-0.00016220883010479396,-9.936538558309423e-05,-2.165324570766143e-06,-0.00013440859749386719
32,4,multilevel,129,99,-0.03746553057633358,-0.010607683071804513,0.021628348766538606,-0.0021796200540559513,-0.0030653899117704378,0.03106631024717213,-0.009814743300741988,0.0027119400308650062,0.000636474522265895,0.000561909168039573
32,4,plugin,130,96,-0.005031245108600633,0.00021886967584873796,-1.2474717330735206e-05,0.0015752779020014413,-0.00021410753178241409,-0.0013452858316306943,-0.0007241393715581841,0.0009501140845325016,-3.317434068498386e-05,-0.00027236258357995596
32,4,multilevel,130,131,-0.018824583235014167,-0.006277204888220973,-0.006986286780903329,0.011540714226740217,0.011693120488161837,0.006173983574937097,-0.006435126798637471,-0.00323312251498306,-5.691963644629687e-06,-0.0018855671928386846
32,4,plugin,131,96,0.0019595536933047905,-6.816684137351618e-05,0.0012439379729803494,-0.0017070812738551326,-0.0010604043353644793,-0.0013439405737325175,0.000472336054685595,-0.00040406230353501083,-3.758570253623716e-05,-0.00025578778275389566
32,4,multilevel,131,95,-0.010270520979767486,-0.000812283963769952,-0.005541650557246884,0.0033707773715898957,0.006563453872455401,-0.002371123100222832,-0.00862134211673127,-0.007775584065379364,0.00035751629791179733,0.001206912187140046
32,4,plugin,132,96,3.447822644494806e-05,0.0005408169222640943,0.0005001852269970514,-0.00028720359898428934,-0.0007053469867097076,-0.0006424532801033239,-0.000327206659542014,0.0008654293432154117,1.2331925856249958e-05,0.00031652072453474094
32,4,multilevel,132,125,0.05420043587130877,-0.001237700371690813,0.012699984091402121,-0.017799576591268122,-0.004229335277574928,-0.0018919907787888785,-0.017733576786296893,0.019159149242108164,0.00041276461615118593,0.0007472710265737413
32,4,plugin,133,96,0.0026064383177596055,0.00011996261117112651,0.00011167099223141402,0.0025263155625589967,0.0005548167671463086,-0.0008310645440231363,-0.00021843646762192696,1.1076308494168958e-05,0.00010448617436747691,0.00032055233361053263
32,4,multilevel,133,117,-0.01751026896807855,0.017281276484649992,0.012622050126380579,0.007294186399076615,0.007307908226922242,0.013131021259219918,-0.022796605050150215,0.03682927528424455,-0.0014620016240563095,0.002301356086434952
32,4,plugin,134,96,0.0006164424039806933,-0.0003128756148415291,0.0006225805111704143,-0.0009788909936978452,0.00014324837643929812,-7.727760049949652e-05,-0.00012417529485032446,-0.00015649400365864543,-3.0313891574994042e-05,-3.0596777343624043e-05
32,4,multilevel,134,115,-0.030399205071990332,-0.00026562834232467567,0.004713807011878625,-0.0005716465319711563,-0.011845648563720036,0.010072564111152158,-0.001004261772263324,0.00014109937620576142,0.0006001796694670221,0.004398981832551921
32,4,plugin,135,96,-0.002964732125674451,-0.00033710594379106904,0.0008935950265004774,-0.0007749550696682209,0.0005203954738054298,0.0006614402054419408,-0.00022461386175624844,0.00034181607744256917,-6.499183866415671e-07,-0.00019407935113334413
32,4,multilevel,135,93,-0.0202371759893731,0.00975579447127174,-0.02246307032654738,0.01984682489944959,0.00381917051618181,-0.00940511870063536,-0.012553970135669643,0.015342254044300832,-0.0004803351383950132,-0.0037665313824284358
32,4,plugin,136,96,0.0009767696735013076,0.0003556655784672827,4.436633646201131e-05,-0.00032363433956265664,0.000785869578111822,0.00045480090746244817,0.00048059303216244233,-0.00034730635622800534,1.0437318256834168e-05,0.0003153090562224799
32,4,multilevel,136,111,-0.03441388526918519,0.0019185508055394995,0.032341589002037,-0.01391312913923579,-0.006330786313624778,0.023032021550398553,-0.006443864312332485,0.0008405476930392411,1.7876585055904246e-05,-0.0018083343550195368
32,4,plugin,137,96,0.0018886816564067706,0.000971770294133665,0.00025612072818453885,-0.00027659797163459955,-0.0004007856134664844,0.0002921108154524661,0.0001302476270664239,9.457671737955059e-05,-7.769707597244744e-06,3.325485916241922e-05
32,4,multilevel,137,105,0.03726213614477717,0.0013638895822202211,-0.030426890978415784,0.02924656330017246,0.014656102667733682,0.006180276796063621,0.004260940579099612,-0.007822046183760919,0.00010144105709574664,0.0033770940550234157
32,4,plugin,138,96,0.0018113089237880838,-0.00013569702780555723,0.0019057153464359963,-0.0012022837149116747,-0.0004503209901984993,0.000501615875163334,0.0011010198925056921,-0.00029237421802797315,2.3249200075081428e-05,-0.00020810810502082042
32,4,multilevel,138,97,-0.04018511291263696,0.0038458978349235075,-0.002109315132764162,0.007306264336883879,0.0036082837477041546,0.002828801796099864,0.0005820302754528914,-0.01187934241666925,-0.0004085338508950236,0.0005072460913945113
32,4,plugin,139,96,0.0008730496193942018,0.0007572216929349867,0.001877693454496202,-0.0017884753525221277,-0.0006145012995434007,0.0009026180129509349,-0.00013034794610674265,-0.0009428648997542033,-2.045249482789532e-05,0.00041933542805047507
32,4,multilevel,139,83,0.028007737858097948,0.0030776702141839174,0.009220733788604656,-0.03311935128891673,-0.009767351746502399,0.0014337036669711133,0.018909663561541258,-0.02910684265295955,-0.0003713041852337168,-0.0022082254986669665
32,4,plugin,140,96,-0.002721734511256194,0.0007540774688588168,0.0007946612929761735,-0.0009392753649391493,7.408325092940542e-05,0.0006711868173556871,0.0010519396002446313,-0.0001980767591529194,-6.166781896452179e-05,0.0006570367256086691
32,4,multilevel,140,117,-0.01852134693547129,0.0028158022350433555,0.011373818591414595,-0.010089908953472613,-0.009723036150419452,-0.0015535609523377955,0.007675659066366986,-0.007779689275923407,0.00015099516152479271,-2.9977387227118407e-05
32,4,plugin,141,96,-0.0031969665702806676,-0.0014468085917967457,0.0011657785035174343,-0.0009061241317994352,-0.0017035328082479662,0.0011765228732372288,0.0026482430395724536,-0.0003835367122259541,4.0177262638876825e-05,-0.0005690266296677064
32,4,multilevel,141,99,-0.008229315891558836,-0.007292441280336355,-0.005194210372922095,0.017011642752671113,0.03310917374011442,-0.001315424177106465,-0.04321829812180252,0.01976174302062446,0.0007108242385912883,0.0042433671261740205
32,4,plugin,142,96,-0.00045858581918216965,0.0013703057304485747,0.001014459511033895,-0.0004423860582795595,0.0006681674610027644,0.002852704885400815,-0.0010079327972752881,-0.0013970190287471665,-8.46134901130876e-05,0.0006901311353578048
32,4,multilevel,142,93,0.0071259745614393084,0.006396380526034355,0.005991922294670693,0.006088767950188135,-0.0016808448631325213,-0.0003113814663004646,0.014218939961081391,-0.008205217155891271,0.0003089277826925251,-0.002529145925456199
32,4,plugin,143,96,0.00204140106827508,0.0005859554459718159,0.003169623137430433,-0.00174018393676177,-0.002285692114680747,-0.00041655267879467394,0.0019877651995428634,-0.0010728797274677474,-6.649413092669017e-05,0.0002963212913412493
32,4,multilevel,143,87,-0.04041703310627424,0.009343294110719071,-0.004217836267825554,-0.004500158603061676,-0.01727818456461147,-0.012665640972035172,0.00759470306399352,-0.003789774583159402,0.000701692745172244,0.002715579503058251
32,4,plugin,144,96,0.00046014096110421856,-0.0003190753187946721,0.00042026622089457225,-0.0002981289992962988,-1.1052414232510942e-05,0.0006613943793368661,8.075839112563369e-05,0.00015820934537824218,-1.3728227689055948e-05,0.0003182134053819995
32,4,multilevel,144,133,0.06405387896353487,-0.009891072987525621,0.021981243820733676,-0.029091516166926675,-0.01783566926326635,-0.004623799449432478,0.004790510143487899,0.012631721113910406,-0.000688164420404548,-0.0007626129083879156
32,4,plugin,145,96,-0.003908994490819542,-0.0016810680616507867,0.002124713823411579,-0.0029651302610199572,-0.0011168465972146318,0.0002703842788641535,-0.0002723746966653549,0.0013945047255345842,0.00010389121684925405,-0.0004046864680131504
32,4,multilevel,145,101,0.013078992493397343,0.009267171156759662,-0.018649242273250457,0.0020009248863513897,-0.013491351535203675,-0.034265533636478454,0.024021324212936304,0.0054431906869514225,-0.0003771834848216388,0.002892064261228485
32,4,plugin,146,96,0.001905725664020401,-0.0002451317798012493,-0.000313345214053441,0.0008478020593071819,-1.580412617371697e-05,0.0005684548137293238,0.0002846998814432739,-0.00044020539704151684,-1.9237668768518834e-05,-9.485617890623449e-05
32,4,multilevel,146,91,-0.05995405432507463,-0.0038164018985311454,0.047134534947331726,-0.01029750443383958,-0.028026549131937827,-0.008616787527927763,0.05014909762815766,-0.02409221266529544,0.001882405005584756,-0.00820131088908656
32,4,plugin,147,96,0.002229821245043874,-0.0004000831163444987,0.0014301863422009065,0.00015682922220368263,0.00011232752176753582,0.0006880047905975779,-0.0013441543448966615,0.0005987239640436101,4.319974744523424e-06,-4.5237775793982976e-05
32,4,multilevel,147,95,-0.02193288316656846,0.0012874058142351083,0.0009246450699123957,-0.0034970517580109844,-0.006720755853388256,-0.0022174345037972243,-0.004653961545831465,0.007018970039505082,-0.0003556274489883272,0.0019552291284022478
32,4,plugin,148,96,0.004663915547529635,0.0014311048908267354,-0.00026726076470217784,-0.0011222508188284022,-0.000686018755671709,0.000221982264553295,0.0008071731684396166,0.00012928549398973365,-2.5147659676852903e-05,0.0007346799632263864
32,4,multilevel,148,93,-0.009275932912572003,0.0029486497430660065,-0.01478330588104667,0.004285857150460607,0.00242788896145844,-0.008750103043082852,0.01359919137015835,-0.009869541772891658,0.000597306597245255,-0.001594474593443124
32,4,plugin,149,96,0.0017959157398290987,-0.0006769362285942236,0.0021511318737757927,-0.002175060884187046,-0.0006462951401395061,0.0011452343946954588,-8.719940673273552e-05,-0.000881448638581849,-5.923485425290807e-06,-0.0005881650566220124
32,4,multilevel,149,75,-0.04353477614517877,-0.018787613935463705,-0.01694150930055746,0.004116852020308098,0.013522334698824296,0.01597464204384923,-0.018613324990685704,-0.011428410650072066,0.00040441051842507046,-0.005413287060271792
32,4,plugin,150,96,-0.0007052510917349713,0.0003349249098650789,0.0006613384522321386,0.0003150521287374444,-0.0009833893319348692,9.817430668061974e-05,-0.0005265105501319407,0.00013882646711218537,-5.24968627968273e-05,8.012941072080346e-05
32,4,multilevel,150,109,0.034792192789615775,-0.0171115868135777,-0.015234889922469732,0.028239542437003985,0.008065631228807624,-0.006291393736595612,-0.01746240160983545,0.03820367896774319,0.0005090902726812541,0.0016799196097809195
32,4,plugin,151,96,0.0015109108031913288,0.0008048677220645835,0.0014501662018265948,-0.001557496797583348,-0.0012216974059783012,-0.00014623951165972484,0.0010799037239694728,0.0006775283146236885,-1.2989710933953265e-05,0.0001846632738340337
32,4,multilevel,151,71,0.01265663456486479,0.0032741475933964117,-0.007760048474415389,0.005480457557222889,0.0002249406462506831,0.0030478109630710367,0.006389681514383723,-0.0013848055573481193,0.000349543978631543,0.00261115248846602
32,4,plugin,152,96,0.0003323018119388505,0.00029207032530535656,0.0012886446918964826,-0.0002785723520418292,0.00018223551579294603,0.0018707260956248412,0.0005475154628033576,-0.0005049397362670267,-4.217458795902734e-05,-0.0002134998737957708
32,4,multilevel,152,75,0.043581917110389626,0.010536146048180909,0.006956672097040393,0.0005100026230881878,-0.004110678653936538,-0.0005784818401604355,-0.008449975514458922,0.008009697596871332,-0.0009232851607609028,0.00479786124935213
32,4,plugin,153,96,0.00013386791893323042,0.002870684483937403,0.002355752232504822,-0.0021376253155070053,-0.002362363837157558,0.0021095388584619185,0.003464187884431114,-0.003898178623389007,-4.461863968523468e-05,0.0007058835259136603
32,4,multilevel,153,121,0.013556130501155202,-0.0034448413022331115,-0.002560528350865977,-0.01115930791883166,0.0029435145032677772,0.02975809497875883,-0.0025780145694681783,0.010454084831028493,7.411553514143256e-05,-0.004886995197704198
32,4,plugin,154,96,0.0018015923228084764,-0.0006957975849292381,0.0028662009337134934,-0.002828359634129712,0.00013952006409554129,0.0008533569360737908,0.001676434673142766,0.0005937864211165175,-2.6949412994300524e-06,2.2138913475680237e-05
32,4,multilevel,154,115,0.03560604392037011,0.009685745734677283,0.01315034295453287,0.0053473081562294055,-0.008088959292298735,0.020352088030080158,0.0035659378962327646,-0.009558240645650605,3.4550832205529226e-05,-0.0009334344087622828
32,4,plugin,155,96,0.00016674195046880935,0.00028237385259284354,0.000424412041600272,0.0007208995390344076,-0.0013379680021194953,-0.0006795161326066761,0.0012376542084461177,-0.001003152904383656,3.780181644275606e-05,0.0002964318405325367
32,4,multilevel,155,89,0.01457766102221025,-0.0019759318304937304,0.011294534312312752,0.004171204728785524,-0.033882591884948014,-0.01721107660434761,0.007675088464328353,0.018887931584245517,2.133622173546818e-05,0.008144480392091872
32,4,plugin,156,96,0.00046888239155608085,-0.0002870586765035174,0.00121499005008711,-0.001249382744894311,-0.0007499673144573788,0.00014055272164052227,0.0006428382862635282,-0.0019503728921273084,1.715850462030937e-05,-0.0003872268132644068
32,4,multilevel,156,77,-0.02752364802290506,0.0039060598045557943,-0.00044419154934791723,-0.003625874721533023,0.006475579929639062,0.005008920187772907,-0.00018186652529815622,-0.00805233395971468,-0.00026708250062922235,-3.540390812348257e-07
32,4,plugin,157,96,-0.00018913406486080372,-3.933054647217888e-05,0.001723580396861077,-0.0007672045640215886,-8.875013467512212e-05,-0.0002202446377690963,0.00039007400735138824,0.00180006752643447,2.5394581893064282e-05,-1.337780305519816e-05
32,4,multilevel,157,77,0.029358364232685535,0.0067955522745702865,0.004850900306736568,-0.009186515914118109,-0.0004483304574241641,0.0008290318305729153,-0.036327564242293706,0.020441638561303415,0.0016180545424148522,-0.0034945001802714057
32,4,plugin,158,96,-0.0002036239151558133,3.1284463266288945e-05,0.0009563290797205757,-0.000918624168202965,-0.0004992983745740609,0.0008260100432819084,-0.0006627291363091659,0.0006206966248329441,1.039207544953449e-05,-0.00011698863781018676
32,4,multilevel,158,75,-0.002526874194214684,-0.008369152129650368,-0.01200630714804031,0.0009316513981261973,0.008365329857448962,0.0005833112657660383,-0.00641062785249736,2.5651611205019534e-05,0.00014979651001899449,-0.0018898648472883378
32,4,plugin,159,96,-0.0010257550985233559,-0.0009411893127817768,0.002588440171042522,-0.0008309731454005178,0.0007214771867051018,0.0011921214364980783,-0.000871753103291836,-8.576792299094101e-05,-2.0357533011153784e-05,-0.00021148882981391609
32,4,multilevel,159,91,-0.09006537907087996,-0.02143279965342834,-0.018169789553405306,0.029771128117270056,-0.004797472634806561,-0.018353862967418002,-0.01042875134244913,-0.013618603661032923,0.001722756291924821,0.003655170555142415
32,4,plugin,160,96,-0.0009771638433955572,-0.00015213281717335787,0.0009134196917711078,0.00017538752387872053,-2.2135037839968793e-05,0.0009650569197543965,-0.0005437145680710655,0.0001227367376113763,-4.171031308882896e-06,-1.924602764678496e-06
32,4,multilevel,160,85,-0.012851602270035874,-0.0036196565230853135,-0.003581725988947053,0.0036352210831386714,0.012847255568816591,0.01574415781269786,-0.006123677860365318,0.0021828616753602824,0.0001847948574058643,-0.0018315165365613904
32,4,plugin,161,96,6.643325697066349e-05,-0.0008364098436342109,0.0015860234246084645,-0.0012966369155260498,-0.00037685529927941163,0.0005495622887893287,4.539589083597898e-05,0.0008937699529246307,-3.759028297010489e-05,-0.00016197830785280113
32,4,multilevel,161,117,-0.038859339067857934,0.00440126778684152,-0.018376401878250768,0.03857506611942715,0.01130607517351763,-0.021257013014044347,-0.018199438969824133,0.022406641507740892,0.0002979597266988255,-0.0031338038088807745
32,4,plugin,162,96,0.0011166206496717656,0.00021649941632223847,-7.075105502792993e-05,9.728050788578854e-05,0.00015431149587186087,0.0010700315275599763,0.00026487431715374696,0.0007346305401578048,-3.897461806752011e-06,7.218279554825987e-05
32,4,multilevel,162,99,-0.01790168795842856,0.009513480120192425,0.014654830822292369,0.033799728670531576,0.03922599259591868,0.06217024433558608,-0.02772982766878435,0.016039700798596963,-0.00013000307468170804,0.0008573478207115553
32,4,plugin,163,96,0.0004677799767219559,-0.00012862003834003929,0.0007906882176774979,-0.0006623485285629593,-0.0005967480768899243,-0.001197779427461165,0.0010743303746995005,-0.0003463384384779219,-5.421093604090638e-05,0.00020582641253287184
32,4,multilevel,163,83,0.001458922836712228,-0.0019353364384949872,0.019189217676013302,0.0037319005174000154,-0.010411000235387179,0.00034774240283130386,0.004579177435661698,-0.013794116607718223,-0.0004969123985862243,0.003132119922467151
32,4,plugin,164,96,0.0014708687377427455,0.0006507909887151462,0.003374298187035296,-0.001197943948976169,-0.0029860731997233504,-0.0003491714289032584,0.0008284545670059394,0.0005959990680876646,-1.036696547090971e-05,7.036412818891127e-05
32,4,multilevel,164,95,0.016677490575243713,0.005152506611080742,0.02258604834312387,-0.011326180150514453,-0.01239821352289216,-0.0027831006057199184,-0.0016965367293936167,0.0022980356579783744,0.0006610559184890082,-0.0007862862234763896
32,4,plugin,165,96,0.002346379259922353,-0.00030341275499132567,0.003693376073900337,-0.0026450743099661906,-0.0039690609255890255,0.00012507960987387102,0.0021833324305790625,0.0015928049816605148,4.468626322362637e-05,-1.6199463404554637e-05
32,4,multilevel,165,107,0.05863211800242296,0.0019395124685742632,-0.014109918745295283,-0.004804340729263552,0.007087870626994672,0.0012038514646300282,0.010432591653303437,-0.02289309226935108,-0.000266406450145278,-0.0007440110628998882
32,4,plugin,166,96,-0.004173774603264358,0.0005861329163483681,0.0015131955725571611,-0.0006981303283528145,-0.00267817093190219,-0.0009931029165025172,0.003015014521076083,-0.0016203871896542453,-3.8195449228482934e-05,0.00016835496203054456
32,4,multilevel,166,99,0.01899379432044787,-0.009338192681916543,-0.0021504939415021287,-0.021258778623721924,-0.020333152644148183,0.0021722229604462435,0.02983257165557632,-0.0056999920880556635,0.000262375810783201,-2.452680159506727e-05
32,4,plugin,167,96,0.0014968007270744202,0.0004880530893031363,0.0005243780719287009,-0.0003923523468995576,-0.0006958405646243805,0.00019074237610320634,0.00014079079959470567,0.0009214376902286399,-6.809989988979595e-06,0.00020067671178366592
32,4,multilevel,167,85,0.03037820144364556,-0.0018446934350010871,-0.009571029834069097,-0.0011264983646736427,0.001009091168499373,0.0008148224251003195,0.005052791981802635,-0.019036551189635077,0.0001196241174346336,0.0012416074446719731
32,4,plugin,168,96,0.010672961104609888,0.0006139823918924544,1.58290524696704e-06,-0.0010520404253121964,0.0020255979428345206,0.0020470679626296935,-0.002636346394865476,0.0012959897757141236,6.298149222429249e-05,0.00019473171844604204
32,4,multilevel,168,75,-0.011190753508178566,-0.0010137629063112139,0.0017852356850567431,-0.008311633278644148,0.0038666320655358194,0.0017151116311231072,-0.0076898409410643435,0.007780683120189096,0.0001060591490274779,0.0007907244041362416
32,4,plugin,169,96,0.002543393147378069,0.00030002737303964054,7.970343815098837e-05,-0.00040408463709470417,6.250773818391488e-05,8.114041585014696e-05,0.0004350009084812583,-0.00047381368071263834,1.0154536914176152e-05,0.00011597523660780658
32,4,multilevel,169,87,0.028204965273728712,0.017466048435462116,-0.0037417368511170547,-0.0019742583437511955,-0.009707299855108927,0.0037791443004111295,0.00954333576039245,0.010409220211113068,-0.0005973646199003089,-0.0013947586497772173
32,4,plugin,170,96,0.001721398492844965,0.00016094073748996833,0.0023274186664532714,-0.001603165767594421,2.2841763352116564e-05,0.001392625497069355,-0.00012540219535383623,0.0004091927929794211,-6.597207553388405e-05,-0.0001015160209244265
32,4,multilevel,170,115,0.027941265261786873,0.006438025362475183,0.0002900597823343996,0.005006798392959046,-0.002240447788143233,-0.014733959464319999,0.005764894815079462,0.0013635141612496637,4.373238780855498e-05,0.005578207078991433
32,4,plugin,171,96,7.808509649426484e-05,-0.0003788601964601355,0.0013000354359393766,-0.000942239062519719,-0.00023857013001449251,0.0008095855262260803,0.00033758358123144754,0.0008923903153114051,2.385980663031581e-05,-0.00011576484723553696
32,4,multilevel,171,99,-0.005783706730960978,-5.030105243140241e-05,0.00207329992173221,0.00806349750108985,0.015897769233104774,0.014739777088148992,-0.006729190495977475,-0.006813509108013878,-0.0002968722144340129,-0.002605067260262386
32,4,plugin,172,96,0.0033878892381711224,0.00029923387086526476,0.0006142956210806855,-0.0012113123943408633,-0.0001625114620247372,0.0010541541212750968,-0.0013587236721497047,0.0004315833180179048,-2.5662406533605688e-05,0.0007204144871575198
32,4,multilevel,172,87,0.01857243228531761,0.006321649621469124,-0.0018308979690716707,0.00753229229138031,0.008514064468800667,-0.0038013160483647453,5.8856327664897704e-05,-0.005285337832020207,-0.00016600163171173033,0.005056187703057182
32,4,plugin,173,96,0.0014653176178437452,0.0009438035714145971,-0.0008227290406709815,0.0019287960005543545,0.0025303399987985893,0.00037281351616086275,-0.0009119465635050129,0.000730575751851691,2.5085290357973126e-05,0.00024296642897545995
32,4,multilevel,173,79,0.014874041194651707,0.0011542919643717665,0.02663444840327664,-0.001964254954729132,-0.01860773743398682,0.005884079975309967,0.009324562692055748,-0.011534298505268617,0.0005159286862602879,0.003850362014991075
32,4,plugin,174,96,-0.00041372844392234976,-0.0008567983799039613,0.0016969455706239871,-0.0008386725626235603,-0.0003777851604300084,-0.00034423143985237573,0.0002356609839231764,-0.001414009492577785,1.2703237137286587e-05,-0.00013429506620354329
32,4,multilevel,174,85,-0.007323739542150548,-0.008506973674977316,-0.014586684095436245,-0.003720241035375093,0.0014249347321849248,-0.002527924629344847,0.014386541089371162,-0.02549461712808442,-0.00024901840186202135,-0.0032498455823177543
32,4,plugin,175,96,0.0018222324091154041,-0.0005880581143820609,0.0013313158198872805,-0.0009792521060142017,-0.0014941538679300083,-0.0003789104513813186,0.0006904837212617907,-0.0008548741419756648,1.1328299102605324e-05,-5.751355837532938e-05
32,4,multilevel,175,85,-0.030113738887787195,0.005962084646543295,0.015435370181653427,-0.009362327360982275,0.005822135195221279,0.015599976839211846,0.0004670914322735968,-0.0020452373934504147,0.00014933675918968643,1.4106042058117685e-05
32,4,plugin,176,96,0.004490766849967269,3.9284443932752265e-05,0.002796119593922994,-0.0011176680299211747,-0.0010306783771364843,-0.003383812557239589,-0.000345505405166788,-0.0019344039947474896,-7.595440752156067e-05,0.00043492736630517157
32,4,multilevel,176,89,-0.020702749341058792,-0.005419120982650552,0.012710653647052553,-0.00846337187939442,0.00047785971338425127,0.0005229079441252285,-0.016259876897688257,0.022301562691081266,0.0007581821424063912,-0.007132168573007204
32,4,plugin,177,96,0.0012334452771537976,0.00010809257757012222,0.0002144057910956531,0.0007416007821526353,7.991699501311164e-05,-0.0003218534108844699,-0.0004254071169901981,-9.387439893821249e-05,-2.516022085790494e-05,3.816519000945168e-05
32,4,multilevel,177,113,0.029858663617621694,0.005509611149133432,0.011150942326335542,0.00549240505415962,-0.021716897636562888,-0.012535929851998907,-0.0048932766712785816,-0.00012910059632259286,8.209953605146933e-05,0.003268861117496946
32,4,plugin,178,96,0.00012798315410691231,-0.00022785730637598015,-0.0006261413862795861,0.0007481064173550264,0.0004758229800586864,-0.000759945878627951,-0.00025003739505204646,0.0002673918204519213,-3.220168951059618e-05,-0.00018819299253578777
32,4,multilevel,178,119,-0.042429954263197525,0.009522410321636117,-0.04217255704059571,0.019907251888126167,0.028274575811908002,-0.012603604991234741,-0.022288340641144447,0.023062416740191865,-0.001990955921599917,-0.0032640310526690884
32,4,plugin,179,96,-0.0002698863488239297,-0.00010958720942200236,0.00017908067542132868,-0.0003550395021285194,7.887176469996212e-05,-0.0007852832686548437,-0.00010998676935814421,0.0008352663916147792,1.8071207922379238e-05,-0.00022750364199370805
32,4,multilevel,179,87,0.01806958515685037,-0.002825200768468757,-0.011899624152831766,0.01270314391434493,0.01121736370875281,-0.017101397018818472,-0.01070208658803782,0.0201180714181662,0.0008704936646441178,0.001793881613917016
32,4,plugin,180,96,0.0023752454573297316,-0.0007147986257459657,-6.659423870945656e-05,-0.000948182594506794,-0.0009760579610631215,0.0009443121407614872,0.000953989862781999,-0.0012565842505332045,2.7651699419789358e-05,-0.00013369689231656752
32,4,multilevel,180,143,0.009909953604575418,0.0002272750092628794,-0.006955946899324468,-0.00048302884230412525,-0.007210426598000482,-0.00729807563063051,0.006077928288661614,-0.00519149263770129,-0.00021091410569843666,-5.027146215783344e-05
32,4,plugin,181,96,0.0003606268912387557,-2.3545622476758444e-05,0.0001483562078680181,-0.00046772435393627166,0.00019736629445594317,0.00040586060868512354,-0.0008878360480721485,0.0007208756307811997,3.0042502002493982e-06,6.500710147001983e-05
32,4,multilevel,181,141,-0.00474015649108651,-0.0015466028212443386,0.019019174878761345,-0.017735282785390567,-0.016586037378998383,-0.006078006535739454,0.011935681016935514,-0.01768964368613282,0.0002307250670870298,0.0017567721088795512
32,4,plugin,182,96,0.0014314394387771293,0.0007334637306013832,0.0013890891052214564,-0.00020357016750730369,0.001761363787254647,0.000934518133049923,-0.0017203452886411087,0.0014714825667990579,3.2461645773494696e-05,0.00014350207436409978
32,4,multilevel,182,127,-0.0010481831259230249,-0.00247433782126249,0.014643195358539371,-0.0012638967726557372,-0.01782218599621267,0.01146853953886769,0.03731682736336804,-0.03534467035095363,0.0011592030076755157,0.0035888645358095553
32,4,plugin,183,96,-0.0007049683776137667,1.3125576159864214e-05,0.0017269380423402183,-0.00013767584176283757,9.35500840706345e-05,-0.0003702753795486594,-0.000518339056101234,-0.00047691779723331467,-6.837459919172185e-05,6.424629023893293e-05
32,4,multilevel,183,97,0.013409852386651912,-0.0010130910652120402,-0.0012646988393025906,0.012541654049383026,0.003033650744498618,0.0009497751745838849,-0.0038995210539351107,0.002383099171877957,0.0006658634929367863,0.00010263355926188437
32,4,plugin,184,96,-0.0016375203368432982,0.0006220241621456642,0.002486323186053075,-0.0016766313100045832,0.0014104576448526036,0.0014737761230377215,-0.0023018475706503734,0.002564028176488254,1.9838221043507154e-06,-1.629553663148034e-05
32,4,multilevel,184,77,0.04569299433067749,0.00785150075019829,-0.00858191357660017,-0.0013330168206666763,-0.015718054550927632,-0.001418817396509711,0.016717475080700695,-0.005220114353714946,-1.4462511789743951e-05,0.0006889257047321396
32,4,plugin,185,96,0.0008912428225083215,4.908017333573543e-05,-0.0007508710161289888,0.00020765426683772652,-0.00019447073564658773,-0.0005876713731375613,6.693887543904885e-05,-0.0004897322464771214,4.457229522182692e-05,0.0002853115169560847
32,4,multilevel,185,105,-0.022729112879509496,-0.00716445245273354,0.005927027873155676,-0.004561048084415738,0.006685197931154465,0.0068456911923343525,-0.005915893115140588,0.01006443111577742,0.00036466195682021286,-0.0043566393180450805
32,4,plugin,186,96,0.0006154368708626654,-0.00041636949610835837,0.0021131020337387435,-0.0006328195795067677,-0.001585065823329539,0.000742899270554182,0.0007921700202051661,-1.7701217303610024e-05,-1.5398454841380093e-05,0.00021188656691259266
32,4,multilevel,186,97,-0.041285834294574116,0.0024127168984725256,-0.015311129179788283,0.015351816788478771,-0.0029566907778132696,-0.019021928114862346,0.026725620981263715,-0.009527224963271163,-0.0006021381768327862,0.0009409909956581072
32,4,plugin,187,96,-0.0011213810816250761,0.0005418120819932474,0.002050111216707463,-0.0027632059824618167,-0.0011683391842443166,0.00010220727656955592,0.0010492579035546988,0.0002365056101698068,8.173301667996737e-05,4.4807375944445875e-05
32,4,multilevel,187,103,0.009743057455486962,0.008739908486368658,0.015372445285411096,-0.016774078386999968,-0.00860184906441712,0.0009465440316321174,0.004860655175175889,0.003290855110054736,-0.00015401628307180917,-0.0007423404895241326
32,4,plugin,188,96,-0.0026369317291760315,-0.0002294305002866802,0.00033862110645790266,-0.0008838524754319735,0.00037101797253854055,0.0006768907042562912,-0.0002723210574710805,-0.0011349381884508366,1.1637001290276272e-05,7.451909164965576e-05
32,4,multilevel,188,107,0.006072186139867127,-0.003958449901949728,-0.031067019798502862,0.027105272234284786,0.013089972538877906,-0.03157504455693044,-0.0034748816358692834,0.017983624760540624,0.0010514438025352808,0.0007804492253776474
32,4,plugin,189,96,-0.0009531843905084738,-0.00024373086852678733,0.0021345259718460524,0.0016277343454035274,-0.0004190377524669277,-0.00011421389925776742,-0.0009944036953653344,0.0015812494622049014,-6.240821990316964e-05,0.00021239352661454666
32,4,multilevel,189,127,-0.01619320216318067,-0.005681018364629673,-0.004776234902681662,0.06600162929295114,-0.019238104457594378,-0.031864771176554424,0.025671213504682246,-0.0023150559640956873,0.0007033275097864427,0.009734829707818981
32,4,plugin,190,96,0.002222319539017551,-0.0005494939775594357,-0.0005421973255729458,0.00011557809834313673,0.001171819142537717,0.0010911199014760028,0.0005180508944372022,-0.000761626797278758,-3.69074762772011e-05,0.00042930586802066424
32,4,multilevel,190,119,0.04381569600922214,0.009231224817662935,-0.011550778115051487,0.010831965522207712,0.005550986021173125,-0.0383329846548271,0.013634197007657858,-0.02328813785708603,0.0018326518413641596,-0.005893303323987043
32,4,plugin,191,96,0.0011726120237812122,0.0007818891223488086,-0.0001712020202479554,5.006582124783664e-05,0.0003638672487848529,-0.00039536151870074387,-8.345036920982464e-05,-0.0008112040218106184,-3.052766399852206e-05,0.00036687329414257096
32,4,multilevel,191,115,0.012802484637280847,0.002902791889830878,0.021409560857160764,-0.01819841601442179,-0.03220906239249378,0.004786552630718608,0.005917079827076061,0.01678475920548487,5.336952499061764e-05,0.006585634675024066
32,4,plugin,192,96,0.005077998749362728,-0.00056763575496417,0.0007935131367828975,0.001350298370981994,0.0009439562231675053,-0.00018119841937231512,-0.001162678023889251,0.0018580707152867106,-0.0001347747375476165,7.677282542840393e-05
32,4,multilevel,192,105,0.05445586319605651,-0.000492688304808943,0.005529093666219439,-0.03192689962074897,-0.00042678252684573426,-0.010368695698287477,0.012577927515151077,-0.006068218237196345,0.00045795097240475924,0.0060502005215873084
32,4,plugin,193,96,-0.0008136196528752861,-0.0006960479796919425,0.0015801391163444971,-0.000925069206468064,-0.00030705272571743167,-9.092879550249823e-05,0.00010689493956982029,0.0010843341952228812,3.727267680624712e-05,-0.00014623762580479196
32,4,multilevel,193,83,0.0012368020581169654,-0.005001023904159928,0.008229652365694083,0.003872980240968548,0.0011974392287745672,0.002985397757846766,-0.010594606874732116,0.008243105725611512,0.0004942812216218787,-0.0018243793567000257
32,4,plugin,194,96,0.0012812751003730386,-0.0001579100493509794,0.001297179764098256,0.00023547527493865728,-0.00010347558501189068,0.00021818232345646412,0.0005152805220087311,-0.00022990711432469425,-8.280519279516734e-06,0.0001287971710919764
32,4,multilevel,194,115,0.025455149187102937,-0.008497161316723227,0.008052524258979395,-0.010825001475321802,-0.011971473923499985,-0.003947075083414438,0.009505529993171854,-0.005613218864141892,0.0006291904771794565,-8.75469857126066e-05
32,4,plugin,195,96,0.0012147879122623687,0.00029607713342041106,0.0006428757653630117,0.00034179817674311085,0.0009220747373668275,0.003122765025151508,-0.0012215654362327229,-0.0006703384230920488,-4.552137786710044e-05,-9.215058591692467e-05
32,4,multilevel,195,103,-0.07753666085295217,-0.0063520052812105765,-0.016952846129266768,-0.02474186947852258,0.007588161485200147,0.012871486876109183,0.004713354605043282,-0.010824129469613572,0.0018224692809272376,-0.001983734101521806
32,4,plugin,196,96,0.0008311144200235875,-0.0005693111561464272,-0.00014701508266981814,-0.0007397828125740754,0.0011856630375521764,0.0027009922203768025,-0.0007801523040439352,0.00047664448549801454,1.7157971889352024e-06,-3.515565414181685e-05
32,4,multilevel,196,145,0.015356996297889744,0.00013763662622184593,-0.004949356875581276,-0.001400852135126936,0.0015180463885798852,-0.0013169857379218216,0.0009935514980803609,0.0011201542601274902,0.0001434775337487925,2.5146440582102496e-06
32,4,plugin,197,96,0.001936447441945823,0.0013155547009359486,0.00651708705605836,-0.004858713150806673,0.0011977817480857988,0.002743919254187476,-0.001214889869660621,-0.00026513043088085804,-7.043451687691189e-05,0.0006089368104406829
32,4,multilevel,197,79,-0.00965420241535025,0.0029421503476483625,0.00683324232550923,-8.749159978434467e-05,0.00826869427753772,0.0028356424012802054,-0.012209348875927273,0.006994023470390316,0.0003445456252670843,-0.002798823751467776
32,4,plugin,198,96,-0.0017427688285985674,-9.923953678260455e-05,0.0016131033323363141,-0.0013112521717901498,0.00038097746721452294,0.0008434152728848433,0.0001513003063845192,0.0009769886371666023,-4.882457398562801e-06,2.485881804652513e-05
32,4,multilevel,198,95,-0.051131744939889444,0.006923957357921189,-0.03936583115320743,0.03032705817895521,-0.0003889742609384398,-0.02816906708184416,0.015491624036912718,-0.013107269718964844,1.2298756533647853e-05,-0.004517648199512621
32,4,plugin,199,96,-0.0030479604675557044,0.00013615235626278835,0.0014812754738670678,-0.0006580314591893636,-0.000881932219821565,0.00030454060871643225,0.001165054533150471,-0.0004417118144506236,4.358657839261966e-06,0.0005264955146566927
32,4,multilevel,199,119,0.040307058325831306,-0.007531617343366223,0.005251808894468576,-0.013130682700708282,0.006973306204941985,0.02452366990921398,0.007538133573577289,0.006514079559811019,-0.00018330318312114003,-0.003726483568942705
64,5,plugin,0,128,-0.0006402839741676215,-0.00027827471117247986,0.0023541670909731564,-0.001281690819223419,-0.0004067679977314934,0.0016240033010442461,0.00037003845805786014,-0.0013193561567413816,-1.5804353215227046e-05,-6.084194779297806e-05
64,5,multilevel,0,208,-0.01909883711643695,-0.011560342012518432,-0.015103571727235006,0.002556804944153131,-0.012916407440712454,-0.022277627041344276,0.016301432049645976,-0.018929379534456094,1.6782728118779086e-05,-0.003244214296296213
64,5,plugin,1,128,-0.0020895364513182383,0.0003665586033892961,-0.0005204933937194478,-0.000428203499444502,-0.0015632674770706101,-0.0004223505197550175,0.00043977799115906924,0.0016088765931611404,-3.225173130037943e-05,3.0439551780659647e-05
64,5,multilevel,1,116,0.054912314371043165,0.009276415675962603,-0.03697870268411106,0.0239665516456559,0.01935884972779676,-0.03516326438118283,-0.014233936993244295,0.01737923334202228,0.000907068462737146,0.0132304008571164
64,5,plugin,2,128,0.005584030574125703,0.0012171682652233472,0.001725413718779189,-0.0012473583334057388,-0.0016235275721000395,-2.9462885697724414e-05,-0.0003943057168021627,0.001607094132792311,-1.786883573437332e-06,0.0004691386972211813
64,5,multilevel,2,158,-0.0017879658204574289,-0.0030320447329815602,0.009642193774889765,-0.008704704821347142,-0.004521613074720808,-0.0010926512309981271,0.006965769947543567,0.005679796198493036,0.0001686422638070909,-0.002507746482765441
64,5,plugin,3,128,0.0007368493789507143,0.00021253838312719077,0.0009432693797189752,-0.0011879546771049244,0.00012220734990455974,0.00011731837924556448,-0.00023138178308902688,0.0008556412913822401,4.1106624102057864e-05,9.471629196463019e-05
64,5,multilevel,3,124,0.005514642283534137,0.004604947172569109,0.0038714620328467544,0.00014872493690414005,-0.009767623609840006,-0.005484255897601821,-0.004829056244305661,0.012535024444735782,-0.0006129301993896793,0.0024379813732681105
64,5,plugin,4,128,-0.0012700261398558346,-0.00020901402050674435,0.0007440836526879664,-0.00014753031278654812,-0.001246453707306458,-0.0016283454560592104,0.0013431120216849178,0.0007581194237321484,-2.079535237273456e-05,0.00015400031614693784
64,5,multilevel,4,120,-0.05971226725806768,-0.0017598630559348394,0.02508744327360354,-0.006137248572857617,0.011676236086598044,-0.007384934780542369,-0.007940233319724595,0.003017881685001357,0.0010724086390985531,0.004198280878349116
64,5,plugin,5,128,-0.002403127564543004,0.0004040636250426526,0.0007637807506062378,0.0016422488353657282,0.0006727087887949909,0.001105242217599467,-0.0002446029067864964,0.0018251190543326387,-4.001201556768067e-05,0.000222507484764503
64,5,multilevel,5,144,0.08077286310513239,-0.006054037833370042,-0.014560925778902526,0.025624019945988934,-0.02120049246889773,-0.022692024807422287,0.01867158436026211,-0.0011502222606323568,0.0002781894860175793,0.004164010404685546
64,5,plugin,6,128,0.0008751702058831871,0.0004126843838958329,0.0023798654948549566,-0.0005450708460983071,0.00013510316227747165,0.0024604494769812474,-0.0017396427285556657,0.000699504608372992,1.9778721054915685e-05,0.00012075864564589589
64,5,multilevel,6,140,-0.005828553110567612,0.0018263334896316632,-0.00629144010140501,0.0034069181127057606,0.015394202781543916,0.006697064124437487,-0.006852261012925645,0.01310517503421426,0.00035019239003016874,0.0006724782584492898
64,5,plugin,7,128,0.001419177967802997,-0.0006199184966730294,3.3861658341758434e-05,7.818405613935821e-05,-0.00013424160111463195,-0.0005626995443707063,0.00032956006582727593,-0.0013515745878392457,-1.884020625977049e-05,-0.00039192523574731495
64,5,multilevel,7,106,-0.051527982950731493,-0.00533251142866171,-0.013880094431038782,0.006739329220444087,-0.009485489816259362,-0.0178181112622655,0.016273440719679767,-0.003147402578384779,-0.0004907899995683681,-0.0076788302539212904
64,5,plugin,8,128,0.0010392147813953628,-0.00032060533633545386,0.00048784063662970644,-0.0005819862490327332,0.0013641038958250751,0.0016952240810986867,-0.0008450133999569152,-0.0006390489045793325,-2.8079240734682907e-05,-9.094985858639501e-05
64,5,multilevel,8,220,0.015154313291483385,0.00021769106999313198,-0.01206379913911229,0.004741411008507135,-0.004027753348588201,-0.007401339855100339,0.007343746931531518,-0.0010649787269654436,-2.2712744610062763e-06,0.0003067377255739834
64,5,plugin,9,128,4.367240792360715e-05,0.0006186661083763976,0.002859582261870522,-0.0008256623545119768,-0.0011553110622159709,0.0009622854070051,0.0012220229523171155,0.00013619800915403238,-3.6668804465706854e-05,0.0006422486730593505
64,5,multilevel,9,122,-0.0001055570381840347,-0.007994861487600485,0.010136755288429694,0.015140959116290884,-0.00956184650773869,0.003742044254490658,0.0357982675547335,-0.016030571742159036,0.00022976267566149968,-0.0009358620574149968
64,5,plugin,10,128,0.0009607860246300707,0.0009732942438366732,0.00017138249900504855,-1.950912822794586e-07,-0.0011227657614937894,0.00020728030376668144,0.0008446624438751016,-0.0006365644017763014,3.437451660708618e-05,-0.0003427545605661226
64,5,multilevel,10,122,0.009717547418389667,-0.0019617327693879005,-0.006755336510178899,0.008790165458016783,-0.00017770429581022055,-0.02121479907031556,-0.00078211780732749,0.002592788659616125,-7.604866078868069e-05,-0.0010529531616129918
64,5,plugin,11,128,-0.00013831921508892391,-0.00015407085011010207,0.0013953543992282825,-0.001041912625989281,-0.0009755274718688463,-0.001051192188880011,0.0003811951501808291,-0.00011292087570428198,-2.467532324855968e-05,-0.00029756142728114797
64,5,multilevel,11,152,-0.004062576569147028,0.0012019482211070944,0.0018966846212662217,-0.00012045156218708716,-0.001555469575779931,-0.017191117437954796,0.003392503914923699,-0.00607135705258797,0.0007887198594226357,0.004306210341176745
64,5,plugin,12,128,-0.000808521378117791,-0.000218585442818815,0.0003400702827681526,-0.0005794718223820128,-0.000199288848597156,0.0006969739131341762,0.00048011095968401635,-0.000810684044787885,2.5812198763928357e-06,-0.000168690307615337
64,5,multilevel,12,110,-0.05415040083732825,-0.0039711813840133175,-0.015983795257342698,0.011731574241840586,0.015588254807624146,-0.0022625169584003842,-0.0021403360190571847,-0.007968998030465855,-0.0001549589734985998,0.00046524005977410533
64,5,plugin,13,128,1.3077663848368377e-05,-0.00018775481857875656,0.000834253211634827,-0.0006123694630511627,-0.0004737839049538021,0.00016744106231284062,0.00025557456134169524,0.0002007551684645049,3.582396709622023e-05,2.303356132031621e-05
64,5,multilevel,13,182,-0.0079619511317447,0.002571330662455476,-0.004040644243632574,-0.011343798584671024,0.001429279176675589,0.007030272857611234,-0.009102290950678158,-0.004856602581891161,0.0006329536340719006,0.003551786955406624
64,5,plugin,14,128,0.0009664641102546435,0.0010513761982450585,0.0006177544546233579,-0.0008115588540209306,-0.00026440932925595964,0.001053351455759329,6.624041564800731e-05,0.0009436097162877507,-7.403753679021938e-05,0.0005502946307933681
64,5,multilevel,14,114,0.008399525260909198,0.004930649330102435,0.009282203423812934,-0.012397207111458069,-0.025427330845498343,-0.007621635644641812,0.012818886207464183,0.008110294580668875,0.0003581364730882214,0.002406253675164537
64,5,plugin,15,128,0.004883657087499963,0.0011056884790665736,0.0007732697454559474,0.0003277071093843931,0.0008102654822325729,4.6449792025299893e-05,-0.000772458715520346,-0.0001980730067099109,2.1118601638345145e-05,-0.00029570872479258765
64,5,multilevel,15,222,-0.018938110830318284,-0.00529332856999771,-0.04758745349494277,0.013452519993190888,-0.0015582682452488664,-0.027532112792485283,-0.03824915300783442,0.053006395211285216,0.0007085094260247498,0.0008739514635158023
64,5,plugin,16,128,-0.0021416153715195984,-0.00013607883486608106,0.0011458449506681072,-0.0019497438552874646,0.002078241756464778,0.0022731377875437387,-0.002625358230214498,0.0035887496175909857,6.0663683177515094e-05,-0.0001005276020627895
64,5,multilevel,16,164,0.00027796278190145117,-0.002990318239281269,0.026473745945869234,-0.012717286176139693,0.01926471754847833,0.014893267434975554,-0.0077021056868441014,0.0042155761689694595,9.142952118137359e-05,0.0021844037125653575
64,5,plugin,17,128,-6.30255984298118e-05,-0.0006621029443734642,0.0024438465656253074,-0.0009453233709531515,-3.671709821274429e-05,0.0010121168570667355,-0.0004711895091018669,0.0012612331478111648,2.965281532702727e-05,-0.0004995581219266055
64,5,multilevel,17,108,0.006340714910343278,-0.00408495210335419,-0.0011370861244376141,-0.00864631906364584,0.005345406593134549,0.011822493139485262,0.0072244048685403215,0.0028989250996770254,-0.0005717073203040262,-0.0028929761742424454
64,5,plugin,18,128,-0.0008213455461389931,-0.0003517091948562559,0.001556014893066868,-0.00082279367600511,-0.000221690690922745,0.00027809316763221636,0.00021807454582154919,0.0005130328169045826,1.4350110970028747e-05,-0.00041098656652008585
64,5,multilevel,18,174,0.007600537624217251,-0.009535584515337304,0.0006579133894781603,-0.00048794873377115005,0.018268921710821357,0.005183613335964428,-0.022687710799667513,0.020477202183006894,0.0009809124233015548,-0.0015341350231251624
64,5,plugin,19,128,0.000854717958716355,-0.0002588144421328835,0.0006159380275137073,-0.0006851886050568183,-0.000296072059368604,0.0004138503320734226,-0.0004282408418323737,0.0006449285905282706,3.1525213853231734e-05,-0.0001665146505239334
64,5,multilevel,19,110,0.0011076607821919092,3.826635368013807e-05,-0.006275163450627791,0.003754300693483508,0.011709193612445165,-0.0014701494193697152,-0.006312611721952046,0.010787072735855222,0.00020485551966844647,6.223632456000824e-05
64,5,plugin,20,128,0.0007224478796817836,0.0010706911297635733,0.0005302271225964663,-0.0007360956653739146,0.0006801542360796427,0.0006566252388308803,0.00017118302318699203,0.0005316349210065843,2.9224509447029518e-05,5.561192860494361e-05
64,5,multilevel,20,136,0.03773575201592932,-0.007514723023156802,-0.007274450238668918,0.011372187963842154,0.014944743806086559,-0.01560365580763128,-0.0061535330105750114,0.005455760341710216,-0.0004040747867548965,-0.005322265583143623
64,5,plugin,21,128,0.0008766290430981692,-0.0002704489347010728,0.0017131908911746446,-0.0005752408972970032,-0.0007587878531937403,0.00013450623623668001,0.0005855673353052409,-0.0006480977426950885,-2.7975334836800985e-05,0.0004256401799084113
64,5,multilevel,21,216,0.004854703829331081,-0.014593248145405786,0.010314076729444874,-0.018068133085409135,-0.02269454433031812,-0.01744274644034075,0.01902407506227272,0.012762776218768396,0.0009373791591270093,-0.0009601161564673464
64,5,plugin,22,128,-0.0039555941927988236,-0.00017275443602589698,0.001715626812136365,-0.000995899109429181,0.0008740581403832409,0.0001912489140430175,-0.00024161398838635397,0.000402194626316948,-1.4216723636131129e-05,-0.00038322685366267193
64,5,multilevel,22,150,-0.0468191000992514,-0.0025733071164005085,-0.0016452215651928095,0.011584651813430212,0.004039951040923766,0.010122196435755865,0.0029260633618808434,-0.010866318191920259,-0.0005864315478367854,-0.009956653761473836
64,5,plugin,23,128,-0.0018228194827835705,0.0008554719417946132,0.0011233492904538654,-0.0014720710745777228,-0.0004697166394246735,0.0010842934912891052,0.0006689571344678199,-0.0013285797306533086,-5.438162641670108e-05,1.655862117067275e-06
64,5,multilevel,23,186,-0.0156062931876579,0.0009346551371305756,0.002277299776971444,0.0040407182398773545,0.0001599324761075065,-0.003820369866704522,0.001918608037250675,0.002475624010185358,6.65978234376259e-05,0.0011831871733831093
64,5,plugin,24,128,-0.0007455516377926203,9.355902036505792e-05,-0.0008636967026391461,0.0009436868831779959,0.000361471876373458,0.0001673944532723898,0.0004181489965578184,-0.001023487887095828,8.221195700161264e-08,0.00022282731541516096
64,5,multilevel,24,162,-0.011898635675083436,-0.0018777858675557851,-0.0009213190928982015,0.0011185105058032921,-0.0003334201490411972,-6.337350501955914e-05,0.0018211991661682468,-0.004694140063813688,-0.00012460856255510418,-0.0006015765112001328
64,5,plugin,25,128,-0.0006288970403401132,-0.0013977864543086539,0.0012898430498825505,-0.00040713889338748826,-0.0006739276177057223,-0.0004201542711811231,0.00015546118897087,-0.0003951898505537621,6.478573934072768e-05,-1.4470692371278166e-05
64,5,multilevel,25,96,0.02315635582260521,0.005200802128172454,-0.003692081576804514,-0.01205787369900509,0.004297567745775197,-0.002764094732095382,-0.0009505629220305995,3.88227476893791e-05,-0.0005194550143052088,0.00016656499597976376
64,5,plugin,26,128,0.0025690455438340336,-0.0008042224876054676,0.0005237442890237225,0.0006908239744521818,0.00042320174055110113,-0.0001695008651394198,-0.0009909067391124316,0.0007640499819943025,-1.0446978226183387e-05,-0.00010201524980405746
64,5,multilevel,26,110,0.006203864850899266,0.0033940114143826555,-0.004814931760946175,0.0017607911483816358,-0.003501267442697849,-0.0010530447482276254,0.004092675705608232,-0.0032681559972488426,-0.00015042041190706666,-0.001455938014972047
64,5,plugin,27,128,0.0019428473136323897,0.0003965218615652368,0.00048493854029814224,0.00039802853551194753,-6.125716067695904e-05,0.00020977968304244514,-8.705213661286003e-06,0.000625479183540987,-5.196537766631623e-06,-7.74937636189419e-05
64,5,multilevel,27,124,0.0006962221442987717,0.002227376094598149,0.006569124162582753,-0.00549935571455651,-0.0042318310108577254,0.004932619979561342,0.0030952239466821964,3.064459851951661e-06,-0.00017266457451982792,-3.3484296887196156e-05
64,5,plugin,28,128,0.0003935326906123434,-0.0007560654946240464,-0.0008194670582734631,-0.0007931742272687824,4.581670889465913e-05,-0.002102386947014161,8.25404807610657e-05,-0.0012175284594784042,0.00011492644355191485,-9.948034428919534e-05
64,5,multilevel,28,116,0.00047903990153298396,0.0013176809701574545,0.00735233616665855,0.0007420252400902418,0.005251817474197746,-0.011144044209810293,-0.00648921060182733,0.0012421934087325102,-0.00046151926081433744,-0.000576091622013562
64,5,plugin,29,128,0.0007349259791019126,-0.0004376916657066537,0.0011832205563055865,2.7518867153185768e-06,1.106653585264793e-06,0.0003094810880986064,-0.0001421174493917506,6.019289439379926e-05,-1.202509016347574e-05,-0.00018250268322382522
64,5,multilevel,29,124,0.0003343934600057046,-0.00023080649679048075,-0.008926325603145149,0.0007218497134574996,-0.0015594627689551525,-0.003139308191670627,0.0020452505603757573,-0.0005489608180459055,-0.00014647457971711847,0.0007825269127472175
64,5,plugin,30,128,0.0028170604437792813,2.685980069637696e-05,0.0007472163697593067,-0.0005206825387621491,-0.0011563039154011967,-0.0018159791135759834,0.0007467340857986917,8.071758863355057e-05,5.453557661420925e-05,0.00014943436494675927
64,5,multilevel,30,120,0.009466519690396214,-0.01182251838846425,0.02167136725676646,-0.009421477157715668,-0.004823008255429773,0.027333369724865057,0.0032721859870910317,-0.006751648360735573,-0.0005426947761232201,-0.0011331964358307948
64,5,plugin,31,128,0.0023741187619081556,-0.0014798230464062926,0.0008462188171641182,0.0007383476512397035,5.9114276933970036e-05,0.0009627710404467771,0.0009886650961346045,-0.00035628394945182883,2.239155080691805e-06,-0.000545304512643305
64,5,multilevel,31,102,-0.01210113793106856,-0.00042810902108327584,-0.004327497112906944,0.007735412449367431,0.009752469982253858,0.01651128508032127,-0.03550265055956507,0.0056736007767658895,6.798126550558656e-05,-9.252556108550855e-05
64,5,plugin,32,128,-0.0018182779336093932,0.00011189067347912409,-0.0009166861154444604,0.0011045343255567189,0.0011445700458039398,0.0001403903649929009,-0.0007231909933058477,0.0006421187061285835,5.539775715351075e-06,0.0003170399685109381
64,5,multilevel,32,134,-0.009178250524964788,-0.004692433118836531,0.00512712468411854,0.02502963895483074,0.009550490276470602,-0.0022759493338246773,0.008166216168090724,-0.03411021418011126,-0.0001827074962825112,-0.0008157057649253425
64,5,plugin,33,128,-0.0008988049214694412,-0.0010917136542168183,0.0013690502730414231,-0.0007213336185151589,0.00012237900720389014,0.000496086674035333,0.0004490724905937557,0.00040537076356323033,-4.188819767222652e-05,-0.00015803840068085928
64,5,multilevel,33,108,-0.04274790136497528,-0.0012902934800789064,-0.002706410402725852,0.0144333267971248,0.006121508430656717,0.0008742858921393156,-0.022257800216883877,-0.011666125501901157,0.0003405389847119517,0.002443837286433795
64,5,plugin,34,128,-0.0007689393479330289,-0.00012644334484984603,0.0036802733040381813,-0.002230812125380965,-0.0006855514963945806,0.0011989316063790885,-0.00011119757849085313,0.00018720484432308465,1.1608783750090324e-05,-0.00013621631665852396
64,5,multilevel,34,100,-0.008038035597220782,-0.000576265728258827,-0.004137976392609067,0.0015750722775609801,0.0063972497059500465,-0.007872121844678516,-0.0005053067018040721,0.0026637978082716023,-0.00033619149239445426,0.0017165718511720622
64,5,plugin,35,128,0.0014767813865689814,0.0004442207980436092,0.0005842448100168017,-0.0001916152829093578,-0.0026081588147908877,0.0002737466818241494,0.00034678964967589545,0.00045092146885590344,-3.6742707821787654e-05,0.0002512227722280686
64,5,multilevel,35,194,-0.030856144049989813,-0.006028889238756,-0.002690752101813202,0.0014394917882508222,0.01573031356480841,0.011540917448955497,-0.013093349376767526,0.0028372462408356933,0.00010879914315447734,-0.0021316065896398143
64,5,plugin,36,128,0.00026041598970399655,-9.688314222837399e-06,0.0011219145723068383,-0.00012384261249076968,-0.00027731824352513314,-0.001365164396901763,0.0002496573725913326,0.00010305819795304384,-0.00011115095880247862,0.0005073516705185728
64,5,multilevel,36,140,-0.035791830677665316,-0.009016263510706089,-0.010298225818264981,0.012882643012392676,0.01715518311449233,0.012012108814273371,-0.021115726749026228,0.02527596478880832,0.0013817366668354742,0.0013747597560376074
64,5,plugin,37,128,-0.005510618002472994,0.0010096923850676988,0.0005982455047993713,-0.0018768399188460645,-0.0017703017875915048,-0.0018340760853028687,0.002074074647610313,-0.0009137728676986496,6.572801563436388e-05,6.419775361875836e-05
64,5,multilevel,37,98,-0.01939794945648786,-0.004028467177994051,-0.012776837647601128,0.0011652486987636778,-0.001271906689550174,-0.024560245928515967,-0.0039710356670795265,-0.01115182664053551,-0.00028752034909268465,0.0005225596191591465
64,5,plugin,38,128,0.001488221927846375,0.0016251619652707045,0.0008204599823612686,0.0005154261181163767,0.0002979821451355257,0.0007551074307538433,-0.0006899892150806352,0.0007421577109358425,6.587656955878539e-06,0.0007201354510999726
64,5,multilevel,38,142,0.018478097048242437,-0.006992076413711342,-0.004704084897024729,-0.002508803644425979,-0.009657327822679453,-0.008644841484137253,0.003830722677721512,0.006215225661697753,3.5061096594362224e-05,0.004534434354289185
64,5,plugin,39,128,0.0007884229382454885,0.00025733314342325087,0.0006659867405946318,-0.0004817772799703507,-0.0013776704608520582,0.0003111622561679891,0.0016946035659787819,1.0686969088984175e-05,1.8230910414412437e-05,0.00014265656218806914
64,5,multilevel,39,180,-0.027462067969626074,-0.0022410564061442705,0.02502441476980605,-0.006836979324359991,-0.007798890078360973,0.006574592239712928,-7.044291913477326e-05,-0.00682235475902807,-6.298061360169438e-05,-0.004047430949696685
64,5,plugin,40,128,-0.000845968078086804,-1.9522143443200413e-05,0.0010505088158971085,-0.001693308797872227,0.00032217324455929104,0.0008240241779757728,-0.0006961012709995013,0.0004894073009708994,2.4563826698682585e-05,-0.00028399173484413995
64,5,multilevel,40,166,-0.006364056904129226,-0.0014383678872993749,0.0124472888028771,-0.009733131812084954,-0.0036533107252793664,0.01923067986982894,0.009541702005251253,-0.014642553738750973,6.455676622996191e-05,-0.0015135061820079486
64,5,plugin,41,128,-0.0007120542469552279,0.0002605607852185975,0.0010849532517114094,-0.0013379674015555944,-0.00036101587605537507,0.0006041090234545527,0.00025755469412531485,-0.0004924827963974528,-6.122647302727286e-05,-0.0001446160829135393
64,5,multilevel,41,102,0.002757324436548046,0.000633780063727781,0.017877903385894154,-0.005264136305614754,-0.007255460125998611,-2.850982777855952e-05,0.0012894288182709844,0.004810116103355458,-0.00012077212811051745,-5.8683756911690464e-05
64,5,plugin,42,128,-0.00200689756860955,-0.0001892776356910327,0.0004868388440092609,-0.001083988110797925,0.00010618447499804143,0.0017855739103434696,0.00011246073437622092,9.726136785123431e-05,-2.1753173422175834e-05,1.9585843167161435e-06
64,5,multilevel,42,164,0.010585829099570131,-0.001136899749991915,0.00571557452931583,0.022813257771528015,0.01541290317034602,0.005101926131153327,-0.0274106983691848,0.024169448740851175,-0.0005364018630356412,-0.002834640254715348
64,5,plugin,43,128,-0.0017714406632519484,1.6443059155314265e-05,0.0025443895411545315,-0.0010391196076856596,0.0009953017781746969,0.0023185106280972922,-0.0014483952353839965,-0.0006722617837520713,-4.636846010279811e-05,-0.0004265290182728991
64,5,multilevel,43,90,0.0015306414493857002,-0.0028691281427530558,-0.006275515884482572,0.008161867306202662,0.003481735070698886,-0.00300985279257688,-0.0018577963101360474,0.00037075343914371416,0.00011343061850457062,0.00017167605486565366
64,5,plugin,44,128,-2.4459136484261343e-05,0.00016541606940045038,0.0006525950817617266,-0.00020863881176069578,-0.00017655913145261544,-0.0004517509779614594,0.0005527185839885626,0.0004953262161481418,1.7514254785717845e-05,4.9355671031663806e-06
64,5,multilevel,44,110,-0.00020371316331210188,-2.3580562967825712e-05,0.001757520603363285,-0.01172031225474305,0.002483156015710334,0.0006603007490498092,-0.000649151381602219,-0.003464972049298513,-0.00013594565759651706,0.0013491872033458902
64,5,plugin,45,128,-0.0013673428527068766,0.0003770793788850274,0.0009352386840208644,-0.00017713000648441292,0.00043960947255292646,0.0006510049794065879,-0.00028045795976254896,0.0002803364807514091,-2.7092461229793044e-06,-0.00015254721863277101
64,5,multilevel,45,116,-0.0014961861120397063,0.004860326863231291,-0.003190625621575034,-0.0027109743092421164,-0.0036866650648789837,0.0034325392281878346,0.00118498937076016,0.0011481797932470972,-0.00013429672744120236,0.0007833166975070381
64,5,plugin,46,128,0.0021394282361464822,0.00014702072009964223,0.0013412728978041116,-0.000901364277853581,0.0003377884600581479,0.0010583511399481554,0.0003642757712363918,-0.00012015300578053447,-4.6635957126280166e-05,-1.3601752538009983e-05
64,5,multilevel,46,176,-0.04904955631980133,-0.009478767789588729,-0.003998026803113107,0.0023159940386877787,0.011448180733692272,0.003969173452693626,-0.02837030701014676,0.01671216046074235,0.0002861859050277182,-0.0077106430962182
64,5,plugin,47,128,0.0009530498597189521,-0.00011213977636863067,0.0003840612833633302,-0.0008462569305517509,0.0006829121158676184,0.0009807499400731772,3.56754424888068e-05,0.0002651954866736169,-4.498990044237552e-05,-5.841424654087333e-06
64,5,multilevel,47,126,-0.0020645562178961034,-0.004115582139199521,0.0017350384579154763,0.005932455329907233,0.0023571758885182516,0.0014104826659822303,0.002243394763563503,-0.0013613087898638678,6.761440423848926e-05,0.00046699232732579007
64,5,plugin,48,128,-0.0030638835337102556,0.00029233822958353795,0.0030776729292968114,-0.002358203921920747,-0.0019367394936679937,0.0012310416158118763,0.0007075946940464845,0.0005859298739298703,-3.0302587146818953e-05,0.0008358223825357993
64,5,multilevel,48,104,-0.006227997724646074,0.002648480102028958,0.001071722433198537,-0.0011049208411589863,-0.00017598528001467074,-0.0012022652517693798,0.009869695820996217,-0.008263958559487222,0.00014726997759963184,-0.001953272979866981
64,5,plugin,49,128,0.0006082154183732715,0.0002606823678901208,0.0021397574112352316,-0.0007618347996284024,1.829615768457101e-05,0.0018719701954501822,0.0007255414909054876,-0.0003585092249410608,2.0050472227135097e-05,-0.000194450203449984
64,5,multilevel,49,100,-0.000577985785645651,-0.0006126705666201304,-0.002700423877673255,0.0034175000578106243,0.005973071324969912,0.001727742481401992,-0.00978651829012393,0.009616530039544276,-0.0002548381712401188,-0.0006261591101090603
64,5,plugin,50,128,-0.00047334176851036944,0.0003356122533368196,0.0016774877419791906,-0.001358255505936715,0.0005415441154053463,0.0008392195443865585,0.00015250648537206465,-0.0006432331154970144,-1.1505361026434096e-05,0.0004054317784536432
64,5,multilevel,50,112,0.015596531825954017,-0.007484339370456532,0.00032408695102706034,0.0014476503238094454,0.004393445091135802,0.0034802571960449264,-0.0030586254221120633,-9.997992189024985e-05,-6.510350901564112e-05,-0.0020508986654183135
64,5,plugin,51,128,0.0014747066364944146,-0.000641990017916629,0.0008814893992191846,-0.0004419355937759274,-0.0005080609631747711,-0.0006318823600329944,0.0006340257278468011,-0.0007454254442292113,-4.3536862846716065e-05,-0.0005066459384179302
64,5,multilevel,51,114,-0.010725527371051674,-0.002638634300918217,0.003645040375366956,-0.012290725852367644,0.003228384583466364,-0.011209982923914032,-0.00011469473425196718,0.0019420543773963571,-0.00015087360836691955,-0.0011126280196749156
64,5,plugin,52,128,0.0028048226410865473,0.0005812549915875599,0.001448993957490409,-0.0005171013037332802,-0.0015105728215507972,-0.0004071046282543095,0.0010724227326455494,-0.00028044404127342215,-2.6172012505798578e-05,0.00012875838628677574
64,5,multilevel,52,116,0.020007850921337333,0.004012480771419529,-0.01671189571504578,-0.008699919175995847,0.01177185307696733,0.001645825212134868,-0.0009572428990330006,0.007209168849055013,-0.0008028836160586732,0.002560734817920535
64,5,plugin,53,128,0.0008847306891901871,-0.0002468220710783231,0.0005652414924208953,-0.0005397371539866667,0.00038795295523390424,0.001241714521286465,-0.0005280131771270507,0.00026997220726333464,-1.2677187206304634e-05,8.73799626259179e-05
64,5,multilevel,53,138,0.03357409559474601,0.01091515515224235,-0.004113157979094021,-0.0001426426072817747,0.005794075109155906,-0.009702764076830638,-0.0054372948853480315,0.006049425581874449,0.0002634666236300118,0.009519877648364056
64,5,plugin,54,128,0.0027105389461407497,0.0008353256760282531,0.0029272244134398925,-0.0018717641023070105,-0.0005484315999509258,0.001233946406871032,0.0016299169963069607,-0.0014082303092792152,3.688782367080443e-06,0.00013064866138279686
64,5,multilevel,54,122,-0.0034272809389628675,0.004936899544667696,-0.0038713441374207264,-0.0055310225748469635,0.003433793262599186,0.0024989214870276065,-0.005795368641104955,0.007482681431786107,5.843855016394164e-05,0.001293518640286841
64,5,plugin,55,128,0.0038974712785630546,0.00020932503536515726,0.0016794481395316966,-0.00200469785555849,-0.0013000978134544048,-0.00038232737524263716,0.00042396220053885213,0.0003374449230283065,5.801671496561423e-06,0.0005875104429917738
64,5,multilevel,55,114,-0.03553131253529202,-0.016714288099710418,0.0010137521082205878,-0.006423663679810306,0.007104746098277442,0.00024054476523329568,6.031442891971765e-05,-0.012443896773660644,0.0004682722984264793,-0.0028186034045183475
64,5,plugin,56,128,0.002368355407939585,0.0005585281017678309,-0.00010847555299780368,-0.0004890183254282748,-0.0002479022120470535,-0.00041924416287831146,-0.0005156375505738868,0.0008342977568267157,-2.0866489566505977e-06,0.0005292756758876691
64,5,multilevel,56,126,-0.004061614142761542,0.004804715356955962,-0.01240289792039229,-0.016899455758174534,0.006353978807093912,-0.012306369589679437,-0.00926732867625783,-0.0036755181116736686,0.0008892130193737021,-0.00383719751040417
64,5,plugin,57,128,-0.0002114159783804582,0.0015368412052111935,0.001555745189669163,0.00037126197803476245,-0.0004368453991382476,0.0007919217706571159,0.0006126670016213933,0.00011050734262574888,-2.786141461354569e-05,0.0006866974269392938
64,5,multilevel,57,92,0.02612398257126066,0.005247432928437614,0.012936333307170653,-0.02921705598281093,0.02234992484265447,-0.011176102035035086,-0.02706149100239595,0.018390429937393395,5.568156103918363e-05,0.006503716936764357
64,5,plugin,58,128,0.002277050221366572,0.0008379410271718117,-8.859764534520874e-07,0.0010024954409958734,-0.00043334637591899096,0.0004088956654916034,0.00026595164666963733,0.0006555120041228281,4.284254335692071e-05,0.00022106028760010693
64,5,multilevel,58,108,0.005978838179466225,-0.0003841348192503418,0.003334304539693571,-0.009763943484853405,0.005492016271055589,0.005588142438717258,-0.00631289876449371,-0.0036316055609799734,0.0002383193878452172,-0.0031069838880434905
64,5,plugin,59,128,0.00022917160200207793,0.0004913461288607013,0.00016233226001563156,-7.538987376873432e-05,0.0007106513252743078,0.00018188613087538483,-0.0012463647283322398,0.0023040811336564435,-1.1721014606699232e-05,0.00011767495145063301
64,5,multilevel,59,88,-0.003168528582536831,-0.009092429016436948,-0.0039470010053441595,0.008938219872568742,-0.0006444462285102523,0.0037749616905829344,-0.0021468271058163366,-0.011201930853524028,5.863896992572454e-05,-0.001382613712984474
64,5,plugin,60,128,0.0014550429858239287,0.0012800030323372384,0.002406943481893267,-0.0013223333899632058,-0.0007166129015029089,-0.0004447091872684086,0.0014339801014650968,0.0005883049363172494,-2.8710032590065105e-05,0.00023067064302480158
64,5,multilevel,60,170,-0.004835847984786878,0.004715999327385672,0.0036463828080851714,-0.010427178844801531,-0.011820849818824308,-0.022981484753691866,0.016216407587849705,-0.010207495087853262,-0.0001442375534022633,-0.005772984570098844
64,5,plugin,61,128,0.0035132233659606067,-0.0003996105147582649,0.002014734019332896,-0.0011749614736196374,-0.000492694014733673,0.0007499821163261454,-0.0006394705063173618,7.270379532026938e-05,-2.9598078757757606e-05,-0.00016897138708079428
64,5,multilevel,61,92,-0.0027666078413185044,-0.00035524344071481066,0.0024491697123857886,0.0024895629808106595,0.0052758448406129334,-0.0031942916063570264,-0.007497364839577438,0.005477031653385405,-0.00034970711555045065,-0.002484722273474511
64,5,plugin,62,128,-0.0016616678480110031,0.00011197699182503707,0.00028135461136384127,-0.0007298946493209407,-0.00017174910593287728,0.0005542042664283291,0.00019156095667122064,0.0016868764389894287,-9.12778132554278e-05,0.00017068155420846973
64,5,multilevel,62,106,0.01006347874637374,-0.005354552143454302,-0.0057663206516921795,0.007420388420303197,0.0016648161839407558,0.0016784325170594802,0.0017526579396941447,-0.0030356684947860884,-4.818399520183739e-05,0.0011171844537247626
64,5,plugin,63,128,0.002092646501393476,-0.0002601902213435117,0.001808230352765651,-0.001075536580510241,0.0008505272198308576,0.00203837218009628,-0.0026998208980795278,0.0008561341431779067,4.767704992146226e-05,0.00016840129083621458
64,5,multilevel,63,170,-0.012089211226331126,-0.00407511285183924,0.001671579677875687,-0.001639767337736713,-0.010525308680836527,-0.0011710643658274544,0.011885853723970018,0.0028122640640120327,-1.3435486525567756e-05,-0.0009713919513453374
64,5,plugin,64,128,0.000159337351384379,3.5366531248683695e-05,0.0005751504799996999,-0.0006688362789894034,-0.00024175101873461446,0.0010085485196784777,-0.0008402974308961649,0.0016765808625682495,-6.309505227007673e-05,-0.0001408740158186705
64,5,multilevel,64,122,0.0005036775896066746,0.0012373480142182382,-0.0071796731695405284,0.011049853517543581,-0.007645737280395387,-0.013120072007312904,0.005978057106473384,-0.00025223617420294263,0.0003945755898021709,0.0005308721179772114
64,5,plugin,65,128,0.00406066874304068,-0.0009138781473411054,0.0019554418759727267,-0.0015328812008332043,0.0005855407896815004,0.000524478261784768,-0.00010781362074317166,-0.0015541399221441874,-1.7047352981298353e-05,0.00032265806398178073
64,5,multilevel,65,140,-0.012474191259532667,0.01211053826427108,0.026895079622495602,-0.004881136187803795,-0.014428541141138378,0.0016286102392122045,0.013751616651459988,-0.02178831959169801,-0.00017399384193399705,0.00040303598369402385
64,5,plugin,66,128,0.00357111628163471,-0.00013203708073497938,0.002044043804870168,-0.002240745301568201,0.0003844104089211698,0.0013126906531826393,-0.0005538817323137995,0.0006405589131375524,6.72112809347844e-06,0.00022968840674641514
64,5,multilevel,66,128,-0.017887378324957293,0.012879941714590266,0.01523298713448185,-0.013158650123542266,-0.0050158118007385365,0.009188956163113111,0.022337369256621484,-0.01410614400938005,0.00031692643155509275,0.0038182253028629315
64,5,plugin,67,128,5.277187215404453e-05,-0.00011660577788156892,-0.0006003202110526436,0.0018154105609960488,0.0007655101516566117,-0.0008501514520878601,-0.001060289380652851,-0.0004162688185370313,3.205796338166972e-05,0.00013492418382992939
64,5,multilevel,67,122,0.008967004895127471,0.028918026191976573,-0.03772179781319736,0.01437669567171966,0.050823672815035525,0.03559212969369699,-0.05988813173981671,0.033737971950597585,0.00018670860855314657,0.0020971162335546023
64,5,plugin,68,128,0.0020137193221048608,0.0010359889416131393,0.0010269263913551864,-0.0003081933801355811,0.0001216497170360548,0.0006583368429523308,5.05601061948187e-05,-4.376322485737801e-05,3.641495054932961e-05,0.0002275399729504034
64,5,multilevel,68,108,-0.023821315694186048,0.007377507777381911,0.003200820392061053,0.003696809270550558,-0.021840016420580567,-0.015526910465116457,0.018903553721037844,0.00028837487906144586,0.00034665344883280365,0.0001018732833138145
64,5,plugin,69,128,0.0011045700781639823,0.00045068069796606495,2.27684654422712e-05,0.00030100842696679744,0.0024417284574592872,0.0019688425414882845,-0.0013865786957554314,0.0023421096214175097,-2.06183682956687e-05,0.00021720879960720262
64,5,multilevel,69,128,-0.012048632408156566,-0.0038316311254656846,0.009004936452961541,0.01723749650789413,0.006146946744769796,0.013990963687164385,-0.006889658649122423,0.020073710509238767,0.0006087816101075089,-0.0024947429412048782
64,5,plugin,70,128,0.0037637975277567725,-6.468219474516459e-05,0.003611094184266397,-0.0010373259872206904,-0.0034243752102260535,-0.0006421561835030782,0.0009445212647825202,0.0004813617072768735,2.6757620122093563e-05,-0.00038944526758567517
64,5,multilevel,70,150,0.001123311219194018,0.0007200647163380755,0.012050991093258086,-0.012574482730978949,-0.0024446405910871325,0.008097263742270497,0.004367382839218213,0.0007988302316647435,0.0003406595472632855,-0.0022393734380708047
64,5,plugin,71,128,0.0034699140613146896,0.0012202987054331321,0.0016796826458231441,-0.0015915784910704907,0.0007955467360085972,0.002143652020618421,0.00036936971384136377,0.0031072050559790916,-1.0106263398817478e-05,0.0005569634375379098
64,5,multilevel,71,108,0.0017952423109711983,0.011213264846462375,-0.0025558510883122443,0.0016968444467604779,-0.0013122203966789909,0.0018453229990812966,0.0031695977080916575,-0.0003153912676434074,-0.00025767612317156906,0.00017255237469441828
64,5,plugin,72,128,0.005117060934320461,0.0005914280542984607,0.0013747166604237884,-0.002392355260666053,-0.0016413049504805039,0.0009098058631435963,0.002436334931008872,-0.0007677673286642475,6.9257190419940766e-06,0.0005666421396581036
64,5,multilevel,72,130,-0.005250257120870802,-0.012268546716536875,-0.006564474369137063,-0.0013860871092089518,0.00930580083280213,0.010941840248263434,-0.01342242657677194,0.011217106795082124,0.00028274892121236527,-0.0028486860840552628
64,5,plugin,73,128,0.006784641667019675,-3.1175446865142226e-05,0.0007033091201922058,-0.0007070011361602813,0.00024848862441593307,-0.0021446167033366084,-0.0020223383549544537,0.0026532993752231846,-1.1622801194097101e-05,0.000810899962325256
64,5,multilevel,73,110,-0.02105148752149753,0.006351833162343874,0.027934334699139602,-0.037384172401138956,-0.026252220742174807,0.02214049692694941,0.016251121072018274,-0.0020414641914642023,0.00038406578217324843,0.002870633777089295
64,5,plugin,74,128,-0.0011520282553883429,0.00010583747528352088,-0.000724398094517548,0.001181181071023544,0.0010646660153831831,-0.001098198233221967,-0.0011422716621029678,0.001347390982400224,5.312719858106839e-05,0.00021206814783241405
64,5,multilevel,74,124,0.005721280149465855,0.008286097223629106,0.009799395385804068,0.0025873883057218622,-0.001089744117698788,0.02306122577005733,-0.007607826453207173,-0.005346740566178181,-0.00024412202126734703,0.0019821272988714595
64,5,plugin,75,128,-0.00031825553145508375,-0.0005675129451996029,0.0006087466012689581,6.701290655443791e-05,-0.0004882499498315202,0.0005985580545924701,0.00035591040598255213,0.0001602700474861861,4.722006209993607e-06,7.323009704786428e-05
64,5,multilevel,75,174,0.014725961799881447,0.008707863724866257,-0.006938677988099952,-0.004186191929343603,-0.0034832382149404266,-0.004072752586493412,-0.01605391633632897,0.011714098756090995,-4.542045135872936e-07,0.0051288836219586615
64,5,plugin,76,128,0.0019385528481012163,-0.0006141229982172636,0.002382608006456254,-0.001227980242050142,-0.001337279946217072,0.0008657404896683622,0.0005451409726388134,0.0015479175124188751,2.6321101900403965e-05,0.00020960020733559872
64,5,multilevel,76,148,0.018479049428082383,-0.005159286120723703,-0.004541730137637613,-0.004273514466064061,-0.005568066098547556,-0.009718344243066591,0.008724941981884626,0.0011133711989455173,0.00018696720947293483,-0.0025772083112664693
64,5,plugin,77,128,0.001065156995480539,0.00039828342841177815,0.0027285851240954817,-0.002033359022561897,-0.0010430189063501882,0.0007919233268604433,0.0006128131518871821,0.0010224593583847237,-2.318775326511259e-05,0.0003022246387501888
64,5,multilevel,77,104,0.05690154264845369,-0.0071254555909678625,-0.031340244768896616,0.012876214031002978,0.007915413538573165,-0.015218497140252672,-0.02107850213291531,-0.008990181794052081,0.000230391391288853,0.0033524301734090193
64,5,plugin,78,128,0.0013984044899803558,-1.907371636580446e-05,0.002785943521472987,0.0003615682723573795,0.0006062592960987059,0.0012969595361212588,0.0006026880560809171,0.0003964710326796571,-3.0666095093028775e-05,-4.9452533973001395e-05
64,5,multilevel,78,112,0.04792745319411936,0.016427006293155043,-0.004271203851096003,-0.0013264896431491634,0.0023595498001034066,-0.00972618375270003,-0.002568084810599598,0.0010347671665990352,0.0008923101742343887,-0.001793015751188774
64,5,plugin,79,128,0.0023273014247579176,0.00027536356105564187,0.0006629883688264141,-0.0009430610367928839,-0.001010743802842461,-8.261191804982556e-05,0.0008300583940524596,-0.0007737753885105449,-4.239489583293634e-05,0.0003916574801917216
64,5,multilevel,79,116,-0.02727739685807767,-0.0029159808555180235,0.020782082367870564,-0.01297647192367345,-0.003215176296363015,0.01855484022127269,-0.0063578740732979965,-0.0025371187454454234,5.61389146468982e-05,-0.000987980871452095
64,5,plugin,80,128,0.006185185243507217,-0.0009603672433763067,-0.000795486861241507,0.0006310907186611316,-0.0018843210287341843,-0.00110296459216303,0.0007529448986310255,-0.0004959520234484712,6.226645737346884e-05,-0.0005613525395514233
64,5,multilevel,80,160,-0.013539876820365409,-0.0058348629345855345,0.018069774192697716,0.00948641624400572,-0.024962682363590536,-0.007974023171769372,0.012846933903488471,0.008798256039008233,4.061299738183971e-05,1.1475183330839398e-06
64,5,plugin,81,128,0.0009623640321853675,-0.0003950171546247123,0.0017393211060985874,-0.00027485151250962675,-0.0007757082378657791,0.0019382776844777258,-6.679600137005469e-05,0.0006304715618791679,1.467374816507464e-05,-0.00025513904090680256
64,5,multilevel,81,96,0.015345755101956045,0.005086745457429703,-0.012805246581435302,0.04481276983917201,-7.289886768547694e-05,-0.033270040012973234,-0.005852833049521503,-0.02946754812962487,0.0014798222223737258,0.0006615371069142058
64,5,plugin,82,128,-0.0004111613455656295,-0.0001728235787488367,0.0007398421340977477,0.00027859321220055454,-0.0011453284416831997,-0.0005404748402227284,0.0003407797620389851,0.00027673933976569466,1.4099757816159619e-05,-0.00024629767267716845
64,5,multilevel,82,120,-0.008872622513033031,-0.002399402894623327,-0.007171158367151708,-0.012590720425804676,0.0037712358726447914,0.0016482981565988726,-0.002244918705298242,-0.01208660363650557,-0.0002741426842650035,0.0007694715890904977
64,5,plugin,83,128,-0.0010172151813789005,-0.0005733036104705924,0.0023315776161711176,0.00024068760221090824,-0.0007345996351905686,-0.0005377286281438825,-0.0001558188504924603,0.000984419912797208,3.616885208215006e-05,-0.0002769463069412093
64,5,multilevel,83,134,-0.017101317028327945,-0.005873302048590989,-0.004846402347380586,0.003832140768880463,-0.009638375525972603,-0.016073626406083508,0.005819902299400125,-0.0014795072111454383,0.0002465962899680313,-0.0069341598644568035
64,5,plugin,84,128,0.00026949607193427574,-0.00012208818220955676,0.0008442909835098867,-0.0007513215171503839,0.0014805205688306386,0.0013390173104570657,-0.00018417813634336803,-5.042917669311688e-05,-5.074201425088591e-06,0.0003044285797763896
64,5,multilevel,84,108,-0.005033946393949781,0.005493991180664791,0.025453973663593723,-0.012278761431019651,0.007660539794076713,0.005356634954006762,-0.001959271495480532,-0.009750888732801397,0.00021402025026107048,0.004716271906400559
64,5,plugin,85,128,0.0011111944501463774,1.0362461684466714e-05,0.001569732106206599,-0.0012949604343854846,-0.0009137584348046156,0.0010711134414978355,0.0003920780029073402,-0.0003818430698262573,1.3833729825288069e-05,0.00029937271749384424
64,5,multilevel,85,106,0.013371729919008186,0.003950963940073101,-0.008375757476383361,0.008960144358718048,-0.005591154273606318,-0.009793534772011172,0.017015825937866394,-0.007487280840344267,0.0003018925542092227,0.004734257562925227
64,5,plugin,86,128,0.004521079230463204,0.0002951546435977065,0.0031125007583556875,-0.0021547619038077698,-0.0025438537233965354,0.00030447372120413914,0.002798320975733773,-0.0006396623434041714,1.663686370512955e-05,-7.09948172847589e-05
64,5,multilevel,86,136,-0.025311993414294322,-0.010296841513758575,-0.016912681193966026,0.005283390130978046,0.00544479741213901,-0.0038159351849874363,-0.011854319404536889,0.002140905995568836,-0.0004250990062080357,-0.006080008076837762
64,5,plugin,87,128,-5.544904323114793e-05,-0.0005880989453036529,0.002122935084236605,-0.0009843851345931426,-0.0002949716103737148,0.0029272142681156603,-0.000462710145395307,0.0005189973642321376,-1.2649769259437017e-05,2.579574631788545e-05
64,5,multilevel,87,154,0.021316457123453023,-0.0070063449391342975,-0.011157610762182366,0.0017947422449362013,0.0049039251317463195,-0.006853894173721942,0.004262184557174307,0.003445337225089055,-9.078749808224394e-06,-0.00014346764417126433
64,5,plugin,88,128,0.0007970031204592991,0.0006911390472044593,0.0031327575364665204,0.0002920596909262292,-0.0022770219189768904,-0.0017442296615421678,0.0008914317877506862,0.0012658497873732333,2.2100814576065842e-05,-0.0002650948606881288
64,5,multilevel,88,106,-0.032829841675763756,0.0013947690333812246,-0.0035038133174253956,-0.000289230979315582,-0.002462522253450891,0.005044767845450318,-0.011448636499973417,0.00680307426212029,0.0001895224377304906,-0.0005356785304624842
64,5,plugin,89,128,0.003721287841669818,-0.00028411317027458535,0.0005030332919240143,0.0007539387217977798,0.00024275915116632257,0.0009966981879067091,0.0012654594653492522,-0.004194645641004866,4.1557083755700545e-05,0.0001703508720007173
64,5,multilevel,89,142,-0.001824243954954134,0.0032947167458571634,-0.012695115509988326,-0.002552833451217808,0.019429182322108534,0.004135478881207442,-0.0022521787197833975,-0.003667229561078077,0.00034171478115127264,0.0023857407063562677
64,5,plugin,90,128,0.0008406650164218476,-0.0005874674454541201,0.00027376148280305304,0.000247381931555526,0.0009282174019014078,-0.0005011383418517959,-0.0004393024838887167,-0.00012413031007736214,-7.411348972350532e-05,2.848582635492101e-05
64,5,multilevel,90,166,-0.022653404485436103,-0.01978030812539261,-0.02849659948986758,0.0235242917151354,-0.006933041915264091,-0.028248236342618853,0.0038586043802003515,-0.006273415099974549,0.00035653716255465624,-0.0008303963047076248
64,5,plugin,91,128,-0.0016055084272207278,0.000256438590906127,0.0015917278866824454,-0.00212919270537217,-0.0004538250086826236,0.001688490035006855,-0.0010212580088855964,0.0008840068080187363,8.138097052829481e-05,0.00039181119015877387
64,5,multilevel,91,98,-0.0003577945409770151,0.00037796391048765753,-0.0034691751458851925,-0.01807003672092111,0.011913326947207944,0.007791038667694001,-0.006347475156814733,0.007828444897530464,0.0003256296726635377,0.0004782815595152675
64,5,plugin,92,128,0.0005482858393808372,-0.0007044098357584904,-0.0020994261812407127,0.0005029608254389985,0.001926079112827323,9.552362727996301e-05,-0.0010194627099669555,0.001008308385664783,-8.369362170133974e-05,-0.0006579279712742883
64,5,multilevel,92,118,-0.02190777523209958,-0.01308951796511671,0.0075079182844616475,-0.009947344853807886,0.008820064346391442,0.03921665740956605,0.024020148806721136,-0.008392432346486437,-0.00023837010632938828,-0.0014838788201002506
64,5,plugin,93,128,0.002372464003731547,0.00023194905454442818,-0.0007997460729648345,0.0003105763820430051,-0.0001211510286064675,-0.0004888158175203579,-0.00019724364537006562,-8.327110809555467e-05,4.0234528503822474e-05,0.00026324591414251955
64,5,multilevel,93,130,0.04058103188616631,-0.0044398536026647685,0.023148235265358048,-0.01371446065535999,-0.019671940376020013,0.006821393407637482,0.027223978960424243,-0.037050169420676224,-0.0006967407444975415,-0.00295528189263658
64,5,plugin,94,128,0.0017916879706070161,-0.00010551984621683475,0.004687286814965816,-0.003319810594462429,-0.0018134423191783205,0.0012004632569967068,0.001219778554487382,-0.00022447620195703978,6.16579407757413e-05,-0.0003318937939134289
64,5,multilevel,94,120,0.011329199142391964,0.0030435391092724353,0.002368037800417266,-0.004338843631998269,0.0020189693394114935,-0.015150235992495558,-0.004891186296126508,0.0014692336801554239,-4.843733645325001e-05,-0.0013861262701982046
64,5,plugin,95,128,0.0015792154119596922,5.58352687896994e-05,0.0015228661157932646,-0.0022282906174559214,0.00017051784935685887,-0.0002095723791271959,0.0009398504974506543,-0.0001403815195590005,-2.8907953904321553e-05,0.00011934135953199678
64,5,multilevel,95,110,-0.004641359764440188,0.0008452948181987525,0.004303263324111731,0.034051883062222385,0.01468471089871169,0.005619123912791116,-0.027388295530319795,0.013279387538221978,-0.00029211056501818024,0.002270531411982576
64,5,plugin,96,128,-0.0037417626577662603,2.7658233656574793e-05,-0.0002699925565806687,-0.0005361771869030782,0.00011648858647223497,0.0005549849430821568,-0.0010809254743465806,0.00012206964017873018,-2.1312043214766914e-05,-0.0004913847428500392
64,5,multilevel,96,162,-0.0023589727452957582,0.0018292682107279104,-0.0019608139578955507,0.0019225851027360008,0.008807060482675893,-0.012931581448344219,-0.015331887741249484,0.025970014961628447,0.00021455769443392582,0.003721883073044399
64,5,plugin,97,128,-0.0011386098886208267,0.00019791117706308048,0.0008102756480210429,-0.001378430442068793,-0.0012581799097709382,0.00023632346771609375,0.0012117006925931705,-0.001562424564131342,-8.678379988399533e-06,0.00010366961867338409
64,5,multilevel,97,142,-0.022384895193775088,-0.0022390608107797053,-0.004415610370108038,0.012021266916445623,0.0017169910077168616,-0.002519162536019266,0.002809644781924529,0.0022875187723957148,0.00017550240656139315,0.0007756555329164479
64,5,plugin,98,128,0.006095890905416189,0.000527534633165823,0.002027622327631014,-0.0007812026037922629,-0.0003890984527141593,-0.00035967812985235304,0.0010798229557496305,0.0003797966013706709,7.634301880090884e-05,0.0007758414918456564
64,5,multilevel,98,172,-0.006449608507732277,-0.00812949529385004,0.010129182048146383,-0.01918974337751223,-0.012570849002102626,0.011913528417726027,0.018349789201429732,-0.007192321610011509,-0.0006265637752520347,-0.00013220816742790312
64,5,plugin,99,128,-0.00025555264474150534,5.433054694110278e-05,-0.00039113979529638526,-0.00010199975777435793,1.2383113237047733e-05,0.0001877632450498077,-0.00048723352171684985,1.3789143608461768e-05,-2.831612994158276e-05,-0.00011513254198768021
64,5,multilevel,99,124,-0.0021212684944512533,0.0013209774282923205,-0.006514622642642927,0.016939984157335188,0.010605097708157676,0.011033510846488858,-0.020586599266639465,0.012910687335719102,-0.000378150046822385,-0.00032720613522348613
64,5,plugin,100,128,0.0002896443358551738,-0.00024360345404631387,0.0004442101397732584,-3.781768116430467e-05,0.0004962182409518725,-0.0001700155038590133,-0.0007017125548750646,-0.00018203249744990445,4.7925339258341925e-05,0.0002890341310080576
64,5,multilevel,100,108,-0.020421988699306084,0.003914229661037913,-0.006216304818506519,-0.002758107546871904,0.008835325163481742,0.005244429031403301,0.0020790724983796175,0.0008362191429452867,-2.158796780345189e-05,0.0010584992060402344
64,5,plugin,101,128,-0.0012564380277795444,0.00015135528402898692,0.001746090779634958,-0.0011147195130175262,-0.0027869101227804816,0.00018751329251003143,0.0025410901188154993,-0.00045295860333176014,5.388229292293584e-05,0.00033601356437817426
64,5,multilevel,101,126,0.005059410191715464,0.005994296171163736,-0.0028605542580331217,0.013607847355064307,-0.0023306733670197823,0.000803432644604162,-0.009608421533701379,0.005493907859245379,0.00027680302500588213,0.004576969747677046
64,5,plugin,102,128,0.0033622448191526324,-0.0001536916004664042,0.00042393773964109207,-8.02813172299865e-05,-0.0007741555710638625,-0.00046618675788084846,0.0015509312985383843,-0.0011730465398557507,1.075400462019051e-05,6.021336048712222e-05
64,5,multilevel,102,146,-0.0036666443037120526,-0.0029920577408242724,-0.011286325771257714,0.0005953759609587811,0.0029854117940233235,0.00028812008580807256,0.003602491318569102,-0.009045063922194289,0.00013224960829823156,-0.0006029592546935626
64,5,plugin,103,128,0.00012188008449739218,-0.001207188912190681,0.00359845086464683,-0.0005445996144471815,-0.0023728344087332004,0.0014501848825517142,0.0021379597136360817,0.00012604777720042292,-9.790899275589978e-06,0.00017214499870384423
64,5,multilevel,103,118,0.012406165109162556,-0.0027889375590526436,0.00928220599693359,-0.003110540057479671,-0.017940095376931905,-0.008970822750459477,0.007215267931184024,-0.002856310492106158,0.0002512170904491621,0.001417260018297216
64,5,plugin,104,128,0.0008980609906814555,0.0007108185370957716,0.0006994359983005109,8.8173369474815e-06,-0.0008247835625102093,0.00031711209796544005,1.3384072645362903e-06,-0.0011179515524654645,3.056334612544902e-05,8.835320053965625e-05
64,5,multilevel,104,170,-0.0005162321768322044,-0.005070723362724803,-0.022578254732497995,0.009179568160876467,0.016406371137500212,0.004087896535587932,-0.040245504180992486,0.015416301939056735,0.0013114193315505198,0.004470266696423895
64,5,plugin,105,128,0.0006345050921540501,-0.00033194585459067025,-4.2484003264515925e-05,0.0006321266545231186,0.00034107246871965824,1.1570116975380987e-05,0.0001064486964823617,0.0001455716053882924,-4.6791636323852733e-05,0.00013104005237285894
64,5,multilevel,105,112,0.022835646275318235,0.0054236086748510985,0.007086802650571272,-0.005527494085660246,-0.007632440374440387,0.0023270637018373013,0.011655717786290078,-0.018302501876057132,-5.6349053811166655e-05,-0.0035027807567112536
64,5,plugin,106,128,0.0005624193946432621,-0.0005561564777236698,0.0006389722855163814,-0.00022488488722570386,0.0006192486759964711,0.0012354249241493963,-0.0010011506146433043,-0.0012148695778227082,-1.7955240290506412e-05,-0.00016951898513956965
64,5,multilevel,106,124,0.001403602002600089,-0.0015736967373066507,0.0007056539563298357,0.0021842824043258155,-0.0020913349442870047,-0.0015796747874662791,-0.0014820414783074973,-0.0006983191470020586,0.0006198676647425716,-0.001342813485215674
64,5,plugin,107,128,0.0020616607057441427,-0.00042655796142827926,0.0005344374341350795,-0.0008518450110195836,-0.001111627240076019,8.981838889631507e-05,0.00048275746652207406,-0.0006534210805450053,-2.101860200707639e-06,7.242277287293983e-05
64,5,multilevel,107,106,-0.0013646348651801265,-0.006203905260398174,0.003174350077490689,0.010678628471254729,-0.0013543912781919297,0.018319476215435688,-0.006795744422193749,-0.003045362956339683,-0.00030134607630836167,-0.0021190671360023475
64,5,plugin,108,128,0.0015088149872318694,2.895094890478111e-05,0.0017579629753712973,-0.0018429436115723018,-0.0016093068352510949,0.0008960972752026117,0.0001866349807321163,0.0012662488281612741,-7.684365437834467e-05,0.000308379204906833
64,5,multilevel,108,98,0.02588008449716893,0.01270914088269912,-0.0049174011138238705,0.002219405875985539,0.005901602361353522,0.0037446232398337426,0.003532537293534925,-0.01017899929803068,2.110504212111274e-05,-0.0019305242982712743
64,5,plugin,109,128,0.0032190052478478443,0.0008080813870614406,0.0020649643979613907,0.0003173193765907033,-0.0024010102058115027,-0.0012328837788157115,0.0011161764309704186,0.0016683747078741003,-1.8591603541304826e-05,-0.00025789140894359513
64,5,multilevel,109,128,-0.022414601349142377,-0.0006092370267104265,-0.011173445633741298,0.0031417180577929258,-0.004365718440228438,-0.014650655122716915,0.008873416992373456,-0.01609626551405696,0.0006198494631113163,0.0006564364803501729
64,5,plugin,110,128,-0.00011917979110301531,-0.0006529492475151846,-0.00020979157911932508,0.00012151196719604391,-0.0004110105869074184,0.0005733412233612568,-0.00029349807477944083,0.0004059092256567985,-1.3171408998776761e-05,-0.00012065212420795635
64,5,multilevel,110,112,-0.04265849391206818,-0.003580920529043407,0.0011644792891760526,-0.008212143103033864,-0.0005687343253172262,0.00029415991848773867,-0.015620137530265914,0.009431198310486336,2.2876066087981627e-05,0.0006940694641158864
64,5,plugin,111,128,-0.0009720163635536722,-0.0007334904652134531,0.0014559514865511156,-0.00044015521626573375,-0.00015636027651825445,0.0007547315175125826,-0.00035042012098162234,0.0008662622540978717,2.783626639388028e-05,-8.244410433532648e-05
64,5,multilevel,111,220,0.04253448427815683,0.006647478243149239,-0.013000501873040598,0.01591254543584141,0.009476338427866144,-0.0056897178447234634,-0.007071247011460548,0.011883413654628364,1.5596031433876936e-05,0.0015117450644570212
64,5,plugin,112,128,0.0024452900988114336,0.00022078513959675623,-0.000321689883796812,-0.00035279659053636146,0.0002703240772226175,-0.0005395392234871005,-0.00042392852027568827,-0.00022500568015546718,-2.1898125178127388e-05,-3.1875770318080034e-06
64,5,multilevel,112,102,-0.023034713992818492,0.0062712616750773414,0.007907666957892176,-0.015308552113739226,-0.0379448779338797,-0.03224807324405037,0.026979474934817317,-0.011339646714431252,0.00026370683469817657,0.0008029624981818989
64,5,plugin,113,128,0.0011434468735329669,-9.948320028873594e-07,0.00012128662677782454,4.824202729366405e-05,0.0016893003900081414,0.0008453515267864701,-0.0013600158025907424,-0.0006021332215272756,2.0091865497157932e-05,-6.360126306227608e-05
64,5,multilevel,113,100,0.048314189339925824,0.0035235996660899593,-0.006432739227204577,-0.009940419204721818,-0.008404412943511567,0.009122539535761186,-0.0008706888547178662,-0.0032663114661500422,-0.0005094206537056385,0.0064472518802822015
64,5,plugin,114,128,0.003157789847398462,0.0005400019945187957,-0.000968611760923575,0.00029902463952629813,0.0002535390674560871,-1.845829632207707e-06,0.00048683649925576925,0.00015513151390283845,3.316974952697373e-05,0.00030562672597677184
64,5,multilevel,114,118,-0.013666699136785584,0.0037425588964288942,0.0036334726370484197,0.004331707303058118,-0.006835258663756333,0.0022961040301818594,0.005839498175393089,-0.0029588714804065384,-0.0007999747403789689,0.0005369246191846865
64,5,plugin,115,128,0.0013025078752231703,0.00025285046762421116,0.0006219683228663146,-0.0013489195595636824,0.0004889235862889054,-2.9209548047314773e-05,-0.0011475162241860427,0.0003870888252878784,1.4188365278337854e-05,0.00027029434251009393
64,5,multilevel,115,108,0.0267545799404143,0.014277742391145083,0.006688097771761404,0.02285643949127773,-0.009656004531009591,-0.02920984185062718,0.012201742322965827,-0.006420205264082702,0.0013585533884800161,0.0054663266343610885
64,5,plugin,116,128,0.0004362531946898176,0.0001035375877861464,0.0008690730599766563,-0.00146153567506749,-0.0010585279508200788,-0.0001876701605523245,0.0007455292051517827,-0.0009695755744887048,-2.0268235714500852e-05,-3.288577987039011e-06
64,5,multilevel,116,110,0.0024593036925915604,0.0007332114410277287,0.0022919285550856497,0.0009425886074096329,-0.0017206231603336996,0.005512052181450024,0.0007448594841816428,-0.008604873410920262,-3.700108328649086e-05,0.0010658386463017462
64,5,plugin,117,128,-0.004333592673457547,0.00028674880099255356,0.0017077767158509623,-0.0008236917846491499,-0.0005875539342477475,0.0015334579959107933,0.00043069067275937936,-0.0009253649386663645,-2.169176761772449e-05,-0.0003271011540979889
64,5,multilevel,117,122,-0.032800972659731975,0.000912413340506006,-0.0004278916104491533,-0.0033497339313453413,-0.015180309608788942,-0.01020376738423262,0.010067368441617784,-0.010034522125393115,0.00010151684575470403,-0.0018701579054479663
64,5,plugin,118,128,-0.00035550303446150956,-0.00033980595146455676,0.0012736034790988859,-0.0013098698587739595,0.0003365635740248105,0.0004218271300473485,-0.00011068002383218044,-0.0009766940545154147,-1.960113387265943e-06,-0.00018827617062700138
64,5,multilevel,118,132,0.029930177937623485,0.014471763764755887,0.0033546042551687344,0.007021176437636211,0.011151505533055928,0.013929289886114863,-0.016664509298885816,0.011902904836174242,0.00046995442520755197,0.004742684138568147
64,5,plugin,119,128,0.0034437211220793703,0.00044270620670719375,0.0020007805224294436,-0.0030131625766832894,-0.003704779282402092,-0.001014331741500955,0.003790821559166106,-0.00288119601048873,-2.5606609175682142e-05,0.000590032538267748
64,5,multilevel,119,140,0.02366268652769022,0.008356821079900625,-0.016074802933307875,0.004522401158709461,0.035411829572645014,-0.013170593022095469,-0.05165553673811466,0.039429690790360336,0.000945381908675719,0.005391788106767885
64,5,plugin,120,128,-0.0020900928153244685,-0.0003436186053330975,0.0018509085242438873,-0.0013286138927641753,-0.0006507756967301025,-0.0005038744715560426,0.00025474049877116753,-0.0009206857705517283,-2.906248815581842e-05,-0.00040461051510006657
64,5,multilevel,120,202,0.0018240800065800302,0.01335488450597749,-0.019466457561660638,0.021430760124659318,-0.009816209731994784,0.01082351927441688,0.01576385186924658,-0.004445707840503478,0.0009685958852832512,0.0015982615968626692
64,5,plugin,121,128,-0.001944479516202369,0.0009808170696570795,0.0012831280408410826,-0.0003491210589718539,-0.00040383256696766516,0.00012558663957925098,0.00013816122735892006,-0.0002491429800775066,4.419655483268269e-05,-0.00016957824427915182
64,5,multilevel,121,118,-0.00851190870311665,-0.009647927809308862,-0.0076766821778301375,0.009522639746395138,-0.0031172459654953298,-0.020254504510368167,0.0050430390310949,0.015786635819840144,-9.379921225291074e-05,-0.002966841939266123
64,5,plugin,122,128,0.002095568832040496,-0.000661213459674885,0.0018515053184252615,-0.001691355561432099,-0.0003666498658232052,0.0007283159866369795,0.00025319525146424337,-0.0006076135593982663,4.347404160446028e-06,-6.223547651539945e-05
64,5,multilevel,122,118,0.054302468667520545,0.006910683471726563,0.023192548671201817,-0.022886892500792302,0.027383885995996244,0.028336658126587436,-0.05005034167833369,0.05273429332392191,0.000264043828019053,0.003935551075976167
64,5,plugin,123,128,0.0020124609547171753,0.0006138686284475571,0.002580096634592518,-0.0017411889885144722,-0.002295639941995983,-0.0013096796112148327,0.0017091492851092445,-0.0009248699831237996,5.496665917923676e-07,0.00016443267814964403
64,5,multilevel,123,202,0.009123995171313614,0.002877992480359567,0.004396291341925871,-0.015453808829499493,0.010180839562301867,0.005680873109707552,-0.0027761373924633484,0.0025431889529572327,-0.00026577767819853084,0.0013387275128327683
64,5,plugin,124,128,-8.74945418915616e-05,-0.00018164325134360104,-0.0009134920586637239,0.00021613174841255496,0.0006891568661021311,-0.0009376270835293723,-0.00019543339884791488,0.0009005606347118801,-3.914647222645245e-05,0.00014183600000917273
64,5,multilevel,124,120,0.026520721742923428,0.0036188469068820376,0.004020155972639457,-0.008453835046376234,-0.01580111212767115,-0.01094468757341058,0.004513064601130975,-0.032153489312823844,0.0002843059576639891,-0.006486068441467989
64,5,plugin,125,128,1.5472374579543453e-05,-0.0004290018362033388,0.0006524461340263122,3.956070009108022e-06,0.0003128501810729561,0.000296668280528879,0.0005899493732692874,0.0002519834703693771,2.077776587557505e-05,-0.00031926626143203494
64,5,multilevel,125,122,-0.004583087691311168,0.002554422488868876,0.020276671473915965,-0.0143318062327767,0.008086594861248641,0.014507104072669,-0.004150308254402305,0.009306701362390722,-7.311062415896233e-05,-0.0013380641796537052
64,5,plugin,126,128,-0.0013474465258587764,7.20341756706645e-05,0.00011026540803130445,0.00022822731707903074,0.0003385017150184019,-0.0007032761662447585,-0.00027507867880511075,-0.0004963280478117154,2.4743891287254782e-05,-8.294929564598871e-05
64,5,multilevel,126,134,0.0074893622193452445,0.007995750644253258,0.004643201743504282,-0.0016581106898689258,-0.006100485663138834,0.012831665359010794,0.01166397004838271,-0.011083555347958775,-0.0007903764975288527,0.0027828040156827162
64,5,plugin,127,128,-0.0004370238854752022,0.0005216588289526794,0.00032210931993824506,-0.0007560464396931877,0.0008333742995705315,0.0007511772595997799,-0.0010018730623852375,0.0003320223445640528,-2.0490682571664014e-05,-2.6604392695045567e-05
64,5,multilevel,127,116,-0.011900651663730768,0.0008464638467821212,0.015688331771826693,-0.005635684221503989,-0.009253265492425987,0.004747427903361756,0.0023716819930291043,-0.0061052338251334866,0.00028570348303398293,-0.0032665577581593237
64,5,plugin,128,128,0.0011144721512861924,0.00023291856020942424,-0.00015622951834665482,0.00024765444127340436,0.0005356504328965979,0.0009083133166889476,-0.0004383391652900972,0.0013892730478764926,-2.7638314748598843e-06,-0.00011631155638201715
64,5,multilevel,128,106,0.016847560584919718,0.007649391440724193,0.006558558145900038,-0.011095642535884288,-0.03548120369799233,-0.018382474109825662,0.03752914407869855,-0.02038419086228664,0.00023890780804059476,0.0003968937765048534
64,5,plugin,129,128,0.0031783700539152232,0.00015778949257436658,0.0011860178065416854,-0.00102251673856933,-0.0022289838202809486,-6.131136569832919e-05,0.0015682481444878843,0.0002604875446488761,3.865988081021989e-05,6.797257374487396e-05
64,5,multilevel,129,128,0.028139624866363115,0.0007837582218448874,-0.0028602693325571857,-0.001127108756349458,0.007951525758841668,0.016504842877442392,-0.0006439805298732288,0.0035639824414163976,-6.344340940486204e-05,0.004364882178004021
64,5,plugin,130,128,0.0005066941340937864,-0.0004150553863468686,0.0009447725205231874,-0.0005663037810723912,0.0009998567953826277,0.0015483086966227339,-0.0013698500362853904,0.0010694652209032522,4.3232654981094195e-06,-0.00021348387702548058
64,5,multilevel,130,138,0.0012503362896010045,0.00332035357661282,0.010455466010208829,-0.013047958194781408,-0.000805999230903036,0.010902116226978713,0.0035616743178986266,-0.003737279309102023,-0.0003875219799357067,0.00025960689257408713
64,5,plugin,131,128,0.0003086798712409167,5.393454190791527e-05,0.0008316977857015157,-0.0005452509040284188,-0.001357640254609053,-0.0005227467094548099,0.00013219920372037268,0.0002469469324665207,5.1471121992373115e-05,-6.426923088894153e-05
64,5,multilevel,131,108,-0.004661390305532058,-0.001393688205011609,-0.00733405180309186,0.0011782146655236513,0.0045027602833167596,-0.0016661146127563225,-0.008529125786231447,0.005882974557922624,0.00017650836729581927,0.0004954451562588235
64,5,plugin,132,128,-0.0001754465534419619,-0.0006917267468254971,0.0013595958825249463,-0.0009494836203291135,-0.000899607478484663,-0.0016884334568647921,0.0015306805122042217,-0.00029866134688369384,-6.605086043143089e-06,0.0001120231509712284
64,5,multilevel,132,218,-0.014476513141193963,-0.00825879131575313,-0.00023845647882998376,-0.008022701963547572,-0.013010082569730234,-0.01444056444591028,0.01707214472572792,0.003393087196972318,0.00032579006192706543,-0.001832622908577647
64,5,plugin,133,128,-0.0001630628034885981,-0.000445773311290732,0.0028634898863049347,-0.002082742481105254,-0.00031465304194038793,0.0011435613931120008,0.0007343032379019611,-0.0001470405974611466,2.602923477320908e-05,4.042348268647425e-05
64,5,multilevel,133,148,0.009465909081848682,-0.00436879555349312,0.018204279871960643,-0.015527320336293995,-0.005964074820900295,0.0008107155643667545,-0.0021687301285937565,-0.0060144461812385265,0.0006062409549343698,-0.005997041543290654
64,5,plugin,134,128,0.0017119086927575692,-0.00026517758032197294,0.0009807166338312054,-0.00010811197105642767,-0.00021368584814368877,0.0011048828940054289,-1.414567468003731e-05,0.0010416600284544337,-5.834560281066645e-05,-0.00018441909248860695
64,5,multilevel,134,158,0.0068865410002945425,-0.011671982878748636,0.004807086356739214,-0.0075432288296983984,0.01649793841366628,-0.00027882474144062347,-0.003231663142898578,-0.0040355130053185955,7.337872612269108e-05,-0.0025989598069678845
64,5,plugin,135,128,-0.003753458735162465,0.00015357097083640683,0.0011931902857749343,-0.0003202945847151217,-0.0016154660141115553,0.0002602727312676488,0.0018567072780660747,-0.0010217058244596253,-2.4090527729605405e-05,0.00017353562929915142
64,5,multilevel,135,156,-0.021681557893938948,-0.022284841816512264,0.02214304489242204,-0.01227691502197805,0.014738694563958517,0.020772789197916086,-0.0010574007343562408,0.02095285934496532,-0.0007997223569684496,-0.010712571835315515
64,5,plugin,136,128,-0.0008531636279797536,-0.00014289105739770337,0.00048148140350199367,-0.0009680735172047975,0.00014982080035412808,-4.147171499191768e-05,0.00022559583157545393,-8.271628465684668e-06,2.9557365663018225e-05,-0.00035238627510538346
64,5,multilevel,136,114,-0.01483251284904266,-0.012239079348767739,-0.006895530205724258,0.027908918414621328,0.02822530015478534,0.019832669051483627,0.00810538401397706,-0.0037531659966573727,7.626533215692775e-05,0.002439776085863782
64,5,plugin,137,128,0.000809028885212844,-0.00068954641332853,-0.0015281029667475118,0.0010005764364309495,-3.3111379841981736e-06,-0.001298571940294143,-3.3445177103596615e-05,0.0009424552190010605,-4.195747982089366e-05,-0.00013239089116181312
64,5,multilevel,137,142,-0.00015700354042105363,0.005647925847197186,-0.025379692671129897,0.024214479514321506,0.01765020415427424,0.005577004117188375,-0.006381868412004443,0.007025011365070051,0.00034019127878223416,-0.0009198209960076509
64,5,plugin,138,128,0.0003430211566067567,-4.2704812111711344e-05,0.0009129529741056464,9.196675519638459e-05,0.00011455351333695778,0.000604385831410102,-0.00079180356484156,0.0008024245287210205,-5.653872167737604e-06,3.443134341015238e-05
64,5,multilevel,138,126,0.02729462465942027,-0.008654758233936662,0.01571082180554098,-0.00420507509584849,-0.02423724343999613,-0.025790615110477384,0.005123500580029754,0.029469233540846913,0.0007890129362368643,0.0004740258621710856
64,5,plugin,139,128,0.0006524328351199179,0.000496246783225345,0.0003687470987697197,0.0005966250796654892,-0.0015885917997270672,-0.00023085965756473094,0.0009821589529853264,-9.026207070039053e-05,1.7519020998516344e-05,0.00032691980283858116
64,5,multilevel,139,138,-0.012149451051054246,0.003451174321314433,0.009708357443800735,-0.005355753459280122,-0.020574235938964052,-0.00686299051483635,0.01828255900576796,-0.018260466695073214,0.00046770576217436497,0.00042712682607092683
64,5,plugin,140,128,-1.3675780698834729e-05,0.0003601815914114447,0.004355373191480266,-0.0007413464132927323,-0.000921941779347262,0.0026624251302661103,5.360239159576003e-05,-0.0002096548886291492,-8.52831837043999e-05,4.691004874719851e-05
64,5,multilevel,140,106,0.06468966040315557,0.01408364067130896,-0.01697503297725633,-0.016507968776037375,-0.035126317585917374,0.030911239716997534,0.019794553824468257,0.007901766643857727,-0.001572635565391754,0.022100388395911868
64,5,plugin,141,128,0.00012977044732121636,-0.00032244622804933825,0.00029875610229436684,-0.0009527427480090199,-0.0008504620718016903,0.0007657940899063017,0.0007418018270684796,0.0009924878986178678,9.543413374645139e-06,0.00015003259882663574
64,5,multilevel,141,106,0.01284853408522935,0.01801557868182172,0.015112066088292778,-0.006428101146211049,0.00740600611839598,0.01242243529121029,-0.013024075264776447,0.0036546450745572503,-0.0003747377678352107,0.002216185070153465
64,5,plugin,142,128,-0.003668832241905628,-0.00036225012824979224,0.0010981222004817748,-0.0006657262223867979,-0.0012676632055237244,-0.0006547722016823262,0.0015474823805761288,-0.0011108619713818188,3.282763576864056e-05,-0.0005612566661361196
64,5,multilevel,142,104,0.02693326344110292,-0.010076171757477347,-0.015734890950911108,0.00240732628916187,-0.012219412014130526,-0.012379213641012436,-0.006427273334001344,-0.005335215545982297,2.0989637667020713e-05,0.0009069264610788482
64,5,plugin,143,128,0.004293258474841216,0.0005457734631189627,0.0015284297767831712,-0.0005676242008216839,0.00028855642636544526,0.0004525210648295738,0.00034370806326322904,0.0004314039292580109,3.2458445251521715e-06,0.00034964519391403955
64,5,multilevel,143,152,0.012064356972212881,0.015655438118942162,0.012641724965786914,-0.008291696840304704,0.01575294122147131,0.0006862016920083929,0.00278259342595024,-0.03542213641948866,-0.00035633824401998634,0.005220186633272674
64,5,plugin,144,128,-0.0021222639367076334,0.00019802528480716367,0.0001447047385087636,2.2300838199795478e-05,0.0003883376530398892,0.0010452546983133468,-0.00045759823855429397,0.0007510382296447621,9.922451031843424e-06,-0.0001397597687032807
64,5,multilevel,144,96,-0.004265802538912196,-0.00555448477481686,0.007266074960028997,-0.012944527710533367,0.004104185715392729,0.005930810258237412,-0.004493788345988895,0.00297415815416089,-7.354579831542791e-05,0.00020452334010319636
64,5,plugin,145,128,0.000325911034456597,-2.7485676030557098e-05,0.0007734684247743919,-0.00020180614320088018,0.0013013690207890273,0.00129043049873739,-0.00044854316782142877,0.000239715904555459,-2.689582787624725e-05,3.026308997239447e-05
64,5,multilevel,145,104,0.0035475448187233557,0.0019193150480355757,0.019930544824458003,-0.008189642751167554,-0.0033996142445716646,0.007761711806246269,-0.001664919711425246,-0.0038284847381149702,0.0006886144070006391,0.001614629348702062
64,5,plugin,146,128,-0.0016885145588645067,-0.0012102796690143893,0.0035925288088383502,-0.00012921694046718149,-0.004621517680797209,-0.0023101590492340934,0.003445980603502804,-0.000734083372613183,-7.651756539284256e-05,-0.0006227732778491032
64,5,multilevel,146,136,-0.04676973734791391,0.002367133093337958,-0.004521599841735057,-0.02207834502053992,-0.007894462644403412,-0.006942074315595612,0.002084474368239589,-0.015739893972368586,-0.00030298975534232816,-0.004031508273301807
64,5,plugin,147,128,-0.001864149744215864,2.4815025669476173e-05,0.0005009187179456343,-2.274960219516233e-05,-0.00037219783867303326,-0.0007735045311330627,0.00022540427752638323,-0.0007975556616590999,3.0300543145366734e-05,0.00011579486879549703
64,5,multilevel,147,116,0.015157073220587947,0.002193804717491704,-0.004378918307228818,-0.0017939027134282102,-0.0038034739447622935,-6.157785689186451e-05,-0.00907268213586376,0.010330404929513854,9.52027564386679e-05,0.00219353062749256
64,5,plugin,148,128,-0.0028481812794188145,0.000561836332996899,0.00012514274175956362,-0.00036398800601812636,0.0008571950540604665,-0.0005175867292651781,-0.00040216739488540003,0.0029144640441740857,-8.970890141910034e-05,0.0008541072727539036
64,5,multilevel,148,92,0.0069462710174838455,-0.0014389188549054344,0.01190392979384746,-0.008891087476921598,-0.020722184088532065,0.0004718546707824775,0.015498647227808384,-0.0014788441745381188,0.00013173406561660413,0.001280339288699016
64,5,plugin,149,128,-0.0022692318267480216,-0.00094987260379233,0.0016295834155208432,9.477521843451227e-05,-0.0010413352496091743,0.0010101826536523483,4.699729778578053e-05,0.0010238155397633893,-4.7968578182029454e-05,-0.0003454381542309087
64,5,multilevel,149,122,-0.010147855373267362,-0.007828581885513629,0.031614394154320186,-0.025316323326562813,-0.04176516032556705,-0.007078339695954649,0.03845170596414008,-0.02639935544430729,0.00013420971412580687,0.001957557861779292
64,5,plugin,150,128,-2.1164660662835314e-05,0.00036371361426175875,0.0010299083967226807,-0.0013667611540838177,-0.0005286600099120861,-0.0004366240788890517,0.0007105246699721489,-0.0005644492103647625,1.029012761636845e-06,8.978888744039582e-05
64,5,multilevel,150,118,0.004353066137085308,-0.0015352263487437578,0.01349764997702008,-0.008460218556903171,0.005849881632627605,-0.004009342642185659,-0.005303524580569971,0.004754693185230247,-0.00016040074942033432,-7.479971875359764e-06
64,5,plugin,151,128,-0.0007528467267487655,0.0012080865305105744,0.00019123363972548067,0.0007832257510946366,-0.0008973336437662981,-0.00033140140908571663,0.0017164774335771894,-0.0010227040175092655,-8.66235751106129e-05,0.0005631503111187918
64,5,multilevel,151,84,0.04839345046409867,-0.0023953941755230886,-0.010185396416502833,0.02143293011340441,0.026597919554045394,0.005579097739109616,-0.016242300083736512,0.0014476067417523966,-0.0007552322055541257,-0.002251598517257994
64,5,plugin,152,128,-0.003393864168798252,0.00047236097449044224,0.0015018450288034764,-0.0011707567409051317,0.0026430020268420227,0.0025341047084442344,-0.0016688060985881419,0.0030981438719703065,6.516538230414042e-05,0.0004498145741309922
64,5,multilevel,152,114,-0.006082796808628864,-0.0019188415162307562,-0.0037550966304823376,-0.0004830546039660467,-0.00190724939198834,-0.00233701133218933,2.913719169641765e-05,-0.0035044320458776364,0.00035432827226099906,-0.001084734180574418
64,5,plugin,153,128,0.002497516220711597,-0.0007711682867746003,0.0013178630816264032,-0.0016872542302139226,-0.0001832879060304848,-0.00025680982484631,0.0018112080952893028,-0.0008245985655205872,-5.940354826074412e-05,-0.00039790965204605414
64,5,multilevel,153,152,0.014729088989913338,-0.005292706490458053,-0.021811419402013185,0.0015405797294410337,0.004555912367585669,0.006286826113385566,-0.008730882409598024,0.019906371013194684,0.00026489400617526223,0.004203427654806625
64,5,plugin,154,128,0.00044347714451965027,-0.00029675273707737305,-0.00013297875413402797,0.0004611640918455367,-0.000649341741656144,-0.0002905940704136783,2.3607372825456372e-05,0.0007506495147734354,-1.209508494071083e-05,-0.0001032046492472283
64,5,multilevel,154,122,-0.009265320890585507,-0.0037017992784675654,-0.00397638800251072,0.0006691028963911221,0.0006502564251384739,-0.005064173920746796,0.003782475836491065,-0.009118160756519597,0.0004906225396447481,0.002190121039417216
64,5,plugin,155,128,-0.002200289149658708,-0.00022316740434983877,-2.9986391582300504e-05,-0.0010012045030828697,-0.0005891549207512847,0.0009181160781444984,-3.916450618874579e-06,-0.00029405879455693135,-5.693386286527826e-06,-0.0005872594937816718
64,5,multilevel,155,190,0.03515325068929127,-0.0027671497100400016,-0.0049133376989364905,-0.004700555583262568,-0.00017943475730564367,0.012741044409005819,-0.010108162995621502,-0.004373293025082776,-0.00040771608502907907,0.0014479262961616733
64,5,plugin,156,128,0.0015041379752051879,-0.00020928011083843237,-0.001005791770799368,-0.00033991280413746717,0.0010112035350851056,-0.0008813730031534854,-0.0007735360800039025,-0.00038159656031674195,-1.8933287799435118e-05,4.699133561890243e-06
64,5,multilevel,156,140,-0.0008604200909251102,-0.0007781263422860587,-0.0005357525335036656,-0.0003044279989642588,0.003338743087113324,-0.005236765034823148,-0.002109168860002009,0.002514612546200591,0.0005516689295063619,-0.0015055067242773555
64,5,plugin,157,128,-8.097607255712843e-05,9.15343429038575e-07,-0.0007636568967916585,1.63410576341964e-05,-8.030081122201582e-05,0.00010062812627486173,-0.0002488180858265114,0.0006566734397370397,5.876899980178637e-07,0.00010374849141391262
64,5,multilevel,157,180,-0.020795433712987723,-0.013734139242392945,-0.0011002957570799673,-0.03634835876655692,-0.013066298252604587,-0.0325953180410851,0.020706600886059225,-0.01302431447311475,0.001212542429093087,-0.002953195765878797
64,5,plugin,158,128,-0.0018247552156346908,0.0001110328977718082,0.004366159932336607,-0.0027164191606630127,-0.0006459454724010367,-0.0003689464643948359,-0.0002803413252954536,0.0007674917076552793,-2.026588653100318e-07,-0.00037245161050507134
64,5,multilevel,158,94,-0.007287512555601455,0.007893816540830125,0.014502655300135706,-0.02032901638210013,-0.010653972291073684,-0.011910495021431213,-0.006419737987144038,0.020481424491316184,0.00041142238783598354,-0.002382319420774962
64,5,plugin,159,128,0.003218720313159988,-8.284968755095876e-05,0.002208575031498123,-0.0015822553379397572,-0.000581179680706135,0.0003715813199117484,0.00043255892989191823,0.0010714378209579654,-7.327005252168943e-06,0.00018628400918317006
64,5,multilevel,159,98,0.018018480945334227,-0.003916440503530168,0.0008669252298273577,0.005611562952194853,0.00893458371922682,-0.0026207012506992344,0.005158073105720148,0.010642969052658937,0.0002461409049602781,0.00498855747358622
64,5,plugin,160,128,-0.0011924461731569079,-0.000515325456347685,0.000437951117777873,-0.002058409133796981,-0.00013311979531479298,0.0003176465622740986,9.85442811821183e-05,0.004144236547097566,6.700845992452176e-05,0.00024317716660133518
64,5,multilevel,160,116,-0.004913365019748866,-0.0012650929585401815,-0.002976813356884235,-0.0023316797553622026,0.0012561437648064982,0.007739820526684827,0.0033241130210214013,0.001964657690539006,-4.5765524477542186e-05,-0.0024643391282541146
64,5,plugin,161,128,0.0018176502479697895,-0.0006052039803018719,0.0022824635789267327,-0.0010973007550040888,-0.0007858758247212835,-0.00018177986953224373,0.0008306142979414404,0.0008228563469150174,-7.892194294674786e-05,-0.00027364048441826653
64,5,multilevel,161,174,-0.011816476454401908,0.012369482017677494,0.009734131959640048,-0.0066964132837418104,-0.009377434904871475,0.002806162034096641,0.008188071212107928,-0.00048406061057236396,0.0005037391526215739,0.001688032223972265
64,5,plugin,162,128,0.0010689433952924471,-2.7067446935286384e-06,0.000911771065561701,-0.00010759124681999693,1.3734041663524824e-05,-5.8586931628444485e-05,-0.00037613446247480224,-4.3521897069628235e-05,3.916261189334161e-06,0.0001286346286995166
64,5,multilevel,162,138,0.03843209407195612,0.007131676937547975,0.008166025359674514,-0.007504027060030908,0.02477218154839665,0.015496420907558334,-0.02603827235194654,-0.007622225011724186,0.00029276941155789536,0.007844893848588098
64,5,plugin,163,128,0.0025346585385866032,0.000413647548864451,0.002953720721989038,-0.0012117826867371164,-0.0024162687431798246,0.0023866847868729206,0.0007392061075307212,-4.990933157156477e-05,-2.073922876780615e-05,0.0002486194635565764
64,5,multilevel,163,112,-0.004649558509358633,-0.0014147267528467236,0.00195868345894812,-0.004399669498209351,0.002822023800062472,-0.002761181301081203,0.0014558742049338347,-0.0014109986351692706,9.722112195836346e-05,-0.0005852615814127163
64,5,plugin,164,128,-0.002236340968674998,0.0015496122110683793,0.0016767465592408832,0.0006571051651845957,-0.0016515137195947847,0.000921326271190615,-0.000569637812129315,0.0005213383598832292,4.694030810751315e-05,-0.0003429185377444182
64,5,multilevel,164,202,-0.054132664839852615,-0.0028320810965059093,-0.0020660490089738754,0.001822957688893648,0.011654947071496526,0.020490425316802792,0.004587406164693375,0.020308697870619077,0.000957483423607231,-0.00723094587350653
64,5,plugin,165,128,0.0003464196304790771,-0.00021943749129470913,0.0014331121466329884,-0.00081986116329871,-0.00047373833104473576,0.0006852154574873607,-0.00019585821548149672,0.0009391406256554786,7.209294223425649e-06,0.00013327962860746457
64,5,multilevel,165,144,0.053505653733327344,-0.002060735234518002,-0.00258785810530795,0.009860063972072822,0.0037734786251241693,0.0016367931039010576,-0.002209510174021222,-0.00371238494367494,0.00041862632085129124,0.0013509528289848557
64,5,plugin,166,128,0.002208654205828614,4.60398906059794e-05,0.00045330385726551336,-0.0008391773885709753,-0.0010857820137845696,0.0007075295435351472,0.0012955291717437352,-6.282125698735071e-05,1.2324698179681369e-05,5.700429450113194e-05
64,5,multilevel,166,142,0.012149365355380125,0.01575309029072635,0.013810559664311332,-0.02105811952716239,0.056867320642798196,0.04886685619869466,-0.05543916904201647,0.0010288153175735276,-0.0010262772243312514,-0.0006963602388913875
64,5,plugin,167,128,-0.002071680395053723,-3.840233182113949e-05,0.00039332942225787243,-0.0005936265857918803,0.000695546595495142,0.0007695403161487505,0.0002354766762416486,0.00038440594017832434,-2.692085583108275e-06,-2.239889864559477e-05
64,5,multilevel,167,82,-0.00109071697674091,-7.764228043006034e-05,-0.0025226263007330665,0.0011281195026198792,0.0012857830131973536,0.0039151592636370485,0.0015219226251981218,0.0015175262806893957,0.00014785969514341806,0.0003422779866882012
64,5,plugin,168,128,-0.0002389837294331969,0.00034672719218959954,0.00048698726815547057,-0.00028718986652217403,-0.001018983975734469,-0.0005330712293947083,0.0008031329391377752,-0.0004989684641404053,-3.263477627110219e-05,-0.0002976477808699184
64,5,multilevel,168,196,0.012361606182336215,0.005469597304825499,0.004931932143200447,-0.0007830915770088402,0.01443033691096506,0.015645353219451947,-0.0167583540905341,0.02326996285407976,0.00012003762698605768,0.003326624180498198
64,5,plugin,169,128,0.0013225153844975029,0.0007069967010662132,0.0017626871945839349,-0.0017204232360880786,-0.0013670068009493253,0.0005866689986220963,0.000911756228400049,0.0002955835066502491,3.872736291300464e-05,0.00035488442682087863
64,5,multilevel,169,166,0.024599679643510265,0.0025382435399868186,-0.034966639692458654,0.010790538058731276,-0.009398591725208287,-0.01641809410014691,0.013791847238122339,-0.019532079620417857,-0.00021110362583681954,0.0028072700512747914
64,5,plugin,170,128,7.731702670343908e-05,0.0010215430540196982,0.0015415479986920569,-0.0021344055968298176,-0.00030980236906331265,-0.0013381014271264514,0.0021979318333097356,-0.0015072607596403524,8.061538623132283e-05,0.0006917835833126906
64,5,multilevel,170,150,-0.014726062368301306,0.0008562594415423863,-0.0007866858058955123,0.008928940468383915,0.013139976246343481,0.0010467652284532664,-0.008082552421794996,0.008268511025539176,5.3719373303042604e-05,0.001420279109151082
64,5,plugin,171,128,0.002834356086089059,-0.0003669260354672996,0.0014356058386906221,0.0004568552501101362,-0.00041167900018881996,-4.726370751676159e-05,-0.000268444069580698,0.00018681519121256003,-7.939893760751692e-05,-0.0004256027716328136
64,5,multilevel,171,120,-0.016430136240191528,0.005012639368742712,0.012954421776604597,-0.010758135592257224,-0.011047179756414475,-0.0009272609857781636,-0.0006492042345065418,0.0005939339038035627,-0.0004905414972093123,0.0004454046204843215
64,5,plugin,172,128,0.0017578949155254305,0.0001860714776677118,0.000456229040032434,-0.00029899240109154733,-0.0002999895266795669,0.0009043581981151212,0.0001041353965650233,0.0004179769726245156,1.1456880087068537e-05,-0.00015518965159907466
64,5,multilevel,172,116,0.009949022707499415,0.004305438622591156,-0.012362137235949774,0.00570967175875311,0.00442205887553481,-0.008373277445531289,-0.01687513106314201,0.025833523862828014,0.00030299168905735757,0.0011397299925208764
64,5,plugin,173,128,-0.002117465818590829,-0.0003709627282583788,0.0022880303367582206,-0.0022851491018405666,-0.0014688579324231782,0.0005284870389798186,0.0013637105979157236,0.000210057170440344,-3.094221041245024e-05,0.00019782012981837559
64,5,multilevel,173,124,-0.0033584957353695027,0.01150684158809905,-0.034925248596736416,0.04065910335362144,0.015334716071568123,-0.019302768016394387,-0.0027806688935794444,0.008464077469155935,0.00029643187216977357,-0.0008522500607726224
64,5,plugin,174,128,0.0008452602184820592,0.0009016531734413819,0.00024482958998154323,-0.00020845474756471684,0.0003214386890653852,0.0010019392921730046,-0.0002547451456701329,-0.0005356936960792263,8.901494623404983e-06,2.62402639249268e-05
64,5,multilevel,174,108,-0.017876939329197997,-7.082068929764075e-05,0.03139202851267424,-0.010208008557583869,-0.010755234598478918,0.009673259003401637,0.014008296321008331,-0.005764430552348528,0.0002740159012260241,-7.077127856307276e-05
64,5,plugin,175,128,0.0010427600220119324,0.00015715258312617108,0.0009121764275947344,-0.0009773591743196355,-0.00041614823599779355,9.701538519805725e-05,0.0002943689207554736,-0.0006777548029392172,-3.397573825632655e-05,8.392743566821882e-05
64,5,multilevel,175,130,0.022208230279037663,0.000567081484662025,-0.0016257336856831356,-0.0025113870264599626,0.000543722195747865,0.006548684625749558,0.0030346372097016165,0.002109554186575863,-0.00029802996869820065,0.0014719516990969498
64,5,plugin,176,128,0.0011905780920748968,0.0007254546759089166,0.0026383974556360877,-0.002301777453470889,-0.0021512556653474437,-0.0007085342772077681,0.001923520296125226,0.0010687644729531218,4.10069300928882e-06,-0.00010780030288103585
64,5,multilevel,176,106,0.013781293326740272,0.007319536638775633,0.0054672622295051775,-0.0011830727636385104,-0.005434873594977939,-0.005418407668813892,0.008140706459637468,0.003785670285135429,-7.713321097618137e-05,0.004884038541385362
64,5,plugin,177,128,-0.0009575295745229744,8.869982193638785e-06,0.002308712628413793,3.934513228788386e-06,-0.0011782110626012475,0.000973751082228248,0.0007406122393109611,-0.001816986086681654,-4.0341773493537096e-05,-0.000388226816117462
64,5,multilevel,177,142,-0.012826751650130728,-0.002762616764262221,0.003905702063958164,-0.006097125566870337,0.002048122064237304,-0.006014426676443026,0.008482642556239836,0.0006691759658964759,0.00040234587538405666,0.0008147818183727138
64,5,plugin,178,128,-0.0004753157141122579,-0.0006966423386371029,0.0019085612008127432,-0.0019189472884696603,-0.0006495607097040924,0.000969779218423002,-8.898586334193743e-05,0.0010763291343816397,-1.8664963457638278e-05,2.5666836872126344e-05
64,5,multilevel,178,190,-0.008948922813572176,0.0023954359948818926,0.021855210844880162,-0.013211658881791342,-0.023895807817700385,-0.006891822814039871,0.008200554578616804,0.008659583451310425,-0.0004700833177026211,-0.0013500437512990082
64,5,plugin,179,128,-0.00027963451299742954,0.000197675898688784,0.002215315218733635,-0.0020986711764090535,-0.001686127571062728,-0.0007465618377203141,0.0010888459138784518,-0.0009092511210069372,-8.204240064983403e-05,-9.180132442558424e-05
64,5,multilevel,179,150,0.021322324700904876,-0.011499399542987645,-6.284377576400931e-05,-0.0023018520293062775,0.018317847296231354,0.01917298418537159,-0.010914479065591816,0.009220713071410343,0.0009658256675720918,0.0017098612623682717
64,5,plugin,180,128,0.0013955343282770795,0.0011565352603776654,0.0015006169578619787,-0.00010933329774517092,-7.231300229179559e-05,0.0013926658409235979,8.423501754533763e-05,-0.0004269125611694706,2.500349674901088e-06,8.823711906094437e-05
64,5,multilevel,180,132,-0.03313740755778307,-0.00023834131536834557,-0.027118699584506148,-0.0009332876590396516,-0.00985416990725498,-0.027251622318502998,0.018232646828963785,-0.02706427137025748,0.00027680375613923277,-0.0021867071115629893
64,5,plugin,181,128,0.0014377849756541125,-0.0006355627286628942,0.0008722338910306375,-0.0017648986156235062,-0.001895249249820001,-0.0006453322355313097,0.0019415295823201437,-0.002830247322994233,-8.746229850676927e-05,-0.00014001431766130356
64,5,multilevel,181,104,-0.014161691218725628,-0.008653365597405364,-0.00802559143981275,0.004309233324447369,0.014360712249017756,-0.0019024403442658932,-0.017698982600703576,0.005563314959567556,-0.0001319301860117419,-0.0024984554835544297
64,5,plugin,182,128,0.0009806912865141836,-5.144976290922692e-05,0.001323783582388022,-0.0014163329064677264,-0.0008826421581288088,0.0011889078713701415,0.0010271545676110907,-0.000742526229377093,4.795958566261587e-05,-9.732372060238658e-05
64,5,multilevel,182,90,-0.03408982832744244,-0.017240467651283117,-0.004737988792476417,0.00904828595384442,-0.003495294028929293,-0.004461832840234334,-0.0026018331216057155,0.009262142306871791,-0.001064196982192509,-0.002312230436486471
64,5,plugin,183,128,0.0034913280633458083,0.0006304627425617658,0.0034806056334543206,-0.0022695138627180965,-6.0702212470311604e-05,0.0026618257539066815,-0.001076939453496035,0.0016710207527863552,-6.0262451694940945e-06,3.360742955026509e-05
64,5,multilevel,183,108,-0.0003892158493518085,-0.00021943658462817692,0.0011212696153435808,-0.00705716899176192,-0.011921817292299536,-0.014217017783270848,0.011930038639285014,-0.009502427040769605,-9.858319860198984e-05,0.0010676435201135994
64,5,plugin,184,128,-0.0010368710288846017,0.0004221048721948726,0.0017183408592387982,-0.00015935933447586612,-0.0006157737937892077,0.0006879344962289063,8.314479171102905e-05,-0.0009504198341568319,-1.9487010844478268e-05,-0.00026716060102927313
64,5,multilevel,184,114,0.03651707670003107,0.0006114963775085916,-0.008934846030731159,0.011151689345932235,0.004926042788047435,0.0028365139385888244,-0.013521718431585146,-0.016837501814399292,0.0005475001358737407,-0.0016168666528236957
64,5,plugin,185,128,0.0034892851696657493,0.00026340440576520964,0.0008062344444649326,-0.0012307816837005914,0.00025334063836289917,-0.00023731858080831389,0.00012107026103830366,-0.0020000200645537286,-1.841059302954405e-05,0.00043138549970340523
64,5,multilevel,185,118,0.021168704499815966,-0.01847367874694639,0.035104680798544716,-0.04850489240863019,-0.0017314287283797711,0.013330112908198062,0.0002883151233264681,0.003192017271483639,-0.0019121791902402539,-0.010231097420863467
64,5,plugin,186,128,0.0004330382949304456,0.0005026672070480821,0.0028614035727310264,-0.0003594585440421969,-0.00021808221833308968,0.0014367158511075363,0.00026083578315146583,-0.0009247914994910056,-4.6263702781078335e-05,0.0003987440362903103
64,5,multilevel,186,114,0.00927910142400069,0.00044445701567697506,0.005113086069369101,0.0022838373282349595,0.003376239269818786,0.01120868112914149,0.018565054742500284,-0.017155173856083047,-0.0005500996973132305,0.0009060867469454883
64,5,plugin,187,128,0.0006857427196353639,0.000162562903982487,0.0010510136489382774,-0.0005006254899243085,0.0005607981442637938,0.0007802528784114622,-0.00014423636299762402,6.9814035340592975e-06,-3.7128087261890016e-05,-0.0002279498825571022
64,5,multilevel,187,110,0.01869326884392328,0.007485924312931922,-0.0032207039925256737,-0.0017591914395827068,0.010396652170044991,0.011671548045164322,-0.009536893623240993,0.004241485876626604,5.7657708135934575e-05,0.005750635179900588
64,5,plugin,188,128,0.001272344457402504,0.00018957467835710286,-0.0006250321027409788,0.0004475879078134308,0.0006284988307707695,-0.00020234403478335976,-0.0008553309861998308,0.0006863601422066576,-9.381340451575094e-06,9.087059930437317e-05
64,5,multilevel,188,106,-0.03817521227614185,0.0020776196279830754,-0.0011763864120722214,-0.0036849398887370357,0.009322762240370278,0.008301550850492721,-0.007807074314042391,0.00048587396948031753,-0.0002657012274343915,0.0020088873404879026
64,5,plugin,189,128,0.0001735059349960968,-0.00037580342116748513,0.0005372486003448576,-0.000536211207101806,-0.0011377707599144662,0.0012137308423549008,0.0005471518855495919,7.591761830838531e-05,1.2396587362716239e-05,9.548308453023819e-05
64,5,multilevel,189,216,0.003577161224862992,0.001321620041556869,-0.02132316196572933,0.00790870723338876,-0.036804684825619785,-0.014574557782042693,0.04510293529579049,-0.043889495894742336,3.04457571777886e-05,0.0036316232922722646
64,5,plugin,190,128,0.0011612994276515405,0.00016661198877927853,0.0012892078256412315,-0.0014783430415890922,0.00022640298524862572,0.00027658414280623745,-0.0005749635068183199,0.0011545323926155674,1.6209540020580814e-05,0.0002474898631942358
64,5,multilevel,190,134,0.007965216915854847,-0.0024784487123612744,-0.008536830691378115,-0.005210661877454539,0.01993281652335259,0.002814837807036129,-0.02236649067311551,-0.0028133896989413843,0.00015221889787211853,0.0022249150895110965
64,5,plugin,191,128,0.0032027090412629104,0.00025002943458627173,0.0007627413707499574,-5.416143467382649e-05,0.0004567329358746789,0.0013438877677099579,-0.001288154871229678,0.0006987694924102684,1.7276990831872606e-05,0.0003406067422830543
64,5,multilevel,191,98,0.007761003353189268,-0.0011050336594403407,0.005990231735406253,-0.00574217688700299,-0.006560691912154492,-0.006875007857859337,-0.001185295588111412,0.016721728129844942,0.00016615826351220258,0.0011838050328590764
64,5,plugin,192,128,0.0025755474490515343,-0.00017354162857676644,0.0020839906148813806,0.0005098559414875275,3.615821296328595e-05,0.0022686428126160296,-7.204192067842554e-05,0.0011825924311866132,-2.3307481970643028e-05,0.00019602469634922066
64,5,multilevel,192,174,0.000427110675354157,-0.005085314569436351,-0.008816569532392064,-0.005905260814945773,-0.007567846811777944,-0.024743481488735106,0.011844820704694574,0.009978711205109323,0.0003957280532564416,-0.003928516647970079
64,5,plugin,193,128,0.0019639116792686422,0.00024825391118772383,-0.0005409469847055088,-0.0010015680416086486,-0.0014440319771134415,-9.484678615340788e-05,0.0016194215432851302,-0.002827204436062021,-5.028473835114766e-05,0.00072448975159717
64,5,multilevel,193,162,0.04521155951534283,0.0065159680758173095,0.010371135684661914,0.011056205734090314,0.0014185465883596595,-0.01055788191909786,0.00801148649471711,-0.023967051162452194,0.0004068927356620867,0.001387080834992572
64,5,plugin,194,128,-0.0009405639208824109,-0.0003234924860791327,0.000860132159669483,-0.00010420178165830805,-0.0014373663215069916,0.0006804357154386928,0.0011420388871195882,-0.0007303119206965152,-1.5569560100509962e-06,-3.5644968810536053e-05
64,5,multilevel,194,128,-0.015287133119172095,-0.0009560586647214373,-0.002050887666924862,-0.003388173626803837,-0.018862322357777052,-0.0016530026699819059,0.02294924027064056,-0.005114701194917347,-0.0004468251871970333,-0.0014662740704346948
64,5,plugin,195,128,0.0010989958733537322,0.0005154459672592119,0.0007514746758924015,-0.00101200455511385,-0.0001250815121659264,-0.0006052913633721081,0.00038512510782820025,0.00038762047406451625,7.64120588244819e-06,0.0005239755518809598
64,5,multilevel,195,190,0.026279821585712237,-0.001422658771974213,0.0008499652520374717,-0.004358062655000077,-0.004429309663531046,-0.01653833085466245,0.0029279077522830366,0.005778140935279145,-0.001280905434166994,-0.0032319452647902452
64,5,plugin,196,128,0.0023919620305738864,-0.00012288545722137574,0.00011857950282343567,0.00016532886957800199,0.001018191026822789,0.00044908576756595665,-0.0012348603820804068,0.0008888038389750098,-1.9221165502564755e-05,-6.365861999042958e-05
64,5,multilevel,196,114,0.009250199399867874,0.0005988067168610492,0.009946022922784185,-0.012111209212107276,-0.033032861959639795,-0.012642951092936386,0.026914104274075482,-0.0002772953601099611,-4.712136158120773e-05,0.0024759644547896007
64,5,plugin,197,128,-0.0001937606146630755,-0.00037783209549613773,0.0018608321045263927,-0.0007769614805274428,-1.7571973979179045e-05,0.0010009156180069937,-0.00026049005088488706,-0.0007403454559356962,-2.1093904121910246e-05,0.0003358810594730369
64,5,multilevel,197,108,-0.012665996463107584,0.000981811954843704,0.0043640657330617704,-0.002823317950502601,-0.0025913805710097043,-0.0007626380763014738,0.00113070566089603,0.000645698867867948,0.00011327426489993897,0.0003183983969370282
64,5,plugin,198,128,0.0010282909926620995,-0.0004508344179945447,0.0012457055999552545,-0.0004466410751812971,-0.0008525422542792732,0.0005571183937303119,0.00047196048253207273,0.0015239674488939858,-4.7631247234452443e-07,-0.0002403231758979785
64,5,multilevel,198,102,-0.061903651913832916,-0.010013572082285581,-0.0020643319653197234,0.011890754050250824,-0.004994073420858596,0.010475033613318259,0.005686548545641551,-0.0029288315535024516,0.0009511161394839875,-0.0075343615215707725
64,5,plugin,199,128,0.0005117704827863397,0.0008838242899518344,0.00016321836377488082,-0.0005412513486773047,-0.0011215765660448607,-0.0001696566366460287,0.0015426828769202353,-0.0005053436888260946,-3.9773189668661255e-06,0.0002631309360311919
64,5,multilevel,199,122,0.023866630375393442,-0.0069589701421950804,0.021525047081958276,0.010008206224910459,-0.012514482770840083,0.0057722715786192175,0.021494413288873082,0.005415731897341765,0.0005413005586314896,-0.00011279848638365784
128,6,plugin,0,192,0.004065344088945344,0.0007661804554582822,0.0021580720485078614,0.0015121020339829386,0.0016908269651320811,0.001305979360700278,-0.0018564201310917949,0.0007301453364489518,-5.326747065914385e-05,0.00046258691659128575
128,6,multilevel,0,198,-0.01630057134463542,0.0021302277949015254,0.0031169998840546967,-0.0011581168564521193,0.001945874067181488,-0.0002632393872051109,-0.006392197454975513,0.012007694157346548,5.80147532371285e-05,0.0008602680549775133
128,6,plugin,1,192,0.0043480787787590364,0.0003284559624752234,0.002306317110652683,-0.0006065051022834011,9.243415172199569e-05,0.0018026435973526659,0.0002777005092208302,-0.0015302820124686429,-1.7230243709734067e-05,0.0004837956951845716
128,6,multilevel,1,202,-0.01209721197550886,-0.003538120036271213,0.0071607884245965476,0.007730498578902875,0.004790215684848245,0.006258070785478156,-0.009933208473716636,0.006821011485209488,-0.0005279919751984075,-0.00041270111884816576
128,6,plugin,2,192,-0.0017137748364593282,-7.794139731883817e-05,0.0009205286399803296,-0.0013698152763396742,0.00010285106643477177,0.00093912041092919,0.0009134552754226781,-0.0014433825524448884,4.8683081021062975e-05,4.577154952567398e-05
128,6,multilevel,2,154,-0.016906884122733345,0.0009157406002739313,-0.013187773857716417,0.018356928686842067,0.014526624861072798,0.0004085813513048516,-0.010801195793420532,0.014419073371459132,0.00033935160198719533,-0.0022674343386356096
128,6,plugin,3,192,9.951122565056352e-05,-0.0003753443259160814,0.0010790069082644066,-0.0003671813614593299,-0.00043418574147055473,0.0017977809489239014,0.000605238552551793,-0.0011139122716223198,7.264284968718409e-06,3.660611632091959e-05
128,6,multilevel,3,180,0.002612627533240943,0.01067801214552045,0.011475394645887725,-0.016261962041340883,-0.04893519962511217,-0.011943581490345453,0.04950702505650266,-0.039760506129805355,1.3734518406988008e-05,0.0003359070922581781
128,6,plugin,4,192,0.00025865373454156415,-0.000140447196263742,0.0023506185508774154,-0.001671138070821186,0.0008105559288399181,0.0009905750414734606,-0.00017735908530665799,0.0005350204984188434,-3.640779183838475e-05,-0.00016984956073101318
128,6,multilevel,4,164,-0.0076028206376117,0.003068262503798694,0.014834150842068974,-0.019276999385479412,-0.007281323206879003,0.023312338155480217,-0.0009887857744797725,-0.009162277654457459,-0.0004498412424408804,0.0008837483586205965
128,6,plugin,5,192,-0.0017468390340570693,0.0006950536153070929,0.0005203516563127173,0.0007088927604112585,-0.0010292472158026343,-0.00011996858416413793,0.0010555451907969429,0.0017549579761841367,-7.669071086077442e-07,0.00013687237137989275
128,6,multilevel,5,186,0.015222582421352352,-0.0022427894862918824,0.0005917702072910607,-0.0067409125502519264,0.022198768535714886,0.022608495040756346,-0.011412275140670803,-0.00591110283722693,-1.0062798622648733e-05,-0.003217770910032675
128,6,plugin,6,192,-0.0023008488972700684,6.524559468400632e-05,0.0011547180476594832,-0.0006051076552392597,-0.0008586235604318328,-0.0003671973786024496,0.001018930980369578,-0.000619499468153436,-1.599564067821621e-06,-2.5350294307495027e-05
128,6,multilevel,6,166,0.0012993003132786302,0.009966697961144926,-0.003923867239117537,0.004259218378422934,0.007788756567998822,0.004107035813909123,-0.006487883818310366,0.004819826755315779,-0.0005341770399039865,0.002306040703410006
128,6,plugin,7,192,2.660655953473639e-05,-0.0004216174568965245,0.002751015559018297,-0.0023781317905700204,-0.0009779765734933008,0.0009606854699577325,0.0006130476808425295,0.0010981779698528784,1.403122640951077e-05,-0.00016120692810092164
128,6,multilevel,7,196,-0.010317962594647206,-0.001724950732269705,-0.016622446942349923,0.01845311957963679,-0.001213007286852239,0.005113245266964715,-0.008009612630822602,0.011812887650915265,0.00018984101348890173,0.0013705225628910399
128,6,plugin,8,192,-0.002023130312448716,-0.00024256983845363732,0.00010358402939127186,0.00025668186946940964,-0.00028899586788670186,-0.0004140518057869426,-0.00018502113501121255,0.0009814844947438367,-1.906168130386247e-05,-0.0002238504779366259
128,6,multilevel,8,168,0.019790947484747468,0.008238395178938407,-0.010035178189656766,0.0030494856924550826,0.0012955038702402877,-0.036028473228346874,0.025154512760675117,0.0065814535530649655,0.0005852100292678524,0.0031409729501444177
128,6,plugin,9,192,-0.001315540111396685,0.0002219996001006338,0.0009785885587679745,-0.00123622487310991,0.00014440437523506844,0.0009163077648460503,9.471376458617108e-05,0.0004979461917669649,-6.00856202130874e-05,7.387749524516618e-05
128,6,multilevel,9,206,0.01215325563257768,0.005113206637852391,0.01318407916403098,0.007456107218382622,0.011172348914049397,0.019183872503861315,-0.014050298605911239,-0.0035581432700528912,0.0006587352525328389,0.004329033496220118
128,6,plugin,10,192,-0.0006656282876988915,-2.6961136879044355e-05,0.0022579232268264693,-0.00156740147830266,-0.0009605963207702183,0.0010220090119329652,0.0013082042162678184,-0.0010354904523735076,9.990034164310552e-06,6.327618336922845e-05
128,6,multilevel,10,208,-0.03812849067748499,-0.002712001613248824,-0.013269612621757961,0.019324746657833194,-0.002803074739839135,-0.007311979193231674,-0.0052295790127642955,0.0058818189233577935,1.1736216822432829e-05,-0.003045112599002443
128,6,plugin,11,192,0.001924704216967219,0.0004564539308987385,0.00044431031364578746,-0.001136122061037961,-0.0004965549750811847,-0.00028294515714403216,7.98860264450469e-05,-0.00042065718247963856,2.7711081569060713e-05,0.00025109610870594845
128,6,multilevel,11,192,0.03338168916112474,0.00445573392249844,-0.004574362043441897,-0.002962452426394768,0.00690479579634898,-0.0045553105988257615,0.005657214441302583,-0.007478368096764903,0.00017060818039274451,-0.001866299835955445
128,6,plugin,12,192,-0.0009601837618427869,0.0006463910720963079,7.620648609840629e-05,-0.0002807642879186995,0.00020425877710161087,6.286051415670418e-05,-0.00012512802296761055,0.00019125082440911434,-1.4748538142528862e-05,-4.895636703946044e-05
128,6,multilevel,12,236,0.03825609310227323,0.016742124642642908,-0.015011531732446168,-0.012103742916785199,0.004283077047846321,-0.0032839250424272306,0.009482760570628305,0.012907236751511567,-0.0004499336110147041,0.006197850157671887
128,6,plugin,13,192,-0.0008629389248380188,-0.00027340812011346675,0.001533014124034962,-0.00028381136851066054,-5.4106127798326216e-05,0.0006208822138375055,0.00019886939063833468,-2.6060184235082456e-05,3.617234834906506e-05,3.426866395001236e-05
128,6,multilevel,13,214,0.009564131867919946,0.009138595125009889,0.013675569966196266,-0.016495288860811485,0.013874262879822229,0.011826679117230956,0.0009476783204868762,-0.010160093043935113,-0.0003290580806888465,0.003064145807687984
128,6,plugin,14,192,0.005650303769400191,3.212213956913816e-05,0.0013592864209247162,-0.002319828392237306,-0.0008774781005359945,0.0006789267959804309,6.966547801890409e-05,0.0005517993794187832,-4.564532122608593e-06,-0.0001222900100221242
128,6,multilevel,14,220,-0.014128416543644223,-0.0005373990061372385,0.006529626149998415,0.0016398334326809426,0.003150669132663398,-0.005166057517472554,0.0027700168753663434,0.002238430456618302,0.00036403891713419895,-0.000689029884678811
128,6,plugin,15,192,0.0007271188324873832,-6.6095039230595345e-06,4.9928667952696e-05,0.0004468236928119854,-4.347421303843765e-05,0.0006303466270182342,0.000979010613265114,-0.0017404773496739023,4.8746024639339645e-05,-0.00016928040430286192
128,6,multilevel,15,158,0.057907069100485174,-0.006669260742301846,0.009906787253832608,-0.009531979152327818,-0.007171684887264623,0.0036470152662495354,0.015066362666834298,-0.013164525279643855,-0.0008954292548309966,0.0013345145832846684
128,6,plugin,16,192,-0.0018341735351597485,-0.0006031488120478683,0.0009031895299202202,-0.0003374723636495698,-0.00043128216845529773,0.0011303750477902014,-0.0005162448010999382,0.0010109056154354722,2.9476368259583242e-05,0.000111357661006594
128,6,multilevel,16,220,-0.0026168115164893553,-0.0046395635306308546,-0.03624232456580452,0.013356077154588919,-0.006113061955935521,-0.00663436531470054,0.007489832876516912,-0.022763383073321243,-1.991789220238187e-05,-0.004095245683914769
128,6,plugin,17,192,-0.002688253993517428,-0.0005171017451102585,0.0012462984570863565,0.000506196481165889,0.0011422286938987582,0.0011531254095367182,-0.0019645889271406375,0.0017706003309308253,1.094745940648242e-06,-0.0001532939905509961
128,6,multilevel,17,168,-0.007847764366956457,-0.003853591818595572,0.00036295724053435536,-0.0006702301814570258,0.004709030808507418,-0.0003556283577452219,-2.0717904051366187e-05,0.003917003484851523,-0.00018839310948369465,0.0009297800165451194
128,6,plugin,18,192,0.0006923019641314901,0.0004930182692115358,0.0017724280107851939,-0.001291138030054451,-0.000772709228597634,-0.00020768413261588342,0.0009030775899935441,-0.0002779986958829604,1.88360308276398e-05,2.6589446085393693e-05
128,6,multilevel,18,154,-0.01936112067220038,-0.005638132545949662,0.004952521476132123,-0.003592372828339544,-0.01330397356924062,0.002028187419013511,0.01139074056726909,0.0016894057281504028,-0.00045359188264903984,-0.0008048264718196604
128,6,plugin,19,192,0.0023347156353533977,0.0007576264779995642,0.0005868350194663249,-0.00038056814977095954,-0.0004664696986053295,-0.0005385324718744191,-0.0004313646201491382,4.82993298446373e-05,3.43546389069361e-05,8.726167427656212e-05
128,6,multilevel,19,160,0.0019355518351311144,-0.0010343784685459434,0.009648316615020788,0.0008518449982330847,0.001995923009561717,-0.005242732832740729,-0.005343958554591252,-0.003731392922601395,7.143808460857618e-05,0.0011442806442288663
128,6,plugin,20,192,-0.0016284611251050512,-0.0009324048371971042,-0.0002457068295315114,0.000310557785248073,0.0008440274694730183,0.0003778655551678317,0.00021162686516709004,-0.000361143849626718,-8.065332077843718e-06,-0.00015819682913190724
128,6,multilevel,20,194,0.0042145356551492935,0.006526991463167607,0.021620566299759978,-0.018559336550152628,-0.017072427974976923,0.0038014720680139068,0.0133932081386063,-0.01626808478021255,-6.290286332286245e-05,0.001978805171564792
128,6,plugin,21,192,-0.002983979419771146,-0.0017258619650028324,0.0011827285922918235,0.0003756672739724688,0.0006030728018620172,0.0033397808550211187,-0.0005846888505556399,0.0010301392482166283,-4.8471849222264034e-05,-0.000619648189531147
128,6,multilevel,21,196,0.014851813694608815,-0.001647925853426632,0.0028066310882795403,-0.0002221981768881841,0.006498898300295948,0.0025147946934095753,-0.0020262991786712827,0.007755141365523799,-0.00013098994093569292,-8.481626526744242e-05
128,6,plugin,22,192,0.00042572361877064543,2.6935056466290355e-06,0.000940966953437267,-0.0014584036672654177,-0.0010958615482936445,-5.9043404943511825e-05,0.002017458417160342,-0.0009405068585387851,-1.1108748603751197e-06,0.00021039579376845206
128,6,multilevel,22,224,-0.01288309356642188,0.0003437140818878484,-0.0018872019396571342,0.004979635844692126,-0.0015476296793419675,-0.00030847631349354137,0.0029977532636457074,0.004332163043292071,-5.563968354633329e-05,-0.0002817502268193414
128,6,plugin,23,192,0.001163703091654774,-0.00018604318940339758,0.0025873920951484243,-0.0008107861863275217,-0.0012237226790516645,0.0008310585125423925,-0.000586882271158873,0.0016175485345714853,1.2680688750204008e-05,0.0002588912585916231
128,6,multilevel,23,272,0.03714766020585276,-0.00588484851393267,0.04596668835466498,-0.055471644575030975,-0.013993812763241438,-0.0068473116090968485,0.013220714338264794,-0.012823408577241402,0.00013759930952007325,-0.005953123616959835
128,6,plugin,24,192,0.0011265364005363923,-6.0864291397354805e-05,0.0005075119433661221,9.060325517779938e-05,0.0004959292899209601,0.000757851387030784,-0.0005813738887005224,-2.064351730045818e-06,-4.021456245173773e-05,-0.00034793036578738317
128,6,multilevel,24,266,-0.016271265388384835,-0.0027518687213777724,-0.010396891739057385,0.013133777789479799,-0.013891693106109852,-0.0035441074371886576,0.013804152585702098,-0.02023124302504199,0.00025027372910221986,0.006706581164052191
128,6,plugin,25,192,0.0003735975053840972,-0.00017276802552786453,-0.00023150167492980145,-0.0001708013227910327,-0.00010727977643301998,-0.00030212878049724786,-0.0011705583165412337,0.001505379921107023,3.0165615842790402e-06,3.1852570678016053e-06
128,6,multilevel,25,144,0.020217810134052095,-0.0023500651513270365,-0.0017355626571301523,-0.0002883326823585663,0.005401516360440974,0.004221600355660983,-0.003161321594533376,-0.0054942548009923676,5.420885664728626e-05,0.0007782619377234455
128,6,plugin,26,192,-0.0012774637684045814,0.0006481886509119238,0.00024585022083716473,0.0002183350192836296,0.0016200562848723186,0.0013645939265899349,-0.0021238434090658756,0.0003082077057355771,-3.826134685734056e-05,0.0001798741885601575
128,6,multilevel,26,168,-0.0010307418272361526,-0.002776322011185947,-0.0025390637176414856,0.008671086045099453,-0.003217398670077383,0.004044562908103593,0.004202910039669021,-0.007344985594757619,0.0001963073740731331,-0.000431085026664288
128,6,plugin,27,192,4.503191263017832e-05,-0.0003386489069697031,-8.3635761013936e-05,0.00015992447568440217,0.001434542277418556,0.001721851752821406,-0.0013335862040660348,-0.00027997710770159823,-2.6224816099283673e-05,-0.0001261330838286638
128,6,multilevel,27,230,-0.015004351028139198,0.005045957845847323,-0.01645023527097656,0.004284812007574315,0.01562553017357728,-0.014369751908330628,-0.01636861117992169,0.02173313105911254,1.1937242851075144e-05,-0.0031017475790023237
128,6,plugin,28,192,0.0002646112945004752,-0.00021628898524676392,-0.0002451955986602416,0.0005829757729118241,0.0003656433326803048,0.002145560393963414,0.0006842539265333237,-0.0014874427388842082,8.26243427862953e-05,-0.0003404822131995295
128,6,multilevel,28,202,-0.03624633550496956,-0.006996103218593483,-0.018535709316985515,0.007919053462658138,-0.0036447902935823145,-0.0035142250474295474,0.013024010495813802,-0.032836064379531404,-5.5521293713386314e-05,-0.010545560620612938
128,6,plugin,29,192,-0.002270288549109571,-0.001235795562446407,0.0004427760793131479,-0.0012143244027164554,0.0010769495725160294,0.0015982485785598233,-0.000531285599398289,-0.0005983562530218031,-5.5550177577235565e-05,-0.00019105159748443798
128,6,multilevel,29,168,0.0018236419845894301,0.0066672541934090866,-0.003737019012873185,0.014850676428731347,-0.0077003582812488714,-0.006769789443641346,0.003731981289318427,-0.012591530255205251,0.0001292858935690414,-0.0017980800486816024
128,6,plugin,30,192,1.914360351279069e-05,0.001579181395879823,0.0013157888196260695,-0.0008281586720324838,0.00017584855856142822,-0.00012106971619370982,0.002055696593003584,-0.0008029760006007117,-8.544470445571162e-05,0.0006929085342306909
128,6,multilevel,30,214,0.03920698490195277,-0.0005830491230453331,0.010342504476754973,0.00036698621884304717,-0.018937393488229936,-0.010969597719136474,0.01215195685757655,-0.012189948115401745,-0.0002455476691849005,0.00134005051599431
128,6,plugin,31,192,-0.0009613932435618855,0.0005771160994030137,-4.8086061994843314e-05,-0.00033811193887715846,-0.000557684265124041,0.001684694840680465,-0.00069093007572829,-0.0012176056714850788,6.555618630672365e-05,0.00013804863492100728
128,6,multilevel,31,230,0.0044623428097747735,-0.00813595900805005,-0.0027892831514169684,-0.005409119578076413,-0.011262820647069705,-0.009535628776824245,-0.007601283382499326,0.011691680316929734,9.492481975199147e-05,-0.004675126790567835
128,6,plugin,32,192,-0.003317810332307252,-0.00047395287061908055,0.0019823631154897107,-0.001339259573459001,0.0019380124996788992,0.0009225374702343074,-0.0013272912663002748,0.0012977992513842531,-1.7552226240012084e-06,-2.8721359273347948e-05
128,6,multilevel,32,186,-0.02059063191847259,0.004251428211117631,0.0031706653305985273,0.005007426673004317,-0.011894668874858341,0.004533345836883892,0.0017615332467754569,-0.007373888483962152,-0.0002158532493800605,-0.003982081648572784
128,6,plugin,33,192,-0.0011862920337663532,0.00034582788603704115,0.002092397536637583,-0.0008986813283839918,0.00043030301907375895,0.0017491918587500864,-0.0002816327093855028,-0.000927559819701627,3.2044174956493324e-05,-0.00025829255188828927
128,6,multilevel,33,164,-0.011917114577273385,-0.004766574077329211,-0.007837046235285573,0.006438614809601236,0.01880384298278168,-0.005663356953222218,0.0015859090471548084,0.0001387000915471402,-1.9755371378670387e-05,-0.003117767313456509
128,6,plugin,34,192,0.0010445872840770946,-0.0014855134154877884,0.0017576047261747111,-0.00258408231831079,-0.0010153415718087877,-0.00031794627030459766,0.0013694488286812656,0.0001253741821916843,-9.008371095685676e-06,-0.00028027844498250024
128,6,multilevel,34,156,-0.03527815830001648,0.017239715424960455,-0.0004804936239342177,-0.013324861829395313,0.003692007889119854,-0.010106168171383554,0.009156880947877616,0.014087254457433999,-0.0017368210346231181,0.007050941790720884
128,6,plugin,35,192,-0.0017265952965154516,-0.0004619773558761857,0.001409006969203548,-0.0004926922240332671,-0.0002749605190882192,0.0009243343801519366,-0.00015215481440946269,0.0009295922930737165,-2.5161186193776934e-05,-8.499186767417865e-05
128,6,multilevel,35,222,-0.027070600632241638,0.007300840982119096,-0.004446712520443747,-0.0011631080750818304,-0.0017947404394927605,-0.0033820157777889105,0.001961513920010885,0.0029965274451800666,9.571440910093271e-05,-0.0005616967580882055
128,6,plugin,36,192,0.002028379363057147,-0.00016920600079940097,0.0007176815039899618,-0.0002790457519742438,0.0008563516212325706,0.0004512046601769619,-0.00044795615612782096,0.0012596539804713076,-6.234859183033865e-05,2.6954605629925377e-05
128,6,multilevel,36,226,-0.0031792632617233265,-0.005952697082771078,-0.0005010694882000809,0.019936141502572505,0.015097824705265054,0.011408923687562508,-0.003499273738729974,0.01077171577387127,-0.00010509676017221355,0.0029028868870353565
128,6,plugin,37,192,-0.0006193921487016724,-0.0007882106225792662,0.001753413209594394,-0.0018805559720274526,-0.0006629004488005922,0.00020813994547320294,0.0003173310753092303,0.0006311520307185384,-1.2717417916547023e-05,-0.00029224093027917263
128,6,multilevel,37,168,0.0024743441268249315,-0.0010802020834890884,-0.008414832299883582,0.008710578338813424,0.012581410602946375,0.009176189371547799,-0.020282333423947103,0.010084640762467295,5.4128393787040696e-05,-0.0007800936548416565
128,6,plugin,38,192,-0.00348859795369434,0.00038702684909527326,0.0009299253193526487,0.00017575600640353818,0.00010253054724389024,0.001445303880242425,-0.0007973117265777177,0.0011419746961401516,1.0540899279513205e-05,-0.00017904689360068404
128,6,multilevel,38,154,0.014690712799558657,0.005361228497674536,-0.005513278185461407,0.008644073228141204,0.0016475472123590564,0.00353759290341308,0.00024462476513448716,-0.004449528569038225,0.0008067876061392263,-0.0005949337261351701
128,6,plugin,39,192,0.0015442558504479352,-5.879727013097575e-05,-0.0010414919558742691,-0.0005292663939413207,0.0011578848293387067,-0.00022170623733594466,-0.00057518697293563,0.0008513010223749498,1.3800444494445643e-05,-1.5955007887722185e-05
128,6,multilevel,39,144,0.039192560967084525,0.0050450280999024145,-0.0037491816065182045,-0.0017767295133668231,-0.027761652266415447,-0.016821215524633084,0.03661764582941223,-0.01584049830739687,0.00037525019529914793,0.0023007064656559773
128,6,plugin,40,192,-0.0031729385272090804,0.0002535123412598446,0.0014064920763367417,-0.0011891849788304022,-0.0019813912654281346,-0.00021914643579268547,0.0024582251612944987,-0.00069358978582496,1.8362755160040533e-05,0.00026228752975248964
128,6,multilevel,40,262,0.0010009993265555003,-0.0011376659939162995,0.000489052317768472,0.006357587382562782,0.003980311573980474,0.0007379764982706757,0.005533934158121333,-0.0037166706817248207,0.00020440151692980316,0.0009753231629464034
128,6,plugin,41,192,-0.00040324228585379853,0.0006469624769078587,-0.0009783674455056972,0.0001545194387043477,0.0009198959209934773,-0.00017048225612085205,-0.0006800216261513805,0.0002704054315814552,1.7426638656819386e-06,1.3546246042618666e-05
128,6,multilevel,41,192,-0.007317498706124598,-0.0006219523442750699,-0.0008491732535254529,-0.0065851767467014505,-0.005101681715765964,0.002353923499815151,0.0035344438441305883,0.0028640921251163924,0.0003849372092845506,0.0008087513621676644
128,6,plugin,42,192,0.0004960337456249121,7.423123018144179e-05,0.0015738646306412876,-0.0006430767824008847,0.0007931740985025803,0.001975497083746746,-0.001338569516349856,-0.00015365573505951902,-4.957850988287627e-05,-0.00034148454465247554
128,6,multilevel,42,158,0.0064459486467147225,-0.002575201434814081,0.002363904576419174,0.004733070409291589,-0.02061928041985774,-0.025774826851405974,-0.0003604132827730256,0.028095522820872413,-0.00022059765372364366,0.002490349358311095
128,6,plugin,43,192,0.0013835215127041074,0.0010185878689944064,0.0006962355005327005,-0.0008789885935101775,-0.001308662857460033,-0.0021590167775323485,0.0020463864516097087,-0.0008858441604016727,4.988554862524323e-05,0.0003754729763730374
128,6,multilevel,43,172,-0.03446827859956149,-0.0030367454602658593,-0.02043190395951533,0.002386206359863588,0.012902295137220918,-0.012396409377629005,-0.010853721118602257,-0.004964795069665027,0.0002705676227964629,-0.004272123014762207
128,6,plugin,44,192,0.0008901042944363658,-0.0008346269518493906,0.002949437196843932,-0.0018202287096798044,4.571209722101489e-05,0.001132300599322913,-0.00158185516358242,0.0011022825211233476,-4.2570601834677614e-05,-0.00019625010366370802
128,6,multilevel,44,162,0.006164665802216268,-0.0014905359397955657,-0.00116534159981552,-0.005354182823710413,-0.014949482279779257,-0.01736752525205184,0.014169029010109113,0.0026025543073333033,-0.00023141503548102494,0.002514341353567952
128,6,plugin,45,192,0.003235372093899437,0.0003863822694209635,0.0006381251403653848,-0.0012499903961641161,-0.0018225899889364346,-0.0007212214705810671,0.0006745448342618453,0.00011607438663485163,-1.9925419769867724e-06,0.00042818559971141343
128,6,multilevel,45,152,0.00032643444562641404,0.003988224598027534,0.007957797951601012,-0.011141682597911835,0.0013143152604079434,0.002550118429685189,-0.0016761659216981673,-0.006147145292429028,-0.00012627243445381437,-0.0008132604123727164
128,6,plugin,46,192,-0.002804761222096357,1.7375048899209286e-05,0.0007360882991007614,-0.00016750852096958737,-0.0001370162482046157,0.00027195345124082565,-0.0006679024828075634,0.0007533620329984711,4.199286231720188e-05,-0.00020768675536923613
128,6,multilevel,46,182,0.027725546569237126,-0.006347861957311063,0.022100537582412472,-0.029976902106399507,-0.011933509434588646,0.005948422929893339,0.02030828362785919,-0.02929664311079756,-4.2619524477432465e-05,-0.0006474644222705482
128,6,plugin,47,192,-0.001193046904227423,-0.0001475502532692364,0.0012106161515216915,-0.00028870229153579177,-0.00011277701786613311,0.0013888181339782495,0.0007388744202870656,-4.565940441284985e-05,-6.166579387703724e-05,5.443749208308575e-05
128,6,multilevel,47,168,0.008175841062421644,0.005389812697341431,0.00833015113365833,-0.008701241136393562,-0.012959509297574844,-0.011303712843551783,-0.008123965974777549,0.0014469065199448443,0.00041359338587078966,0.001166143966863821
128,6,plugin,48,192,0.0020666166057691174,0.0011773609337813763,0.0002663030676952991,0.00010531963119995816,-1.872253868138063e-05,0.0007350887572112655,0.0015756265556061124,-0.0024553643806486418,-4.081659261561937e-05,0.0004190615083297949
128,6,multilevel,48,196,-0.008950923287737125,-0.008421392055753757,0.0017539342888616234,-0.013359390193196619,-0.025182941692086628,-0.00766316879897317,0.012452375537804754,-0.012121146649826775,0.0004114283258808928,0.00040379374128134127
128,6,plugin,49,192,-0.0009094533989470875,0.0003594927449504861,0.003183385557810844,-0.0020913479819928077,-0.0012355530340759494,-0.00018196391172579484,0.000644637415462246,0.0019646532210919796,7.057739062641865e-05,0.00018763156875125446
128,6,multilevel,49,192,0.001761417854504455,0.0027464512432571436,0.008364748637040016,0.0018927913048749291,0.006544091874194724,0.006459131257913835,-0.004688657815718913,-0.00895130095824623,0.00030431658976694866,-0.0006782888126691623
128,6,plugin,50,192,-0.0009138984682525567,-0.00027594180738176586,0.0014739177327320705,-0.001807950979598036,0.00031927965833144844,0.002864424821378215,0.0017444486879515419,-0.002417244000450829,-1.3203921914802547e-05,-0.00019796192239191423
128,6,multilevel,50,170,-0.018785400411377367,0.0033340308938629767,0.009806024001956634,-0.007088357092624161,0.004983012063365118,0.019906899713719048,-0.019049035655119645,0.013484387325306742,-0.0003741239081083022,0.0029619218572413176
128,6,plugin,51,192,-0.001579080598253929,0.0006848443047378613,0.0006165723402599475,-0.00135899937610774,0.001660011759782528,0.001390166781521481,-0.0013195140054670508,0.00043501380557117725,-4.134247625097144e-05,-0.00014175680803687915
128,6,multilevel,51,204,-0.00940722439889237,1.5964328270067177e-05,0.016334441392731623,-0.0017351673836047592,0.0017951584066577184,0.013335029688624711,0.004040595988814391,-0.0015406287759024654,-0.0008068089518871195,-0.004360283981830104
128,6,plugin,52,192,0.0012504190688804474,-0.0004202493902826943,-0.000529994850032512,0.0006723351411282568,0.0002303532864014369,-0.00011113088161488215,-0.0001955483106486962,0.00030963622307280834,-4.86369299226441e-05,-0.00021977493231143265
128,6,multilevel,52,152,0.00960846287570799,0.00847291377898306,-0.010683988905100108,-0.011208164285691753,-0.02897615541638606,-0.01644912551483366,0.012828935576931221,0.006348166600405788,0.00028190604170417945,0.005551942708880157
128,6,plugin,53,192,0.001217837569655334,0.0001749765954168363,0.002013392057654412,-0.003079723003308266,-8.037558786535683e-05,0.0011571574345746077,0.0004437549962451199,-0.0005429729677168154,-1.4225506972339516e-05,9.294524852059334e-05
128,6,multilevel,53,186,-0.002500385019765068,0.0047519943717285905,0.014240111036492998,-0.02613990366068794,-0.0001229391140147767,0.012146127307436128,-0.015207477158395946,0.018791277965414063,-0.00019126366828835172,0.0035005965391366072
128,6,plugin,54,192,0.001502745034393802,0.0005619271787694771,0.0015771959218814256,-0.0015974258470546272,-0.0014135461618560007,-6.012643022898201e-05,0.0002911253670935389,-0.0004777895745891152,-2.395413075598502e-05,3.6778980506908256e-05
128,6,multilevel,54,228,-0.024993709163452303,0.016028144482303528,0.013114435669280484,0.00040644683334442827,0.009557408904620252,0.005217057648195168,0.0007088222954623252,-0.0015241543599746937,0.0004799006994201767,0.0046085978012726314
128,6,plugin,55,192,-0.0005941030734050079,-0.00016152293135244427,0.00031047082820736627,1.2533717050037712e-05,-4.4002399593704666e-05,0.0001078590502608971,-0.000428886020882209,0.0004557211219396536,-3.3251475706879864e-05,6.879268660785009e-05
128,6,multilevel,55,182,-0.0042199553379686176,0.0033502537581500177,0.010419904385896286,0.009752831215201423,-0.009972082197072213,-0.0021901902817388227,0.011365291326500597,-0.01229609083153343,-0.0002236656041112197,0.0019802896405216094
128,6,plugin,56,192,0.001037321821968464,0.00041614488647632975,0.0007734944293317386,-0.00023731269913381106,-0.0004670751065622426,0.0010124122533238182,-0.00015928925130375335,-0.0016286728797678975,-4.0627316261862337e-05,0.00015545357715503503
128,6,multilevel,56,194,0.018553608358003487,8.883859069954653e-07,-0.01359936669396217,0.0027854881008423727,-0.004883945140934051,-0.01779383022913549,0.0016858590498857965,-0.001551130754702757,0.00012031975461104617,0.003815678983407991
128,6,plugin,57,192,0.0022560556121003924,0.00011210864898767761,0.0011648881307440215,-0.0013153069773465637,-0.00017661229192338757,0.00046757910671330603,0.00023936562056388233,-0.0003645923031726289,-2.525434867014776e-05,0.0001177208562403115
128,6,multilevel,57,176,-0.012656192104882983,4.844712200250266e-06,0.013509886048337506,-0.012250448827995936,-0.023860191899318938,-0.002383151743862644,0.024270279776811874,-0.0042626504950732036,0.0002632665542175493,-0.0009918683055112983
128,6,plugin,58,192,-0.0019202749950884416,-0.00040135105200258213,0.0014448611575417958,-0.0019919072702318965,-3.8892792120809856e-05,0.00016491399774505195,3.903589543564112e-05,0.0008286611065272784,-1.8402891710695153e-05,2.8093601913028328e-05
128,6,multilevel,58,212,-0.0010504411612898314,-0.0008484148783053572,0.01605393647763152,-0.002913792731967175,-0.0007278309766349748,0.008086279835394235,0.0011683592388158303,-0.008995323522783327,0.00013229852310687397,0.0015095493982834561
128,6,plugin,59,192,-0.0035054098945442084,0.0006475982900635272,0.0018490712229576579,-0.002032770195801256,-0.002345574302583954,-0.00043315975228808037,0.0029993039046182605,-0.0019113818314286225,1.408102478520126e-05,0.00018474845600922754
128,6,multilevel,59,174,0.009133102511268431,0.0008954270132223444,0.022362437500794856,-0.0009047116211232007,-0.005687145937435324,0.001304101415786137,0.0006146222811359112,-0.0024393219541266244,9.518275251890019e-05,-0.005946462610598936
128,6,plugin,60,192,-0.00018260033675078242,0.0004467000119378257,8.57742550468088e-05,9.703648378856934e-05,0.0012051172378852012,0.001135722780875514,-0.0004598539936930344,0.0003707979231334198,2.8350581824377317e-06,-0.0002583179799150529
128,6,multilevel,60,262,0.011069767002182603,0.002836741191299298,0.006335311870957534,-0.0036815103505491433,-0.012840088907189053,-0.010640672843450156,0.01445161998781206,-0.01023126215237368,-9.12365404970848e-05,0.0015880720630802772
128,6,plugin,61,192,-0.0030199670313993013,0.00014482688818238192,-0.00025213661527178125,-0.0012236756949724915,-0.0008924935506326827,-7.049012464438947e-05,-0.0005840252042281039,-4.304283145632089e-05,3.310944078175807e-05,0.0002567349813540577
128,6,multilevel,61,156,-0.013422882487505134,0.0015142441974151531,-0.008138048416723947,0.0029469602413636463,0.009460223713187818,-0.00028794394990298735,0.0007143385842397784,0.0005800254346476807,-2.0649250913964758e-05,-0.0007980952115303245
128,6,plugin,62,192,-0.0003508139968975817,-7.71876753196672e-05,-0.00011068601788166455,0.0008595572660864511,-9.992816127151128e-05,-0.0006419073188495591,-0.00019069047870424078,0.0015918067707218267,-1.6430322864462166e-05,-0.0001672934975118537
128,6,multilevel,62,184,0.0059800871162427995,-0.015782877076001598,0.025451568455488953,-0.003644343242883159,-0.0030601967944429067,0.014984894594916306,-0.013119566603231577,-0.014732296782829194,0.00016449231522771461,-0.0025099175350948386
128,6,plugin,63,192,0.0007471061849897956,0.0005040512453005216,0.0002469156890758336,0.0001171101927318441,-6.603870434995559e-05,-0.00014574666689812696,0.00042145587976564987,-0.0004465975380584226,-1.5580736576813196e-06,9.190075546063078e-05
128,6,multilevel,63,172,-0.0012962345659723474,-0.004086291853287557,-0.0015529662988813424,-0.014584236653701276,9.642630474706472e-05,-0.0006294822960778964,0.0006716849539319782,-0.005476866653066178,4.695968959608955e-05,-0.0019599072059939588
128,6,plugin,64,192,-0.0002821989766757803,-0.0005145832300440597,0.0009411286665489673,-0.0008571954874196985,-0.0002600884547880696,-0.00021689780399316755,-0.0006022622228680047,0.0004398911396161333,-1.3223038605433571e-05,-0.00024973932638001927
128,6,multilevel,64,188,0.006365453277944676,-0.006129174114467043,0.0015868701231367566,0.0013955004495902665,0.005817924638166797,-0.010912989074744838,0.0025536166004095097,-0.00027131752956751563,0.00047128939470251975,-0.005676876593292891
128,6,plugin,65,192,-0.0010421238705652007,-3.96027310061014e-05,0.00062072791953085,-0.0018335296346682027,-1.58118411782742e-05,0.0002441568909807736,0.0010694785796675457,-5.587952779703866e-05,-2.2970994156629532e-05,-0.0002176566465280154
128,6,multilevel,65,194,0.016034661528998385,-0.0028960538746148033,0.0021156712660074183,0.0031587696104081638,0.008579419650858811,0.0007265384634812059,-0.008812706424186946,0.00287821368315019,-4.853231731638849e-05,-0.0006702454517418281
128,6,plugin,66,192,-0.0010258609292491004,0.0005964465765934736,0.0012967264349107162,-0.0008742120676543708,9.668713043225739e-05,0.0006329280376284618,0.0003911367579704021,-0.000387936939514136,1.573506105925694e-05,0.00018779591321986321
128,6,multilevel,66,168,0.014661348628792587,-0.0042393969936036,0.0031024262144730952,0.004710721353849138,0.013304721811972137,0.01787627127124679,-0.009173109810896855,0.003034783250842351,0.0005769073393145002,-0.0006436906495803111
128,6,plugin,67,192,0.0005360727273353461,0.00031059483918404905,0.0024948580773633193,-0.0015258380025952754,-0.0011686531786978377,-9.683543813566049e-05,0.0011441532639781132,-0.0003971106817388908,-3.310113163138959e-05,-4.3637722535825755e-05
128,6,multilevel,67,138,-0.00508261706219431,0.007659545223756224,0.0040382308473885355,0.005583570203440246,-0.0114597973566962,-0.017713664522815704,0.013256086010505038,-0.001267707990678922,0.0001289806621280893,0.0012343457783426273
128,6,plugin,68,192,-0.00040124487357498815,-7.010894436627477e-05,-0.00019867152247925093,0.0007600654121890883,-0.0011886766051835158,-0.0007363809912168405,0.0012785473484772647,-0.0003214845171475273,-1.9772125692699538e-05,0.00017995495124754446
128,6,multilevel,68,368,0.004044115734303963,-0.005817755926225672,0.015926352638974944,-0.0025084671126834237,0.011101970045327647,0.002705239903149912,-0.01829877360973008,0.025163379977911907,-2.0929525963052566e-05,0.003934144317058113
128,6,plugin,69,192,0.00140310887811493,-0.00015552618156879902,-0.00044651180842710854,-0.00023929153642360262,-0.00030040011347299753,-0.0007474116924918514,0.0009065697555731727,-0.0007414645736973692,3.518401706280873e-05,-0.0002414299908772842
128,6,multilevel,69,304,-0.011317253758556979,0.019021568097396267,0.01822064908245637,0.004354042067875396,-0.015458599855576008,0.013685005944821646,-0.00801975593632219,0.00016274861603115707,-0.00029411813770393696,0.0025552132142201336
128,6,plugin,70,192,-0.0017744469731475788,-0.0004773049139505385,-0.00011044571796651182,0.0010747035064534742,0.0007874741205032375,5.101156937830303e-06,-0.0003130845980938613,0.0010063932386952029,-2.6190236745372314e-06,-0.0002345084274709055
128,6,multilevel,70,176,-0.012508367818328859,-0.004283125581270469,0.005118125574012085,0.008601598181687193,0.010188781150820687,-0.015621696820028752,6.852512970224695e-05,-0.0015433610154940143,-0.000265650946795699,-0.0008702447422501081
128,6,plugin,71,192,0.0012079234481336978,0.0011274940570018903,0.0015942263671418493,-0.0001547264016855699,-0.0007260773231334565,-0.0008770862665538811,-0.0003495736677740958,0.0019125443320812973,-2.6140426636730305e-05,0.00015111924167970673
128,6,multilevel,71,182,-0.008456892291955054,0.008927109709420716,-0.002619593973895058,0.008407558289488307,0.0023170069994954984,-0.02630451120207289,-0.0134647155010523,0.015374198446372828,-0.0008304456350198905,0.0018017304371292144
128,6,plugin,72,192,-0.0029529315085364554,-4.697274408814346e-05,0.002548043015088988,-0.0030464120206906593,-0.0011187455230277296,-0.0004169989392744886,0.001334448173988342,-0.00026140265216983494,2.702592245303346e-05,-0.00011070856953130409
128,6,multilevel,72,152,0.018367188612550128,-0.0003734636485214887,0.003968456246778582,0.014447102166971166,-0.00015916516774528626,0.006611370715137717,-0.001821656951088771,0.00772331961931038,-0.0009314793552795032,0.0027107714172608416
128,6,plugin,73,192,-0.003292801412528598,-0.00033316297062640094,0.0013193405291372004,-0.0010053765067115983,-0.00029542107653628006,0.0005949501186476178,-0.0001939882149983205,0.0012220799700430676,4.782912627260243e-05,0.00013505334400832722
128,6,multilevel,73,148,-0.009935790004806723,-0.003911501923298031,-0.004644505185217046,-0.00027766918916431136,-0.0010994807539016927,-0.003467485763805369,-0.003650407232940491,0.0020432167927515745,-0.0001666191078617161,-0.0016283104436713221
128,6,plugin,74,192,0.002536044672285843,-0.00010863362405266249,0.0008113633760791379,-0.00029959439678811547,-0.0004895525822227609,0.0005522781897018099,-0.0008839063402486773,-0.0004325904690904618,-1.5250732921791226e-06,9.168013830443513e-05
128,6,multilevel,74,172,0.0028412271515888448,0.002165325295845904,-0.015284477977765694,0.013751171179200527,0.00541327381638143,-0.013595960335861693,-0.006577454999080396,0.003928126439096751,0.0008712651108002201,0.0018038552807503488
128,6,plugin,75,192,-0.0009948981235485869,0.0001377650316922816,0.000390869242808617,0.0007596614605607573,0.00032265550541522105,0.0002158929850834784,-0.00015661964531642837,-0.00017005282948513243,2.8404528556042635e-06,0.0003142454135990781
128,6,multilevel,75,214,-0.007352944049088165,-0.002378280730923462,-0.007007276524818764,0.00478979305512686,0.0055534767780907,0.002190715165537542,-0.005447122353571099,-0.004288295565587539,-0.0009551847907094882,-0.0011325331405487701
128,6,plugin,76,192,0.0007920875354758049,-0.0009195794311633736,0.0012382703893356903,-0.00039725080272609353,-4.119654001983719e-05,0.0005701273715046455,0.0004076002143420859,-0.0003911026155214381,-4.050836429263127e-05,-5.7936486897196195e-06
128,6,multilevel,76,142,0.011269627590883341,0.005406874039400482,0.014975399418905244,-0.008003382440401776,-0.008986497295592213,0.0033831345615900122,0.016833940222176602,-0.03606146466899749,-0.00030949855763536265,0.0003684055129373436
128,6,plugin,77,192,-0.0006045006289133631,8.255967621180148e-06,0.0010022120560108125,6.514333986585754e-05,2.5659191697437186e-05,0.0004566475164070273,0.00019148755318953843,5.186617280817339e-05,1.898588767218716e-05,-2.8237313676658535e-05
128,6,multilevel,77,154,0.014445622049339982,0.009830848260039837,-0.018745117850489084,0.005580144975479256,0.007740673342138163,0.019658409568497934,-0.005033625561083757,0.004097633064612298,-0.0009519347587818687,0.001967398109737639
128,6,plugin,78,192,-0.0008654047084427559,0.0012740316133918585,0.0014820263038456498,-0.0006848878738108989,-0.0008924843027704753,0.00011952764883220888,0.0008561774285495894,-0.0011847101891707386,5.074258620220249e-06,0.0003478002545610377
128,6,multilevel,78,200,-0.005779121628259162,-0.0030909076393247255,-0.004732891296577935,-0.004995944535595134,-0.0020355587125996705,-0.012167212041453452,-0.0002928576959410644,0.010140896507001835,-0.00021946706650641614,3.960106504406593e-05
128,6,plugin,79,192,0.0009382345098017916,0.0001827127730413301,0.0009673229409727135,-0.003009829590191126,0.0006205889770215561,0.0010748292016252517,-0.0003911245173029438,0.0004392954394382858,9.666798387774094e-06,4.480558116985568e-05
128,6,multilevel,79,188,-0.01711589900612163,0.007407271010569591,0.008128388445515958,-0.00769491124632441,-0.008152978589688284,-0.003526893928619872,0.008002369644185912,-0.004909752637715164,0.0006723022440252349,-0.003454317089007553
128,6,plugin,80,192,-0.002016755180643684,-0.00041576641178609473,-0.00023050468002575167,0.0005266242061328267,-1.5723195230251008e-05,-0.0007174642573821452,-0.0004332543854350686,0.0012419560645562007,-4.707252902719572e-05,-0.00012339084615507187
128,6,multilevel,80,160,-0.03833376549066252,-0.0006725141523985862,-0.010065131117133272,0.012407797673132812,-0.00371132375264329,-0.025118391171966285,0.012464952772789193,-0.006370652183236314,7.700213205657667e-05,-0.003038562642726303
128,6,plugin,81,192,0.002569160082637899,-0.0005349513132446658,0.0013099369927871037,-0.0007159240777217729,-0.0011247556082932151,0.000511811059765162,0.0013237424854131894,0.0005227516900636378,4.246173438419495e-05,-4.450729336981312e-05
128,6,multilevel,81,332,-0.0006507868199645331,0.008093159132317684,0.006018900073691289,-0.0007072258358758706,0.025125844733851474,0.01420357668121575,-0.027975285569702423,0.0167044394986804,-0.0006644268065827999,0.0030748403781651894
128,6,plugin,82,192,-0.00020340761578433003,-0.0001562696263215351,0.0010467008497219736,-0.0004667757415811195,-0.0011385197888456964,-0.00022866894266775184,0.0017251172402089625,0.0003672338755627043,2.964045331434116e-05,0.00020364970475590983
128,6,multilevel,82,184,0.0014882480055821363,0.007621116669849403,0.008582903274188002,0.0035032736866743436,0.0028026026204954675,-0.00030637829340861343,0.008290450310774073,-0.0024438667637592102,0.0003173431938122867,0.00026770637893423364
128,6,plugin,83,192,0.0012502075511735492,-0.00028216819011803797,0.0012104677185658982,-0.001674004472997637,-0.0034116125517224703,0.00015598470749422625,0.002133243593746794,-0.000907727257414814,-8.491132896838484e-05,0.0005770146890425854
128,6,multilevel,83,192,-0.03861074597593948,-0.0016243960238803673,0.017215889781483057,0.012362064399329875,0.0023131499092122984,0.01564165068745431,0.004955412656100913,-0.018703346430007987,2.864929487399562e-05,-0.002063653467752932
128,6,plugin,84,192,0.0008229541988118184,0.0005270137470929767,0.00164600249581578,-0.0005534803443970454,-0.001586403954905358,-4.0579336411600175e-05,-0.0007969964918939526,-0.0002276573579719781,-5.245907204339263e-05,0.0002977593465597241
128,6,multilevel,84,174,0.001240846723013617,0.0006221987111020067,0.011599817603725247,-0.008910767475941722,-0.009827683067947325,-0.006781296390410062,0.007083973519611204,-0.0010711426308087366,-0.0004193567003672716,0.000740884025363918
128,6,plugin,85,192,0.0004270634522827674,0.00014250387528172973,0.0010598055744897074,-0.0008346277905520962,0.001169653395054932,0.0006656785934572337,-0.0006773176158834969,0.00027266156927241057,-1.4673882340349528e-05,0.0001236855873954457
128,6,multilevel,85,190,0.05456886481445871,-0.004087729987801182,0.04101509588613581,-0.03521051080378829,-0.0091400558457895,0.040470930211811404,0.0005878963543051303,0.008697543113456647,0.0011580249500226694,-0.004286525927061651
128,6,plugin,86,192,-0.0009151303376906126,0.0005570500276443298,0.00047721510384924113,-0.0011834522888135683,0.0005242949846644224,0.003087449450895598,0.0007140469604625113,-0.0004769482468284923,1.5484823083120767e-05,0.0005125107864746825
128,6,multilevel,86,172,-0.007905477395808894,-0.00015875545601783006,0.013276469316119071,-0.010324226104250336,0.008716653064402287,0.01626019877084352,-0.01302265307355848,0.0070986110425249735,0.0007027924407379611,-0.0002271945096331965
128,6,plugin,87,192,0.003261327974803543,-3.0506760235013853e-05,-0.0006390617686595861,-0.0006342172164688829,0.0003229139759813914,5.823563757821558e-05,0.00014402443119524976,0.001396101330860018,-4.766608083923763e-05,0.00022616758036987178
128,6,multilevel,87,196,0.00578755515088306,0.0015761002327044228,0.007673768986877361,-0.00676527339308576,-0.003064860406142697,0.0008376178138981529,-0.0027240526864526827,-0.0006345553960752531,-0.000502802203123227,-0.00196680412853993
128,6,plugin,88,192,-0.0007030188351557592,-0.00012119101725778916,0.0015760223190329741,-0.0020415301847086656,-0.0008942936119812541,-0.0008826485248789993,0.0002548883687979806,0.001239663437755988,2.9343286411313564e-05,-0.000202641754451015
128,6,multilevel,88,246,0.02795342441394988,0.005505522938631678,-0.013325050678077467,0.014172941874764623,0.0069786491768101325,-0.003324097638867648,0.0002657050044080405,0.0073859311492138965,2.3217998272415894e-05,0.0008603718082698837
128,6,plugin,89,192,-0.0008239711405912921,0.0003510575461453098,0.0021895177534187954,0.00033333455184413486,0.0006524219917609525,0.0013260537006744226,-0.0005061418131035492,-0.00048532295594933667,7.632715891001364e-06,0.00030813374845385395
128,6,multilevel,89,286,0.005655313217135699,-0.0007629503931308237,0.026251974818252158,-0.010508849319768887,-0.023817221832588626,-0.0017369050779415033,0.00610653716511862,-0.005008579262639181,-0.00023226796884754248,-0.0008836801609839654
128,6,plugin,90,192,0.0004589109177567945,-0.00033719784243156127,-0.001017977761357806,-0.00013576987436957636,-0.0003082126135528866,0.0002658159730013221,0.00164438583069811,-0.00083740061400903,3.798380041135516e-05,0.0002726875926335886
128,6,multilevel,90,214,0.012490202132906391,0.004034074911999648,0.00020648471205959648,-0.001239514986662295,0.015742007407208346,0.008774976163001061,-0.012797381141694056,0.008831871230861588,-0.0002649078434537621,0.0013279675696931514
128,6,plugin,91,192,0.002262550246729,0.0012369665094670568,5.213323822383078e-05,0.00031458181591443956,0.00031399361674841654,0.0003841330116782426,-0.0003407120736551197,0.000746682906531507,1.5723671076311682e-05,0.0005426639068621299
128,6,multilevel,91,160,0.0012170752914169097,0.002160485096918291,-0.001160404265091082,0.0008817116333780066,0.006236239085624383,-0.005564965180294622,0.002954698580601403,-0.002021908830690232,0.000254089780653814,-0.00036473158735946415
128,6,plugin,92,192,-0.0007639617308265205,9.359088273017809e-05,0.0016522380765326761,3.848485465538632e-05,-0.0002971005676639771,-0.0003835727193860441,0.0016522609885508586,-0.0008893743456483066,-4.140905669978017e-05,7.043568787648686e-05
128,6,multilevel,92,166,-0.018625078583245424,-0.01805945708879944,0.011263861966866394,-0.005776702588106451,0.0007145539784778075,0.001964584307814103,-0.008851447073163569,0.012399272707407274,0.000242682938675339,-0.005334864003386488
128,6,plugin,93,192,0.0017497377766576986,0.0003453086188087165,0.0017494385385028893,-0.0008278451225869086,-0.000716544091818747,-2.0844915432462966e-05,0.0008036760836802742,-0.0008646834218205917,3.3623855552710206e-05,-2.7253111337579738e-05
128,6,multilevel,93,208,-0.05476807631735896,-0.0042465972621330665,0.018777631438624143,0.004482504410294045,-0.012310551472063655,-0.009300174894271897,0.010903325188504856,6.811909722747301e-05,0.00029253230630254683,-0.0015618316674900368
128,6,plugin,94,192,0.001052529731239651,-0.0006374703919320809,0.00039275648442299376,-0.0007555941796143475,0.0005085797571840759,0.0011487436614824053,-0.0005170238469114568,0.0006926310442880066,8.44534509822431e-07,-0.0002111423367317322
128,6,multilevel,94,168,-0.003826531774946408,0.00032451409542874263,0.008232295884160124,-0.007909164981265255,-0.01558816707101199,0.004570408302031532,0.009253011735524504,0.002788164543946304,-0.0001468019986607363,0.001003752560399938
128,6,plugin,95,192,-0.002020612925733219,-0.0005130865101358555,-0.0003194270228396508,6.387407478491278e-05,0.00018785327345668008,0.0007397651391801656,-0.0012988868484218562,0.000554235977511676,-5.0708316982175544e-05,0.0001296890837772847
128,6,multilevel,95,162,-0.01158720788908745,0.006828063965551203,-0.02053258381452594,0.010993065619182833,0.01040992938977405,-0.0197828380127311,0.007106799863718483,-0.004603282811020355,-0.0001228837452682473,0.00033295256562096377
128,6,plugin,96,192,-0.0012570195347092318,0.0005093617965911582,0.000685282206071234,-0.000870192433508482,0.0014892799487189058,0.0019299542433337314,-0.0019621097764321925,0.002224400929396255,-8.91045135654055e-06,0.00018830022582139966
128,6,multilevel,96,178,0.0036223954941130725,-0.002441434047312445,-0.004657489661658113,-0.007292146735221766,-0.012126316666729533,-0.009641724960705861,0.017170852145395626,-0.0022586674681231446,0.0003458903074274361,4.5392648225400916e-05
128,6,plugin,97,192,0.0001765647576454921,0.00029293621576475344,0.0001536283035051437,0.0006243715937848549,-6.0389158143173796e-05,-0.00014052823969820926,-0.00033016575488518186,0.00047120605287153143,1.6651353979503753e-05,-0.00016871133118022676
128,6,multilevel,97,192,0.016414956489065394,-0.0065279704859464525,0.00898754911569921,-0.013926526682096249,-0.0021596889412541535,-0.00014930185496188995,0.004788768158359046,0.00012668035078831306,0.00023356130155094057,0.001516260829880334
128,6,plugin,98,192,0.0009364191764079085,-0.0008534451243738389,0.0011308190437125218,-0.000975354127282342,-0.0008504583734937839,0.0004305951617926911,0.0003079725163928304,-2.6737995449510106e-05,2.6438378098708734e-05,-7.696810839057166e-05
128,6,multilevel,98,156,0.02290469237232086,0.00879074341221518,0.006091897443599352,0.0063247972277334745,-0.005066864908094103,-0.01510185716659254,0.0061551273288854205,-0.005396560289353709,0.00022496521098515406,0.002864963985306436
128,6,plugin,99,192,0.003287434833026297,0.0007517893835579728,0.001876780018569673,-0.0023919211770445682,0.0006254733833211017,0.0010553884037787743,-0.0009893081767990727,-0.00015669152279263002,9.830133786003681e-06,0.0006216270213830995
128,6,multilevel,99,176,0.015397719787618874,0.015288290650090191,-0.0003713075164416151,-0.0061230278842776,0.0030418213156451395,0.019974282091623042,0.003272028385673242,-0.002731576352830405,5.928495521504913e-05,0.0013991920335019634
128,6,plugin,100,192,0.0030289017740269897,-0.0007219594983260097,0.0028169233353470095,-0.0005822056900779259,0.000699375689145138,-0.0005082147645918738,-0.0006556362723009719,0.0018923763352644294,2.716584601933232e-06,-0.00017485606120042313
128,6,multilevel,100,226,-0.005219472999020845,0.004464017075364482,0.006585092855404297,0.0009501703919395811,-0.0033760923388864586,-0.0010564620060280582,0.0016914664208758938,-0.002305140162714412,-6.208248369542047e-06,0.0007418250817719847
128,6,plugin,101,192,-0.0010564001832276532,0.00027184498581933657,0.0011827852194499185,0.0002455836309639422,-0.0008590930446431025,-0.00042622793530743366,0.00022799600056571642,0.0012731512051178174,4.638839677750733e-06,0.0002866389290815238
128,6,multilevel,101,142,0.04555788929310813,-0.005148146092351529,-0.01879699377055508,0.009455623137941132,0.004024944735900039,-0.03580686547766382,-0.016944859170891405,0.01964408770319229,-0.0015105229328461367,-0.0020376375013652203
128,6,plugin,102,192,-7.895810306122657e-05,0.00041099273611174523,0.000521459266825063,0.0005116205245604404,-0.0005095476231485926,0.00038847849304672025,-9.514566625178627e-05,0.0001778283172573047,-1.2334422123638421e-05,-0.0003878212565012816
128,6,multilevel,102,282,0.011700464893932635,-0.001567038694927831,0.0028142497214360762,-0.009952885310070674,-0.006804474394855903,0.00879028155167286,0.007719834858827436,-0.005662528970916863,-0.0003099160299630921,0.0008114192281006889
128,6,plugin,103,192,0.001793028732747262,0.0003033741077568289,0.0007229154376377902,-0.0010387816210143228,0.0007350717130838007,0.0007484934294354186,-0.0007143875817372,0.0012725798152795381,-4.3467627755045926e-05,0.0002050232166063548
128,6,multilevel,103,222,-0.010699166826795425,-0.0006728822441505213,0.0035575007711061432,-0.010608020762240244,0.006373290022791238,0.004070151124807706,-8.513283401515963e-05,-0.006661309308534556,1.3332054889457443e-05,0.00020848671533002552
128,6,plugin,104,192,-0.0005919651598242725,0.00010990635836815533,0.002098358143238615,-0.0007339073850438722,-0.000658648351866627,0.001481865023673941,-0.00021876877362821766,0.0008509492268067869,-2.7827936218099237e-05,3.8856872046907066e-05
128,6,multilevel,104,160,0.008393829862375439,-7.37032743289524e-05,-0.013999883421393659,0.012094226478439806,0.0002966942690092233,-0.008867296147370604,0.0027562729507895197,-0.003018757353029659,0.00012956845175108526,9.433621888179062e-05
128,6,plugin,105,192,0.00182355055774089,0.0001265442263072975,0.0011784768872221496,-0.001757593308023142,-0.0005927975896007709,0.0021460340738209596,0.0012190347833439489,-0.0003721535541869488,-8.528400266406737e-06,-6.817349456022102e-06
128,6,multilevel,105,196,-0.001249227659536427,0.0016154127405053904,-0.00205870981865452,0.00540972855118168,0.004889582528620935,-1.1486512344603317e-05,-0.005714884706621338,0.0026608114034455655,7.860951737147527e-05,0.0014866462643177787
128,6,plugin,106,192,0.0014452454654766014,-0.0005753904289847411,0.0004653756963086822,0.0003129010901415471,-0.00048372341793025294,-0.00021127181063844625,0.0003311114419933431,-0.001461833793729731,1.6965092976227924e-05,-0.00012313951885797113
128,6,multilevel,106,140,0.02735620933124143,-0.0008444768689508525,-0.014498592411229921,0.008009618446019887,-0.01084570417237117,-0.015084614520265783,0.018297840441595777,-0.021638247863039358,0.0006577678010411289,-0.0004259623804612257
128,6,plugin,107,192,-0.0013274948226818274,-0.00018720344626515346,0.0002102452828214008,-6.934286875206317e-05,0.0009469941450652331,0.00037399086861310645,-8.541660551854234e-05,0.0013234475649631606,6.123243071656972e-06,0.0001287454769963396
128,6,multilevel,107,196,0.020522044427627107,-0.020391544151940933,0.003532701910640131,0.014683123537101517,-0.007113270681733668,-0.007175576311620295,0.007805553266133548,0.011146094235848078,-0.0006522241329829201,-0.010615221989174514
128,6,plugin,108,192,0.0019311615101551115,0.0005604958782206878,0.0018203928711304645,-0.0003842013018404499,-0.0015460646132031714,0.001111511238322409,0.0012517708280192343,-0.0010539448130897162,-3.931198327054863e-06,0.0005619349932790387
128,6,multilevel,108,174,-0.004314676204063613,0.0020478190792979165,-0.0028123289252829837,0.0031743687896497357,0.0034794039482427346,-0.012323721810559131,0.00368594335598566,-0.004661284210680209,-0.0006156949809530118,0.0005080567505109635
128,6,plugin,109,192,-0.0004914559576987912,0.0013912193195100286,0.0006837848505759017,0.0007867622311814321,-2.220177811432006e-05,0.00017266144896477777,0.000525617185805767,-0.00010630222430912814,2.5891080195083613e-05,0.0004602284555060811
128,6,multilevel,109,168,0.0025911338370796116,-0.0063939983624023405,0.012315281381256428,-0.022264384208348368,0.0005105678112703128,0.007323663112932049,-0.006056027525235276,0.01764810295575327,-0.0006900163526031304,-0.0016643762367167857
128,6,plugin,110,192,0.0011541807953443645,6.547278212021424e-05,0.0014724463895975269,-0.001716362968847651,2.7729417221198486e-05,0.0018700280697781714,-0.0008850263679207659,0.0010579118259423745,-7.722672253620092e-06,0.0002261336037339473
128,6,multilevel,110,320,0.04898544475083504,0.016853017139850435,-0.013714424313436096,0.005836942332760817,0.004065141623351883,-0.010084947512495446,-0.002531411950522008,0.010296169199320837,0.00010010134390995564,-0.0010873841234979864
128,6,plugin,111,192,0.0029007835714818537,0.0006860808985577523,0.0025798087645993316,-0.0035976104742987333,-0.0021630528470361035,0.00015940678758422823,0.0010460551951228642,0.002230752947313832,2.730367690100984e-05,0.0007776377553635369
128,6,multilevel,111,164,0.008605383154704252,0.00022017280141663128,0.003690152904291365,-0.006962002404429329,0.008393406612948188,0.0138234442461598,-0.002194976301331851,-0.01136602478303934,0.0002116513633039248,-0.0018047617419531562
128,6,plugin,112,192,0.0015619295271111799,0.00039123059605674547,0.0021300710495862785,-0.0010872410666270527,-0.0008305219604243441,0.001196679190195372,0.00042351521132434405,-0.00011575141114108881,-2.7808760824765804e-05,-0.00019312932659854167
128,6,multilevel,112,224,-0.010825363754834599,0.001500257609894151,-0.004915200939050024,-0.009773517235623492,0.012534598725068947,-0.0031633226982608334,-0.012048328956439876,-0.0023544852483629434,0.0002576901124556121,0.0025927046108779753
128,6,plugin,113,192,-0.002093757027564445,-0.0005767572880607964,0.002409243630692437,-0.0006344920036779895,-0.001562438479690865,0.0014410412847804728,0.00031686410882069186,-0.00033693055645808636,3.196957276072837e-05,-0.0005762884533294214
128,6,multilevel,113,228,0.01751644318110553,-0.0025076145226051428,0.004576894098473888,0.010828019718946534,-0.0013064081637044658,-0.01746419043951304,-0.0064048890634315235,-0.0059073110640778595,0.00025831238308823964,-0.00016144478512481096
128,6,plugin,114,192,-0.0030147904780186974,-0.00010103303892895425,0.0015112769564262045,-0.0014026024203818777,-0.0006839983073728858,0.002378041245750606,0.0004157713552148269,-0.0019366556058105244,3.472023845543679e-05,-0.00044818077011544457
128,6,multilevel,114,160,-0.0011454039793425276,0.0007588744621941307,-0.022303538183919502,0.0062352753301538645,-0.004997696940578675,-0.013226238852234123,-0.0038688178463704716,0.005014996027272029,0.0005699783289927915,-0.00023525399083633176
128,6,plugin,115,192,-0.0003211824913636107,0.0006072911426134509,0.0011679827486529998,-0.001971714920451436,-0.0005243335179119909,0.0006221836567674207,-0.0008794149930997316,0.00034758426370682207,-3.285315404981479e-05,0.0002424052476214719
128,6,multilevel,115,174,-0.005816388057055165,-0.00018471642015143876,-0.009486343884617516,0.02463155930944403,0.002425066400208854,-0.0009881480637179776,-0.005082979008526988,0.004660655989885658,0.0001310825475404826,-0.00205238131132667
128,6,plugin,116,192,0.00026832883440539897,0.00039296800512760835,0.002032758870252022,-0.0033223813383550377,0.00043772253878803934,0.0019344674461804583,5.350496238572239e-05,5.178256019701794e-05,3.0487431295511764e-05,0.00013247698787570964
128,6,multilevel,116,262,0.0021349296095636914,0.007998051673216483,-0.007824325300542334,0.008217527451652709,-0.010734618238415008,-0.0036722096770324185,0.004443841826603079,0.002890813757764411,0.00023850463590782334,-0.0013783637396308608
128,6,plugin,117,192,-0.00048408013291498415,0.0010302768147707605,0.000746226381169944,-0.0013693604920473226,-8.514987621361301e-05,0.0005362361553313169,-0.0014980885743464455,0.002402800185977885,7.308603736784577e-05,0.00015212923199369602
128,6,multilevel,117,174,0.011632866237587879,0.006368642946511706,0.011136119491363288,-0.0023119951191045668,-0.0050953975372533865,-0.003229415796138965,-0.0017480836042579413,-0.0005677492620613601,9.822458152572043e-05,0.00017321811684210353
128,6,plugin,118,192,-0.0008933627571045788,0.0004420503439196885,0.001500359290116559,-0.001581967034404588,-0.0009640080673169723,5.341406049973817e-05,0.00024624032700142025,-0.0005696413513115782,-7.017410463085689e-05,0.0007211231447047127
128,6,multilevel,118,206,0.00034115463356774594,-0.011499425637243113,-0.008791550280854148,0.00871632245672385,0.004310475125425879,-5.61652394529906e-05,-0.008967912410616122,0.0022712021241559385,-5.775223374426907e-05,-0.0032721134023289125
128,6,plugin,119,192,0.0003318537414465369,0.0009021780096740275,0.002026035538059413,-0.0019514839034387292,0.0008575906597838323,0.0023853136344529338,-0.0015153378464798065,0.0006198510255775481,9.514468537854637e-06,0.00010843541878745674
128,6,multilevel,119,240,-0.011167748659205596,0.006041350225643517,0.00173734793515398,-0.0047817098640401765,-0.00783685121353232,-0.005755912068282129,0.01337855890202157,-0.008773968531656103,-9.044781880476582e-05,0.0009404371449069322
128,6,plugin,120,192,-0.0014107390605058259,0.00021165426497947427,0.0009952496538962949,-0.0018346070059972685,-0.0011299940738057214,0.0009006554403664126,0.002160033821395896,-0.0013241334853773487,-6.329974886753987e-05,-0.0002838603763725342
128,6,multilevel,120,178,0.03353485074829095,-0.00471272400574186,-0.006822968097602225,0.010665085857758938,-0.022755559299611018,-0.004070368613428837,0.0024523862625316067,-0.015250328255080015,-0.00030874338142792873,0.0057553411515881905
128,6,plugin,121,192,-0.0016838791612859886,0.0004385919101905565,0.0011356909341904212,-0.0012688109959639261,0.0001356466576908984,0.001557377629184098,3.401841705947608e-05,-8.345821918581818e-05,-2.8264696550585693e-05,0.00015581844657723787
128,6,multilevel,121,172,0.003978613869903137,0.006418533075886939,0.0024601272917707715,-0.0021327407247907753,-0.0019865119679587616,-0.0006730058036548535,0.004809383882673845,0.008428363008179488,-7.138604144969449e-05,7.816579591504764e-05
128,6,plugin,122,192,-0.00041844098247786476,0.0005841629327835568,1.3047139980214186e-07,-0.0004075338920618519,-0.00038088929191623276,-0.0013382588564640721,0.0005503481303142106,-0.00015551835764354897,-7.281588036607685e-06,0.00029834374149283465
128,6,multilevel,122,168,-0.005505557028729719,-0.0011510658927447331,-0.004432853835256288,0.003970970279282104,0.0014383380522344825,-0.0010120154406692721,-0.0009180750605313317,0.003918518204066547,-0.0004941050978861363,-0.0026589857349934485
128,6,plugin,123,192,-0.000804901574419098,-0.0008468531785310312,0.0016356634576738369,-0.0015723740856098773,-0.001424153222129944,-0.001184759292167552,0.0004248977174996784,-0.000744791651477349,1.842562695299667e-05,-0.0004105446717435898
128,6,multilevel,123,216,-0.008692586821003634,0.0006222001340525117,0.008047258368438913,0.004730286690628319,-0.004522390828549581,-0.008549879142307358,0.0044766370388591185,0.0008577881649328402,-1.0154307169079993e-05,0.0009238785238623392
128,6,plugin,124,192,0.0025947519506495462,-6.911898692006523e-06,0.001489824602774031,-0.00035566597720950745,-7.907030293220622e-05,0.0012139246457555757,-0.0006203257747033946,0.00027833685222333266,4.6164512993610394e-05,-1.0982662090525794e-06
128,6,multilevel,124,180,-0.010418087653610714,-0.00193965002193439,0.014438605960486047,-0.008216765358229393,0.014276372316228688,0.024267392713768668,-0.008353568906908242,0.0008256557285979888,-0.0006566954603079789,0.000562375463563149
128,6,plugin,125,192,0.0001256444972409246,0.0010296463082606685,0.0007603753792228925,-0.0006740783089724952,-0.0008593619895372692,-0.00038700114088150063,0.00033384660913925927,-0.0001333525657125254,4.5157076724250794e-05,7.910607320111163e-05
128,6,multilevel,125,182,0.00808560816391043,0.004828549626170206,-0.010978797280216088,0.006159159199305828,0.02182119782195537,0.0010488609179621841,-0.016442583011427824,0.020999236687069534,-6.32098667982245e-05,0.003952388737066031
128,6,plugin,126,192,-0.0005862865020179429,-0.00041551293017444294,0.002059286883863172,-0.0025095642766227726,-0.0006741730538913402,0.001026476841327719,0.00023425488215153166,0.002087451014073203,-2.3716766835772732e-05,-0.00040529171877688123
128,6,multilevel,126,290,-0.020485160826214495,-0.0005897061927021698,-0.019462485465051787,0.020349130997511185,-0.005945676379009785,-0.006408541738716869,0.016945582410895933,-0.01788446236536707,-0.0004815440112029583,-0.0027152964827126384
128,6,plugin,127,192,0.001809642171465408,-0.001529832714631268,0.000649386285507477,-0.00045096649308009153,0.00015639963781184708,0.0011133336241269547,-0.000522392532973723,-0.0002059969603746673,1.5094745499693036e-05,-0.0005708821065554868
128,6,multilevel,127,184,0.021625738367904792,0.015283426309057345,0.008005079395998588,-0.0031815508672069005,0.004294588328029955,0.015022955453109802,-0.007302741558097806,-0.00382753368864834,-0.00027807095501881674,0.002118931618763845
128,6,plugin,128,192,0.0027660763440903544,6.498180125081691e-06,0.0005331880583700837,-0.0006589752168175034,-0.0017006142848941318,-0.000910381001160587,0.0017920655148279808,-0.00034448044044256586,-6.07545657055218e-05,0.00018631044679938647
128,6,multilevel,128,216,0.008251370227043373,0.008917565189262061,-0.008864875067884264,0.01301087442247006,0.011025299390301634,-0.003306506916496503,-0.008562260396920924,0.017129062545019617,-0.0008723204566775692,0.0009496847771828115
128,6,plugin,129,192,0.0014419635763531823,0.0010902927078989281,0.0004055029087929063,0.0002763941702600476,0.0005232722693714307,0.0011915164734727277,0.0010290507395269788,-8.368753102566748e-05,-1.466105927572231e-05,6.990358568318111e-05
128,6,multilevel,129,154,-0.0017099264648974388,-0.0005105709832296955,0.003069795854599504,-0.005097027178965802,0.012612137456748041,-0.0031279015037955164,-0.007349030696833616,0.011541605151892786,0.0002466164888125693,0.002528863516492276
128,6,plugin,130,192,-0.0003894295855640455,0.001223173703578145,0.002217516632592816,-0.0006287533420503375,-0.0008295215046744432,0.0014212327666622295,7.924469672664636e-05,0.0018641023539960318,-3.7277138656880095e-05,0.00013390672565203988
128,6,multilevel,130,164,0.02565387690593541,0.004135841514746555,0.007628833697968604,-0.007876192365783017,-0.014220392446379898,0.005838152320612834,-9.987106483928456e-05,0.01137319740589055,0.00031563147899548577,0.0030945105249797385
128,6,plugin,131,192,0.0011658538327442797,-0.0001001401142397108,0.0007423676310730311,-0.00157084709500012,0.0006382808964747392,0.0023722931731486986,0.00035131630259042197,-2.9808817449653452e-05,-2.598354267603642e-05,-3.4291600596735384e-05
128,6,multilevel,131,220,0.0033942255902313216,0.008182880903946282,0.010185129308352883,0.0024585506154086705,-0.005569182751694471,-0.010099689951272615,-0.0036484993867077786,0.013953890649650243,0.00015454919039116418,0.008602728971964539
128,6,plugin,132,192,0.001136364881011651,-0.0005409835885869033,0.0013932508289609738,-0.0016034093761640778,-0.0017282048315083501,0.0004117976618107862,0.0006963839509269657,-0.0009151265861378501,-4.822799134901395e-05,5.574037010723386e-05
128,6,multilevel,132,146,0.0028473023216603827,-0.0011428629467669334,0.009477795720900349,-0.015823351984564592,-0.007860815644913944,0.002877619093480999,0.01697739388555305,-0.012298609057986487,-0.00018257269321184582,5.499652296905711e-05
128,6,plugin,133,192,-0.00314752156564987,-0.0003278639252828734,-0.001534643493460662,0.0005935201729700386,-0.0016806678458874866,-0.0012656177828018107,0.0020012628072996904,-0.0015953370869943393,-4.777979882475026e-05,-0.00020887067970888482
128,6,multilevel,133,158,-0.023422292732260236,0.0076213139643344086,0.003904493262854829,-0.012692291927321506,0.0022917412002324018,0.01893383599708401,-0.006200895664934959,-0.005779645250681225,4.186781739477482e-05,0.002602293776781167
128,6,plugin,134,192,-0.0005591153987072768,-0.0006081214363585467,0.002281922406964918,-0.0016403955799333748,-0.002187175866784502,0.000981541930059893,0.0009391486814342217,0.0010903308638997799,0.00010321987798833392,-0.0002273533186063935
128,6,multilevel,134,188,0.004373123700208791,-0.0008822307699698044,0.009951799015427774,-0.01076048753594953,0.004269298896487524,0.0019102446305685674,-0.005983175380171098,0.0064008023891373896,0.00034235586715827663,0.002003214671968954
128,6,plugin,135,192,-0.0008343087139019251,-0.0003499154011801035,0.0005214361024245014,-0.0006029695216661269,-0.0005762910183298158,-0.0007567479000092805,0.000640564971072018,0.0007668582556205848,8.538679723445864e-06,2.8102592600150405e-05
128,6,multilevel,135,254,0.018760569703104628,-0.004224902952856771,-0.018500106684845002,0.011810916239405646,-0.0063792538688085005,-0.004792949177078453,0.023804217850650112,-0.0279842745190106,0.0007723682088447558,-0.00016640794601787486
128,6,plugin,136,192,-0.0008449798815985167,0.00014123446228643904,-0.00011138294750638952,0.00035354310265865263,0.00017244678298937148,0.0001943046270134581,0.00010245090232846336,-0.0002690879837286783,3.575385417814898e-05,-0.00021389753372393614
128,6,multilevel,136,190,-0.00955318526372272,0.00398765934310986,-0.005199702410533105,-0.0015890279525970677,0.0042423107698860325,6.949553501918759e-05,-0.004060960642043419,-0.001141676680162263,-0.00018097098105614057,0.0007298655110560019
128,6,plugin,137,192,0.00023270813194835763,0.000174037202533936,0.0018865656766976328,-0.0018277337548830016,7.975199904002364e-05,0.0024829658759205776,-0.0005464924614315989,-0.0002442335852270845,3.761992802735378e-05,0.00019677913653874744
128,6,multilevel,137,182,0.02545957349464918,0.005573576394164782,0.0020759337986560418,-0.036166867695619664,-0.014374832686918753,-0.00026636959091637727,0.015498402800868031,-0.004148711853207915,0.0008770734310352843,-0.002878035282229525
128,6,plugin,138,192,0.0008530836473979372,-0.0005462926230420414,-0.001578685192349232,0.00047254390916586566,0.0005829127888061569,0.0007652298491667348,-0.0004814779336227819,0.0013381855359885437,1.704798078725915e-05,0.00020240220799928578
128,6,multilevel,138,154,0.05994618881676578,0.008150532667549965,0.002855328794446014,0.01842450221029584,0.010955866503258646,-0.006820528157527947,-0.026412243739165023,0.02508021403347177,-0.00021984481172847498,-0.0022390776683492235
128,6,plugin,139,192,-6.874146344040805e-05,-0.0006319216885156741,0.0013748358061985262,-0.0002903694930865045,-0.0004029888817369999,0.0015925602387875252,-0.00023072555693793477,-0.00010869137018210389,1.3853707229185016e-05,6.938041127669378e-05
128,6,multilevel,139,142,0.008901322596240832,0.006032152451559556,-0.024793502008781044,0.02227763643181614,0.003281487164787387,-0.004087544799798206,-0.0067300332759109745,0.0038906115202830623,-0.0004201213140144978,0.006108827896546312
128,6,plugin,140,192,-0.0014515324066740425,-8.238908101069587e-05,0.0018764241511759305,-0.0005509554232071558,0.0010139167114330187,0.002620591678617184,-0.0006547524142527019,0.0008883169889964232,-4.1326122617705307e-05,-0.00042047843809841845
128,6,multilevel,140,174,0.05292866807253095,-0.003027624465861928,-0.0019650267344386483,0.029458854618569674,0.0012022784043770136,-0.00011904057769790932,-0.006915944493377165,0.015219722366859192,-0.0005304725112661486,0.0014740823347022716
128,6,plugin,141,192,0.0008532178848848013,-0.000323625139723554,0.0007851957358589461,-0.00042239614999090594,-0.0006406118399860697,-0.0003920748161932094,-0.00020383624750536797,0.0003331780406496669,-7.168180874649407e-06,-0.00022001075067819468
128,6,multilevel,141,190,-0.0034522979226382956,0.0006350457231962146,-0.006563610002262911,-0.004238993739264241,-0.006212396263497122,-0.023737818761065718,0.007209805230724664,0.005232775412463183,-0.0002840036251619547,-0.0012579560948649843
128,6,plugin,142,192,0.00034834958953578273,0.0004749405833443294,-0.0004571014606147289,-0.000332036609920881,0.00025068987719938774,0.001754690758050629,-0.0008392706428045238,-0.0009557716000333121,-0.00012553634586465572,1.5075502824722469e-05
128,6,multilevel,142,154,0.006729219958634502,0.0037208973392257433,0.007026020218078496,-0.011651835414643241,-0.010360993738187795,-0.007582391717820139,0.01117284956608166,0.0019291823959292876,-0.00035812253801121164,0.004645328947485802
128,6,plugin,143,192,0.0019291202333524416,0.00016043451160837168,0.0024499398995119857,-0.0015802456222326275,0.00024103772002069768,0.002322709615446007,-0.0012128747111974435,0.0009234082063727535,1.9353589892369363e-05,-3.0245291765057585e-05
128,6,multilevel,143,206,0.015865289338961572,0.009068061453946005,-0.0024846293481527258,-0.0033484002187018315,0.015775412202606753,0.008079817126609367,-0.0073305451936837894,-0.00039847497931560003,0.0006029131452900355,0.0016450620289868711
128,6,plugin,144,192,0.0012667673129739979,7.76298638640678e-05,0.00041389431824064276,-0.00048163706177019566,-0.001691841237509191,-0.0008578868613733011,1.6268726510490115e-05,-0.0003296665065233816,6.80193427799881e-06,0.00015013211348055376
128,6,multilevel,144,174,-0.005079342836294119,0.003567983151419745,-0.006634047511889706,0.0005177471852348355,-0.004054853597668707,-0.006784101131598076,-0.010315169430612081,0.016989321167570653,-0.0003229829116828914,0.0009091958251110152
128,6,plugin,145,192,-0.00470248371039694,-0.0006527312501417302,0.0016992189732830745,-0.0006660550185022269,-0.00040898669902668296,0.0007768857400161878,0.00028490166150004983,0.00044549978868940624,-3.5475259384863647e-05,-0.00011640110852868902
128,6,multilevel,145,238,0.03767050299470096,0.018090147621907356,-0.016912775773527632,0.01235967766998284,0.009651262750100911,-0.002544472131413397,-0.018828282286591985,0.03845669049109401,0.0007742510526762243,0.007645502984353968
128,6,plugin,146,192,-0.000959536590992855,-0.0002694075261915592,0.0008379222273062872,-0.000636681828659126,-0.0016161899749755047,-0.0004907825200992258,0.0014028517314389618,-0.0010285083942200453,-2.9328668783735742e-05,-0.00015248735010527252
128,6,multilevel,146,226,-0.007303276181870593,-0.0004798418220823076,-0.01221171363515939,0.007787587577912871,-0.0034859163080598362,-0.0182974669224694,0.0025616979042416025,0.0035185087404371214,-0.0003515817203597469,-0.0017808899517180597
128,6,plugin,147,192,0.0008049313410682962,-0.0008648046673203642,0.002877993810086423,-0.002643811482481651,-0.0016205335554278903,-0.00017836418394538695,0.0006044929260197212,0.0010187457513818894,-1.8694176338952044e-05,-0.00024139426440778237
128,6,multilevel,147,172,0.025087046784396085,0.009736730029285394,-0.004807924002191387,0.0031201965294170918,0.015169123499498987,0.0035456025695257782,-0.004413903370309442,-0.009819687958511628,-0.0002591195272353213,0.002297909796623741
128,6,plugin,148,192,0.00019088023375364273,-0.00016873651384626397,-3.773473700484277e-05,0.0015158213527982148,0.0011023647768340747,0.0006288534311638213,-0.0011088536208880451,-0.0005062268617847844,-1.3400442991411324e-05,-0.00040233928849798335
128,6,multilevel,148,168,-0.0069224355143459575,-0.0011430851365399077,-0.012798751984390792,0.007891595998680856,0.011995389307864488,-0.00159024947844126,-0.011735972153354474,0.015632406321809424,0.00022216430041393002,0.00879626578020969
128,6,plugin,149,192,-0.0012484802938899976,-8.239391784991651e-05,0.00093584515341839,-0.00031927106662572,2.057581906111098e-05,0.0018228397571208078,-0.0005382410005784468,0.0009511474489519483,2.7600818355950566e-06,-0.00014131840797844514
128,6,multilevel,149,310,-0.022693865046692043,-0.015397527834434245,0.013261752007358163,0.003353172743198894,-0.015265027992892007,-0.0011394125631408816,-8.26232979032841e-05,-0.010412127334019014,-0.0004891635060828756,0.0015045784512458717
128,6,plugin,150,192,-0.003940214794372528,-0.000699616710683008,0.0011827906091237525,-0.002074091933968488,-0.0009751852846036717,0.00037687276814830727,-0.00010706257745584585,0.0005691227011574228,3.1869469877426656e-06,-0.00010625518367295473
128,6,multilevel,150,150,0.005083998048458363,0.0027764405572082763,-0.017090905718028748,0.02012076984253889,-0.0013350719645534304,-0.02480775251735232,0.006313367703879428,0.00834616412724441,0.00017406682500633583,0.0020706461663225636
128,6,plugin,151,192,0.003643621289530347,-8.605431235523426e-05,0.0025576622279998356,-0.002740067636708244,-0.00035754203886538674,0.0015659034918244186,-0.0008975100124156068,0.00044988623413359205,-8.830714035613106e-06,0.00029640078831801026
128,6,multilevel,151,194,-0.038515222534967364,-0.007345038163458555,-0.011842790924065238,0.028933890927358805,-0.002889332787791955,-0.01233992457936232,-0.005515800680812761,0.010087567963332317,-0.0004903762338702673,-0.0008273579240211141
128,6,plugin,152,192,0.002038107060103634,0.00044991453839121127,0.002439825501625726,-0.003389327967304922,-0.0008364956819090021,0.0016345745051568696,0.0009144558818778903,-0.0006355284171835091,2.794831127996593e-05,4.2738559845377884e-05
128,6,multilevel,152,138,-0.00027562921777593644,0.0013118383325833156,0.00029108200735628487,-0.0019973172253924657,-0.005798633122996546,-0.004629886036509481,-0.006079728235050457,0.012692442532133837,0.00026999081944679504,0.002661136163851109
128,6,plugin,153,192,-0.0003131039165301653,0.000306383142644353,0.00124693780160649,-0.0006706510059244874,0.000168104831214801,-0.0008376716022661107,0.0007846120319632853,-0.0003033708308998098,-1.00552601473472e-05,6.120654447359345e-05
128,6,multilevel,153,180,-0.006695989293452583,0.0011897794736604893,-0.0011820970097841175,0.01775508971162217,0.002971836327120892,0.004619781221369646,-0.003380295470238556,-0.009636963049444513,-0.00015077456582472088,-0.0010508470160497084
128,6,plugin,154,192,0.0005063996144407702,0.00010612576572934311,0.0007889000987358404,-0.0011119908240895748,8.032082169436998e-05,0.0017328536986070929,-0.0007691022992652058,9.968623328418261e-05,-6.685485958643806e-05,0.00011498865650357475
128,6,multilevel,154,164,-0.011056444214238648,0.004136035503277787,0.014865076544183845,-0.006854899193259048,-0.009585901178349593,0.0072911775287690704,-0.0034888116627505425,0.00302525094499333,-0.00018944212321017525,-0.0009208771611505926
128,6,plugin,155,192,-0.001103660660019449,0.0007472585035984373,0.0016924207253281468,-0.0033895606365686552,-0.0004573515411540562,0.0018003355796336372,0.00042203160731155804,0.00012617454388011933,1.1123752408396074e-05,0.0002138150391758512
128,6,multilevel,155,182,0.021232020227781524,0.003379082249759668,0.007780052840980213,-0.001759835445935394,0.00252168052512274,0.006172657408834193,-0.003754421204888297,-0.0009345760275914711,0.0006649680941104895,0.0022873642716536376
128,6,plugin,156,192,5.980985234004453e-05,0.0005123919069377069,0.0013393831746286965,-0.0009941495227260384,0.00031909265433250424,0.00021071158316163382,-6.388679551143448e-05,2.722085649484056e-05,2.745114550046461e-05,-0.0001847566144283283
128,6,multilevel,156,244,-0.006612216773629603,-0.0017093835584784123,-0.008972488003309673,0.004389295565435011,-0.006498336623068007,-0.010184478347332626,0.013191952298022835,-0.014824207533843526,5.5961475989023006e-05,-0.0016439167793964244
128,6,plugin,157,192,3.1229335340949354e-05,-0.0004951981283133236,0.0010794579821393983,-0.0016735634565059033,0.0001327120074913843,0.002014984352903643,0.00018505008370007286,-0.0006647763403923988,9.093271926399098e-06,-0.00046497881545936286
128,6,multilevel,157,162,-0.00805789155313342,-0.004358487681148593,0.03756595645931188,-0.046426507933370574,0.0036603276341943165,0.048463533029277174,0.012395354259920024,-0.014608077389456747,0.0011362586410025065,0.0012637167164393193
128,6,plugin,158,192,0.00041077758257355664,-0.00017475491169532606,0.0003345900081317218,-0.001742853368338007,-0.0018825618706292218,-0.00023436763085857393,-0.0004628744728385949,0.0019032698153883514,-7.544692781594106e-05,-0.00011879435906280698
128,6,multilevel,158,170,-0.0031394079786938624,0.005984505715035166,0.0092848656089469,0.0007561441262087927,0.007237052535960319,-0.011077277719224354,-0.019994082047994143,0.013996623622059301,-4.6313636753678277e-05,0.005905084843412148
128,6,plugin,159,192,0.0006405767529259695,4.9985013694123e-05,0.0004571677800439621,0.0002562344508105822,-0.0010294151744048479,-0.0009144543834443884,0.0015074297398638184,-0.000757646514037558,6.643155574293728e-05,0.00012640933952489205
128,6,multilevel,159,208,-0.0005531597892332198,-0.011063930520236222,0.011658259986234357,-0.0019184213900644853,0.016643866695031668,0.021060253136677313,-0.009123577657826051,0.007411357466586128,0.0006182073618833856,-0.005357754235009151
128,6,plugin,160,192,-0.0008804724726150611,-3.523020900869644e-05,0.0009271266677916126,-0.0008494306727787552,-0.0012780693545525776,-0.000645934563979048,0.00084244586268879,0.000378996354974766,-2.722700713097836e-05,-0.00024524753093079394
128,6,multilevel,160,214,-0.019143029464281563,-0.0010231520988882748,-0.010362328837421749,0.01351463886035365,-0.007812861352635718,-0.021097019264068498,0.021269958362294793,0.00010939626500813486,0.0006068507361534217,0.0017698124722747587
128,6,plugin,161,192,0.0024512298938837137,0.0005370116812430158,0.001514220830220552,0.000261118175064291,-0.0018940661702147757,4.041526392313491e-05,0.0010795663914223792,-0.00034037882720317023,-3.279815624859967e-05,0.00016504757651905806
128,6,multilevel,161,152,0.00514110505285467,0.0009772358208559172,0.008913752604637046,0.008499399867496281,-0.0008819655251774875,-0.005591803278415235,-0.012501321644875921,9.594759455560642e-05,-0.0005895350363667068,0.0035736868764775394
128,6,plugin,162,192,0.0011662064395943454,-0.0007042672809754544,0.0015233576266769752,-0.0015221310692696058,0.00020969692976619353,0.0025214597002319026,-0.0005571424391841394,0.00022400034152979145,-4.579253146499903e-06,0.00033587784666498345
128,6,multilevel,162,178,-0.011684021617406897,0.006828712411060098,0.0006258433042594572,0.005945239367619297,-0.010633156478309208,0.002586207002354614,0.018668301467294576,-0.005305371348531296,0.00033630240239244485,-0.0021947195570081756
128,6,plugin,163,192,0.0003470613985164416,0.0012973714827738943,0.00035061913905666715,0.0007994214850611613,0.000997590076835316,0.0011968887446870123,-0.0003049504903501398,0.0008857423503006672,-1.7660358084523303e-05,0.00031176013515843973
128,6,multilevel,163,222,0.005496717984313858,0.000229559384184271,-0.0014343679284312399,0.0048445263660652355,0.011006025258016777,0.0018547594120020534,-0.009329121866897966,0.0014202875670405312,-0.0008720430839905444,0.00215536860289851
128,6,plugin,164,192,2.5599053969292126e-05,0.0001412693780330347,0.0011025458792575647,0.00010371376154719208,0.0006136047629307073,0.0005290902808172489,-0.0007415517101197614,0.00029146112341388715,8.825386026923884e-06,0.0003320315846061469
128,6,multilevel,164,294,-0.0039517204687658045,0.005580993674724809,-0.010681728474965773,0.00502676439609264,0.016278887261985026,0.0026060268709741717,-0.01632948593897159,0.01788682613172201,0.0002157495937007682,-0.0016035545613195088
128,6,plugin,165,192,0.00027930744226382085,-0.0001572032152074197,0.0029406905090338187,-0.0016202085785865365,-0.0023200876943425554,0.0007342553637504889,0.0018785636281969831,0.0010298255226418422,2.7845921007180103e-05,-7.517356643347464e-05
128,6,multilevel,165,150,0.03634709534388452,-0.0018336772877170472,0.015363069007970315,-0.00013476868308128428,-0.00900088988881611,0.004240009653136686,0.017143508408171627,-0.006028225841969727,0.0004363565268754523,0.004650352396140683
128,6,plugin,166,192,0.0012403122821296123,-0.00011428494002127723,0.00036605246855562834,-0.0007656466782815348,-0.0007644070478380807,-0.000536028974366402,0.0007360463117843477,-0.00023638843628574568,4.313856123989587e-05,6.253648561610377e-05
128,6,multilevel,166,172,0.02496769136639116,0.0011903755144536208,-0.01162310847067607,0.0037281179171109787,0.011688521074445877,-0.00629240555390852,-0.006374203971912714,0.002274805451189898,-0.0009632775489171282,0.0015239217307059572
128,6,plugin,167,192,-0.0001582122420901203,-5.2120391259041315e-05,0.0015159386131187785,-0.00016965854584089884,-0.0011384169419727571,0.001490122930677604,0.0013603950338555726,-0.0008695650429365019,-7.663187139349757e-06,3.5530648151731614e-05
128,6,multilevel,167,172,-0.07083425398301522,-0.002695030888942783,0.0024053068714940096,-0.026725325934899874,-0.009628828601534306,0.016461236614833164,0.0164090520531167,-0.03789486368514598,-0.0003036797780149581,-0.0024463729302469156
128,6,plugin,168,192,0.006278393117832555,1.9628831042569446e-05,0.0010680604498812811,0.0001925792897637029,0.0005423900315221999,0.0014659781181168138,-0.0017903122776808697,0.0011203865012639957,-2.381451876156879e-05,1.733137038258323e-05
128,6,multilevel,168,184,0.020484829860168488,0.007340782051731931,-0.0006509349189401372,-0.004064017420570441,-0.007033169633262856,0.0013447223419229327,0.01662716702344551,-0.010744442134833736,-0.0005828918128418106,-0.0006066282783798409
128,6,plugin,169,192,0.0013950923042077182,0.0010664020912901377,0.00043783704927294613,0.00033348336145344853,0.0009574459555752585,-0.0005198811126123497,-0.0008451859376088458,-0.00011477455755594347,-4.280351357429393e-05,0.0002604296720940186
128,6,multilevel,169,152,-0.008672983508369383,-0.018684572428205,0.009452945408456797,-0.0013639571247976105,0.014792265815620119,0.014971409332442419,-0.02286355733933822,0.031147648320850794,-0.0004235448180786215,-0.004992023973112853
128,6,plugin,170,192,0.00134545256690626,-0.00045837039243085587,0.002281610145671631,-0.0010464462180393127,0.0011953858402588254,0.0014925477094824991,-0.0007321594893647199,-0.0003929097313786002,4.4317698920502856e-05,-0.0004116254237352909
128,6,multilevel,170,214,0.018228520661107618,-0.00331068164392193,-0.0009648606449393336,0.0028371286403271493,-0.001021392407258608,0.006734989485552074,0.0004965015369550503,-0.008686404800927104,0.00041668047252460777,0.0015204277593125121
128,6,plugin,171,192,0.0014661017541802816,-0.0005241042789901933,0.0006194504873257751,0.00079034756224499,-0.0007819453424279157,-0.00010982374536694196,-0.00042563937200694685,-0.0018519547982677935,5.446334159325484e-05,-0.0002394038967795042
128,6,multilevel,171,156,0.004426829199885847,0.002719982464908131,0.002152215052497472,-0.00022361653598556143,-0.0030172801556598815,0.004797516735784404,0.0031725687688284256,-0.0028774547973262877,-0.00025878823667317046,0.0021497037091196144
128,6,plugin,172,192,0.00022582152852980132,-7.752543315644883e-05,0.0031154395144710823,-0.0024890157572475223,-0.0016567713671268543,0.00046445076946166576,0.0006029992699231399,-0.0008698758119873463,5.0102034873788694e-05,-0.00023789002661772518
128,6,multilevel,172,168,-0.007590651043095338,0.0012185126250951227,-0.006977697191855434,0.00022876536022657155,-0.011472670171950623,-0.011600221256768968,0.012664835379870303,0.019103136763834565,0.0006121966483642914,-0.0035872780478552898
128,6,plugin,173,192,-0.00013709491090562788,-0.0013843273125411677,0.0003991935013631502,4.687247629370369e-06,0.00022823773112571057,0.0024849191676768806,0.0010360903744196528,-0.0018436606939179856,-4.8302313010587054e-05,-0.00041309006728733897
128,6,multilevel,173,210,0.0070020584079398245,0.004963297665140212,0.008549199044432692,-0.00684292686534816,-0.017227512736109025,-0.0026550775391073825,0.0006046228370518911,-0.0006266661006852504,0.0002820755840126573,0.0004308850358877646
128,6,plugin,174,192,0.0006447519408689599,-0.0004671295448105804,-3.144344505342992e-05,-0.0014839186498269933,-0.0019017312562621142,-4.972221094065574e-05,0.0020072436846329945,-0.00021711598368989214,-3.598694402604244e-05,-0.00027870611341095525
128,6,multilevel,174,180,0.032994360050587083,0.00031107461994059994,-0.003933444229902552,-0.0068455291283160994,0.011302646761692464,0.011401549228493462,0.001918854984747133,-0.017650059563771265,-0.0002895094133757032,0.004086395907978001
128,6,plugin,175,192,-7.615029160329828e-05,0.0004962053874573974,0.0009097879557631105,9.108986090377837e-05,-0.00021893164325857833,-0.00019170575366954688,5.621843211105766e-05,-0.0009717079539851987,3.71313451288969e-05,0.0001692256555107126
128,6,multilevel,175,156,-0.02357565977874238,0.003423325856299713,-0.00990184334667482,-0.002947745821635055,-0.008063469133201575,-0.006305824375414009,0.008561843112267993,0.003814484125805291,0.0005650443835839472,0.0017889700982413785
128,6,plugin,176,192,-0.002597112652400889,0.00018236497466221204,0.0012099713378265894,-0.0025431263299016183,7.779471439102959e-05,0.0005869897870524292,-0.0007964533559439893,0.0011703853691074767,-3.603981697551789e-05,-7.740418265385015e-05
128,6,multilevel,176,200,-0.01751219688704846,0.0009134028307010231,-0.000461220222939799,-0.011471545445901291,0.0023643915452904785,0.005972915770650593,0.0037920412083458214,-0.010277814420609686,0.00028335104375442266,0.0017325620506357872
128,6,plugin,177,192,0.0008752218441645701,-0.00033169741312479603,0.002303829425114382,-0.002036499400637656,-0.0012516492547949146,-0.00015279348252519702,-0.0005820991654892066,-0.00045220235383363884,3.7907855283596016e-05,-0.00027419926104925994
128,6,multilevel,177,166,0.03536874431002533,-0.007873325480476864,-0.017322616716544066,0.003185103022207071,0.009780451462445742,-0.00288566692860998,-0.004901547241518203,-0.02110428677383559,-2.0613476756783253e-05,0.0009216470211155549
128,6,plugin,178,192,-3.1165172564941764e-06,0.00025896592874568236,0.0013829356033214686,-0.00011449580087512099,-0.0009878570472944663,0.0001042841543836997,0.000457356737042619,0.0003709684449512667,4.930505236740727e-05,-4.4287266322655855e-05
128,6,multilevel,178,258,0.01944649459645656,-6.881314064598315e-05,0.007545431832887252,0.007639614017311667,0.0027625274915541627,-0.004732325573880353,0.006641470365292217,-0.008273552621495945,-1.273214013682253e-05,-0.0005412440778107555
128,6,plugin,179,192,-0.0008163792016517127,0.0007910163467643633,0.0007847537231586109,-0.00018769218176673577,-0.0005759330924673211,0.00024417016440353765,-0.0003122300075431679,9.018050029763618e-05,4.283171823351808e-06,4.059999414896851e-05
128,6,multilevel,179,174,-0.019609125874509827,-0.0013403439730992092,-0.014685267305801252,0.014912637163318093,-0.02196680213083732,-0.003610362734629723,0.008569206604471613,0.00022877064254752318,0.0003603686677280887,-0.0015067009095341268
128,6,plugin,180,192,0.006521529897772857,0.000869586122366318,0.0007662826967747322,-0.0006944510915651279,-0.0005779953523053524,0.000815617173341409,0.0009673842436858801,-0.0002674498182938575,5.4496147403631484e-06,0.0009076192147787405
128,6,multilevel,180,206,0.03654533640820381,-0.0020563376845723325,-0.007997445096986824,0.03959165165523011,0.021628667515102333,-0.00041502133774228223,-0.03476197610763442,0.007200875367547621,0.0009851685945029421,0.00265216710849208
128,6,plugin,181,192,0.0011105193132008942,-0.00018706953881699828,0.0001842678865515823,9.012673863442707e-05,-0.0014622307261687277,-0.0016638771370335798,0.0007159113122216136,2.2966475509886827e-05,6.86445545160284e-05,0.0002760821408394419
128,6,multilevel,181,260,0.039117111746005746,-0.004916259838444952,-0.0036541574256112553,0.0025162112197511374,0.011336347645021389,0.021980899695107334,-0.01745160039080451,0.0049353565785080515,0.00024163564280866133,0.00748236227416576
128,6,plugin,182,192,-0.0015989824796375026,-0.000379671634051547,0.0015904476117091805,-0.0018651892277097091,0.0022751769505464574,0.0014140589206641967,-0.0013555483387357166,0.001122703759661565,-1.3565918914303312e-05,-0.0005275733123431039
128,6,multilevel,182,204,-0.03096573287030373,0.0004469694227431796,0.007549529911077672,0.003787248865668923,0.020904832441237357,0.019661503612852453,-0.0016045221618693158,-0.004880433021369632,0.0003030773396603182,-0.0013181787785444517
128,6,plugin,183,192,0.00010338971756413213,0.0007283247293396206,-0.00030604601675445067,0.001381566997494413,0.002135220248175395,-0.0003646157565744612,-0.0020747529658276466,0.00011327186049255497,1.4046714349062187e-05,6.819895744717973e-05
128,6,multilevel,183,176,-0.012988337496207439,-0.002739772524891581,-0.0022742962506954647,0.002065323203047737,0.00036227931712808244,0.000921702539074383,0.0031954735367776582,-0.002286338639180141,0.0001309320103552604,-0.0006308039637983478
128,6,plugin,184,192,0.0007208477434144588,-0.00038891429939566307,0.0011392197378423197,-2.2964719598853953e-05,0.0006623203771301197,0.0015847508401036887,-0.0017271163159851286,0.0011271059147622447,-3.7209327309040815e-05,-7.093731519123604e-05
128,6,multilevel,184,204,-0.0169116452828682,-0.010361610659963397,-0.010063210282774888,-0.002386903404378257,-0.0006670053691727185,-0.013174139131133692,0.000970072491336392,-0.014931077141728036,0.0005696128619917653,-0.003415796538538058
128,6,plugin,185,192,-0.0008267094500446711,-3.858911115121972e-06,0.0008978936758954573,-0.0025938967794472702,0.00025183127059554336,0.0011891304120650351,-0.0001941366747372827,-0.0009610126161833927,-5.243936539895236e-05,5.583433699031248e-05
128,6,multilevel,185,200,-0.011173869210348042,-0.0028769922710182158,0.008802627832536066,-0.020342902956078265,0.005325144127358532,0.0066047682162593485,0.013808284090946733,-0.00035838876505918827,0.00015446118631649047,-0.0018159790818399913
128,6,plugin,186,192,0.002260730091010063,-0.0002163842813933535,0.0013979755229183554,-0.0011735099986480398,-0.0005493664915917413,-0.00016281581243792696,0.0006333214980526391,-2.744877811909714e-05,-2.7415204004032377e-05,-8.050555076732491e-05
128,6,multilevel,186,190,0.007357806113480785,0.0016125092533129403,-0.006978477743712627,0.006861975856642619,-0.0037647445517054678,-0.00025410321583208727,0.004395524815501833,-0.00999552136954598,-0.0001137499741871785,0.000532415844828611
128,6,plugin,187,192,0.000712790420858561,0.0006348339274307587,0.000589082204858623,-0.0003239335784967885,-0.0002107936475853973,0.0004642020060534491,-0.00029635868504532535,9.475994361318475e-05,-4.3383926410042715e-05,0.00041242841118075123
128,6,multilevel,187,240,-0.01760173807383163,0.0068820020744477725,0.0015212905136089358,0.002176558613446053,-0.007769578698658344,-0.004626631757426405,0.0086388080810619,0.013447516225483978,-0.00025889424136305895,0.001090024438348338
128,6,plugin,188,192,0.0025526213505356584,-0.00021820693238094004,0.0012670234869194667,-0.0011325439282920066,-6.884229628098322e-05,0.00046984931447830824,3.2868469922601236e-05,0.0007664919375961305,4.405061539149349e-05,-0.0001325410905207072
128,6,multilevel,188,174,0.008911251575926484,0.00248259259418779,0.006704057288643782,-0.006493914490688147,-0.008613149872997753,0.00887380364595155,0.0023948680884344244,-0.0050007372054736874,-0.0003965798976438312,0.00017348343803496113
128,6,plugin,189,192,-0.002261699999219092,0.00030138051718929076,-0.0013227245469325103,-8.248486753339692e-05,-4.809915960830201e-05,-0.001337947981354856,0.0007043696735080296,-0.00020511148295465967,-1.6310793074639348e-05,-0.0003613799140908029
128,6,multilevel,189,324,0.010811886329777996,0.007148208798814954,0.0030496078744036343,-0.0033296578534943136,0.00617307235945774,-0.0025062130740274506,0.0008754623784126726,-0.000248683401024656,-0.00018119579009546032,0.0014166020876144297
128,6,plugin,190,192,-0.00224726928198253,-0.00023011996384897184,0.0001185895225440319,-0.000649943562848982,-0.00028216724146455424,0.0005894390752775769,-0.00041477045870730555,-0.0002247936278057244,-1.593710137949105e-05,-0.0001014164754072678
128,6,multilevel,190,154,0.017278327292601453,-0.008551534931368303,0.014532630540954562,-0.010838603608770188,-0.007228123036150912,0.010044051172071078,0.004358631433939629,-0.005983471228928529,-0.0001104815804685492,0.0007947665711351316
128,6,plugin,191,192,0.0002711665731777722,-0.00053005479502245,0.0008895438353675336,-0.0017784830179104968,-0.00023353090719776452,0.0006287446442957273,0.0005298256019809729,-0.00015517772356409421,3.2517402952368244e-05,0.0001431358864086433
128,6,multilevel,191,176,-0.007900844685979116,3.496738126886887e-05,0.0029132489836457584,-0.0005506612376424971,-0.0013579702895356793,0.0048476338524871074,-0.003637089205362433,0.005546472567224364,2.8592726854779175e-05,0.0012188624933964286
128,6,plugin,192,192,0.0037340259090238893,-0.00010543920745289676,0.004404262287760527,-0.002689088553115159,-0.0017218245250204423,0.0016537120077080615,0.0021000614424254173,-0.0006337878922565488,2.9896289082334676e-05,2.257850823016243e-05
128,6,multilevel,192,216,-0.013593315074732569,-0.012299538171924678,0.0021849276880476533,-0.009039398115449187,9.585369836372346e-05,0.006667406540368382,0.0023248484036260085,-0.0023516149193437696,-0.0005280253090398255,-0.0047469111139953266
128,6,plugin,193,192,0.0004343139213975343,0.00011976804940703617,0.001163605636642415,-0.0010457201076185978,1.8467310456684935e-05,-0.0006902434702680911,0.00034012246318320625,0.0001649568262287379,-1.960988849244104e-05,9.514712347364747e-05
128,6,multilevel,193,148,0.013327670803394155,-0.0042486402041816375,-0.003856206353433626,-0.018985496616596532,-0.0028074314458001576,0.01477660400376411,-0.0024674651316474562,0.007437930161420113,-0.0008011356215076506,-0.0006878096944631264
128,6,plugin,194,192,-0.000899340785411217,-0.00037950130474615667,0.0012378475244050407,-0.0015518052515743883,-0.000590479015765131,-7.693774425735823e-05,0.0003846399334464033,-0.0009145679608425418,-5.590337317938402e-05,-0.00016200451879323154
128,6,multilevel,194,200,0.019762245932989954,0.005413247338425079,-0.021331313624745246,0.0129082009426169,-0.024661234490483155,-0.021826250863896973,0.019618685357719795,-0.010861921522669338,7.797779409113083e-05,0.0022584660877633493
128,6,plugin,195,192,-9.632093806472125e-05,0.0005522136253998152,-0.00045452864143352755,0.0003515373156859826,0.0022950809362250577,-3.0696783320186146e-05,-0.0007760618282231655,-2.8181101105981684e-05,8.501192977354801e-06,0.00041661730034803197
128,6,multilevel,195,188,-0.01058525579417207,0.0004234615653618688,-0.010793758757316639,0.007065249030222856,0.0047679327563749895,0.0021941510784035255,-0.00740833506366482,0.008081991189939054,-0.00013443669988222372,-0.00045710661224805844
128,6,plugin,196,192,-0.000501980634476817,0.0003237862496192669,0.001163548380305283,-0.00032461812277349204,-0.0005817831896968295,7.175730649780757e-05,-0.00019843096389244084,-0.0003448395116391113,-5.1132900181149305e-05,-6.717508389943259e-05
128,6,multilevel,196,194,0.009874624428319012,0.004760734939900385,0.017429415327274787,-0.0050931611091396475,-0.007056541878883502,0.015957518948898006,0.0005079304530386527,-0.00025787069249100074,-0.00014137125248546794,-0.0003532700075397316
128,6,plugin,197,192,-0.0012988435365429544,-0.0002837230263469446,0.0008671963166340534,-0.0015451312838788327,0.0002702137751312805,0.0008089059144166502,-0.0002228485987901134,0.0011972761412190219,9.519428057042631e-06,8.208178106226971e-05
128,6,multilevel,197,174,0.0013225001940526608,-0.000949398446412263,0.010344612983302609,-0.011698695992686282,0.00196559475673634,-0.010868362936380098,0.005062102482180992,0.006593603522368325,0.0004103237067032842,-0.00043909355957566564
128,6,plugin,198,192,0.0004506633354571456,-0.0005099422965591984,-0.00015016948755959596,0.000472902920245437,0.0005007616822816303,0.001120795944482404,-0.0003738133526340679,-0.0006711908976641928,2.1527987092527574e-05,-0.00010862042057419223
128,6,multilevel,198,178,0.025512402226981458,0.008671140171061064,-0.005139135411962394,-0.00448315070251639,-0.002837658015703141,-0.001971750550776851,0.009540700394736812,-0.014866332131901548,-6.379367366019652e-05,-0.0009447936522992837
128,6,plugin,199,192,0.0014756092953884324,0.0004845819654835146,0.000926053402005701,-0.00023810459814539595,-0.0013679989389183186,-0.0006382506983303735,0.0019116818190911405,-0.0007764549915286112,-6.774948222384139e-05,0.00021723349590555991
128,6,multilevel,199,172,-0.006678625321411803,-0.000133708016894041,0.009857003397160852,0.000380060426073584,-0.010788684753441177,0.011364019940191225,0.012534276484554562,-0.01411654074840127,-5.635385478793448e-05,-0.0018505235343610083
