dimension,M,replication,cost,g0,g1,g2,g3,g4,g5,g6,g7,g8,g9
2,8,0,28,-0.0022197475423651955,0.0024213691178399583,,,,,,,,
2,16,0,54,0.003358033269365527,-0.0011688230456625664,,,,,,,,
2,32,0,112,-0.010558196464681615,-0.001400606156617433,,,,,,,,
2,64,0,234,0.0046080513509028035,0.004125008080817974,,,,,,,,
2,128,0,542,0.0037261355196621495,0.0034945938988535314,,,,,,,,
2,8,1,26,0.0018977237261877875,-0.0018616152684660207,,,,,,,,
2,16,1,74,0.01871602475325641,0.002173055840299185,,,,,,,,
2,32,1,128,0.012782054050121417,0.002268453946144057,,,,,,,,
2,64,1,282,0.007230539999074004,0.0012967332885313841,,,,,,,,
2,128,1,580,0.012563220214935092,0.001534306328888445,,,,,,,,
2,8,2,44,0.005886042246902055,-0.003623236345083709,,,,,,,,
2,16,2,70,-0.0027285521780058704,-0.003078016970356919,,,,,,,,
2,32,2,194,-0.0018699668397018133,-0.00682621744608228,,,,,,,,
2,64,2,362,-0.04277040569111146,-0.007389120940267563,,,,,,,,
2,128,2,634,-0.02045275979373696,-0.003031655435249263,,,,,,,,
2,8,3,28,-0.032844953290598056,0.008100963928462481,,,,,,,,
2,16,3,62,-0.02413859070284355,0.004558932634291802,,,,,,,,
2,32,3,162,-0.029778073524960053,0.00952452187276772,,,,,,,,
2,64,3,292,-0.019142656196366556,-0.005398579959454226,,,,,,,,
2,128,3,586,-0.0011074179818107747,-0.00800370069432987,,,,,,,,
2,8,4,28,-0.025781878555237614,0.00135366701602561,,,,,,,,
2,16,4,88,9.544595466922951e-05,-0.0007733703758993275,,,,,,,,
2,32,4,180,-0.06058947977038716,0.004049683146561669,,,,,,,,
2,64,4,384,-0.03558527356006809,-0.003863244734201732,,,,,,,,
2,128,4,632,-0.010537332214426105,-0.0020676804646621427,,,,,,,,
2,8,5,28,-0.028924391949409267,-0.007085676213172265,,,,,,,,
2,16,5,90,-0.011066387115191562,-0.0020009233222304705,,,,,,,,
2,32,5,172,-0.02111278565433526,-0.0022222213367674177,,,,,,,,
2,64,5,306,-0.0031031309699084643,-0.0027649158355126905,,,,,,,,
2,128,5,606,-0.005235421222537111,0.001596734183169177,,,,,,,,
2,8,6,34,-0.013599443900594766,-0.003113015755668162,,,,,,,,
2,16,6,66,-0.010129765911680359,-0.0005376568616430419,,,,,,,,
2,32,6,140,-0.03619147457907679,-0.0034235472523424753,,,,,,,,
2,64,6,352,0.0010434974863380057,-0.0046448533163497285,,,,,,,,
2,128,6,708,0.0036778830886540687,-0.0033922005682238154,,,,,,,,
2,8,7,26,-0.009374500295551084,-0.000901529594868491,,,,,,,,
2,16,7,84,-0.015310252373592168,-0.0045588271523145435,,,,,,,,
2,32,7,174,-0.009621571513657109,0.001014298263120495,,,,,,,,
2,64,7,402,-0.020011121458330054,-0.0024632996418237746,,,,,,,,
2,128,7,658,-0.01007600012639327,-0.0014432379348121045,,,,,,,,
2,8,8,34,0.024688165002128937,-0.00946053091733188,,,,,,,,
2,16,8,64,-0.001033481296075694,-0.011423800669298868,,,,,,,,
2,32,8,146,-0.013851474817290758,0.0018046683476229423,,,,,,,,
2,64,8,292,-0.01118399286627951,0.003617887853446258,,,,,,,,
2,128,8,618,-0.0029465209670939438,0.002098448576073264,,,,,,,,
2,8,9,40,-0.0012860818184671381,-0.002226563175684072,,,,,,,,
2,16,9,100,-0.00793332571065178,-0.004564193259941644,,,,,,,,
2,32,9,178,-0.0006794038787268528,-0.004549755033212047,,,,,,,,
2,64,9,316,-0.0016269291328092714,0.009917191732502205,,,,,,,,
2,128,9,620,0.0057908769254419075,0.004918293135427403,,,,,,,,
2,8,10,56,0.04356220497031762,0.03679343355465334,,,,,,,,
2,16,10,98,0.0388026067561436,0.005093635324436502,,,,,,,,
2,32,10,198,0.024707253980587908,0.004333483272469086,,,,,,,,
2,64,10,340,0.0021552669849859516,-0.0007271006596067154,,,,,,,,
2,128,10,574,0.006678980249713076,-0.0012355330942304457,,,,,,,,
2,8,11,84,-0.11340313554689936,0.008510822027661926,,,,,,,,
2,16,11,118,-0.058803625591119825,0.00412323959617843,,,,,,,,
2,32,11,190,-0.01997663959761229,0.005856283876362287,,,,,,,,
2,64,11,348,-0.012815966905291376,0.00619220354175441,,,,,,,,
2,128,11,622,-0.011516843758321254,0.006833744605415113,,,,,,,,
2,8,12,64,0.006098478051657011,-0.0025351470360241114,,,,,,,,
2,16,12,94,0.015569475845643952,-0.0001494331752193332,,,,,,,,
2,32,12,192,0.01926416985794399,0.012313205998770747,,,,,,,,
2,64,12,330,0.014578711309991901,0.005709125398079572,,,,,,,,
2,128,12,646,0.010393217796641064,0.0032879700748437925,,,,,,,,
2,8,13,34,-0.011316249455295482,-0.0003315992893548408,,,,,,,,
2,16,13,62,0.006011536668277211,-0.010753400562143953,,,,,,,,
2,32,13,136,-0.012609942185914352,-0.015769642944320927,,,,,,,,
2,64,13,292,0.014770587807926004,-0.0017241507602439197,,,,,,,,
2,128,13,634,0.015128533963417401,0.003186202132893806,,,,,,,,
2,8,14,40,-0.00016034479970915164,-0.00023344938147046299,,,,,,,,
2,16,14,94,0.005474541886209288,0.007953275206450228,,,,,,,,
2,32,14,174,-0.05625969313585042,0.0029225114675674436,,,,,,,,
2,64,14,310,-0.03261972800129096,-0.0012641738252283294,,,,,,,,
2,128,14,582,-0.019833505532710446,-0.003799114257203189,,,,,,,,
2,8,15,30,0.030314412483486524,0.011410217671746374,,,,,,,,
2,16,15,72,-0.004033057272185564,-0.0007533586581870832,,,,,,,,
2,32,15,148,0.02608680785289042,-0.0010519034412528575,,,,,,,,
2,64,15,310,0.02192340883901046,0.0007484674299971952,,,,,,,,
2,128,15,598,0.0060166291913461845,-0.002387572940721669,,,,,,,,
2,8,16,28,0.06405051918446963,0.02067871773505857,,,,,,,,
2,16,16,60,0.04860562270463295,0.01161251436195477,,,,,,,,
2,32,16,152,0.024180863208615653,0.005413511169411236,,,,,,,,
2,64,16,278,-0.009531337711198294,0.007505807297830048,,,,,,,,
2,128,16,592,0.0028065922363130643,0.0033812311471636543,,,,,,,,
2,8,17,36,-0.016820364963750976,-0.006197068258993784,,,,,,,,
2,16,17,74,-0.007742234814288657,-0.007212554259579492,,,,,,,,
2,32,17,148,-0.005128875870679513,-0.0036011744418579074,,,,,,,,
2,64,17,280,-0.0023927628823696297,0.0014211555708016283,,,,,,,,
2,128,17,536,0.0018298570293860147,0.0006873343805258221,,,,,,,,
2,8,18,92,0.030189207226620746,0.023920798390513354,,,,,,,,
2,16,18,124,0.028277057717597507,0.009682276739666228,,,,,,,,
2,32,18,190,0.012367527494823973,0.006834573671535675,,,,,,,,
2,64,18,318,0.018044261319389084,-0.0004015908302355133,,,,,,,,
2,128,18,604,-0.0021375883862902035,-0.0025634656097557936,,,,,,,,
2,8,19,86,-0.0010561721081725024,-0.0030302820919099597,,,,,,,,
2,16,19,118,-0.005829537959423557,0.001631885826340752,,,,,,,,
2,32,19,192,-0.03526190032841699,-0.000903548793770356,,,,,,,,
2,64,19,344,-0.017122693762994797,-0.001117719533459489,,,,,,,,
2,128,19,680,-0.008019700680195701,0.000258396650704891,,,,,,,,
2,8,20,30,-0.026120228665382387,-0.006324936203971054,,,,,,,,
2,16,20,94,-0.023240815947747375,0.00339035198628152,,,,,,,,
2,32,20,168,-0.01646185892529358,0.0031739251401981545,,,,,,,,
2,64,20,290,-0.032136598924657526,-0.0031546727118047725,,,,,,,,
2,128,20,566,-0.010695636909508985,-0.0032793457245186347,,,,,,,,
2,8,21,58,-0.03980078335058693,-0.0038096837092910646,,,,,,,,
2,16,21,106,-0.01572440610870151,-0.004671806131567677,,,,,,,,
2,32,21,180,-0.004042754512827294,-0.0014214892060234188,,,,,,,,
2,64,21,300,-0.012670530664844758,-0.008298259609166043,,,,,,,,
2,128,21,542,-0.004175443973143568,-0.0055837393563918924,,,,,,,,
2,8,22,32,-0.07072522244151706,-0.03254674903236908,,,,,,,,
2,16,22,64,-0.025906902104164232,-0.018146210428913442,,,,,,,,
2,32,22,120,-0.007044690926683772,-0.012672229104756435,,,,,,,,
2,64,22,398,-0.0035070062605283814,-0.0005982703234922078,,,,,,,,
2,128,22,690,-0.0061999855165402185,-0.0013951120080573996,,,,,,,,
2,8,23,26,-0.005669739098165842,0.004803676124765716,,,,,,,,
2,16,23,74,0.01633979320013798,0.006091732418921918,,,,,,,,
2,32,23,144,-0.003988872868482931,0.0033924696052424117,,,,,,,,
2,64,23,306,0.0033692253526967295,-0.001238568674735766,,,,,,,,
2,128,23,652,-0.013452818401460252,0.0018885568632910534,,,,,,,,
2,8,24,28,-0.04057820219740754,0.009346786305893163,,,,,,,,
2,16,24,58,-0.024992354821071948,0.004328933881223023,,,,,,,,
2,32,24,134,-0.02177448221376571,0.0011883473509359847,,,,,,,,
2,64,24,332,-0.01461071197662631,-0.0011658998481664834,,,,,,,,
2,128,24,616,0.0009520057627223903,0.004217651997394867,,,,,,,,
2,8,25,40,0.0015108707837656762,-0.0017022154559873572,,,,,,,,
2,16,25,64,0.00043166892835442097,0.007451458352111091,,,,,,,,
2,32,25,160,0.001852300920498421,0.0003373884628520232,,,,,,,,
2,64,25,288,-0.008653517074746065,0.0018136142143201739,,,,,,,,
2,128,25,592,0.0038782881931686743,0.0013281329233747073,,,,,,,,
2,8,26,26,0.012334522365980864,0.004394158605438028,,,,,,,,
2,16,26,58,-0.006642144865182349,0.008460338865677514,,,,,,,,
2,32,26,162,0.004421454625649067,0.0015289683893550618,,,,,,,,
2,64,26,292,-0.011141050515987933,-0.0021071982591025183,,,,,,,,
2,128,26,692,-0.007333636116664441,-0.002201776737096741,,,,,,,,
2,8,27,26,-0.013045980523622836,-0.0033570940941730493,,,,,,,,
2,16,27,56,-0.018583723895978614,0.0020038960639989253,,,,,,,,
2,32,27,140,-0.01571100561208106,-0.0014365852720338303,,,,,,,,
2,64,27,254,-0.007125594934651432,-0.0006625100232475099,,,,,,,,
2,128,27,614,0.0027499600103341893,-0.002049606644485949,,,,,,,,
2,8,28,32,0.08427336496839348,-0.021780392857550224,,,,,,,,
2,16,28,58,0.051462876711415396,-0.010441444358274805,,,,,,,,
2,32,28,108,0.008321375003680841,-0.01469862541624225,,,,,,,,
2,64,28,300,0.003859356762243848,-0.002606061164368141,,,,,,,,
2,128,28,556,-0.00411048689198064,-0.0020521151627894917,,,,,,,,
2,8,29,42,-0.0014994226181312708,0.005231929810281948,,,,,,,,
2,16,29,74,-0.004471768806798317,-0.0030434533003237257,,,,,,,,
2,32,29,150,0.0024830337212409827,-0.004276838868155562,,,,,,,,
2,64,29,360,-0.019351187596925907,-0.0036102671875094727,,,,,,,,
2,128,29,678,-0.007037442295800273,0.002606826626300826,,,,,,,,
2,8,30,38,0.02923202762892469,0.001737304627248024,,,,,,,,
2,16,30,114,0.014779222664877675,-0.00019147017177637785,,,,,,,,
2,32,30,184,0.009970767098266966,0.001021432881076717,,,,,,,,
2,64,30,342,-0.002568173546075315,-0.0037371658447886234,,,,,,,,
2,128,30,692,-0.003367382611877312,-0.0026445169521783062,,,,,,,,
2,8,31,38,0.017358874814238527,-0.00015804074845255885,,,,,,,,
2,16,31,86,0.05061129664110188,-0.0005315331030585126,,,,,,,,
2,32,31,148,0.04953873372634639,0.006520218685818379,,,,,,,,
2,64,31,300,0.004786053076788596,-0.00015108714512094022,,,,,,,,
2,128,31,546,0.0018542471166388872,-0.0002076274665047245,,,,,,,,
2,8,32,28,-0.02009586614853944,-0.009190541678766057,,,,,,,,
2,16,32,66,-0.04345137495222916,-0.015567382538711219,,,,,,,,
2,32,32,150,-0.03084504424702802,-0.008710787530547869,,,,,,,,
2,64,32,322,-0.013413938880830641,-0.0024139669203928045,,,,,,,,
2,128,32,600,-0.01213781559164117,0.0005694797084159789,,,,,,,,
2,8,33,34,-0.025843065701399118,-0.001983763000974614,,,,,,,,
2,16,33,72,-0.0004209295779672213,-0.003345286848147284,,,,,,,,
2,32,33,142,-0.003706080817264506,0.0014630073262609754,,,,,,,,
2,64,33,370,-0.0010489460836320594,0.0033064731247555504,,,,,,,,
2,128,33,724,0.008295315628254009,0.0013754607412361673,,,,,,,,
2,8,34,40,-0.02142949244443377,0.008619473530459228,,,,,,,,
2,16,34,68,0.016905746878973203,0.01136397335622801,,,,,,,,
2,32,34,156,0.030598377432377623,0.023699849795039325,,,,,,,,
2,64,34,282,0.016436891453528713,0.010604473503368015,,,,,,,,
2,128,34,540,0.01225973062325424,0.0005337358364294113,,,,,,,,
2,8,35,40,0.02179841797535818,-0.0017627418904127149,,,,,,,,
2,16,35,80,0.018873770515994648,-0.0014281525707053914,,,,,,,,
2,32,35,224,0.05200494926756157,0.00363398232908318,,,,,,,,
2,64,35,370,0.01861375998361297,-4.833456649454184e-05,,,,,,,,
2,128,35,632,0.0073504824248145665,0.0017649988056127818,,,,,,,,
2,8,36,32,-0.015377241999854277,0.005628778740113348,,,,,,,,
2,16,36,82,-0.023633808887267183,0.002804711970605259,,,,,,,,
2,32,36,138,-0.02002564288307374,-0.0005499236637005048,,,,,,,,
2,64,36,278,0.008596544710937917,0.0032038524308123395,,,,,,,,
2,128,36,566,-0.0027087106299803123,-0.0011331454018780828,,,,,,,,
2,8,37,98,0.05130539012536222,0.002133521231655244,,,,,,,,
2,16,37,128,0.029209435084753193,-0.0005962142595424292,,,,,,,,
2,32,37,184,0.014631968294550683,0.0023468313910154914,,,,,,,,
2,64,37,318,0.012611190746296774,0.0013773460444993742,,,,,,,,
2,128,37,630,0.013912205815177775,0.0007140600195342236,,,,,,,,
2,8,38,26,0.03149170235898721,-0.009260068301610901,,,,,,,,
2,16,38,50,0.0029672802831745707,-0.0016708723662585622,,,,,,,,
2,32,38,134,0.01472743124607729,-0.004377193543741024,,,,,,,,
2,64,38,290,0.02380959057780815,-0.002603812437352742,,,,,,,,
2,128,38,694,0.005178672514756199,-0.005590036509258864,,,,,,,,
2,8,39,30,-0.024065064332906446,-0.0023697905735335246,,,,,,,,
2,16,39,66,-0.01672193445431294,-0.0010787850853256706,,,,,,,,
2,32,39,154,0.006386141444856432,-0.0014437530187162832,,,,,,,,
2,64,39,294,-0.007467625562641758,-0.0019217200869187732,,,,,,,,
2,128,39,592,-0.014128130857151719,9.308436372060368e-05,,,,,,,,
2,8,40,30,-0.015070435166851283,-0.0026432777654685972,,,,,,,,
2,16,40,60,0.003626983096036139,-0.0031439273449866494,,,,,,,,
2,32,40,120,0.007047063763145667,-0.00259256138632109,,,,,,,,
2,64,40,240,0.014757269568071898,-0.0007199466461476859,,,,,,,,
2,128,40,548,0.00888157198217884,-0.002507024991949008,,,,,,,,
2,8,41,62,0.008562676679040362,-0.006308684177304601,,,,,,,,
2,16,41,120,0.01769915358455373,-0.0018563627345724015,,,,,,,,
2,32,41,210,0.013525237057570874,-0.0010363132146098486,,,,,,,,
2,64,41,358,-0.010730189783424608,0.0009457857650738983,,,,,,,,
2,128,41,606,0.0013922850190713507,-0.0019744158152921383,,,,,,,,
2,8,42,44,-0.022968059014996225,-0.00950697264311988,,,,,,,,
2,16,42,94,-0.004758957533118138,-0.011225130661480447,,,,,,,,
2,32,42,156,0.006478685667383615,-0.007777415197312613,,,,,,,,
2,64,42,270,0.017195627231912154,-0.004285380909583889,,,,,,,,
2,128,42,562,0.014483938944974191,-0.0034839833358598525,,,,,,,,
2,8,43,32,0.05253027963412299,0.017565665106793082,,,,,,,,
2,16,43,66,0.02546050034190285,0.008953594408130351,,,,,,,,
2,32,43,120,0.014099439118403568,0.006491868653137965,,,,,,,,
2,64,43,320,0.006405647187877182,0.0025017468231171786,,,,,,,,
2,128,43,672,0.023713263786064143,0.006460366516583149,,,,,,,,
2,8,44,38,-0.002667938650031145,-0.0001991045227360068,,,,,,,,
2,16,44,80,0.004990681348204918,-0.004710179155156624,,,,,,,,
2,32,44,152,0.017855029522753866,0.00033462133353257163,,,,,,,,
2,64,44,300,0.022622647826396454,-0.01337204583223245,,,,,,,,
2,128,44,620,0.014219251207831575,-0.006556531140850458,,,,,,,,
2,8,45,26,0.05317029423796401,-0.0008911403537426217,,,,,,,,
2,16,45,54,-0.00026638163043238403,0.0027535239854495804,,,,,,,,
2,32,45,116,-0.003364123696476998,0.00024290816305362693,,,,,,,,
2,64,45,236,0.009077998345165397,-0.0032074202125798885,,,,,,,,
2,128,45,592,-0.005551234031408958,-0.0024200671281735843,,,,,,,,
2,8,46,26,0.025467430016987633,0.006867915307312632,,,,,,,,
2,16,46,56,0.030870941674492287,0.00583582035253773,,,,,,,,
2,32,46,172,-0.004412607698347896,-0.002277367039451064,,,,,,,,
2,64,46,318,-0.02675941414916759,0.0012365733951133656,,,,,,,,
2,128,46,686,-0.00688443325499537,0.0045000668368668974,,,,,,,,
2,8,47,24,0.01467455956766269,0.007178289597261777,,,,,,,,
2,16,47,64,0.026978469874187175,0.004032167668615754,,,,,,,,
2,32,47,138,0.05850456388251781,0.0038747122342906873,,,,,,,,
2,64,47,328,0.044868207401810536,0.001118534076492721,,,,,,,,
2,128,47,636,0.03822423047881268,-0.0035363607904972264,,,,,,,,
2,8,48,34,-0.03670489362242171,0.003073580457379984,,,,,,,,
2,16,48,92,-0.01691277659091516,0.0031659863414047916,,,,,,,,
2,32,48,168,-0.010775977242989279,0.0018737301653056434,,,,,,,,
2,64,48,276,-0.01388294042329698,0.0031054069802693087,,,,,,,,
2,128,48,552,-0.025127130630216862,0.005434474894905547,,,,,,,,
2,8,49,26,-0.005022714239404346,0.004024967235974063,,,,,,,,
2,16,49,56,-0.0042788595483581205,0.0013901405346668848,,,,,,,,
2,32,49,118,0.023880932629162976,-0.004631372697743576,,,,,,,,
2,64,49,248,0.011377603501424452,-0.004821124646158886,,,,,,,,
2,128,49,604,0.0065657523438630285,-0.0003441570684583083,,,,,,,,
2,8,50,34,-0.03459545038243739,-0.02392989942475698,,,,,,,,
2,16,50,62,0.002867564121801911,-0.011183018503318615,,,,,,,,
2,32,50,124,-0.009614247818485157,-0.006092157478232286,,,,,,,,
2,64,50,356,-0.008972906787525043,-0.00025068278859190414,,,,,,,,
2,128,50,732,-8.446693269976296e-05,-0.0004576339476648368,,,,,,,,
2,8,51,28,0.07894468316193304,0.01539766657398463,,,,,,,,
2,16,51,76,0.06004832786809605,0.010988531857748542,,,,,,,,
2,32,51,144,0.008131338134140197,0.013553734270310943,,,,,,,,
2,64,51,294,0.006376834408077457,0.007213296970004736,,,,,,,,
2,128,51,558,-4.023493962231978e-05,0.005657719810707877,,,,,,,,
2,8,52,54,0.0030686225879826357,0.0027070232028896927,,,,,,,,
2,16,52,82,-0.000798347204638422,0.0038095351687744273,,,,,,,,
2,32,52,138,-0.015067403063303057,9.576135488300184e-05,,,,,,,,
2,64,52,268,0.012087700991638766,0.004325976587029035,,,,,,,,
2,128,52,578,0.005888860044748647,0.003571683842153531,,,,,,,,
2,8,53,28,0.030601042978343315,-0.010295146983105768,,,,,,,,
2,16,53,68,0.015734397008213465,-0.013053709206657646,,,,,,,,
2,32,53,126,-0.013167363832535112,-0.005041970933878987,,,,,,,,
2,64,53,274,0.004368594960232964,0.005549761754766306,,,,,,,,
2,128,53,580,0.002879692739375708,0.0021587713140229204,,,,,,,,
2,8,54,28,0.013417990355420743,0.0027672887102628066,,,,,,,,
2,16,54,52,0.017965385368756942,0.0017727379017346396,,,,,,,,
2,32,54,124,0.02701971100191527,-0.005584009053384747,,,,,,,,
2,64,54,262,0.03397236629564883,0.005280519117036012,,,,,,,,
2,128,54,574,0.029905987495963255,-0.000545480819332188,,,,,,,,
2,8,55,70,-0.023540048716246535,-0.027293135073843757,,,,,,,,
2,16,55,102,-0.014322588145354758,-0.013295214385060788,,,,,,,,
2,32,55,196,-0.03072441667933303,-0.0028723443254017405,,,,,,,,
2,64,55,328,-0.03602866257440099,-0.009242764259722432,,,,,,,,
2,128,55,634,-0.013119163477280264,-0.009998875399795668,,,,,,,,
2,8,56,40,0.010740484292758864,0.026863815885910046,,,,,,,,
2,16,56,66,-0.01026373071556274,0.014335333840220075,,,,,,,,
2,32,56,132,-0.021435539903637186,0.0032216876002788978,,,,,,,,
2,64,56,270,-0.003780488979053348,0.002077129110074935,,,,,,,,
2,128,56,548,0.006553165932021498,-0.0034138813211443786,,,,,,,,
2,8,57,32,-0.02978978500688348,-0.0046808724431526266,,,,,,,,
2,16,57,82,-0.01938422116611469,-0.003276708991211111,,,,,,,,
2,32,57,176,0.007957080404884234,-0.006428533882043168,,,,,,,,
2,64,57,312,0.004729971397490764,0.0016718551356136343,,,,,,,,
2,128,57,636,0.016397589077437658,-0.006327426704952293,,,,,,,,
2,8,58,36,0.038907175877170214,-0.009980683869202235,,,,,,,,
2,16,58,72,0.027581977815851273,0.0009631727068923866,,,,,,,,
2,32,58,134,0.014344376333028451,0.004679723721959494,,,,,,,,
2,64,58,258,0.03562954038039313,0.008165152739495703,,,,,,,,
2,128,58,556,0.01910872408697133,0.004973807846493278,,,,,,,,
2,8,59,26,-0.0025456527831431396,-0.005280422483978708,,,,,,,,
2,16,59,52,-0.004006050218238468,0.00044763006488380023,,,,,,,,
2,32,59,118,-0.009977317862162794,0.010537525032578115,,,,,,,,
2,64,59,280,0.00847911387130533,0.0038707721097005,,,,,,,,
2,128,59,628,0.015473597591668388,0.005956330680106441,,,,,,,,
2,8,60,26,-0.07333645838016384,0.0215002594873549,,,,,,,,
2,16,60,84,-0.053602656401401334,0.006763408042286075,,,,,,,,
2,32,60,160,-0.019870744980138504,0.008368625603760393,,,,,,,,
2,64,60,310,-0.025287301766952496,0.006227915338961578,,,,,,,,
2,128,60,708,-0.017657312542067444,0.001689430091108321,,,,,,,,
2,8,61,30,-0.015320424957320266,0.015880816542508176,,,,,,,,
2,16,61,68,-0.011930124720037568,-0.005998317838272713,,,,,,,,
2,32,61,126,-0.021174631671704212,-0.00024439157517229266,,,,,,,,
2,64,61,260,0.00932559783781526,0.005182326441512846,,,,,,,,
2,128,61,538,0.017803382090863303,0.003920470372956412,,,,,,,,
2,8,62,44,-0.039414526163997696,-0.005281513320228862,,,,,,,,
2,16,62,138,-0.012510874229980058,0.0028193884289789708,,,,,,,,
2,32,62,234,-0.004740441437636231,0.0023836828777946913,,,,,,,,
2,64,62,412,-0.0025967448613134184,0.004113027864143364,,,,,,,,
2,128,62,666,-0.0025477214665512136,0.003933108240853875,,,,,,,,
2,8,63,26,0.00779267956024344,-0.0085497632550548,,,,,,,,
2,16,63,50,0.004031631799957463,-0.0013849679880431787,,,,,,,,
2,32,63,128,0.006748427094302526,-0.0030386892749160845,,,,,,,,
2,64,63,298,0.0083524906616042,-0.0020426714262382992,,,,,,,,
2,128,63,644,-0.005386009318714632,-0.004108344610283947,,,,,,,,
2,8,64,34,-0.008141284962941104,-0.0014374112353006073,,,,,,,,
2,16,64,96,-0.008363136766894933,0.0026409898077108577,,,,,,,,
2,32,64,192,0.002732219988388594,0.0033727640992336086,,,,,,,,
2,64,64,326,-8.74595628273865e-06,0.0018300173675546568,,,,,,,,
2,128,64,770,-0.010354501850534248,0.0007593925296168372,,,,,,,,
2,8,65,34,0.12759420651242878,0.019608394010568943,,,,,,,,
2,16,65,76,0.07107696949853182,0.010548469142972408,,,,,,,,
2,32,65,196,0.031318570379676884,0.0012596899102521695,,,,,,,,
2,64,65,308,0.02229271732242858,0.0013098675029502127,,,,,,,,
2,128,65,574,-0.0012251880224092163,-0.0016078654983735959,,,,,,,,
2,8,66,32,0.014581563990347091,0.005636957322348016,,,,,,,,
2,16,66,64,-0.018264851440037908,0.0026385013154997306,,,,,,,,
2,32,66,138,-0.013446100332446736,-0.0007801483684035256,,,,,,,,
2,64,66,286,-0.008921953851597242,0.0005447885942381242,,,,,,,,
2,128,66,584,-0.01121361207726994,-9.173863907837627e-06,,,,,,,,
2,8,67,36,-0.00943612113519683,-0.0005149556112832693,,,,,,,,
2,16,67,66,0.003672128239527449,-0.0016765684227204212,,,,,,,,
2,32,67,128,0.017974103985273698,0.008228607455404416,,,,,,,,
2,64,67,362,-0.0037863303881995134,0.00760292499158078,,,,,,,,
2,128,67,678,-0.010881784172694087,0.0019792936791056532,,,,,,,,
2,8,68,30,-0.029833743187573446,-0.010669295163236283,,,,,,,,
2,16,68,70,0.00394567411797077,-0.009947665541461767,,,,,,,,
2,32,68,148,0.013459316983392478,-0.004893328015581444,,,,,,,,
2,64,68,312,0.019302877073501527,-0.005814903630864083,,,,,,,,
2,128,68,636,0.008821958134954325,-0.0030801622893878696,,,,,,,,
2,8,69,56,0.0168855808410292,-0.003770575211501891,,,,,,,,
2,16,69,84,-0.00365104906014195,0.006188705097087176,,,,,,,,
2,32,69,210,-0.048300949383329614,0.0011963115743043157,,,,,,,,
2,64,69,356,-0.03717782733474912,0.004647268177941656,,,,,,,,
2,128,69,782,-0.013150405056268083,0.0038767769687029336,,,,,,,,
2,8,70,30,0.06567734130656613,-0.012213232317345732,,,,,,,,
2,16,70,86,0.021495442433345065,0.0034713137420296723,,,,,,,,
2,32,70,172,0.012394133340022847,-0.0038046917918517684,,,,,,,,
2,64,70,402,0.0011953214009393146,-0.0043121387491867015,,,,,,,,
2,128,70,862,0.005407240141956527,0.002028412940197912,,,,,,,,
2,8,71,28,0.001481537149432476,0.0009520944874292959,,,,,,,,
2,16,71,56,0.02438608279510796,0.004140810396759257,,,,,,,,
2,32,71,110,-0.004262634603036786,0.0034670792271890715,,,,,,,,
2,64,71,230,0.010022458874588719,0.0034235171528132747,,,,,,,,
2,128,71,534,0.017565908704490218,-0.00022074685545990503,,,,,,,,
2,8,72,36,0.028965485244016792,0.008880171971856334,,,,,,,,
2,16,72,66,0.0003985334125460385,0.010546718438564629,,,,,,,,
2,32,72,128,-0.008142270636689658,0.008753700920209068,,,,,,,,
2,64,72,358,-0.0092574130652586,0.005357970261944542,,,,,,,,
2,128,72,620,-0.002954206715259821,0.007745415312115974,,,,,,,,
2,8,73,58,-0.01951088501511661,0.002642637611114763,,,,,,,,
2,16,73,86,-0.031618164627501895,-0.0029825331191023975,,,,,,,,
2,32,73,156,-0.034049849243435286,-0.003516910673590073,,,,,,,,
2,64,73,300,-0.007479038784973747,-0.003625608047892698,,,,,,,,
2,128,73,594,-0.004569976668353641,0.0025127831251208553,,,,,,,,
2,8,74,28,0.005773835100114191,-0.022223589239939074,,,,,,,,
2,16,74,54,-0.04363261094522681,-0.01933294611318403,,,,,,,,
2,32,74,116,-0.03572418969285305,-0.006673845401647326,,,,,,,,
2,64,74,244,-0.013332329963965304,-0.007183114855199544,,,,,,,,
2,128,74,552,-0.007129115782484511,0.00036276949563833125,,,,,,,,
2,8,75,26,0.03343816804622679,0.0040209368532012745,,,,,,,,
2,16,75,62,0.018666020156730537,0.0011311111316279232,,,,,,,,
2,32,75,146,0.010819582249241334,-0.0039198627615614256,,,,,,,,
2,64,75,296,0.011090594646354989,0.0005731506815337624,,,,,,,,
2,128,75,558,-0.00031393226282614946,0.0010730938192403201,,,,,,,,
2,8,76,36,-0.012600488125821912,-0.0005308512389543348,,,,,,,,
2,16,76,66,0.016699205745350453,0.0021563497880386,,,,,,,,
2,32,76,126,0.01581753057967963,-0.0014249747537653735,,,,,,,,
2,64,76,252,0.011149091214495827,0.003745491825381674,,,,,,,,
2,128,76,528,0.013383861357365419,0.004195835815404602,,,,,,,,
2,8,77,36,0.01987918895941109,-0.001670687684349557,,,,,,,,
2,16,77,82,0.010006879717694843,-0.0027153749491176087,,,,,,,,
2,32,77,152,0.006572268747082699,-0.000528643761479821,,,,,,,,
2,64,77,332,0.012731092311108989,0.0028847621468198526,,,,,,,,
2,128,77,652,0.0013579949361945533,0.0022782424018345255,,,,,,,,
2,8,78,26,-0.00825577988751039,0.01759595646211888,,,,,,,,
2,16,78,58,-0.021894581168557414,0.004564493587554891,,,,,,,,
2,32,78,130,-0.013342752497219793,0.00530334126999034,,,,,,,,
2,64,78,260,-0.015358364402048737,0.0070553078627634104,,,,,,,,
2,128,78,614,-0.02027988627879675,0.005306271955059244,,,,,,,,
2,8,79,58,0.09011253120095619,0.03089397932417481,,,,,,,,
2,16,79,92,0.04164356633594354,0.003105006327336673,,,,,,,,
2,32,79,162,0.011283007863105094,0.012240995285056356,,,,,,,,
2,64,79,288,0.00921611482853286,0.007349084590027783,,,,,,,,
2,128,79,582,-0.007161506678420932,0.000634067143352853,,,,,,,,
2,8,80,28,-0.05464405182773671,-0.025164885895776843,,,,,,,,
2,16,80,56,-0.04474602612165779,-0.015671471860419443,,,,,,,,
2,32,80,132,-0.00882949374889286,-0.009882789983094548,,,,,,,,
2,64,80,294,-0.007668844731910463,0.007058184200415817,,,,,,,,
2,128,80,584,-0.007336063686606587,-0.0013882505194667705,,,,,,,,
2,8,81,28,-0.029016976824421618,-0.003428509469938574,,,,,,,,
2,16,81,72,-0.005836219555562753,-0.003753867828937717,,,,,,,,
2,32,81,126,0.006362706330292576,0.004281788073169373,,,,,,,,
2,64,81,258,0.006124945001307875,0.005375629105424204,,,,,,,,
2,128,81,534,0.00013163653593306033,0.003731689239354652,,,,,,,,
2,8,82,34,0.016716069447813838,0.011658226719769727,,,,,,,,
2,16,82,66,0.040931110062349896,0.004339887572232918,,,,,,,,
2,32,82,134,0.01935558352031318,-0.001997036959574572,,,,,,,,
2,64,82,280,0.007266501929351719,0.0025081963514433253,,,,,,,,
2,128,82,624,0.008241942942187283,-3.0842082313994734e-06,,,,,,,,
2,8,83,34,-0.03281517605348928,-0.0010424846838243454,,,,,,,,
2,16,83,74,-0.011204063289153673,-6.544020080556457e-06,,,,,,,,
2,32,83,148,0.011784346765516072,0.0060075725451127,,,,,,,,
2,64,83,282,0.0006291434154100558,0.0021584574260440316,,,,,,,,
2,128,83,568,0.009121995149984772,0.0028136136019374855,,,,,,,,
2,8,84,38,0.03086971452194478,0.013469321893636733,,,,,,,,
2,16,84,68,-0.015574434227073611,0.0023947347531648434,,,,,,,,
2,32,84,130,-0.01618713638976403,-0.0005498644168846207,,,,,,,,
2,64,84,258,-0.01824059230051215,-0.0025101457387726508,,,,,,,,
2,128,84,570,-0.013917053780068873,-0.0024593285828134327,,,,,,,,
2,8,85,46,-0.004091329931331577,0.013611049777058008,,,,,,,,
2,16,85,98,-0.0018672682624248382,-0.009113442441754,,,,,,,,
2,32,85,184,0.000434097106630012,-0.005369782527407875,,,,,,,,
2,64,85,328,-0.02370956127269884,0.0006844607659208234,,,,,,,,
2,128,85,646,-0.017798702990302864,-0.0018503728846172062,,,,,,,,
2,8,86,36,-0.09601685038891078,0.017482986949551887,,,,,,,,
2,16,86,74,-0.04788596643915157,0.008939906541671835,,,,,,,,
2,32,86,148,-0.021454200730849627,0.003504944465395329,,,,,,,,
2,64,86,356,-0.006387722623951931,0.0030942806169561303,,,,,,,,
2,128,86,690,0.002481295484710107,0.0007423500632620565,,,,,,,,
2,8,87,34,0.005042997595300455,-0.01118291856921284,,,,,,,,
2,16,87,66,0.01107794518165519,-0.012105695416255733,,,,,,,,
2,32,87,130,-0.0024166340423111476,-0.010286895609543078,,,,,,,,
2,64,87,284,-0.010107232243698189,-0.008717940281118011,,,,,,,,
2,128,87,592,0.0020045736852611715,-0.007833475964200318,,,,,,,,
2,8,88,32,0.06672921741686763,0.017976172257299847,,,,,,,,
2,16,88,60,0.05303608728007802,0.007052949592244981,,,,,,,,
2,32,88,128,0.03147974227623747,0.004514049540598597,,,,,,,,
2,64,88,284,0.030671912310461888,0.00618373556084657,,,,,,,,
2,128,88,646,0.005419272307349329,0.0027069049870786753,,,,,,,,
2,8,89,50,0.011716489280378864,0.0035894567062158865,,,,,,,,
2,16,89,82,0.01693358912744558,0.005522071575378781,,,,,,,,
2,32,89,136,-0.0056048111566055145,0.004601402967088492,,,,,,,,
2,64,89,298,0.0013954090091489754,0.007782749806211687,,,,,,,,
2,128,89,624,-8.541056880206595e-05,0.006031158120988393,,,,,,,,
2,8,90,26,0.009434445780600645,-0.00621959899991761,,,,,,,,
2,16,90,70,0.00025793299656979684,-0.00945732281708104,,,,,,,,
2,32,90,150,-0.0006350569430712055,0.0010476261438290746,,,,,,,,
2,64,90,286,-0.004122225381053665,0.0034889616894316104,,,,,,,,
2,128,90,630,0.0055232071370996515,-0.0017617157534359131,,,,,,,,
2,8,91,32,-0.0026950502912199375,-0.001738349003217348,,,,,,,,
2,16,91,116,-0.009192182179037405,-0.0008160169732323928,,,,,,,,
2,32,91,182,0.004383290324535409,-0.006266009774071989,,,,,,,,
2,64,91,360,0.013347328093400869,-0.007731541699258505,,,,,,,,
2,128,91,672,-0.0006724617507996672,-0.0006800991919389461,,,,,,,,
2,8,92,34,0.0298938238841815,-0.007042932671592285,,,,,,,,
2,16,92,64,-0.00844868031007136,-0.007245299206390081,,,,,,,,
2,32,92,156,-0.010423787380442901,-0.006062447174046844,,,,,,,,
2,64,92,302,-0.002022990563269158,-0.0025364364916158934,,,,,,,,
2,128,92,580,-0.011719669297327092,-0.004325814761797557,,,,,,,,
2,8,93,28,0.03640103879697906,0.005214318820710879,,,,,,,,
2,16,93,56,0.017164953608228773,0.0023533691235593005,,,,,,,,
2,32,93,120,0.03159597603459949,0.003597635007432817,,,,,,,,
2,64,93,260,0.027598524679324467,0.0031180513705479054,,,,,,,,
2,128,93,626,0.011914252223828413,-0.0021314297561996105,,,,,,,,
2,8,94,28,-0.007974775663139047,-0.0035055995427079115,,,,,,,,
2,16,94,84,-0.020088921843452325,-0.0009849725995901926,,,,,,,,
2,32,94,164,-0.004874764054757035,0.0028030019911338875,,,,,,,,
2,64,94,286,-0.0030920197406419494,-0.005546743160011596,,,,,,,,
2,128,94,580,0.0025015854868509126,-0.0028401844114642324,,,,,,,,
2,8,95,34,-0.015832836462988012,-0.01429600794786735,,,,,,,,
2,16,95,92,-0.0023198648233763598,-0.01283236903500307,,,,,,,,
2,32,95,168,-0.008050171717975351,-0.006112293117390549,,,,,,,,
2,64,95,314,-0.01279174561544662,-0.0005314191810706414,,,,,,,,
2,128,95,626,-0.00616239353172666,0.00034216656493297847,,,,,,,,
2,8,96,44,0.013571937980123086,0.002446818899387499,,,,,,,,
2,16,96,72,0.013640790417592917,0.0013766242469460289,,,,,,,,
2,32,96,138,0.018736197116391157,-0.0033785831002441425,,,,,,,,
2,64,96,276,-0.0005881972036631341,-0.000272473141430978,,,,,,,,
2,128,96,536,0.003308101850463438,-0.001089672646191072,,,,,,,,
2,8,97,30,-0.020881698682630293,-0.0054749617812398215,,,,,,,,
2,16,97,62,0.0007620991803580701,0.0018701193662369192,,,,,,,,
2,32,97,126,-0.0020837690940281035,0.0038050325721189684,,,,,,,,
2,64,97,252,-0.010246489191388717,-3.923437109759443e-05,,,,,,,,
2,128,97,502,-0.008035140338645302,-0.003051266152646284,,,,,,,,
2,8,98,44,0.0056248414529443,0.024520596445081994,,,,,,,,
2,16,98,78,0.006009304000127678,0.01038537011314746,,,,,,,,
2,32,98,136,0.012283486896654454,0.00937593010332996,,,,,,,,
2,64,98,268,0.003120477134510705,0.006969143776016024,,,,,,,,
2,128,98,548,-0.001031087621916992,0.00019462124336640599,,,,,,,,
2,8,99,58,0.08960729515270294,-0.01370936823508779,,,,,,,,
2,16,99,116,0.03331938193371481,-0.003256765338207462,,,,,,,,
2,32,99,180,0.010834967753820717,-0.0008461543515952422,,,,,,,,
2,64,99,360,-0.001554967976714126,-0.003994718088662555,,,,,,,,
2,128,99,668,-0.0020670175978021346,-0.0011981576175962632,,,,,,,,
2,8,100,38,-0.03474355277044246,-0.002144111522593058,,,,,,,,
2,16,100,76,-0.029661376299400577,-0.0054102975754705416,,,,,,,,
2,32,100,150,-0.030221518522845922,0.0028549097458929187,,,,,,,,
2,64,100,270,-0.019734676843892664,0.002815307920054887,,,,,,,,
2,128,100,552,-0.015990945693656895,0.004316150793555577,,,,,,,,
2,8,101,46,-0.00568362719979803,-0.0020067458347294053,,,,,,,,
2,16,101,82,-0.0048931816298757435,0.0008670756569744166,,,,,,,,
2,32,101,138,0.012209057030548656,-0.00894726817688438,,,,,,,,
2,64,101,340,-0.021336110186609535,-0.006260236250407309,,,,,,,,
2,128,101,656,-0.0022052156224526926,-0.005101210436657567,,,,,,,,
2,8,102,44,0.01416146794773781,-0.002166683909966197,,,,,,,,
2,16,102,78,0.0068949565707056674,-0.00988378813088072,,,,,,,,
2,32,102,142,0.018337989485850012,-0.011887271660508306,,,,,,,,
2,64,102,302,0.004778954858040836,-0.0037538214731638896,,,,,,,,
2,128,102,602,0.006857008997428843,-0.0056450867703822846,,,,,,,,
2,8,103,32,-0.02002318237503188,-0.0022946822493800055,,,,,,,,
2,16,103,70,-0.004436423070703164,0.00030980468868554376,,,,,,,,
2,32,103,188,0.012298918596411763,0.0001820080733409917,,,,,,,,
2,64,103,366,0.009361725258687219,-0.0004509024131356366,,,,,,,,
2,128,103,640,0.0012030419910768677,-0.003398121283173762,,,,,,,,
2,8,104,28,-0.03568676282554511,0.025544536413758832,,,,,,,,
2,16,104,58,-0.04182326572937444,0.012026538335105617,,,,,,,,
2,32,104,164,-0.022615410883024576,0.0050808309734140964,,,,,,,,
2,64,104,326,-0.020642339151086254,0.004832115289241757,,,,,,,,
2,128,104,642,-0.004993283537451801,0.003685789971361702,,,,,,,,
2,8,105,58,0.048832855957628506,0.03165620459980955,,,,,,,,
2,16,105,88,0.037793643426251536,0.016037006849622903,,,,,,,,
2,32,105,148,0.03427880509015694,0.003306489317935122,,,,,,,,
2,64,105,288,0.020705140148955522,0.005884796784046197,,,,,,,,
2,128,105,580,0.011727266058166793,0.003226545205919404,,,,,,,,
2,8,106,38,0.018014730813958893,0.0006102480646238732,,,,,,,,
2,16,106,74,-0.006184489781258804,-0.00018607605147542383,,,,,,,,
2,32,106,142,-0.0012525982907847393,-0.0018369900109982188,,,,,,,,
2,64,106,406,-0.01930535443751692,0.0011053775285926807,,,,,,,,
2,128,106,676,-0.018483322325354587,-0.0013938766035482678,,,,,,,,
2,8,107,30,0.017602347936722003,0.038529693729655624,,,,,,,,
2,16,107,56,0.028828435003288265,0.00903158121406923,,,,,,,,
2,32,107,134,0.03439062148730433,0.0025381980682064207,,,,,,,,
2,64,107,252,0.013730792696406905,-0.00015765939015502611,,,,,,,,
2,128,107,620,0.006248822124638673,-0.00047947011594147627,,,,,,,,
2,8,108,26,-0.008160398547232385,-0.004404160222991869,,,,,,,,
2,16,108,62,0.01649157140172999,0.000485893534504864,,,,,,,,
2,32,108,130,0.02531693033552672,0.008056879361351544,,,,,,,,
2,64,108,332,0.003428604911792428,0.007839978504111469,,,,,,,,
2,128,108,682,-0.0008863631549937158,0.0015719035252734627,,,,,,,,
2,8,109,42,-0.002936943890571209,0.00923707206507876,,,,,,,,
2,16,109,66,0.014971987390673349,0.00732269749386359,,,,,,,,
2,32,109,130,0.011050249088689644,0.0034606758832668063,,,,,,,,
2,64,109,314,-0.011175772627112968,0.004768242478700045,,,,,,,,
2,128,109,592,-0.011894996239280909,0.005636460790946807,,,,,,,,
2,8,110,28,-0.05010002626698874,-0.015411439520029413,,,,,,,,
2,16,110,70,-0.0038895116335427556,-0.007236240679323389,,,,,,,,
2,32,110,176,-0.024355691281144023,-0.016640307970385442,,,,,,,,
2,64,110,396,-0.025864614637636466,-0.007803574690188421,,,,,,,,
2,128,110,692,-0.02980433392061552,-0.007139909493814416,,,,,,,,
2,8,111,44,0.024388482841041538,-0.020113917454689934,,,,,,,,
2,16,111,76,-0.03843754744772304,-0.02397197027628492,,,,,,,,
2,32,111,166,0.000673043136313476,-0.014466591342614063,,,,,,,,
2,64,111,300,0.013345108163365215,-0.00542549037716349,,,,,,,,
2,128,111,542,0.005715580268475221,-0.005123151431223628,,,,,,,,
2,8,112,36,-0.014365137206416141,-0.023607629998678735,,,,,,,,
2,16,112,104,-0.001433786647388263,-0.014433586510389562,,,,,,,,
2,32,112,164,-0.010853143600076774,-0.0076714338804243455,,,,,,,,
2,64,112,286,0.0019087838751051492,-0.005926707599357957,,,,,,,,
2,128,112,564,0.00438388632405539,-0.00801652853727642,,,,,,,,
2,8,113,36,-0.03584156099305444,-0.0011609233385539465,,,,,,,,
2,16,113,94,-0.014013886156599228,-0.004311807476368085,,,,,,,,
2,32,113,176,0.0022218015325440577,0.0043382623291021855,,,,,,,,
2,64,113,342,-0.004931496728118939,0.0022570020356980727,,,,,,,,
2,128,113,624,-0.01418716034631127,0.0028601411041906085,,,,,,,,
2,8,114,34,0.028175491852922716,-0.01938941364802502,,,,,,,,
2,16,114,68,0.023818489687512625,-0.009804018674324115,,,,,,,,
2,32,114,150,-0.004732169690010689,-0.008777815053062299,,,,,,,,
2,64,114,284,-0.005402396350494945,0.0009298403501605643,,,,,,,,
2,128,114,694,-0.009880670612351521,-0.004024401141677481,,,,,,,,
2,8,115,28,0.03962706281291527,-0.009148325600343376,,,,,,,,
2,16,115,60,0.03614301398304633,-0.005813248318160196,,,,,,,,
2,32,115,156,-0.0015221489842804008,-0.0007672264830024142,,,,,,,,
2,64,115,310,-0.037013041779906546,-0.007975123356634643,,,,,,,,
2,128,115,642,-0.01756663623774257,-0.000884139971818099,,,,,,,,
2,8,116,36,-0.007077395867055018,-0.008276298012954656,,,,,,,,
2,16,116,68,-0.0020994409316188204,-0.002680359855462975,,,,,,,,
2,32,116,134,-0.03094719715474195,-0.012166541792156933,,,,,,,,
2,64,116,280,-0.006624159920320978,-0.007491189610349672,,,,,,,,
2,128,116,572,-0.0030027720911434876,-0.005020009083171404,,,,,,,,
2,8,117,34,0.006527837587010847,-0.001591250023698307,,,,,,,,
2,16,117,84,-0.06789237840403077,0.006472758504831573,,,,,,,,
2,32,117,158,-0.05861554290116717,0.001880936375964109,,,,,,,,
2,64,117,292,-0.025260102912179002,-0.0042278387206938035,,,,,,,,
2,128,117,578,-0.024523927191516654,-0.00018440986088400546,,,,,,,,
2,8,118,28,0.0009655359260767307,-0.0013342055599027645,,,,,,,,
2,16,118,90,-0.012946419038425997,0.003337067247248254,,,,,,,,
2,32,118,152,0.020544185000408815,-0.004345683814975251,,,,,,,,
2,64,118,310,0.052376924332373107,-0.015289381236317495,,,,,,,,
2,128,118,666,0.02487844417173529,-0.00529855233114586,,,,,,,,
2,8,119,38,-0.019662750766061242,0.006718716650515001,,,,,,,,
2,16,119,78,-0.02804487531117091,-0.003217600746979668,,,,,,,,
2,32,119,202,-0.02659009442936162,-0.0032318569753822667,,,,,,,,
2,64,119,378,-0.01924263699828264,-0.002356743504711686,,,,,,,,
2,128,119,758,-0.014497015018442493,-0.0034569463488355544,,,,,,,,
2,8,120,26,0.03322273168645506,-0.004620667068416878,,,,,,,,
2,16,120,72,0.020666339905670194,0.013938244000823283,,,,,,,,
2,32,120,150,0.02007739921672011,0.008655179946093309,,,,,,,,
2,64,120,350,0.007144515125856764,0.0023052786973244204,,,,,,,,
2,128,120,648,0.024893122856982867,0.003996419837430733,,,,,,,,
2,8,121,36,0.07737356799761137,0.003365918067754956,,,,,,,,
2,16,121,68,0.05349058498541237,-0.008385150117339472,,,,,,,,
2,32,121,128,0.026437625675140172,0.0033065733301418454,,,,,,,,
2,64,121,294,0.017701330953225732,0.0036841683453461044,,,,,,,,
2,128,121,596,-0.012417856942369429,0.0024492497810668953,,,,,,,,
2,8,122,30,0.0016014194744835,-0.00357556818983027,,,,,,,,
2,16,122,72,0.07176139890369024,0.011885822106633684,,,,,,,,
2,32,122,140,0.047087656875123014,0.011066862602276727,,,,,,,,
2,64,122,280,0.024259659772805964,0.008377061106491125,,,,,,,,
2,128,122,576,0.014525530613225066,0.005881803670613259,,,,,,,,
2,8,123,44,-0.06965886062150314,-5.2748801365944174e-05,,,,,,,,
2,16,123,76,-0.04291941447715406,0.007346387444061215,,,,,,,,
2,32,123,148,-0.0172965124136256,0.0026850741538647863,,,,,,,,
2,64,123,330,-0.018100891181747465,-0.003960470620298308,,,,,,,,
2,128,123,624,-0.011229352024578856,-0.0072468337676872795,,,,,,,,
2,8,124,38,-0.005394816700782569,-0.004560715033571491,,,,,,,,
2,16,124,72,-0.036295224279871766,-0.0205345931957215,,,,,,,,
2,32,124,154,-0.03778885432530344,-0.007207110395517758,,,,,,,,
2,64,124,354,-0.024590989627627777,-0.009007561978317872,,,,,,,,
2,128,124,602,-0.018417240873479818,-0.004651782584580098,,,,,,,,
2,8,125,28,-0.03770580105183027,0.007236480928185091,,,,,,,,
2,16,125,66,-0.016641439145078707,0.002882508031710189,,,,,,,,
2,32,125,142,-0.004874553425396085,0.002287947241159956,,,,,,,,
2,64,125,374,-0.008592564257531203,0.0018842608677246463,,,,,,,,
2,128,125,738,0.005239836996858901,0.004663814655327372,,,,,,,,
2,8,126,34,-0.052357101810718974,0.034911986625043245,,,,,,,,
2,16,126,64,0.004545073316245169,0.036086461561267644,,,,,,,,
2,32,126,202,0.006019224627232317,0.01922088981087823,,,,,,,,
2,64,126,340,-0.0012552498716044437,0.00890749268791041,,,,,,,,
2,128,126,604,0.003918612411028054,0.0036433313620006006,,,,,,,,
2,8,127,44,0.010814257235776762,-0.011957690108425127,,,,,,,,
2,16,127,72,0.012349554654831792,0.0004847883850146635,,,,,,,,
2,32,127,154,-0.024186814704093416,-0.008589141698911397,,,,,,,,
2,64,127,368,-0.011272215316153853,-0.002434247348996074,,,,,,,,
2,128,127,692,0.006416005926311981,-0.0012035255767836677,,,,,,,,
2,8,128,28,-0.021401497036682725,0.016295145938725556,,,,,,,,
2,16,128,56,-0.026102585120183937,0.011353838051427673,,,,,,,,
2,32,128,134,-0.010918567231966337,0.005183160453127693,,,,,,,,
2,64,128,262,0.005230771608198166,8.99547885968399e-05,,,,,,,,
2,128,128,570,-0.00045852641276650046,0.001964664811224648,,,,,,,,
2,8,129,26,0.018054790932022224,0.001932368377151865,,,,,,,,
2,16,129,56,0.008463582233837138,-0.007813573472028882,,,,,,,,
2,32,129,112,0.03349433880760716,-0.0007264239915688985,,,,,,,,
2,64,129,236,0.03813591086558906,0.005088047802167874,,,,,,,,
2,128,129,592,0.02671851437964962,0.0057567206208581235,,,,,,,,
2,8,130,26,0.0207037245018447,-0.004027205329146685,,,,,,,,
2,16,130,64,-0.003160485754680962,-0.005636466765263966,,,,,,,,
2,32,130,126,-0.0042140470448868645,-0.01155621000116919,,,,,,,,
2,64,130,344,0.003928031077390119,-0.0057609319783535,,,,,,,,
2,128,130,692,0.013457182280616195,-0.003859927834737012,,,,,,,,
2,8,131,42,-0.027136738759913057,-0.010031087394655764,,,,,,,,
2,16,131,82,-0.00755374681693881,-0.00549056960139313,,,,,,,,
2,32,131,166,-0.0009549765318909492,-0.004643625788960317,,,,,,,,
2,64,131,302,-0.01533457475135928,-0.0026211069281046225,,,,,,,,
2,128,131,546,-0.007529331869171456,0.00028098073119166224,,,,,,,,
2,8,132,28,0.004200870762466946,-0.002166334248079961,,,,,,,,
2,16,132,62,-0.013011134093720903,-0.0018348152733569012,,,,,,,,
2,32,132,118,-0.010632423603301765,-0.005428177033225802,,,,,,,,
2,64,132,252,-0.004426002156535391,-3.1511680600136935e-05,,,,,,,,
2,128,132,558,0.006111799700675204,-0.001515262282243399,,,,,,,,
2,8,133,28,-0.025565169411845483,-0.00037164183987721744,,,,,,,,
2,16,133,102,-0.009523056298938714,0.0040936812248949135,,,,,,,,
2,32,133,190,-0.0140068305808735,-0.003960975318346351,,,,,,,,
2,64,133,328,0.03513714740915372,-0.0007832811970138484,,,,,,,,
2,128,133,584,0.011722945891956731,0.0019418799000075857,,,,,,,,
2,8,134,30,0.023031406407982034,-0.028269139058004374,,,,,,,,
2,16,134,70,0.03570506686783946,-0.006957073394869454,,,,,,,,
2,32,134,172,0.025751649969107004,-0.0020282379507590926,,,,,,,,
2,64,134,328,0.008579587313040942,-0.001050849593990389,,,,,,,,
2,128,134,680,-0.018282897389281225,-0.004009561894839863,,,,,,,,
2,8,135,58,0.049107137139749395,-0.05999085513014862,,,,,,,,
2,16,135,90,0.03856427765730962,-0.04042874573115097,,,,,,,,
2,32,135,238,0.03529414225443145,-0.020562684327094894,,,,,,,,
2,64,135,364,0.021552461929815726,-0.017260998393590524,,,,,,,,
2,128,135,736,0.008687431980377703,-0.0042195908594450295,,,,,,,,
2,8,136,28,0.01813179569923645,0.0013371218596549025,,,,,,,,
2,16,136,62,-0.008337556545923086,0.00658307508325583,,,,,,,,
2,32,136,118,0.03100239087538946,0.0008046581889295599,,,,,,,,
2,64,136,310,0.011012501660058701,0.003498033443379287,,,,,,,,
2,128,136,580,-0.005177764472738586,0.002422934371092723,,,,,,,,
2,8,137,36,-0.006201907796759474,-0.0016209138562826313,,,,,,,,
2,16,137,64,-0.01015864931830451,-0.0016633201276669558,,,,,,,,
2,32,137,118,0.017212334382255362,-0.011660024398884328,,,,,,,,
2,64,137,372,-0.013413008735963695,-0.009932136646664279,,,,,,,,
2,128,137,626,-0.0020614069590817376,-0.005212601039069436,,,,,,,,
2,8,138,34,0.06540516888707565,0.0003341904816591279,,,,,,,,
2,16,138,62,0.026147663067209982,-0.005239002804672801,,,,,,,,
2,32,138,134,0.03583541616531828,-0.0018080988499410316,,,,,,,,
2,64,138,256,0.00875071090386043,0.0029712704575897576,,,,,,,,
2,128,138,572,0.0078123515332158685,0.0035121176439267487,,,,,,,,
2,8,139,34,-0.00828003203206102,-0.0021011068963286868,,,,,,,,
2,16,139,58,0.01841535337641153,-0.0059654161680376535,,,,,,,,
2,32,139,122,0.032149524810725624,-0.0008109745760049632,,,,,,,,
2,64,139,322,0.005927181936845592,0.0008943195049934125,,,,,,,,
2,128,139,582,0.002082570286560108,0.00037524204830032394,,,,,,,,
2,8,140,60,0.011628748811864553,0.0030281038891054215,,,,,,,,
2,16,140,90,0.003481595385483516,-0.0004491588775881237,,,,,,,,
2,32,140,152,-0.0006066396517149968,0.0016123363105886677,,,,,,,,
2,64,140,290,-0.011140057998175227,-0.003011326702935302,,,,,,,,
2,128,140,612,0.01393343174535068,0.003943347643841276,,,,,,,,
2,8,141,34,-0.023682111270836855,-0.007983649845736955,,,,,,,,
2,16,141,72,0.07471174225185562,0.014176933252210915,,,,,,,,
2,32,141,138,0.032288635362537066,0.007539807044064815,,,,,,,,
2,64,141,260,0.013345924095812426,0.004903916878198723,,,,,,,,
2,128,141,550,-0.005762570692067848,-0.0021744665432028563,,,,,,,,
2,8,142,30,-0.006069807328392442,-0.009892189269932013,,,,,,,,
2,16,142,58,0.0066250346575157,-0.01754365979354941,,,,,,,,
2,32,142,114,-0.004093150114786116,-0.010691557815954036,,,,,,,,
2,64,142,240,-0.00449768710553636,-0.0038093480926752283,,,,,,,,
2,128,142,648,0.010364865625743468,-0.003414311764205253,,,,,,,,
2,8,143,26,-0.2907885873394934,-0.013206686910537639,,,,,,,,
2,16,143,50,-0.1364590857801949,-0.008354505086568523,,,,,,,,
2,32,143,118,-0.09672587810180377,-0.008949537064369701,,,,,,,,
2,64,143,256,-0.02214346731250553,-0.003663734718180322,,,,,,,,
2,128,143,582,-0.009068585033054367,-0.0013020880748358253,,,,,,,,
2,8,144,44,0.03687505941790489,-0.0023566794938536923,,,,,,,,
2,16,144,78,-0.014264556332779841,-0.0034679947810280945,,,,,,,,
2,32,144,180,0.017092659576020422,-0.0015356007087542274,,,,,,,,
2,64,144,348,0.020227018835872405,-0.0005055157542281058,,,,,,,,
2,128,144,650,0.02230793921209178,0.0009923189108242082,,,,,,,,
2,8,145,46,0.010474433302720139,0.03198217662312988,,,,,,,,
2,16,145,76,0.014231869700284708,0.019784359907773733,,,,,,,,
2,32,145,146,0.029441554578598747,0.013961427362210408,,,,,,,,
2,64,145,272,0.020211436717776053,0.007054456511791251,,,,,,,,
2,128,145,596,0.003402490411352072,0.007426923742150224,,,,,,,,
2,8,146,32,0.014759951245256286,0.002165959366724883,,,,,,,,
2,16,146,76,-0.01058854719733671,-0.004819634619853189,,,,,,,,
2,32,146,138,0.02822027713461714,-0.0045026642185222385,,,,,,,,
2,64,146,254,0.01869668407335838,0.0007433486679188574,,,,,,,,
2,128,146,614,0.029206352067473806,0.0008591403077130554,,,,,,,,
2,8,147,30,0.019531717503502626,0.004494949180607602,,,,,,,,
2,16,147,66,-0.005301756060426992,0.005328827263499911,,,,,,,,
2,32,147,160,-0.006697008502316073,0.006830321703837062,,,,,,,,
2,64,147,300,-0.004375701695179993,0.0026169954112333794,,,,,,,,
2,128,147,644,-0.0015767028390718308,0.0027606056175558755,,,,,,,,
2,8,148,26,-0.005522009593993011,5.774911648018288e-05,,,,,,,,
2,16,148,68,0.009602925700151884,-0.018078050308789808,,,,,,,,
2,32,148,128,-0.0022118759825970986,-0.01805307249687407,,,,,,,,
2,64,148,262,-0.0007842754200421848,-0.0154653352044338,,,,,,,,
2,128,148,596,0.001154525013268848,-0.009447377432643258,,,,,,,,
2,8,149,42,0.0319510926585305,0.00472627416369591,,,,,,,,
2,16,149,90,0.02065450029225613,-0.00719420930867308,,,,,,,,
2,32,149,148,0.0011273704709137307,-0.007452647141560109,,,,,,,,
2,64,149,274,-0.0052144845951136625,-0.007029041521159261,,,,,,,,
2,128,149,620,-0.0071275913267066695,-0.008229383828235636,,,,,,,,
2,8,150,34,-0.013816026372300175,-0.019195267878957645,,,,,,,,
2,16,150,78,-0.02667944781447759,-0.010425247967611061,,,,,,,,
2,32,150,162,-0.023174916322113374,-0.004027615049902355,,,,,,,,
2,64,150,296,-0.0043718863481900265,2.2714184367657358e-05,,,,,,,,
2,128,150,694,-0.0024060719829167194,-0.003025378471562021,,,,,,,,
2,8,151,28,-0.05132179826481101,-0.011634953939308575,,,,,,,,
2,16,151,56,-0.0225695350006952,-0.005213982809590877,,,,,,,,
2,32,151,128,-0.015794214571204068,-0.004301448514071323,,,,,,,,
2,64,151,272,-0.013083822478895335,-0.001958069406100999,,,,,,,,
2,128,151,574,-0.010471187829359309,-0.00018363596876527614,,,,,,,,
2,8,152,32,-0.0012869598851418904,-0.0036214841867535496,,,,,,,,
2,16,152,58,0.02696865120104028,-0.0013689771691698855,,,,,,,,
2,32,152,114,0.036915421330192204,-0.0042442115755926485,,,,,,,,
2,64,152,278,-0.011248614434854273,-0.004122768617035064,,,,,,,,
2,128,152,692,-0.0048070782162699215,0.00012273923333980065,,,,,,,,
2,8,153,60,-0.010426513123797238,0.0010309805741211234,,,,,,,,
2,16,153,96,0.011607171583286538,-0.0028145233400280506,,,,,,,,
2,32,153,154,-0.009929518558182797,-0.005409438094536286,,,,,,,,
2,64,153,286,-0.004680813188422598,-0.0008954481463650127,,,,,,,,
2,128,153,690,-0.017092307934588578,-0.00434355135593275,,,,,,,,
2,8,154,38,-0.0022946525105577167,-0.012249379310698857,,,,,,,,
2,16,154,94,0.005245816527417208,-0.005491029894626247,,,,,,,,
2,32,154,178,-0.0011501393724092919,0.0007339554173199302,,,,,,,,
2,64,154,302,0.0064039217243245464,0.0025474615076718243,,,,,,,,
2,128,154,670,0.003013050741103163,-0.0008202975894812331,,,,,,,,
2,8,155,50,0.028139397188784825,-0.007324488855824735,,,,,,,,
2,16,155,78,0.006228792482252826,-0.014195072731370956,,,,,,,,
2,32,155,176,0.018307111143937235,-0.0059847820220481265,,,,,,,,
2,64,155,318,0.006147807137295165,-0.004448612730993039,,,,,,,,
2,128,155,718,0.01589518533465149,-0.0008576697063560364,,,,,,,,
2,8,156,40,0.202358048004761,0.011684557654285185,,,,,,,,
2,16,156,76,0.08073456103958868,-0.0005430514873068521,,,,,,,,
2,32,156,146,0.044058500259060135,0.001906916501312628,,,,,,,,
2,64,156,286,0.03150122652208351,0.0030017105711881145,,,,,,,,
2,128,156,586,0.026962062189008373,0.009135235432953526,,,,,,,,
2,8,157,26,0.017993520558114498,-0.00039835750482359434,,,,,,,,
2,16,157,62,0.02794635991526047,0.0151214534697085,,,,,,,,
2,32,157,118,-0.020084076037554553,0.016444618342845007,,,,,,,,
2,64,157,290,-0.014296163094139409,0.013532820431576196,,,,,,,,
2,128,157,658,-0.0062614189061886965,0.00610314767379818,,,,,,,,
2,8,158,30,-0.01723785903983501,0.0021285307163076885,,,,,,,,
2,16,158,64,0.04790898989619351,0.006644634940820409,,,,,,,,
2,32,158,128,0.04091727751292775,0.0019522932018725138,,,,,,,,
2,64,158,308,0.0359500957551018,-0.002070136654072645,,,,,,,,
2,128,158,590,0.01977484508000749,-0.006067303192211826,,,,,,,,
2,8,159,32,0.006715738580013772,0.002836573753266834,,,,,,,,
2,16,159,84,0.027088383662378323,0.0028450360981401397,,,,,,,,
2,32,159,172,0.004160447062669665,-0.0006309877366276714,,,,,,,,
2,64,159,308,0.00857652862942216,-0.0010183416851466565,,,,,,,,
2,128,159,600,0.0048820452202965724,-0.0010447133631687614,,,,,,,,
2,8,160,46,0.0013398762715370917,-0.006859312200871184,,,,,,,,
2,16,160,88,-0.014120700446145055,-0.009222439505496985,,,,,,,,
2,32,160,168,-0.019733562711906422,-0.006160616764827441,,,,,,,,
2,64,160,278,-0.02014059555895157,0.0015712062267316624,,,,,,,,
2,128,160,560,-0.014211200217225554,0.00020855989612105665,,,,,,,,
2,8,161,42,0.07707502156456326,0.03946306278420133,,,,,,,,
2,16,161,72,-0.0050217527047748695,0.013500208366315223,,,,,,,,
2,32,161,158,-0.013594434367498848,-0.0004419300969459722,,,,,,,,
2,64,161,312,0.005131146740476655,-0.004984261912441064,,,,,,,,
2,128,161,588,0.005485804324323102,-0.006836742425527382,,,,,,,,
2,8,162,42,-0.020738051413893628,0.021495265642939576,,,,,,,,
2,16,162,80,0.013406699784347807,0.013654120339545819,,,,,,,,
2,32,162,144,0.004872055636231082,0.011382706079180401,,,,,,,,
2,64,162,344,0.01972736768516823,0.0071879302297760605,,,,,,,,
2,128,162,608,0.013470290862637922,0.0039259793562413945,,,,,,,,
2,8,163,24,-0.029417117348325014,0.0029447395443373894,,,,,,,,
2,16,163,54,0.012181364786459026,0.005999623246708679,,,,,,,,
2,32,163,146,-0.00697746133375907,0.008341197012180186,,,,,,,,
2,64,163,348,-0.010319106063218978,0.004668047823010688,,,,,,,,
2,128,163,596,-0.007830394098099639,0.0015993665420083784,,,,,,,,
2,8,164,28,-0.023545389324975546,-0.0052225844541960685,,,,,,,,
2,16,164,66,-0.015429856374024558,-0.00558086650589791,,,,,,,,
2,32,164,138,0.00885518977278608,0.005076356840475514,,,,,,,,
2,64,164,270,0.015718844202499666,0.00895868858931117,,,,,,,,
2,128,164,592,0.0016869786600809018,0.008470632773180595,,,,,,,,
2,8,165,40,-0.014394750830650721,0.0011197463080161907,,,,,,,,
2,16,165,72,-0.02559203088544184,-0.00435828621347982,,,,,,,,
2,32,165,146,-0.0167495141705504,-0.004473536912469751,,,,,,,,
2,64,165,338,-0.02570618137343217,0.0035152806084983094,,,,,,,,
2,128,165,604,-0.01544147462444467,0.0037494025358595575,,,,,,,,
2,8,166,32,0.006472480366318923,-0.0020329384011189156,,,,,,,,
2,16,166,124,-0.006115498513234608,-0.0030609598713951095,,,,,,,,
2,32,166,186,-0.004754589011606584,-0.0027013310888945145,,,,,,,,
2,64,166,350,-0.02725038652576618,-0.0026049494180026517,,,,,,,,
2,128,166,676,-0.012248406184443788,-0.0019027262423870353,,,,,,,,
2,8,167,52,-0.0209174783207153,0.008912969628123374,,,,,,,,
2,16,167,104,-0.010565395041167758,0.00527384055989734,,,,,,,,
2,32,167,204,-0.030536799820662524,0.013225911918049497,,,,,,,,
2,64,167,358,-0.008581494778529234,0.008149600415452644,,,,,,,,
2,128,167,602,0.0013330830233418214,0.004565062215115125,,,,,,,,
2,8,168,26,0.04923135391192619,0.008146721768739979,,,,,,,,
2,16,168,86,0.021634437494075176,0.007563168463343689,,,,,,,,
2,32,168,136,0.014207728344341305,0.003833084670990927,,,,,,,,
2,64,168,284,0.0036002119036544367,0.004587871820597722,,,,,,,,
2,128,168,616,0.0014695879058384343,0.0010050086721668798,,,,,,,,
2,8,169,28,0.026902065973422373,-0.026768900998158734,,,,,,,,
2,16,169,66,0.022502708196040454,-0.0206962104163909,,,,,,,,
2,32,169,126,0.021811373578395996,-0.011074914509437893,,,,,,,,
2,64,169,348,0.01621279271650616,-0.005198981434556349,,,,,,,,
2,128,169,680,0.01850500548407629,-0.0019930773773279313,,,,,,,,
2,8,170,54,0.00765871558516482,0.0015946808601285042,,,,,,,,
2,16,170,86,0.07698969860673205,0.0036409928258659885,,,,,,,,
2,32,170,142,0.041548432736490275,0.012901437667772575,,,,,,,,
2,64,170,272,0.01054269795377243,0.001070412838667037,,,,,,,,
2,128,170,590,0.011709405367265883,0.002348030863604526,,,,,,,,
2,8,171,42,-0.019425551028485807,-0.0013166692833041437,,,,,,,,
2,16,171,70,-0.014268855685137489,0.002482658164185021,,,,,,,,
2,32,171,124,-0.012954629406102102,-0.0038401819684565136,,,,,,,,
2,64,171,396,-0.01070035927405911,0.005049245918051542,,,,,,,,
2,128,171,658,-0.02245874938446721,0.0036229233907084423,,,,,,,,
2,8,172,42,-0.04885161494872758,0.002914867340757165,,,,,,,,
2,16,172,78,-0.017753897292825626,-0.0011976790559619045,,,,,,,,
2,32,172,200,0.013549102516523982,0.00220327864104164,,,,,,,,
2,64,172,342,-0.009187561499180538,0.0009347675968616879,,,,,,,,
2,128,172,622,-0.016360706612264332,0.0006881199994114674,,,,,,,,
2,8,173,36,0.12272663380660995,0.01783534910738858,,,,,,,,
2,16,173,64,0.020209146455904926,-0.007596784036274462,,,,,,,,
2,32,173,136,0.008582151725188841,-0.008632111251155589,,,,,,,,
2,64,173,258,-0.0026086481805664996,-0.008834809775010466,,,,,,,,
2,128,173,594,0.0008188158061378768,-0.004865664612170344,,,,,,,,
2,8,174,28,0.015838695980578774,-0.0006997943210180569,,,,,,,,
2,16,174,74,0.024119287723934346,0.006517432251716417,,,,,,,,
2,32,174,128,0.013429416016008052,0.0032641615125655094,,,,,,,,
2,64,174,262,0.000580249843380173,0.0013872997020170082,,,,,,,,
2,128,174,540,0.00952162043722748,0.0020006634932970353,,,,,,,,
2,8,175,48,-0.0050409685028719314,-0.007942171159353122,,,,,,,,
2,16,175,140,-0.0026938827552857683,0.0001835586217241148,,,,,,,,
2,32,175,202,-0.010218108831722,-0.002004656677259649,,,,,,,,
2,64,175,360,0.005675549263648873,0.0001866563247259301,,,,,,,,
2,128,175,672,0.01076009422248134,0.0030901479430314404,,,,,,,,
2,8,176,44,0.03390954920926083,-0.011432607717830612,,,,,,,,
2,16,176,74,-0.02811974153619072,-0.006916360355884191,,,,,,,,
2,32,176,164,-0.014398247664950849,-0.00543381918330233,,,,,,,,
2,64,176,368,-0.009894438211365451,-0.0013025944396104104,,,,,,,,
2,128,176,690,0.0030762266085658523,-0.0007618023802432657,,,,,,,,
2,8,177,34,-0.0008853384427265642,0.01285355630202292,,,,,,,,
2,16,177,122,-0.014489112163938373,0.017307292513430272,,,,,,,,
2,32,177,194,0.019895567449951534,0.019787434847264314,,,,,,,,
2,64,177,376,0.008502737981603845,0.010734312252545355,,,,,,,,
2,128,177,766,0.007440100216087343,0.005016108491553987,,,,,,,,
2,8,178,58,0.07718106525017637,0.008997286855157605,,,,,,,,
2,16,178,104,0.010879578859875913,0.0015434714045278628,,,,,,,,
2,32,178,178,-0.006319956821979714,0.005957624134795468,,,,,,,,
2,64,178,312,-0.014363401618107783,0.0031321379942690197,,,,,,,,
2,128,178,606,0.006432495978699441,0.00047500844502509546,,,,,,,,
2,8,179,34,0.0351881889882991,0.0018027576521179147,,,,,,,,
2,16,179,64,0.025728865283647505,0.0014730691049166967,,,,,,,,
2,32,179,182,0.002066827778852867,0.0003086196536596587,,,,,,,,
2,64,179,312,-0.008375031036800139,0.0037377278084693485,,,,,,,,
2,128,179,594,-0.006139314470572568,0.004520055452560613,,,,,,,,
2,8,180,38,0.0017155647886148762,0.004207819119249445,,,,,,,,
2,16,180,106,-0.011543033646131011,-0.0005561730080621736,,,,,,,,
2,32,180,172,-0.011856702641906613,-3.375220793507813e-05,,,,,,,,
2,64,180,322,0.0028219590954160732,0.0004158765004986371,,,,,,,,
2,128,180,680,-0.009338875249333325,0.00016666630837554287,,,,,,,,
2,8,181,38,-0.010002765839591237,0.006336610197670252,,,,,,,,
2,16,181,70,-0.04132803335909921,-0.008281854092674108,,,,,,,,
2,32,181,176,-0.04329807950335113,-0.005506354081534721,,,,,,,,
2,64,181,370,-0.030351056197748257,-0.00496011644335789,,,,,,,,
2,128,181,714,-0.024389678552868818,0.002242764432177366,,,,,,,,
2,8,182,90,0.001462637305994799,0.002225094230970807,,,,,,,,
2,16,182,126,0.0022012625119728017,-0.004791623372017517,,,,,,,,
2,32,182,184,-0.000245747516156507,-0.002587124617153165,,,,,,,,
2,64,182,328,0.008850172624163911,0.0013225812240237281,,,,,,,,
2,128,182,610,0.01047269547580896,0.001924454142372152,,,,,,,,
2,8,183,40,0.02526057061135685,-0.01005178361842628,,,,,,,,
2,16,183,78,-0.016554981583097702,-0.010364612893870674,,,,,,,,
2,32,183,166,0.027130207406455553,-0.004885651183252621,,,,,,,,
2,64,183,296,0.01589948387177107,-0.006356381002021905,,,,,,,,
2,128,183,552,0.002779521817725537,-0.00012183114467521845,,,,,,,,
2,8,184,48,-0.08057198858407347,0.024574922944837967,,,,,,,,
2,16,184,86,-0.06349007794373476,0.011161172120438687,,,,,,,,
2,32,184,148,-0.026537604732143057,0.009210124890543733,,,,,,,,
2,64,184,272,-0.0024254367977080754,0.007874830400274967,,,,,,,,
2,128,184,630,-0.00016575718525929704,0.004969784349151057,,,,,,,,
2,8,185,46,0.0025119441147782176,-0.013109926350088695,,,,,,,,
2,16,185,74,-0.006756053885796474,-0.006027543623608627,,,,,,,,
2,32,185,190,-0.006917494359715385,-0.004195395627911391,,,,,,,,
2,64,185,336,-0.0035782901364160382,0.0006916156070258777,,,,,,,,
2,128,185,616,0.006229473312869118,-0.0011210098547110416,,,,,,,,
2,8,186,28,0.04178620007355954,-0.004655367614668264,,,,,,,,
2,16,186,72,0.04122870029461009,0.00028437685815664755,,,,,,,,
2,32,186,144,0.042028360801020334,-0.002276988502103201,,,,,,,,
2,64,186,270,0.01853870988032099,-0.0009259386461718326,,,,,,,,
2,128,186,566,-0.00962862186489153,0.001282766601055932,,,,,,,,
2,8,187,42,0.002952184082872291,-0.0011119427011899784,,,,,,,,
2,16,187,74,-0.004328033620921532,0.0028251403480721985,,,,,,,,
2,32,187,136,-0.01292988808947109,6.773896357903765e-05,,,,,,,,
2,64,187,272,-0.005250236048306661,-0.001900889772962534,,,,,,,,
2,128,187,532,0.0019550138307331383,-0.0005912456939317865,,,,,,,,
2,8,188,34,0.027661651325366063,0.002984234567323478,,,,,,,,
2,16,188,62,0.019752634877681648,0.0002014943240590992,,,,,,,,
2,32,188,124,-0.02272301167604755,-0.0009074853819356545,,,,,,,,
2,64,188,274,-0.001244286631222125,-0.0012791021131712806,,,,,,,,
2,128,188,582,0.00425044288761554,0.0005589182893766228,,,,,,,,
2,8,189,34,0.04662169621678419,0.015298250342574725,,,,,,,,
2,16,189,62,0.04931794547275952,0.01638428273689806,,,,,,,,
2,32,189,196,0.005619690089262667,0.011357724815195012,,,,,,,,
2,64,189,420,-0.00568488977951032,0.008475571020214494,,,,,,,,
2,128,189,694,-0.016833022241697113,0.004314105960854952,,,,,,,,
2,8,190,42,0.02948773211439501,0.013862137159248517,,,,,,,,
2,16,190,72,0.00840969900901056,0.004725517747426229,,,,,,,,
2,32,190,124,0.0005459570421958593,-0.003511788059736765,,,,,,,,
2,64,190,242,-0.01699808290819483,-0.0025054462787497712,,,,,,,,
2,128,190,596,-0.012951182037054131,-0.0004931250513791105,,,,,,,,
2,8,191,42,0.03141290253716011,-0.012898288897004569,,,,,,,,
2,16,191,72,-0.00882019099937888,0.0004124046187859063,,,,,,,,
2,32,191,144,-0.025448310821232653,0.006595981746712518,,,,,,,,
2,64,191,278,-0.015415744660499442,0.005037578936458723,,,,,,,,
2,128,191,628,-0.006706296338197781,-0.0026583669411827434,,,,,,,,
2,8,192,58,0.06189144871855988,-0.030958003693741406,,,,,,,,
2,16,192,86,0.028027220747021964,-0.014992955181457069,,,,,,,,
2,32,192,146,0.022947385853245985,-0.0077178499998996845,,,,,,,,
2,64,192,270,0.007817746079827506,0.0033913083699673736,,,,,,,,
2,128,192,592,0.005697928840816461,0.0014336012821014451,,,,,,,,
2,8,193,46,-0.24605683638234763,0.040431467310597734,,,,,,,,
2,16,193,76,-0.13660615368841567,0.01871946645477304,,,,,,,,
2,32,193,140,-0.07740363111103139,0.00765454712762593,,,,,,,,
2,64,193,442,-0.03505860399586305,-0.00219448951539052,,,,,,,,
2,128,193,792,-0.026566101560394614,-0.004954245849117033,,,,,,,,
2,8,194,30,-0.039709205414182346,0.009259367462435273,,,,,,,,
2,16,194,60,-0.02488305342927391,0.010434120101009274,,,,,,,,
2,32,194,122,0.005870202382322903,-0.00772634574218384,,,,,,,,
2,64,194,362,-0.001131655881045504,-0.002200272843776342,,,,,,,,
2,128,194,682,0.002589728125933068,-0.0008668927719706792,,,,,,,,
2,8,195,70,-0.020679941135289537,-0.019999767656954395,,,,,,,,
2,16,195,130,-0.05048157539723785,0.020355832197759154,,,,,,,,
2,32,195,208,-0.029148209983814233,0.010785184415173146,,,,,,,,
2,64,195,320,-0.003836823776172357,0.000374896578607834,,,,,,,,
2,128,195,598,-0.000588033463564864,0.0034446246993890097,,,,,,,,
2,8,196,56,0.035533159035316654,-0.0021186878367927472,,,,,,,,
2,16,196,94,0.023125410685436686,-0.002864761323649969,,,,,,,,
2,32,196,190,-0.0005699319621194028,0.0013276139052237827,,,,,,,,
2,64,196,328,-0.02205376789517333,0.008978066640643555,,,,,,,,
2,128,196,638,-0.011196737949527415,0.0049454553353175485,,,,,,,,
2,8,197,24,-0.012924075650449163,0.02567177673689411,,,,,,,,
2,16,197,68,-0.04755743112270324,0.009783737438242327,,,,,,,,
2,32,197,126,-0.012654046604064132,0.0034515730400936652,,,,,,,,
2,64,197,292,-0.010852824740629678,0.0030663931170757173,,,,,,,,
2,128,197,630,-0.0028922709748367224,0.0013934781691524098,,,,,,,,
2,8,198,30,-0.0028765278061037274,0.0011525415867104263,,,,,,,,
2,16,198,84,0.01052268632976738,0.0016846817574577302,,,,,,,,
2,32,198,144,0.021978919727469085,-0.0015071211330023313,,,,,,,,
2,64,198,284,0.02712444730955454,-0.0073433036028730655,,,,,,,,
2,128,198,536,0.023139721609951248,-0.009417610976972862,,,,,,,,
2,8,199,32,-0.00778907467857611,-0.04485680488760209,,,,,,,,
2,16,199,162,0.0073949138270989374,-0.022036244070787126,,,,,,,,
2,32,199,230,0.09719363692795606,-0.008376859884065667,,,,,,,,
2,64,199,356,0.056228652428249586,-0.008303310202540404,,,,,,,,
2,128,199,698,0.01863411462971418,-0.005590483242821246,,,,,,,,
4,8,0,28,0.0038932589193757493,0.002192067597015243,0.005741662108770374,-0.0018395380683194132,,,,,,
4,16,0,76,-0.011293310941357732,-0.0026239767417138697,0.003028509577115661,0.003178441746582619,,,,,,
4,32,0,150,0.015989261623539676,-0.004771195912839791,-0.008276712774154957,0.009200725947737305,,,,,,
4,64,0,298,0.006683099254328523,-0.00440737014206901,-0.00273701087664326,0.004677433836809988,,,,,,
4,128,0,554,0.004027261208336525,-0.004587517015467872,0.0009618501661972313,0.001527697114545549,,,,,,
4,8,1,24,0.010725112442820067,0.015192795731057307,-0.01987084768208806,0.004628810823337068,,,,,,
4,16,1,50,0.009155786910083256,0.0063088130297622395,-0.008749536751464285,0.004246160225159755,,,,,,
4,32,1,200,-0.021476974908066857,0.00883786752557694,-0.007958570493515726,0.014124455769526176,,,,,,
4,64,1,338,-0.029551610082739595,-0.006565629216265489,-0.008350011210141079,0.006874983790326323,,,,,,
4,128,1,608,-0.014230836958920733,-0.003919752160950584,-0.0045556192916467505,0.0024118823081517786,,,,,,
4,8,2,32,0.033900574987138526,0.02204358499321898,-0.00040913209534912225,0.007496129964715368,,,,,,
4,16,2,88,0.01193995751476803,0.013913988152130055,-0.000539342069325601,-0.0007798392989080542,,,,,,
4,32,2,182,-0.01153528656803041,0.005877927362152308,-0.011746008319061781,-0.0014702686404105267,,,,,,
4,64,2,336,-0.004384549396026073,-0.0001864876356228675,-0.014382007818283776,0.013513823354368812,,,,,,
4,128,2,702,7.501392871229426e-05,0.0006491993833924197,0.00048093767511839236,-0.005047431519191755,,,,,,
4,8,3,50,-0.04001870876072662,-0.010937602104839246,0.022929646315164677,-0.016262126146684857,,,,,,
4,16,3,102,-0.02362323113710485,-0.005296081454225899,0.017489856750132694,-0.008254637779808153,,,,,,
4,32,3,172,-0.008661180015027617,0.00025605903244827453,0.021498455728317305,-0.00954186393795596,,,,,,
4,64,3,324,0.0029861216195015217,0.005546935936956377,0.003950273647878386,0.005778329273094234,,,,,,
4,128,3,584,0.0044877466265814065,-0.0021009741797609277,0.006562764475035487,0.0014476483072312688,,,,,,
4,8,4,36,0.013044789211221602,-0.010518926710586185,-0.013701108267855335,-0.02092295136841301,,,,,,
4,16,4,66,0.05522526612378864,0.0029559818706784485,-0.02416709978662266,-0.006151013679157671,,,,,,
4,32,4,136,-0.002110074700659121,-0.009780015777000974,-0.03549925558816544,0.0461298607079543,,,,,,
4,64,4,272,0.004929179231868498,-0.007304943191481943,-0.017701769154268382,0.02223298852344803,,,,,,
4,128,4,588,0.015062383463970236,-0.004778088146805629,-0.010805824376870898,0.010943970262334962,,,,,,
4,8,5,46,0.04637378425879019,0.0005709526012341632,-0.0026643506953289127,-0.012006817138950899,,,,,,
4,16,5,88,0.0040809456331092715,-0.007468334436111683,-0.011242792321349023,-0.0011610817097986652,,,,,,
4,32,5,184,-0.005315614678017562,-0.007356680375130729,-0.00539391520439102,0.00394121400130828,,,,,,
4,64,5,328,0.00635770834813149,-0.008311597105120758,0.003442828306081948,0.0024274993430219906,,,,,,
4,128,5,642,-0.0007222052743453401,-0.00633445430277136,0.016585775494257892,-0.00670096536772284,,,,,,
4,8,6,32,-0.012757882825561078,0.002813336531885732,-0.029797743680242933,0.04314137540704594,,,,,,
4,16,6,62,0.02270611169416688,0.011063164018519341,-0.02172197492003172,0.01488229167110975,,,,,,
4,32,6,162,0.03137632422733548,-0.00026373612778689645,0.005197570072740231,0.013459615887406575,,,,,,
4,64,6,332,0.019999547712711056,0.0021980678530453502,-0.0036969272709692085,0.010818984979099196,,,,,,
4,128,6,680,0.01611888314517938,0.0019143821652210305,-0.003597709739261399,0.005439393436979068,,,,,,
4,8,7,28,-0.013477372410311661,0.00190637326889147,0.01018183068125823,-0.00914391749648823,,,,,,
4,16,7,60,-0.02508059791839499,-0.0029248975419037242,-0.00016467412832676422,-0.002046948246339339,,,,,,
4,32,7,118,-0.017819398366573057,-0.008628636159207897,-0.0069667767446058865,-0.009919960373172412,,,,,,
4,64,7,252,-0.0009309801040815343,-0.001489279810810805,-0.010908037385643403,0.0015231121683759706,,,,,,
4,128,7,588,-0.00998804165192433,-0.004879885352061785,-0.0029758204436684923,0.006677934766595747,,,,,,
4,8,8,34,0.0019119436992433825,0.014578049522678726,0.010162209099325716,-0.006477131314526057,,,,,,
4,16,8,64,-0.0066757236932343126,0.013190708258061902,-0.008715606219577168,-0.007737382796271138,,,,,,
4,32,8,130,0.02310696658289072,0.007719406664069639,0.004378615788691331,-0.006633086333127461,,,,,,
4,64,8,256,0.00965068506730252,0.0028215846435557653,-0.001186748849653714,0.002777561548239981,,,,,,
4,128,8,526,0.010073526824824961,0.0024672971409003207,0.0004860156550458484,-0.0018071163715944743,,,,,,
4,8,9,26,0.031360009785352125,-0.00752073187116674,0.0009776567921645494,0.016781972142884235,,,,,,
4,16,9,50,0.06815933467164088,-0.009653654414313536,-0.026253146211039406,0.020880465146423503,,,,,,
4,32,9,110,0.04501165647151794,-0.0009244823535582442,-0.018672973072157657,0.01778702645542854,,,,,,
4,64,9,304,0.0027786905285772045,-0.005882599486210173,-0.009285473353008744,0.014719001033121019,,,,,,
4,128,9,628,0.01100393706949243,-0.005338444094261454,-0.014321634945204071,0.018268718312030446,,,,,,
4,8,10,26,0.048659622535039804,-0.005585703179831464,-0.01559994492043352,0.013775449730058157,,,,,,
4,16,10,62,0.021119727208370322,0.002972330661337955,-0.010075831442799813,0.012956674926712895,,,,,,
4,32,10,134,-0.006886574706437351,0.003591879446015075,-0.001781057163278194,4.5643930140690025e-05,,,,,,
4,64,10,274,-0.00892737348468032,0.003459973793486594,0.0028014661742816606,-0.007001179594177234,,,,,,
4,128,10,536,-0.004366027254159522,0.001011494995750242,0.0027767214672200498,-0.0021994076699370776,,,,,,
4,8,11,32,-0.010623849905687238,0.02101814337867617,0.02800155665790318,-0.01881181719177975,,,,,,
4,16,11,62,-0.0065363943276101275,0.011348022296285018,0.02042135106715851,-0.013531824086949454,,,,,,
4,32,11,130,-0.015604927469262453,0.0096525216974,0.016485353229633227,-0.0033843368906589107,,,,,,
4,64,11,310,-0.009216734579946706,-0.0017395976940670378,0.005467139238182056,0.007429413168993667,,,,,,
4,128,11,616,0.0009654956751096436,-0.002497989398473772,0.0002832771014362385,-0.0023860212865521864,,,,,,
4,8,12,32,-0.02147771872967894,0.01624079925953404,0.04230794907325158,-0.030382208060354823,,,,,,
4,16,12,72,-0.005658326892386728,0.006043834106813082,0.023810833791956972,-0.01712925766190325,,,,,,
4,32,12,144,0.005287590804574039,0.006394316362150132,0.013130859669624764,-0.016605154330771858,,,,,,
4,64,12,276,0.006405605598772772,0.001979873160872307,0.013278705693387419,-0.008450422110336052,,,,,,
4,128,12,536,0.012743516186565261,0.00042755728740361004,0.0020214511034980604,0.0033765773508191666,,,,,,
4,8,13,130,-0.003937389976692293,0.016177376375315952,-0.02797490032461826,0.02573106869013213,,,,,,
4,16,13,162,-0.04919451067813818,0.001364937642474818,-0.003732597338218529,0.002659935499080912,,,,,,
4,32,13,226,-0.012500894063522644,0.0007327579983791607,-0.00683246889666716,0.004594718523872417,,,,,,
4,64,13,404,-0.03510054635102739,0.000958881191502753,-0.005976226064685063,0.006436657033228388,,,,,,
4,128,13,720,-0.005515235847192266,0.0038679766556778674,-0.014356829186748805,0.003620665162665077,,,,,,
4,8,14,40,0.06676926264822854,0.027201059628255374,-0.015296629005044535,0.0539480071559809,,,,,,
4,16,14,74,0.027748142307407745,0.018249142919277407,-0.007046776043082099,0.03219082697696579,,,,,,
4,32,14,158,0.006274017165688382,0.012754419931888758,0.0023649616811231683,0.00946965034402304,,,,,,
4,64,14,322,0.005996395281974242,0.005255876602811087,0.014226820133820048,-0.005323602254248273,,,,,,
4,128,14,628,-0.0010969991446247796,0.004389346428270017,0.01286877797095798,-0.0005896559358816479,,,,,,
4,8,15,46,-0.022200780362275494,0.012378319986298228,-0.0015665752632067855,0.006271142313147016,,,,,,
4,16,15,74,0.007073218568603574,0.008833854490106086,-0.0023163968493371137,0.008509468673707037,,,,,,
4,32,15,170,0.007724530938849464,0.0056367667899521415,-0.0005766729657564864,-0.00017388519247942127,,,,,,
4,64,15,322,0.006906092337426155,0.002411268095461648,-0.001055896090300013,0.002901513059609058,,,,,,
4,128,15,596,-0.0007182920975793501,0.005588983814594799,-0.0013730157523256696,-2.281465438000582e-05,,,,,,
4,8,16,60,0.07667792273243586,0.02110271417097525,-0.020859672935533126,0.008986960446453283,,,,,,
4,16,16,98,0.042927967710306776,0.009122982091780425,-0.012431916367615443,0.008904941778973883,,,,,,
4,32,16,162,0.018215671871441803,0.005131573217414883,-0.009850608520630985,0.0026714742784718862,,,,,,
4,64,16,386,0.011613979672578803,0.0031340370433220774,0.004422650142383635,0.0008029179019468592,,,,,,
4,128,16,754,0.0006855285525144735,-0.00010497472353452984,-0.0037232129466114195,0.003516272204122416,,,,,,
4,8,17,34,0.02514024264952795,-0.0006752284256297256,0.007679875153716499,-0.014599269017409666,,,,,,
4,16,17,70,0.0737169977087256,0.00845732745686054,0.010599361886059536,0.00834655025569072,,,,,,
4,32,17,138,0.025525262240901986,0.0038831105305851695,0.004053208322714142,0.004989542702246641,,,,,,
4,64,17,272,0.009988731785091147,-0.00010922179821485972,-0.0019399379302635542,0.005730059854964456,,,,,,
4,128,17,546,-0.01895107974624767,-0.001152480196850562,-0.013173996388175825,0.002377935319769525,,,,,,
4,8,18,26,0.010722811069074953,-0.005277678492385239,0.008402544548917697,0.0028877828513013274,,,,,,
4,16,18,56,0.08818697016194003,-0.0010216367525952177,0.0005820655391631832,-0.0033040580975853082,,,,,,
4,32,18,122,0.0648778423320417,0.0032353860859471026,0.011701821673705369,-0.006653783454343717,,,,,,
4,64,18,258,0.028909824130719193,-0.004204051169782247,0.006498758865304097,0.010722826806603863,,,,,,
4,128,18,596,0.021732329167564755,-0.0015179042726900071,-0.00017977021156211632,0.00804708364058174,,,,,,
4,8,19,34,0.005683978026852402,0.004395386860254546,-0.004015830670411903,0.002172591780195369,,,,,,
4,16,19,62,-0.025376191256227476,-0.008114927670530889,-0.0009693830377618153,0.012330476529543413,,,,,,
4,32,19,150,0.0021451679331703642,0.0011516751960524297,-0.003700066579307602,0.004922910778448779,,,,,,
4,64,19,318,0.0035327188620198485,0.0032817711787478535,-0.0032811233961496395,0.01157605447303137,,,,,,
4,128,19,610,0.0023273402723766375,0.0017363879260639716,0.004732905063805513,0.0075415920564107265,,,,,,
4,8,20,26,-0.0011189760808887122,-0.0018075095317923626,0.008774461053209759,0.00681722515150886,,,,,,
4,16,20,94,0.04033553743443588,-0.005563967765218779,0.042794461625146905,-0.020653315205018393,,,,,,
4,32,20,172,0.006469732137133251,0.005414660880563556,0.02147914884943584,-0.006100351735822425,,,,,,
4,64,20,326,-0.0038945468835692933,0.003363271088527949,0.015483460211071907,-0.00385525831450477,,,,,,
4,128,20,646,0.0011655592326290265,0.0019290185275092416,0.006398342752474975,0.00037671873170013327,,,,,,
4,8,21,24,0.0016368613064674878,0.01838667918754957,0.012404020075670522,-0.06971970943861686,,,,,,
4,16,21,54,0.021558136487029186,0.013816178193339506,0.006206016603380125,-0.013379770454423567,,,,,,
4,32,21,116,-0.0053807884037734835,0.005368145802964108,-0.006384949058019754,-0.006406968485765023,,,,,,
4,64,21,280,-0.0055639026016532376,-0.0007880489759965012,0.002618927716524407,-0.006478757669142818,,,,,,
4,128,21,560,0.025858465415448947,-0.002319813455744785,-0.0019834627489127526,-0.006535010070617378,,,,,,
4,8,22,68,-0.050839595876646757,-0.010220723448573981,0.0205610290509784,-0.03211501228695377,,,,,,
4,16,22,108,0.025103292351136546,-0.003356153126210701,-0.00291125022359538,-0.018057590744251274,,,,,,
4,32,22,178,-0.007792235110190757,-0.002605130579571659,0.0055672426586443,-0.001929966203437311,,,,,,
4,64,22,382,-0.007700563645281825,-0.0011683340888525673,0.0029743116279247676,-0.0009673417221838576,,,,,,
4,128,22,730,0.017286799515972638,0.004061618823364646,0.0011569771028159493,0.0004980244492438211,,,,,,
4,8,23,32,0.0008875458209167416,0.003117908176274995,-0.002383232202963752,0.011556915234116075,,,,,,
4,16,23,60,0.007561055318494695,-0.0005149566625642439,0.009219173811553724,-0.0073683842741408805,,,,,,
4,32,23,132,0.024569068997423994,0.006996732166187799,0.014014661109088838,-0.002975574005624504,,,,,,
4,64,23,292,0.016367012771819744,0.006991989247639035,0.020823092113689195,-0.011039929054638575,,,,,,
4,128,23,608,0.007874413943571537,0.007170347471033222,0.01307296528021434,-0.01017325433627064,,,,,,
4,8,24,38,0.10668516797761475,-0.016645481514857202,0.013190408406316164,0.07310225968107366,,,,,,
4,16,24,70,0.05570484635314788,-0.010020161133747771,0.002737441906008165,0.04203512271500791,,,,,,
4,32,24,176,0.029240570835231235,-0.017267615160223158,0.00477423170933018,0.011910567616584182,,,,,,
4,64,24,302,0.03359662281480068,-0.008624219992504949,0.02603954425048001,0.007037848479691128,,,,,,
4,128,24,542,0.01247842353230063,-0.0034822409834499675,0.015052991914073414,0.006958189669839114,,,,,,
4,8,25,30,-0.011772308412179936,0.0012339523831208117,0.0060955929312265095,-0.004094956194727779,,,,,,
4,16,25,74,0.0028921438003682827,0.0018500988368063101,-0.00094137112830613,-0.0030245191271999782,,,,,,
4,32,25,132,0.004026542068447475,0.002579176763017742,0.0074780465000264815,-0.009481831203121368,,,,,,
4,64,25,274,0.0006568520282310628,-0.0017811697075801323,0.0015444927461157009,-0.006001046724844528,,,,,,
4,128,25,566,0.018502051805625235,0.007453489993803218,-0.007986133618171834,-0.00298249346393404,,,,,,
4,8,26,32,-0.0049921680379559795,-0.024504084379251743,-0.026569996363014086,0.030145357817785098,,,,,,
4,16,26,66,0.0033170322492569538,-0.012095960381847291,-0.02312607721360829,0.017772113621543916,,,,,,
4,32,26,156,-0.02253744187565951,-0.01862801931573346,-0.005514234190598461,0.0069423305148800865,,,,,,
4,64,26,380,-0.01048357854757859,-0.0039253781507257975,-0.01619731522853709,0.011220046298604944,,,,,,
4,128,26,674,-0.00018341685464162423,-0.010828772671187734,-0.005281946079658953,-0.0019656116279328432,,,,,,
4,8,27,50,0.02438466553635407,-0.0039034241653786656,0.01127801322691607,0.005472042918289418,,,,,,
4,16,27,100,0.04997477441804088,-0.0009784250214291657,0.01028502304321842,0.003130071252521311,,,,,,
4,32,27,160,0.019140455100384902,-0.004761155172502941,0.010908568752062076,-0.0019354127549335767,,,,,,
4,64,27,288,-0.006196309860596787,-0.004550105286917607,0.012054046959366665,-0.0055231304865795625,,,,,,
4,128,27,646,0.0006010913806914938,-0.0025985507476464346,0.0033252662541008253,-0.0005126828786961272,,,,,,
4,8,28,26,-0.021430282725949396,0.007121651947425421,0.0012086205896266505,0.03832120026062199,,,,,,
4,16,28,86,-0.01317667377278152,0.01549670611275395,-0.010242406023285827,0.03173480254663252,,,,,,
4,32,28,170,-0.0038344039551538828,0.008706242291825332,-0.008888859570621762,0.02161155915467096,,,,,,
4,64,28,348,0.002311361935963741,0.002578520167830346,-0.009227722960199955,0.012389294670893598,,,,,,
4,128,28,754,-0.00700940036652793,-0.0008152908822180051,-0.004250548130845273,0.005212683199469916,,,,,,
4,8,29,38,0.0032387551257706077,0.0038402336113560337,0.00478513432975873,-0.0005879736855906689,,,,,,
4,16,29,66,0.00656529756764505,0.0016374917221334906,0.0013211453078305444,-0.0018375190979483843,,,,,,
4,32,29,132,-0.018391906193648593,0.005403221785271619,0.001519577203563576,0.017260998391829565,,,,,,
4,64,29,288,-0.008248602439558628,-0.0017106423806246226,-0.009552543185022097,0.014756063570266948,,,,,,
4,128,29,606,-0.02036905964072131,0.0031876191138148586,-0.009804953921729843,0.00581144851339008,,,,,,
4,8,30,32,-0.017849766806931754,-0.0024314528250745076,0.015570545760564311,-0.00952177613677651,,,,,,
4,16,30,72,0.017691313888852186,0.008300725625091794,-0.000500512652439099,-0.03701103753992456,,,,,,
4,32,30,140,0.006253666405028289,0.0015959721530839836,-0.0006455848874969048,-0.022709230367252812,,,,,,
4,64,30,302,0.004257275118880888,0.001346564976606361,-0.00023347086159704764,-0.014621721077314558,,,,,,
4,128,30,624,0.007649476238645495,0.002459199034269077,-0.003665310131340889,-0.005871799342720052,,,,,,
4,8,31,32,0.0008167311029295668,-0.0018925145301971035,0.0027038751275459375,-0.011715534183790153,,,,,,
4,16,31,68,0.005244931870975774,-0.025914340618734807,0.046908961728103604,-0.009708179733339362,,,,,,
4,32,31,140,0.00549050776917098,-0.013143807750517161,0.02755504725392614,-0.013816312613703582,,,,,,
4,64,31,292,-0.01570011184162021,-0.009936836963607672,0.019710018762303202,-0.013297997986015562,,,,,,
4,128,31,648,-0.007308440159171586,-0.0042329318253318555,0.0038659188406904173,0.0014323515095471763,,,,,,
4,8,32,34,-0.08852055782146784,0.009150587166197998,-0.041458451756167795,0.018421118370872878,,,,,,
4,16,32,90,-0.03901081310494351,0.00390600998382919,-0.01585899342628823,-0.0033772290635732203,,,,,,
4,32,32,154,-0.02871863067110746,0.0030940471721311916,-0.006029805045604168,-0.0005820900903421614,,,,,,
4,64,32,356,-0.011057163473784742,-0.0014495965226664605,-0.004606358752834403,0.004711774719910879,,,,,,
4,128,32,638,-0.01162771627743531,0.0012704156868821495,0.005516232469417224,-0.0001980657601141218,,,,,,
4,8,33,38,0.016443942395886604,0.017336120602522733,-0.025757877490903382,0.04391019291144761,,,,,,
4,16,33,66,0.010733727912545218,0.005499060156195948,-0.01625438095589185,0.02196473933500379,,,,,,
4,32,33,130,0.01318026991106538,0.004278715510668679,-0.007274909853184972,0.007586334417919427,,,,,,
4,64,33,274,0.0023541265381959433,-0.0033298017255105235,-0.003953649822731694,0.007607900028488528,,,,,,
4,128,33,594,-0.004170204794756052,-0.00367659639750066,-0.0047664433763143004,0.004308647484896076,,,,,,
4,8,34,28,-0.018462887338228103,-0.001396224410301658,-0.02927252111222241,0.031094149652785365,,,,,,
4,16,34,62,0.0007148525877146572,0.001004975063997158,-0.021335529273035444,0.012237619270987385,,,,,,
4,32,34,114,0.003956861589342637,0.002077673957641626,-0.011347015090892382,0.006252283251041047,,,,,,
4,64,34,264,0.008569444967254909,-1.9853803935493905e-05,-0.008816393972675897,0.003549006112962432,,,,,,
4,128,34,646,-6.489493248759584e-05,0.003668877765120262,-0.0018662067255260312,-0.001654603943962754,,,,,,
4,8,35,40,0.03389064050691933,0.007424764744898289,-0.009251225069608324,0.0191212533031868,,,,,,
4,16,35,68,0.005875747837271797,-0.004099879936185048,0.0018156359044275792,-0.00889769745800558,,,,,,
4,32,35,126,0.0075232740957977455,-0.00526061849865915,0.005352872758757667,-0.01064137224638345,,,,,,
4,64,35,308,0.029241604593456785,-0.004144092828275469,0.005664820587572509,-0.014205627179933114,,,,,,
4,128,35,704,0.02166182655542376,0.002028505862735259,0.00152166263751218,-0.010873877398293706,,,,,,
4,8,36,30,-0.004843696831483223,-0.015846176428450046,-0.02467287653822851,-0.0046065434954656774,,,,,,
4,16,36,58,0.0007306173593370647,-0.004272712160752864,-0.011223242273456209,0.007608311255232531,,,,,,
4,32,36,124,0.006302601920484648,-0.002279656774218594,-0.010043013279535792,0.0080444862231753,,,,,,
4,64,36,284,-0.0030290859541767167,-0.004078785486326342,-0.0015147882268210292,-0.0006613988462452121,,,,,,
4,128,36,578,-0.008407141240558833,-0.0018179604744756274,0.011315153152393523,-0.002901856466940856,,,,,,
4,8,37,36,0.026680715056718284,0.009210255391223176,-0.004187078323693217,-0.0034330124816573278,,,,,,
4,16,37,76,0.011050179599002235,0.004114077737444511,0.012921003054177246,-0.011682098035174076,,,,,,
4,32,37,206,-0.0014632122578307379,0.026497494315638262,-0.024766524332766257,0.015831513916642947,,,,,,
4,64,37,334,-0.009034368651906807,0.01411003279167464,-0.005684718711048556,0.011029190799410529,,,,,,
4,128,37,668,-0.011026935228912795,0.005952031881651493,-0.000728483158804761,0.006371172012126734,,,,,,
4,8,38,36,0.03469942900069934,0.011370745456284609,-0.014936061795714854,0.05575324941810765,,,,,,
4,16,38,68,0.005829174538994746,-0.0019145437288308434,-0.025900600976762972,0.051559150800238956,,,,,,
4,32,38,126,0.003946672119700054,9.024758764724912e-05,-0.011783173994842449,0.029965896021939633,,,,,,
4,64,38,282,0.010911588678045871,-0.004386893207523286,-0.006632513459361826,0.016271621814947474,,,,,,
4,128,38,562,-0.0036974773227185127,-0.000822295982302482,0.0004429440740902216,-0.0015695031694916912,,,,,,
4,8,39,36,-0.036815605300924925,0.008181902901828884,-0.0003089725931749866,-0.00638357128252687,,,,,,
4,16,39,76,-0.014289347473735545,0.0065694412283787045,-0.004029710400882264,0.0015462571160159031,,,,,,
4,32,39,200,-0.007733553259377603,0.006903838488294222,-0.0016337163351180398,0.01936236731637303,,,,,,
4,64,39,362,-0.0009829582397273102,0.005406948834187835,0.004440112219320934,0.0036127295177109013,,,,,,
4,128,39,650,-0.000649201681873731,0.00010538508974742791,0.004544297463111122,0.0026016319343816945,,,,,,
4,8,40,86,0.0067910947692237135,-0.002715762432015823,-0.021279131150683864,0.019409905971714086,,,,,,
4,16,40,118,0.02392685374111452,-0.0022821046190953207,-0.013141006476139049,0.007216452028015257,,,,,,
4,32,40,214,0.011655729710555986,-0.0004236307399958193,-0.01853017209103369,0.011152477685504666,,,,,,
4,64,40,336,0.011806894780697892,0.005544397127548839,-0.0055535293432028305,0.009450940278141579,,,,,,
4,128,40,602,0.005243630863709056,0.0030153511312896782,-0.00012273979328754445,0.002573861737058706,,,,,,
4,8,41,38,0.009633853835693212,0.014694876889030742,-0.00047385356895660556,-0.005015796542669345,,,,,,
4,16,41,68,-0.014607459974157501,0.005167903249252415,0.010809536988119293,-0.01285522051342793,,,,,,
4,32,41,132,-0.0068769629310986265,0.00048800819531731853,-0.002873794058073577,-0.00927483785189475,,,,,,
4,64,41,254,-0.00998733929695277,-0.004158539392774705,0.0030080025248338323,-0.0025118399178782167,,,,,,
4,128,41,542,-0.015086700946146636,-0.0016405073519403673,0.0025468985342158926,-0.00489374121118244,,,,,,
4,8,42,26,0.04962123264001088,0.009603633530347665,-0.029484292787999352,0.021811615744714772,,,,,,
4,16,42,72,0.011317396311372786,-0.024009877649053837,-0.04985086237380281,0.01650128559228259,,,,,,
4,32,42,126,0.003000565028329001,-0.01484221112521728,-0.020554737910499582,0.004586489696854156,,,,,,
4,64,42,288,0.011987104146041186,-0.0072695271578463345,-0.00617185680748298,0.008749271218731884,,,,,,
4,128,42,586,0.023755381201444502,0.0002560104318828452,-0.004074759093134159,0.004425787963014176,,,,,,
4,8,43,80,-0.0021488207032899524,0.0018899003002825392,-0.0003931133650189975,0.001978254628475085,,,,,,
4,16,43,116,-0.0034958747623549855,-0.0067783739922724255,0.005026056276100859,-0.0075860559641486875,,,,,,
4,32,43,210,-0.011941187728356647,0.008462079724502301,-0.010075028609387523,-0.00034072237728473384,,,,,,
4,64,43,390,-0.01834130700632853,0.001705918962612645,-0.0058494240468957,-0.006661942598379886,,,,,,
4,128,43,752,-0.014734427238164207,-0.0012265972474583466,-0.004037782757419692,-0.007081166870294527,,,,,,
4,8,44,46,0.008200860768663016,0.0016454665806189257,0.009409228403522584,-0.008112600077385903,,,,,,
4,16,44,72,-0.0002694811240009274,-0.0011380958731803414,0.0016128162212841132,-0.001198196320572417,,,,,,
4,32,44,146,-0.016894254513534053,0.0025062456648155327,0.005448534887069203,-0.0012985189637850082,,,,,,
4,64,44,326,0.014821208030998793,0.004626783308805759,0.0012569599669745384,0.0010682019981127597,,,,,,
4,128,44,598,-0.00203881564179103,0.002688599187379416,-0.00819011328937467,0.0055662071567671705,,,,,,
4,8,45,24,0.08238903222246664,-0.0034639886727384035,-0.00515583323623779,0.03580942542860229,,,,,,
4,16,45,50,0.029992630019340435,-0.010027217694378594,-0.013536150089515236,0.02519002430822837,,,,,,
4,32,45,118,0.03675283264859355,-0.0027590945505765797,-0.00928382866305704,0.019576997575596475,,,,,,
4,64,45,296,0.048267222898937305,0.004515370381029377,-0.012501384605015146,0.012668198228702961,,,,,,
4,128,45,616,0.02510936326843787,0.006323768904959483,-0.004860132105308766,0.0102629555589538,,,,,,
4,8,46,44,0.023052418490185165,-0.011926289512472274,-0.010106602776786539,-0.006930838785897063,,,,,,
4,16,46,104,0.020446218077104,-0.001045970226176172,0.0017795435146869365,-0.022810080861545286,,,,,,
4,32,46,182,0.020162023530326933,0.00013805171095898405,-0.004308095136126944,-0.01833657814818185,,,,,,
4,64,46,420,0.026733343005350785,-0.0009829540716144787,-0.003664169905018181,-0.00669345814227597,,,,,,
4,128,46,682,0.011595030174458426,-0.0003625759568035033,0.0014991127371129934,-0.007359444687000993,,,,,,
4,8,47,30,-0.2652086604676111,-0.015124357609909144,0.0432985029105655,0.03594101929661515,,,,,,
4,16,47,82,-0.13484938516382758,-0.005777353633296608,0.0074514573421796074,0.009308871200925373,,,,,,
4,32,47,144,-0.05002434295489501,-0.003901339645322786,0.003079933841079084,0.0086613482382213,,,,,,
4,64,47,274,-0.03550886795761275,-0.0031525560547585253,0.00470682050907538,-0.0016888024052847716,,,,,,
4,128,47,574,-0.006588141244521977,-0.003120320274694749,0.004094251313989388,-0.0036704200621638797,,,,,,
4,8,48,24,-0.009480282351186548,0.002363302249100986,0.06895720087149092,0.00013669574277027372,,,,,,
4,16,48,54,0.008786917270510399,0.009342424752662573,0.03455071156008175,-0.02811441852377492,,,,,,
4,32,48,146,-0.0016481086068504108,0.013551543979968859,0.013194366542571747,0.0002792146450737261,,,,,,
4,64,48,328,0.028206428928582765,0.012290816235702056,0.0026305558142938686,-0.004102729719093493,,,,,,
4,128,48,672,0.007969247274681977,0.008960197968609461,0.000771360338265981,-0.005603443533368473,,,,,,
4,8,49,24,-0.0026215353476779957,0.009419016458446594,0.012597666979058966,-0.004043282310609138,,,,,,
4,16,49,50,0.0009163660439507143,0.004042573875180783,0.014886703442081914,-0.0036625844603499253,,,,,,
4,32,49,120,-0.00034662356919103665,0.0020272885154380585,0.0060255772389003325,0.001234727466318089,,,,,,
4,64,49,338,0.005409298489169533,-0.006487049580630719,0.0036242667534426847,0.005218574035156746,,,,,,
4,128,49,612,0.017324278545872457,-0.008358027208654964,0.006723446193579157,0.0010875837048865441,,,,,,
4,8,50,42,-0.01832100188090284,0.004573774299962833,0.024207978023274807,-0.02285754613655038,,,,,,
4,16,50,88,-0.043716076771998916,-0.037915682302921985,-0.036757284479032044,0.024953911988078507,,,,,,
4,32,50,176,-0.009783958084341344,-0.019009428424185622,-0.025528022319516407,-0.0029732916299143428,,,,,,
4,64,50,350,-0.004701862878698241,-0.009161380104067654,-0.0019761720890342106,0.0035160821329471054,,,,,,
4,128,50,694,0.009494156529253343,-0.0018216316379733109,-0.0077848606357081825,0.005703620379448118,,,,,,
4,8,51,24,-0.0053034609549243595,-0.0004357897428988093,-0.00390868223495224,0.007318285236426634,,,,,,
4,16,51,52,-0.010354401683232813,-0.0025554257336807026,0.004147847849214935,-0.002384718950440143,,,,,,
4,32,51,116,-0.005006169510887584,-0.005950755808912919,0.010811363860612907,-0.0013321822388286978,,,,,,
4,64,51,274,-0.025302518046689808,-0.005774495681963068,0.008473978384040615,-0.01122592918160872,,,,,,
4,128,51,542,-0.012771709382728636,-0.0008951332346296325,0.0016905385380164186,-0.004970713730831513,,,,,,
4,8,52,42,-0.01963062901287854,-0.009380301838254458,0.0013554928403149559,-0.003731621651323856,,,,,,
4,16,52,72,-0.001937636530128001,-0.0017388365964681389,0.008741952884150396,-0.016917561497813982,,,,,,
4,32,52,160,-0.00084967511369047,-0.0011891030869544236,0.002601705973287033,-0.005218332878354687,,,,,,
4,64,52,312,-0.0036423409233850507,-0.0038491588880451995,0.011477164745041147,-0.01610933883522005,,,,,,
4,128,52,638,-0.0013464808171292247,-0.0030063920938883854,0.013332145826081322,-0.010776218822317291,,,,,,
4,8,53,52,0.006310962940137913,-0.0035923989928781158,0.014485000124126183,0.007946715902759995,,,,,,
4,16,53,76,0.03033757735552453,-0.0011710208098165275,0.0055827205955822695,0.018121382153294077,,,,,,
4,32,53,134,0.012283375153447374,-0.003232682476963631,0.0008258777649615984,0.014753649444680623,,,,,,
4,64,53,280,-0.005205198209861962,-0.0028052588244977957,0.001682506820211423,0.008086654632991071,,,,,,
4,128,53,588,0.0148485479541593,0.0018495481430008,0.011233659262477068,-0.008205618050818573,,,,,,
4,8,54,94,-0.03413073685169034,-0.004312693518195226,0.012505808304044906,0.012486730799468148,,,,,,
4,16,54,126,0.0266961168703259,-0.0032033908325791224,0.014464392761162147,0.010271962200613636,,,,,,
4,32,54,190,0.01921830866346315,-0.0016458621225871428,0.015043018952400808,0.0008565006350750512,,,,,,
4,64,54,310,0.013834876074420993,0.00010242183701855881,0.010524880353762428,0.0017661501458345824,,,,,,
4,128,54,618,0.009121740414287038,-0.0017289576059991046,0.005134934237090949,0.005823250022688578,,,,,,
4,8,55,50,-0.02889405868985016,0.0009515938622995143,-0.01341481117813295,0.01090959275649596,,,,,,
4,16,55,102,-0.008533021488693109,-0.0007168520428763659,0.0018540404201890714,0.00337609303487519,,,,,,
4,32,55,160,-0.010972571730533223,-0.0010672266568528999,0.008492953875806602,-0.0012890338988050692,,,,,,
4,64,55,312,0.028227605475012456,-0.005177504830274055,0.008500229601729544,-0.0025043546706115466,,,,,,
4,128,55,608,0.02362677221574349,-0.0006758994878039234,0.0021436634839385018,0.0019092449727340407,,,,,,
4,8,56,36,0.015150940892938763,-0.0015719758527704708,-0.03055820588541184,0.03435686662111152,,,,,,
4,16,56,132,0.016602748163546156,-0.00039495300075675775,-0.03350852416877974,0.03978608571224818,,,,,,
4,32,56,212,0.0031058697244628203,-0.0015718519818731435,-0.01599341547587787,0.021694308000461567,,,,,,
4,64,56,386,-0.004268484233061287,0.0018918708182478097,-0.013961830463040498,0.010027061511385753,,,,,,
4,128,56,706,-0.0014263264075239145,0.005523358539424912,-0.015201578638129928,0.012502535300989815,,,,,,
4,8,57,38,-0.013794322840498367,0.012206376499475187,-0.004396739181070471,-0.007409449512926805,,,,,,
4,16,57,76,-0.007147747910156261,0.01874307837370287,-0.016578588830839982,-0.0013003875156113102,,,,,,
4,32,57,144,-0.008268568875884254,0.011378479497969014,-0.006083603969877734,-0.003934337441666998,,,,,,
4,64,57,326,-0.004192413036007491,0.007587122704483959,-0.007755310325426078,0.0025108721662051104,,,,,,
4,128,57,604,-0.0011114555361300025,0.004502531652064012,-0.009025390867440131,-0.005513110871854425,,,,,,
4,8,58,40,0.07644103743095015,0.0008779125230909699,-0.004179141160033676,0.0033825674361526187,,,,,,
4,16,58,70,0.0577614042557816,0.0011973440470995922,0.006594806680079419,-0.010396164863811867,,,,,,
4,32,58,138,0.03506197065642986,0.0013523995741122324,0.006089078154410591,-0.006732926688775087,,,,,,
4,64,58,256,0.026447186072890174,-0.00726685491940216,0.0007036869978541756,-0.002593998934716337,,,,,,
4,128,58,628,0.01662935502834527,-0.0058837824555724345,-0.005752721489285308,0.0003022502519049395,,,,,,
4,8,59,30,-0.057476332071645556,0.05069086907644895,0.09467199312039169,-0.06286351028093727,,,,,,
4,16,59,64,-0.03276946493629096,0.02335440847145104,0.042437521212462616,-0.02515105378905711,,,,,,
4,32,59,182,-0.02063476678879604,0.012403791892109642,0.03085832406990143,-0.024003670636025078,,,,,,
4,64,59,328,-0.02829960458494201,0.004984648647916818,0.02211002861678673,-0.009102772260953896,,,,,,
4,128,59,674,-0.01965381628772181,0.00175200977637852,0.013825287613639914,-0.007306141132045506,,,,,,
4,8,60,34,-0.0008511174221764763,0.005322094698650663,-0.04384751147055393,-0.01615241622957148,,,,,,
4,16,60,72,0.005942678823151715,-0.022912409165067683,-0.05827241950508235,-0.013204620962812193,,,,,,
4,32,60,152,-0.008273191401580492,-0.015301484837343051,-0.014510253603059745,-0.0148124756024007,,,,,,
4,64,60,360,-0.006646653620530552,-0.013536269439097042,-0.0076535292060803005,-0.0027678657494165245,,,,,,
4,128,60,682,0.0009032140931486709,-0.006735377347348545,-0.0009783116537118843,0.0014996464158459294,,,,,,
4,8,61,88,0.07015271489059512,0.008931603932219898,-0.03691975029395559,0.0413576823911658,,,,,,
4,16,61,116,0.047399704599756044,0.014087643389497865,-0.010768762146542907,0.024488451219667532,,,,,,
4,32,61,178,0.03818805271546142,0.008450991219228765,-0.006542366163192668,0.0051468000519134995,,,,,,
4,64,61,354,0.012595634425633207,-0.00410354376198083,0.005855470611809249,-0.0017127006660226872,,,,,,
4,128,61,634,0.013054238978439457,-0.0032586195515853793,0.004335591428971872,-0.0008367336313607948,,,,,,
4,8,62,28,-0.020607709590398003,0.020138122741610427,-0.00325768566557174,-0.012157024899797315,,,,,,
4,16,62,132,-0.0484374744414202,0.012107835355237644,0.003956758397762413,-0.008164899663044765,,,,,,
4,32,62,216,-0.0069320962460959635,0.00618940920062114,0.019467501906266112,-0.010816005619612218,,,,,,
4,64,62,408,-0.006455496434366376,0.00022668146896107668,0.020498881490566518,-0.011728232356752296,,,,,,
4,128,62,742,-0.004256549060796306,0.0019251560202845552,0.013588366313128012,-0.006200462203382028,,,,,,
4,8,63,46,-0.0037466952779696607,0.00031741953647480034,0.005414491403474218,-0.00460224805624723,,,,,,
4,16,63,158,-0.01815737312334533,0.0005551973205697327,-0.0004056748593914742,-0.0003059051486577068,,,,,,
4,32,63,210,-0.011807003842474377,-0.006540259399984452,-0.009929583788433206,-0.006529171473818344,,,,,,
4,64,63,330,-0.009848263116693979,-0.0050500409196819725,-0.0015864950452568344,-0.0046687210196740435,,,,,,
4,128,63,610,-0.01590422656931133,-0.0017759198718892654,-0.004099193337253996,-0.003433562150471748,,,,,,
4,8,64,36,-0.1072286730490967,-0.01901566032408882,-0.003421694162271817,0.033140977710125454,,,,,,
4,16,64,70,-0.055111754301860626,-0.009957614257873332,-0.004479076553808929,0.014441887118960538,,,,,,
4,32,64,154,-0.011417858208361706,-0.0007454549609827414,-0.004735850058264401,0.010217157667248993,,,,,,
4,64,64,280,-0.011371161098506713,0.0021067877082251523,-0.0012354457652323787,0.0047434544456738375,,,,,,
4,128,64,602,0.0018243507834787831,-0.000628316082324303,0.004747675804056093,0.0017490435272260465,,,,,,
4,8,65,36,0.126719671789064,0.09287071836350853,0.06555681365414981,-0.02689160259511442,,,,,,
4,16,65,66,0.052575596366227675,0.04515829801366389,0.03469666184700711,-0.01820311423071546,,,,,,
4,32,65,154,0.05408166959582007,0.02637190992448787,0.023622483028187622,-0.0042905107826019155,,,,,,
4,64,65,352,0.025257079759716236,0.014238459635222852,0.009304841265549136,0.0017496203568087717,,,,,,
4,128,65,716,-0.00395329271337411,0.007585493390411081,0.007119164837536765,-0.002591760341517449,,,,,,
4,8,66,26,0.01545869832529587,-0.003978235722948268,0.04745310783251687,0.037203901543008316,,,,,,
4,16,66,68,0.004230322130204474,-0.009990564465221246,-0.006690330807628895,0.02495359078680667,,,,,,
4,32,66,198,0.0054581656976357956,-0.005022199105603636,-0.002556002987112423,0.014164666411374439,,,,,,
4,64,66,366,0.026542722326350313,-0.007367865654222134,0.003790494390456278,0.003404557858096833,,,,,,
4,128,66,712,0.01813806452069822,-0.003418501945304861,0.0061026397524802465,0.0006082024478974787,,,,,,
4,8,67,26,-0.03729512298065206,-0.015944895442704218,-0.0005910483337515441,-0.025687067356417,,,,,,
4,16,67,74,0.0013309058979900524,0.010628206148986255,-0.006243500864873858,-0.009234740802315988,,,,,,
4,32,67,144,-0.009974106603548178,0.007136482210271463,-0.006672497122993572,-0.0037118763460753696,,,,,,
4,64,67,350,0.004657285525300079,-0.002205913279535993,-0.01455973063307182,0.013642342830990188,,,,,,
4,128,67,614,-0.014364379116548595,-0.0009300549636783352,-0.005462380093041502,0.008194550867783604,,,,,,
4,8,68,28,-0.0687019020421795,-0.0006545782850763156,0.008968349247638157,0.008117232683912512,,,,,,
4,16,68,62,-0.032381111355030884,-0.004542597982338123,-0.008237219185502041,0.00832400643206055,,,,,,
4,32,68,140,-0.017165301187852044,0.000881053238377755,-0.007237356614914836,0.0031087200007867853,,,,,,
4,64,68,296,-0.024271307482122483,-0.009957132731612056,-0.004229888213634601,0.02606958945858354,,,,,,
4,128,68,674,-0.019131865336736758,-0.0010834422191115783,-0.002752423117420872,0.01177185234591423,,,,,,
4,8,69,38,0.05036551671279381,-0.01682721681299995,0.006547850602687314,-0.02169142689265227,,,,,,
4,16,69,78,0.03160420760781823,-0.0073077826895071515,-0.0068913739929782674,-0.006137275368912518,,,,,,
4,32,69,146,0.017168669213266676,-0.004594483379621996,0.005827187737650703,-0.0054267103537113965,,,,,,
4,64,69,322,0.012936416323356164,0.00398278724973613,-0.005029532537820859,-0.004597562819167885,,,,,,
4,128,69,686,0.015734346203664467,0.006287474193894574,0.0011200790082499796,-0.0030888026318380856,,,,,,
4,8,70,32,-0.01692216651192074,-2.1044630876393536e-05,-0.005897738627675587,0.0018213974431143245,,,,,,
4,16,70,62,-0.016731485535498424,-0.0033050456470890346,-0.007597224818341263,0.0065161307933058864,,,,,,
4,32,70,154,-0.007655635726646743,-0.006768530917467955,-0.014311836427984493,0.00845969153647776,,,,,,
4,64,70,304,0.007502527075875981,-0.0025601700968652984,-0.011059282408701016,0.005399216851353841,,,,,,
4,128,70,598,-0.013080985249160258,-3.062094242631074e-05,-0.0022778833883844805,0.0018751864371997638,,,,,,
4,8,71,30,0.11691325634891794,0.005375024747967029,0.02733963749759711,0.048154250314698034,,,,,,
4,16,71,62,0.05347733563966972,0.007838455273879014,0.015972477276466092,0.023934543053780104,,,,,,
4,32,71,150,0.011308132247289873,0.0035902516005384424,0.002253493773086261,0.01993160146228627,,,,,,
4,64,71,338,0.009010465896497604,0.0015652533537636839,-0.0017046245906703252,0.008327395427266952,,,,,,
4,128,71,714,0.006521856652867338,-0.0030655432289063505,0.003255958591135246,-0.0001843452734767589,,,,,,
4,8,72,32,0.009325496167313681,0.014139443221682804,0.004694662939934084,0.004196882503255523,,,,,,
4,16,72,62,0.00969115533919116,0.005853230581625473,-0.004772862669563807,0.006250193450140461,,,,,,
4,32,72,120,0.011774370439346041,0.0010514895466209196,-0.006720641242522014,-0.000526665985940365,,,,,,
4,64,72,282,0.009546470189011596,0.0006554200746890257,-0.009771961176743631,0.007974371829264386,,,,,,
4,128,72,580,-7.23538451421714e-05,0.0015652160416355864,-0.011232901535415842,0.007034268304341677,,,,,,
4,8,73,30,-0.00993505216319623,0.0028987407434618263,0.0081949735709171,-0.0040636670897701175,,,,,,
4,16,73,62,-0.007595531846734258,-0.0015052152994930368,0.009475947968972661,-0.001041459539629045,,,,,,
4,32,73,178,0.0018327677720159702,-0.0017826982726716865,0.0023602900464574873,-0.01591680123815871,,,,,,
4,64,73,316,-0.0077112717226464735,0.0033736645479348197,-0.00363151166068736,-0.011791785642081446,,,,,,
4,128,73,560,-0.0022919624329332837,0.0024895765043752363,-0.0013883679502600093,-0.0015322020281583265,,,,,,
4,8,74,38,-0.022752986653953648,8.063815053110338e-06,0.018064009289924476,-0.013316699274450245,,,,,,
4,16,74,70,0.012111759311502318,0.0045579749841331415,0.0023759789150843403,-0.0017272424368252777,,,,,,
4,32,74,222,0.0029200737355553927,0.0011452667013205939,0.0020513190429660468,-0.0034907049965987257,,,,,,
4,64,74,358,0.009683104877870805,0.002109685472811747,-0.001447045987643548,-0.005288357464682784,,,,,,
4,128,74,678,0.011519940631226435,-0.000783328587162263,0.002056850074261462,-0.0026296919211721975,,,,,,
4,8,75,34,-0.012849234715607175,0.002344865935181922,-0.005113936407654298,0.004704940257161052,,,,,,
4,16,75,66,-0.009212693782664896,0.0018226943405514127,-0.002361159123506738,0.00043802471017866617,,,,,,
4,32,75,126,-0.014401993924718142,-0.00021848869294885905,0.003763641349284237,0.006364355397060172,,,,,,
4,64,75,294,-0.018913367800037745,0.0010682677005761903,-0.0100583152348743,0.006176186967870678,,,,,,
4,128,75,542,4.006216244513987e-05,-0.00020251915607420428,0.001172858632847253,-0.0007208747937139076,,,,,,
4,8,76,30,-0.012371654752173491,0.004086711764248601,0.008111693289440119,-0.01966433019848785,,,,,,
4,16,76,66,-0.005388885125474862,0.00033924517442188666,0.01800583691848773,-0.02290170454926947,,,,,,
4,32,76,122,0.0026494442665349156,-0.005618807761553587,0.007855411353215077,-0.010986045450712696,,,,,,
4,64,76,344,-0.004527078405755851,-0.009363922259913737,0.019834777642281524,-0.004762369976407924,,,,,,
4,128,76,674,-0.0063282193514523286,-0.003352972330535454,0.012087805025351232,0.003067054963924226,,,,,,
4,8,77,26,-0.014453102483638444,0.008616633433840969,-0.00208282388295627,-0.0046676839973628405,,,,,,
4,16,77,64,-0.11605853622703761,-0.029382228736824896,0.009889739319747223,0.008987874265303715,,,,,,
4,32,77,134,0.017239144975051038,-0.029370975977744903,-0.0029370297412404534,0.01497026565650065,,,,,,
4,64,77,278,0.020820637332404326,-0.008528370542415028,0.009258385636653458,0.01079833467471413,,,,,,
4,128,77,542,0.007695544390653303,-0.004283615350872301,0.00511637260827826,0.0033646292682041863,,,,,,
4,8,78,52,0.011110124033610743,-0.004566746973210476,-0.03870460500290755,0.03915237180298443,,,,,,
4,16,78,90,0.006611009705729414,-0.0012118749241593623,0.011694899629833881,0.00870143297020534,,,,,,
4,32,78,186,-0.0010411789370219696,0.004652747051569748,-0.0022154249072332596,0.015223412532704091,,,,,,
4,64,78,344,-0.011064445612167743,0.00023096756268977433,-0.004048609789802535,0.006670593388986903,,,,,,
4,128,78,620,-0.015078019205412458,-0.0010051208545404976,-0.002533207995059584,0.0057217831889047515,,,,,,
4,8,79,58,0.02597557500145744,0.08557086604839154,0.01999170923360098,-0.010462032763734596,,,,,,
4,16,79,84,0.011899922935743386,0.04036294388076762,0.012466075112465275,-0.0005070209217339526,,,,,,
4,32,79,162,0.022333188657314953,0.018593354559138693,-0.0004520918959021961,0.0018907326007902142,,,,,,
4,64,79,294,0.007417171670575127,0.004740463505550622,0.011732113744776172,-0.011096486615487957,,,,,,
4,128,79,740,0.002765420271500875,0.0027955467364885515,0.004997995281644727,-0.004466933260695882,,,,,,
4,8,80,44,0.03008386948098766,-0.014148366672775092,-0.005315422570445542,-0.05302671676948963,,,,,,
4,16,80,80,0.02426397814646765,-0.01183094016340111,0.001684667310581995,-0.021124635856042732,,,,,,
4,32,80,142,-0.022197995245220526,-0.020670981162832475,-0.002724741739390602,-0.01197556933983324,,,,,,
4,64,80,274,-0.004973153981388213,-0.013553570714351449,-0.009454955453754807,-0.004400834533686995,,,,,,
4,128,80,536,-0.008839489560202899,-0.00750009499025565,-0.0052158402101029995,-0.000593436754649171,,,,,,
4,8,81,30,0.10017845107922482,-0.0010886883784863978,0.03034674993430457,-0.008130640021789167,,,,,,
4,16,81,88,0.08968499134074372,0.01448748780407247,0.02342173628525013,0.0082111567003089,,,,,,
4,32,81,164,0.05590323445699413,0.006748067827279514,0.012780527824566332,0.007820404971409255,,,,,,
4,64,81,304,0.020838420446963768,0.007048987562394695,0.0026443606220464618,0.00012957353848530698,,,,,,
4,128,81,572,0.01674976962624908,0.004520997651131251,0.013163982055062983,-0.0115023496082203,,,,,,
4,8,82,28,-0.04159157188839842,0.00443257428133907,0.0018940686049656059,-0.015623113758988973,,,,,,
4,16,82,62,-0.026024048983023275,-0.002909068850298891,-0.005800035795576936,-0.010884574384181701,,,,,,
4,32,82,130,-0.007577741853816302,-0.004332204070446863,0.0029401009883908555,-0.011368434550402626,,,,,,
4,64,82,314,-0.0034794393548188175,-0.0016272971981737697,0.005269144163227446,-0.0077251532990863766,,,,,,
4,128,82,580,0.002436014035654984,0.0007274082814434926,0.00664354103084768,-0.008036271971340521,,,,,,
4,8,83,26,-0.042159395638280146,0.013050665124043171,0.002983483597929602,-0.01286284728562428,,,,,,
4,16,83,120,-0.010558196791412887,-0.010505676593107426,0.00941514331829552,-0.0035083356055723635,,,,,,
4,32,83,172,0.012269753751063603,-0.003931699471187882,0.0032935129667447296,0.0019212831903954726,,,,,,
4,64,83,338,-0.008947665422549395,0.011427964842399158,0.001701886832161163,-0.01472262004527337,,,,,,
4,128,83,674,-0.010118601104539974,0.0053342493747937664,-0.009666009057359705,-0.006220963446361747,,,,,,
4,8,84,32,-0.020890615237403955,0.0007825889166470387,0.00776043261432028,-0.011517884319796995,,,,,,
4,16,84,74,-0.006915906550960821,0.0053286506332805815,0.011546092589572931,-0.004269484066454739,,,,,,
4,32,84,172,0.008499939605283188,-0.005050590338203655,-0.0010659366428855017,0.012762796680028094,,,,,,
4,64,84,316,-0.0004530109490372869,-0.0014243150636729976,-0.0029822664776204644,0.00787762381835302,,,,,,
4,128,84,604,0.008957061925977235,-0.005470447077777635,0.00033188317428830156,0.005437949909593132,,,,,,
4,8,85,32,-0.03551221062205166,0.003537722359723968,0.002121677327427732,-0.013638030351520765,,,,,,
4,16,85,96,-0.026923348199906248,-0.006791694049576379,0.014494826364071492,-0.017823458290845775,,,,,,
4,32,85,160,-0.005381162526325399,-0.0030737533873600622,0.008454146017380398,-0.009237800201922936,,,,,,
4,64,85,282,0.0027382211753148576,0.00010418111856713494,0.007879701541178102,-0.013206175745507106,,,,,,
4,128,85,546,-0.0074221716967086395,-0.002623793055045224,0.005265063824841262,-0.005981368316033207,,,,,,
4,8,86,54,0.04190563170885733,0.012730990121990454,0.006522241373724902,-0.018735906350886525,,,,,,
4,16,86,94,0.015366917540617236,0.002740218597911179,0.011965941864595457,-0.0067816709299255845,,,,,,
4,32,86,164,0.0045022839551056085,0.001323353481238316,0.00486733116387679,0.0009207630563407874,,,,,,
4,64,86,362,0.0024720123992627075,0.001488590442013529,0.004388863592272648,0.0014537350897977693,,,,,,
4,128,86,634,0.002641982218498036,-4.281308557636203e-05,0.009719413073582622,-0.0030852772062786135,,,,,,
4,8,87,40,-0.00017741506462911174,-0.0006488676088092375,0.006503928663426851,-0.010683771325043466,,,,,,
4,16,87,66,0.01638325684579342,0.0004930101275744273,-0.00833263253632011,0.001784380984415962,,,,,,
4,32,87,170,0.019728311033142876,-4.4487878762748505e-05,-0.011810543858877452,-0.002940789568140966,,,,,,
4,64,87,352,-0.003660169631397998,-0.0003105964129148153,-0.001173690423618881,-0.0061228964708998825,,,,,,
4,128,87,704,-0.016789937778517085,-0.004669974858059801,0.004744344513020482,-0.010062575679756967,,,,,,
4,8,88,30,0.06136190226849239,0.017900954421943262,0.0377477649858903,0.016078458855096914,,,,,,
4,16,88,64,-0.003182183166666813,-0.0037361906957230815,0.012069625949977325,0.004628567975761924,,,,,,
4,32,88,126,0.006862990006466751,-0.006391578071963706,0.01254520434968275,0.013727931253698807,,,,,,
4,64,88,344,0.006733328833647439,-0.0035261152827111594,0.0030855919570821418,0.010650904352766444,,,,,,
4,128,88,660,-0.007796019169881234,0.0002953567157597658,0.007127455965050485,0.007985611399780528,,,,,,
4,8,89,44,-0.044209351246696706,0.007138787204848329,-0.02736089294504369,0.02229427643180817,,,,,,
4,16,89,80,-0.016913150460317165,0.0049456375946545,-0.009966567224032228,0.011919694494933403,,,,,,
4,32,89,172,-0.0285587945831077,-0.0007492808355820889,0.0002884706387799981,-0.0010315056864076077,,,,,,
4,64,89,298,-0.00399564881552887,0.004564940904258681,0.005995830390838495,0.0033428925631409393,,,,,,
4,128,89,616,0.01080455040912802,0.002678331413515791,0.0006072510105394969,0.005930531542579659,,,,,,
4,8,90,32,0.02746908669645517,-0.004242902123668911,-0.027047417128913967,0.034119698015496296,,,,,,
4,16,90,62,-0.006648486809155337,0.013837520124049162,-0.028979359077648273,0.06278169810413346,,,,,,
4,32,90,190,-0.005117307861599016,0.002807764663300152,-0.012115056329262444,0.024583215154025576,,,,,,
4,64,90,370,-0.0012363078954993117,0.0014668868601902727,0.000544540352769874,0.007290382448853043,,,,,,
4,128,90,686,-0.002692720666574752,0.0019299691871431707,0.011264251314364334,-0.012201451356107217,,,,,,
4,8,91,32,-0.04807209320455552,-0.017262603520716152,0.04075125170565924,-0.060372457677261744,,,,,,
4,16,91,118,-0.02425067407260885,-0.011097817944508828,0.01743017120540281,-0.029851012400961188,,,,,,
4,32,91,200,0.008990368602981592,-0.008018516007766246,0.004061504862476161,-0.017808612318915982,,,,,,
4,64,91,330,-0.0007225170978972937,-0.009951488609942678,0.00429613356219976,-0.008935335569765173,,,,,,
4,128,91,696,0.006780580949752532,-0.0014474831808569276,0.006347866164874646,-0.0056394679956973965,,,,,,
4,8,92,60,0.0639551882214712,0.0030126595685867354,-0.024837399650156047,-0.05770397161693526,,,,,,
4,16,92,88,0.03931647091326118,0.0020783927312424456,-0.015351887811148147,-0.017371696732123403,,,,,,
4,32,92,168,-0.0011151276395077133,0.0006060574820827573,-0.012504014613835815,-0.01722518379566815,,,,,,
4,64,92,330,-0.029882103149962508,-0.005281986984961861,0.0012102510304596115,-0.004323743794543174,,,,,,
4,128,92,632,-0.013170675336490245,-0.0023156286428697415,0.0027089930139173237,-0.00473061139650527,,,,,,
4,8,93,68,-0.028113582458151834,0.0060451692827582,0.017420717099961243,-0.012038315704488732,,,,,,
4,16,93,162,0.02282038397944494,0.001628289729291463,-0.012361698559533521,-0.005235847035467354,,,,,,
4,32,93,262,-0.0174638784427444,-0.007279404712420061,-0.005899084980959724,-0.00654044724809357,,,,,,
4,64,93,380,-0.00897343851166394,-0.004746821202224191,0.0004918680354752784,0.0028498331883382503,,,,,,
4,128,93,664,-0.0022106234173881914,-0.0042249167730166945,0.0021593695653651544,-0.0012070556793869578,,,,,,
4,8,94,40,-0.005405958345958344,-0.01954790270914898,0.053727830370268216,-0.026167844576794053,,,,,,
4,16,94,74,0.013852484264809478,-0.004772539753025632,0.018270112670674032,-0.021939479474923525,,,,,,
4,32,94,136,-0.0032214730549291297,-0.014380119102396494,0.0013455960024232572,0.01682161608675463,,,,,,
4,64,94,276,-0.00711718104768739,-0.00985682290886411,0.004380257353085249,0.0031375889586873064,,,,,,
4,128,94,564,-0.004959254572718236,-0.0037801860134957727,0.0023392717673003296,0.0004742246338415422,,,,,,
4,8,95,28,0.0007036083346075963,-0.005281674203151036,0.010069787938842905,-0.0006963223237479323,,,,,,
4,16,95,70,-0.017091591816318398,-0.0053082303865755924,0.010624877296441956,-0.0017349122261825136,,,,,,
4,32,95,138,-0.0015975496751929573,0.0013224248793520653,0.004924375581542093,-0.0018304244700650739,,,,,,
4,64,95,290,-0.001468177491017573,0.002989596860075473,0.0028480244665221935,0.0071348717007349936,,,,,,
4,128,95,648,-0.005447796902010277,0.0024221240539805244,0.0064330010738672125,0.00041221538180451813,,,,,,
4,8,96,30,0.00732106609441166,0.009371813210618727,-0.028397725584022416,0.03906902728420567,,,,,,
4,16,96,64,-0.03929472174925503,-0.010607070915251768,0.005160807080925342,-0.004214205041352083,,,,,,
4,32,96,182,-0.0255057325649001,-0.007527978434600705,0.004389566616284054,-0.00242763942755639,,,,,,
4,64,96,402,-0.00550076048677811,0.002174715666231038,-0.0023468304707010635,0.004884189012440571,,,,,,
4,128,96,664,0.002686859817149506,0.004316901505975379,-0.001899166701725153,-0.006710614801088006,,,,,,
4,8,97,56,0.009738398068575687,-0.02124445028207964,-0.02022755226533996,-0.007898013894409871,,,,,,
4,16,97,84,0.020084630084814085,-0.010598331270918146,-0.017194726787163567,-0.004738597831311819,,,,,,
4,32,97,138,-0.03524969928727344,-0.009270449724437834,-0.012221234442771133,0.02160180623194033,,,,,,
4,64,97,328,-0.01480456616820252,-0.0025203727064949193,-0.009866828764120964,0.011780872921012002,,,,,,
4,128,97,650,-0.013922416476422794,-0.00016483185270678088,-0.006169234275549985,0.005024028265521143,,,,,,
4,8,98,96,0.01368621619337755,-0.0003469946525274318,0.0009678121098015203,0.0018266907818220224,,,,,,
4,16,98,144,0.018395739012098233,-0.0037071888430770987,-0.005506151466790409,0.004026179872029814,,,,,,
4,32,98,244,0.002579248097075212,-0.0018736035568205334,-0.00551659439935247,-0.001544065743733505,,,,,,
4,64,98,400,0.016116048959980138,-0.0010883296539847037,-0.014313632659939589,0.031335614716807146,,,,,,
4,128,98,754,0.00579074281094944,0.0025399146353914112,-0.00427504319820337,0.012261157700289148,,,,,,
4,8,99,32,0.018844293806717802,0.0010069474598445296,-0.004490092569597443,-0.003651009748045792,,,,,,
4,16,99,60,0.009542315744523001,0.006836485951120054,-0.004159588772647826,-0.002695163129934828,,,,,,
4,32,99,120,-0.02029076404817812,0.001982367852566649,-0.0057487612542520125,0.006383822858626711,,,,,,
4,64,99,292,-0.016015734545605908,0.0016286206332908188,0.01466313884898149,-0.0038896911696775817,,,,,,
4,128,99,560,-0.014330738256601529,0.0010552663934113588,0.010406438477390086,-0.002603683456347491,,,,,,
4,8,100,34,-0.0018550018167808576,-0.027569875191516626,0.014267809336136085,-0.029732249425548547,,,,,,
4,16,100,78,0.0033413897318112277,-0.01189204840446627,0.01355946940129054,-0.02561491942926087,,,,,,
4,32,100,172,-0.005377201889065075,-0.007871051001183356,0.009986912636300768,-0.014923509501604974,,,,,,
4,64,100,312,-0.004193723158642755,-0.008524962876721274,0.005333356900463125,-0.00582254540482139,,,,,,
4,128,100,580,0.0027017116684858755,-0.0010498060412655861,-0.0013037457143607394,0.005722930266817682,,,,,,
4,8,101,42,0.015374213444123033,0.0001214569836707025,0.00020499536796968936,-0.006590464925886498,,,,,,
4,16,101,138,0.02976740434555741,0.002811741799892172,-0.005759538038482736,0.012032196545041932,,,,,,
4,32,101,196,0.012656417663440242,-0.007233223110277473,-0.01211257228798967,0.010171727614997716,,,,,,
4,64,101,366,-0.0022243004121726994,-0.0030751080135142475,-0.007419111647348691,0.0025208395193943587,,,,,,
4,128,101,668,-0.008319406438701892,-0.0017801445716340409,-0.0016250100469822344,0.0012647420315994875,,,,,,
4,8,102,26,-0.003970223070521063,0.0015044878599764727,-0.01781250537192932,0.005034645934361641,,,,,,
4,16,102,64,0.006357275250653041,-0.001915069665790654,-0.00772257276520837,-0.012793723609351805,,,,,,
4,32,102,132,0.031659694918717854,0.009027680296973524,-0.006745004902038862,0.003546293817475555,,,,,,
4,64,102,268,0.02670142924321216,0.0044288337573385825,-0.008600236038217503,-0.008026089680067383,,,,,,
4,128,102,654,0.01952818486687495,0.0010876923865586739,-0.007707657726518535,-0.00233684723321694,,,,,,
4,8,103,34,-0.058271099461357806,-0.02054705463858365,-0.026522660334077453,0.007792915690851959,,,,,,
4,16,103,58,-0.012257429010846612,-0.0066864685047560435,-0.0193467425111763,0.004016395727614131,,,,,,
4,32,103,158,-0.03242314030183924,-0.00631947466342755,-0.013559963772435837,0.00018206858472195252,,,,,,
4,64,103,332,-0.01994324362600417,-0.005316121565416793,-0.007529687472556319,-0.0058809876177987755,,,,,,
4,128,103,630,-0.0002633999226272319,-0.005480157637019893,-0.005263228883700907,0.005057970067497604,,,,,,
4,8,104,30,0.025134789081776958,0.012500782877822768,-0.013628226926581923,0.013045217861025932,,,,,,
4,16,104,58,0.017152136857408504,0.007461778851864183,-0.014019447372507994,0.0014984460544782206,,,,,,
4,32,104,132,0.005695964713770501,0.008146114434012475,-0.009986212996725351,0.007862964240090774,,,,,,
4,64,104,326,0.0019638123354701604,0.0029587266322783925,-0.0010156129631216546,0.01226999386266774,,,,,,
4,128,104,612,-0.008998858374930334,0.0018304449497458346,0.0016088395988763154,0.000518661530555335,,,,,,
4,8,105,94,0.04812003736688129,0.023996688086185346,0.0013714980882651613,-0.01990895186134887,,,,,,
4,16,105,148,-0.004147322556221085,0.006342527099675615,0.049760403845940875,-0.02837053843167376,,,,,,
4,32,105,208,0.0018612000250015017,0.003619500677435457,0.041923181011333036,-0.027125184650274758,,,,,,
4,64,105,388,0.014468067950117866,0.004382835130826615,0.018833816167779984,-0.011969635018441265,,,,,,
4,128,105,706,-0.00021655720501146238,0.003460535403616332,0.011850907786983129,-0.005325106656259118,,,,,,
4,8,106,32,-0.04416295303935384,-0.034528790926864096,-0.014250830337947322,-0.0076834866759230985,,,,,,
4,16,106,70,-0.01703091229650425,-0.01381537041936244,-0.007951146687712107,-0.004839937094195074,,,,,,
4,32,106,124,-0.010622750085386535,-0.0034161492968851734,0.006207928139243175,-0.011701049299008476,,,,,,
4,64,106,280,-0.006889541576552757,0.0003062353844253126,0.001814486597295238,-0.004576061153581597,,,,,,
4,128,106,580,0.0034103777512210897,-0.002126027983796144,-0.0015726710135421929,-0.004276976914510818,,,,,,
4,8,107,30,-0.012404810910175158,-0.005113155443504506,0.0028900668283549703,0.01933013356834795,,,,,,
4,16,107,64,0.023312685914024193,-0.004143123344254053,0.01893564252865902,0.0001453059725203198,,,,,,
4,32,107,154,0.01208555949448159,-0.005122277754960042,0.016979015947240193,-0.000122309833003434,,,,,,
4,64,107,272,-0.014773459119980485,-0.0036711676255335615,-0.005041113460027883,-0.0034896413485724716,,,,,,
4,128,107,614,-0.004990978157628885,-0.0033116426784407394,-0.0027146938365240104,-0.0037473813540527443,,,,,,
4,8,108,26,0.02076832996660001,-0.013083111018528977,-0.023273893626454784,-0.000952001102902866,,,,,,
4,16,108,52,0.016361495348680314,-0.009297848682060692,-0.0058941274512750354,0.0014180581903300484,,,,,,
4,32,108,136,-0.0002591138980254271,-0.006071206166541496,-0.00035825624431436295,-0.004799584190170331,,,,,,
4,64,108,250,0.01072519846245977,-0.012534840883275536,0.00964424631944187,-0.011565812068586463,,,,,,
4,128,108,536,0.006883180133907655,-0.011185829911220638,0.0029897102462599265,-0.005957351579152232,,,,,,
4,8,109,40,-0.01702984861385896,0.0058196775462178935,0.047633948437859654,-0.027985707319223146,,,,,,
4,16,109,70,0.015293941194953677,0.008801597484254572,0.04601576966552652,-0.009816554100913097,,,,,,
4,32,109,154,0.027864168033555584,-0.0004997394109849747,0.02350220418167403,-0.006271837859608046,,,,,,
4,64,109,272,0.013236463961361978,0.0030902583414453306,0.02177638020916553,-0.009040808584506777,,,,,,
4,128,109,578,0.018600442458180416,0.0009711128699510612,0.010673197755005488,-0.006225470269208703,,,,,,
4,8,110,32,0.028562036654107822,-0.00017016867900104018,0.005812876651553184,-0.03953066141937874,,,,,,
4,16,110,68,-0.05444298996404629,0.011331063745289574,0.010469487348870219,-0.029896255308724175,,,,,,
4,32,110,126,-0.030304444376428336,0.009257435272708166,0.0014590103269427638,-0.007536122486923095,,,,,,
4,64,110,264,-0.01008607101208557,0.0029846017243845236,0.005417002681436009,-0.004462193553653679,,,,,,
4,128,110,568,-0.013707581073721102,0.0011753526051227138,0.0007181978342652597,-0.005713667548858436,,,,,,
4,8,111,42,-0.02942540721390665,0.006531254496544721,0.0124109316685054,0.003214305754156687,,,,,,
4,16,111,86,-0.013154345149954061,0.0031543306400981675,0.004932457726427616,-0.003298892742672594,,,,,,
4,32,111,148,0.03348359187882121,-0.0007286205970780242,-0.011542536420266092,0.009149474577487377,,,,,,
4,64,111,340,0.022877105656224837,-0.0007215143037803438,-0.013098277751997468,0.008446649159025606,,,,,,
4,128,111,628,0.007833440483046666,-0.005112314096581001,-0.0026699050218073938,0.005403769025387675,,,,,,
4,8,112,28,0.010553959793225544,0.0006778814221570569,0.001877323967001548,-0.0078179500577055,,,,,,
4,16,112,64,0.0069042299824590755,0.00033765424778873284,0.00649242866431259,-0.007833900340332902,,,,,,
4,32,112,150,-0.007971484103782614,0.006798645195582479,0.022997915902035745,-0.021729229812217914,,,,,,
4,64,112,336,0.012405703818742661,0.005520088602781642,0.0009645008957341932,-0.020958682652155263,,,,,,
4,128,112,654,0.0030437902297193913,0.0035586518978691995,0.004588112182634032,-0.016697703527959996,,,,,,
4,8,113,58,0.0032418578637578815,0.004739003459707359,-0.004126128641556564,-0.0027293449237284066,,,,,,
4,16,113,124,0.008528084763138299,0.012821481880108721,-0.027612514828452867,0.006907659151404856,,,,,,
4,32,113,270,-0.01467587355155191,0.009413570879937978,-0.028334998050297322,0.009211318280931625,,,,,,
4,64,113,402,-0.005744775258914027,0.006605580219924641,-0.017332782419484872,0.005216388345858337,,,,,,
4,128,113,740,0.0012267877489852501,0.0032901001969626183,-0.00892960990199162,0.004684509501292336,,,,,,
4,8,114,44,-0.01342424053875202,0.003048950384201694,0.0043833511628103,-0.015459179528172858,,,,,,
4,16,114,70,-0.01500402396583628,0.006861003062153493,0.011995856949271522,-0.008318356460653776,,,,,,
4,32,114,138,0.00030171446014709455,0.0042788753188863415,0.0063743367586202955,-0.002498687814663303,,,,,,
4,64,114,264,0.01284415128755071,-0.004015777510081652,-0.0030608679764708184,-0.0011056830756320671,,,,,,
4,128,114,556,0.0034088531309096086,-6.771249484083857e-05,-0.002664379910548976,0.0010652934221114891,,,,,,
4,8,115,28,0.08721779445010282,0.005763049088284584,0.021649062602386686,-0.017950928807634443,,,,,,
4,16,115,90,0.026380123597336345,-0.001486160805268845,0.010450633482443338,-0.010776425325482416,,,,,,
4,32,115,156,0.0004962647636104723,0.003507583369768967,-0.004468511844561767,0.0019317450479098535,,,,,,
4,64,115,364,-0.036147843290853895,-0.0027339555713378153,0.015423503647023747,-0.003001726377211258,,,,,,
4,128,115,600,-0.02857474694239719,-0.0007629170649866642,0.011537042423592261,-0.01065950877414332,,,,,,
4,8,116,46,-0.016372978217913167,0.0010718263724094062,0.007244621098474392,-0.002552057785917427,,,,,,
4,16,116,76,-0.019752416358878876,-8.28494084517212e-06,0.0021284397256820147,0.0009925785228236442,,,,,,
4,32,116,162,0.023598323267837232,0.002932686528629778,0.00892787282430222,-0.0009533521816225659,,,,,,
4,64,116,326,0.013265584153223197,-0.002119363159267039,0.0013893271077623551,-0.005166080389617149,,,,,,
4,128,116,590,0.011151211389062441,-0.0004839080871254114,-1.1634082513342287e-05,-0.0030963806296628467,,,,,,
4,8,117,34,-0.003403798201437931,-0.0025681430794149305,-0.004114835262334287,0.0016903269638287345,,,,,,
4,16,117,68,0.007488607224986592,-0.0027158692635112034,-0.0011526677319273794,-0.0030363858161207603,,,,,,
4,32,117,134,0.019628290956896423,-0.005703559880478281,0.010260377277921347,-0.0051099186479983474,,,,,,
4,64,117,264,0.03285485768129039,0.0025828539751699517,0.004741159454996417,0.0008655644297302114,,,,,,
4,128,117,554,0.02681882150514476,0.0037848046455909007,-0.0029518702267166005,0.004241723924955069,,,,,,
4,8,118,46,0.012619992079526883,-0.001511589739308445,0.003081096411262352,0.0012007959286936738,,,,,,
4,16,118,74,0.01848905653849451,-0.0013143348326157339,0.004400488968990593,-0.005792456499140523,,,,,,
4,32,118,136,0.025029414300095556,0.0028066902006014843,0.005001814805180512,-0.013694829436326456,,,,,,
4,64,118,260,0.010240980060583764,0.002361812800487907,-0.006015537727970028,-0.0033811062657233934,,,,,,
4,128,118,564,-0.0016553658867808584,-0.003940224705744462,-0.006667634338971194,0.0011102732375960662,,,,,,
4,8,119,28,0.006691887718147915,0.0012998360576989343,-0.007934019134252355,-0.009933816186633762,,,,,,
4,16,119,70,-0.011101351281717891,0.0018015214906892698,0.00864487295073616,-0.009624121041214522,,,,,,
4,32,119,150,0.004241923246311749,-0.003244994703735797,0.005133835114898539,0.0007116710966781849,,,,,,
4,64,119,314,0.014994473871074604,0.0028638089991838878,0.013310709171621492,-0.004872336953456894,,,,,,
4,128,119,688,0.006011909992280728,0.0009869797169840052,0.010901247916630235,-0.0060477907570066275,,,,,,
4,8,120,28,-0.00681119614703263,0.0028654827877464054,-0.008257507306605709,-0.0011441306589622697,,,,,,
4,16,120,72,0.01522214253891686,0.003611123226069988,-0.002650133590478752,-0.003952374571754313,,,,,,
4,32,120,154,0.0017676703584585222,0.003143929610832602,-0.012872679242939415,0.0029705200077557916,,,,,,
4,64,120,322,-0.015452220748214226,5.679614908632994e-05,-0.00011537099861063792,-0.014811171806153529,,,,,,
4,128,120,608,-0.008974172308671426,-0.0021006638024419185,0.0011530422759529959,-0.012013361410971965,,,,,,
4,8,121,30,-0.0009923751704424039,0.006618023226343384,-0.030732273649329792,0.00784732631070259,,,,,,
4,16,121,72,-0.005825077631439827,0.0046854503529732295,-0.01795882904833293,0.009953440412281208,,,,,,
4,32,121,138,0.017870054900247682,0.003719998963804265,-0.03626582423851811,0.03497143131805177,,,,,,
4,64,121,274,0.00032483673743532906,0.0009271508148344291,-0.014331439067475804,0.01563086829168831,,,,,,
4,128,121,542,-0.008248106777382474,0.0010809149914131333,-0.007759660523340659,0.007423342918196102,,,,,,
4,8,122,36,0.0004840905520719905,0.011379651415920896,0.004399235479548078,-0.008541198414782028,,,,,,
4,16,122,76,0.0035626534290802347,0.011689310388902445,0.013502112843406482,-0.013199563226740735,,,,,,
4,32,122,146,-0.00436797397685282,0.005749936699930587,0.014191470099833134,-0.007632398044067296,,,,,,
4,64,122,330,-0.0075552927965039495,0.004990930489399798,0.019587308139664576,-0.017787278001890852,,,,,,
4,128,122,646,-0.007713508424059684,0.00010456359582618774,0.007966620501510048,-0.011051820786735325,,,,,,
4,8,123,30,0.054084593392520544,-0.03168051998433019,-0.04379466039780049,0.04426605319679648,,,,,,
4,16,123,90,0.02165922053171324,-0.017848678953685707,-0.023963871765980138,0.024377040883142128,,,,,,
4,32,123,156,0.022001225971306954,-0.009661890756683186,-0.006834287099595644,0.01469776235855852,,,,,,
4,64,123,350,0.011912309061478499,-0.004714684277019515,0.003563537578123382,0.0018499672940734003,,,,,,
4,128,123,628,0.0020606196580774216,-0.0021962331396929644,0.0037990014068093247,0.0009519113956691972,,,,,,
4,8,124,42,-0.0009250164122463558,-0.001268376975351385,0.004266463878721401,-0.005546740176073223,,,,,,
4,16,124,106,-0.01666609744863646,0.0017293311133637866,0.017320593073155595,-0.02142969577720885,,,,,,
4,32,124,170,-0.020070960698017025,0.009916964627596418,0.017603889974132148,-0.009902596649180561,,,,,,
4,64,124,322,-0.009115646931846853,0.010305847327917889,0.004458739647365516,0.0034132163838456113,,,,,,
4,128,124,580,-0.0017680584353044087,0.008621143968787113,0.008510517147320606,0.0002522335516153094,,,,,,
4,8,125,30,0.001481433421503944,0.0020973003450069964,-0.005232158638344864,0.010516941126342156,,,,,,
4,16,125,78,0.02212861772739025,0.004144212675364014,0.024214894616671256,-0.005125998345234096,,,,,,
4,32,125,136,0.010334885902379052,0.004430707980212204,0.010548931862157104,-0.004709397111888878,,,,,,
4,64,125,304,0.02989989715608799,0.0020267834676159172,0.030318590299615908,-0.002051768679961343,,,,,,
4,128,125,582,0.022648537496992676,0.0024544656962511625,0.018917983821204052,-0.00028753516237616335,,,,,,
4,8,126,34,-0.03243611905136734,0.018193242265254095,-0.02539209357276472,0.02733741723326102,,,,,,
4,16,126,62,-0.012757918210504118,0.00745918988853818,-0.004594176948782361,0.006311910642429806,,,,,,
4,32,126,132,-0.011153530751627175,0.0019161622595096702,-0.0034331806624704926,0.0012669639608687722,,,,,,
4,64,126,262,-0.011965555580441914,0.0016896376333546516,0.00042269985560678346,-0.0076385908808496526,,,,,,
4,128,126,676,-0.02350538699965297,-0.0018811292879358076,0.0047490371824307175,0.0006541385549789333,,,,,,
4,8,127,26,-0.03959777421605081,0.018778821172852886,0.0029219389496423836,0.009457472627927675,,,,,,
4,16,127,52,-0.03738883621787781,0.007144567393972952,-0.001691913512757345,0.0011667707884624183,,,,,,
4,32,127,110,-0.01626556758192836,0.002003307840944189,0.007780985618754071,-0.00206169725748731,,,,,,
4,64,127,280,-0.011234741235913625,0.0029000433717677266,0.005234689063590774,0.002953188648861334,,,,,,
4,128,127,642,-0.012620135260905331,0.003330181452149859,0.008805441571705024,-0.004484610963360373,,,,,,
4,8,128,58,0.014838723552626071,0.007637538159612921,-0.0035108538926941282,-0.020562454694061545,,,,,,
4,16,128,86,0.0076247201792681105,0.003031648225837245,-0.0032276403041113675,-0.012449318683347102,,,,,,
4,32,128,152,-0.015529052147260311,-0.0051827400114603,0.003954659465557259,-0.014271151343603003,,,,,,
4,64,128,270,0.002851994889385982,-0.0027306403015167555,0.0040787854704451175,0.0003343731556859422,,,,,,
4,128,128,578,-0.0062707160423954855,-0.0037129059777690483,-0.0022104816225691406,0.0020901538353858885,,,,,,
4,8,129,32,-0.0009436645857768093,0.001766304023608345,0.0061455122681363826,-0.0207996371632538,,,,,,
4,16,129,74,-0.006447985045945573,0.0003772406834264554,0.0011007132511053881,-0.006156996414067051,,,,,,
4,32,129,152,0.02895664342255365,-0.0004403091745500693,0.006170917962063679,-0.012415952244638326,,,,,,
4,64,129,310,-0.002173698616699431,0.0025187632675285616,0.0008852246336053062,-0.009095971556220158,,,,,,
4,128,129,700,0.0021671969117161957,-0.002371773671155835,0.0015742659264891888,0.0017568421546257653,,,,,,
4,8,130,28,-0.044620328866028236,0.0022115374912608805,0.04222452622680842,-0.03230478092154136,,,,,,
4,16,130,70,-0.011077980320333093,0.0010351996404227718,0.02151138295885711,-0.014340339048801607,,,,,,
4,32,130,166,0.0014862790972456933,-0.0009542989271413616,-0.00045559983455497775,-0.005848184455565404,,,,,,
4,64,130,318,-0.007345510065138363,0.0010941622952869246,-0.001380820447035975,-0.007642812110490151,,,,,,
4,128,130,602,0.0014697451918267018,0.0005297398970368764,-0.007879026171868742,-0.001112554820719331,,,,,,
4,8,131,36,0.003985419402237571,0.01342725878256964,0.00956533221281297,0.018121016967899986,,,,,,
4,16,131,64,0.014114158899447319,0.006834470359772707,0.007555817116226086,0.0007524563724446553,,,,,,
4,32,131,118,0.008782862069507976,-0.0017982421210113102,0.012926023101508229,0.0004878032662408169,,,,,,
4,64,131,230,0.0025499117544210774,-0.004256666221774028,0.014811142733391838,-0.011931327406162187,,,,,,
4,128,131,496,0.005187174432126719,-0.0018118901674484694,0.0033767234323049365,-0.003690584571222869,,,,,,
4,8,132,28,-0.009943681091890673,-0.004880308733093527,-0.009381412521854612,0.01005472716150081,,,,,,
4,16,132,56,-0.004761290400192486,-0.004965177162967084,-0.009181111887520459,0.013648689673081126,,,,,,
4,32,132,142,0.0012075478285756794,-0.003940062420461,-0.003489143323365837,0.001857331241701951,,,,,,
4,64,132,282,0.005779666911266231,0.0002690561004389927,-0.002641107450457164,-0.0008113843198611864,,,,,,
4,128,132,580,-0.0035822692313755688,-0.0010117774258571266,-0.004863044481436855,-0.003746406615289823,,,,,,
4,8,133,28,0.010904510402214898,0.0003113925144768637,0.024249549130233194,-0.012513431019599952,,,,,,
4,16,133,92,0.014043892283530516,0.007039795125494026,0.01399960657676383,-0.010768277248515081,,,,,,
4,32,133,228,-0.006044342330078254,0.0012698695323579718,0.011927517826000777,-0.006363625007439896,,,,,,
4,64,133,392,-0.000731813350096381,0.0013859639256155914,0.0019131291217827629,0.0020431660505471154,,,,,,
4,128,133,662,-0.005449953869724708,0.0011187580471399786,0.004843761796138072,0.0018047423024826024,,,,,,
4,8,134,30,-0.11917607076865352,0.003884797364570416,-0.05310618786379505,-0.005479815749472571,,,,,,
4,16,134,62,-0.0534465249310381,0.0006638057138887597,-0.025436857438207294,-0.011809514010540595,,,,,,
4,32,134,124,-0.024290272662150156,-0.0014066474190135131,-0.008338039951315015,-0.009115276826992704,,,,,,
4,64,134,270,-0.009023962881346248,-0.0017161421578500689,-0.006326064505756512,-8.508163588777731e-06,,,,,,
4,128,134,576,-0.006386530346421702,0.003997238620918196,-0.0046792963570479835,-0.00017116884383787232,,,,,,
4,8,135,30,-0.003318074300902879,-0.0006710019691334833,-0.0033772432318930007,-0.0006658575478672947,,,,,,
4,16,135,68,0.0059028112670011105,-0.0011622666932396939,-0.0060882640367980875,0.00324165100818757,,,,,,
4,32,135,130,0.018726141796991207,-0.0014128818740784686,0.008716003874342836,-0.006470046114039139,,,,,,
4,64,135,310,0.0009414820714277987,0.0018051591882821004,0.0038031019233190763,-0.008391039251124744,,,,,,
4,128,135,702,0.01753091638869274,0.0001296809802728415,0.006427058311133034,-0.012334764355728714,,,,,,
4,8,136,52,0.0482811740088446,0.007542763582769497,-0.0020990855626011984,0.015827195091857746,,,,,,
4,16,136,110,0.014816203539607387,0.002199913051237625,-0.004087441934259908,0.0047704373055069684,,,,,,
4,32,136,194,0.020993972972473497,0.002540016682207618,0.003513446035639591,-0.006583530484704968,,,,,,
4,64,136,432,0.016531285233743843,-0.004676978988310075,0.007828203040554586,-0.011019892480817266,,,,,,
4,128,136,804,-0.004515511954114785,-0.005840187526641376,-0.0008260939364630627,-0.005602862999292388,,,,,,
4,8,137,28,-0.03195349861710295,0.0012495646668525527,0.012933398522153096,0.0029552769181329045,,,,,,
4,16,137,54,0.013349317992518012,0.001896762782690714,0.03911896637520702,0.025458571789327377,,,,,,
4,32,137,142,0.024469722558018367,-0.008400418695450391,0.024549222862083806,0.009568540017553953,,,,,,
4,64,137,274,0.01006602843564392,-0.005558890453129627,0.004942165003812025,0.009306177683616322,,,,,,
4,128,137,570,0.0034828574019517694,-0.00248126644335358,0.006958405720415849,0.0008797503840802859,,,,,,
4,8,138,34,-0.010167742671723781,-0.006430138487989666,0.009993939253449893,-0.013919717294184968,,,,,,
4,16,138,102,-0.027120680829545902,-0.009362605859265164,0.002796218447886756,0.0017637275606839477,,,,,,
4,32,138,156,-0.01333490195940423,-0.0027102316276436523,0.00879366816682974,-0.002882062323901169,,,,,,
4,64,138,292,-0.009590839956370749,-0.0021870070447635036,0.0004763464535845875,0.0014932473070249173,,,,,,
4,128,138,630,-0.003074980193201059,-0.005139047443608452,-0.0022333494481267743,0.0009740232990589699,,,,,,
4,8,139,28,-0.024266591602694003,-0.009746116233142052,0.000698125623831411,-0.017046414782333492,,,,,,
4,16,139,60,0.013432529446147373,-0.00899338007681556,0.009832947586667928,-0.03739367411564572,,,,,,
4,32,139,120,0.01455475484487116,-0.005086241697872318,0.011787056502912266,-0.027353147468838112,,,,,,
4,64,139,262,0.01080166630388282,-0.003698391900928397,0.005637312844006203,-0.011784998543387501,,,,,,
4,128,139,508,-0.011490123132097707,-0.0034120246982668957,0.012853483997978126,-0.011628453914342248,,,,,,
4,8,140,26,0.005507442726019187,-0.010189157450463006,0.019991435783808638,-0.003823658970636577,,,,,,
4,16,140,58,-0.007581983330880242,-0.0045832947962603,0.00736194318997358,0.00634675328727601,,,,,,
4,32,140,116,-0.0033286912503495128,0.0011807931969753814,0.009991923941777867,-0.007765808556918453,,,,,,
4,64,140,304,-0.0010150951689976342,0.0024574170930173568,0.007501683487011138,-0.010270183742470995,,,,,,
4,128,140,628,0.005344063505466321,0.0017747489600825675,0.004683716115726164,-0.0043799762693839455,,,,,,
4,8,141,48,-0.03882270008931545,0.018720873544294466,-0.030636955585455684,0.02729136175320352,,,,,,
4,16,141,84,-0.01858106512240536,0.011453080936388565,-0.02185123064438453,0.012516553192369606,,,,,,
4,32,141,144,-0.043549559464029185,-0.0014789111049109806,-0.007552647620292486,0.03085747292667535,,,,,,
4,64,141,306,-0.01632636125366,-0.0022779531638096664,-0.00016680968927835338,0.015251795222154724,,,,,,
4,128,141,606,-0.006283681583201288,-0.0028459891094041027,-0.0008609098837283023,0.008022455874681412,,,,,,
4,8,142,36,-0.10113646637994989,0.015198675572595702,-0.0047475366336903555,0.026249817327565834,,,,,,
4,16,142,74,0.05396519722095472,-0.01538313772846619,-0.040251625340225756,-0.026002449766169406,,,,,,
4,32,142,132,0.024908450317652427,-0.009676787218902166,-0.01930067129148555,-0.012417681979744152,,,,,,
4,64,142,260,0.020033228656836537,-0.008111877660640072,-0.012254589241131366,-0.0027038396547649246,,,,,,
4,128,142,524,0.017397766870447084,-0.006363376952534619,-0.004216765122640034,-0.0018430072481758018,,,,,,
4,8,143,36,0.015577894687848839,0.022237996206589363,0.00441292128165143,0.008922768678157127,,,,,,
4,16,143,66,0.04079284579750023,0.015669941032492682,0.004190876339806979,0.0038546329570682456,,,,,,
4,32,143,150,0.02468613445311871,-0.0035109750484417853,0.0036708302882640566,-0.003789119944897985,,,,,,
4,64,143,320,0.015309644023748206,-0.0010948066976020816,-0.001438002855175624,-0.0020548968452496173,,,,,,
4,128,143,592,0.0022994033112383443,-0.0026231952796543943,-0.0025990481211429967,-0.00665420532415265,,,,,,
4,8,144,70,-0.03152858583551671,-0.01739040734655694,0.024223288766833988,0.018199915779291503,,,,,,
4,16,144,104,-0.02273774576833357,-0.01862563153870368,0.004796046549292826,0.019719006401283656,,,,,,
4,32,144,166,-0.016300530750202342,-0.007946482402364051,0.013080560547618659,0.002055346116709368,,,,,,
4,64,144,294,-0.00744078594234463,-0.0005057083922366205,0.005188919293789399,-0.002487886263428368,,,,,,
4,128,144,586,-0.017092741610184883,-0.0001870277814171218,-0.004269496618697581,0.0035421496464618264,,,,,,
4,8,145,24,0.0048482673577417545,0.0008643620988880348,0.005232464267217388,-8.641545656325138e-05,,,,,,
4,16,145,50,0.024224094373861808,0.005032042828036491,-0.0021239052326313644,-0.008886505625238336,,,,,,
4,32,145,120,0.0227769941120149,0.004380040322712294,0.0037214586284838582,-0.007671086578241825,,,,,,
4,64,145,256,0.016118652212275,0.002904788475518035,0.003884523160751348,-0.004926684895272202,,,,,,
4,128,145,630,0.012715805292249062,0.0011116395487511747,0.005692320443820775,-0.006953185111879003,,,,,,
4,8,146,96,0.048859019045273074,0.019546782918044524,0.0449686280394162,-0.0008302816391503932,,,,,,
4,16,146,136,-0.031604064177363056,0.003700767200571247,0.0011628819687049784,-0.004920236624724313,,,,,,
4,32,146,242,-0.0007969554034080997,-0.007160980071474144,0.010930647854123721,0.007955689838750052,,,,,,
4,64,146,374,-0.006230313640396762,-0.0027286548206775954,0.002614202504233198,0.006080302168491732,,,,,,
4,128,146,656,-0.013781766708447838,-0.00139173765081469,0.011231098104328518,-0.00259625383575763,,,,,,
4,8,147,46,-0.039899054911988925,-0.004692098360069224,0.007356415211801855,0.004982328345024907,,,,,,
4,16,147,96,-0.003516096434183117,-0.0008607666659866067,-0.01326286025156179,0.00778817475418528,,,,,,
4,32,147,170,-0.014312644977547235,-0.002335882540733934,-0.003625071744802537,0.0033512867078362343,,,,,,
4,64,147,324,-0.00014507200342522234,0.006835796687099105,-0.00027172434832434646,3.6484914936319563e-06,,,,,,
4,128,147,654,-0.003176488776841165,0.00189823003810714,-0.009464379541236046,0.004248191071165585,,,,,,
4,8,148,60,-0.01788592052293376,-0.002264680054578504,-0.007631036856966259,0.008971829384072615,,,,,,
4,16,148,120,0.0002553195907173192,-0.009425461546595222,0.004184234214891223,0.00541738176681597,,,,,,
4,32,148,190,0.0029953006768266167,-0.007729560809965278,0.0051154420635334905,-0.0010227230416524971,,,,,,
4,64,148,336,-0.004192928582262816,-0.0018472361157797128,0.0018148676573456536,0.00021679970091324188,,,,,,
4,128,148,604,-0.005062940268730001,0.00075001614084512,0.002932210842591319,0.0020730421335857186,,,,,,
4,8,149,36,0.07653160635960582,0.003526346928344735,0.0015083894851795707,0.021603606078862667,,,,,,
4,16,149,66,0.02793333248729799,-0.001279316201507232,-0.004698287168321794,0.0029987157302052815,,,,,,
4,32,149,130,-0.0063766214232178105,-0.0065928508423850635,0.011567087028193094,0.003686633076041231,,,,,,
4,64,149,254,0.006282620375048905,0.0005809129371506655,0.003902751205125983,0.0017173663760001365,,,,,,
4,128,149,514,0.006178631820496247,-4.2355002479095844e-05,0.004474199146077646,-0.006353770175270994,,,,,,
4,8,150,40,0.010935747256540377,-0.0015626244322879772,-0.00242354097578698,0.0031954471360542613,,,,,,
4,16,150,82,9.218431551749097e-05,-0.0027193789161080455,-0.02272748035243682,0.02652643706936504,,,,,,
4,32,150,178,0.010488145453308822,-0.0014607310438767862,-0.012453200125672718,0.017349163612741306,,,,,,
4,64,150,300,-0.006819388796106248,0.007283590535466397,-0.014407366127211517,0.0020354368599179995,,,,,,
4,128,150,582,-0.006453769391404234,0.004552011851703856,-0.005590818420926219,0.0004527030521076468,,,,,,
4,8,151,54,0.00397630540841304,-0.015511840496815003,0.01884010954528447,-0.025361745050313116,,,,,,
4,16,151,88,0.006470461267160018,-0.006067567982679355,0.014801927720022855,-0.02092920530974894,,,,,,
4,32,151,146,-0.01481526064961886,-0.008384355905215116,-0.004231625771885935,-0.005555117909775868,,,,,,
4,64,151,270,-0.014839669054206805,7.224567146549144e-05,-0.004709125967391587,-0.0018952031133622213,,,,,,
4,128,151,590,-0.019156911611354487,0.001157657320933985,0.0005128648336221336,-0.0045924329762621644,,,,,,
4,8,152,30,-0.03621303841165051,-0.00431962304950512,-0.003933121738792804,0.004664387126747496,,,,,,
4,16,152,56,-0.008393795224884835,-0.0013790119712951338,-0.006621503000698208,0.016847483771569333,,,,,,
4,32,152,154,0.005567219800628916,0.0009287517987459378,-0.00978698914968885,0.015419888825895069,,,,,,
4,64,152,304,0.011854902063532088,-0.003073271296724929,-0.007368250542487154,0.01201048641833472,,,,,,
4,128,152,652,0.002166616631902668,-0.0042534585616349554,0.00019031005804427467,0.0066498201333218005,,,,,,
4,8,153,56,-0.01180243253489084,0.001967511686774156,-0.02721582075874617,-0.0010808385027530946,,,,,,
4,16,153,86,0.017051032757484093,0.00386208085834469,-0.012769456007580412,-0.009143462972569285,,,,,,
4,32,153,156,0.03662926335641476,0.00171160068615687,-0.004768265213284678,-0.008771345583532346,,,,,,
4,64,153,344,0.016727355831225175,0.00810542914159597,0.006772029408005258,-0.008689613908271585,,,,,,
4,128,153,640,0.009281803560476719,0.0020515536957107497,0.00790680713749679,-0.004370590165954637,,,,,,
4,8,154,32,0.06483699113601722,0.006559117942257401,0.030081814812085755,-0.03535692875354073,,,,,,
4,16,154,60,0.030487186566636612,0.0015386247894237967,0.025461851316521223,-0.027857564507360023,,,,,,
4,32,154,118,-0.006859044901578986,0.00795628530873266,0.01614701474646797,-0.015487866792639514,,,,,,
4,64,154,266,0.007675035619834453,0.006976022827058615,-0.002346848006917678,-0.00404003472912203,,,,,,
4,128,154,554,0.028087725627067767,0.009699569595493092,0.002335191177597708,0.0030237789235386856,,,,,,
4,8,155,24,0.009172921289172287,-0.009458549275960201,-0.026959958074184973,0.0008168671434165252,,,,,,
4,16,155,66,0.019564860211835046,-0.007690767512067152,-0.016248922775538063,0.001984058109898712,,,,,,
4,32,155,124,0.0227440399796767,-0.007164892094694689,-0.019333436838871024,0.006942253382784893,,,,,,
4,64,155,264,-0.0018153015793045475,-0.0029207789325786026,-0.00821527153189567,0.00769292417137844,,,,,,
4,128,155,580,-0.011663530431721426,-0.0033689831047172543,-0.0020978554691277102,0.008619855685736266,,,,,,
4,8,156,40,0.0013871585680986249,-0.0014151030224959244,-0.005425669972963475,0.005079695259112328,,,,,,
4,16,156,66,-0.005676314463997082,-6.746715796131968e-07,-0.003169493669186326,-0.004543224814745907,,,,,,
4,32,156,124,0.0003516238960115445,0.0034135039952116887,-0.0028211416182617032,-0.005326890188605305,,,,,,
4,64,156,336,-0.013988117462596041,-0.0017993769552227148,0.004540938619012544,-0.0012558658236919013,,,,,,
4,128,156,680,0.010431391210889023,-0.004747852742835714,0.0033998892075037374,-0.0030204396949315283,,,,,,
4,8,157,28,-0.0017732393936781793,-0.006560583084604217,0.0019425073724802973,0.0028235767647472746,,,,,,
4,16,157,102,0.010765958748161374,-0.01113362292046376,-0.027469203117659817,0.020393677903618297,,,,,,
4,32,157,196,0.016729833039701842,-0.004499772397872338,-0.015226226061358551,0.010047041211023287,,,,,,
4,64,157,318,0.003156420962786099,-0.0026283495544312634,-0.008030489424638765,-0.00076722787748746,,,,,,
4,128,157,658,-0.0031475709182904564,-0.001570380233354573,-0.006899438468491729,0.0011783645302214799,,,,,,
4,8,158,32,0.006687301031357388,-0.0012238302221635156,-0.004053649961383412,0.008620470848547276,,,,,,
4,16,158,62,-0.0015212826142661316,0.005116428360621823,-0.001106619182133242,0.001704447137689319,,,,,,
4,32,158,128,-0.023897286852476423,-0.010974291929183583,-0.023726638801883394,0.013193282524428217,,,,,,
4,64,158,252,-0.008905833175396352,-0.005695047716726139,-0.002746014108129082,0.001957834487057924,,,,,,
4,128,158,620,0.0005251417431179064,0.00436174076970731,0.004365000294506205,-0.002988912339747458,,,,,,
4,8,159,36,0.004920921077458892,-0.0031911129293239887,-0.008013179635879813,-0.014329778114202581,,,,,,
4,16,159,70,0.004227998971616916,-0.0006810693147917088,-0.005851448057389339,-0.006569503363161957,,,,,,
4,32,159,130,0.02064675527485285,0.00048123326347264303,-0.004810780236851742,-0.0053091510196182955,,,,,,
4,64,159,300,0.0017503662362307183,0.0009195389546869608,0.0059095383728837835,-0.002869368922796417,,,,,,
4,128,159,716,0.007733954179918994,-0.0019510317809629803,0.005359092287760714,-0.0012784765862640921,,,,,,
4,8,160,24,-0.01742205173094276,-0.001507744313467482,-0.024388426457551873,0.011599438261734095,,,,,,
4,16,160,54,-0.008698949047457678,0.002465422461101425,-0.017868392020930355,0.018603912195159673,,,,,,
4,32,160,110,-0.01881997744905932,-0.004874731476627109,-0.019570504915893024,0.006211182967677805,,,,,,
4,64,160,282,-0.014747101231708706,0.0005707056282868799,-0.004143526163567648,-0.00793952905015324,,,,,,
4,128,160,566,0.0034898496746683973,0.0013777960402507458,-0.002785392042327131,-0.0010229470328720174,,,,,,
4,8,161,42,0.025947166586221187,0.011196528727462006,0.013373645393873129,0.02074682548646199,,,,,,
4,16,161,86,0.01465340040182135,0.0057651293823357255,0.013728041937063989,0.015939408634156882,,,,,,
4,32,161,158,-0.028691922849162936,0.0073555123514566865,0.003676457994773355,-0.0011336325059989206,,,,,,
4,64,161,290,-0.006687307688567603,0.0025054736074211948,0.0005703787826875559,-0.0019432880250019268,,,,,,
4,128,161,624,0.010165800160809674,0.002166984918331964,-0.000552994839376482,-0.00104885536445703,,,,,,
4,8,162,28,0.0014285334071903336,-0.008289844070691452,-0.0035862193285816192,-8.35718286760791e-05,,,,,,
4,16,162,66,0.002714524910226417,-0.001057151192319787,-0.004026895364703787,0.0005135836409568446,,,,,,
4,32,162,212,0.004054360095293517,-0.003289114997160227,-0.003973389775050622,-0.0033572591982947353,,,,,,
4,64,162,378,0.01828118598036604,-0.00934295630110688,-0.007051690368416361,-5.820441155754115e-05,,,,,,
4,128,162,640,0.0032192569383049548,-0.00473436021069223,-0.006135894320085396,0.0005436714702392583,,,,,,
4,8,163,28,0.011118273298215214,0.002286746780569843,0.0027434326855037645,-0.004545841162160829,,,,,,
4,16,163,54,-0.001901789681555098,-0.002613707876294655,-0.00016216830487471474,-0.0018258606044316212,,,,,,
4,32,163,158,0.005331426628435645,0.00413526449036084,-9.372307229681034e-05,2.9549333571585743e-05,,,,,,
4,64,163,288,0.004221310966366271,0.00510332631735195,-0.003841462723915739,0.013955349498485743,,,,,,
4,128,163,560,0.0007157164381797151,0.006480471517252814,0.006051182155509804,0.004647468623781694,,,,,,
4,8,164,34,0.03174546538455596,-0.007237565721422273,0.031972666636473475,-0.03432552928488411,,,,,,
4,16,164,86,0.017037649012261655,-0.00631756309032771,0.01481970736370303,-0.014367145015349195,,,,,,
4,32,164,148,0.017864843445255227,-0.005912746964170124,0.008064808795919072,-0.009215576125824685,,,,,,
4,64,164,288,0.02013368022363878,-0.005356198449489111,0.006794552556704152,-0.01016930417489943,,,,,,
4,128,164,572,0.004801617286181416,-0.0039760964698320345,0.0046613329617544285,-0.005665581029398244,,,,,,
4,8,165,86,-0.026122431225521513,-0.002777246468592198,0.0007325246399359822,0.0019293326390950895,,,,,,
4,16,165,140,-0.06174719275217129,-0.030323276564509373,-0.062376174848621894,0.0498802825225769,,,,,,
4,32,165,194,-0.045229642589236854,-0.012900602545363384,-0.028657045825333443,0.028072074757848665,,,,,,
4,64,165,308,-0.019559437395005246,-0.008717883606419187,-0.004796126258503247,0.012575175019782326,,,,,,
4,128,165,672,-0.010636569524121675,-0.003004531980011204,0.0021022872149452794,-0.0049695390759642655,,,,,,
4,8,166,40,0.003418253446370275,-0.004310537986303798,-0.009851422880600808,-0.004848968522293043,,,,,,
4,16,166,66,0.0008679486940932643,-0.0037822856791793996,-0.005865630418986466,-0.004812106813959957,,,,,,
4,32,166,130,-0.006364195253957965,8.608874931035791e-05,-0.007820870007288866,0.006819750318724355,,,,,,
4,64,166,362,0.01186764542416336,0.0033295636422976823,0.0010067003002734434,0.0004910419482347643,,,,,,
4,128,166,654,0.02328202185498795,0.0027160765674250726,0.008454293071801233,-0.00835547785295521,,,,,,
4,8,167,44,-0.010992280945641768,-0.0027777078340886236,0.0007684153554090061,-0.0010618366548267233,,,,,,
4,16,167,152,0.04707894986073807,0.000244125916168213,-0.0021618584999551706,-0.0012771602877577853,,,,,,
4,32,167,230,0.011141798085378731,-0.0005939960189922425,-0.008412881315790231,0.004172758871219547,,,,,,
4,64,167,388,0.006620905774549663,-0.0063343536664808376,0.000563271488573974,-0.0066729721497366685,,,,,,
4,128,167,668,-0.003515251911578456,-0.006273430282723278,0.00338511521944182,-0.0019307207225314343,,,,,,
4,8,168,38,0.02164624499081781,0.006913065904732374,-0.11931789212209316,0.03506086883984762,,,,,,
4,16,168,70,0.011414989215870228,0.0035274451235361884,-0.05708274947352341,0.01988088834567856,,,,,,
4,32,168,136,0.021759941070350574,-0.0018364028141086481,-0.021685168638821736,-0.0010040043490767323,,,,,,
4,64,168,276,0.014739225161687857,-0.0019023701952178879,-0.009370880427709652,-0.004663985144845678,,,,,,
4,128,168,638,0.015314856887563701,0.0017301992755329155,-0.002399353687306038,-0.0012441590972696059,,,,,,
4,8,169,32,0.030886169366251742,-0.02144895874926132,0.015973943039249535,-0.019218844011754388,,,,,,
4,16,169,66,-0.0260827765109409,-0.011995742403019942,0.023268417809585912,0.026887188179927753,,,,,,
4,32,169,140,-0.006651620146737868,0.0004925729270514242,0.011504025806946148,0.010715495374852021,,,,,,
4,64,169,338,-0.010436224650131087,-0.0012045966332796248,-0.003259935635725539,0.0037397275326910852,,,,,,
4,128,169,662,0.0024768705839125,-0.0006842912322557785,-0.003654386283954922,0.003703045658528082,,,,,,
4,8,170,30,0.019263061220353678,0.026569122852061568,0.01567754846335485,0.01408768030146183,,,,,,
4,16,170,62,0.03820752997488168,0.015074954105709228,0.012301496479146608,-0.001075781946376542,,,,,,
4,32,170,126,0.003873120206421318,0.00737112249064274,0.005791506494680471,-0.00043382293600417244,,,,,,
4,64,170,254,0.007091812821334278,0.004375073869378148,0.002437356144210885,0.003967508200627611,,,,,,
4,128,170,540,0.003225635145115998,0.0012072911624852252,0.003970882061768427,0.0011393448131876433,,,,,,
4,8,171,56,-0.02303596218797556,0.007951682821574485,-0.0038815174532271604,0.0036377184942234,,,,,,
4,16,171,94,-0.020899196209900446,0.001640899254386972,0.002362994719207296,0.0011378092954005656,,,,,,
4,32,171,148,0.005519965521496924,-0.0009657479953001104,-0.010834594956735695,-0.006694765518205647,,,,,,
4,64,171,310,-0.0030016783395468653,-0.006730096763749836,-0.010866611804518499,-0.003797464745137665,,,,,,
4,128,171,610,0.006378232192795765,-0.002424947569570536,-0.009223433837315274,0.0013589332311461095,,,,,,
4,8,172,34,-0.03758063559739361,0.010375558892766512,0.027036801597194432,0.017681211399253608,,,,,,
4,16,172,94,-0.0023852624221734784,0.0035991871981360508,0.021179611184093373,0.005828589626549019,,,,,,
4,32,172,152,-0.004875894390970905,0.0007073180034204157,0.015693565323409736,0.00023493577248354536,,,,,,
4,64,172,314,0.027171220157797,-0.0017288668888106435,0.013513682500552989,0.004687816273961836,,,,,,
4,128,172,604,-0.004336393188322983,0.003977277678904652,0.010318435813933591,0.0005544045177205593,,,,,,
4,8,173,30,-0.06594763898614818,-0.003220542137517552,-0.014737368582882092,0.011866120395645205,,,,,,
4,16,173,60,-0.019244875417355027,-0.0003755789579910566,-0.007827815564035145,0.0017391726934857703,,,,,,
4,32,173,130,-0.010276268456755876,-0.000237986487096393,-0.01828461913523419,0.012523488739727988,,,,,,
4,64,173,312,0.0054102854174222954,-0.006250749078729735,-0.0022094339889296988,-0.0001356812886019934,,,,,,
4,128,173,636,0.006484150505006978,-0.007807908226891839,-0.001990898127521552,-0.0015704216992281162,,,,,,
4,8,174,30,0.0036433951706945937,-0.0006647260738415344,0.004282469191552437,-0.006941550775756567,,,,,,
4,16,174,56,0.006221626874041037,-0.0015456321626370997,0.0005704663393079954,-0.0015258273831403636,,,,,,
4,32,174,160,0.004560887253687784,-0.0009404753739758259,0.0030954178515965043,0.00022968877461650573,,,,,,
4,64,174,338,0.004206633401359065,-0.004403479670640271,-0.0003979835266024198,0.010692193457841063,,,,,,
4,128,174,660,-0.0007137718251644785,-0.003115261513210658,-0.0010494704236357897,0.0036284186594614967,,,,,,
4,8,175,26,0.0035153329918953917,0.0013749542537589393,0.003222197957167554,-0.0013799460097902831,,,,,,
4,16,175,80,0.011449128026921683,-0.0004626798358191839,0.005670260691132527,0.002385961958028519,,,,,,
4,32,175,166,0.018962996369638763,-1.0661883459876244e-05,-0.004667089750694443,0.00756381706178478,,,,,,
4,64,175,320,-0.011963889958313496,0.0014938633931056143,-0.004807395837473496,0.0017671868062916502,,,,,,
4,128,175,584,-0.02522843925550512,-0.0033343343324524943,0.0023852013600793778,-0.006232888442903808,,,,,,
4,8,176,42,-0.031577176145054744,-0.0008543452864026957,0.010116442015137665,-0.0020595425206238753,,,,,,
4,16,176,74,-0.014755569561365936,-0.0027515314703543355,0.005446281761088018,-0.0025220538091561525,,,,,,
4,32,176,126,-0.05276535734914944,-0.009602684715983198,-0.010202761096628543,-0.008939692812945607,,,,,,
4,64,176,320,-0.004261399049331145,0.0006369154851188083,-0.006610862645164641,-0.007310281516439753,,,,,,
4,128,176,602,-0.0023454024891616998,0.0009028390903781223,-0.0029413470569855387,-0.007665517598210605,,,,,,
4,8,177,24,0.0037613970672536606,0.00239152651607682,0.010973293977243729,-0.012088779464105078,,,,,,
4,16,177,58,0.024895503748635618,0.010647461742700004,0.006828062603202476,0.010216614828491349,,,,,,
4,32,177,116,0.04038690609434334,0.008119971866463785,0.013205419297849947,-0.0022912688795306505,,,,,,
4,64,177,262,0.02738555822953741,0.00928660251338847,0.01322863372745401,-0.004258645804286192,,,,,,
4,128,177,582,0.011544417483994152,0.008306370388567274,0.007065381642748853,-0.0008797634530127082,,,,,,
4,8,178,62,-0.0020235702050916053,0.0009876121376829507,0.006168241430488222,0.0016045582244293484,,,,,,
4,16,178,90,-0.12467445137392197,0.0009117500032574377,0.00947671263274157,-0.02485617154866013,,,,,,
4,32,178,220,-0.04330966979693382,0.008077753564192595,0.016645362169114983,-0.016988628087429007,,,,,,
4,64,178,346,-0.030580482635271473,0.004240910776650633,0.006712065863212685,-0.0057729430656449235,,,,,,
4,128,178,758,-0.017009400958793313,0.0029399179477021093,0.005407845964959556,-0.005288175289472798,,,,,,
4,8,179,24,0.013963250456119975,-0.0008828464097250863,-0.0035659773698013186,-0.003747465378987873,,,,,,
4,16,179,50,-0.011260713385203432,-0.013969455379609995,0.00030957616668269547,-0.023416492153539338,,,,,,
4,32,179,122,-0.007622896374360271,-0.00846460314475869,-0.0017592094362579235,-0.01068782439002751,,,,,,
4,64,179,284,0.0033446581027842147,0.0009728646197863077,-0.002728174763275593,-0.000491599463178783,,,,,,
4,128,179,584,0.010128408377152745,-6.64966413864625e-05,-0.0029127718642068916,0.003277433118135229,,,,,,
4,8,180,26,0.0010629913608960033,0.004127497248156692,-0.019888095273666702,0.01685709886432905,,,,,,
4,16,180,58,-0.01666882084814019,0.0026347770768599945,-0.007347160416864952,0.003487687451123998,,,,,,
4,32,180,120,-0.016181034412200663,0.002558271440235725,-0.01019362362089377,-0.004831177457832329,,,,,,
4,64,180,268,0.00036829801999415735,-0.0014952342566725517,0.0009251336106282087,-0.0053268306341776065,,,,,,
4,128,180,554,0.0037318086138842838,-0.0027828261502101364,0.003212905370520878,-0.0013578044158071558,,,,,,
4,8,181,34,0.11269592767272306,-0.008693897725910504,0.02604707093571,0.018849634793989857,,,,,,
4,16,181,60,0.032427949408261915,-0.00523611868514083,0.03879790143120496,-0.01173751029232426,,,,,,
4,32,181,144,0.022480367187151663,-0.005843863566395956,0.030610451071221026,-0.004641397353201642,,,,,,
4,64,181,324,0.020866950872946287,-0.007536774963200499,0.005191718156569915,0.005941645397363625,,,,,,
4,128,181,656,0.025484497932966487,-0.004658050034953322,0.004114944441869369,-0.0012723653827252511,,,,,,
4,8,182,30,-0.0074292579519494376,0.001921000431462104,6.226144132269408e-05,0.002480446381249695,,,,,,
4,16,182,80,0.005531373134155749,0.0025170322461072307,-0.0005582985361295505,0.004678212077824371,,,,,,
4,32,182,162,0.010806175863838766,-0.00020518191622868241,-0.00965936561615462,0.009762924864962991,,,,,,
4,64,182,360,-0.007567717349785292,0.002893661429019307,-0.0067202020802493755,0.00875334449219194,,,,,,
4,128,182,722,0.002554256675970238,0.0009442657496872282,-0.0031901230845798254,0.005639488098812029,,,,,,
4,8,183,34,-0.02129350186740625,0.00022944136498175108,-0.0020487524026720915,-0.011181626322612978,,,,,,
4,16,183,78,-0.009999478814298251,0.0042701465381504876,-0.00966426358699343,-0.007312941730347866,,,,,,
4,32,183,166,-0.023369087709448143,-0.004810495352366184,0.0006245474350771405,0.02114933628725887,,,,,,
4,64,183,326,-0.01790767081451651,0.003959883664506889,-0.0029038910770047416,0.013203344170423426,,,,,,
4,128,183,678,-0.016011814377663983,-0.006217078974499421,3.5261561355898065e-05,0.008980196488151841,,,,,,
4,8,184,36,-0.0022830585865419133,0.009026042413537374,0.060302099488172445,-0.03302722060451052,,,,,,
4,16,184,84,0.0032236260597868255,-0.0020035272158033133,0.032479593989088285,-0.026192231472778153,,,,,,
4,32,184,166,-0.02026895334290148,-0.004239451229126586,0.015472892105786534,-0.007507747436739819,,,,,,
4,64,184,294,-0.0012988460997626692,0.0008053634799667724,0.014533292636685678,-0.007763588770407948,,,,,,
4,128,184,566,-0.006795303695795839,0.0020690980545295485,0.012345715805576609,-0.005153924915591253,,,,,,
4,8,185,26,-0.003736513044966263,-0.008378312283771009,-0.025603046143429647,0.024979994639829563,,,,,,
4,16,185,56,0.004281365356156261,0.001983078157700236,-0.017372324975979757,0.02729461713456725,,,,,,
4,32,185,174,3.426410237297641e-05,0.01051872278708988,-0.005272768635262985,0.011550223194331253,,,,,,
4,64,185,300,0.0004986140722927604,0.0021506295813824875,0.005626513859636024,0.00557619085092451,,,,,,
4,128,185,654,-0.019398129630828206,-0.005961005919925426,0.00781931557456554,0.015730839687429072,,,,,,
4,8,186,34,0.014773110635752007,0.0020082175107903055,0.013289954681463441,0.0018622847500068256,,,,,,
4,16,186,72,0.04525942242221152,-0.0072214654862476566,0.0017092070457858186,0.03927631027965395,,,,,,
4,32,186,152,0.004867607541797483,-0.008116580974144347,0.00017905972843920226,0.029390500662238722,,,,,,
4,64,186,296,-0.009745632938870161,-0.0036781028672726065,-0.001742069371088427,0.015564545608951975,,,,,,
4,128,186,596,-0.012038126269863905,-0.005079437536182081,-0.0016825062990269476,0.005792433112889314,,,,,,
4,8,187,36,0.07712471586028023,0.007498742366235194,0.013763846234413549,-0.033486939814125816,,,,,,
4,16,187,66,0.054336244261707765,0.0014800953884364545,0.007101398989951877,-0.02078335917656541,,,,,,
4,32,187,152,0.027029330432950083,-4.6025424942274356e-05,-0.00663862884487201,0.0013755302158861577,,,,,,
4,64,187,276,0.013253257999031987,-0.001898557415635547,0.0023875827738472893,-0.003866224693895257,,,,,,
4,128,187,632,0.014906385214229335,0.001054673329255749,0.005900557217083568,-0.008941912767014105,,,,,,
4,8,188,40,0.04079613845902206,-0.008006247422530434,-0.014448759061612262,0.01928484572462818,,,,,,
4,16,188,66,0.0216568606359862,-0.007785519584021621,0.005809217114647129,0.007565475854711613,,,,,,
4,32,188,126,-0.009515244703703782,-0.002176518804968636,-0.016091261821082347,0.009204934383887349,,,,,,
4,64,188,290,-0.0055583056613303684,-0.0005957912337495618,-0.00874661503646871,0.00592917756895136,,,,,,
4,128,188,530,-0.018103490219756463,0.0007382437011025593,-0.004068870445316883,9.634425454032924e-05,,,,,,
4,8,189,28,-0.01988652453443643,0.009864999448021557,0.03670853469393969,-0.04134295870379066,,,,,,
4,16,189,58,0.017727330499077362,0.016818393399407737,0.016543664441545612,-0.04161441079843989,,,,,,
4,32,189,126,0.009624735090191914,0.00475443872181179,0.013297779245527342,-0.022870285885615883,,,,,,
4,64,189,264,0.011367706396061756,-4.468022884369146e-05,0.008568458230938776,-0.014200196271755793,,,,,,
4,128,189,548,-0.0019522577425721114,-0.0015238569320702412,-0.00010082133964874152,-0.011958896673096842,,,,,,
4,8,190,30,0.05830438502237307,0.02669002115490269,-0.01011238278567304,-0.02935030308029964,,,,,,
4,16,190,72,0.04517865333810035,0.008870675483011894,-0.0022977875660295686,-0.00734631328631402,,,,,,
4,32,190,208,0.021194124023716808,-0.0018210193401318575,-0.007653791195526282,0.0031381444594207157,,,,,,
4,64,190,326,0.006848945614559727,-0.0033589868936990206,-0.0019416229065352163,0.0003029781118915405,,,,,,
4,128,190,588,0.002034704682188893,0.00024371271755084967,-0.001059254012711459,-0.00022932169660454152,,,,,,
4,8,191,28,-0.039039996846245976,-0.005568731661233941,-0.03449163634475132,-0.005614282008048305,,,,,,
4,16,191,72,0.013636529875886006,-0.006256808722797675,-0.01428930139293187,0.00554340278275019,,,,,,
4,32,191,162,-0.011986831608628965,-0.005636959670809485,-0.0012192613137904178,-0.0011005708305194231,,,,,,
4,64,191,290,-0.013586690836626981,0.002104514083873745,-0.0004658762856970967,0.003615717960085799,,,,,,
4,128,191,664,0.00011061825370710432,0.004149305184335405,-0.001623062530558098,0.0057347407120666325,,,,,,
4,8,192,30,0.17073622599254948,-0.01326054447578729,0.06228201534585304,-0.04403378696613221,,,,,,
4,16,192,66,0.07158415626216445,-0.0061166990274989196,0.028020666806557792,-0.01394514426492351,,,,,,
4,32,192,142,0.03855992757123036,-0.0013678867645377677,0.024743351825640914,0.003878210506926574,,,,,,
4,64,192,250,0.028424936099077768,-0.0023330882846203447,0.014110287588753871,-0.0007321260747741834,,,,,,
4,128,192,552,-0.000792301688577387,-0.0046538419650008975,0.010995166490287733,-0.006532772782808325,,,,,,
4,8,193,40,-0.05090572415400836,-0.035412807697491194,-0.057731208242924804,0.07325032160523302,,,,,,
4,16,193,88,-0.0399293712326472,-0.0257892894912985,-0.04578747304659027,0.05517765236250001,,,,,,
4,32,193,180,-0.02672811511324454,-0.014180313710510194,-0.017112969166664906,0.019279188312706384,,,,,,
4,64,193,406,-0.02226932844376132,-0.010775044974893904,-0.011885289668674713,0.013043387428264533,,,,,,
4,128,193,726,-0.0017049267455186575,-0.010080589025584192,-0.004212215794789767,0.006217655763811087,,,,,,
4,8,194,108,-0.04266749562559667,-0.013213163516120835,0.0008945492029212247,-0.008376818095024203,,,,,,
4,16,194,140,-0.04373969186849719,-0.008243591661911557,-0.002904556199720748,-0.007367286255456373,,,,,,
4,32,194,200,-0.0046544097483234076,-0.0031445940068694357,-0.0025726523122734154,-0.005024973902782,,,,,,
4,64,194,340,-0.017556549941163898,-0.006980189206677122,-0.010105232678610554,-0.0008971114280340638,,,,,,
4,128,194,630,-0.005862569710623038,-0.0012072686629971898,-0.005240979482142608,-0.0016376545075785583,,,,,,
4,8,195,24,-0.014830079279562947,-0.003672484515412829,0.015256067185240424,0.005298699129870404,,,,,,
4,16,195,52,-0.00735562240605723,0.003577380987547744,0.008569821312545935,-0.01096990090497575,,,,,,
4,32,195,112,0.0007152710027001402,0.0010009564282309985,-0.0012987864888426735,0.0008369480029667306,,,,,,
4,64,195,250,-0.012007890277188966,0.0003332821975726228,-0.0032688600054810602,-0.005456558027796342,,,,,,
4,128,195,530,-0.007836062194032382,-0.002135786929541011,-0.001922320598516242,-0.003097047917852346,,,,,,
4,8,196,30,0.07271827365685803,-0.0018572448020809022,-0.007280942833669166,-0.015015708882976183,,,,,,
4,16,196,72,0.057574736956568916,0.005779104249341893,-0.004987566246047519,-0.011600267360204758,,,,,,
4,32,196,148,0.013375384281435646,-0.0034001760299458518,-0.007791658882530226,0.001060737237873159,,,,,,
4,64,196,272,0.006157313230467809,0.0005225091891994206,0.001097913034541009,0.0025632742236221108,,,,,,
4,128,196,578,0.006702973971617439,-0.0005631597566051622,-0.010796327677144626,0.004146635763289578,,,,,,
4,8,197,54,-0.05532723809549604,0.0031851545331890345,0.008602681978143404,0.0013776221916210188,,,,,,
4,16,197,102,0.058841796392745845,-0.0007966085089779864,0.011731937686399168,0.004139851673277282,,,,,,
4,32,197,158,0.0276487457851851,0.0006263505561110471,0.0038028588030976237,0.0036060743262145123,,,,,,
4,64,197,302,0.01556251207968582,0.0016827496173118612,-0.0047512918431518655,-0.0025763645961748975,,,,,,
4,128,197,580,0.009747229001971267,-0.00014578735282923342,-0.0020388584270397726,-0.003749862292852963,,,,,,
4,8,198,28,0.0022796320162518924,-0.01031574042767371,-0.007057070067198282,0.006238885217007159,,,,,,
4,16,198,70,-0.009059319227607901,-0.01349738238424705,0.002279602360320138,-0.013005775533218704,,,,,,
4,32,198,204,-0.0007617125479559679,-0.008977793401644072,0.00030754895834897525,-0.008719760434763137,,,,,,
4,64,198,360,-0.00405764267389818,-0.011438109333307871,-0.004094563932233139,-0.0012402187884415492,,,,,,
4,128,198,690,-0.011423353297236453,-0.007096746744260812,-0.0016963562369077105,-0.0009097550632648832,,,,,,
4,8,199,42,0.0035709885848494213,0.011189482642015736,-0.0005058912787734582,-0.0011994608206810505,,,,,,
4,16,199,72,0.008926833869319776,0.004709585542024851,0.015291390503233889,-0.013362118430850486,,,,,,
4,32,199,132,-0.013164668303317528,0.0074440185079801355,0.0041544017724587925,-0.007856595007492868,,,,,,
4,64,199,262,-0.005605982185483429,0.0057691689460085795,0.007587059135472502,-0.01348056454577431,,,,,,
4,128,199,524,-0.0052367945869984285,0.0036561404281898655,0.006060104748042065,-0.006993071625378613,,,,,,
8,8,0,42,-0.0070511792999583805,0.007543899629071455,0.00435039499064767,-0.009257907105833445,0.00938348801708966,-0.01260497197929791,-0.006354517263052589,0.006273272741042021,,
8,16,0,88,-0.006068071219584807,0.009862912427776784,0.01838474309233785,0.0019550051479622203,0.006235092294864254,-0.0020022729814574173,-0.0012166673281788893,-0.006544400152677036,,
8,32,0,158,0.004407848907231885,0.006289657569026428,0.010226410285335118,0.0028419059519305193,-0.002663862368475753,0.0027571332251955303,0.0014635747180729566,-0.0050149272275452905,,
8,64,0,356,-0.0027822188903836214,0.009864566336585081,0.005940221669380624,-0.0010163801251181564,0.001912339068362504,0.0027060283165855604,0.003420223565717954,-0.0065997097332687535,,
8,128,0,742,-0.005141197019512257,0.0014449272701866358,-0.0009372973154561546,0.00631473676558343,0.012289800821859565,0.005179707094530886,-0.011645374410522697,0.006649987235935813,,
8,8,1,42,0.017776106465521097,0.009331137971736118,-0.05509464143369848,-0.0004217942435270197,0.024443282733228943,-0.020135694603721173,0.025889543902200895,-0.06480161920256984,,
8,16,1,96,0.021322382445196703,0.009991976679951605,-0.023185856166374866,0.0015168267289364427,0.012490314448754546,-0.006427659691645065,0.015486036994380878,-0.03448537011872649,,
8,32,1,154,0.016370089675397197,0.005858750647154272,-0.01728595928207739,0.008042442074535108,0.012601056745141039,0.005596617462768853,0.007418215178549146,-0.015177218849490318,,
8,64,1,328,-0.011959803249883147,0.0045538206962675255,-0.010029289543332907,0.0022717019078590003,0.012107914205644991,-0.00023793007132750913,-0.0007548000041324695,-0.00826308129206989,,
8,128,1,678,-0.0019262417665687767,-0.0002862763186586193,-0.006277726962741285,-0.0009481738560254945,0.008962877850608635,0.003740525379896403,-0.0050665043986270804,0.0012708063777310643,,
8,8,2,56,-0.11941173339516883,0.04762312484419047,0.02678284990135198,-0.019673756993853583,-0.10194160706597484,-0.03629068989822531,0.17353126033316663,-0.012489757917893845,,
8,16,2,86,-0.08981378395489109,0.02041330968168633,-0.0014944462309437164,-0.01541114269797532,-0.06224488959139832,-0.022284434430304485,0.0941786676732119,-0.014104913925771971,,
8,32,2,150,-0.05336071284226763,0.009424285434541031,-5.260576611264326e-05,-0.0044502171022225475,-0.023457594898899356,-0.010506475795450727,0.041092354597494274,-0.004550267503816144,,
8,64,2,302,-0.05357222359654641,0.0038766986801637556,0.003986512660847678,-0.008686512729129736,-0.007242085116251539,-0.0012036181199739859,0.019375176871145483,-0.012847222013176186,,
8,128,2,632,-0.026478679708830305,0.0023911633893043717,-0.0006501986167657572,0.00266699768684383,-0.0003745344597262387,-0.003391763692210797,0.006107715609689499,-0.006577671382532655,,
8,8,3,34,0.033994108517914276,-0.00884377310577592,0.01951194268896237,0.014480837806121319,-0.0059056537149705796,0.010890149239790155,0.004692910180005609,0.007735304245770208,,
8,16,3,68,0.07771151113404284,0.015746136402296457,0.04636834352441261,-0.018937382358495077,-0.03637618558983999,0.0016794433100101353,0.05692643135993578,-0.01507136747436502,,
8,32,3,128,0.047930775305990936,0.010331991545932529,0.015863286410078777,-0.004276112322512499,-0.0005743315178218331,0.009200299018629841,0.014438898431239843,-0.001170597122474036,,
8,64,3,270,0.037832017590169395,0.009926715020602257,0.011557699811982637,-0.00942138515062035,-0.007728342957794513,0.0038230329609017497,0.013742448241053175,-0.003905463261093436,,
8,128,3,588,0.018549758852598325,0.005273931277069168,0.0001343402344414167,0.005412388198946387,-0.01183792780300031,0.0029868671632967228,0.01074481200566875,0.00021053678454264322,,
8,8,4,32,-0.012813908983909435,-0.0006181940899220262,-0.01784406130708402,-0.0004483200271446613,-0.01000191902112045,-0.01188189254849975,0.00817973320451318,0.009577641576884262,,
8,16,4,64,0.003808705723668945,-0.006118619183551906,-0.01788941098843731,-0.005970612434468397,-0.0024409576219034286,-0.003367090196913289,0.014405674210334838,-0.007838064785117043,,
8,32,4,158,0.007254189734854451,-0.0012687591149177504,0.000669966108910972,-0.011953395983416635,-0.010128296726916236,-0.0005758068044860262,0.014130324351626025,-0.010003357249532824,,
8,64,4,318,0.019468151031613916,0.005409339107069278,0.006204523057772535,-0.0007694390337016502,-0.0068509378962162875,-0.006351576884533742,0.004223264038333717,0.00698137008382164,,
8,128,4,704,0.019917094720976043,0.0009725220550814851,0.011527106412753806,-0.0005779364191452371,-0.001281308495540452,-0.0010807065529258903,-0.002573096183956698,0.0029241881554717326,,
8,8,5,54,0.07489167833114119,-0.014501166937684872,-0.006517539035241843,-0.009255202498020976,-0.005256861020766039,0.016234266293615775,-0.0046088264460638125,0.0027054792710826986,,
8,16,5,84,0.039420125661242124,-0.007005835383457924,-0.0001731275578309395,-0.008337600074650398,-0.008555987862894916,0.0036454755562941457,0.002608183785396967,-0.002910997536778181,,
8,32,5,188,0.016711779974626882,-0.0023496067665940627,0.0048375209581255334,-0.005886196908450365,-0.0019485351213623782,0.0009815809035351275,0.0036535454747715556,-0.0013611592611107537,,
8,64,5,328,0.006798644020731546,-0.0008451793970949246,0.004361908448309122,-0.006441717362143814,-0.008221307181808165,-0.0030189930327989846,0.010233479090987648,-0.011725240765404548,,
8,128,5,652,0.013353117667626844,-0.0020562233421033754,0.0019599483304069422,-0.013816047985589155,-0.006777517172387503,-0.006756329190212498,0.008822454522071458,-0.00371571852523737,,
8,8,6,98,-0.020562597685175127,0.004457129301707973,-0.015085469955702714,-0.003273928375258486,0.00569312113914104,-0.014960531397048622,0.00011339154964131023,-0.008669015985748025,,
8,16,6,132,0.009163354446632571,0.01124483886189922,-0.006496079590419176,0.005855174647312805,-0.0038606836762381364,-0.021336386626078254,0.007177409328175112,-0.0030612575206787206,,
8,32,6,248,0.022349293509311207,0.0029580119499070675,-0.005953626552056602,0.010510535186304947,0.0070517389325234735,-0.0010966437344205186,-0.004605731780659626,0.004204147785411026,,
8,64,6,408,0.0046160820048967936,0.003036903648054725,-0.0022472601758671217,0.012547364220305684,0.004420865316951801,0.009656251260240636,0.002824093213357158,-0.009328501152294786,,
8,128,6,704,-0.001020457511466678,-0.0002597861815231788,0.0027571668864826674,0.00681587521922428,-0.004745718330172163,-0.0011464931388813953,0.0051108628921247914,-0.007162347354888024,,
8,8,7,38,-0.09729051638881274,-0.01896361129043641,-0.01617266358247324,-0.036413434077157705,-0.018703098224685907,-0.001722098898372021,0.03222372638879899,-0.04656614030169602,,
8,16,7,78,-0.051778596258650146,-0.001689618778733467,-0.017668912362840877,-0.011116632302658795,-0.008322315768212808,-0.0018704945362160107,0.021957074295277566,-0.029016874317724168,,
8,32,7,148,-0.024895677404816685,-0.002924665208509566,-0.013763172106721984,-0.004307713502288151,0.0020940209844612545,0.015528360652513572,0.008500816290129148,-0.013078069727906629,,
8,64,7,272,-0.014845220911662066,-5.619004450195027e-05,-0.005882546850238541,-0.003239853732839185,-0.005434070092990198,-0.0006811435304842589,0.013925008940977568,-0.008200605868689722,,
8,128,7,538,-0.00037936584584228217,0.00013736733600406615,0.0047862295139201,-0.008399432225802849,-0.002433842939574031,0.0012557664695793686,0.008465936228272597,-0.004974928387103185,,
8,8,8,30,0.005018107323849132,-0.00031005476618883865,0.009861388804400831,-0.01147713252211377,0.0009182337619834582,0.003751646226579795,-0.021612922091109703,0.017570705276437875,,
8,16,8,72,0.0034664409470451197,-0.001512196283246676,-0.005531671843467832,0.004674615782176892,-0.0007216140521651762,0.007830052026309094,0.0012406288317230879,0.002992853096512715,,
8,32,8,138,-0.0014273526215124227,-0.0010165680657327118,-0.003339155898494744,0.005809769270019525,-0.004420620729839765,-0.005379384127470524,0.007015464784954106,-0.0005147114263824229,,
8,64,8,254,0.010762819875212661,4.79732048775897e-05,-0.0018769520308780595,0.006387830559146092,-0.007644505232905943,-0.006774939169995918,0.004291554318173449,-0.0005472054928891933,,
8,128,8,554,-0.003594172548785413,-0.0010501778346183133,-0.005480547725622515,0.0074419557796480944,5.700281158592252e-05,-0.005858826867475277,-0.00042840534724953466,0.0019783860191396946,,
8,8,9,30,0.05685723943480936,-0.01665296529592846,-0.004338865784243737,0.017865837106260767,-0.03173301320779095,-0.03566301942276751,0.06261334477668233,-0.05963440115997998,,
8,16,9,64,0.0605626482923753,-0.003417421291783726,-0.041049307778087324,0.02422906648675837,-0.009400415119486348,-0.056506159447644665,0.022755923672312377,-0.008842763617086895,,
8,32,9,144,0.01167242212331688,-0.00472131159960518,-0.01966724261645858,0.002092846197915047,-0.007334382592794919,-0.03540668054031495,0.01569078762990133,-0.004659849394299002,,
8,64,9,312,-0.015139481506928414,0.0035187466156553432,-0.01593061351010512,0.0017070890946118444,-0.002076979506844334,-0.018775629249473003,0.012610856856904436,-0.006933948749371735,,
8,128,9,672,-0.01420480097238606,-0.00035909079748957905,-0.010929811079792207,0.007687896035032392,0.00442128788800779,-0.006383125889120165,-0.0011922018686409965,0.002929888937611016,,
8,8,10,28,-0.09546779102021656,0.005636841354418396,0.0016605639383390118,0.08045877221391126,0.10714754152707152,-0.012940197530506434,-0.0984519995836049,0.06640728710556879,,
8,16,10,54,-0.043543199573977266,0.007257216951876787,0.009546557536585298,0.04577788842309686,0.04299490047826351,-0.012687583734851538,-0.04339382052729903,0.026488170240273726,,
8,32,10,122,-0.008963290876272702,0.006749990858463117,0.013876156828642103,0.01424391319338033,0.03374738978739286,-0.014266366260098069,-0.03575331431056574,0.022757473251793236,,
8,64,10,266,-0.001700997289240069,0.00226460015788151,0.007432491834904523,0.001788891412955417,0.008004614867105107,-0.010327487547107406,-0.012253305483516863,0.00921544198248153,,
8,128,10,516,0.014814728153984625,0.0006626799969371711,0.007221518889501858,-0.004730916422805938,0.0042364718202199825,-0.0040215800504735865,-0.010155494339249007,0.008923658637944547,,
8,8,11,48,-0.005338314400262936,-0.003575911999516927,-0.006225318198491131,0.0072644112587296,0.005949678539536507,-0.008217697601466963,0.00207808814685524,0.00306221093844886,,
8,16,11,102,-0.020951758703203264,-0.0051086458816742,-0.009683404818948076,0.009510021859737844,-0.0019628691856223095,-0.006800027005223428,0.005845884411537846,-0.003208867601477278,,
8,32,11,160,-0.01195250474185803,0.006369230012806444,0.012984953419177466,0.004699894600266455,-0.019009069521087177,0.002223955135246378,0.0020595419490155725,0.006623020593070948,,
8,64,11,308,-0.014973002462377354,0.0037138629953736343,-0.005645807739789575,0.014841270397136832,-0.009988556484220215,-0.010846039139816794,0.008269801262229886,0.0017069400122508354,,
8,128,11,552,-0.008722565201735182,0.0030300019380259265,-0.004104186594444375,0.011229159910779876,-0.004185311862127503,-0.0026473675198275333,0.007079096126469434,-0.00309506040958715,,
8,8,12,46,-0.03451374211060493,-0.007664611184217456,-0.0001833014793224015,-0.004437468585909561,0.007299016727607734,0.006887031464732759,-0.00643116465342089,0.02876659373558382,,
8,16,12,138,-0.06059487730878829,0.008328389390138023,0.05591289122877356,-0.0037035988796980403,-0.00879837481702231,0.0491287862798531,-0.004442971688076778,0.015280143016115558,,
8,32,12,226,-0.009984401917746064,-0.003059161002283239,0.019559332230750796,0.007336404327932324,0.008384338629339537,0.03436811088724016,-0.018567550764951226,0.024132177712007645,,
8,64,12,360,-0.00524069418991211,-0.0027881303222031463,0.00863922520659751,0.003290478998308227,0.00931210708238611,0.018453129236823403,-0.013050397570771763,0.012395513957417777,,
8,128,12,690,0.008651026724190762,0.0035575214146095656,0.0014742240047935047,-0.00138933050874756,0.014724930904583952,0.008006397848809573,-0.002968560816404294,0.0013115111486953642,,
8,8,13,36,0.00017447509442768822,-0.0158056174812038,-0.003169737879403502,0.005269526451972196,0.00517879332142082,-0.020604719891335832,0.012326046041379535,-0.010718604126896503,,
8,16,13,64,-0.07686665481974128,-0.004992700112200501,-0.015441690140269953,0.01896635909171265,0.05964885482012674,0.011857202635613736,-0.046137907069219816,0.009234257655511804,,
8,32,13,120,0.008233943510626587,0.000761116467053766,-0.002774890025259734,-0.0053374836342750635,0.012709419641380228,0.015240369184939049,-0.01102576691485114,-0.030480759172370312,,
8,64,13,286,0.0018458513848516975,0.0030693972279087797,-0.002901528066408387,-0.004165826688597338,0.00795361951612894,0.008959025076575613,-0.008885880071652544,-0.016139369788487297,,
8,128,13,622,0.001848939933536599,1.6385430123989756e-05,-0.0035343435001705882,-0.0035454237991190277,0.003058763201192785,0.005026833725503326,-0.0027086780683323363,-0.01361778994970028,,
8,8,14,34,-0.020943933735816038,-0.008896853970296194,0.008601727870504653,-0.004202256304255132,-0.011587430019912377,0.012596240307690555,4.910132602148993e-05,0.014264285569959657,,
8,16,14,78,-0.010048189142459394,-0.0004444280251454072,0.00036444685103278725,-0.005907295875551119,-0.010107574278459472,-0.0016166160628149856,0.005062507339810757,0.0150171072118082,,
8,32,14,148,0.03454807392470484,0.010262137019484719,-0.03250304261302444,-0.005407021884837953,-0.02358366893049084,-0.04442869326580065,0.012489873883453895,0.008779637278334805,,
8,64,14,288,0.012777764739955335,0.005523175576752569,-0.012141166365343565,0.0016176852026909313,-0.011366489872499535,-0.016230924335513482,0.007317968322360915,0.0006510046767847386,,
8,128,14,610,0.005983779142982224,0.003735284644820495,-0.0013541883684917927,-0.0008786292071807811,-0.009764560300521294,-0.010462072573356481,0.00754142539445157,-0.005799749453954417,,
8,8,15,38,-0.03229933678953238,-0.005371069923764899,0.01413352945705095,0.005768627157984901,-0.02375333744705237,-0.011189850617869033,0.027205388619989588,-0.0025945536365391797,,
8,16,15,112,0.022761858859031106,-0.02424717739613758,0.014117041365266826,0.042090234745872854,-0.0007850308824515571,0.002001808644456883,-0.019633459536191996,-0.007790217956070216,,
8,32,15,172,0.010155083429552255,-0.010260393909366271,0.004281587357468888,0.024295061478953824,-0.002363903877376315,0.0015456907704220568,-0.008468874588417842,-0.006230868169829323,,
8,64,15,304,0.020286102503162748,-0.0031260050987304117,-0.0009284216517139154,0.010906788652665953,0.0002561765209782245,0.0012286399344394415,-0.007389333114234636,0.0013712710068868772,,
8,128,15,614,0.00667515256755992,-0.0014299117855339737,0.0008725609783304018,0.006487978852901527,0.0004422325036045547,0.00763402208426936,0.00015323294116078743,-0.0028651377085039736,,
8,8,16,38,-0.021970015364942436,-0.004778733364728792,-0.01294049492225515,-0.007380633970274299,0.013736612719976905,0.011823748377403435,-0.01114765583074242,0.009157314732772868,,
8,16,16,70,-0.02128072462808698,-0.01698535598792214,-0.02416616374528618,0.011746816252254004,0.02161320802943163,0.004905514199021348,-0.02447541006527724,0.003703717973786322,,
8,32,16,140,-0.012296274716575082,-0.0034735075018795924,-0.006175535323910403,0.014366039016254814,0.011946979868025797,0.0066798251004854745,-0.006180476727997347,-0.0023314643540051157,,
8,64,16,352,-0.004448567198984076,-0.0013358020133067037,-0.004475138856996857,0.009151864880663002,0.00381867883740954,0.004921322902664731,-0.00581382949885366,0.00145824302165525,,
8,128,16,792,-0.011220905254436184,0.0010595434010392173,-0.003647108715227384,0.0033153680032770834,0.004266648461298884,0.0072527688817580725,-0.0014001417660972672,-0.0014078320087274423,,
8,8,17,48,0.010829378602542569,-0.000386901915853651,0.005216042450191677,-0.00235498875412674,0.006894397803368412,0.01605324659177309,-0.012163088435528211,0.002541862495893875,,
8,16,17,80,0.005659676851290397,0.0005969337831691734,0.006748818472215114,0.011890498298682908,0.010358743458501806,0.014790342313220387,-0.005958103000578169,-0.011600852363648979,,
8,32,17,148,-0.005815428973747138,-0.00200665933253991,0.003989089560870987,0.012015670305554638,0.005378224809605703,0.01394130015866369,-0.002177767967600677,-0.016504865301812433,,
8,64,17,262,-0.006259395836555081,-0.0011082879827627847,-6.111927785712736e-05,0.01488966250628998,0.011791671605423867,0.01323972463601925,-0.014878285334179647,0.003430967275294881,,
8,128,17,562,-0.010435527394825402,-0.0007180423517881889,0.006356536390490707,0.0037028294811437576,0.004757328088244291,0.007311894659461438,-0.006791287599119115,0.008689118970863663,,
8,8,18,94,-0.004460750058528041,0.01420309539078366,0.0023728856088113715,0.0006134921248635036,0.0111054880489466,-0.001994036214796261,-0.014594456743063911,0.012427348995367958,,
8,16,18,132,-0.007233117899438461,0.006488796522417937,-0.022708794363539783,0.019655222922777292,0.00681000278619147,-0.017548609122485133,-0.007930557884746165,0.015352434635422485,,
8,32,18,192,-0.011081721325557547,0.008759920147102319,-0.02819423251137166,0.008422373147310869,0.03967638143194804,-0.0007502707630599326,-0.008887652910364249,-0.007555462198956289,,
8,64,18,338,-0.01388592597003444,0.003287697851894708,-0.014104061224511041,0.005244154758969712,0.02559252422829497,-0.0008418711189389827,-0.011792582726258797,0.0020468244763245562,,
8,128,18,642,0.017096142511130567,-0.00014137438106553806,-0.007046964056060716,-0.0005739016358157344,0.011347763661310814,0.005061060147669384,-0.002408552431668099,0.0008198700107224246,,
8,8,19,40,-0.007615531501932573,0.003653847882608264,-0.0029282003249029463,-0.005814564753887835,-0.006147614944944318,-0.015969137555477825,0.007039092404012591,-0.010334871316693552,,
8,16,19,82,-0.01962283026390672,0.0057810311563086265,-0.01491125383694327,0.0058644263826514486,0.006230630901478922,0.0006000000376419115,0.004491392223097032,-0.00990450295805813,,
8,32,19,156,-0.012862943400884383,0.005860590567866825,-0.0035834597174312323,0.0038606169237879774,0.01903330670644704,0.009994559986783233,-0.007025729242959163,-0.0016461313511644472,,
8,64,19,416,-0.004196249514583514,0.0031886957817295037,-0.0011372260999810524,-0.0007511474406078163,0.011325421021426764,0.00232629790772701,0.001670647668297256,0.001412678597527042,,
8,128,19,638,0.005331326977663039,-0.00028638470022322976,0.004754570502038983,0.0018869591846064752,0.008765660638319047,0.005825361120563583,-0.0011630679056157131,0.0035601492015841455,,
8,8,20,40,-0.006201627344353524,-0.013422897816826034,-0.014552408822869657,-0.010053186251452647,0.0023664543183443704,0.012200261074068795,0.014321319114240588,0.0021148708073852225,,
8,16,20,66,-0.008510653247290905,-0.005543549658421884,0.0030086970899028606,-0.010770655996129279,-0.0016964230060589332,0.018530090556256023,0.015333374571541459,-0.0023199962021996324,,
8,32,20,130,-0.013973361191002339,0.0009990848099016073,0.01368732755667798,-0.005642402620543842,-0.011426480186350839,0.008989847327513492,0.011135257570194405,-0.002490990212234278,,
8,64,20,302,0.004854015045992187,0.0013285106206598455,-0.0037339695632514188,0.0023856117694472335,0.012234508661138548,0.004229742461304639,-0.010061080755563667,0.007194237211001497,,
8,128,20,602,0.008862679595890237,0.0014970537637550747,-0.0077610224076649975,0.0034387233062766246,0.008168539271306181,0.0008142258413912848,-0.0021463263919626894,0.004402567558138178,,
8,8,21,28,-0.005424286962932927,0.004505079437070671,0.009809746616541867,-0.016855352727588434,-0.01231150147894218,-0.012454827302367919,0.005857022898439348,0.007945283323514657,,
8,16,21,58,-0.004814916126410485,0.0015075059114617656,-0.0006373046733808504,-0.0044408571093310575,0.006205616282916873,-0.0040571097284966915,-0.005477509440587902,0.005690017138333301,,
8,32,21,128,-0.006535568699620824,0.002433310904786431,0.0030836742491538883,-0.01439765425001506,0.006429819588251482,0.003740581746356315,0.005019772953850683,-0.0008079875014417948,,
8,64,21,278,0.0031513031442051867,-0.004018478031170596,-0.002359056230425094,-0.004308290073027237,0.010927312143658606,0.004217602609669898,-0.0036179391872037713,0.005927002693149112,,
8,128,21,542,-0.007731465268101599,-0.0019147397030413282,0.005400754549116765,-0.0057404180545964235,0.007951514784274692,0.00962307595425429,-0.008636570449797076,0.003786419875384025,,
8,8,22,34,0.0067609782435922375,0.0021636815963461805,-0.01247112983807652,0.01168650357846748,-0.014002851860610418,-0.01617527544558561,0.000861083278299985,-0.005568988844293926,,
8,16,22,62,0.014107145327882912,0.00021139919568462066,-0.004438400126508018,0.008727985553382684,-0.003796699823659208,-0.004809547663840786,-0.006087132385847844,-0.009173227716354974,,
8,32,22,118,0.005644217698492707,-0.0022530932321494896,0.002775157647841005,0.00035506881784306047,-0.0033341684219791263,-0.0007940983018760842,-0.00010843573071733605,-0.011285586913598943,,
8,64,22,296,0.0050050147491895085,-0.005924932338261646,-0.014252247591343218,0.01464359205615953,-0.005374737708573743,-0.023606377450605138,0.003992277881709063,-0.004850324391198463,,
8,128,22,580,-0.006504858938536659,-0.001524522602931065,-0.005916440086138799,0.009738326690864831,-0.009315874939911182,-0.010860574626990764,0.006315291045659608,-0.009958862037198458,,
8,8,23,40,0.0784368614120535,0.01833966154184266,0.005734369759692822,0.006270325303956666,-0.019352368592938894,-0.018727356273605236,0.012067039922786814,-0.0027296341415961366,,
8,16,23,74,0.04255138089837201,0.013122768229392004,0.007722847261818126,-0.004523682344552866,-0.006466232618226402,0.004253045650764429,-0.00013518929622258164,0.003744717301059258,,
8,32,23,144,0.009607001184857357,0.0015169214450796308,0.006799577662721259,-0.00909037282295562,-0.0012289461155845275,0.004416066613563946,-0.0029758638366416054,0.0027948554410057633,,
8,64,23,288,0.013553856354839565,0.0031597679889146177,0.0051173510989283326,-0.0010350576223644094,0.008834409889801215,0.013622253110154898,-0.011183352682384361,0.005433556729650491,,
8,128,23,604,-0.0063343500485108385,0.00439643917698671,0.00016775960341923078,0.000985715371228366,0.005408830677177957,0.009086233943137007,-0.00045887883782890995,-0.0031387962090976434,,
8,8,24,30,0.012453703018100351,0.0023454329056406572,0.012261253967340294,-0.009873861223087813,-0.006028637323889973,-0.004341186594983821,7.132041515489889e-05,0.016943009591736394,,
8,16,24,74,0.014420530594831522,0.005358267048380944,0.008877968362405364,0.00691163170150856,-0.005805102453530103,-0.0033383555838870805,0.0001562226691590393,0.004894913853258849,,
8,32,24,154,0.0030022139109416772,0.0019085472208542037,-0.001641600053148516,0.0104795085294663,0.0033854939543486143,0.00348775311779049,-0.011078026635155381,0.008666811989870212,,
8,64,24,276,-0.013591829427376922,0.0006740645306996709,-0.0007150664885150373,0.004754751602559777,0.005269632127779956,-0.0021969654093246973,-0.004835937712564561,0.0007361246770304106,,
8,128,24,516,-0.00978205013463484,-0.000695832617214021,-0.0014813370169574104,0.002548598199158307,0.0077931122763932595,-0.0020650026759519184,-0.008374217485157192,0.005029298465845592,,
8,8,25,30,-0.029829211341452666,-0.004137976110051871,-0.007817540330315223,-0.005560205567960514,-0.0001167509878689521,0.008894947814810933,-3.302061768561959e-05,-0.003804532862182463,,
8,16,25,76,-0.018047315214463927,-0.014704915298315854,0.0002747243313706161,-0.007761316399636449,0.011076434059006771,0.01369939672738293,-0.00323259563814924,0.0028750370818468266,,
8,32,25,160,-0.005520585476245276,-0.01055433790024631,-0.004205707931434096,-4.635479026367874e-05,0.00988504926463957,0.008819912739377694,-0.0028459418457005402,0.002896520764838305,,
8,64,25,318,0.0048111815446313586,-0.0034155493073602756,0.007359067128389075,-0.011089114043570696,0.0010524815470448713,0.00842039290794792,0.0008359418845696581,0.0014105710563520478,,
8,128,25,620,0.005396786167663584,0.000731558804846358,0.007463731809416261,-0.01127333506207689,-0.00536684395798323,0.004786221266751005,0.004211543855488083,0.002082853073604428,,
8,8,26,94,-0.011471318360433375,-0.024215344646413634,0.07437212772197199,-0.03075445970981633,-0.06779032640646364,0.0024422299630692604,0.019136021590669884,0.021319237149118864,,
8,16,26,122,0.04220566956555262,-0.009439154745358232,0.03402812377401132,0.01707932846350196,-0.005355412816897123,0.014775502561056603,-0.032465012235085945,0.02386861408285899,,
8,32,26,188,0.02081258783284134,-0.006597401906298153,0.01246094502767224,0.012470468423729859,0.0016992489471736364,0.0061237901217571986,-0.01851551862719465,0.01296104822107234,,
8,64,26,310,0.013515597252104742,-0.0028736760601487813,0.005599011714402286,0.009624126627679825,-0.0020746432728097654,-0.005290112550626662,-0.010682930644099425,0.010622400860366409,,
8,128,26,622,0.002539657937006627,-0.004387239616393929,0.006725984622435205,0.002966070551178144,-0.006323354540680763,-0.002215129748787791,0.003407473915599709,0.0005032571238173474,,
8,8,27,58,0.05337310129568141,-0.012298122628319835,-0.014611405000700663,-0.001802144844889277,0.04062207708706729,-0.008347372714941436,-0.08781754719863502,-0.018696833952097296,,
8,16,27,96,0.02330464252980961,-0.010124715774718964,0.0004466270850510311,-0.003675998885562931,0.024104312091108002,0.003025188482414296,-0.048383536451965685,-0.0013653547938947332,,
8,32,27,150,0.005789256755402657,-0.0030740119671729717,0.016035210001816343,-0.012718522924290163,0.012581706391219284,0.0005134661303133216,-0.02456736224169528,-0.007684032822277375,,
8,64,27,326,-0.004796632949617936,-0.002254249135828183,0.008626454322960296,-0.01031775177596882,0.0030409800540801184,-0.0011215531081672223,-0.0067574840220728195,-0.004399565789956266,,
8,128,27,622,-0.004958983955362846,-0.001264426252843064,0.0048130486872001565,-0.005849078881287523,0.003991175488178842,0.0017336227709022077,-0.007798139908636547,0.002154018872578662,,
8,8,28,24,-0.002499215610840536,-0.002787170638457848,-0.006575144207351174,-0.0021172562628094696,0.02274368198351017,0.002111119170954347,-0.020009615961380272,-0.002300266213796578,,
8,16,28,56,0.009713599149910226,0.0013270744961483053,0.0013247950059553856,0.008446116425275669,0.01160862787214295,0.002746285083268242,-0.017338369350568216,0.007498162582804439,,
8,32,28,162,0.023239300944743396,-0.0042697359178615075,0.010993930621638809,0.0016545402773383037,0.00045613772171268204,0.006033573880946734,0.0032921044595263377,-0.0012668272580493892,,
8,64,28,300,0.0057861237482546984,-0.008224695300999818,-0.00034562117083164565,0.013911317526060306,0.008405206577228203,0.012880585740718318,0.0020970953250407016,-0.013678341703843877,,
8,128,28,628,0.006168855935562125,-0.004885677091692243,-0.005148912473846932,0.006281256274424518,0.0055949432083785364,0.003975454423959676,-0.00010389605396215001,-0.00666464513986962,,
8,8,29,30,-0.12270507168165183,0.05829133539086719,-0.06881372721852744,0.009192542860875032,-0.010709020735361688,-0.12666345593304904,0.05467932329616265,-0.0343458934203504,,
8,16,29,74,-0.0643206851568537,0.025554976477984166,-0.025878893935485904,0.0014474270621917702,-0.0016797609463392708,-0.062387548641209864,0.02450211604999741,-0.009974409365618195,,
8,32,29,138,-0.039395091152568944,0.011129446259052735,-0.014971874785257005,-0.002716261402387625,-0.010040748153140593,-0.04354573409771191,0.02490901845877211,-0.01871135596545592,,
8,64,29,364,-0.01737568696678391,-0.004229008967885129,-0.008898410483878556,-0.010994691640848485,-0.004264431432783079,-0.023648992555661597,0.011729102092797932,-0.007820819129794364,,
8,128,29,696,0.0034982813403188775,-0.005050403103958771,-0.006572441588007029,-0.007761970488841197,-0.0029140330874407212,-0.01581337663800952,0.005401562318374335,-0.007117689549368915,,
8,8,30,92,0.005327970528945364,-0.006707042517781142,-0.0005694413267506374,-0.02141569238985996,0.0034975730629361627,-0.027815008000221172,0.004126447414873277,0.024320310991813164,,
8,16,30,124,-0.005729426527496748,-0.00629400526781307,0.010962283897041564,-0.015034915108742643,-0.004675928326191512,-0.025151460399529712,0.013653163316864765,0.01765186420471778,,
8,32,30,212,-0.0018824318432919356,-0.0009225687920686736,-0.0006268281172093478,0.0015234997615100581,-0.00587218923333531,-0.026054868538776827,0.007498182708319554,0.00595974804434728,,
8,64,30,400,0.008740461898971392,-0.004974981952329714,0.010067909129297217,-0.00297505759010559,0.002167742256679028,-0.004605716242811519,-0.00743212381827333,0.013499504492586557,,
8,128,30,664,-0.007101874962583379,-0.0031723662385923375,0.007731277416120114,-0.004542361756020489,0.00779284837000211,0.004917249838894057,-0.009730463393776636,0.00960578328095736,,
8,8,31,26,0.0009456168613855413,0.015440930133636267,0.03155582788975104,-0.011790864802045203,-0.019589025765196756,0.003203851719223264,0.005952909441253734,-0.016100221893091536,,
8,16,31,58,-0.0028187200727550306,0.007078116119541923,0.0036046386545989704,0.005966171933435587,-0.011612241406014169,-0.00907666871285288,0.00020053538557420663,-0.006958385480992125,,
8,32,31,122,0.008239161334642378,0.017987425586707583,-0.0036467861996061033,0.01489377017345701,0.0002853575438018548,-0.004385844627035507,-0.008559744975495498,-0.008026764162545408,,
8,64,31,272,-0.020005232692506286,0.00840800066928717,-0.00038747912477282416,0.006707302838066388,0.0027079237634228797,0.004399975052261452,-0.0030079970040029305,-0.006045861644138253,,
8,128,31,560,0.003721497144488188,0.00144857142907107,0.005706768671558691,-0.0020924873573000677,-0.0038087012810585647,0.002818428373483824,-0.00011933336691836256,-0.004360083102132408,,
8,8,32,44,-0.0029531212471944684,-0.007258740376043922,0.0030461366292260242,0.008524467190765099,0.008431472258165632,0.013471061836884285,-0.006850747098074575,0.00918620541146101,,
8,16,32,76,-0.017693038617219426,-0.012393705358473148,0.010105449863398775,0.0007058474262255204,0.004549305124641126,0.012932455043819527,-0.010785805867500593,0.005346003926950971,,
8,32,32,166,-0.010497890047701795,-0.010717304905586799,0.004687981635329999,-0.0073864697443553565,-0.0022645151078071,0.009044212037165475,0.00034747828832462353,0.003886556796444501,,
8,64,32,306,-0.013994486897145178,-0.0031765866387183177,-0.004854020946454211,-0.0031514577409946665,0.007688178603996332,0.011406304850432168,-0.00459920670419901,0.010612196721401486,,
8,128,32,568,-0.005272773632843825,-0.0020594985468283967,-0.0005850079727371876,-0.005233928183455741,0.0016895369820157796,0.0022360107206989394,-0.0012953034237087975,0.00943127432870224,,
8,8,33,26,0.028632568238868318,-0.008877760801215231,0.007278386948257912,-0.009316278840678077,-0.012104330045213536,0.015211463778564163,0.006820852138855018,-0.0063672926052979525,,
8,16,33,68,0.013184437523517705,-0.007617529810033538,0.010678312346649597,-0.009101792995730844,-0.008114145482720412,0.01277065734860764,-0.0012248242463077262,-0.0024357012158115953,,
8,32,33,176,0.010998232726585832,-0.000528136476920904,0.020975307239030107,-0.006136683143394361,-0.01971253977942871,0.0021985966433451126,0.007856914949576441,0.006622832596314544,,
8,64,33,410,0.012742928189652466,0.005668234547638614,0.009914242262253552,-0.0001735911230135019,-0.018111201402494805,-0.003278502151049466,0.0200591779672871,-0.004483509102911518,,
8,128,33,744,0.012649208402540867,-0.0010371422383439043,0.003253973359687252,0.0017091618490294384,-0.020911634922047832,-0.010304523413013411,0.016721724547749554,-0.004816051996873038,,
8,8,34,54,0.0018416899317635462,0.002928554775104197,-0.008723179956597646,0.0012177903704321705,0.0033019884632699433,-0.004540723990886233,0.0010934839385441089,0.0012864855101282567,,
8,16,34,100,0.03058871861777499,0.003044178363239981,0.00992001245239517,-0.0019429688793528297,-0.005288107994838694,-0.0007208547114476237,-0.005255886796075339,0.001852578764453518,,
8,32,34,170,0.04274967409277363,0.016419287724243774,0.0027984099433890066,-0.012028908192069114,-0.0078082901782174675,0.011132532451038887,0.002561527016750207,-0.012865321086805633,,
8,64,34,434,0.026027825459847262,0.010387295630571624,-0.005889091228026283,-0.009478714408388543,0.0018978566962041706,0.009043339641124852,-0.0014590272646400333,-0.005606904939060504,,
8,128,34,692,0.01005995842708095,0.006449821222061983,-0.006089281144151496,-0.005223158905453697,0.006611728910205077,0.006809085382420771,-0.0008141976431270953,-0.005180979725173177,,
8,8,35,26,-0.012498280014063466,-0.003214081984350153,0.019424785827105127,0.009715738598175476,-0.006128759405503809,0.006017051878553573,0.018858621502756252,-0.011284883026386805,,
8,16,35,54,-0.03625755055207429,-0.010022261576970653,0.0006226403515854743,-0.000508793779275337,0.017009004647871837,-0.007568465831122898,-0.00830073068156168,-0.005074877553921893,,
8,32,35,118,-0.008426902073855307,-0.0022823125896474345,0.007718012504595587,-0.0027422384514312757,0.006206166136777661,-0.003881936472424058,-0.003722791505520997,-0.004988768401268083,,
8,64,35,274,-0.012471895195849361,0.00039279950338457864,0.006511841871569847,-0.002023673732564246,0.0026800267244564847,0.0010153503966377684,-0.0021130286068844705,-0.0048927691183762775,,
8,128,35,636,-0.013022979866382789,0.0018239216438658422,-0.0046070352817004535,0.003327912045605669,0.002729620330310037,-0.0024943263277247838,-0.004413224504528917,0.002930431463412358,,
8,8,36,26,0.038687623852856484,0.0064575871860304895,-0.007345264996682229,-0.01786983575061643,0.0183509639221544,0.01952108383511646,0.0028764300295920572,0.0302353484233467,,
8,16,36,56,0.008536742182398785,-0.0036990307287298844,-0.0027151237295149214,0.0005513995401911099,0.01795701337086618,0.025771746418488374,-0.002259983170152727,0.01657377209151525,,
8,32,36,130,0.01398560325166534,0.0019867232434761556,-0.004849703435175393,-0.002164123175059431,0.0027252720191529183,0.010270722850704283,0.006232061439809615,0.010903651463911559,,
8,64,36,302,0.01392418678451847,0.009744509033782848,0.0014038145309066843,-0.020875775130931976,-0.002890676882651318,0.015635324449272955,0.0031757656743593445,0.004237817622149516,,
8,128,36,598,0.009262280798106487,0.006676941949740456,3.776593796144719e-05,-0.014534951888970188,0.005451222713033266,0.0146708287223504,-0.00824242597489075,0.013882902439548784,,
8,8,37,36,-0.05451399341003914,-0.01625292916404384,-0.08072670360913693,0.06348461180825489,0.1080238725567523,-0.04182311010354153,-0.10403301025947662,0.04484819049877868,,
8,16,37,70,-0.03422947316939905,-0.0112801396796686,-0.03945382692327197,0.033563049429903104,0.05346308646344303,-0.02164544871757571,-0.051947695451362796,0.020873589223959186,,
8,32,37,170,-0.010634662102508756,-0.005601533497048538,-0.013598681728252729,0.01092782784877459,0.020456123211905614,-0.011550389009713433,-0.018802542731144047,0.013407993116116885,,
8,64,37,298,-0.0016038560894697737,-0.004108192801450398,-0.004248695953207966,0.0007182752162617177,0.006284120726300444,-0.012988120029235214,-0.0012185417956750671,-0.004622281654593801,,
8,128,37,698,-0.007214761755968243,-0.004124895716190161,-0.006838903895425069,-0.00037301718212328044,0.007695228270077066,-0.0126690653465796,0.005177714966893497,-0.0010802042961961381,,
8,8,38,26,0.07927109873890131,0.008555490328682386,0.05547273005770314,-0.015471512431668845,-0.05763610185459765,-0.06568826435896453,0.08847222201014314,-0.03430190029868563,,
8,16,38,52,0.026292964829318123,-0.0041280388283667525,0.037694433093341626,-0.009281283388448103,-0.028568125291966895,-0.02967230513286641,0.04643866619271711,-0.021104598903924403,,
8,32,38,132,0.008658257496143526,-0.007955761471090632,0.0224025918907344,-0.024964773436574206,-0.015248132664519541,-0.015444882071327253,0.015127359983915074,0.0015836166146568297,,
8,64,38,288,0.011518788905929422,-0.007176577042122948,0.01638463945947742,-0.011137948819227528,-0.009294319084460401,-0.012937233447752702,0.01453250905401192,0.0022941475110492687,,
8,128,38,570,0.009850338931434303,-0.0008828032588615206,0.00476334644809334,-0.00041795501627028397,-0.012027889063182591,-0.00796521843982845,0.013776519281944018,0.003063159904665194,,
8,8,39,32,-0.002136519002796742,-0.006074807113770505,-0.004307515074805293,0.023463422545360317,0.006591574132064961,0.008881127479134278,-0.015843088948408707,-0.0017651031698021034,,
8,16,39,66,0.029176557727572387,-0.018225326767141694,-0.009162959357595351,0.042894505365801965,-0.007648731420388947,0.007967020127077291,0.00152257139874435,-0.00784434615930557,,
8,32,39,154,0.004635323911839848,-0.01164591023941155,-0.005718563603631535,0.02693382095358538,-0.00693526466734963,0.004798811458414462,0.003968022901490961,-0.004123663440577111,,
8,64,39,306,0.023524807594451105,-0.005041550245669715,-0.004209911191183854,0.00807925936629266,0.002400850570708316,0.005665227889062988,0.0028103827283743857,-0.008780301553053814,,
8,128,39,588,0.0037708355141068566,6.601373168059616e-05,-0.006540832502944052,0.007192951772933194,0.0029850487579555084,0.0017293127383395924,0.002730711636963247,-0.0064936022387091785,,
8,8,40,32,-0.022464286841142954,0.003297034200849024,0.010391855893967742,-0.010069511629053961,0.024759202793423047,0.00013047206070193422,-0.005403594864522124,0.0319827080760458,,
8,16,40,74,-0.008030734776798554,0.0007364209455878177,-0.00034995295322450763,-0.004048360822503763,0.010721632521658022,-0.00932835864161653,0.0012410454082383662,0.014496714181980761,,
8,32,40,134,-0.009692206837142893,-0.002489746989724749,-0.0025704573931001054,0.0017627055585568326,0.0026697640833112947,-0.005065402544976551,0.009006122257851672,-0.0011561609389326886,,
8,64,40,356,-0.012226926059929349,-0.003636966914919593,-0.005161152179460909,-0.003118182311945876,0.0006507680110615138,-0.006117065221097151,0.006363023524494775,-0.0045602148164665,,
8,128,40,658,0.006300323361899075,-0.0026009725930740985,-0.005107535958258848,-0.0050585896936186205,-0.0003553352834210404,-0.008681656404705435,0.010832870916237367,-0.0007928115745212984,,
8,8,41,34,0.008759574312434322,0.006349743512915384,-0.0018480805021997883,0.0020575435857535383,0.004802223712432131,-0.0016466433852931198,-4.568085514725551e-06,-0.006774578511690749,,
8,16,41,64,0.011193581433761505,0.002312762926392404,0.0020352343047085027,-0.002196330700977948,-0.0038908502979728083,-0.0013438831508873986,0.007084782974362397,-0.005637125868109871,,
8,32,41,160,-0.0008279381503494567,-0.0003538228280603226,0.00501886395265483,-0.0005540542944035547,-0.0026423234581872544,0.004740542688339325,-0.0006036331139989223,-0.0009030482394670296,,
8,64,41,278,-0.013587790656306,-0.006740284400300275,-0.00020015334690819353,-0.009721218561879045,0.0017149369342454605,0.007795661566257849,0.012012513773166186,-0.0010955727367826307,,
8,128,41,622,-0.010846919355676837,-0.0032515090068393274,0.0016594281071160713,-0.007178303874895235,0.0019290262170454488,0.0060496948176473565,0.00720406411232505,-0.003664692222507353,,
8,8,42,50,-0.004480161817645973,-0.004175340174877792,-0.002141923005719697,0.0038180709882398426,-0.007802676729458644,-0.010368479044376728,-0.0014217767337714735,0.0036069584008693715,,
8,16,42,138,0.009772999067689662,0.008609086042686646,-0.03417556516297527,0.02352212525732831,0.004646371715954383,-0.0005618707712867577,0.006665050209472977,-0.015055468096798252,,
8,32,42,196,0.014175981955859864,0.003735179503974232,-0.017994240012452284,0.00391563700179799,-0.009483407794283786,-0.01327302404326047,0.017152130934079413,-0.018507464659021644,,
8,64,42,378,0.014085915805219732,0.0028556670021293216,-0.00471036489527875,-0.006223989805137183,-0.01074422321755071,-0.005900176246802654,0.015213191666391124,-0.00907961965871213,,
8,128,42,664,-0.004468805319078831,0.0029674612990692275,-0.004570471419414339,-0.005857376983959212,-0.0069385468693133456,-0.0014292896352761431,0.013700486192332675,-0.013103297316632574,,
8,8,43,34,-0.058560276285313316,-0.0024015368637419227,0.008232180626037738,0.008845019458967724,-0.003410215323642161,0.002610058865238983,0.0056947055788261255,0.014063856951686507,,
8,16,43,72,0.003570918708888246,-0.010764232088256344,-0.04219789186465328,0.03197151396705381,0.025584626309478935,-0.05048413871294434,-0.00340290969967712,-0.00901542376449465,,
8,32,43,128,0.0019604372951410945,-0.018142115425145388,-0.03097726844577825,0.0192861243417111,0.0057601202439754905,-0.036082339031307246,0.004040672326310706,-0.010914869787657804,,
8,64,43,364,0.018856371300274406,-0.0016658981946365027,-0.0165241681178348,0.010582534785036193,0.0080270747186298,-0.012753029934902802,-0.005521417738265014,0.0073721851269332945,,
8,128,43,640,0.014566851886656936,-0.0024147406009502595,-0.007484833242515224,0.008524890635587857,0.006178288519562456,-0.008851597555657557,-0.009090556572172313,0.009410407002145014,,
8,8,44,42,-0.039323986012126146,-0.020812986989697947,0.01374722506000901,-0.001989282218777789,-0.01053015213684819,0.004167810440427109,0.016851698391531857,-0.0229102373874302,,
8,16,44,80,-0.017644824520040934,-0.01254875583337335,0.013914496388630494,-0.0053934359437878155,-0.014123782166171857,0.0023040246304475245,0.0045344947207680755,-0.021783178971114557,,
8,32,44,214,0.013313855070995063,-0.013320104234742709,0.005111499987694472,-0.009734709193658946,-0.015881161974192152,-0.005611475307794877,0.011582512012789727,9.825629422318637e-05,,
8,64,44,336,0.003229647861538367,-0.0052653593684136215,0.001607758115516481,-0.0045297824973308445,-0.007974442283935871,-0.0042049460251894644,0.007250277307674896,-0.0021049167543646394,,
8,128,44,590,0.007181528767580411,-0.001683009601357507,-0.00013202670185159213,0.0008633822489995472,-0.0025510228625869264,0.006777514463292955,0.003170369976278463,-0.0021492612246939383,,
8,8,45,40,0.003027080414264087,-0.0067466419914298074,0.027601285000101883,-0.020701653159247296,-0.03029873198525675,-0.0035091255043627773,0.021262639329124224,-0.012263148853914697,,
8,16,45,70,-0.00047345342885962683,0.0036778514695600703,0.03869535120325457,-0.013147986019350032,-0.013401846802456296,0.01801664269017409,0.006294771444250525,-0.008825311313499484,,
8,32,45,140,0.02531479990620306,0.00771636668573983,0.0372221594336056,-0.02291741977574259,-0.02781138922400554,-0.0002779100459081893,0.01664169520846771,-0.006752123374635703,,
8,64,45,284,0.009411299571116746,0.005779264706753158,0.02200515207536898,-0.005561447908453929,-0.018575877056816938,0.0008183482689130828,0.01275513889960698,-0.010342559904647917,,
8,128,45,578,0.013899065686958787,0.0015232492340159329,0.0126715849976466,0.0011085199520377484,-0.008033472884556437,-0.000530350140186043,0.006355580710779906,-0.004232371421982662,,
8,8,46,38,0.005709328448826406,0.005955348721633061,-0.0048952943497743645,0.035062068346828054,0.006261215589672139,-0.008837124466562617,0.012377975482522854,-0.028318469029168066,,
8,16,46,84,0.0143732845343551,-0.0018476887033014146,-0.007553093190841067,0.012374965780763613,-0.00853953318449592,-0.002449366234418903,0.006071646843282988,-0.0021847866336253447,,
8,32,46,152,0.030418484634733428,-0.0016670275567156223,-0.003306342841098812,-0.007356839307287884,-0.005698634073397557,0.0013259181559259997,-0.002073021428106382,0.009810830109992924,,
8,64,46,368,0.018375801685057147,-0.0004884292171992933,-0.005369358689037281,-0.00905422249101202,0.0024495630289507377,0.004427187610903058,-0.0038829530332865655,0.007154332579497108,,
8,128,46,662,0.003254852119978812,-0.003088405286977585,0.005133994600340556,-0.007106730094496178,0.002872624124166323,0.004897819937665539,-0.0013617846791992968,0.005970819993837042,,
8,8,47,30,-0.025477973074588975,0.04267703222640798,0.030112133494988147,-0.02535190385854503,-0.08077476346971219,0.02670306804966277,-0.06106867205706088,0.16015409902992675,,
8,16,47,68,0.0528751539721525,0.02611367261114015,0.061276854892681934,-0.03694439443530073,-0.05589388774860422,0.03911651304842202,-0.015328698676299858,0.10273402829200881,,
8,32,47,148,0.021156943798361288,0.00882062651151148,0.027426937027254173,-0.012755070823622271,-0.03243541044614398,0.012931169392658709,0.0018793330881426017,0.041431436354594085,,
8,64,47,302,0.00697181968862417,0.0009319335212779915,0.017038373511862874,-0.0031855154006778684,-0.01366609849819148,0.015775697991068614,-0.002815985009219416,0.018970057326207396,,
8,128,47,608,0.0035582371640792403,-0.0016360810823630738,0.010618076290208224,-0.001300372703292728,-0.006443004286416073,0.007953421960320735,-0.0009870102168133314,0.01161675456985219,,
8,8,48,50,0.006616139807935858,0.004039442726687353,-0.020845253833580917,-0.016451348859997664,-0.024170647353364456,-0.015506588336678426,0.009480674086866012,-0.003314269055624787,,
8,16,48,86,0.012221656064066888,0.004643543213991647,-0.0095373525719633,-0.008037394914343715,-0.007469714813187349,-0.009656657408854474,0.0019725887967508805,0.003554589799647655,,
8,32,48,136,0.00303078750656666,-0.0012175443597446003,-0.0008473399636956208,-0.007318443297813792,-0.002431870885141136,0.0030518898755337812,-0.0010549845477193496,0.0028699813684956842,,
8,64,48,304,0.010676911250516292,-0.0017242293885644487,-0.004342703911965554,0.003906670489420986,-0.007879274546508714,-0.004209130296254881,-0.00021079967163993623,-0.000564430136520914,,
8,128,48,640,0.0047273579305983325,0.003964200109175689,0.004485666659271593,-0.004391442954456308,-0.011036519354231961,-0.0032989465116273586,0.008333844389043867,0.00726496168210683,,
8,8,49,30,0.04387844339702464,-0.027534846642384023,-0.01827466487316586,-0.006874544780019261,-0.025104864534200313,-0.011464670350783395,0.039617187041964194,-0.018411463376435046,,
8,16,49,62,0.03786362613585774,-0.012694234161806163,-0.012617784448405221,-0.0009155395058697317,-0.010749618057888412,-0.007596681541012983,0.018695076342271588,-0.008783872101387315,,
8,32,49,140,0.015773868504546026,-0.007899713680762943,-0.006842177827698713,-1.5410374739235292e-05,-0.005305243051286004,0.0006901671188919773,0.006212978499848346,-0.003397063524015206,,
8,64,49,314,0.009878665538997189,-0.005642354127051598,-0.004937673231177438,0.00031116992816178124,-0.0013933451438927803,0.004904852868992597,0.0030811887579861473,-0.004874949374931235,,
8,128,49,664,0.008848217756442279,-0.005115693551971006,0.0023172139578305985,-0.002460466351254747,0.002352742192359043,0.0031203308831191092,0.002954399512938329,0.0020958736551320743,,
8,8,50,32,0.02450032760357209,0.0018634470438444843,-0.004364956416647652,-0.007934075851697336,0.0284480401341345,0.03596249011917478,-0.024190697914918194,0.048846189957211954,,
8,16,50,62,-0.00891810520139084,-0.002719373795608511,-0.006807163454348701,-0.007168271976150857,0.02242721031618762,0.023517137928504475,-0.01990798753408031,0.026340401566873266,,
8,32,50,156,-0.006290603636952345,0.00016303300630802456,-0.010850742585211966,-0.0011583240455937576,0.009444962435340166,0.011257305596160729,-0.0028876127923300934,0.014178997865337727,,
8,64,50,282,-0.004258400103639728,0.001464123023775853,-0.012399132241519716,0.0012956113130903316,0.006635039980754781,0.006257530155162797,-0.002106525816034587,0.0038706198228091885,,
8,128,50,606,-0.005461155219587706,0.0006184209067958431,-0.00469903583154586,0.0007240463969437092,0.0035592635324153176,0.0006968335568143429,0.0040748985053966945,-0.0009945460239519858,,
8,8,51,42,0.007813059502716602,0.0025873267771894205,-0.013351519223030607,0.021063325808046863,-0.006251810570007055,0.0024304656609887357,-0.007032627261064749,0.01650525644716262,,
8,16,51,70,0.02970763892855934,0.016622385793971246,-0.04115085495361028,0.039020180634033445,0.030532729213298488,0.001681825704389208,-0.030800574276226542,-0.048675367850429745,,
8,32,51,138,-0.009322341311861044,-0.0014551560385029153,-0.021069435764740352,0.012555935867939606,0.009448162962529276,-0.0022475383022671786,-0.0055613043351736245,-0.03491925244957702,,
8,64,51,268,-0.0045665793083799035,-0.0014763091850035618,0.0030533248421106707,0.00014065850443659178,0.006030885381455076,0.0031321573236729695,-0.0019625719626647944,-0.014517356357888601,,
8,128,51,586,0.010092679631049671,-0.0013826613781049277,0.005131099970425008,-0.0017172929799049463,-0.001160692273769813,-0.00018568029571347484,-0.0013462978663479502,-0.00534741871903699,,
8,8,52,32,0.03410072362918314,0.002423364627768416,0.007761379888968136,0.008675155599867711,0.005172629616555318,-0.0007809974703114335,-0.00415930022550657,3.418434244530002e-05,,
8,16,52,66,-0.00456784182202323,0.00575065989884676,0.005684497243296236,-0.003639033799430865,-0.006022782612921015,-0.0020749044517097606,0.006794255936000915,0.0022551952207590393,,
8,32,52,126,0.009751159547700127,-0.0023718891778481133,0.01062882499056069,-0.010420966296014333,-0.004357949608181075,0.005428230521761848,0.005950521251116532,0.007076307116130047,,
8,64,52,268,-0.007403292570211732,-0.0020547827439866694,0.003447812778073803,-0.0012677381784644871,-0.004815268580823399,-0.001128255688100927,0.0032462464057460144,0.005851876593961438,,
8,128,52,616,0.004395234737620186,-0.0006051649069379404,-0.0009622655390138244,0.0021884347915190443,-0.00181934520920925,-0.003385098993800569,-0.0003460531060091645,0.006427326253854806,,
8,8,53,32,-0.016451222326787758,-0.0009144198421294185,-0.004747243162489551,-0.0189739294606571,0.005061001888814588,-0.006613978953601901,-0.006484715463922118,0.009232542406815172,,
8,16,53,98,-0.003139981682018049,-0.0238061536569047,0.010716965140076551,-0.026301896670971506,-0.014778369897284474,0.010392154988800332,0.010961809165134019,-0.03107506905216251,,
8,32,53,156,0.004685273760295353,-0.010585370529094293,0.013269788426006443,-0.015278808153601182,-0.01939773020114953,0.0019266586332110872,0.011454580084623722,-0.015491203439903274,,
8,64,53,292,0.0010830470486000352,-0.0030232622161736515,0.004834428944545371,-0.006486612785335705,-0.005239158565271502,0.001297868923149579,0.0038798074315898297,-0.006268735024014581,,
8,128,53,612,0.008221343119488527,-0.0008488387065468371,0.005969895265591277,-0.004201780450266666,-0.004847530620740132,0.0007762160060532658,0.006205571028342224,-0.006629032299305468,,
8,8,54,38,0.0016021427242693313,0.003222785488043495,0.015445836167516616,0.006410799091831509,0.017142665930876946,0.03475471797216257,-0.019823788642587985,-0.0013851909632496637,,
8,16,54,82,-0.018582063962202796,-0.0020061589053296663,0.007494409192211678,0.0009109833667446969,0.006671460444900856,0.011202047723779753,-0.006445664064366869,-0.004515982922123713,,
8,32,54,162,-0.02069328370899832,0.0014793300187554322,0.007646438092444993,0.011594531246875399,-0.015924585759304347,-0.008903609203205662,0.0063016189458626635,-0.008744822478618509,,
8,64,54,278,-0.01193384277504788,0.002181015788166658,0.0027046661979816308,0.00995357033320715,-0.007137124102696494,-0.005102315745524029,0.00023285035315039168,-0.007498880904264327,,
8,128,54,614,-0.013104311095123394,0.0029530231606349454,-0.0023057353158777473,-0.001306881847662533,-0.011706873718787397,-0.009936598456837394,0.007047316605270276,-0.007341853877767231,,
8,8,55,48,-0.00439407908142043,0.013640546305398914,0.010230706703217546,0.006235075757262242,-0.009068929778916364,-0.01701129673371564,0.008545972143217622,-0.003970463012385398,,
8,16,55,100,0.037116784377943274,0.01126170748299608,0.021410193183060203,-0.010460332394215467,-0.017990603910993754,-0.004846810447584754,0.010154427460878268,-0.0066664389846220916,,
8,32,55,178,0.02146189966069235,0.004794436949616282,0.013593194307690902,-0.0025523180369845305,-0.010057594797568648,-0.0002127722205054347,0.005364783280650123,-0.005231512237759364,,
8,64,55,336,0.02683225888115221,0.0004292365698358576,0.0041540536659930285,-0.0018442384831484568,-0.0004061386942726868,-0.008433253704663576,0.006705371314612163,-0.01009475811630197,,
8,128,55,654,0.013027259510600379,-0.004924541345806655,0.0067638297440036676,-0.002797065292056439,-0.001164351349729295,0.0021575204976322015,0.0016160209347760187,-0.0034157340579629666,,
8,8,56,44,0.06881626655533093,0.0003207586785872042,0.022343035455899014,0.010795325572977823,0.012641179028056504,0.045055692618682704,-0.02843148195798534,-0.018210585949961368,,
8,16,56,80,0.029128213948705732,-0.0011485504066632685,0.00834373744102925,0.009285485496682325,0.0071705122942498445,0.019752322641217783,-0.015988180988408998,-0.0064434584178271965,,
8,32,56,144,0.01690470809498096,-0.003985102640396214,0.008374415543084998,0.0006644904876202235,0.0021980967190113284,0.009607966392396389,-0.006181160754575469,-0.0014494441207096131,,
8,64,56,342,-0.03607644324294625,-0.003835924324294529,0.007876145569960314,0.0021133741018873704,0.008538449766134458,0.004172407074962893,-0.0008313547924534083,0.001820381663799216,,
8,128,56,676,-0.019619721581232694,-0.0010375747521767498,0.004947301134958703,0.0027069211091712477,0.00027170136876549677,0.0013036927380354654,0.0018758197894650306,-0.003725328163045385,,
8,8,57,24,0.006923602455202442,-0.0005343857970186758,0.007281089633029647,-0.0008758316555156333,0.00040942917249167817,-0.0002744410520151855,-0.006957676475742947,0.0012927862514285084,,
8,16,57,54,0.007633257109446234,0.0010503270046720357,0.013644160929414211,-0.00567339017692352,-0.009053387426919537,-0.0010216296586355905,-0.0025698123348950786,-0.010707862366852455,,
8,32,57,132,0.018125824819999845,-0.0020380969793882707,-0.002288261821500873,0.009515903149808389,0.009476988757579241,-0.006678547265204885,-0.00987506594535069,-0.0037742229608503006,,
8,64,57,302,0.0045963361940489994,-0.002300799143655318,0.0015139074594841965,-0.0007993707651103839,0.004582083256896445,-0.005794910341869824,-0.005340693702591138,0.0038350221887105433,,
8,128,57,622,0.009670031098716012,0.0004841893426075795,-0.0024731151917391824,0.0011736146431859087,0.0018934835312817348,-0.0030223178495935054,-7.632024467575003e-05,-0.0006357392563591612,,
8,8,58,50,-0.018230142970400987,0.0013159380438448973,0.00809263687134109,-0.00980892536472842,-0.015600513331877522,-0.000623299994528992,0.007843111848191558,-0.002341619488986293,,
8,16,58,84,0.015135937566544412,0.0047774133093507485,0.0077023420377449366,-0.00621399385291697,-0.01661710581042536,-0.0076048461914158295,0.01072930108692122,0.011033491097818262,,
8,32,58,162,-0.010625584409072335,-0.006050544228129703,-0.0261889975465796,0.038668880941649685,0.0051120699252027385,0.0062782656930845514,-0.00859740162123099,0.010776487451555827,,
8,64,58,322,0.011059764333427051,-0.0009837926666905836,-0.0065051109769243935,0.011638292485948972,0.006266491930469611,0.011499893951208085,-0.006481606607816484,0.0019596828442022592,,
8,128,58,604,-0.015199972283608115,-0.0023323372449658283,-0.006405966754906609,0.005036135151929933,0.008774119542267015,0.017735577741204912,-0.006135009084909975,-0.0002915826263366223,,
8,8,59,28,0.029388504308209492,-6.0949015161547137e-05,0.028465215937959358,-0.01527532454876116,0.0044351647327671145,0.036699788926228626,-0.01354325682740094,0.015474410696253006,,
8,16,59,60,0.037115230482795115,-0.004503014800783709,0.01711298911114614,-0.014895428097434158,-0.004658802894554465,0.021278202270048965,-0.006639209460471289,0.011119627065063375,,
8,32,59,134,0.015313365575413568,0.0006895002621407653,0.0062948915758093485,-0.007776202489271089,0.002259124000277386,0.00792382577400253,-0.007569739604664726,0.0022317876072622026,,
8,64,59,272,0.01210165501884543,-0.0006847317158252427,0.004638747693247478,-0.0049654940104819426,0.003894683381617592,0.009732013399412726,-0.006654307862133062,0.0038005843470052653,,
8,128,59,626,0.007747607292132743,-0.0008779721795132133,0.0012483843933333838,-0.002367443429789396,0.0009194292626852151,0.0028276474385851543,0.0005155061080131306,0.0003691838110413022,,
8,8,60,46,-0.09828891688452637,-0.00915037068529598,-0.025442342739658577,0.02406499688719829,-0.0068436665916080976,0.033523534245052465,0.006226426817563835,-0.044571552977813504,,
8,16,60,98,-0.05221312533276725,-0.004308858285415603,-0.013533610128914651,0.01654106955807723,-0.0005810972156764403,0.02229839992037304,0.0024700469446491437,-0.028716850919774346,,
8,32,60,178,-0.03351002779480877,-0.0019332158916684718,-0.005487238517839494,0.00885566466115193,-0.0019734325118690933,0.005607639324260258,0.00065202212916604,-0.01569425451338101,,
8,64,60,322,-0.014474148385534251,0.006916683796784371,-0.005582590241010202,-0.0057904769215110785,-0.005799876262789041,0.011710568994493754,-0.007196685413219255,-0.012735710063059253,,
8,128,60,628,-0.013576298427697076,0.0037130801476002516,0.002796028137059255,-0.004838776771696141,0.001678158332244194,0.01192283084459819,-0.004918870143186949,-0.014927657339080436,,
8,8,61,32,0.029607312876899834,0.007483431479387577,0.005204698195304032,0.023862351532690007,0.023967284411006297,-0.005906679051713746,-0.023367463293633803,-0.012036231857544549,,
8,16,61,64,0.021244537479902924,0.0014842735255365135,0.007667770249377822,0.005830685702036417,0.011452719186458694,0.0013152361186473597,-0.011019913006512953,-0.00525286231733389,,
8,32,61,140,0.008915702606755772,-0.0036361306963199795,0.005979806147764438,0.00214418184883485,-0.002873355140331104,-0.005942419253395456,0.0017288385136120022,-0.004494691269421745,,
8,64,61,312,0.0019026887164820298,0.0053152214633420776,-0.007579349909314912,0.020644132446627904,0.02964941089056328,0.014103190430998624,-0.018466147091298717,-0.015071701819310456,,
8,128,61,686,0.006896185090900974,0.006317258174719855,-0.014550376668800526,0.015153332619601067,0.012242530644298758,0.002284115461274151,-0.011250049592517498,-0.005919827903219267,,
8,8,62,38,-0.02604635950721871,0.007793727503020046,0.017950652424989687,0.02063049790309094,0.01267885971950886,-0.0016029585422438243,-0.02584744343957091,0.03494747386216384,,
8,16,62,70,-0.010621503382092992,0.003753995911234914,0.012767085385298483,0.007853582962081732,0.0036110775456737873,-0.0037804297971685244,-0.009990783678956339,0.02017897144510851,,
8,32,62,130,-0.016548723915294515,-0.0017622832736551891,0.0036888282550141594,0.009039443943205737,0.0032734719528101633,-0.0009688458640696898,-0.0055613198229853625,0.007883451627584455,,
8,64,62,308,-0.0021654413525551064,-0.000825329446300392,0.0031261644710821757,0.005018808994574045,-0.002511783725158789,-0.0018190082459087855,-0.0034383775228461126,0.0023505191496027114,,
8,128,62,638,-0.00044541079482893344,0.0007645095035103884,0.006551460088202847,0.005342310579718744,-0.00222355354525486,-0.0016326638482476626,-0.0013938182924265474,-0.0011979428934867993,,
8,8,63,34,0.014961438386453217,-0.002021519348408519,-0.008954817785875525,-0.007273107657768339,-0.004684375945169404,0.00896025532326478,-0.010998964624642824,0.01115694739947301,,
8,16,63,64,0.031889038279901166,0.002472443100910291,-0.012976306090676477,0.0016529088798077941,0.0017235118894388208,-0.004046118965471613,0.004424058755157209,-0.0016513211721285205,,
8,32,63,138,0.009836376546401543,-0.00020183436313616382,-0.008069940758935716,-0.0041551599454576725,0.002674721635051377,0.0058165720177228205,0.00438069134383233,-0.0014434202964432458,,
8,64,63,284,0.015244580840913019,-0.00047521227748635646,-0.009631221310112233,0.0013600955063691959,0.006862257272466771,0.008437811624967121,0.0016781021762270441,-0.004556486389174508,,
8,128,63,592,0.006717009539711227,-0.0022226979858751025,-0.005075302749119175,0.001283365767735999,0.0005791224815599495,0.005939851872658665,0.0016571552781809737,0.0014854990424791274,,
8,8,64,42,0.004425596317568325,0.002283347003669879,0.0053661732156236285,-0.032725729201545393,-0.02902137673497187,-0.012906979833178907,0.023214097948240225,-0.006816960483432286,,
8,16,64,72,0.0027210508467695412,0.0021729305294579584,-0.005381934301350057,-0.015990168468626366,-0.0123360370301475,-0.003894101093634379,0.008854100173222313,-0.00244951353239276,,
8,32,64,184,-0.0009611200005725704,-0.01429027908879146,0.006099181214298198,-0.013022575843191008,-2.5106299297845188e-05,0.007658030031030372,-0.01866288708106703,0.008217716069643824,,
8,64,64,350,-0.010116463723626588,-0.007018930304484479,-0.001616670110324198,-0.010880561463934544,0.003958040655683321,-0.0005066031939197985,-0.013035590437154434,0.004268265905018919,,
8,128,64,680,0.008903148475125635,-0.0015837974892408402,5.8568178916375095e-05,-0.01352795227057029,-0.0035601085143835975,-0.0020360568323552685,-0.0016093518986773506,0.0024550367738237844,,
8,8,65,30,-0.031639341206025615,-0.010702048624295728,0.010410412556968588,0.04068260068677657,0.09288171061239135,0.043216167126733936,-0.03406826662307206,0.005852531802274566,,
8,16,65,70,0.01723975951280791,-0.013156097648804495,0.005075237359561846,0.02888498359273048,0.059770300403248405,0.01754486880258888,-0.017225713437535647,0.01871547380814355,,
8,32,65,134,0.02094056863516086,-0.006118787011981033,0.0033730786620962292,0.01886547368612735,0.026411655877094282,0.005123772224446473,-0.007733505772570151,0.008065437912601676,,
8,64,65,282,0.020919108917062498,-0.0037497124124655718,-0.001918572672142699,0.009117035541923314,0.020173944292043004,0.003869891622826419,-0.009720927865081885,0.009483856263627997,,
8,128,65,538,0.005365462725111634,-0.00374287655093593,-0.011439235093437538,0.005321784145503422,0.014836017037039918,0.0017545019170163221,-0.005134214687675416,0.002867258342588725,,
8,8,66,30,-0.0188623673728779,-0.014419274132603098,0.008352294289449521,-0.0029617345752556354,-0.0017875830451728131,-0.00589160663069159,0.001060987523320527,0.0022520244294803454,,
8,16,66,58,-0.010632521468788984,-0.010236527328250106,0.0065998028248875,-0.006677342138917118,-0.002336142818788377,-0.007688529748352947,-0.0005902694631968257,0.005068970560942317,,
8,32,66,162,0.03818027895620958,-0.003689894596105528,-0.002828707479642587,0.007645825418708579,-0.0046726718817239506,-0.00502718873008557,0.009083070599400812,-0.010711386882337833,,
8,64,66,322,0.01621156561017153,-9.026824087325821e-05,-0.0014164519728858589,0.0038293996880032,-0.001984975902740178,-0.0014669796473503274,0.0019525332779145603,-0.005554580525065623,,
8,128,66,630,-0.01084058746065422,0.0004718852284888976,0.00957515103800763,-0.005578741369703876,-0.008878459463984542,-0.006553866830953918,0.00787836425884009,-0.01358210117422927,,
8,8,67,26,-0.003074128037386956,-0.012645602003010108,-0.004795712240165505,0.0019478201859036322,-0.02403905044108097,-0.011847767645020676,0.017290077104654765,-0.011800935863864418,,
8,16,67,58,0.002702821545339534,-0.0058385041516832836,-0.0018915981165506283,0.010292520181931275,-0.00859887293757013,-0.0021114270824666706,0.013324835895119139,0.003168772329242669,,
8,32,67,124,-0.011363413489737234,-0.003379266308033147,-0.00890598790808576,0.007618452493676227,-0.002876474801840246,-0.012308220344106086,0.010119805643784636,0.0014062523676686954,,
8,64,67,292,-0.005749796671134864,-0.0008912981723973802,-0.0019692070070365672,-0.00224896262330337,-0.0007763978047793645,-0.007611349264886297,0.00189750153493659,0.003930837876256246,,
8,128,67,684,0.009693644622800575,0.002028106274893278,0.0005209939394691969,-0.00422687947834925,-0.01197324951741964,-0.013832144720626065,0.010747410540053315,0.00012843730706786323,,
8,8,68,26,-0.004884981491820067,0.0013459667305898053,-0.01592385962066395,0.015600323350202958,-0.004141951778805918,-0.003329536359143989,-0.0008878290913499533,-0.0028622623815681677,,
8,16,68,62,-0.038663276732438454,-0.009991884780132028,0.010470101600255298,0.0069904335060659885,-0.029065025983501948,-0.025986994703783527,-0.007323272498349465,0.0005275322125940268,,
8,32,68,134,-0.003636793848102277,-0.002047675685588537,0.004900100072179891,0.0072903602213732115,-0.0063199689493846955,-0.0075027899079503566,-0.01136425499392702,0.0038211956578597835,,
8,64,68,288,-0.025824016981775416,0.002841674836205184,0.005837438798282594,-0.00032826475462023906,-0.0009845355161423686,0.013194109311713807,-0.002558110411710473,-0.00907311619741719,,
8,128,68,558,-0.017072818735472634,0.004938301729854329,0.0014375252373401612,-0.00828186335787911,-0.004647836867427132,0.0037374725262226145,0.004837736297895253,0.0020148648209997477,,
8,8,69,30,-0.003797717199648382,0.004603662346869132,-0.003550534280911467,0.0073840460452458765,0.004816494237711344,-0.01948959458996737,-0.023379381564371114,0.017178874646747624,,
8,16,69,76,0.00912726553225528,0.025989232326517057,-0.02626424479698186,0.02632101296058697,0.021728802107962873,-0.021677428665458555,-0.07307999822859548,0.03952761510781181,,
8,32,69,194,0.004444221361113368,0.0088245608386386,-0.026336322479298672,0.01800008792043653,0.015401994375410911,-0.010741666471904502,-0.03313331631994585,0.016427545037790373,,
8,64,69,322,-0.004448844469475844,0.004207615717716291,-0.015197867680002416,0.008490301763169325,0.004500635346845906,-0.006195042048945936,-0.016750601579263967,0.006321667134120918,,
8,128,69,652,-0.010242119308426334,0.0006452096338286568,-0.0060431469278521095,0.0004546491176348313,0.0014115376144079716,0.005149727461976539,-0.0007952225976510407,-0.002285477871504766,,
8,8,70,28,0.10635812447244584,-0.01892906720059863,-0.006820354551706515,-0.010469421296091326,0.004417169040665317,-0.015919270138914924,0.028554842590310832,0.004124255052256288,,
8,16,70,62,0.05566255762515517,0.0032473848597652077,0.0017249065410359827,-0.024291614930019353,-0.01442413550747787,0.013411765757867221,0.014077560228226545,0.030934040398936238,,
8,32,70,134,0.030467813472521685,-0.004869621165282192,0.009613480850549305,-0.014748750011797852,0.010264976444039193,0.02510311894044391,-0.01297180886802822,0.033274146658995724,,
8,64,70,314,0.05217817712054798,0.001279488896366757,0.004751126070371903,-0.006426931508362692,0.016256961485248585,0.01846965143993129,-0.0217767507992426,0.017050362547724327,,
8,128,70,646,0.026958581438654542,0.0038186617728526973,-0.0004382810697767489,-0.0004172146015454251,0.013125456632265048,0.010558678975458596,-0.009707261134664653,0.00479621127738766,,
8,8,71,28,-0.005065201348783058,-0.0021492458648949176,0.01086253088615923,-0.014355493472579795,0.003693341861277154,0.016992234603766938,-0.010152450719090766,0.003549925835725627,,
8,16,71,58,0.0539094080116803,0.018422311399550906,0.01660122803973864,-0.009322485522609765,0.017442412697643944,0.008214135058669652,-0.007044159397750837,0.0037537262543548312,,
8,32,71,148,0.03821073387241054,0.007778500249058255,0.0062405206844840305,-0.0042451062024003935,0.006690637186477255,0.004482567789982749,-0.002234157831194119,0.0014105437963695844,,
8,64,71,318,0.01964652342676105,0.004616940536702833,0.00934550023006491,-0.00022089337915965907,0.001498374647051423,0.0014737904567033472,0.003480712570328715,-0.004322466178982092,,
8,128,71,584,-0.00972799255462509,-0.0012335937002969485,0.007495813537718779,-0.006702844528305075,0.0016945284333419702,0.008204098682552695,-0.0007349879418303991,0.0013611643897943765,,
8,8,72,58,-0.08254016512510681,0.017004976066076937,0.014091621834670782,0.0018309186542625148,-0.01704021936073654,-0.05323643126831082,0.0296561334481929,-0.022538812527937747,,
8,16,72,104,-0.041920445639759024,0.010495212163642468,0.007145240581400679,-0.002881480661214478,0.005474974118806833,-0.0010167012386827093,-0.001682281558755174,-0.008645436124981292,,
8,32,72,202,-0.04142373684433206,0.002350247934130919,0.006817027873608441,0.00304164646837509,-0.01365098485648103,-0.005518415470992506,0.006087021401731263,-0.015123886341953482,,
8,64,72,342,-0.03444562855056381,-0.0010254978469071056,0.002380472270156524,-0.0013441067355548899,-0.012726108227530692,-0.007763823724322239,0.011544594513472083,-0.0050667817140509375,,
8,128,72,770,-0.012227174058147883,0.003141165920228333,-0.0004966476273199927,-0.003577464950471422,-0.0014085483980243352,-0.000613394864178876,8.244101697318258e-05,-7.284929317376187e-05,,
8,8,73,34,0.0434087818937015,0.007054573195844126,0.03149515458628109,-0.014207898190130864,-0.005596593693842937,0.020627788116553844,-0.01809992394435507,0.012693714595427563,,
8,16,73,68,0.00924194230170594,0.0035353738156987634,0.013218937091891377,-0.0059829877903300535,-0.0010077725665842779,0.013613816630103102,-0.009215448644653996,0.0021010024570782505,,
8,32,73,134,0.0025373429019888904,0.0008830630922339654,0.004401139521110035,-0.001899884524195095,0.006208622928597757,0.007705198309925632,-0.011406161444067158,0.004188603054734388,,
8,64,73,272,0.01850450172164141,0.0033110065807351466,0.0030162352948551207,-0.01161414048300383,-0.0056409049440093685,-0.006661246543306087,0.005675170383917334,0.00272317061102582,,
8,128,73,606,0.010133645658706026,0.0027338966998215527,0.0017951837896580593,-0.00449591236596339,-0.003935353185974328,-0.005477381641407411,0.0025340540718690498,0.00021078696973919446,,
8,8,74,26,-0.007400438358180217,-0.021646303890586766,-0.045050794380220416,0.05966680833691779,0.03921811970540298,0.024899283254363285,-0.0408395141245597,0.009668690584670714,,
8,16,74,136,-0.009584792694790277,-0.008409520949472817,-0.016253737991533727,0.03499653101420906,0.020327379575491585,0.006757059212050691,-0.0212350900606439,0.013396175245196146,,
8,32,74,204,0.016490201685062718,-0.0006947976928913361,-0.012110858079201597,0.01667867727201634,0.015628955499625077,0.0006468526148467831,-0.022904838505567026,0.00739836442198007,,
8,64,74,344,0.04893840334956916,0.0011984538838473945,-0.01823008594033515,0.020378714092963414,0.004918325501775999,0.013145700911050696,-0.011497336362753074,-0.0011267802196912782,,
8,128,74,646,0.023142387490747113,-0.00408335693420044,-0.005548040176409625,0.006703808699025608,0.0019943409643282933,0.006495873244159822,-0.006298416421787915,-0.0014354746519123043,,
8,8,75,52,0.010186261359822422,-0.006092817981826507,-0.002283688798520367,0.0031108814827188573,0.0044832048431181154,-0.00392119200524803,-0.00584472817261699,0.013594323101434878,,
8,16,75,84,-0.0036016839544749505,-0.004956097644918696,-0.004298622995575435,0.00914682045811377,-0.0004476122696440237,-0.012899476201283934,0.0027634522327545483,0.0010029478869554216,,
8,32,75,154,-0.013023688245061216,-0.0022582810472642264,0.0031016225029666757,-0.01049808672331893,0.005299531260932763,0.003378826479162078,-0.0018425711031711135,-0.0026361596924769116,,
8,64,75,308,0.02586881772069638,-0.0015283709075481395,-0.011582058647432236,0.0028220072679019607,0.012345949817289219,0.014436641969692396,-0.014677604431713778,0.013582425454280813,,
8,128,75,586,0.021306899915858487,0.0001034769307563444,-0.006035757564066708,0.00010699992815579712,0.012969929991805091,0.004338235700073263,-0.009523564034865702,0.0009684816944905063,,
8,8,76,36,0.04234696128031937,-0.016560993262931787,-0.03353000084409007,0.015699444479905116,0.00789170640504802,-0.013995530885713977,0.010947157195728743,-0.02129803617415411,,
8,16,76,100,0.0066624391126474496,-0.00866139663846318,-0.000953688891616469,0.01297008694993723,0.008663789697049527,-0.01744657528625054,0.008024445068853145,-0.010532741323618715,,
8,32,76,166,0.002353357073680826,-0.0013887590440513392,0.004319732971645654,0.0028857831126351064,0.0009464595862620872,-0.008783436672170086,0.007750969752611183,-0.008119516512005058,,
8,64,76,304,0.01064329898331595,0.004933782128830207,0.011026808780787361,-0.007443330791080389,-0.0011466000909779494,0.00013234316909892818,0.005418535899239133,-0.001300154593163333,,
8,128,76,626,0.014075358649283134,-0.0003647290984432231,0.00945698181892574,-0.00051294892742031,0.0024521982982910278,0.005341291953301572,-0.003736673215085848,0.015746370924999132,,
8,8,77,32,-0.035184904017230643,0.006162803336204296,-0.02672111556624585,0.03861342199141172,0.004715758264502835,-0.0035971968487400227,-0.03196875827744545,0.004624962576377713,,
8,16,77,104,-0.012220855740738619,0.02073563108839529,-0.01816022911211057,0.026620800418903693,0.007097131305957421,0.03058383436368793,-0.03180066611468045,0.023726981126924753,,
8,32,77,172,0.007004961913884762,0.01255131386119198,-0.004031545751026023,0.008936656962218228,0.0005820266908263462,0.010776777905539027,-0.018369825497058755,0.020188512379765884,,
8,64,77,330,-0.017377574090386382,0.003730737294569291,-0.002759397842713412,0.006358985252253438,-0.0011198782154397328,0.0024771471138356443,-0.01136854212474678,0.013855013401675605,,
8,128,77,638,-0.00870828343644328,0.0038677542535476275,-0.0017950777258852286,0.004163267345641266,-0.00964762564200579,-0.005880589471585599,0.008171149510366158,-0.000489650573107402,,
8,8,78,26,0.06095868406804482,0.009209313880555042,0.025833592317359905,-0.034429611445707595,-0.014027135790828264,-0.028454602702414917,0.03817996601230763,-0.043731187149804576,,
8,16,78,82,0.033964651275710696,0.004785874350306998,0.016139181836661905,-0.019482923295158317,-0.01326333172192327,-0.017311507315980107,0.020502586254195532,-0.02223686496104451,,
8,32,78,152,0.02106915089746677,0.002646686380788949,0.013158483855239746,-0.01648285702084726,-0.0065764096331508036,-0.006614804023890985,0.0107353774685753,-0.009120417217976651,,
8,64,78,314,-0.006380602197797535,0.006786296311629966,0.01833709889342448,-0.013998743765645702,-0.012540485593925982,-0.02336610456705073,0.008660051841367823,0.0006936498196736527,,
8,128,78,682,-0.007074919585332136,0.006187812936817505,0.012153825782839092,-0.007112259178909051,-0.008537378562280167,-0.019907682112749046,0.009845599234297592,0.0004152526122497986,,
8,8,79,90,-0.026352339267988596,0.029614955674386205,0.0050621930814169925,-0.022784360287766158,0.046120016567145025,0.016329703055853594,-0.049094799810303846,0.03297409190742577,,
8,16,79,118,-0.014510284456326857,0.035113772286759944,0.008595220361197916,-0.0003299600427166226,0.0043842640824166695,-0.009105842511846823,-0.011810063088763905,0.020084243593180395,,
8,32,79,188,-0.03272668405680156,0.02119841255828056,0.0069468971943207735,0.000721076175304894,0.0009189695513596131,-0.04104573825645094,0.010477312387182561,-0.01155514515039549,,
8,64,79,382,-0.02414465954842482,0.010150087046649155,0.005870435152280407,0.0033382195198229277,-0.000951039329446294,-0.027391918582255346,0.010126770688284221,-0.010266743565242,,
8,128,79,690,-0.029177261433221188,0.003992572461916122,0.0007233976131097921,0.005049749370154032,-0.00045980895604098425,-0.015463270992626031,0.0038435567477795793,-0.005108160298629749,,
8,8,80,48,0.005492065773635604,0.0024109991105036583,-0.006545946392280226,0.00801221825081888,0.002161538890332229,-0.016865759140571732,0.0049376917692257934,-0.019569218132068696,,
8,16,80,76,0.002390096879719434,-0.004133333915353111,-0.00473886685996742,-0.005352708740674701,-0.0009321980891617027,-0.002481317341051925,0.0033497606994976553,-0.011181077333951243,,
8,32,80,134,-0.015035856589029959,-0.0026175899864529935,0.00017433295454743548,-0.007637986783006913,0.007225091302744582,0.001528099171049546,-0.002476580162718642,-0.008383969416612364,,
8,64,80,262,-0.04335460013844377,-0.004094823193472737,-0.0028291606282529456,-0.007583598928782852,0.006614917951851924,0.0022173969486398745,-0.0027233046311309233,-0.0021253495602024668,,
8,128,80,508,-0.014396913904212487,-0.001482867414994112,-0.0005269688677969379,-0.004156107883816448,0.005368379106577312,0.0016266060563528946,-0.001980415860645678,-0.0019580630638669667,,
8,8,81,34,-0.0012319063843798227,0.0013442159233374939,0.007202169921040255,0.004665074038359568,-0.011410408094152162,0.00040444647212425043,0.004241052334631932,-0.005110951141706142,,
8,16,81,74,0.042213817610268094,0.01637782992737264,0.04025870587372499,-0.004284610745420338,-0.017379394103085928,0.028685095117515443,0.006392950749752656,0.03980819396992517,,
8,32,81,156,0.09513797014463554,-7.848324159863364e-05,0.037202891868794635,-0.02446495415528069,0.013716725946595933,0.06551264421456518,0.019252123688442906,-0.00738076188384778,,
8,64,81,322,0.07510867178050966,-0.002348963444429668,0.02088206282438619,-0.003408498222303941,0.011995791341563521,0.030602946935205058,0.003850029529329097,0.004557405449875559,,
8,128,81,650,0.0430086716019919,8.426608527827456e-05,0.01733810151962961,-0.00804823735179845,0.00025980081694874056,0.018060803407058654,0.004106686032295543,0.0026463764292432583,,
8,8,82,40,0.020618330708336047,0.011613209645509916,-0.002768241967978695,-0.018232079123960673,-0.006994422139326075,-0.01736422555247706,0.014572975050556507,-0.0015827758239464005,,
8,16,82,70,0.027154359362010348,0.010284112042355945,-0.0014156574207148838,-0.020272879016636488,-0.0012000248559795447,-0.006359134736961118,0.0028767315398039,-0.0051127754814314,,
8,32,82,148,0.0270711421972989,0.005618926799339949,0.00017574943434729728,-0.007382873242587356,-0.010501326425327846,-0.001999228341885589,-0.0014021128901752092,0.009389467971613,,
8,64,82,290,0.01006935034498983,0.005288443803418389,0.0005057115484540516,0.0032524175407329307,-0.005598638587542434,0.0019992668800019953,-0.002058094651444266,0.005798568475062551,,
8,128,82,582,0.01691284087778762,0.0026565502377993806,0.002594222126062279,-0.0008916126907997665,-0.001847174976029941,0.005209994223849295,0.00029488268478593244,0.003070466891615447,,
8,8,83,38,0.0031217311725339914,0.00011942813981961117,0.008133267621907973,-0.0025568516326115744,-0.005766265063484697,-0.005498354526970042,0.005767693780054114,-0.0006145302844710117,,
8,16,83,96,0.010619686606191352,0.0030299688705736723,0.005531719979589184,-0.010548035187617781,5.487809952536469e-05,-0.011207656926246956,0.004477870881218473,-0.006045468298212546,,
8,32,83,176,-0.011536189165879646,0.001851964201509323,-0.004819743298210301,-0.0018015883595948446,0.012647505977402574,0.007893672311873033,0.0060945274669709296,-0.013991590712842915,,
8,64,83,328,-0.01736710093199891,1.5065184846704245e-05,-0.003935992198756006,0.002953733705318662,0.007692605662833917,0.00586083370594071,0.003133759830510892,-0.006496011256684739,,
8,128,83,638,-0.005750944133336053,-0.0012512164448486701,-0.008985375485444352,0.008009196195091633,0.006610345524939112,-0.004420942967415129,0.003734186928499178,-0.0046924070692737265,,
8,8,84,30,-0.07225855607305312,-0.010599735524267129,0.007055015594861748,0.0023606252582439227,0.01501978786237332,0.042179692940025694,-0.0030958459233333298,0.025283847559664653,,
8,16,84,62,0.008090249339657529,0.005845235354095654,-0.007818668963691737,0.004551471865626332,0.06171697828180692,0.08252499211939986,-0.039076667518603427,0.001783389330228924,,
8,32,84,128,-0.0010041399082473907,0.008068699516338993,0.004379391171155639,0.023448351347858536,0.011474931306757225,0.04621290259607168,-0.012620888798516527,0.00020029607916281517,,
8,64,84,250,0.022797610465859028,0.0036392038381302515,-0.020507238165465402,0.010647608517224738,0.0072048742887384385,0.012846198133073578,-0.007243363286437698,0.013813498386700583,,
8,128,84,500,0.00387086323858612,-0.0005342158893123956,-0.007712382334239154,0.0019468813230545108,0.007275941302134574,0.004683057661796979,-0.006691980364646725,0.006290423647530572,,
8,8,85,28,-0.022020985759170598,0.006117546948909704,0.011114387738984852,0.02649865202169851,0.005796718074499009,0.011452388124839487,-0.021388853976774615,0.011123843136086626,,
8,16,85,98,0.004267868731301857,0.02031571501669538,0.06149988039258922,-0.012074206372167292,-0.007088279570664196,0.05942963216053267,-0.009958113654841592,-0.00016314756061879682,,
8,32,85,170,0.0010927531088947644,0.012781892527186155,0.02903720374899919,-0.008397850490338574,-0.0048483175863113905,0.028304855932731382,0.000511312554840762,0.006838527720852562,,
8,64,85,336,0.007718481318852873,0.006323787785552679,0.007989889946606581,0.005984088311506151,0.005331757330885658,0.012300935974850087,-0.0012007355972141881,-0.007194604083297993,,
8,128,85,734,-0.00511035205291996,0.0022919380814021032,0.0024313212559081434,0.003925879073201405,0.004206301959585127,0.011605201262215772,-0.0019641956272550567,-0.006484581210481892,,
8,8,86,38,-0.06673288918073038,0.019042278742394822,-0.013801172096208462,0.04008664525272907,0.001899676519202673,0.01565909198374118,0.07005277524914155,0.025350912443332676,,
8,16,86,82,-0.034497140009143494,0.009726971813280265,-0.007261036797004829,0.014440947202228185,-3.857866067390398e-05,0.0021233676880214962,0.033610428215725116,0.016149293514625945,,
8,32,86,170,-0.01902565427222984,0.0033173926528408375,-0.0014305662111470875,0.008723994833288687,-0.0011879342059598898,-0.0003227428563959792,0.019447126567735,0.009447296782493985,,
8,64,86,326,0.02067176042157963,0.0077994656809883154,0.016294180097962786,-0.003575282184215242,-0.0013258013635936644,0.0062141711795687385,0.011881472170757584,0.005777241236392601,,
8,128,86,592,0.006174574616066145,-0.0013347297118113163,0.016197010396588656,-0.01397571356356528,0.0018256946941550452,0.009737525645781736,0.008746698638568652,-0.0009316280016718714,,
8,8,87,28,0.03232759733383172,-0.004297137852704285,0.04955640343936491,-0.033758411452907006,0.009709586522417312,0.012876303844300076,0.009370563576570231,0.004438788319392126,,
8,16,87,68,-0.0016944619335802656,-0.010000916165834503,0.05789709898670649,-0.07457494777407667,-0.018376037648278838,0.01192910684947629,0.024445707824453985,0.02435753235807032,,
8,32,87,142,-0.014153316399794271,-0.010138957513825259,0.03556677303883502,-0.030877458268680325,-0.029550611124579254,0.0004949875071676862,0.02236879158102642,0.004198017165390694,,
8,64,87,316,-0.011699970633250371,-0.005491425927872361,0.01574401871378966,-0.020092937639656333,-0.015015478980301748,0.003115107735773747,0.013166588691416532,-0.0014871437491509524,,
8,128,87,656,-0.011493998310889191,-0.005903327802933086,0.014795024426576719,-0.01645577539796386,-0.010347950949252985,-0.0007101732269065754,0.008855037238843046,0.0005073137638034375,,
8,8,88,32,-0.01974713085414858,-0.002951815314137374,0.0010331127761559256,0.005826481117182197,0.00562330454209709,0.002129627390893808,-0.01453123208215295,0.01473068537714457,,
8,16,88,64,0.012044556082069328,0.003424971885485003,0.00781820754231,-0.0013695350898352593,0.0015604926353599562,0.0025118523222427158,-0.004768170739008647,0.017437794463986477,,
8,32,88,124,0.013672867060451933,-0.004142339396965785,-0.016012206659465022,0.012390729546253301,0.010651743110598485,0.015954339078373264,-0.004940934194195931,0.0012666071640935305,,
8,64,88,276,0.013922398054705586,-0.0022448655702349747,-0.005872262527578137,0.005360844500093152,0.006942456945554625,0.012264409903159933,-0.0045057432220661576,0.0027465544878783163,,
8,128,88,554,0.01247553051485959,0.0010983055912267416,-4.4115019300933336e-05,-0.0028244344573404244,0.0014643407523964136,0.013496447000951753,0.0007478875133803202,0.000647616449786306,,
8,8,89,66,-0.041382727391171534,-0.016089376000043145,-0.00031429902218253617,-0.00021701206008526146,0.0014900114342967495,-0.009868337530535329,-0.00707367816265673,-0.003642185795973154,,
8,16,89,100,0.01547812601090198,-0.0057918841593181634,0.007726460235185503,-0.02193505441931033,0.006195061482962941,-0.015901538970895215,0.00721793663940728,-0.0014768429503433003,,
8,32,89,204,0.015031491908294971,-0.001616277377812852,0.0432098262599827,-0.03491141091815389,0.008539794658195713,-0.007768171342886828,-0.009147622024711147,0.0018082406572894226,,
8,64,89,338,-0.022595379073858352,-0.0020928763384441534,0.025258803015184163,-0.024605597931152495,-0.002302515556994968,-0.009734436683203873,0.004704135250322201,-0.0007665312861230037,,
8,128,89,728,-0.01278006170692655,-0.0009605577752626617,0.007871527663162408,-0.004718348211510453,0.00024390053905458373,-0.006276171107754165,-0.00010250931420577994,-0.0030581365507975867,,
8,8,90,34,0.03843385088278402,-0.014685453115763504,0.01673957042536775,0.007207104855343459,0.010314459747022695,0.03290854699566677,-0.012016635537067829,-0.013227779046690152,,
8,16,90,82,0.03650156293167698,-0.0033474115612578356,0.005587527317016342,-0.010356456973889157,0.009339450071287139,0.004645468394816372,-0.002195596574565813,-0.0002203187698338367,,
8,32,90,148,0.01299673275406068,-0.004062038726355665,0.008157408312654546,-0.006437437744672435,0.004772391598905978,0.002752693694578127,0.0005735040834113134,0.00349313285335468,,
8,64,90,374,0.004202916153584541,0.0009379283865940766,0.0031557336283094288,-0.006142448519795857,-0.0019908138481873317,-0.0012402738811042907,-0.000893008370548367,0.0006763974370540427,,
8,128,90,642,0.0024196674561930967,0.001181522026703311,0.0028881004745251733,-0.0023252077446649184,-0.002412609971151292,0.00428153402248218,0.003921732548213104,-0.005810189429764728,,
8,8,91,30,-0.02237852344269834,0.007194885565012756,0.001797701276311378,0.009984462647905479,0.01569363598019759,0.00782132597069244,-0.0057593058349688486,-0.010436822226612638,,
8,16,91,66,-0.04027266355013459,-0.01746672693960059,0.04198031538051948,0.0009862930160878052,0.03125584600717847,0.04174970198422145,-0.02315398127129641,-0.004819202238139474,,
8,32,91,140,-0.022792005637568644,-0.00852548079039576,0.01822533386472209,0.012883895925702542,0.02372782857496157,0.019699186552156883,-0.024265086395671022,0.01729753406899381,,
8,64,91,388,-0.014698090487836797,-0.0014647941006376904,0.0026868796253419745,0.014889457623755504,0.0180772371152696,0.007405143850788951,-0.015355926221284648,0.008556519878134342,,
8,128,91,690,0.000337604064252999,0.001723756991687677,0.007654728273442853,0.004820280851416828,0.004031190729861591,0.006840116238098307,-0.0006058278544636259,-0.007485034402537187,,
8,8,92,32,0.019981157441140082,0.0006015753739134571,-0.0011305924021991717,-0.0015651543658720584,-0.0015847857252323217,-0.0013320676682180572,-0.0005927498816019416,-0.011123707036882587,,
8,16,92,58,0.03022178893073069,-0.006850801537862043,0.028423567141165573,-0.026355932409694752,-0.03944650260884024,0.0070101558529227035,0.008934149965988443,0.049481975701865064,,
8,32,92,112,0.017442961848555344,0.00023423637474716881,0.005353323165185299,-0.018827112149892206,-0.002706580546829764,0.007147411991515127,-0.002899268903288496,0.030261190578160225,,
8,64,92,276,0.011097297792835598,0.005846268198494627,0.0003403906477946134,-0.008512383398517832,0.000983291617801726,0.005093011159652645,-7.019455455888296e-05,0.019213562158993707,,
8,128,92,584,-0.0001148936074748818,0.0024717243007308294,0.003905225189181618,-0.002972176543140932,0.00899648872251711,0.006715735593994045,-0.009801546397851555,0.01947470603030866,,
8,8,93,24,-0.011733279079343042,-0.0033970635211488754,0.013031223310276592,-0.0014591935233425326,-0.005072655661352803,-0.016586695129057426,0.018195928591788726,0.0024879200136029875,,
8,16,93,54,0.015788880232816382,-0.0026414503882690177,0.0057711172213451975,0.0016946199092605183,0.0015036986765341266,-0.00305488079139933,0.0017182690733134123,0.003215499073922441,,
8,32,93,146,-0.01234585215041576,-0.007637136498281625,0.008992329114084423,-0.022731854761107288,-0.0046543639269712965,-0.007914452171026777,-0.005450435582482442,0.006321468161720801,,
8,64,93,384,0.003419631737081341,0.0005312542277552976,0.001488800978485835,-0.0014087670899995551,0.0022942505877424496,-0.00507185236245293,-0.003853637686938603,0.006228731952766264,,
8,128,93,654,-0.00037291294897546026,0.004296284698314988,-0.0002682748663363522,-0.0006537726006940675,0.00020174364405863427,-0.008350612333437308,0.004201282545484227,0.002453125785718543,,
8,8,94,56,-0.006181051185614624,-0.01480263781016537,0.01698277970251849,0.013181149120527267,0.004852737699735807,-0.027496370781212354,0.012196518626420762,-0.007129889130024222,,
8,16,94,92,-0.01759337253352176,-0.0030872471711068813,-0.0035142320798936012,0.02927156200643858,0.020301011106078067,-0.0182791303963159,0.011233350039794351,-0.00038827371168246693,,
8,32,94,154,-0.0006476030757795303,0.004578847213836898,0.011581301445654241,0.005302359900302027,0.0023856592436396103,-0.013314120720470364,0.016225981558720074,0.0016290967424678635,,
8,64,94,320,-0.00856700691451827,0.006755697242689217,0.011056955552762865,-0.0048270014821942325,-0.006537514373384725,-0.01148330990014243,0.010670147612468022,0.0022943911073191395,,
8,128,94,600,0.001492423353254507,0.004587762201552537,0.006658160690742327,-0.005520964691360952,-0.011113426127511278,-0.008894184846159005,0.008980735651938763,0.0013797801045447088,,
8,8,95,42,-0.022629864060346904,-0.004077191550785153,-0.012382649401966535,0.030105567452422214,0.026141228942375756,0.027760599764751745,-0.01199414539929956,-0.024919397366957825,,
8,16,95,72,0.006459597510178949,-0.0003871822482843695,0.00025715638167257454,0.010746275860420158,0.009067670256577613,0.01440253813188608,-0.00595506812878082,-0.009996796576435013,,
8,32,95,152,0.030990200064926386,0.004210326278011776,0.008355461300641537,0.013889833199666078,-0.0063495463110922615,0.002114476271805714,-0.0027456866938887657,-0.017008343190897935,,
8,64,95,332,0.016857331447615347,-0.00025472600776177726,0.006594612281692474,0.0020602529347556503,-0.004148930718441703,0.010978524078914564,0.006244721602790652,-0.013603459992808,,
8,128,95,612,0.008621666407932263,0.0014317535160585605,0.003544244828602662,-0.0025270108834643955,-0.003552933756552409,0.0054542318675040394,0.003698658416130316,-0.0031207653998209205,,
8,8,96,46,0.028914285247914288,0.0005038210556263293,-0.02076933044831403,0.03836345061579468,0.03479829904570422,-0.0236586353585258,-0.02655504810387425,0.027966657175565318,,
8,16,96,90,-0.017057640579364028,0.002725105697563717,-0.03131342604107573,-0.012826215423799652,-0.03587030656821825,-0.03056159351057076,0.06466199636510545,-0.01837025407211467,,
8,32,96,168,-0.0062890568278692075,0.002171657316355916,-0.018197967984949263,-0.0025195594432466935,-0.02050485136591639,-0.021247222722320356,0.03734531769509528,-0.013251114599199663,,
8,64,96,298,-0.015335621961521329,0.004681647619747056,-0.0012717011029386395,-0.005480993755964033,-0.010186933215409503,0.00013619293149676933,0.016934576989511663,-0.004932057144248576,,
8,128,96,554,-0.010022205005020003,0.0024142004599652933,-0.0021688239691598204,-0.007554045585039144,-0.005411259152658011,-0.0033402094807872306,0.011094986342791744,-0.0021499884710625243,,
8,8,97,42,-0.017829577692147457,0.002907657516557467,0.043439595414114754,-0.024484476052171085,-0.0399489486317166,-0.03955230740153574,0.07303344469497434,-0.023026867439974952,,
8,16,97,106,0.048320377223374386,-0.009357693055770833,0.006586215174069657,0.016299984621101198,-0.008281381203806754,-0.014792016717283392,0.02916573269808853,-0.0072556368910917015,,
8,32,97,188,0.040251719304792564,-0.0024511304460268202,0.026884015621758642,-0.014118423901539223,-0.009957203875695148,0.002368161872141359,0.00018960612431641777,-0.02035739372902214,,
8,64,97,320,0.008798793980224293,-0.0010760640273515525,0.008424956650008033,-0.011499998929926564,-0.007087641393481767,-0.0013678696928420774,0.003015481962781221,-0.016388607514515017,,
8,128,97,650,0.00014500834476991625,0.002239452498668924,0.0046943870348664435,-0.002985513006618072,-0.010123720344578528,-0.0004798822226790239,0.0019341641965537322,-0.0072774812734305635,,
8,8,98,34,-0.03158407079748126,-0.00533339045863599,0.012577764841533709,-0.012458972471776152,-0.006501650712297324,0.0005381370711487787,0.0020386017558853384,0.00875981624982067,,
8,16,98,68,-0.013995257862972205,-0.009545061827843506,-0.0034563631488534483,-0.007071118574380284,-0.0001384443416403461,-0.0021198735499575886,-0.006881863202203362,0.018156020908037133,,
8,32,98,172,-0.015484056467775486,0.010185112939197638,0.005387077502060934,-0.0014203674864131052,-0.010794949668904218,0.006373784929818787,0.027640421524344812,-0.03051867403217254,,
8,64,98,346,-0.014558385044309933,0.004679373144968764,-0.0025760898999578194,-0.007341790644392641,0.005180552528132831,0.007392729737582542,0.01255283383112225,-0.02089843743059933,,
8,128,98,732,0.009059236606318953,0.002736341094987285,-0.00903741846831987,-0.009668660498731755,0.0015638679099241085,-0.004128391160715159,0.012529248222577314,-0.013856220145044463,,
8,8,99,36,-0.006684078103579009,0.008673974542972472,0.009870217611142562,-0.011990791531652422,0.011265463337879696,0.0029245099384555746,-0.004311242140914976,-0.007440502888630253,,
8,16,99,66,-0.007933734257569831,-0.003753192127775606,-0.0005266867052344504,0.004495387841820282,0.01930146223617188,-0.0009258450175531792,-0.011601101946175033,0.0009812042389154476,,
8,32,99,146,-0.019144355436038814,0.002439689282741413,-0.007792363040180315,0.009474548823737609,0.016889052823949154,0.0009042758712039865,0.0023507385602667095,-0.01534493442665581,,
8,64,99,296,-0.0013992536635010831,-0.0017010201819930113,-0.00520264952176939,0.014185499860129448,0.011963623849280397,0.003928441347976088,-0.0020526885616760503,-0.002914859723713543,,
8,128,99,602,-0.00330005715269231,0.0013954386070658346,-0.00335473759798589,0.01342264498747719,0.008969988266278954,0.00552216644206254,-0.00840856997306156,0.000932831038561791,,
8,8,100,30,0.06685094479968023,0.006060003617257373,-0.05378067821738984,0.09629144773614011,0.03265845975200068,-0.057284363265895984,-0.0030111119103489563,-0.04849510788198425,,
8,16,100,62,0.04365390735990111,0.00037248909340665626,-0.019603423006818447,0.038228029765852635,0.013728995390065075,-0.029612923364007983,0.00035567410535386,-0.027489255332116436,,
8,32,100,140,0.020874813017039657,0.0005890222184080703,-0.007141578367072003,0.028028203676441654,0.009722814556188316,-0.013731903878100537,-0.007519594081812891,0.001242828783212394,,
8,64,100,274,0.012693558821116117,-0.0009500641398483609,-0.0009722144277358879,0.010237989191486926,0.004234756468369427,-0.007963686707331248,-4.299520215910528e-05,-0.003086242632819135,,
8,128,100,574,0.005446926715109203,-0.0017831889112718882,-0.0029774470154331732,0.007973265522467927,0.008365127104663733,-0.004338205548704889,-0.005365807065068553,0.0022511067150881416,,
8,8,101,28,-0.00514921131721191,-0.0039017632261438085,-0.006576481433206995,0.001040353665213327,0.010731741427329125,-0.003986411076964367,0.021224223827173715,-0.030261079600247452,,
8,16,101,58,0.017413456238685374,-0.002813212666553578,0.004029638272614723,-0.02875478542603071,0.016843473214135415,-0.012451885352772403,0.01715992519991375,-0.02855164259652404,,
8,32,101,128,-0.00849545735477832,-0.00014187588782296802,-0.0011055711316342001,-0.00824351811439729,0.005943693524961663,-0.00205303420525032,0.010915304975348554,-0.010663119992523814,,
8,64,101,306,-0.0064260942854837255,0.003115576326938858,0.007948651163293458,-0.01892169333260375,-0.003654720785739558,-0.0033540175314500484,0.008256438514768493,0.0018614501084166094,,
8,128,101,620,0.010145856483908533,-0.0006212249397759785,0.002369056933507401,-0.012269512885549233,-0.0032745636234136222,-0.0028893630365824643,0.006809500318807126,-0.0011666335315871522,,
8,8,102,50,-0.057358555316583244,-0.007316934632716708,-0.007472756129862688,0.01326115746138825,-0.00808833415337997,0.0007906452594589712,0.005540162289605005,-0.012723277147190886,,
8,16,102,86,-0.027381004216373895,0.00796803320035419,0.001080685726692204,0.011106452078961663,0.004166625748707749,0.016756190660763295,-0.02300612899657808,-0.011537429920498244,,
8,32,102,156,-0.021958071987753566,0.0007542066128001191,0.0008751453209573268,0.00905981739076418,0.008632751364667133,0.0076645768466227435,-0.011691135705799317,-0.006734378700701279,,
8,64,102,358,-0.027293759967264065,-0.002648097955199613,0.008146578126093805,0.0016688099894479073,-0.007617679291077433,-0.0022053247874053127,0.005206498377545246,-0.004730821174461013,,
8,128,102,640,-0.008613974663474574,0.00041671011795069125,-0.010335794825419674,0.010969200676545263,0.004200161336891039,-0.004434399738279662,0.0023312443381279108,-0.008068800983100444,,
8,8,103,32,-0.0019313153834176408,-0.005799864833196894,0.003063679352968909,0.006130928007873633,0.07278990885497544,0.0030159642996197443,-0.048626271683825995,0.022572980954510193,,
8,16,103,66,-0.013078903810475303,-0.001857860775762239,-0.003061152414977281,-0.0009892738696093955,0.04040013058483735,0.008387564359915023,-0.02279624183123595,0.006798439772767013,,
8,32,103,118,-0.0064554305639408106,-0.00027180677264589017,0.005687135828051666,-0.00526831976489158,0.020155938217699544,0.021614339387100855,-0.00799276597324959,0.0013571401293913194,,
8,64,103,288,-0.0057020364799852015,-0.0048246822211755955,0.006576673560420903,-0.005444162061271847,0.008316340163424349,0.007235990168944628,-0.002717573593324955,-0.007313415816851599,,
8,128,103,550,-0.0011058722470747855,-0.0055130762033812515,0.0058049031465377005,-0.0005606294635520349,0.003954809281247119,0.0059084150657761035,-0.001046432072829621,-0.003336876710443928,,
8,8,104,24,0.007079551004727122,-0.0005103744940487499,-0.010934624699821734,-0.0037149547788550407,0.01621674603656342,0.0032828190333203393,-0.01402734174393798,0.021488611974979428,,
8,16,104,62,-0.0039031773967754153,0.003959340864814152,0.009284729372455384,-0.0036578846336738835,-0.01024539222843242,-0.011360547855038013,0.005402903726817153,0.00449165355671199,,
8,32,104,128,0.017066621543448856,0.006004811865898323,0.00565587613439536,0.01070157696082862,-0.006416302217812151,-0.012550860990116704,0.01640330936266482,0.005957945271007065,,
8,64,104,272,0.010131633083673874,0.0031850425527426675,0.0037300088692912366,0.006757691988364439,-0.0027838897745659074,-0.0020610894580720385,0.012340278660377844,0.0019303357579685105,,
8,128,104,650,0.004838161287503317,0.001756659588614209,0.0031520339921944428,0.0019378751360888782,-0.0016159451951998354,0.00038964491323113045,0.007926170876501378,-0.0015881120793673033,,
8,8,105,42,0.043124963369520514,0.016042337031428017,-0.014647141844388447,0.008763783165421047,-0.00023989904776972656,-0.010585218721617365,0.002415104021580971,0.022472565707097818,,
8,16,105,78,0.016338679320860725,0.014451060876829453,-0.00027395880062817794,0.002103136874349698,0.004273883585927464,0.01165365274262368,-0.007217558820114227,0.011108867497207468,,
8,32,105,172,0.016056709815401075,-0.0010174473138783186,0.003993979698747955,-0.00033841997664363257,0.0015671720572130615,0.005694006382940065,-0.0012148668687826068,0.0023564611762476807,,
8,64,105,314,0.00536552689254962,0.002519143832232273,0.01029916814065357,-0.008438891791907762,-0.003600200440174499,0.0029938080837540963,0.0026590098353534773,0.007295198431345853,,
8,128,105,674,0.003746543287645725,0.0005541241042869641,0.005599429329108166,-0.007856288270330941,-0.0024525425259592556,0.009237058142640139,-0.002729065865766311,0.006176958705897974,,
8,8,106,28,0.037526510813612926,-0.008768940491588058,-0.008550019089273046,0.007107849721003208,0.019066192310463,0.011221520856240428,-0.02652566087940986,0.018421937225834968,,
8,16,106,68,0.0917485049919533,0.0027500913280058426,0.031477554593200244,-0.012042747419335833,0.003462917818981948,0.001926310898706875,-0.014885619097244377,-0.010322240370017749,,
8,32,106,122,0.04523284442358572,0.001597823699366872,0.01605831316156644,-0.005373187944126992,0.011052535473946747,0.004967219879846524,-0.013497294611360788,-0.006524773964191633,,
8,64,106,266,0.024023320152548554,0.001981258506551457,0.012800188940299917,-0.004887214648226326,0.00871681021529065,-0.0016729058226456165,-0.007510857283707732,0.0015916739195693664,,
8,128,106,528,0.006292823464786224,0.001283357952744465,0.004404213437022522,0.00035893921007312075,0.010122029184615668,0.0029562149202248724,-0.006182377997154499,-0.0038646349418838336,,
8,8,107,42,0.0027255990313222074,0.008383325672242122,-0.005024128267382072,-0.030574068845328897,-0.021233606209670762,-0.027262937376788407,0.05174932181658832,-0.014478938950441793,,
8,16,107,74,-0.00044893059137421284,0.0024370088850939283,-0.005405230107322203,-0.01636174646819416,-0.0036379297484836854,-0.011091855369723782,0.018764075203604614,0.00025562487594686553,,
8,32,107,128,-0.008556474002166548,-0.00015028588597403893,-0.002136767578136517,-0.0071766163375518435,-0.006862719292407106,-0.004998536242094361,0.01413850153257049,0.0009816757143648333,,
8,64,107,270,-0.007210006103348994,-0.0011345146548214552,-0.000591656368797594,-0.0072594922122068955,0.00028620421372865833,0.0034957151906109185,0.004483948035302599,-0.002703700264112527,,
8,128,107,644,-0.00719388311774121,-0.0013665453895957108,0.002035126655943256,-0.004499267279360409,-0.00017303638837414166,0.003026778376199454,0.0031809904878686577,0.005964947664830412,,
8,8,108,26,-0.012948240096019099,-0.027635621890708128,-0.014222688113380679,0.03512868291161407,0.04393622065839949,0.0004503137280798455,-0.04918771976899093,0.04071099844464611,,
8,16,108,56,-0.017955446557830015,-0.01610707614980973,-0.007524718799978522,0.019254261606546474,0.025428428375224906,0.000836594709550053,-0.024405917791017154,0.016858298819909162,,
8,32,108,122,-0.07855988180827476,-0.01735330819618707,-0.01890923351049034,0.03828108270031512,0.05992349087274197,0.015283749817133254,-0.056403875412474914,0.0427844601332423,,
8,64,108,252,-0.030539453787453857,0.00032811206404218527,-0.006728246124194223,0.013188180869546488,0.020982492659431994,0.002272998159329487,-0.022098597253580078,0.021437309826060843,,
8,128,108,568,-0.01210309084835805,-0.0005375961606162474,-0.00776076025269882,0.005580174781584851,0.010559199055767833,-0.005030641426990785,-0.0152453829956241,0.012830275321475336,,
8,8,109,30,-0.02982642396227381,-0.003642000300358924,0.001436174359563328,-0.0024451850200258216,-0.004386886459099334,-0.012700722902003246,0.010648175247045066,-0.014235061123845025,,
8,16,109,74,-0.0005212468882483854,-0.0035310736867905325,-0.0046959746615891805,0.024776569680093636,-0.01287536108558039,-0.0261038260816329,-0.0006729796166442209,-0.01053779779905373,,
8,32,109,146,-0.02421741633044023,-0.0029895223843300653,-0.005541093194149952,0.01416333050632652,-0.0016238938775500972,-0.028006690481762693,-0.0002592077990683421,-0.0051093440078967675,,
8,64,109,284,-0.023590354409422074,-0.004700010675091032,-0.005699980037109605,0.009458911020440976,0.001819210557041187,-0.01559549187499615,-0.006804282637466374,0.0020261115959168702,,
8,128,109,682,-0.005867211294062293,-0.0068454377445707135,-0.004976567740544061,0.006172522385406971,0.006811339038413974,-0.000935235936249228,-0.009235189139839768,0.00893948359400634,,
8,8,110,24,-0.008630945424789403,0.003897300365400658,0.007685556314580326,-0.011426385721154146,-0.012054245683185954,-0.00117668541396898,0.033431395276185195,-0.02325906593527599,,
8,16,110,52,0.04652945285247084,0.03251683124233158,-0.00021632138885514828,-0.00830319767471232,0.011225333190061365,-0.0042448474748541555,0.00227342728101278,-0.021855433638843288,,
8,32,110,126,0.0291156500701848,0.022473807595560717,0.004088319620575816,-0.002777154986721014,-0.010033096008579276,-0.01423780257235711,4.4168421778732194e-05,0.0022125322669615402,,
8,64,110,276,0.010873131605319376,0.012518164340261047,0.0009106163714273284,0.000135262326204674,-0.002968493462108161,-0.0054303255532313,-0.0015027047760924996,-0.003485936204324367,,
8,128,110,694,0.001554464860659291,0.005499259713588808,-0.00038844987832897625,0.0026288478828339528,0.0008565604442673168,-0.0019842223190893187,-0.0012784747137094602,-0.007528421793152909,,
8,8,111,30,-6.128849787843775e-05,-0.006895865677048856,0.0019193550100109194,-0.004989328417339143,-0.0018106232935346973,0.000924556642400802,0.007741606435658231,-0.0012238366376966072,,
8,16,111,90,0.009305321453767664,-0.006697371445726494,-0.002204459921667716,-0.0005931284145866516,0.005454081079331586,7.297452652238793e-05,0.00010730930880339614,-0.001353103922884064,,
8,32,111,140,-0.017630383985713278,-0.0019922721476244897,0.007041487629452784,-0.01986922266988365,0.020458113792218957,0.009334623493517663,-0.0017039129796874442,-0.023179877199233916,,
8,64,111,256,-0.01290926351272767,-0.0009993489401787308,0.009017603703190413,-0.011528636567725207,0.003968237933509032,-0.0036411576222196733,-0.0002872668129117765,-0.01168759520081686,,
8,128,111,524,-0.033155170108721654,-0.0007488952522098496,-0.005826377754226239,0.001073314622980994,0.005883262634509095,0.0036032277239482304,-6.204631092688868e-05,-0.009764760636135187,,
8,8,112,48,0.06914906437650763,-0.002977170571029324,-9.2860205665804e-05,0.021283391870928654,0.0028854874906171675,0.00938444527094917,-0.011283898266560202,0.03217494155503484,,
8,16,112,82,0.05211497001058891,0.0031967914863520325,0.010793759906709496,-0.0006869041579784683,-0.0051191335992483745,0.0046311127952403585,-0.006960800884575289,0.005906793697553419,,
8,32,112,130,0.012968004251849343,-0.00465454414437019,0.008705067634102346,-0.005932058023550208,-0.010256611008897286,0.0016041325170233147,0.0024131102913590753,0.00997599398019067,,
8,64,112,322,0.004279889012522242,-0.005489491187921079,-0.006663222435603002,0.0018692574667618415,-0.0022047224560755078,-0.0055305375007590005,0.0018300206155733307,0.005530150579067976,,
8,128,112,580,0.008256091463422223,-0.0015845266523039354,-0.007312500311527846,0.0020737367105344677,0.006739505626890884,0.0020093945747814684,-0.004210390647741796,0.0011807741820388476,,
8,8,113,58,-0.03226923937713328,0.0008924473876904867,0.057229035553217865,-0.02404900563210317,-0.028120797518839263,-0.0016530824906355673,0.011004059939211214,0.009546692406245961,,
8,16,113,90,0.010547892787455049,-0.008919586484200322,0.03602965802016231,-0.034662438300347605,-0.01589144567203083,-0.05116357634341402,0.025318338314236494,0.0013235493847057428,,
8,32,113,184,0.0029101363100488167,-0.01061815313214022,0.008432396906263804,-0.01732130335909461,-0.004766287894480563,-0.02496366059653299,0.010848870199636129,-0.006540965316358866,,
8,64,113,354,0.024433929750837084,-0.008282786317411766,-0.002389182056712806,-0.004993926278218808,-0.010613793300573916,-0.029415629341752847,0.011113544968341025,0.007063733974455379,,
8,128,113,676,0.008334522885738695,-0.0045352709473857975,-0.00937084279510705,0.0054417606474842055,-0.006513804788311984,-0.022179970119066365,0.008996801525106842,-0.000805869941035213,,
8,8,114,48,-0.01793043343160862,-0.008251286459550488,0.0144659272010178,-0.027895859617181662,-0.06246140551932083,-0.00228951793285023,0.061127641982339206,-0.0005968826653194267,,
8,16,114,76,0.035634833634751485,0.0012264717117119691,0.020042186619699393,-0.03400600224715945,-0.029794279670767133,0.014491956811451247,0.05389827003442593,-0.02264076362239629,,
8,32,114,158,0.06303842778848565,-0.002989666596111535,0.013690999476802008,-0.031324643732682345,-0.01578172580451359,0.024285730677079218,0.037962503661209596,-0.010959284569170478,,
8,64,114,270,0.06089826864495902,-0.0002856262913894397,0.014762072394072834,-0.023844291537525573,-0.014024038938686992,0.007691405971107851,0.019195244653270476,-0.003407630950195124,,
8,128,114,654,0.03214609578475487,-0.002911121999416203,0.00724093054613745,-0.014626838269970214,-0.012460320838157818,0.005356147997174985,0.01267869785304665,-0.0013143370275714107,,
8,8,115,44,-0.015541344659638957,-0.008049990643473446,0.009771108285884381,0.008478794200142154,-0.011075094985029956,0.003099027808951799,-0.001042365220270662,-0.005442461400292545,,
8,16,115,70,0.002169884579421966,0.0012713863217007312,0.0008960003769204018,0.007670701086158,-0.005670043296774154,0.0018181389007625353,-0.0011809564071020983,-0.007716548836445336,,
8,32,115,122,-0.0391018236849304,-0.016287858671344958,0.018170294049241566,-0.006676956624803516,0.03082122499902793,0.019289875701841736,-0.020887917185454134,0.0006832305343368518,,
8,64,115,298,-0.00908297527323617,-0.007669924705372576,0.015345643807573403,-0.005315558088542234,0.018270450543579935,0.01662733498407049,-0.015080268131809453,-0.004486148115770241,,
8,128,115,658,-0.004155762485651803,-0.0023237411860163575,0.006047562657438835,-0.003677154243963069,0.0033086601385566663,0.007112789410835765,-0.0090799342914446,0.00034102293507482905,,
8,8,116,32,-0.016676001407037958,-0.0005586996957194691,-0.0019965304557578293,0.0031716053671462883,-0.014523577240416237,-0.011171361257188228,0.00841342100375799,-0.008479909803223723,,
8,16,116,106,-0.0018101447681490755,-0.0015536008530510205,-0.002049486829024662,0.0018276045264179184,-0.006276139542996606,-0.003224319728962406,0.0018788368501442916,-0.005919204626566181,,
8,32,116,204,0.0018568561207635281,-0.0038227966387162026,0.0013310490593687718,-0.0011153678796284234,-0.0022400540567290273,-0.00042781410848928146,-5.8890161300335204e-05,-0.004831802505841784,,
8,64,116,400,0.005345644598537018,-0.005139538547343123,0.006575964105298376,-0.007260040266732431,0.002614943966713668,0.011395976745738981,-0.004032621490504319,-0.004847430961986749,,
8,128,116,742,0.009443129144854826,-0.0011664743162100616,0.003769817974132468,-0.004321311185033518,0.004601034992305444,0.006940366045717273,-0.002866441508706663,-0.004247357001556842,,
8,8,117,36,-0.02592246707346647,-0.0022073027300789716,-0.010392380779602384,0.005583674789747856,0.005700522182618795,-0.006518968171420078,-0.004476999047526103,0.0035281783096901653,,
8,16,117,94,-0.012094450155241701,-0.0004375445910575874,0.03427505972219897,-0.03248307101557136,0.0036184582737835403,0.015404570060034522,0.027473770130450624,-0.025551389315771233,,
8,32,117,158,0.005478241557939096,0.004421673787638135,0.021798141803667126,-0.011354657728989975,-0.003777925674202198,0.01830884882918857,0.008662599708027624,-0.011200995712727365,,
8,64,117,300,-0.003386933862105591,0.003818570916254171,0.003564729137859719,-0.006546517270906391,0.00794492936587887,0.017388439633593628,-0.000932002367406455,-0.007399747496370583,,
8,128,117,626,-0.009550279523830595,-0.0002892719582761525,0.0005353048690102213,-0.003937117336499075,0.002518863551155475,0.003396994222882591,0.003178270311897531,-0.0028200809898384057,,
8,8,118,34,0.001495045808876576,0.0006882788347641204,-0.002243571165852834,0.003954824210881227,-0.008572084662149815,0.0036384574221270055,0.01172273738926283,0.0005309273771939489,,
8,16,118,68,0.014481839292957285,-0.008013381463312414,0.0047960264319884495,-0.00993776037242158,-0.024161255651569683,-0.010005798549952469,0.01822852414067773,-0.0024162347046033095,,
8,32,118,146,0.014959568773023313,-0.0022620037184029945,0.003041679544172187,-0.0006853086915053761,-0.010037270571099164,-0.008988670606677471,0.010056431252119339,-0.016463339760144666,,
8,64,118,314,-0.007774379822766182,0.0009142589245543745,0.0031984684728817263,-0.002981699492857254,-0.009886249971798901,-0.010477253927170771,0.005764397715526625,-0.010906224432224993,,
8,128,118,642,-0.009451468163250237,0.0008858584048798952,6.57201578675918e-05,0.0009887982412980921,-0.006892974389764889,-0.007036103811161313,0.0014279073346355942,-0.002990990417716854,,
8,8,119,36,-0.02456590239941298,0.0034671605403961666,0.0021794776000138858,-0.006757552328641314,-0.015506117784790968,-0.008299896147078208,0.016540402564079657,0.004665793625551442,,
8,16,119,62,-0.031458150531265265,0.0027992478567098454,-0.0029502031804672577,0.0013146917924292101,-0.014754977894557278,-0.0042130342626038745,0.024807806081223287,-0.001156157456995092,,
8,32,119,126,-0.014246197907387573,-0.004535501153144109,-0.0019303625451869567,0.00909229611001056,-0.011978426650175579,-0.0029959583733229164,0.00690677668840472,0.006301961579672439,,
8,64,119,316,-0.004539549857150943,-0.0014919516441695617,0.01491742214700492,-0.0004728554940472455,0.00040322495404416814,0.011725483850168177,-0.0023972667981572394,-0.0013811619383267356,,
8,128,119,692,-0.013514818242374323,-0.0012726002246861482,0.014685158412829646,-0.004786545466082382,0.000987697625307669,0.010052733963925321,-0.0033546076032983127,0.005321847056115624,,
8,8,120,26,-0.028911854888745824,-0.003569722463226197,0.04311056850692845,0.006691153151451985,-0.006045565278797332,-0.002271838075625374,-0.014241664480893902,0.06093632986438683,,
8,16,120,58,-0.019957482712518786,-0.000735065239254026,0.01881010529121794,0.005312425261042028,0.0005518794050512116,0.001638865861132318,-0.004643462677165693,0.029151762844288543,,
8,32,120,120,0.030858058752736617,-0.0006127245115914275,-0.005473943908540706,0.025463894656756483,0.014138078141154444,0.006996224446999835,0.015091798542890911,-0.013786496587118209,,
8,64,120,246,0.008326952821119105,-0.010716357678065709,-0.009856520223419993,0.029829721872132252,0.008632735159236009,0.0034923188360380265,0.009960249869922253,-0.005162423859326534,,
8,128,120,510,0.010771108100310792,-0.006633217298973603,-0.00013882075392501818,0.01179823651190677,0.00784985625597895,0.007385071351098695,0.0022093915203899544,-0.00032997391716796154,,
8,8,121,32,0.025948413953917122,-0.002287373518710497,0.003941198144987263,0.0014883647548706096,0.003450042439942694,0.002280276960278709,-0.00032731360544214464,0.003097086006454027,,
8,16,121,62,0.003792003717950118,-0.004658829252931988,-0.005900452610628826,0.008524806142503526,0.011899196527405563,0.02026299291532646,-0.008644413476828833,-0.0017910050244246511,,
8,32,121,130,0.011669396076052559,-0.002326170362788243,-0.0025165624701806127,-0.0005297625100632278,0.0033022011167844244,0.015539039350641827,-0.0037528597502561904,0.002674192078834529,,
8,64,121,330,0.0044182791996642936,-0.0006541128566201842,-0.002879212848721059,0.006869320684522391,0.000350305590986851,0.0014919139136711154,0.0005984314741963745,0.0013257685545752036,,
8,128,121,652,-0.003470850148673705,0.0007967579630871524,-0.006839956218468246,0.005471499559614285,-0.012396774821007457,-0.013902327354546853,0.010145472659777076,-0.003186996839623447,,
8,8,122,28,-0.0062484983442253365,-0.0017075082748376055,-0.0031263313697676024,-0.001546825095857964,0.0011642507053054112,-0.0072531020411277704,-0.009154847719373317,0.012468313429666278,,
8,16,122,66,-0.011799106516169689,0.004585955590331772,-0.024070915805849052,0.003056683825830156,-0.0383793732165574,-0.02842764137327053,0.039195204348932686,-0.00048422206492374355,,
8,32,122,120,0.0077320458297055064,0.004189718353212254,-0.009594720334333475,0.00018011790421841698,-0.020978020200638544,-0.011034983551823014,0.019201482421084205,0.003513956317861486,,
8,64,122,264,0.01846678821725946,0.002289584510856713,-0.006017495999663026,0.0018196875719427618,-0.004276570202576567,-0.009772993445830712,0.0041141492400560385,-0.0011060668716586868,,
8,128,122,546,0.02084948391669745,-4.229638139853266e-05,-0.0013588392292573474,-0.0014271750329278962,-0.0037650897704724563,-0.008857188881183801,0.008491898364526013,-0.0013291087130890234,,
8,8,123,38,-0.029232581089372846,0.014006351764179966,-0.0251931225924955,0.011224637188249535,-0.012514699771274555,0.0003015040154462729,0.02250717495179825,-0.021908118676893264,,
8,16,123,80,-0.03329113322604769,0.008055041622761697,-0.014423024691817117,0.009569730391846838,-0.009926121295939115,-0.007749455965959407,0.010588873577919898,-0.007576220301639609,,
8,32,123,162,-0.009464185129265246,0.0015685122480688536,-0.010932283221532148,0.007324595420408135,0.002120346041613253,0.00048711315595729836,-0.005733205613557673,0.002725217638656017,,
8,64,123,334,0.030719403059520207,0.0010221233529664996,0.001142340701020455,0.0089556399624575,-0.019200397547483945,-0.012920431512973288,0.0053453784126629425,0.004766567648414027,,
8,128,123,710,0.010674936738648803,0.0007590305752439714,0.0033432416286694445,0.004034744278090342,-0.010591207988533724,-0.008146874137225911,0.001714166628969526,-0.00033590054979665577,,
8,8,124,56,-0.01058233227088538,-0.0031407279798795476,-0.037036495646563306,0.035169946806595166,0.005247952832893178,-0.006941188694672397,7.942625602695996e-05,-0.01675151738995832,,
8,16,124,90,-0.012232758126155225,0.009231958378288534,-0.01918415043973116,0.026858163826257362,-0.023160693008490524,-0.02659278858134404,0.01070826541299371,0.005528872023229019,,
8,32,124,152,-0.004818081484040373,0.004352487466783331,-0.012023053636481179,0.0170159772449508,-0.00941960573980736,-0.014445778271158477,0.006075752256196498,0.005309867777487248,,
8,64,124,288,-0.007522550841280739,0.003001784431164548,0.0035050781169301795,0.007203353019166767,0.00424778309413588,0.004163549295674033,-0.007348195702735585,0.00949897789280128,,
8,128,124,530,-0.005577415644092495,0.002773991602013451,0.007384959659942997,0.0002540247177059352,-0.0026384760038259372,0.0021287389738302276,-0.0005217522502734051,0.007697888541021041,,
8,8,125,58,-0.0028067625978347305,0.02545935674522945,0.013345739664788065,-0.011868071629471674,0.014148794871809776,0.02503554532100843,0.01366354567663407,-0.019912716128472382,,
8,16,125,112,-0.004403766442590433,0.012338000874902916,0.005233274009799951,-0.00627603818994754,0.009124382227159836,0.010474663778111497,0.00584147531848232,-0.01253267433444597,,
8,32,125,188,0.0015787293491627953,0.010256511101132114,0.012196700029626284,0.0046101371544055155,-0.010781741362992567,0.012377943952300205,0.01574327355454001,-0.010792696824350755,,
8,64,125,348,0.004198888744931476,0.004522979615239445,0.002842421542597215,0.00528068638933742,-0.0044155692659435305,0.002833842965936142,0.015667804053174337,-0.012353421444780502,,
8,128,125,636,9.956439727792885e-05,0.003671147757547167,0.0012328158754557929,0.0023615454395248484,0.0031145190207214945,0.000798970982445983,0.002499023356565086,-0.003969896477074426,,
8,8,126,44,-0.01411593497350481,-0.0013113646167937235,-0.002275709320326786,-0.0009700546370948714,-0.0069295045962078665,-0.01792329563217734,-0.01208304053649819,0.006699491314785127,,
8,16,126,84,0.010070882216406143,-0.009387065571747405,0.0008448641545688262,-0.01566406609980719,-0.006356341756582683,-0.017300872140515174,0.005925174892147974,-0.01250433801912266,,
8,32,126,148,0.0038594230671466757,0.002913904906859879,0.0044138552796188875,-0.0326350840521763,-0.02216461842299491,-0.02614221267903449,0.0350763815607847,-0.027421845289412092,,
8,64,126,302,0.04606269323147172,-0.001871700562992379,0.013009830745859539,-0.011989816851510631,0.00047405466305087854,0.00108868697307617,0.008709450700925317,-0.008223227693925408,,
8,128,126,702,0.02021435651433292,-0.0036402277544305053,0.004749275018890049,-0.009232965999826091,0.0005477256224555101,0.004082015603084109,0.008850779744646682,-0.011168619295093897,,
8,8,127,44,0.020543570320220795,0.006910778978261335,0.013405597930631919,-0.02536301625901371,0.027765500511556556,0.0441897147177968,-0.02629985825869412,0.02672530359442764,,
8,16,127,72,0.0007483886540079674,-0.005101933414538309,-0.004542728256309511,-0.00696034582590314,0.022130985100495944,0.022505967564526923,-0.020325400420285272,0.005768035178938599,,
8,32,127,144,0.013664566702934412,-0.0064683711608138515,0.006444852191181341,-0.0019010119854869182,0.006931539396312489,0.004839191984521567,-0.004229048935849955,-0.007209266513571896,,
8,64,127,284,0.011095864437615097,-4.9375763341295874e-05,0.0009773789422285752,0.0029874545118196245,0.006612047729303442,-0.0003684769247808297,-0.008961209357058044,0.0038768718543054207,,
8,128,127,650,0.011702528031819547,0.002021696787722776,-0.0005910890232325088,0.003007152471067584,0.011406786172939982,0.004803266392159529,-0.012515988706273405,0.006576003274706335,,
8,8,128,30,-0.01156442962371649,0.0015440368651921173,-0.0006302655787251655,-0.04448484234909294,0.02431778443515133,0.03188313765549466,-0.011027020551232959,-0.022536767919191802,,
8,16,128,60,-0.014672330857314815,0.0015855692065722673,0.0003015698707846411,-0.022324508916945002,0.016136695409974904,0.019834713282901966,-0.0077082378890178,-0.009822074641940678,,
8,32,128,158,-0.011200829969285564,-0.007679950889800852,0.014164920652647982,-0.03450947110243825,0.003944343229394666,0.008397112875235993,-0.004108126738143229,0.014994087737907492,,
8,64,128,282,0.006986061102367005,-0.0043210136528815234,0.005759010072247105,-0.02074305363537601,0.0018508933072644538,0.00148059824436675,-0.005466684080478972,0.010250880058838873,,
8,128,128,548,0.009555760898167915,-0.0052674730471876825,0.0076938333882072465,-0.009576013551384367,-0.005507963201239699,-3.479078729011414e-05,0.00211274523418412,0.008464098780322622,,
8,8,129,42,0.0014413178193392793,0.01101437906962076,-0.011596626823237473,0.011779033059246824,-0.007086335528571269,-0.014796960247079018,0.012347292591706869,-0.013000523405646978,,
8,16,129,84,0.007116494252873234,0.004715650721541715,-0.015047231140237288,0.0069989892867145095,-0.004202083163981959,-0.02020148198045409,-0.008139797655069461,0.012437854379061681,,
8,32,129,146,-0.00031250288015409575,0.008954677881788367,0.004458293388349334,0.0034398375232771445,0.002338534812810669,0.0010978956629855321,0.011762954820164442,0.005040214559621161,,
8,64,129,268,-0.004826490172013064,0.007028985634954821,-0.011858588487727828,0.01493543939996729,0.01297083681125891,0.005076333163520748,-0.0067203906195979525,0.008115057679412372,,
8,128,129,616,-0.0020129025856254804,0.0014065757700859347,0.0023574728070820746,0.010371793839484573,0.008353959397780261,0.010324946502930652,-0.0015412571357571543,-0.0003138097143242277,,
8,8,130,48,0.007806775040164091,-0.005482566481642171,0.02472996865310653,-0.034800632079309536,-0.023222877258379668,0.004526826919811416,0.012413743480340843,-0.009772171519568603,,
8,16,130,100,0.02164103042095228,-0.010175832174588511,0.00011341079004337099,-0.01647299681604738,-0.016061966180124444,-0.001351771934852229,0.0211960894159266,-0.015709620025614345,,
8,32,130,168,0.01153250463011621,-0.005946547768834177,-0.0025439286075898404,-0.009176404572662554,-0.006210308119768072,-0.0011504721601007179,0.013914436552008575,-0.016302946425508363,,
8,64,130,306,0.004835361060279433,-0.0019643135550673294,0.00019760620070246178,-0.011882136030197036,0.00022321246347448145,0.006714433396665489,0.003937001326218075,-0.010381119728866118,,
8,128,130,546,0.0011099938823311802,-0.00047877816084342963,0.007526482066390838,-0.01495843428264326,-0.0024898627086258067,0.011524684880159508,0.008710294742165073,-0.006477874817163476,,
8,8,131,94,-0.1437023336050376,-0.009747587496881205,-0.06935103867294216,0.020042949708269635,0.06497826433870349,0.016359712906584306,-0.059272117036004074,0.008325409723794674,,
8,16,131,126,-0.06416199944000743,-0.003613470643380829,-0.03610714556809919,0.01126230040892279,0.03080355495163934,0.006058717363064912,-0.028300522159093202,0.007300067886024644,,
8,32,131,190,-0.017119685805538114,-0.0010790694901693881,-0.031346616897655166,0.018925573831497094,0.024657711041950765,-0.0037094266884635002,-0.026552588490323558,0.010605700127501567,,
8,64,131,334,-0.016247957842828568,0.006017294930954381,-0.021450171287935468,0.0056147471485412355,0.01864151071945303,-0.0005274178094063591,-0.016029947702259805,0.008230228724203049,,
8,128,131,700,-0.0005152322288457026,0.005216064818483996,-0.015254876616837807,0.011840288906056075,0.012665075752787972,-0.0016858069920683354,-0.0071802506583889735,-0.001012181457806136,,
8,8,132,54,0.001316149988889955,-0.0006489136584423059,-0.0008891505419780129,0.005184041277381853,0.003430416788918623,0.007984914040387947,-0.011033353939396806,0.00374207528461927,,
8,16,132,120,-0.0023066248564199868,-0.0016131953352014508,-0.013172953168623644,-0.004132851654701607,0.03486975236185609,0.035375068844188284,-0.030547150675778248,0.00940615628183989,,
8,32,132,178,0.01818322799662519,-0.007776988595045648,0.0027042274411169433,-0.0002541174080747911,0.012092078715517415,0.012728593337962613,-0.016897767556395837,0.012393864921849494,,
8,64,132,392,-0.004450578404009026,-0.008369148296122994,0.00887265858339143,0.0031144296247516048,0.01042705281227141,0.0031311050544651237,-0.015660426261324224,0.012555090389388976,,
8,128,132,666,-0.0020134818749219115,-0.002496874212099962,0.004415443014265283,0.0002640907850301128,0.007085321089544294,0.0057937583377531306,-0.00628443420736909,0.007337091589946332,,
8,8,133,32,0.01531016975598357,0.0022544055880680132,0.0004328218332924765,0.013539062459600314,0.010629380462996165,0.015388732097690063,0.016511674159030154,-0.009344948034483722,,
8,16,133,60,-0.05522718985077655,-0.010219113176720349,0.03441313189735095,-0.024480102647330634,-0.023783652252453866,0.012406941590280563,0.019525868726241687,0.01038747935126114,,
8,32,133,120,-0.02639508392687795,-0.015094603474036086,0.021834167523603072,-0.01580646479237537,-0.006843663251026679,0.010817541298552922,0.0019262736160072557,0.0008534238518338298,,
8,64,133,256,-0.009947707100309799,-0.007737224146186366,0.0016172590597531883,0.0037831750900847727,-0.009994958440352412,-0.009073375791977735,0.009414626148366089,-0.005878516638595791,,
8,128,133,598,-0.01599069636571844,-0.002193321184007331,0.004226995736841237,-0.003565362051717155,-0.013282203928758512,-0.008401588666020183,0.007689741541417821,-0.0015549383977464773,,
8,8,134,50,0.037844757414433924,-0.013806415303858574,0.010407712696626424,-0.0052331979264592585,-0.014048980228140712,-0.006227643123889166,0.003508847765332509,0.010177176964210033,,
8,16,134,112,0.0216008268426954,-0.008375425168708022,0.008316808114443677,-0.003415658174161172,-0.010449503044711353,-0.001194520229791412,0.004423458805732878,0.00500301983523087,,
8,32,134,188,-0.01343133362304852,-0.00752872137611163,0.010865591474640382,-0.009193169254368411,-0.009230584421910906,-0.0022191388432553395,0.0038277106756096045,0.011244642699392588,,
8,64,134,354,0.003537274246347362,-0.002742320079572864,0.0015500875453103723,-0.0036817652027943274,-0.002470869307016686,-0.004486934987629494,0.005908074272484064,0.00401255425610003,,
8,128,134,598,-0.0020521019874623326,-0.0019465670601581094,0.0008106706952146017,-0.006891594463321697,0.0018383882978477918,0.0003520934219192322,0.0006485145887939077,0.004400202395672063,,
8,8,135,26,0.01396741750179746,-0.0011902113072544177,0.016184235120480422,-0.01020747467735246,-0.0031454585404427715,-0.0021956598389525272,0.007318024668162449,-0.00487159895259183,,
8,16,135,74,-0.0013760089864090787,-0.0021703957915518443,0.005255637277111797,-0.00027788996313162645,-0.0019778650969928665,0.0007388563288315065,0.005548729211155203,-0.0008628656553487322,,
8,32,135,166,0.005619041768297383,-0.0014429112736855224,-0.003790082401729403,-0.002233693452479188,0.005411479429122712,0.012160415971133837,-0.00284979937774615,0.0017296600254161337,,
8,64,135,302,0.0069397665297987856,-0.004059023468826572,0.0012548551236602598,0.005630994236730294,0.005793451783538555,0.0005343534030834525,-0.004879355259784827,0.010687530813457448,,
8,128,135,574,0.005805355181870405,0.000587076191171905,-0.0061845492695430816,0.012314013462298065,0.001143406156737028,-0.0114517801027341,-0.002091969184196585,0.004904327753700635,,
8,8,136,40,0.019449943938670482,0.002477181865833845,-0.0006298614358801536,0.0033244463605173686,0.007748451317426553,0.0061485167208392005,-0.025767126064765656,0.016191187081422812,,
8,16,136,78,-0.011074635240245819,0.0032471309900900425,0.011192998978490411,0.003098520665501132,0.004119015885784644,0.0043926420659991415,-0.011636184491412262,0.008379013776111275,,
8,32,136,144,-0.015688973599488617,3.0269941132208746e-05,-0.002314485045835792,0.0205331280767663,0.00495008992563466,0.0027130664759112896,-0.004362568357812189,0.008349217375097669,,
8,64,136,276,-0.02509106990903042,-0.0017294413285691304,0.004837539648279266,0.006046146940921172,0.004962857562263744,0.006692498793216421,-0.005011086156186538,0.010889950973271983,,
8,128,136,628,-0.010191031723359046,-0.003367555482364356,0.004434254349264292,0.005136381343566852,0.011636958863373983,0.008447564862968123,-0.01430522883982656,0.011657805700935692,,
8,8,137,46,0.005593570361566656,-0.00015938667933260544,-0.0054263654549620965,0.004862132176902076,0.01007991451113118,0.008741723211356467,-0.005154516533679758,0.0001503924421905633,,
8,16,137,84,-0.011767718209530395,0.0020860426475277603,-0.0015566891873361984,0.004886710182328211,0.004847804731693122,0.0015538499728746035,-0.005484183758620658,0.0026195703672449114,,
8,32,137,140,-0.009248741238886842,-0.003151131487763207,0.0013096110086406629,0.007897613792701513,-0.005448156658469665,0.006769600905877884,-0.004008592169256596,-0.0011693010716923046,,
8,64,137,276,-0.003923036230743971,0.0010790334030223842,-0.0020123101227796573,-0.0026375420391032845,-0.0034250148905248705,0.00395373384611319,-0.002607966398314355,0.0007893930919509554,,
8,128,137,594,-0.004755920969218636,0.001923204814582023,-0.006055480383282301,0.0016508467122535331,-0.007696413264787194,-0.00870764175663764,0.0028055842512074037,-0.001412486762701714,,
8,8,138,38,-0.027866575211251812,0.0007772271713272551,-0.016033863423589697,-0.01388929271317645,0.006206570959337702,0.012326031063684958,-0.013499548641377167,-0.014929355493029298,,
8,16,138,80,-0.01631352419783251,-0.006499309858526311,0.004967212328795847,-0.028724392156084397,0.009843737421146893,0.032495926041725534,-0.0033062879609363654,-0.03527568237407491,,
8,32,138,198,-0.0040446303179787575,-0.009285046276582349,0.013923765282035313,-0.022870012250626626,0.004337407127182053,0.023973874798833807,0.00282203656786294,-0.009094963054860333,,
8,64,138,354,-0.011083632108649287,-0.005049765800959898,0.012144893042755995,-0.017407928189332372,-0.001331643244767964,0.009092433915009333,0.006675391176301039,-0.003287224297262972,,
8,128,138,748,-0.007846401587748325,-0.0030337715623015237,0.009334274793260143,-0.010695073398611851,6.609897450169249e-05,0.005476326399132936,0.0028418503675949,0.0018493654337007495,,
8,8,139,32,0.0045895033365301666,0.0009945514640924747,0.0012978306209900934,0.005012490309918799,-0.0013049261259799449,0.0018276848632602708,0.0007517672469910544,-0.0011416604373927996,,
8,16,139,92,-0.07689517544892226,-0.01600539976166987,-0.047538998792882974,0.03752502979138269,0.07124857765375966,-0.03810316131217224,-0.03625780094976869,0.017090396897609102,,
8,32,139,170,-0.03219673204424894,-0.0033459855718981696,-0.038619905595915494,0.03311389021415417,0.04762392787351835,-0.012718725851584756,-0.02622260974090849,0.006809323474308775,,
8,64,139,330,-0.028615434810666137,0.0040059324859211595,-0.023009629421396113,0.021322640016521788,0.022093224332377075,-0.018561531623815,-0.012270210069132035,-0.006165770332873658,,
8,128,139,690,-0.008456315137594352,0.0033706077680162047,-0.007948440942868416,0.006327884978557337,0.008595971845656901,-0.01011851530499617,-0.0053957512045335635,-0.0046829574185883885,,
8,8,140,34,-0.010696982540572731,0.001642881372965396,-0.030869123283719192,-0.016714889262671166,0.02332374058121632,-0.012021827072547049,0.01540346408303468,-0.00021068453020502327,,
8,16,140,66,-0.009043629969019883,0.00041141069423279264,-0.014485917455425417,-0.007685510247585927,0.017974594807554138,0.005370382023827034,0.008382714604004837,-0.0009340514236427255,,
8,32,140,146,-0.014127566549210642,-0.0013689601424688174,-2.0994614834199594e-05,-0.008813346490789893,0.0006138042488995906,0.00020157272592357485,0.007193904310832298,0.0013460628323860374,,
8,64,140,336,0.012116900319842526,0.002721677776951602,0.003462811369022408,-0.011350869343890537,-0.0013724530843642769,0.0025615224026575493,0.007091140729191611,-0.0076045082056808684,,
8,128,140,646,0.01237311561634561,0.0023769743615404608,0.0011032637161283963,-0.007188897060922828,-0.0032053050862573306,-0.002637186894546686,0.014311463964603224,-0.01364412432452101,,
8,8,141,34,0.06149793846991179,0.005026077886184251,0.013000960317355308,0.023449161021610317,0.04150381742921849,0.034210062508628965,-0.022471014884615857,-0.017012053174118948,,
8,16,141,78,0.021735622731433386,-0.0014977298587728449,0.016774602960510764,0.010783436923933557,0.007505846395944218,0.012265451014233477,-0.00667432877038215,-0.007605871325283765,,
8,32,141,154,0.02804188629246509,-0.0013578611413900467,0.005647921857196548,0.00635373054525731,0.004764556984043602,0.008184950088159998,-0.0071617912349883515,0.00041476390184529393,,
8,64,141,320,0.017891526048817556,0.0002925904712642343,0.0051196896449088635,0.0044926701644594485,0.00519698281103556,0.003141947830758087,-0.006621696083010962,0.0023505770027754417,,
8,128,141,602,0.003538618339333308,-0.002425492124181399,0.009475070807859094,0.0007241338297041225,0.006580264243176084,0.0017024894049514148,-0.006956761296837117,-0.003964126659692579,,
8,8,142,42,0.023064133283632274,0.009883030964931044,-0.00573380018050545,-0.023677098354789285,-0.009793543560141824,-0.026731495702304237,0.003946799788856296,0.01808905715919053,,
8,16,142,90,0.04718310887496898,0.008565684341573827,-0.012842252251688838,-0.020224827395153085,-0.00854949213085385,-0.03466565592229136,0.008028513429686628,-0.0054203034714791435,,
8,32,142,164,0.012757689851921918,0.005025698913897894,-0.009814460796333507,-0.006650472409020995,-0.000989509488089712,-0.022930412286314525,0.001116079229214742,0.0011107093634486818,,
8,64,142,330,0.014154601951624008,-0.0007370809942350991,-0.0028787244165793422,-0.007286587939630393,0.0003515844850186876,-0.01863662928673736,0.00022575850189992933,0.004887745836508373,,
8,128,142,570,0.0030981695837353474,0.0002458988565613838,-0.004126214037791887,-0.002352466726975161,0.005157026759670173,-0.0067613310501362,-0.002015041964975376,0.0019226154947318188,,
8,8,143,46,0.11464484153419338,-0.004446442844898618,0.005368083826281527,0.003039463200164126,-0.01153404424403053,-0.005347503943492503,0.013628730400007266,-0.003573916489440951,,
8,16,143,76,0.06261692593389981,-0.0024924360194257924,0.0049691740027436645,0.004157031016209226,-0.007222492666668034,-0.0012607745003505545,0.008137421956648171,-0.008786074854156535,,
8,32,143,170,0.031688751227416136,-0.006040674664567227,0.014974511390453043,0.00459023408481759,-0.011591669515739825,0.003548455786668951,0.013905197072770114,-0.014693945745457567,,
8,64,143,326,0.0010672792853580455,-0.005244871725707911,0.022640364343140384,0.003535217063733114,-0.00123583838217853,0.009365433254582724,-0.004080451373723304,-0.00288591963238232,,
8,128,143,626,0.011654135582409852,-0.001290523146525493,-0.0008002726008167863,0.020408722827826804,0.013395617294156144,0.004213088958791362,-0.013478481701001648,-0.0005786282643731801,,
8,8,144,34,0.06354900058936831,0.014424129775789362,0.003399443257006848,0.01215241251496203,-0.010445930453579338,-0.0009314468567934242,-0.0007934281877888816,0.0031360509258709923,,
8,16,144,68,0.021222444030960394,0.01389328128833042,0.046647906107327636,-0.04461665513392286,-0.009590140941722499,-0.010968875012461974,-0.006128029126676067,0.03301354425966357,,
8,32,144,130,0.026506335597194387,0.0019456763924057846,0.005378846879272124,-0.012758701525673629,0.006852618122502577,-0.0103161931437862,-0.014593775971621264,0.02969728469920956,,
8,64,144,270,0.025047696891078646,0.0009228553584792502,-0.0009964595200138546,0.0002002004816298806,0.007785035246947981,-0.009008090257080787,-0.006089110195518468,0.01974078833173742,,
8,128,144,550,0.018322967582873446,0.00222211602870459,-0.0010263719228393413,-0.002179707995685174,0.004744140324151868,-0.005799897615332998,-0.006180424538795321,0.009284744756482421,,
8,8,145,34,-0.0028449496800228347,0.012662489195269418,0.01701872771695719,-0.009656564696570518,-0.00608497899578947,0.0029170612705502687,0.011053971412854052,-0.0033698091366317594,,
8,16,145,78,-0.007426079118388994,0.009385746532526327,0.009743236026762173,-0.005609452876160964,0.005919217985060143,0.003466592582153503,-0.004327974550767021,-0.0003566267814615247,,
8,32,145,140,-0.009404147687062997,-0.0026432428040135216,-0.0010021352160244292,-0.004084516325916793,0.017816087845501767,0.001201585896081868,-0.01154932137840379,-0.005892649961036195,,
8,64,145,282,-0.004744486142689526,-0.004415529489071793,-0.007837721277507682,-0.005445967249683733,0.014536692694701269,-0.0030577859611325402,-0.005172000404123369,0.0027752958741896904,,
8,128,145,578,-0.004576088402106597,-0.00048167025229108463,-0.007053227752352672,-0.008148975057573522,0.008126669270599777,-2.320795215863042e-05,-0.0031833670031168474,0.0026749176547857384,,
8,8,146,34,-0.02816068117069631,0.008849418493032614,0.001346535093330649,-0.00877748364631868,0.014126211256778924,-0.001767702973190467,-0.007840610180929075,0.004351224697462639,,
8,16,146,92,-0.05088158878868497,0.007970050054274789,0.014808453496932808,-0.010881970145590598,0.0002603780496456506,0.012292813467119532,0.006133116879063757,-0.01510630327666272,,
8,32,146,148,-0.03198982735280578,0.007983558378236028,0.010918309373120955,-0.006896072701506258,0.003643583037285502,0.00615338575037419,-0.0026209019796012913,-0.004317857286500371,,
8,64,146,314,-0.028388320510378335,0.0019875458614222836,-0.00017208526595676355,0.0022671580529635194,-0.0011001555671816155,-0.001967774154197741,-0.0007182979801312552,-0.008508142573959373,,
8,128,146,588,-0.010123063848854605,0.004873841828959598,-0.0010673640879464651,0.00604236592975038,0.0026606372014169465,-0.00421664831010847,-0.0008708195748107261,-0.007230197173416715,,
8,8,147,42,0.03068817319045156,0.0037747384589940716,0.016563348253013473,-0.011830807715767692,-0.016612087182195465,0.023546619271933182,0.01878365778544651,0.009023703619050846,,
8,16,147,66,-0.0009127136900711017,0.0007566155618300464,0.007136535404125836,-0.006678788887128912,-0.007878576037244858,0.01234020313051925,0.01395699046734181,0.006185713253563818,,
8,32,147,126,-0.013914620688825477,-0.005730041499115519,-0.003915139014781125,-0.006686965755117286,-0.009545782001484444,0.005366036705189638,0.009801982604173443,-0.011545765672326961,,
8,64,147,344,-0.007378449013434327,-0.0033916959650456386,-0.004159498611294196,-0.0028215985113524255,-0.006763944194072543,-0.0051524877929704505,0.008561808554536206,-0.007001276064452207,,
8,128,147,708,-0.005404104797021535,-0.002400846889273279,0.0017069879212669422,-0.006002981413518999,-0.0024636918003319306,-0.001096954268739496,0.004008905815799565,-0.003575551547665904,,
8,8,148,36,0.04216457361702298,0.005687161104539159,0.022611940524759375,-0.027583396262721865,-0.01970566479481577,-0.00018848508917592953,0.034122995722267804,-0.029264876214011065,,
8,16,148,88,0.003877465333007282,0.0020489945257515883,0.02342763863955395,-0.017729952802941835,-0.016092737970156996,0.0025167103918538034,0.02489582256821476,-0.02062066479678821,,
8,32,148,150,-0.004543673825459188,-0.0014002734095741732,0.00933552458139354,-0.0028682599743756294,-0.009239799630105638,-0.0024540299462305383,0.010383216432927467,-0.006106282692890342,,
8,64,148,294,0.002882368572176848,-0.004419419361272134,0.0009459561257281804,-0.0033463212812720176,-0.013371425790875833,-0.015084573255965185,0.012756117840386114,-0.008080771988517957,,
8,128,148,622,-0.0017237595087914175,0.0010160886425860406,0.004131391051218323,0.0067791988756264925,-0.005872219667362394,-0.0030508490784191605,0.0055461867059630795,-0.010962573774683893,,
8,8,149,28,0.0031448709496639175,0.0024958010035045397,0.008977431358152283,0.004202086498528286,-0.0019570968843803695,0.005326791810702884,-0.0002460895070696311,-0.002648462987899963,,
8,16,149,54,0.014643805614084748,-0.004974883860888793,0.006433529847053723,0.0072618100969355,-0.010245000864285524,-0.0025206564115103454,0.0072103240416389784,-0.0010484713772885858,,
8,32,149,126,0.009747206383449728,0.0008176057940426206,0.007026726575982553,0.004864059519472061,-0.006944508819434311,0.004092407765090667,0.0019221464012653163,0.0028871051600555466,,
8,64,149,236,0.004838177800948173,0.003590184759914974,0.008086990106099113,0.0010404554681420829,-0.0051836723920592066,-0.006374858912594988,0.0005535470188158514,0.0038851595166312304,,
8,128,149,560,0.007741631839328626,0.00035875758727475223,0.0038109034618443154,-0.005465899456514128,0.003358424860114201,-0.0018470129856206045,-0.003095457629895424,0.002005443770322552,,
8,8,150,40,0.0303914877594366,0.003730016309939948,-0.0015373581944926466,-0.0004197402008167059,0.006604127626204401,-0.0343633504257987,-0.009550609196754063,0.015834823644366953,,
8,16,150,80,-0.0029045847841074105,0.007901674574566331,-0.004807851436134191,0.003977610019251221,0.005569046238499005,-0.019805189381223665,-0.002770115294499752,0.00808325990909164,,
8,32,150,140,0.0017144798057882758,0.005770957260271671,-0.006048838327812777,0.004160603112904646,0.010046319029090181,-0.01617723644817691,0.0009195918559133196,0.001811268512927577,,
8,64,150,338,0.00963871161573631,-0.000763585919160864,-0.0029494933615161712,0.006802618605962192,0.0052773073607749405,-0.008291950206472552,0.0006761078504320529,0.004755931887628036,,
8,128,150,638,0.010491875989810476,-0.001798897630457578,0.0036126128480308667,0.0005678451795819451,-0.000384688582814541,-0.0032101273582959156,0.003730028640974037,0.005626874859848315,,
8,8,151,30,0.03414439270067707,0.006005465983075385,0.0032126192502293614,0.008227429127403553,-0.0040889799101430455,0.014392178801858469,0.013015417280424164,-0.021982209327910958,,
8,16,151,74,-0.08843110765006523,0.004444307317078526,0.04882459148518145,0.023068515645330176,-0.006280011817080317,-3.913637074675789e-05,0.002016672335033817,0.013138512037321116,,
8,32,151,178,0.0023774419911784103,0.018798707346051123,0.022155567843477282,0.012816214853011413,-0.02111110549250364,0.013519905276518931,-0.007399670306563728,0.012793504018776635,,
8,64,151,330,-0.015508093599105604,0.009483385543844971,0.03125826063041022,0.0031450173495991655,-0.025706999586284987,-0.010370531404331215,-0.0025864697671329,-0.0014820966368601432,,
8,128,151,624,-0.019694376520312057,0.005554368879454432,0.017363228608965258,0.0008531814858288656,-0.01684217780240482,-0.006233445324693699,-0.0004242498816933895,-0.006106557113379139,,
8,8,152,34,0.04773608506271326,0.00988184899796467,0.005259739437360703,-0.007069539506417702,-0.012539647767655274,-0.0013151588183991738,0.006637130113061223,-0.005874356349110371,,
8,16,152,66,0.02740514302419088,0.0037934718931013837,0.013530063081200729,-0.013698006554190897,-0.0064353794076271445,0.010468531276146161,-0.0016463241928379216,-0.00229955846427291,,
8,32,152,126,0.021271363352473257,0.003412965497944536,-0.006993913764097462,0.002726562555755532,0.02370805757367579,0.012354498636875554,-0.015405041104108473,-0.0010423274745790566,,
8,64,152,328,-8.149823580820525e-07,0.0037200926740682248,-0.003634609667786621,0.00244503284547302,0.002262680968587555,-0.0016247166720382738,-0.00974606052020656,0.016443949894829557,,
8,128,152,682,-0.015883756047561124,0.0052442152116501965,-0.0013452279560883366,0.0023195882102001967,0.0029490688094431033,-0.003235163268223966,-0.008528930472742521,0.010224028240060324,,
8,8,153,24,0.002398208614471965,-0.007763532350185423,0.018480200143438534,-0.0032831669275052303,-0.0036695306894282986,-0.01065355320402393,0.010541911786818159,0.002991926328910108,,
8,16,153,58,0.014816530551343243,-0.003509154607967492,0.015341420097809708,-0.004350751411061336,-0.0021738835154094223,-0.0053492246567541845,0.009987825355369268,-0.003781215713435742,,
8,32,153,132,0.007600202397114045,-0.00034082697770773966,0.006273860524667803,-0.0012960387578776586,0.0028868985579219,0.000756304913302776,0.0025676152786958738,-0.003228914692585102,,
8,64,153,292,0.008464373139912081,0.004585101494717613,0.003463013710016803,-0.0014952943245241821,0.005718192497037151,0.001524148899380447,-0.001246112169379622,-0.0014376209854993966,,
8,128,153,644,0.009031031450707779,0.004093233824106813,0.007514832825080911,-0.0037152172628919207,0.001329232378183999,0.004163505953489936,-0.0008416692922364454,0.002704292140802162,,
8,8,154,32,-0.008326987333168352,-0.012758856340341334,0.015081255661393886,-0.007544652450608081,0.006737636524348563,0.011215737095734549,-0.007088680378781102,0.02158514379777688,,
8,16,154,60,0.0006957673325783271,-0.0033953127400002123,0.013843866911849818,0.0012524810314768046,0.0038042884741630247,-0.0018016693598527098,-0.00937596933394724,0.017240048056079812,,
8,32,154,132,-0.0032678702257349073,-0.004612659706739449,0.0002489633193602689,-8.863765325531181e-05,-0.004721719762345357,-0.009117876201090332,-0.000358514654728823,0.008814320696293365,,
8,64,154,260,-0.015034568559671016,-0.005879117332953926,0.001957736269200794,0.011630600085948717,0.0029594566824847953,0.003630364107635626,-0.006276223237039263,-0.004685397600076677,,
8,128,154,552,-0.01175661110245316,-0.0041163367060868695,0.0021292086681215876,0.005102119556275322,0.004079137982018,0.005746563247001248,-0.0019872941160304497,-0.0037372080517284133,,
8,8,155,46,0.04029943090666615,0.008753000979176462,0.026025154921789154,0.013406006403507066,0.021848303373625297,0.017473695132085,-0.0304904406844523,0.02761940549948604,,
8,16,155,100,0.018190231457705704,0.003978173008235391,0.018710090803422223,-0.006833140527242904,0.008497268254662332,0.009072741842487884,-0.012407337353128711,0.012298490796388097,,
8,32,155,160,0.07159499880245869,0.0017051453792537269,0.001993195350268165,-0.019452770282199935,0.011266273102900529,-0.0014966213899580737,-0.004827801994732948,-0.016933534115200752,,
8,64,155,304,0.03422434760678999,-0.0006157729649701772,0.0076599138673870805,-0.014972029945671038,0.004087917870615294,-0.005068991172400814,-0.0010087498645383228,-0.007277689295250688,,
8,128,155,670,0.018231421406474803,0.003630858828509628,0.002911835755116489,-0.009484931679841956,0.004251305001858589,-0.003969802204276875,0.003484375598806981,-0.008201666078826525,,
8,8,156,26,0.01185009582092935,-0.007868751093324423,-0.009811255868777983,0.0029901767361537874,0.011576978315459745,0.00975305432117529,-0.020736105025663816,0.022202102048143848,,
8,16,156,54,0.006100494916693491,-0.003382743019024694,-0.006164808600544716,0.00019275603048175615,0.006567518159638905,0.005307984957932477,-0.008073806072333295,0.013227776189246218,,
8,32,156,118,0.006860558419662934,-0.0047350565347050585,-0.013323720261294775,0.00708393208530723,-0.0013875193311273187,-0.006692081707851645,-0.0018724457992025587,-0.00915854390592671,,
8,64,156,296,0.004801148735588005,-0.006001077759875104,-0.013518630822311561,-0.010991203063877122,0.014134804686546132,0.017174902711804316,-0.011923425028775197,0.0016302913645174126,,
8,128,156,602,0.017132266345773247,0.00029483793147795076,-0.0034372072249239686,-0.006532528910870734,0.005713833097996804,0.002075031091067341,-0.008025229897603337,0.005221300703875032,,
8,8,157,48,-0.0007415587259842994,-0.0025266136068832403,-0.01732340257775211,0.013092510895884535,-0.0005893375750950238,-0.008081678417627362,-0.0029680242160979864,0.004071387931055841,,
8,16,157,112,0.03548179373632533,0.00036855901538143557,-0.001989805568355873,0.003471539908437857,-0.012429230435310887,-0.006469604654933934,0.0035019403013322606,-0.0021889008990871707,,
8,32,157,168,0.01977256912218598,-0.0010247879938084215,-0.005400972897739879,0.0005702860391958878,-0.005545846663668516,-0.0008009768941442878,-0.0037964285104549206,-0.0010134040017220427,,
8,64,157,314,0.007660374629738301,-0.0028568455094865196,-0.003482248489381182,-0.0037074138254009842,-0.006594542288394062,0.0002246202848216821,0.00884162030366293,-0.002504772380937797,,
8,128,157,618,0.006325469109492873,-0.005338047245800975,-0.009809215491505539,-0.000980405917495731,0.011337643256815695,0.0008730973325310907,0.00669885458698127,-0.011769978836163448,,
8,8,158,72,-0.08188685903253254,0.0077617041259837975,-0.03542980819148364,0.024618599622545256,-0.02696421436489207,-0.01602986592243026,0.03958342966419064,-0.04090078520655653,,
8,16,158,98,-0.05018063991134006,0.004057294631822905,-0.015980430648136364,0.023814985437277197,-0.016105841232672707,-0.011884147736536857,0.02096393373144005,-0.02491622583403713,,
8,32,158,154,-0.030549111326305507,-0.0029383885029958374,-0.00178848544939035,0.015286060518940839,-0.01159334552379509,-0.010778601877818627,0.013940493319940631,-0.010969926628445884,,
8,64,158,324,-0.00037738316776060273,-0.002580799220060228,-0.0019163980428202312,0.0026577160240363953,-0.012512638568553114,-0.027562458368078944,0.013534366301095845,0.0036394211074915295,,
8,128,158,632,-0.014736040107077183,-0.0022782086535012977,-0.0028551539687399815,0.00032282406940847196,-0.0055140952260818,-0.009817445084209073,0.0030142732031866585,0.009744851672062968,,
8,8,159,30,0.02841770081072914,-0.018809091782103472,0.08490908759938794,-0.07026826208767745,-0.013129953611544959,0.0694004430639195,0.02920082009320201,-0.02667154635541401,,
8,16,159,60,0.029073363333975547,-0.011209877247458299,0.04606775839577745,-0.029500318801850375,-0.019654884745223845,0.025631366792554938,0.01999807046910041,-0.014350967644414585,,
8,32,159,178,0.017595523482708673,-0.0029336177477365497,0.03105206740217127,-0.01865783285005701,-0.006888039619571952,0.0092158640490951,0.008029932460556605,-0.010567165387160973,,
8,64,159,290,-0.009038906206432844,-0.0009821969073587852,0.014972560170783354,-0.0046377226285459604,-0.006394881375426051,0.0035683648909087054,0.00443377380478114,-0.009099830687159633,,
8,128,159,664,0.00011065883020819301,0.0013456569197949483,0.003143791364681118,0.0032706153274271645,0.00558768025623623,0.009581550649211464,-0.002848726859125326,-0.009960474345743509,,
8,8,160,34,-0.03435671115663467,-0.00012968522567962586,0.003478329042850703,0.0009726592062061883,-0.009014823065032247,-0.005345538750623791,0.005665722913056681,0.0027224789374398614,,
8,16,160,68,-0.02708161209157704,-0.0006838571621784089,0.0034501154088072018,-0.004524259624742058,0.004752329805832208,-0.006375507634276129,-0.0011213024183868662,-0.008180514377232483,,
8,32,160,136,-0.01379565041046096,-0.0016548337423870755,-0.00011858045880272316,0.0035535361103837177,0.002235081875192055,-0.011350353298020848,-0.0016826348305487068,-0.002815385745514734,,
8,64,160,324,0.002535522571070584,0.0013339124785900372,-0.013028234927643281,0.005152150454822172,-0.009866032765807027,-0.03243759824805964,0.014237406253149065,-0.01252607245748864,,
8,128,160,720,0.009310323852129085,-0.0014043361288792393,-0.005293867812860367,-0.0011860633488880883,-0.0043773978434305675,-0.014825753312550002,0.00652689966317574,-0.00650373361893379,,
8,8,161,26,-0.014564646444415207,0.00091581952478659,-0.008431872149894123,0.00011114288148618588,0.0013734775903598616,-0.0013493638884590723,-0.0029130585469911703,-0.007019288592420463,,
8,16,161,52,-0.012606347002260914,0.0038477421066548476,-0.006871597990935549,-0.0024303201218172686,-0.015443796824720805,-0.020745939680994793,0.02388013589119933,-0.012725076267918349,,
8,32,161,116,-0.02159307589234375,-0.0015173508228738834,0.00018296167118422673,-0.0018654834288624005,-0.0015857516584764295,-0.005300725632579781,0.007440378765140147,-0.005073013742754145,,
8,64,161,246,-0.0185547238919155,0.00023508489380892129,-0.0038634024537334962,0.0027796715414439054,0.0022778932639044417,0.002157723391285334,0.0008956377517626619,-0.004066472505384342,,
8,128,161,612,-0.011644887962645348,0.0011149077583229958,-0.00326240770183983,0.0033270367486158917,0.00479845291335312,0.004473033572829327,-0.002913785294489011,-0.005468974346414432,,
8,8,162,28,-0.0037556110064044437,0.0003617405977859767,-0.014730772266498743,0.04963059431616364,0.01661902929239926,0.027472828234641464,-0.041871818429346695,0.0036628359419487045,,
8,16,162,78,0.048760258939405346,-0.0005737839147010385,0.03086470907198475,0.017035502476487788,-0.023008023667988237,-0.0034251651161411054,-0.01455469811359721,0.034600006655836214,,
8,32,162,172,0.03354326585973891,0.0006714495698190845,0.020492986559685063,0.0076227820653323565,-0.0050367565679955584,0.0015093138389504716,-0.008685632250378569,0.008910115395995531,,
8,64,162,340,0.02151042467205581,-0.0011042475720190257,0.008362564117278808,0.0057597251332060645,-0.00038381220292004094,0.0012666310197309394,-0.005832028309933691,0.011135994978792247,,
8,128,162,680,0.01953773285226677,-0.0012100274804622397,0.00031605902279591857,0.00733903900484878,-0.0013159075727776292,-0.003298391041580472,0.0008475699509936152,0.0054596884556463105,,
8,8,163,34,-0.21552196706906707,-0.06084141556617585,0.14526382752942169,-0.10985960892480989,-0.042946671062001354,-0.15449769093385687,0.11125998238027164,-0.048727292452970555,,
8,16,163,62,-0.09859421405651012,-0.029500577094554673,0.06819227423502922,-0.06101603730920055,-0.01913791372686939,-0.07575920581323453,0.06194807253825325,-0.025931201832626122,,
8,32,163,132,-0.061850113220183904,-0.013672241937796809,0.03245980096254402,-0.029309135158350205,-0.003269288626181255,-0.03215317324233622,0.025804814356508242,-0.013754127200806598,,
8,64,163,312,-0.015288059147506321,-0.008725592101947096,0.011783753994487639,-0.016660596545049484,0.0012822577823234757,-0.013267419407271457,0.012311602563581603,-0.005141506053965282,,
8,128,163,598,-0.0020148447461626837,-0.004515525875863783,0.006432439846882467,-0.007371870616885788,-0.0019100458674200644,-0.008424789491206225,0.00763823733635442,-2.770187747845227e-06,,
8,8,164,28,-0.0004035344720326764,-0.003543862001469446,-0.0010864864014217383,0.0018769024821368428,8.216435534125904e-05,-0.005669491580780377,0.004955354118404571,-0.003149100057133013,,
8,16,164,60,0.001312620189700033,0.0003834645761362502,0.003993908999370357,-0.005790366983982617,0.0021137925741317814,-0.002300243689399918,-0.00132758261163962,-0.0008486027326857202,,
8,32,164,134,0.014416048104980733,0.0035581781312134736,0.0026303660301113733,0.005251280730688136,-0.004121890545506649,-0.00721797437065824,-0.0061362247866687284,0.004388883555839418,,
8,64,164,270,0.017259958325287837,-0.00020288922997097368,0.017218091776784353,-0.0053149936453751965,-0.005777736142024342,0.004942897516657365,-0.00476158990737181,0.011999606001372997,,
8,128,164,598,0.0026875954171057454,0.00064599964911185,0.009868026039004699,-0.0006331251495810626,-0.0018155732350480865,0.0046017759959106185,-0.005008215147825303,0.005193071046734374,,
8,8,165,64,-0.10385969302006512,0.011243195800011173,-0.002421668105383319,0.034228295024363406,0.02474120785821683,-0.020859972262363538,0.028682715485450087,-0.07396873476004875,,
8,16,165,90,-0.04836711848110696,-0.002202928039107121,0.0032724088995504546,0.02024923739122106,0.012714977679946641,-0.0236725652189928,0.022687458082219374,-0.04649793849537166,,
8,32,165,156,-0.04610731857066992,0.0035391913812580712,0.013283787838450495,-0.004152551077944694,0.007472782087131094,-0.013900879705049118,-0.005661594501781935,-0.005203142083341316,,
8,64,165,382,-0.03618392319076986,0.0012142935321596486,0.020799619255242117,-0.009858005262435576,0.0037568410753324294,0.0007180112842176483,-0.0014896810980733672,0.001311340300325861,,
8,128,165,674,-0.014630110647337977,-0.0049431323274271455,0.01473106807980908,-0.006505506395073838,0.003479209720599097,0.0010315753019032546,-0.0035093618084391237,0.005054459870985943,,
8,8,166,28,0.013653121914887387,-0.01029497558241985,0.0002849836693436041,-0.004244188501053572,-0.0037707565776705703,-0.00843572237629851,-0.004357258909078507,0.025095275337361916,,
8,16,166,54,0.01743228226616526,-0.01026619773670091,0.01464813463927659,-0.011461844568348374,-0.005697435837407587,0.01072239346925416,0.003998495078122712,0.014485504154620495,,
8,32,166,122,0.0047160726794134205,-0.0028609302442164503,0.001555304269016713,-0.002274876569406371,-0.0051622512185557365,0.012243083452657906,0.007023826505549337,0.002025002757728418,,
8,64,166,258,-0.0027251337011963855,-0.008957329965140166,0.0023080296769691154,-0.004969280774634783,0.002937943063617488,0.006498100225536042,5.6572028469122337e-05,-0.005941761209388369,,
8,128,166,536,-0.014042691207084979,0.0020248753814165296,-0.0018096249412932835,0.0031243127585743186,0.007594379002041027,-0.003009410236120073,-0.010494278785926755,0.002909864421627578,,
8,8,167,62,-0.1528818299402747,0.06497171569476129,0.05494365598918861,-0.04865667894822177,-0.05955447334470986,0.026753002514222936,0.02722695387536315,-0.03257801872935131,,
8,16,167,94,-0.0866757646051602,0.029549039013790513,0.02670426779911687,-0.01918875667072631,-0.017751675672967038,0.016408554523125347,0.007565151472510013,-0.01876882716923657,,
8,32,167,152,-0.042189713672679874,0.009950653600411854,0.025114989057000412,-0.008820714593418794,-0.007088823469876259,0.01955930877202937,-0.00010637638560751894,-0.0045219622603390585,,
8,64,167,364,-0.023509808218936966,0.009354527776778247,0.013890192392693483,-0.0038313800109941636,-0.01648441428101551,0.009323775221901223,0.008520731632545657,-0.013113485147282852,,
8,128,167,624,-0.0018110737193227102,0.0058709231010517955,0.005045300833711023,-0.00386676218344508,-0.01425862512198249,0.005532912920836047,0.008397374730074049,-0.004694162470830962,,
8,8,168,44,0.035515725371407236,-0.0036152791857164282,-0.024681180819223915,0.04096436512328768,0.02905284901983774,0.02015252094518214,-0.023814696651499385,-0.00023527074255763744,,
8,16,168,72,-0.006886720010759375,0.00670669206702953,-0.03970569180342178,0.008490551403475249,0.025927563853356927,0.002686069606442031,-0.011508308027994896,-0.0013459229524797087,,
8,32,168,166,-0.0033599253987295257,0.0010174841245867202,-0.018748863871004932,0.0023169270363432954,0.011503349678000326,-4.459071698200639e-05,-0.004312371273611172,0.0016933372468502501,,
8,64,168,324,-0.00459051976820069,-0.002719384303038812,0.0017292096180093273,0.0035740475955925266,0.0018687505984985625,0.010511433037307876,-6.133631486651984e-05,-0.010543781313863645,,
8,128,168,656,-0.006689168186641791,-0.001956976274660975,-0.004942887881388808,-0.00049796502867562,0.0018786828362338305,0.0075146299128500795,0.000979565965268269,-0.01190193189321761,,
8,8,169,28,-0.0071159235982948404,-0.02836533454059642,-0.01620037450323367,-0.009752710712587905,-0.002242429809192311,-0.02158578401581629,-0.004552513087651473,-0.003600000523961596,,
8,16,169,60,0.05243203307797975,-0.0209561547728253,-0.008579303978234245,-0.006015142663266017,-0.018001650836245185,-0.017116201226993567,0.01167434903629797,-0.014977761533074544,,
8,32,169,124,0.018269819029536876,-0.010652394876717127,0.009179540475796883,-0.014086663300897407,-0.021227128889203042,-0.01742929575870364,0.017199438200896575,-0.0037693139211716427,,
8,64,169,254,0.0010691203284093895,-0.0070503432390138275,0.016332463139645943,-0.0013107766758484031,-0.005898506911908623,0.0009798548657225334,0.0036023509100912205,-0.0005895049365281323,,
8,128,169,572,0.02096412705830011,-0.005245795108933418,0.01768565300928223,-0.002998113728718514,-0.010299796956211865,0.006720291285760868,0.00960669727260885,0.0004960899370966017,,
8,8,170,30,-0.005192187899698184,0.011123546748552982,-0.038164462526705904,-0.0015461545066055016,0.0350654649078346,-0.009479906936731574,-0.0018981944154258757,-0.004100441683958932,,
8,16,170,56,-0.014193471728544401,0.003716523648004206,-0.009977778942776586,-0.010016061219397602,0.017274052242862544,-0.013171244688263906,0.0063741554144656045,-0.006100721596501001,,
8,32,170,152,-0.01578209708339179,-1.9369866855429584e-05,-0.004145358352080055,-0.0189606197483101,0.007813007864224975,-0.010879379539932219,0.00649187706353001,0.0019823214056398273,,
8,64,170,336,0.009064913890047363,-0.0022710202670711117,-0.007643158290710128,0.0065483825737280635,0.012794197499027776,-0.014531574584484213,-0.006734416771458802,0.004571447126966636,,
8,128,170,688,0.004112811069495905,0.0015901080502829957,-0.004734008939419448,0.003992489391581692,0.0045023162793519185,-0.00796416468045726,-0.0034581462493862617,0.0024213990106202415,,
8,8,171,32,-0.019158049033423392,0.009194599677457704,-0.019919752162351683,0.01195268359983098,0.0012420616462887916,0.0009564608664553657,-0.0048337140333997025,0.003068252514142479,,
8,16,171,74,-0.01194404425922531,0.0005015358559289916,-0.008389126626701809,0.006131172189092391,-0.004037952896872434,0.007320959722717573,0.0020773408861754186,-0.002794027971929373,,
8,32,171,134,0.01311105704834315,0.008052643037109248,-0.010556542780126884,-0.0004045037312067728,0.0011404843876456265,0.005055304877980039,-0.0037297263316426145,-0.0019247062785080048,,
8,64,171,260,0.02957309140795838,0.003879995295941129,-0.0005873745298759748,-0.0033523923415042117,-0.002486040583708797,0.005671575073815684,-0.01042410688831796,0.007990501867919995,,
8,128,171,524,0.004908632454806355,-0.0020677368287341435,0.010480787946572805,-0.012321583926936972,-0.013857444916913375,-0.006411695903829671,0.0018006997772845065,0.013832116949338457,,
8,8,172,40,-0.029962912698149595,-0.0031532314133565532,-0.0031940468930236384,-0.012382174810330594,0.009227123733806408,-0.018727114942318636,-0.0021985992681270564,0.0019759987021602723,,
8,16,172,78,-0.03870761023897166,-0.012096504432804515,-0.007865482690875369,0.0004284427202686466,0.01236874617762229,-0.002805425851907721,-0.0049324665518240204,0.0005819752865813613,,
8,32,172,164,-0.04736711322470873,-0.00665292943109954,0.017951272377486237,-0.015870869445686383,-0.024826908894312293,-0.01584602438317861,0.004309651624603685,0.01094148796952838,,
8,64,172,316,-0.005284229865791619,-0.0038911285375461454,0.014035990878767675,-0.010135303785391833,-0.012370298672795118,-0.0054365077121106015,-0.003392767919439011,0.009171743577421608,,
8,128,172,608,-0.0025482781181967538,-0.005920918436392918,0.0031156570978888793,-0.006689856191502613,-0.010136265261546113,-0.00955704459116362,0.0024375118730486415,0.010926626532999868,,
8,8,173,40,-0.018670957840340723,0.00522340564486486,-0.004352482994736847,0.005617711447623066,-0.0019171501090246958,0.007191319886461509,0.0012189123132024145,-0.0003921382345128356,,
8,16,173,68,-0.015840940938352876,0.00401234789084954,0.003386617195572826,-0.0022197900557685457,-0.004484714462862326,0.0028959565065967622,0.006593865252522228,-0.004112505723457555,,
8,32,173,158,-0.01459942984841309,-0.003995202218024771,0.006012846584137293,-0.007923349009996689,0.004090566641152184,0.01819719326972888,-0.00731977852039258,-0.00024812414754131576,,
8,64,173,374,0.0029928531849258777,-0.00021409602706991423,0.005925075371972522,-0.002044490727957427,-0.004700714322942252,-0.000763929860633161,0.00472422800995656,0.001628425707814682,,
8,128,173,710,0.013294761024534642,0.005762861749423531,-0.00036614670925980716,0.000595663304924498,-0.0017820131144592063,-0.003230765324643667,0.002815695346374725,0.0020165367408214382,,
8,8,174,24,0.01456450893164778,0.000978663391830145,-0.016012359338996508,0.012844715019225432,0.009340778396855438,-0.00859359478644171,-0.015348789783952028,0.0026912349204909628,,
8,16,174,58,0.02252228566483705,0.008091876784912173,-0.010807494421813307,0.013188195930066348,0.002865163692174239,0.004996254552766904,-0.019062473488387043,0.0016411247836119753,,
8,32,174,164,-0.0038349337439787653,0.005432660676641891,-0.01069479023528681,0.006542325017948042,0.003626704386462058,-0.0017103885206869339,-0.010628662470945524,-0.0026768631194051483,,
8,64,174,374,0.004069221119490097,0.00324316748313858,-0.006725647823604108,0.005671702303333599,0.003724391614371074,0.001396773620579353,-0.006255293565246292,-0.008735879072274749,,
8,128,174,686,0.007423278729976247,0.005554021373226969,-0.013023489580854229,0.011003997375215546,0.00866237725748963,-0.002251651326917595,-0.004923031027984892,-0.0020456626250221557,,
8,8,175,30,0.017175057080724254,0.009384624160761223,0.0007859518503868321,0.03573214338691001,0.010699566095439763,-0.02944532424561729,-0.040037958038520956,0.04489167928890763,,
8,16,175,74,0.016553236250219896,0.0015287009415619142,0.003745689260836166,0.009611780084901649,-0.002836631783096486,-0.013462800915016096,-0.01639276622726928,0.022718346437972724,,
8,32,175,138,-0.006690271459730219,0.005719937019591738,-0.008710251575336933,0.01817104198764147,0.021374134352312772,-0.0006560910400460953,-0.01180912676268586,-0.0004946359941669441,,
8,64,175,322,-0.012067059031055555,0.00408913855154776,-0.0017828790361840254,0.01003331280518188,0.001487723266471638,0.0027125952500605156,-0.002018481930169552,0.0061400778340762446,,
8,128,175,618,-0.0030639984895121804,0.0043655213587382785,0.005681675039383302,0.005596102019237065,-0.006269246702821378,-0.0032330705486843777,0.006675040222700953,0.0011509265441590345,,
8,8,176,50,-0.004836288289142646,-0.013386017390196956,-0.010128095740494121,-0.003100434162524004,-0.0003119762591368494,-0.0018095896733593912,0.0046752808957396886,-0.002401243833356653,,
8,16,176,74,-0.00392098306884364,-0.006730868665090003,-0.00784108335718366,0.005634721279466948,0.005675191782790631,0.006638427828843697,-0.007477085003144023,-0.009315257471823248,,
8,32,176,136,0.006225127944521602,-0.0010251444520033065,0.0053103773970605474,-0.003921385814304203,-0.004906680873998029,0.007786730625962987,-0.0015381349081665429,-0.008780729917737725,,
8,64,176,276,0.010301194364957696,-3.902897513531747e-05,0.011815461833236141,-0.007885223994066258,0.0007088002904018329,0.01175706338822856,-0.0033532179856177982,-0.005823008787019223,,
8,128,176,576,0.0026857038306512294,0.006350412628253731,0.006535395866653212,0.002301159446793598,-0.004184418847905669,0.006995740607371503,-0.0016468508426968464,-0.0014998588519916389,,
8,8,177,30,-0.055109518575294406,0.006464833310846999,-0.03439863326918696,0.02904164742415536,0.026784092348325992,-0.018397687834766665,-0.031875501291667024,-0.003778461916121123,,
8,16,177,62,-0.00259575064577453,0.0073124357053370274,-0.007131160354841822,0.010269926216880757,0.008460425828634004,-0.006801405863661115,-0.008585333644367688,-0.006864282090139672,,
8,32,177,144,-0.013052282493394057,0.010897483894893534,-0.006365107272462535,-0.00018090495992270335,-0.010756826666742662,-0.015053376747080054,-0.007426825251557714,0.010045505587916025,,
8,64,177,364,-0.008548123345137638,0.01194721828013295,4.917082397374069e-05,0.0010587529418307267,-0.01331006702272328,-0.003334541871146683,-8.368699521689663e-05,0.005514912090866849,,
8,128,177,592,-0.004107320153896397,0.007406459409532575,0.0008065114065825935,-0.002195503704196097,-0.007823302091348903,-0.0013268803584586346,0.0001266998262254146,0.0030989070532148793,,
8,8,178,34,0.037473721980017735,-0.012812652671667524,-0.02669721772799411,0.026205017715467564,0.005002196746405874,-0.03308478047975022,-0.01075048449999669,0.02356871569268935,,
8,16,178,60,0.03454441409561872,-0.046777893498878696,-0.00985073472789025,-0.009924168456355822,-0.010353277899753101,-0.04365497159548694,0.00024126900868414385,0.017203062050482814,,
8,32,178,140,0.017564635113739353,-0.0229551662666771,-0.006985053966548595,-0.0035056474470613066,-0.005573504659700257,-0.026501108701819636,-0.0004918301076376336,0.015564406478759321,,
8,64,178,340,0.012508498713668336,-0.011939075396930635,-0.006489727566445857,0.0008754975405788095,-0.0022958289683300947,-0.015947553868292965,0.003265648005528638,0.004000451959597645,,
8,128,178,608,-0.0008084450285672154,-0.007301131494360806,-0.002798304457967972,0.001976411889564872,0.002644887119875859,-0.005884180211464441,-0.004742312959912805,0.007960404864063075,,
8,8,179,36,-0.00756089504062687,0.0032137211957349223,-0.0021743891686979134,-0.005377708908050688,-0.005832421420548474,0.0034333276673696304,0.0026301332693276797,-0.0018645700825019801,,
8,16,179,68,-0.007340661808270664,0.00023786037137833054,0.0004911892545774562,-0.005065242789809166,-0.004705310568749811,-0.002624932550630963,0.006944782756271748,0.0014794151905579422,,
8,32,179,138,5.746426694733585e-05,0.0025276855969135485,0.00036867047250367484,-0.005070213335758509,0.0040408317757876615,-0.0003104624654811678,0.00025810359516160314,0.0049184616726377795,,
8,64,179,316,-0.005689119498328238,-0.0016931559059194087,0.0006113046776978858,-0.004821811153700979,0.007403952457901398,0.0017323606146926027,-0.0068233128402835335,-0.0013654948084677902,,
8,128,179,610,0.005227213038717678,-0.000883880545735126,0.0037539489062283302,-0.004169151130531042,0.0074231612304079975,0.003640858025530093,-0.008867661549784911,0.0034310482930567806,,
8,8,180,30,-0.04584086078051646,-0.05373721959683159,-0.040970360758367894,1.1959246925590515e-05,0.00986305805583087,-0.06837018223541375,-0.0016537863130808238,-0.046938949469125295,,
8,16,180,60,-0.021257632889000136,-0.027233427940089632,-0.020216317635570354,-0.00039638902325793944,0.007056877830253843,-0.03404537720705963,-0.0018131950406918163,-0.02672180051193355,,
8,32,180,150,-0.03543902814698762,-0.010576582345670745,-0.005605408837605144,-0.0015219679314654323,-0.005589233415018309,-0.024722270488950072,0.012251620197313984,-0.012812981340214809,,
8,64,180,370,-0.0037817776832101664,0.005198317075829441,0.009670480615729612,-0.004056593284618906,-0.007328128357217688,-0.012099614318670245,0.0008388730740145954,-0.00663719014485957,,
8,128,180,646,0.0022002497428912156,0.0007267096130131228,0.008425283947638269,-0.005671989253508474,-0.008327581160064693,-0.005018690693794367,0.004171398733290691,-0.00667483763727395,,
8,8,181,42,-0.10537576279590707,-0.01501329610836637,-0.02689409200254957,0.0039578222538966985,-0.0018697374764489955,-0.03339108317719454,-0.0028589827688883258,0.05782218098814398,,
8,16,181,74,-0.041455875959192964,-0.004476480369752763,-0.014880632188437829,0.004490846103012485,-0.00253771344491784,-0.016601965867224025,0.0019222123488516105,0.02480531806833577,,
8,32,181,184,-0.056918295117047366,0.004077449021833673,-0.009271994625312056,0.015952259412949504,-0.005320437913689137,-0.010735238328877792,-0.00735779162138848,0.019340792946003497,,
8,64,181,336,-0.024786373627368994,0.0021390126308170176,-0.00907808657960878,0.01278010457670814,-0.00048002325516315275,-0.005804805986396076,-0.007909737480225587,0.013117041856849315,,
8,128,181,582,-0.010673477948023577,0.0014509775070359672,-0.0030403380876868236,0.005775213543394138,-0.005072676213452148,-0.00843423930426986,0.0018429806083845972,0.005985282399528505,,
8,8,182,32,-0.046782675942670715,-0.019856957066528392,0.029607774717904985,-0.009544651859374552,-0.025687407798934032,-0.007922159668704937,0.024927549883565485,-0.004733994115751575,,
8,16,182,66,-0.04021669892787793,-0.012385293137278599,0.019008438574924912,-0.006253591735943507,-0.01092446737342424,-0.008460277180065376,0.003975345593687951,0.01667128339682156,,
8,32,182,136,-0.025823073142679776,-0.003547005921766571,0.005307254498182377,-0.0052628788525275,0.00048286222736865724,-0.011366957789656027,0.0015030302943939006,0.003987122639820493,,
8,64,182,340,-0.012794873907878526,0.0026471395896445057,0.00890905885439212,-0.0040740429396456295,0.0027727373176715947,0.003403379993414852,-0.003871529697979962,-0.002549433635902384,,
8,128,182,668,-0.018510741795992047,0.002689783121488292,-0.00021061258893901555,0.0020370598733463986,0.0037211636391312874,0.002734034454993533,-0.004385721467734478,-0.0015757412198881236,,
8,8,183,32,0.005760182387917794,0.002499393331350474,-0.003971739365148487,0.00248752937484323,0.009993355758154143,-0.0049769432580557375,0.004208241876241805,0.0031829988066985246,,
8,16,183,86,-0.0031900562264313235,0.0002540985098021765,0.008699597826114298,-0.00897490754013138,-0.00089778356459005,-0.002504347799608847,0.010530673113488853,-0.018019892655491043,,
8,32,183,154,-0.010736277153996028,-0.003650955148508572,0.007281854265682996,-0.010530284554420129,-0.00011224384267094432,0.006137388698936416,0.0048453985089320925,-0.013266512113490178,,
8,64,183,286,-0.007386903821050229,-0.00014493804762526013,0.005494663323306981,-1.306754054442846e-06,-0.0029295031443946637,0.0015293008644795558,0.005873262402575285,-0.004444693220493117,,
8,128,183,542,-0.0012025387861801886,-0.0008139776632079468,0.004412802003102551,0.000195865030354285,0.001444975470870543,0.0046766162640486985,0.0008345144708376412,-0.0032743237819152413,,
8,8,184,26,0.016580688006708883,-0.00158590378353275,-0.005862371860621624,0.004428699018076959,0.0038970931181753522,-0.00182608982445876,-0.002084377088353794,0.014748848638379662,,
8,16,184,62,0.010276905226426682,-0.0023031889524188064,-0.00023725060718577957,-0.0028080909104780867,-0.0050570570465653785,-0.0018249654507391966,0.002908627192043573,0.014217496319350011,,
8,32,184,124,-0.04289916508252757,-0.006764437005008323,0.006415698897004367,-0.017326443452157905,-0.014977079706621554,-0.008407721006037667,0.009138205679872514,0.0032303535155959765,,
8,64,184,300,-0.04531261434749922,-0.003132361123547962,-0.006703585129593797,0.0024614446505147845,-0.011717261450171405,-0.003606458044964891,0.00865075035104123,-0.010063360227818056,,
8,128,184,626,-0.02525938060166195,-0.004358880381277247,-0.002410560118835234,0.00648155506159566,-0.004071855053846392,-4.7566934544484386e-05,0.002370417790463331,-0.00556752671766424,,
8,8,185,24,-0.005640957638756803,-0.0005815471069129314,-0.010846648564193736,0.010617507809570298,-0.011026012145590553,-0.015910301335815138,0.002960161184860942,0.0023153556597859566,,
8,16,185,112,0.002398381126602645,-0.033406202044752795,8.724072212746865e-05,0.035992104060286696,-0.0053863060379078925,-0.022695235141902897,0.012533225721785626,-0.034521079411005254,,
8,32,185,238,-0.009693545707159823,-0.01579160476459349,-0.00949504303231521,0.017376337630617897,0.005524504056037206,-0.009583094462973764,0.0022946103511591225,-0.012339720824862399,,
8,64,185,396,-0.005816314044619499,-0.006267433119159014,-0.0027651112197016625,0.0024269213748051416,-0.0019575140791944874,-0.011886275619302987,0.005424111585529333,-0.011669088305652029,,
8,128,185,710,0.005033079063032311,-0.004139682331514602,-0.0006638741368285027,0.006809201720727407,0.0064544247220852755,-0.0009707851190265723,-0.003257015150630352,-0.011103948111671175,,
8,8,186,38,0.09914090230272052,-0.010538120139875474,-0.018005763213932033,-0.005378931334150057,0.01949301164581382,0.01707966052558537,0.026338125354751604,-0.020340876805900885,,
8,16,186,66,0.03709574352202739,-0.005485774008722149,-0.014824372956954391,-0.0022538482654274467,0.01626416577702032,0.005731311396779931,0.007370267898479558,-0.010742852332919389,,
8,32,186,138,0.013356683246410992,-0.005138820038721135,-0.0008085359878346417,-0.0039098601182886005,-0.004411014106590708,0.014253835141027682,0.011514257751024111,-0.018731327426886685,,
8,64,186,246,-0.0012841404537677894,-0.004371113984733831,-0.006783083371006628,0.005450675645182954,0.005508419732706258,0.003856764327073549,7.907752099345832e-05,-0.004446307367579684,,
8,128,186,528,0.01414181102653213,0.0038060726349271306,-0.011744942806591701,0.006375598465666592,-0.004279779883062364,0.00039083849440944667,0.004280587785320258,0.0017368737986072959,,
8,8,187,34,-0.019828954990559245,0.005687203321985451,0.02261487536909043,-0.012369404583636997,-0.002024725795964536,-0.0066098801527611035,-0.0032048001657324324,0.016121619272972693,,
8,16,187,96,0.03241487475035204,0.004429530704386233,0.009914190373220267,-0.03008389125446264,-0.004967900496907356,0.016522411995914112,-0.010761350979544964,0.01060175836230879,,
8,32,187,250,0.02087968083926569,-0.0005756348137950149,0.006939519281531782,-0.013792148946911288,0.005336677509431027,0.012194851738719384,-0.014644220118633405,0.009704063555824798,,
8,64,187,396,-0.0017259472440575602,0.0068736668118186805,0.004130379417414424,-0.004969654397262091,0.007194786007569452,0.002629033403126613,-0.00814624665478959,0.004065734071899862,,
8,128,187,682,-0.028354223943066862,0.002780654876988667,0.007411796741819189,-0.00847492792560065,-0.0007065602548805209,0.0004731701184705391,0.0017273399881915085,-0.0034943373483751817,,
8,8,188,44,0.02613795855229418,-0.007360104129662654,0.011384958955469952,-0.014508720924735992,-0.03442584957050805,-0.005088921327632567,0.03225043154150971,-0.021518754092947238,,
8,16,188,104,0.006961508210086954,-0.0027405182157892935,0.0037230222868832306,-0.012639965042255402,-0.021563279866458483,-0.005363403451715849,0.012239339796221169,-0.007086868521981325,,
8,32,188,212,0.009433340260192956,0.001555050052758473,0.0125366494292224,0.003220599985157251,-3.159996265001894e-05,0.02633888635460257,0.0017601485039449032,-0.016781355310102126,,
8,64,188,358,0.011293401827796512,0.004063224042400636,0.015590487797510008,0.0018590655886561213,-0.009493022395263492,0.014792837869817674,0.006814605064498703,-0.0034505760134615204,,
8,128,188,656,0.019391317438740896,0.00637563976096094,0.01594722137719236,-0.007028266823853259,-0.0063866945332597385,0.014394533399515418,0.005566371630625604,-0.0069472427237115796,,
8,8,189,40,-0.01909933592993494,-0.00495900605176002,-0.03235264360449029,0.052840583752253034,-0.01099224568775459,-0.0372926303957541,-0.006919080936222562,-0.01974454194240871,,
8,16,189,96,-0.05180210868820163,0.006690953350039779,0.013976335652068178,-0.014857930985719579,0.008098218195810079,-0.010543360027219709,-0.009261853671040933,-0.007668056650876402,,
8,32,189,168,-0.007142124181677772,-0.008266198556913233,0.047467117578910104,-0.028192976396837346,-0.023702825650580194,-0.02710852773019456,0.029115166810204356,-0.010754372644832762,,
8,64,189,364,0.0025343138268666063,-0.004644200683574843,0.02895686929131776,-0.0174484920724689,-0.006971427438586225,-0.00548840626912621,0.00377746461620376,0.006399977698380819,,
8,128,189,748,0.016284421665793195,0.0017393509799474842,0.014956976124585531,-0.020418918270338714,-0.008071528774360123,-0.006970492746555285,0.014604526987333458,-8.162643135466521e-05,,
8,8,190,32,-0.019287701002859738,0.002167998468413098,0.0037332282942282133,-0.013294264966039105,0.015494442834627283,0.029496194027760075,-0.008277366202848324,-0.0030804683900833214,,
8,16,190,70,-0.038802160870206985,0.004302999599140607,-0.018762304815665615,0.00897047848469284,-0.0019024130483462482,-0.013380915439161489,0.0039403565355754285,-0.01420066699300471,,
8,32,190,142,-0.0327433855681853,0.001036361445621152,-0.01003559565325329,0.01015084687488728,-0.010849667611807124,-0.011173733418222899,0.008614049287286816,-0.022291829120546225,,
8,64,190,316,-0.02652587968787428,-0.0012928155179041032,-0.0042071856075351945,0.000880835269354467,-0.007507403892689247,-0.00400864530303096,-0.0009702934242876083,-0.01611427442291876,,
8,128,190,596,-0.012397705392630725,-0.006604811152978377,0.0029908949466510414,-0.005551454246448507,-0.010020277911587392,-0.0009205309032375176,0.007211099599070579,-0.014417601741217026,,
8,8,191,122,-0.00981491643367955,-0.0264862220976605,-0.004672187231673612,0.0477717456501211,0.03157509632027874,-0.0011129074032684844,0.010205001084049032,-0.061979081419140825,,
8,16,191,170,0.04221174776346915,0.00549795960629532,-0.0016535994834693372,0.01352049853356795,0.006329369120968645,0.011276054088093847,0.013656675010737402,-0.050594836436529345,,
8,32,191,290,0.019725192675577343,-0.0007760450160059276,0.006786954349761866,0.0046378095541962806,-0.0024545482368951432,-0.00964597391613596,0.01894698976902144,-0.026732728813697853,,
8,64,191,422,0.0048147640914247575,-0.00039053972591735116,-0.0031120948982794098,0.001424257617515346,-0.001633487430646507,-0.009587275164770653,0.0088566768732117,-0.015643740279345814,,
8,128,191,730,0.003564017662978738,0.006762837845919821,-0.0026764746897713367,0.005090577106267307,-0.0019679179224363864,-0.009197411660346039,0.005202284650003645,-0.006466431743562278,,
8,8,192,26,-0.08818271614466089,0.05159756419212742,-0.005936678509648587,0.008738020477693233,0.0016846914432311097,-0.02939013945445544,-0.017123047081665527,0.06555266807903672,,
8,16,192,60,-0.02209783686190405,0.025739994029057613,0.008437992323794248,-0.00036730507427088795,-0.0017027942564477783,-0.0044351711849256615,-0.007684598316789313,0.030878773625420238,,
8,32,192,152,0.002726746813926235,0.010277348124287315,0.025443066377418954,-0.014321100258961189,0.00019261559961286819,0.014821099622761909,-0.009771318272316667,0.033222579407008894,,
8,64,192,310,0.0014560858661349255,0.0025915953872748107,0.017292480391272198,-0.00022433840658091128,-0.004815716116361863,0.009799616351229418,-0.00333242551903308,0.015952131368401488,,
8,128,192,604,0.006108215978441377,0.0022676598147666227,0.008013497504521632,0.0005934760123725157,-0.00786670459656569,0.009155572533049125,0.002702170117742958,0.012568261611724424,,
8,8,193,38,-0.0009765449955026848,-0.015758248469008786,-0.005199994902646808,0.009290642119455702,-0.01689505132409176,-0.008516510387443738,0.004722690702677694,-0.005115895107847307,,
8,16,193,102,0.003759349888205259,-0.0038469535166725357,-0.0020659621190953353,0.010598442915422708,-0.004765269486010123,-0.002468285531825628,-0.003508068015418959,0.004201784907064351,,
8,32,193,204,-0.005540900829898992,-0.0001659596114517357,-0.0024998152235743793,0.015002120821212056,0.007093929145293635,-0.0013367908875774473,-0.0031378833705632747,0.003945283932352842,,
8,64,193,382,0.021740994170138663,0.003790438685162323,0.013903499418549382,-0.006788988804788494,-0.008930943650781308,0.007037248430443652,0.009302333867128209,0.012553749071700385,,
8,128,193,750,0.019709443679355586,0.003239061794186647,0.010811019216850848,-0.005025252643625973,0.003892713519088088,0.0015066427018629678,-0.0007511928626602339,0.005640065650207661,,
8,8,194,42,0.05935985681207119,0.0035545655663283245,0.0018423048087516426,-0.01621680502667292,-0.04521688615732868,-0.001919555842767061,0.024062692664045295,0.022360231275200728,,
8,16,194,76,0.020361143073570367,0.006772927926650793,-0.001829088239817245,-0.0018780326017460262,-0.023083085032988636,-0.0005141269376288056,0.012040684609431548,0.008269486455897306,,
8,32,194,136,0.014108096299492454,0.005741778109428469,-0.007364421202357719,0.001294646945054964,-0.007870009336633142,-0.0017822997732636473,0.0047951653072973634,-0.008819102542260988,,
8,64,194,260,0.0009395395780103677,0.0013662019022480827,-0.015255975031001321,0.018994278726656502,-0.010211296594856097,-0.009266140989964259,-0.006053721662216227,-0.0011664413466098153,,
8,128,194,592,-0.004374027232357204,0.00039398749616188636,-0.00501050441417242,0.015700525683331697,-0.010916304775291343,-0.006915524929802951,0.0038826257402969715,-0.002179684760039001,,
8,8,195,32,0.019315498879653503,-0.0035946879889071012,-0.06102610966529881,0.01543364795101781,-0.00012329772478920703,-0.0015460939434619393,0.03645048456698784,-0.04131420806462207,,
8,16,195,90,0.05656686825941128,0.01665212188735233,-0.014193246628586191,-0.011795622279198864,-0.031019948918811664,0.0008920577188110596,0.026774914627515554,-0.0033094509695367506,,
8,32,195,172,0.03636256363867323,0.014227481871442337,-0.00738394641652245,0.0035442136640662504,-0.01597637873215903,-0.007824025311972542,0.0065417362191378696,0.006129999942998515,,
8,64,195,288,0.019085409196109713,0.008789125948345284,-0.00042362103327582784,-0.008983432464294073,-7.880919173971189e-05,0.0018886633294211473,-3.350301200840953e-05,0.005432409645440304,,
8,128,195,662,0.012549615178189743,0.0040326616993659635,-0.006948942933849598,-0.003946710471998654,0.0014859810123306215,0.00026311865674435677,0.004430668779386935,-0.002604443297390442,,
8,8,196,42,-0.096689024184516,-0.02612463645349474,-0.024192526032024837,-0.0037847453698132832,0.0346631088465385,-0.017737673428787366,-0.03577745160377371,0.055957309068301,,
8,16,196,70,-0.048609747130089274,-0.015386346581133473,-0.017277023025109958,0.002688993911533799,0.024532884064256435,-0.014577676528704803,-0.021819483066528898,0.03701960502905204,,
8,32,196,132,-0.040610515221738294,-0.01071854664000825,-0.014439534365120889,0.014414624031416919,0.017599888968910224,0.004830866773331675,-0.018561990743459458,0.02009342551319359,,
8,64,196,266,-0.011383575283278855,-0.007512225404095515,-0.010575760716284697,0.0103609099746953,0.014172812945627016,0.0021824059204906578,-0.012557619057796445,0.015536793126312742,,
8,128,196,564,0.0002608500736171474,-0.0030643978820131465,-0.003963063957351073,0.004274357522878773,0.00645367330367355,-0.0034439257339311047,-0.008242109248565579,0.013034928608789752,,
8,8,197,32,-0.0026141011592393515,-0.005897726965530543,-0.013133540768603184,0.005217235925995802,-0.0009728397441575704,-0.008376545424665779,-0.01282248904813563,-0.01128232703140054,,
8,16,197,66,0.001353545418919926,-0.00328603696219244,-0.0038110929311620323,-0.0013698336837287702,-0.0030076236345255533,-0.00293273845256625,-0.008023329784912943,0.0016837242536394616,,
8,32,197,144,-0.010594168199941382,0.0023052959786809455,-0.003547193503131405,-0.004180728435249461,-0.0052452627947858,0.0020587817962277157,-0.004562735720526826,0.004279997140066894,,
8,64,197,270,-0.0018080593386464014,0.005955907032691424,-0.013768855246034929,-0.0015558712828491346,-0.002363561698657269,-0.005805944531520402,-0.001011354416779226,-0.001652378955270147,,
8,128,197,564,-0.006121947852136143,0.0023534771410558446,-0.005444424510078054,-0.0036339507895729217,0.0001732555071662777,-0.0036452560329245736,-0.0032423231255750743,0.0002937526989495549,,
8,8,198,42,0.024279248511263733,0.0006233766984412247,-0.0032037617956176094,0.006083135366644031,0.0021714347244885706,-0.004535620965873004,-0.004036899110950062,-0.008046755891210008,,
8,16,198,72,0.015783202214278955,-0.004846651530464839,0.005262200641776008,0.008227142610673836,0.006360349643116972,0.0008323567454284666,-0.0036580227132552,0.00044130966751799235,,
8,32,198,132,-0.0030040490802289346,-0.005409110615614222,0.005743639054059377,0.0009419002595835382,0.00626813598160905,0.005888729920822344,-0.0010628994296920558,-0.004805230103469028,,
8,64,198,264,-0.01428345393960713,-0.0007150976583296085,0.003970623475248659,-0.012972711434002592,-0.003011247986959942,-0.0020414896593823305,0.007644077193912589,-0.0016354258678222512,,
8,128,198,498,-0.0061976986832792775,0.0003301390104666783,0.0033735047797014044,-0.007120401732654763,-0.000563672235240087,-0.003573901534414328,0.00582003656436923,-0.005425937488263532,,
8,8,199,66,-0.15376208756852058,-0.008105433282978632,-0.009021484132583754,0.0007317217159564134,-0.025091919278576992,-0.03660770748935765,0.0334536943296856,-0.011382813684093775,,
8,16,199,96,-0.05506793348266543,-0.006825321214142281,-0.012144629927528777,0.01627984973911424,-0.010407605641171597,-0.02571007829661505,0.016750777009901432,-0.0017751330392003024,,
8,32,199,170,-0.04109472978556336,-0.008279984881538673,-0.0010864996343638662,0.00672762769751976,-0.026093945976963264,-0.025285012292700894,0.022488644318919525,-0.01793155280689682,,
8,64,199,302,-0.006873789132442892,-0.00550383482477642,-0.017290773570470534,0.02333926643458744,-0.01462558350430086,-0.020232303634409716,0.014817396498509034,-0.008106159890437302,,
8,128,199,570,0.001703399305934903,-0.000696868272113433,-0.009823399900708204,0.01120819046692107,-0.009932080970423396,-0.009547556492381804,0.01052479702502477,-0.00712357947564533,,
10,8,0,34,-0.05705279781908735,0.002810909444116033,0.008131139195761318,0.0027541735141997847,0.02306966541081074,0.04881146519190512,-0.012475548727840706,0.0201854953524991,0.00027867508538803154,-0.0001515925633705139
10,16,0,78,-0.012719672855358266,0.006975446523503529,0.007138470523047174,0.00150364689031437,0.005506445402210259,0.02880089076204555,0.002339731251627935,0.0018302285389488594,0.0004036555543511416,-0.0009570323885288224
10,32,0,170,-0.006231419595977264,0.0031675500735076512,0.005026643543336975,0.00042721733427809763,-0.0023089476386407813,0.010616762495648965,0.0050983778169440275,-0.006327377838282985,0.00010689574799821195,-0.0006672062977712319
10,64,0,406,0.007777111443316702,-0.007943267661677269,0.010865921864741042,0.00577870482891287,0.0021974363569858537,0.008193553052375192,0.0032046547788063193,0.0004934716682548416,-0.00029547397289365917,-0.001359334271828717
10,128,0,684,0.0010438604091234673,-0.0030582663945623347,0.00920308178207837,-0.00621859653541961,-0.003585355090104934,0.0067349359812625045,0.005755645340525093,-0.0030588765542537795,-0.0002713927805896214,-0.0022652206391657412
10,8,1,58,-0.2263466481559037,-0.032935597315255825,-0.03504191589907124,0.024784614725923488,0.07580694562700172,0.044478934128923266,-0.07334791759804615,0.08667853906847811,-0.0007228944595113523,-0.02136331151202222
10,16,1,120,-0.12299322971704632,-0.017652850504018727,-0.01697017056541269,0.016897017862893667,0.031676172468420284,0.018437311476330917,-0.02971126849938817,0.04402614635271096,-0.00029185025418739885,-0.010707831951289923
10,32,1,182,-0.06075692458435995,-0.009946253382486158,-0.02031719332794085,0.015060492770790013,0.0016489258541700384,0.002952447051840029,-0.011642236323091457,0.015796067387990425,-0.0002488406344116666,-0.005095463477110689
10,64,1,312,-0.013343728934882377,-0.004613474634882144,-0.011480587142591652,0.005837807596649639,0.008326861682747875,0.0019994207168590023,-0.01141180173097354,0.004502029206129546,-0.0003900634474005516,-0.0012852497670355204
10,128,1,586,-0.0028382134288501538,-0.0017434908854509737,-0.0018263066244483526,0.004274810915368114,0.00021718557419901397,-0.0033254051286954896,-0.0030648310969332852,0.0017357718797098415,-0.00027417477447379523,0.00042837454021389215
10,8,2,40,0.007628605730116503,-0.007260110062966934,0.002527923750858094,-0.0019378070773438838,-0.003412785950979672,-0.009416285483912698,0.0057460103117562495,-0.005085062460380748,8.527207892785287e-05,-0.0035167284709473373
10,16,2,84,0.08141130465856453,0.003632382167744545,0.013098778009826357,-0.02756240697406314,0.0049243660200801904,0.0013262953168124095,0.0029497529188483506,-0.0053574569770347405,0.001026160191678916,0.011383304470221699
10,32,2,146,0.013343746344937193,0.011325306102679464,0.016299070731968728,-0.0333015365219583,0.005240122401446448,0.020686398781170602,-0.012688842952071983,0.021648684654694172,-0.0006448901949797335,0.007283826063195107
10,64,2,306,-0.0019140115719002409,0.007432427400353633,0.005649711289098981,-0.013581548589159078,-0.0034801831813942924,0.009309591201899836,-0.002044693227533997,0.009351363682928843,-7.475931188683375e-05,0.003402942525417774
10,128,2,598,0.0019081248564524207,0.0010005454386517367,0.00015774787819647002,-0.011483025646041305,0.0012534160517103897,0.00910165554458352,-0.005914528192035645,0.008975255819751487,-3.850672379467819e-05,0.002209296223540355
10,8,3,56,0.0029248913622910845,0.000960881118235412,0.0006745100415616527,-0.008299227769103093,-0.005138181035423672,0.00010927482142164937,0.00201899081170717,0.003044637888071311,0.0003269272375662494,0.0014897956586819117
10,16,3,80,0.016012531628705043,0.0004305357519474921,0.00422864320735727,-0.005070648571592737,-0.010700492263920775,-0.0019025747509890186,0.010862513493519167,-0.004795540073526296,-4.245818427250334e-05,0.0006930291090691015
10,32,3,152,0.021094041269929618,-0.00036561720369698695,0.0007307296885443011,0.006994118678727952,-0.015793506032492077,-0.014259183930029926,0.02099689162805487,-0.012222759886778817,0.0002374016367222309,-0.004619588486533137
10,64,3,268,0.013368815299399291,-0.004915026748343105,-0.006992607239752772,0.011242133460387277,-0.007350437466726686,-0.012326157156120702,0.005134731942964695,-0.004416911569837686,-0.00016163759142154998,-0.0034739707154847034
10,128,3,544,0.008426011420425828,-0.0032957062162067845,-0.004596698727688793,0.005786914540121827,0.0028762270111201958,-0.005016650586302379,-0.0022242564761388306,0.001202289386366742,-0.0001407258785921288,-0.0015968967665845413
10,8,4,28,-0.012697178992019805,-0.005214308115272926,-0.012439385397450162,0.02314521520986408,-0.007015901207166965,-0.017275078524923385,-0.03176993480737803,0.04198354578118461,-0.0008892312853636382,-0.001703529471608385
10,16,4,62,-0.053249386244460385,-0.008746596036986192,-0.013802670672996089,0.03963123222668303,0.009554606477805922,-0.0223909834211146,-0.02846775708162675,0.01559718305627857,0.0014481561486382136,0.0004262821555256322
10,32,4,130,-0.030403794790212817,0.004771691867272584,0.007434153271539191,0.011230567597599668,-0.006955083104682293,-0.01807673455104474,-0.0025013437085791225,0.008008044810842089,0.0009753640764166702,0.002516590192697705
10,64,4,264,-0.00929878956796158,0.002168484166561862,0.008587124417795185,0.002674977294590868,-0.006509433251161174,-0.00916184510351248,0.0003854120344801672,0.007338176176420299,0.0006127816094890252,0.002331776673690357
10,128,4,580,-0.0229658620769974,0.004203991646000701,0.004530368308406488,0.0028369099220602345,-0.006825526917200545,-0.003403770722836791,0.00624748570912537,-0.00011533635434667305,2.8994971080659688e-05,-0.0003044728312683343
10,8,5,26,0.038377169208497264,-0.002203366612082221,0.028329865461485616,-0.03928244766016333,0.022639267877192743,0.04046672334358898,-0.02701706300526164,0.02952156953299911,-0.0008968626107077526,-0.013833240499776718
10,16,5,60,0.019518869469622932,-0.0003455329296787132,0.015475329045145139,-0.01909035157070138,0.0078072492703507,0.019679116657912703,-0.012848960466166891,0.012561008379209478,-0.00040494837210142994,-0.0060674835876700145
10,32,5,132,0.014500183618322981,0.0018724795174461359,0.006238893887677519,-0.005329054793730196,0.005638208061026108,0.00846993846427071,-0.00775618742998201,0.005759148786441397,-8.439484524422591e-05,-0.0028660495684653385
10,64,5,286,0.0139408968864495,-0.001110453732299978,0.0035725155259804502,-0.0036098149874479795,0.010330906332878281,0.0209535903978888,-0.0072298358142896795,0.006566469149560229,0.00018126521315174163,0.000221498407731338
10,128,5,600,0.004493551476074244,-0.001059568219334951,-0.007106462836084292,0.005917760880187227,0.02002650754118095,0.010726529357008482,-0.011895751122521312,0.0032179130796699896,-2.902035192094795e-05,-0.00048696759535897917
10,8,6,26,0.023105700444743246,0.02992001476646523,-0.042220332842884574,0.028972251528414476,0.12148530673418327,0.030724681155388584,-0.11717739533945074,0.13569423067380454,0.0003562089970443956,0.01799522120951288
10,16,6,58,0.01605591006949153,0.018511336641396297,0.011206384922958085,0.0025455492764874426,0.026767166793292246,0.05398348895171274,-0.07323285799786883,0.11845212758247359,0.0011584819112211461,0.015319394292703289
10,32,6,130,0.006859332128016936,0.022051604972764476,0.015103887184862339,0.0017529312784307267,0.009721795326769174,0.033185656056099994,-0.03619060510907303,0.06184086848637018,0.0006706306668353993,0.008773677697910893
10,64,6,352,-0.013953255359470949,0.009710763525762259,0.01414405177254055,-0.019919846227671546,0.0077487484376544185,0.020683114904565158,-0.019239891322184424,0.03383218336522586,3.9161204011363345e-05,0.005789084875899219
10,128,6,668,0.003851075288627728,0.008333720269822237,0.006595442354239907,-0.005807156408458704,0.008353982300594684,0.014778067381039121,-0.013307017038835847,0.021157294041791837,4.9966413043844206e-05,0.0037420858619215016
10,8,7,48,0.009172262301018846,0.0008783447595258293,-0.01041238563241857,0.0101042075729427,0.005551519914437373,0.001321500812104669,-0.0007753399526050392,-0.0007544248097280068,-0.00015589910853247685,9.562443850403582e-05
10,16,7,94,-0.00248287045241737,0.01500400011016799,0.00648248838535385,0.006980916298616192,0.008877789358200876,0.019147019290138272,0.005096740273627223,-0.009166835309282124,-0.0010324699693214374,-0.0021857911138899564
10,32,7,158,0.04062312169091868,0.012023587514227298,0.00327418243145194,-0.006512422941509507,0.001115053444681197,0.015409064093204137,0.01512541179279038,-0.012440768975674877,-0.0011547289474498484,0.0017962769250760913
10,64,7,410,-0.00614797787672084,1.527979881179358e-05,0.003368397731829787,0.0010149844439018966,-0.0011630752860497906,0.0021982455731475946,-0.0019516952005845497,-0.005603017138700559,-0.0005176582085230762,-0.001573201410454384
10,128,7,698,-0.0067799589365905005,0.0002052578243020038,0.0004441937884981399,0.0017408449226239675,0.005799688482768655,0.0033262505136106464,-0.005350986222025511,0.0026663037276607516,-0.000162825177260231,-0.0013372591619264693
10,8,8,30,-0.022060385039676892,0.0021914170180706532,0.009346009664296172,-0.011299969967767252,-0.0021707927819145647,0.0031363039098358213,0.009777931322011895,-0.017046440759975474,0.00038094929431292305,0.0010533681867548402
10,16,8,60,-0.007524723350472422,0.003186170478293322,0.0037083382604987877,-0.006873256205148491,-0.0019484348266345618,-0.004787664735318123,0.00933354186855927,-0.010244561143575765,0.00016104506633147136,0.00041016868057069597
10,32,8,136,0.009879865431427845,0.0012843121993175422,0.002768555319052572,-0.003933103902828694,-0.0007921092695523221,-0.0018516523451133416,0.003939307867004872,-0.0027744082223444613,9.71908602635068e-05,0.0012147075331612367
10,64,8,286,0.013523742315474872,0.002093568019235565,0.00214483548010084,-0.004755337216995872,-0.0039313903412708795,-0.0035999144859505776,0.008757317203226096,0.00600484634668496,-0.0004547034245021969,0.00042849356169711184
10,128,8,616,0.0027006113796900033,-0.0014401762098013252,0.0024604103038153684,-0.001253561412913975,-0.003286728149941738,-0.005450648879464336,0.0018529505990335592,0.00795951507399435,-8.086421630933723e-05,-0.0008036806857436891
10,8,9,42,-0.0043928160848256854,0.00021506602749080898,-0.008271278676494714,0.020725673495422342,0.009710366555651079,0.00207522846951126,0.0019884970529718635,-0.013376795135127208,0.00027734334376161937,-0.001473825060142335
10,16,9,80,0.006670937734765388,0.0006206492601108576,-0.004856249920713768,0.001433837251176141,0.00168939341691756,0.0035841424413080546,0.004123555396483991,-0.0010775969995523603,-1.678328019869935e-05,-0.001767387421087083
10,32,9,172,0.009356530007675574,0.007573921474514845,-0.007777390102429688,0.007329394136343466,0.00957236182710998,-0.005886747654537545,0.005084762652029343,-0.012006205591082132,1.8543953269870754e-05,0.002084666875362122
10,64,9,316,-0.006251491132368668,0.0016065367638059744,-0.011147577547822288,0.007562747799710426,0.0021350320729556973,-0.010448308671168405,0.003526790357028152,-0.008079625427859612,-0.0003342593285001897,-0.0008023608956934641
10,128,9,574,-0.0036872449795980968,0.0024891319866195143,0.0009893555625313526,-0.004179574910004485,0.0024610968322042103,0.0004871178199628316,0.0004886933357087318,-0.006413833811511898,-0.0002789487735396171,0.0005348399162410362
10,8,10,26,0.009431907001336504,0.002593077670386976,0.016701185680601048,0.006035719694688894,0.018686200684665248,-0.004817677974803345,-0.006636276902138495,-0.019243988204435427,-8.017247068661619e-05,0.001189255981138593
10,16,10,70,0.00859480782316763,0.007114992446515061,0.005929328756217119,0.010861272591181198,0.01848913111803977,0.0009500191585847984,-0.01591127647967138,-0.0016921050903820224,-0.00010900277869615272,0.004753804325368708
10,32,10,140,0.013783159092840329,-0.004079878506749236,0.0016187155402579887,0.006260392054002057,0.013562820960643368,-0.0014921676775748601,-0.015984933309733936,0.00494430145616102,0.00013118301949873978,-0.0016199820316078009
10,64,10,298,0.0025487175840836415,-0.0022837465090500943,-0.0031344407253585064,0.0011220868038497485,0.01770659304451871,-0.005779424863673033,-0.017465063466832804,0.008966676731140254,0.00021431572576176787,0.0011773536431039988
10,128,10,572,-0.005516151617036108,0.0030366075373367534,0.005070858934208081,0.001327674176924865,0.004165707447282443,-0.0030546581811880533,-0.0022419776326531617,5.857814554043865e-05,0.00017911151189181106,0.0031520235317183697
10,8,11,26,0.003392993845171605,-0.001967806242168735,-0.0012064778839553684,-0.00641185178132143,0.004041045079366937,0.00033279696258705846,-0.00540694297063082,0.0005128629542001207,0.00020367884731645043,-0.0008051656942708863
10,16,11,54,0.007792226074075111,-0.00044712350106658276,0.0025275306380466663,-0.0071669871635363334,0.003095196926671397,-0.0004949647485301107,-0.0019755196692911063,-0.00026305018003050637,0.00010245146882541124,-0.00033134481520154057
10,32,11,124,-0.008372191560222876,0.002284132771718257,-5.2280371494026114e-05,0.003846345125388976,0.014517063041172229,0.005812260041988552,-0.020550160943894513,-0.0005671863667198436,-9.535206041538192e-05,1.530445495916515e-05
10,64,11,314,-0.008842279695752162,-0.002583390737607789,-0.004843172623575352,0.00787892908762722,0.01438089317336348,0.009205564875613149,-0.020624314600372062,0.000980696382805502,0.00019696680520499672,-0.0001234690261996968
10,128,11,612,-0.013386269451356262,0.00424756942310001,-0.007596239635157069,0.0011081526522193324,0.006475545466238497,0.0021661331025559717,-0.00947870824108646,0.002681509495603057,0.0001579606641584471,0.0026654049211382977
10,8,12,52,-0.0426400940105065,-0.03765993280017373,0.0449134555118267,-0.03123901739394558,-0.0018649154970125578,-0.019262482118087353,0.026902413428353315,-0.04665442230113301,-0.001604778210907195,-0.0009331396578388393
10,16,12,84,-0.014383816356092613,-0.028584304440772645,0.013193254853624933,0.004198456833432771,-0.0016568510512920366,-0.00951873621298856,0.013766732170291746,-0.03486416643205121,-0.00100828957763384,-0.0033715871889187328
10,32,12,154,-0.02371357001148537,-0.008582164067163504,0.014430384609233727,0.007897170490633786,-0.001153920855315093,-0.0013388587707317265,0.006561368078715797,-0.02466463136125624,-0.0005442899347841368,-0.0013092577052266161
10,64,12,304,0.012749331382666276,-0.003176914453497938,-0.003957388641583381,0.014937178658665293,0.014911922972334013,-0.003531008218749227,-0.0062054585686062,-0.01280129820153171,-0.0002524781768104434,-0.0014336273914670327
10,128,12,582,0.009659527655898613,-0.002266003814201282,0.001422873900378336,0.008646756943016485,0.005229542599091006,-0.005778201886018876,-0.0015077298460619852,-0.005263250420849626,-0.00012872047252932088,-0.00022529750322301893
10,8,13,28,-0.03552192642208576,0.002203071075992399,-0.019082544649524556,-0.00771356576791953,-0.00172474336050305,-0.004820038632691827,0.012046681940540042,0.0046370719005814735,-0.00034568722623737607,0.0018932290616771557
10,16,13,54,-0.027165247328962184,-0.00041210361363783947,-0.010729746218915905,-0.0061082109324151765,0.002766909290801885,0.003964625526237342,0.009495083427197027,-0.004650058588848602,-7.509490228898017e-05,-0.0024152249968058307
10,32,13,126,-0.005079269634340183,-0.008981760459513313,-0.008003093684240783,-0.008169532390013286,-0.004705352595277206,-0.0013430429702448827,0.012885478130289727,0.004642118691144844,0.0008933403073506661,-0.002932843408773479
10,64,13,254,0.0033069300979898858,-0.0036010275556090853,-0.005197683134998821,-0.005345264720721452,-0.0040615209237350805,-0.0012388323946538474,0.010993979461077817,-0.0025829385910560183,0.0003576479286032727,-0.0007778338155182581
10,128,13,626,0.0023163136201504275,-0.004287731745262971,-0.002170454421334765,-0.0002418733541416121,0.007296020654521286,0.007489662539011488,-0.0031543748100005264,-0.0011151198638838502,0.0001332405584194404,-0.0006587216857613872
10,8,14,32,0.04401237462329472,0.010696812752741619,-0.012818430804969055,0.02057860767393292,-0.044759348406038714,-0.003957154967064716,0.07190217526539303,-0.03696374776520271,0.0015044686333787827,0.017318927103917695
10,16,14,56,0.0365647483100689,0.005253204570597707,-0.005940874485467933,0.003031593485276231,-0.0256709116700892,-0.010516173247265101,0.036148650009594906,-0.012140544198857786,0.0007261478314235482,0.010621842256270223
10,32,14,112,0.020409077186386553,0.0048213370947047885,0.00039050473870807747,0.003371747354468241,-0.014536044885157067,-0.001035812105514079,0.016123371294841662,-0.0026850002933520617,0.0005608531628615378,0.00558544174358387
10,64,14,256,0.017353403583398777,-0.0050795640116334225,0.0037195017995195396,0.002396158217362674,-0.010510271032404588,-0.008437870554563026,0.02139410275024134,-0.01243763229433586,0.0005799589212110711,0.0012670777874353267
10,128,14,560,0.02270847264395028,-0.0021446400222727103,-0.0022655313138790437,0.0025523001504333645,0.011554127166098176,0.0032534038649763785,0.0007677084550727224,-0.004427496396690071,0.00029749470607544153,-0.0012711077733872842
10,8,15,40,-0.019548252396550184,0.010079127317515155,-0.0005659133574345656,0.006268206378000414,0.01741722814066677,-0.001910564065173308,-0.0069176314939477755,0.017513573872682302,0.00017134538625597276,0.0016041376486795225
10,16,15,74,-0.008420580959200816,-1.4057307157699475e-06,-0.01702104474824143,-0.011840904811663961,0.0017554715397649443,-0.034274807140237805,0.022990427145775642,0.014968324458179643,5.5253076507146167e-05,-0.0004118450537251747
10,32,15,160,-0.0010775620393427224,-0.008372628482820398,-0.016506802065510407,-0.0016946276094890458,-0.0028070903185528104,-0.029101241393645335,0.016183341382100012,0.008882069382477605,-0.0005044735673359486,-0.0016124310118943274
10,64,15,300,-0.010685808286853785,-0.007371508428405912,-0.014066256858409246,-0.007139811456090829,0.004958727596685629,-0.007723678258616224,0.007307644632658331,0.013944129153279762,-0.00040112135249033526,0.0035608404010150536
10,128,15,608,-0.013850393801812709,-0.001694453048791791,-0.006265422310593228,-0.005692484255329336,0.007799257732938039,0.006270769557314397,-0.0042445930007710166,0.006802250689179433,-0.00010356242402620049,0.001902146929484092
10,8,16,28,-0.0068678581867807195,0.01654670005928095,0.02925310133992466,-0.044251733386456535,-0.03150089032035194,0.012084863220651169,-0.011960585999928592,0.02022915825843262,0.0002225235869839284,0.005940506283630057
10,16,16,58,0.007551051151380414,0.008279933373363772,0.024512081562895156,-0.030586603721758112,-0.01710290673172472,0.00818977460207715,-0.01049054727990795,0.014675557792706191,-3.457475089762999e-05,0.0027883016142148886
10,32,16,126,0.005119391671466567,0.008664561317915742,0.0003418131053258142,-0.004831275987963013,0.007914747376013916,-0.0027336310638224033,-0.016532019357377217,0.012034874568902726,-0.0004308170532197434,0.0027071629167470085
10,64,16,262,0.008672409448691066,0.0027928915411617595,-0.013656140943684385,0.0025404743787128575,0.007351158638954345,-0.012513333264280273,-0.010175902557695566,0.01041859054293078,-0.00048123794753080515,0.002889424401051521
10,128,16,588,0.004828275081129806,-0.0021150806773683837,-0.002769937875922973,-0.007168731537996114,0.0008809240918331719,-0.008231127081922642,-0.004136216220524533,0.014816844241186964,-0.0007370058351635243,0.0035091141369014947
10,8,17,36,-0.0070770497283207424,-0.005694440585496828,0.00877636463420675,-0.010838988796541106,-0.007926290934690303,0.005358658115580008,0.007591335282987363,0.006040571017707199,4.582877625065366e-05,-0.0009855156358362497
10,16,17,76,-0.0753896918182998,-0.01695165052116892,-0.018761048768812832,0.012744325625807672,-0.03712712709358736,-0.027640034199138748,0.040566527553329464,0.003719937212420772,0.0014146313166858617,-0.008556920059445373
10,32,17,152,-0.03234163873512616,-0.009897580255091099,0.0006745646440452537,-0.00524974576485539,-0.022903785489060403,-0.008573849763973844,0.028875045894989376,-0.0016817550397628285,0.00043317530216834747,-0.004468858846777366
10,64,17,332,-0.0010001232139175097,-0.010158511963685323,0.004020052889042594,-0.005934426999199419,-0.0057265521518469675,-0.0035353051764271484,0.018134882891671124,0.006038409890615743,0.000438466461733045,-0.00239172915583031
10,128,17,572,-0.01568703610256163,-0.007688761570333204,0.004561059213031148,-0.005242009829425216,-0.010327859288225598,-0.0020039306467414357,0.011612304226775226,0.0026382720968598896,0.0002643578882485028,-0.0011551302361350953
10,8,18,44,0.0065614741754107565,0.014233467833268107,0.003289673211285738,-0.021937393310520345,0.019080468883923958,0.0026096791586664534,-0.01520727587888635,-0.01216665059839852,0.0017246890543481457,0.004162579954365156
10,16,18,70,0.010110705247482874,0.014656847727235025,0.030731739654796857,-0.03097158184877294,-0.02059460714475051,-0.0017063805797239867,0.00661947386288915,-0.0055060839366078045,0.0009428852974922654,0.00015887953685185164
10,32,18,122,0.01447043888667793,0.008781934587431713,0.012117515328587502,-0.008595271951734556,-0.008607988260981605,-0.0015486651141807786,0.0024585920341354305,0.0016947310365525844,0.0005706385491444084,0.0008053746634823629
10,64,18,246,0.032998691786961035,0.011529931128594397,0.006655076500288918,-0.007271897786672336,-0.006513080786923472,-0.009989580581750961,-0.0043563995362813105,0.009253924600385838,7.74612209826605e-05,0.00040410456186105174
10,128,18,524,0.023083736984395753,0.005626585071143482,0.00022458423611533117,-0.004875237572770056,-0.0010223434926209664,-0.0027116930284585418,-0.003868265586925391,0.006380106363729066,8.546675796474823e-05,-0.0007736082571088796
10,8,19,94,-0.011618245846696466,0.0034828782768760243,-0.00039010716102165694,-0.002906731932196321,-0.005091653944418311,0.00029900641450286334,0.002417582423777643,-0.003841785075985697,0.0005214125398494508,0.002775419422506305
10,16,19,134,-0.06255518680492775,0.004792081720933553,-0.010215332905810197,0.012817035852399516,-0.0075230038786058785,-0.025278519743603522,0.010197832720510933,0.02025352251035953,-0.0002117235217598034,-0.0031291009571087114
10,32,19,198,-0.0351874656120818,0.007478024630920606,0.005351190932600662,-0.003247926880027532,-0.010476409082345976,-0.006536881302501453,0.004220562726252217,0.011452990522009454,-0.00043613432622163534,0.0010607792865048044
10,64,19,336,-0.019375097415804267,0.005558092127880632,-0.009429363077364326,0.007972886743800147,-0.0030019793331123243,0.0020697663695551857,0.007974159051051317,-0.0028474576135756723,-0.0002070766984500674,-0.0010224763273526118
10,128,19,642,-0.006431714408545744,0.0021202183603690073,-0.003811322617777049,0.0010915614157166254,-0.002833664644371243,0.0018131169862463047,0.0029149051705899074,-0.0013271419499886064,-0.0001501291925747536,-0.0015121515901521973
10,8,20,28,-0.04713428203736944,-0.014281303836207057,0.027744067332852597,-0.03334596030655536,-0.030351468386110306,0.010344455539384206,0.020046607177656797,-0.0028750345223181187,-0.001414584603116932,-0.0059488387217280555
10,16,20,64,-0.024370818424958196,-0.007549029040994169,0.017122771689795833,-0.020799843803252505,-0.02381607999438838,0.002551232893132302,0.011570392302879658,-0.009696161564659009,-0.0007892298288755629,-0.0030960959713247343
10,32,20,132,-0.03036240825504463,-0.003180901331123124,0.015313672642324878,-0.010263681835265768,-0.022726300619886057,0.009078590842599911,0.010939863744114953,-0.012378109052516883,-4.542766082105506e-06,-0.003515742742041424
10,64,20,252,-0.004696971669497213,-0.0018399744987156756,0.004382736874171929,-0.0023221428409352677,-0.013874426539576963,0.0009481762384679667,0.006345189500233371,-0.007736275928378765,0.00011866869821830675,-0.001733812487118235
10,128,20,542,-0.013207651779006853,8.516432826885515e-05,0.0018921303017966848,-0.004079378515489977,-0.0017086813144491567,0.0044235199274689115,0.0027040412016721663,-0.00708171829343604,0.00011195674454657855,-0.001958952959270585
10,8,21,30,0.012890987786796027,0.0013489618084998583,0.0008892445067773143,-0.007480316137912116,0.007694839753084632,-0.00015856062370059272,0.010346454984469957,-0.017380308267758385,-0.000722171742523626,0.001712896289044746
10,16,21,88,-0.004902517399327094,-0.004996506285447001,-0.0019982126438023223,-0.012560746289710066,0.00628583180140199,0.007874650847511936,-0.001429301466327062,-0.005063992657628282,-0.0006172483403215585,-0.0011266319986489685
10,32,21,142,0.004772714902384495,-0.009714120950503991,0.01491775120951172,-0.018764275424879854,0.006071338563863066,0.016614853447483417,-0.002752856562929288,-0.0013449522627806928,-0.00015068497790910238,-0.00045877496093869234
10,64,21,342,0.014495236972567327,-0.004436830599529833,0.012171911385418687,-0.010537739765517131,0.0007332264139754937,0.0118375031604027,0.0022865718860904083,-0.0038538319285588633,-0.0004019210292707327,-0.0010907611391322313
10,128,21,616,0.0012794469797870454,-0.0034727014764314446,0.006385683135140307,-0.005626639967762543,0.00437908812953172,0.0103933593223941,-0.000802481037630564,0.0006692806569998867,-0.00024578036950181773,-0.0012023619537915797
10,8,22,32,-0.014518225885785493,0.002468003176811194,0.013190829846762106,-0.017050660855709724,-0.010436466928473219,0.00012373623131147182,0.011726310698437891,-0.013207058100311345,0.000768723896295767,0.003250281743800623
10,16,22,66,-0.014059318889170207,0.0022618607137288144,0.00935591351553079,-0.007874311735477998,0.0013037558397110778,0.007813257214423807,0.002722986591646437,-0.006219545426308642,0.00033012435308584577,0.0014875910432227105
10,32,22,144,0.0006660291424597728,0.008075912611867143,0.0041541387681983035,-0.005685026284922206,-0.0015614543526319797,0.018312669336951515,-0.0009772285242914934,-0.011677482396481939,0.00021731044772233554,0.005660389191932027
10,64,22,284,0.011084745473586547,0.007123678152992353,0.012749878182924132,-0.011578987713271385,-0.008624981032932594,0.013734510761686275,0.0029122374196816655,-0.0022077885269551666,1.7273875289838123e-05,0.0012389429859085024
10,128,22,540,0.013703454786144636,0.010158837904352782,0.00823112047326953,-0.004493174794789201,-0.007871365159605336,0.008618447358134836,0.0057523284581909445,-0.00878083301522005,-0.0001350381022301466,0.0021489209093921904
10,8,23,30,-0.032574282636962215,0.018377769969354252,0.015021984921118635,-0.014730060122164329,0.05240030503840968,0.04638423803266356,-0.015323948667356408,0.00404133771236923,-0.0011219181366220405,0.005080442892649985
10,16,23,90,-0.012772197858558747,0.0013365142061878572,0.008324323991711687,-0.010939265477131057,0.026845019331953823,0.02660192536366304,-0.010226099936010476,0.0018723354626162048,-0.00012204657253567271,0.0003614115732380946
10,32,23,158,0.019476207608911254,0.0006764737943540781,0.02160786302447338,-0.0207223742163287,-0.000553207246441324,0.018981585619754028,0.01136021075844878,-0.010243718718249868,0.0007595383649299172,-0.0002652871623338756
10,64,23,290,0.004451830113769443,-0.0009316098325328068,0.006440758978322604,-0.008961214356112837,0.00595784711726547,0.012146964408644491,0.007497921245960268,-0.01023458345529548,0.0005932421380979673,-0.0031689471062819217
10,128,23,604,-0.0005999938839226041,0.0011180444836897778,0.0024238018519032838,-0.0077983477088939225,0.00418541607633773,0.014043297082391397,0.0017426705030108571,-0.005949836580942858,0.00042692049979431006,0.00010209901725372673
10,8,24,28,-0.0339780440450759,0.001604019508867835,-0.03310414620258409,0.009679307048820876,0.03662386731935989,0.014077406404687673,-0.03506462233391097,0.048622622181290646,-0.00023792291015370767,0.00019989774817488065
10,16,24,84,-0.01751172926614464,-0.0008938329843389156,-0.00872391524743833,-0.003966958836534317,0.012526808865218834,0.003691003038333377,-0.012973323649285757,0.026171822630245357,-0.0005672380881762482,0.00045930825063385434
10,32,24,152,0.005004613905729941,0.0004110434877790353,-0.005688942016147887,-0.004289701131013756,0.011851092570710327,-0.002566697964592008,-0.01304009121758865,0.02417372450760535,-0.00021470669370010346,0.002200490732219838
10,64,24,276,0.012233816098924004,-0.0022300159779038145,-0.00988222138724938,0.005273368302798516,0.0030874861281005115,-0.011074657752058544,-0.0009567504013941871,0.007108959956692809,-0.0004142091521086967,0.0001694906408456032
10,128,24,530,0.003379786224726301,0.0003088062554269062,-0.0026221152100152478,0.0017443770248562823,-0.0005535281546971872,-0.007530625893536656,0.001891277000329092,0.0035961423570162057,-0.00023267521545262783,0.00030059227859169396
10,8,25,34,-0.021724426151838692,-0.0009181947839096006,-0.016479916048464466,0.003316033962755484,-0.01077984813448768,-0.005257153260969252,0.018719863338518668,-0.00776629250816251,0.00039857399332609986,-0.0018802272998162711
10,16,25,82,-0.0108241892989237,0.0009911762577220898,-0.008089185698434174,-0.0007787166169337721,-0.0037006364875773246,-0.003626514693132012,0.007413914805154602,-0.005178520561265872,0.00019327592073349305,-0.0009547253348120933
10,32,25,148,0.0138228441027522,0.0033679823208484765,-0.013380616260761315,0.005198072001876421,-0.003334717957775114,-0.016398871061731747,0.004520670433626197,-0.008128435439566824,-0.00016783656989472861,-0.002032894855645122
10,64,25,264,0.007974662324160808,-0.0019926426454640335,-0.0035842858136971027,0.0012297485664455694,-0.0068573579299397915,-0.009642769759597151,0.008002530028199041,-0.010322210664000363,-0.00042659970184243936,-0.003255897026731352
10,128,25,552,0.016387810404113252,-0.00483361613871692,-0.0006072446001357745,-8.135978207524776e-05,-0.0046467295549883015,-0.006054533541108009,0.00211977051500143,0.0037429601685510672,-0.00011911065539815623,-0.003013246904264182
10,8,26,28,-0.08103421563284599,-0.002154323244591566,0.022440600365791166,-0.04888859832794283,0.007555671022772341,0.04224461291534307,-0.025536626511030232,0.014781783212744357,0.00041566932989257606,0.003835046519990696
10,16,26,56,-0.034906663981706595,-0.0017870088263106211,0.020952120352375588,-0.03272706005400509,-0.0032019678689979778,0.017783559328352728,-0.0033100232988354985,-0.0021698091676577774,-0.00026806262499282004,0.006099714138046593
10,32,26,116,-0.04299641855904462,-0.007421148736834651,0.014000294785000792,-0.022755619155776834,0.003991777518327038,0.02718193203011109,-0.00047012470761499203,0.007582273829358711,-0.00011425619614962421,0.000677839055010103
10,64,26,262,-0.035123532586855785,-0.00044042421348458507,0.011642567158068714,-0.007558743792156135,-0.004881918717251424,0.008961023629306094,0.0018022538793700843,0.005435174427536873,-0.0001778238767152563,0.0019711567452745152
10,128,26,586,-0.015577082917772787,-0.0033533719267801678,0.0038322723693613708,-0.0063454763741998925,0.005020207775916611,0.00462902553943987,-0.0036986752915428136,0.008498631889367125,-0.00022570361227924115,0.0003891856379648667
10,8,27,36,-0.009193364780608872,-0.0007383250529421925,-0.029654063355622932,-0.006309215349521204,0.013669443254789117,-0.009874653774986916,-0.010474815673087213,0.013882847972678289,-0.0003523858800398321,-0.005050995752857416
10,16,27,66,0.027152388098695197,0.004952351283437537,-0.0009693768605129026,-0.017508960143896666,-0.006148502857648527,0.0010403563811695825,-0.005722886178291807,0.014341595384356727,7.289047145943355e-05,0.0007905930935195955
10,32,27,142,0.032332382855941054,0.0005294051416853617,0.0056040143115962705,-0.016303635506917956,-0.0014726826917046407,0.008649155382547492,-0.018793591245658395,0.022892472048647763,-0.00025143223858846756,0.0024812227512305786
10,64,27,300,0.005814221286765419,-0.0008241775415449077,0.008527611381283705,-0.003663227399035052,-0.005974108317345445,0.016981584622853273,-0.015047135120984524,0.004001904798407958,-0.0001821480108738113,-0.0015418022271573037
10,128,27,636,0.004696299955428047,-0.0008145361969286831,0.003435498275545708,0.0059401065614619365,-0.009096406673022542,0.005436660146780598,-0.001741886694973179,0.00753455133098962,-4.487765890850864e-05,-0.0013979907553106161
10,8,28,36,-0.014043781832987457,-0.012628974071595701,-0.0037464124226965893,0.0011330239539664427,-0.04021663755392646,0.011653110328283662,0.024890287583911597,0.0017551948132669014,0.00035617439804081353,-0.006246785395573107
10,16,28,66,-0.001622371621249963,-0.007985292767509526,0.011784665917353495,-0.011307814385055726,-0.04918488049244013,-0.03170252612854963,0.05345428057205261,-0.04265212131623119,0.000765918797963855,-0.0005120336687908418
10,32,28,138,-0.025062159988349483,0.0009898116596582553,0.01083139126016613,0.002231917052358065,-0.009336442258434208,-0.0040877743309801935,0.004208875109208541,-0.017931417807446393,0.00043413924048677735,-0.0012433892812310603
10,64,28,286,-0.0103286673829684,-0.0005660175465293608,0.008113056185527295,0.0037112986142145616,-0.012853416511519427,9.088297362916734e-05,0.005588673046609836,-0.01277855381107021,0.0001417661388570869,0.000412541712988211
10,128,28,674,-0.009659373756967246,2.2571022389031545e-05,0.006641583175992638,-0.00020952233686973213,-0.0072377937678901,0.004151991171851946,-0.0019391255881213176,-0.0025606410642788954,4.148248832114474e-05,6.273382629866394e-05
10,8,29,30,0.013188816686015686,-0.011870877586115672,-0.0195367439884667,0.009808323050868466,0.0324064315177507,0.01997114103598059,-0.025242828578650022,-0.017417208142491,-0.0007888251912529415,-0.0010160025079200916
10,16,29,70,0.028395682671242557,0.004680826937648675,0.0029015962050566624,-0.03385870465467414,0.022936407307987267,0.017885941544317007,-0.02207654156389123,0.0021059875810580013,-0.0011421672462615048,0.004992247102122598
10,32,29,188,0.008396294587909768,-5.130325081374401e-05,0.013524592441372177,-0.029225519178891025,0.027469388844220344,0.04110935335532001,-0.016116018638735987,0.014038569492826768,-0.0011510425175654685,0.0063144360509138145
10,64,29,304,0.006850635172966218,0.001728110560697672,0.00601713104856171,-0.009809019312985346,0.008628040686309974,0.01038306078907141,0.010804448232675868,-0.009964405030357816,-0.00025369349287363794,0.00017385382606346374
10,128,29,596,0.006052291024356182,0.0026599369525706416,0.004312446243927388,-0.003864395392424694,0.0021133504465205683,0.00732381765186744,0.0033305039763322324,0.001871791559547437,3.942661762815621e-05,-0.0006288490748472966
10,8,30,30,0.03567621536305921,-0.00782565115757571,-0.03985174931590702,-0.02725468941417141,-0.04767666299190009,-0.016318429590145796,0.0593170096984713,-0.0006714266978593893,0.002129570827602519,-0.010979248021499136
10,16,30,78,0.04351967610554829,0.02700152521299484,-0.042926623480510226,0.0001830079273677362,0.00579327414239359,-0.006721310702606364,-0.013509541725255394,0.013951170662781046,0.002578375411231275,-0.007815459926430637
10,32,30,148,0.007033319549593036,0.016656625679054682,-0.027526974635881007,0.0017881848359729041,0.01513815030696453,-0.000944099351364789,-0.01274805199025172,0.014095361745853402,0.0012446998583052057,-0.00544857581129464
10,64,30,278,0.02158090789110769,0.007386619697027844,-0.010056949710778588,-0.00570020181673039,0.0063549029116323815,0.0020308680093942552,-0.0035440325865050424,0.0073395166546123755,0.0009578553090493887,-0.002440870356512678
10,128,30,602,0.005649909129685766,0.002063333406401617,-0.00604065935353223,-0.004389672099873789,0.0018174561720900753,0.0025068837195499857,0.00231440953072396,-0.0004563821149855004,0.0004177145686730447,-0.001057493987081335
10,8,31,34,0.006438582020210125,-0.002709975216414229,0.015030423365290313,0.0015608732861745233,0.0005669438772071649,0.014394936188670741,-0.0019356002522497113,0.009245374386021243,-0.0002206079930597991,0.001680675388141088
10,16,31,78,0.03844533181026775,-0.008380879712732967,0.005534762365011392,-0.016436951969605162,0.012799113296159697,0.02146727674792655,-0.025429314040349527,0.009434992817915525,-0.0009103058860630683,0.004254402990732923
10,32,31,144,-0.019133507463402453,-0.005462790406837178,-0.012352994916751934,-0.015740655047098973,0.013618401949869043,0.021381828079062942,-0.018575996619421668,-0.0013168945326039972,-0.0011868280874295558,-0.0069290847578510175
10,64,31,298,-0.0208729229766299,0.002664719511635385,-0.0006852113412354144,-0.012653866002919508,0.0030022924686135054,0.013089860094114147,-0.0008990551438536038,0.0034009346918737753,-0.0005227315867279597,-0.0010399944233637085
10,128,31,686,-0.005884237371541089,0.004291933844096264,0.0001859285938845363,-0.008517823744051524,-0.010658917470760983,-0.003419983802942203,0.009535036202343446,-0.0003332435057330091,-8.577513193845999e-05,0.0003872154521343728
10,8,32,46,-0.026315975819244414,0.0037678048974483444,0.004599396861092705,0.020342659038785772,0.01422218864767976,0.010317903629684974,-0.035849070094738596,0.01118518968138528,0.0004715231230278162,0.0017634453429608075
10,16,32,72,-0.016652720293714268,0.005621673629503221,-0.0032065671159208957,0.017881757171196423,0.006285450587589608,0.006961704436352046,-0.020548457887086893,0.013821045053527752,6.032880175244978e-05,0.002541272768354549
10,32,32,134,0.024981571560510153,0.000296775763339398,-0.004632178570481262,0.005032293423161718,0.0008355206597336052,0.0051902261086357315,-0.013341062401321126,0.01367708309684616,-0.00024007867428937947,0.0025950953085745977
10,64,32,300,0.008925921092359162,-0.0006759038112641571,-0.002811608607309436,0.00278592536562659,-0.0023410031486110847,0.003943943749833178,-0.007725537604046395,0.010073801399408442,-0.00021765379867822802,0.0010986614365716728
10,128,32,582,-0.0017089526315145086,0.0030848314749185165,0.0011618275585897186,0.006528024523417906,0.000554446051462284,0.006936248136025627,-0.005122848147086483,0.0065988215982804525,-0.00017309333482062468,0.0020820293952520737
10,8,33,138,-0.06963812613008812,0.023244698439578926,-0.0025450147155529866,0.0073323846977308245,0.0029872836314916197,0.006294043047145002,-0.02160674946672447,0.0035358032666402777,-4.2668768983058246e-05,0.00803501796683909
10,16,33,176,-0.03104859695124173,0.013590945813714197,-2.472746526606772e-05,0.00569408433719482,0.003880614175880804,0.00450050278501707,-0.01509130671189967,0.0038552987745610868,0.00015192315709567153,0.004080272884518939
10,32,33,258,0.0035223239545545226,0.0061046061514718475,-0.005071216522059212,0.004824971002322854,0.004710962541143845,0.004134015922395005,-0.011565601450479667,-0.0014122926485908589,7.584414655431769e-05,0.0022673126442419316
10,64,33,398,-0.0010537970848111986,0.006175988553329225,0.002696362867314874,0.0012007947112654123,0.004186333947626784,3.10373755549729e-05,-0.006293675428043359,0.0044810178734792615,-4.8510604858274355e-05,0.002140010800809852
10,128,33,788,-0.003026134411997148,0.006314691384308365,0.0058738413370402545,-0.0013682834674055974,0.0018146870086844437,0.0017095904086855734,-0.004272531947914486,0.011078598153263687,-0.00012256672422634294,0.0015805271673186329
10,8,34,34,0.0479795040175339,0.002584822970187653,0.026303281560268395,-0.0023856505026363045,0.02536921292957536,0.010360469077414012,0.010745777874677901,0.0020950877305811848,0.0007681505223037018,-0.00032859679022931765
10,16,34,66,0.027803629364342903,0.002313505399619352,0.01899697577164296,-0.007866331413283157,0.011368604512317197,0.005909182890163685,0.002802493201010646,0.0017748848852478351,0.0003270905854764693,0.0006387085510472621
10,32,34,146,0.025715450878022787,0.0029911843870414363,0.016772673197263412,-0.00782514677917543,0.010139105742340188,0.008258842493187188,0.004320027258597843,-0.006909815801462425,0.00028335503666526436,0.0026973326333419607
10,64,34,304,0.009123409692705616,0.0035696206785842213,0.007380303920051138,-0.0057852659118723835,0.0019352336345081634,0.0019292045201115807,0.008388980795721403,-0.008850574738572823,0.00021672925435231596,0.001963782179784928
10,128,34,636,0.007718241075389708,0.0026274303418960918,0.007001289043038909,-0.01406326728247419,-0.0004010521603951667,-0.00025730656389896594,0.007603737044885213,-0.008864927625927641,0.000341396216915584,0.0007450930882519341
10,8,35,24,-0.036706169084787965,0.007782493677506979,-0.003848460741445058,0.0076731798901248285,0.002510334120466997,0.016261327496432103,0.01638102197761145,-0.034034559677956364,-0.0013168671354198945,0.0005414203184110795
10,16,35,62,-0.0007759889983824722,-0.011921913621193938,-0.002215676602039099,-0.0010109028125312681,-0.016230785139674176,-0.00420386688078008,0.010346391963837602,-0.025643544896686726,-0.0007039025200558695,-0.003552685551764078
10,32,35,114,-0.003168475071541145,-0.005565897680247722,-0.015622672164552317,0.0023787897553288672,0.005536116363972525,0.011757880425660127,-0.007509834216467504,-0.002238194680163817,-4.007228469972852e-05,-0.0004266454643662838
10,64,35,306,0.008749137202228922,-0.003917657500555718,-0.006732523079621395,0.0017813544295150674,0.005786130724126496,0.010151743507837768,-0.006678576745096244,-0.002309691676613831,-6.319766121297246e-05,0.0011050596472972412
10,128,35,660,-2.0371627118567808e-05,-0.0030073618136847954,0.005151332559153927,-0.003673832712240573,-0.00036425436088535724,0.01837814460573356,-0.006127187982244191,-0.0018348297187178234,-7.174868833726528e-05,4.9328506160546134e-05
10,8,36,32,0.004356415248490699,-0.0030397741675140116,-0.028655137264846545,0.014584850521873829,0.04189541189173625,0.017254158427046626,-0.03374444541900138,0.0010673718078700427,0.000724743785142843,0.0007145893365301881
10,16,36,76,0.01099674877871178,-0.00213230114753643,-0.022576623984644318,0.007415387471943908,0.040921756096877225,0.006001729739731505,-0.01653456072443126,0.0009725518929934375,0.0002766434028502921,-0.0016237128634899237
10,32,36,132,0.059398741044168805,0.000518890859532715,-0.006307719119376949,-0.009126753343229311,0.019825171086002853,-0.002646645735834249,-0.005065157180092604,0.004012187068999539,4.642751772956009e-05,0.002501249882236688
10,64,36,278,0.033778448557398054,0.0009685281767236123,0.00044329729086259464,-0.004052639447467231,0.016506359050179494,0.007094649514553337,-0.012963560326627417,0.006708039207750517,-0.00021574267180112032,0.0007510477972422786
10,128,36,548,0.018703680932437818,0.0023405441265946683,0.010697065137396815,-0.011123007437605822,-0.0026806473662673237,0.006304851647467306,0.0043463629826115515,-0.003837114567706133,-9.36506195818264e-05,0.0010027349182637497
10,8,37,32,-0.009652878069013339,0.00037695861326457464,-0.005755770213063585,-0.014978364249613633,0.013775102411646572,0.00585347021972955,-0.016952106558802593,0.011349378611612271,-0.0010905779329341851,-0.001550826999333227
10,16,37,72,0.026971911512433125,-0.00701087777966292,-0.006269543271655029,-0.011647058117829186,0.003254900912990499,0.01061951654175808,-0.006488292898875226,0.0034394083842787413,-0.0008129938670726822,-0.004554835356060816
10,32,37,128,0.01498519079348962,-0.0017558116789550275,-0.011421993423970643,-0.002966864028693247,0.0022972689821368405,-0.0055412819272458915,-0.0020819681941389753,-0.006201447792289317,-0.000208361019342218,-0.000775230708558419
10,64,37,274,0.02710773063630859,0.003208859725964959,0.0021251234353709507,0.004358725341153047,0.002184336854035531,0.0009596914475436631,-0.005882841198798533,-0.002990024630158766,0.00025812816722909786,0.0024247270539543703
10,128,37,572,0.00878196968649369,-0.0035253834381886438,-9.36275235664065e-05,-0.0008860301363084072,0.006065575648814549,-0.00020475798265553354,0.002249966763894461,-0.006351197474244158,-5.508439465888621e-06,-0.0014684040714494058
10,8,38,30,0.07495250181108834,-0.018401935379573478,0.005378827104059498,0.0017019634944948382,-0.10813632895319114,-0.06630238764709959,0.08912859479753295,-0.06441452084540689,-0.00015106802206540283,-0.014080103884258555
10,16,38,72,0.07397094775026991,-0.01523441947123549,0.008253428696720948,0.007995678706228746,-0.0497964134213787,-0.027088911658296994,0.03583036947066722,-0.026778379196443398,-0.0003244356229136167,-0.006446196762552382
10,32,38,142,-0.017434105881285446,-0.013864094891303946,0.004477046152160752,-0.012382953875267524,-0.05207990713760224,0.0008323522106334095,0.031669289026730926,0.009065336440598315,0.0005188889507249243,-0.0005717116587566299
10,64,38,278,-0.008133032676713201,-0.011631670774945738,0.005854023994484801,-0.010180754559054518,-0.03059370405086459,-0.0018593965603768837,0.01800715341967376,0.01197168144836727,0.0003531933995640353,-0.0011190978000736097
10,128,38,632,-0.00692338263696158,-0.005067829451056516,0.001473095259600344,-0.002853424233376257,-0.015012020682375489,-0.0033113931595649144,0.010763868589804094,0.004381970268032839,0.00014940980665038487,-0.0002072885165248282
10,8,39,32,0.02382095858112361,-0.019576809333581587,-0.013270435856856984,-0.034230095986758656,0.003766407158995673,0.019931124994115302,0.004228071639762043,0.0456160041321808,0.0011573451673616358,-0.02126129749987406
10,16,39,80,0.06979108208546118,-0.005077630189416338,-0.0623073273600874,0.02089752008785265,0.0064664379855430935,-0.014377609138844305,0.014736158793100591,0.01828560101005711,0.0007164114465228882,-0.014940857913380049
10,32,39,148,0.00780183503855847,0.0002492723260534041,-0.03271758119414378,0.01134671815486264,0.014667867620556446,-0.005607897667844458,-0.0007545344647785621,0.012981620048306016,0.0005908510352689908,-0.0034593630208413603
10,64,39,344,0.016527875763635187,0.0010806730226604756,-0.0048234294326708164,0.002446313862102664,-0.004551800129377073,-0.0044791270652908945,0.004736407143194026,0.015128300936392048,0.0005157171936806515,-0.0008693116176599647
10,128,39,692,0.013253210998993032,0.0011793502964415057,-0.0060046925605459186,2.4467093086360507e-05,0.0042442687104270686,-0.0033762210094754417,0.0026375226909383146,0.01783408217325463,0.00010663358838696207,0.003328662188294598
10,8,40,36,-0.031069637332026237,-0.0002429313988445021,0.01234607688394844,-0.02351828197742939,0.012464449636947721,0.014740959957641889,0.003517981209838218,0.0003761890478887944,-0.0014428346415327462,-0.009526931336002492
10,16,40,68,-0.010771261898088375,0.007823336534749334,0.0167738426159185,-0.016545237962656608,-0.0076428669362231,0.009175620904464799,-0.0018742535818467602,-0.010484499565650464,-0.0007650548070685418,-0.002269874482594407
10,32,40,122,0.02296456404921416,0.0060973429144858034,0.007447809851964603,-0.002603957474814877,-0.006178852809940843,-0.0037647108100598028,0.0002769193021334404,-0.00208801192086469,-0.00034212792353279165,-0.0014647279423928394
10,64,40,252,0.02893564281125789,0.0032340968171434325,0.006997930400601789,-0.013523827571313684,-0.007737340819805353,-0.0032167426505012686,0.004874337650224028,-0.0014554768801403309,-6.0381029245821385e-05,-0.000579153860270776
10,128,40,518,0.008532630386583705,0.00049424866406471,0.0037470963655170343,-0.00633521315890499,-0.0010355905882548672,-0.0018138367054889083,0.002278889532705297,-0.0053879896605307604,6.53724902832103e-05,0.0003051990669522062
10,8,41,40,-0.10059768230830224,0.00015510640297662637,-0.032731454316575676,0.01510080803043649,0.015006920898375074,-0.011918244231398204,-0.0485462689319652,-0.04691535375037716,0.002139680337881013,-0.004967694736783615
10,16,41,94,-0.1518923346525304,0.0003414631377327709,-0.012880013230597308,-0.03732612837559455,-0.010968721283046854,0.005549074783038825,-0.023271309806087184,-0.02202005683088161,0.0013498715319792184,-0.006399717096792463
10,32,41,166,-0.08067862007362707,-0.002667868868141154,-0.005146556828341073,-0.028259068730569725,-0.004557814422026297,0.004389481919963879,-0.012914179514577712,-0.022293750543820344,0.0004343682640730683,-0.00525501964687573
10,64,41,326,-0.05462160166307695,-0.003580225801826829,-0.0009185799115162142,-0.013864074090052258,0.001623739021560436,0.0013055888405190395,-0.00646765863476353,-0.018178526740267244,0.00036415442395115223,-0.0023830111016561084
10,128,41,644,-0.01980717917283503,0.0012373952737038986,-0.00011566310658440865,-0.0027988946620158247,0.0004659107189435987,-0.008738598914257729,0.0005749179102480287,-0.0041478665786402035,-2.8796090261838263e-05,-5.570932227593988e-05
10,8,42,32,-0.04704327747932336,0.005813638499995216,-0.03558149789534815,0.05513273746827794,-0.006698759991575179,-0.02815803269539062,-0.015842280589636187,0.046060582122891006,-0.0009617223390237249,0.002861609580258702
10,16,42,76,-0.04543421408469034,0.01447290079732399,0.017879679855859823,0.0016657795789537162,-0.012597407844117163,-0.0173152131020487,-0.009161660512476489,0.03913162836863118,-0.0009638060753911713,0.0038145901454428133
10,32,42,148,-0.022512754647751654,0.0023137090975941764,0.0065708259181149415,0.007675812442530181,-0.00386349223724738,-0.004892906148558199,-0.006826001688425574,0.02307211609086928,-0.0009041697994859883,0.00042758715490088693
10,64,42,306,-0.009310467022742155,0.0016577978672254814,0.0003987799852158588,0.003432332599864512,-0.0048725361346050496,-0.004890220440727214,-0.0024540466840761157,0.010813129128608509,-0.0004328549642070901,0.000936603449999163
10,128,42,640,-0.008901944522673823,0.0009514923076514939,-0.0021639374421208116,0.006358859242781498,-0.002073893911865357,-0.0023929392075337855,0.0007442814745971808,0.004783762065706542,-0.00019163956632966178,-0.0006025217506244072
10,8,43,32,-0.006467966977252385,0.0038824393144153723,0.00012512346649415566,-0.0017150465941641571,-0.010140098369965907,-0.0009192715448672965,0.010656933800023697,-0.005121049662155346,-0.000290589890459181,0.0014925930722334395
10,16,43,64,0.00206906579756485,0.0019780295064568236,0.0014869551671478167,-0.001592109806637373,-0.008208290909381999,-0.000877199340216893,0.006443843552792351,-0.0028862392427251556,-0.00012133878685433288,0.0016240919873712878
10,32,43,178,-0.007773564453993585,0.003978167355342735,-0.0020069984511652548,0.0025987064021376323,0.0031335277101589253,0.001610832704980272,0.012768444048866165,-0.018593702847714774,0.0006344116857869486,0.002848069752394141
10,64,43,340,0.040516370118343095,0.0022407663472825265,-0.003203637100811215,-0.010090123414548935,0.002137639045579355,-0.0006584634835943842,0.00400073273208079,0.0028702093535496816,0.0005183177698052589,0.0013619140734703143
10,128,43,644,0.014091843595987807,0.0015449695273364742,-0.00550751993666572,0.002228801670014167,0.003569693166150011,0.00785634941466193,0.002437020942845221,-0.008144452066520315,0.00012417601541937694,-5.241720258609504e-05
10,8,44,28,0.0204524312167092,0.0007123974194550532,-0.006849135676203815,-0.012392384931817723,-0.004505995543287787,0.009866901225043774,0.006938647185939466,-0.013608021225424176,0.0001475317239148768,0.0034293050477821815
10,16,44,60,0.028995620203074696,0.009160728890005968,-0.009597024326474076,-0.014687591589432907,0.03127284672542221,0.023659356823484377,-0.006593127487478144,-0.005621753912695529,0.0003617362266993743,0.007522593438348732
10,32,44,120,0.01543590198589876,0.0063728765264052965,-0.016492253874704633,-0.01356212540040505,0.014479106148764558,0.016275647577504396,-0.004444839936951393,-0.000897171802583915,3.87598938137702e-05,0.0036197022744098627
10,64,44,288,-0.004908538106468656,5.282578522215379e-05,-0.014346719985131737,-0.0015062837869381897,0.005431294813258371,0.0024355987301363357,-0.0009382702041362671,-0.0020351247318240494,5.8034790731317935e-05,0.0007157593166534522
10,128,44,540,0.014279882529336378,0.0032592125779558603,0.0001840925450490832,0.0037665013746710527,0.01084094092776553,0.005945400105983176,-0.011485945010206382,0.006888450136499699,0.0004149691120825138,0.003456162757936483
10,8,45,46,0.06004061352940856,-0.021862494537611007,-0.023266595607265534,0.020828524069852923,0.027813034127462433,0.016748418234627173,-0.04584803136496171,0.035515097571502785,-7.439074821961833e-05,-0.0028075043575068767
10,16,45,84,0.026065751926202342,-0.012509559565010878,-0.0102422916629042,0.010737541607027262,0.014411682644518845,0.01232712719177831,-0.021279818644995566,0.01385090105759434,-1.1230848093736444e-05,-0.0018538765814687548
10,32,45,152,0.012560746108861024,-0.009890308708974374,0.012138722031915712,-0.0159206118476504,-0.012785395844932384,0.01177330863904654,0.0026442293509680395,0.00197645129049201,0.000717533683868166,-0.0014193643572105014
10,64,45,296,0.0005235553585800704,-0.006972571707594357,0.00717628161824607,-0.008500176071393232,-0.006746407696986181,0.0021624597430739455,0.001994005989508713,-0.0038421294160287385,0.0004356836588740927,-0.001824001797316392
10,128,45,608,-0.004958148057341574,-0.0025733820038818557,0.001842274275241553,-0.0024766739551835815,-0.003575968431665925,-0.003928294929174493,0.004064310777281321,-0.0016764945142795536,0.00028658908094784203,-0.0020209938891451395
10,8,46,34,-0.03012759717884173,0.002536639881046435,0.005523072300483283,-0.004204847625757591,-0.004558964812220755,-0.012686143668757437,0.004394283623082481,-0.01739612169464204,7.243904424476268e-05,0.0012265707686002919
10,16,46,68,-0.003711260128597472,-0.006096343763882236,-0.009819032817429518,-0.010127553426103839,0.0008079711806678706,-0.03636829049134626,-0.010931869926965414,-0.0044613985085123,-9.769457307749686e-06,-0.002122713544858569
10,32,46,130,-0.01656060114991292,-0.012369096232315524,-0.007476731798286974,-0.0024581115678072017,-0.0032576007261656253,-0.01971351039703319,-0.015509626947254551,0.006804572006276818,-0.0004667516969741822,-0.007285846411912727
10,64,46,326,-0.014567994702177489,-0.011937849277863826,0.004887090828620713,-0.006011080184520946,-0.00726755228636909,-0.004938841904813896,-0.0042777374476656825,-0.002765231916821085,-0.00043087124943256357,-0.0033459336230094536
10,128,46,598,-0.008555004506246444,-0.0038593833902414876,0.004452988764761693,-0.0058457793404547926,-0.0057241752730459805,-0.004066097949766215,0.003597640135986349,-0.0037820830600885607,-0.00015755715526852233,0.000333599514856625
10,8,47,32,-0.0036041771534128996,0.005239158384001622,0.00021540190901461482,-0.0033963895396461326,-0.0059704615115745464,-0.002628967371304385,0.008680350515526462,-0.0028263516889292252,0.00024351544049871745,-0.0020428061969051804
10,16,47,68,0.09143187215963808,0.018037587177578703,0.015291531162596215,-0.008156818617949835,-0.013865801892859863,-0.0023216580439925968,0.006692620490229634,0.003326699455425437,-0.0014701744294227962,0.014718195056404513
10,32,47,162,0.03539170368035216,0.010386471211418679,0.007156705656454282,-0.008500226330064527,-0.015000565005228438,-0.006313272203067655,0.010331194171574161,7.905056866946839e-05,-0.0007397469769552407,0.006722805990682218
10,64,47,310,0.030702001263149002,0.008945385370173073,0.002237007744484877,-0.0017466560914124992,-0.002646304637678118,-0.00909872632729839,0.003992894148461597,-0.0019368430978795122,-0.00012936765886512334,0.0025000322066267965
10,128,47,638,0.007194860939531239,0.00652058829153854,0.0011746211532711389,-0.005372736714051488,-0.0042675370741854565,-0.004049400125412217,0.003596487727155973,-0.000427447293643558,-0.0002432786774481659,0.0012356789793051871
10,8,48,32,0.028043491517739584,-0.015048111164441472,0.0013635058992626217,0.005158017881882476,-0.008798942532203225,-0.0016809915720372237,0.001537080854697238,0.016193203522698367,0.00042097338962810777,-0.003444933114082981
10,16,48,76,0.0505401926331454,0.01097776095700122,-0.029620038322383423,0.009057389479903583,-0.022270826170196815,0.004782447124959829,-0.003880224497203177,-0.01717218758427998,0.0006445961742724478,-0.006586989101244468
10,32,48,140,0.02830417070813188,0.007981875170800002,-0.024748693211676248,0.013958069853983146,-0.009498505638806339,-0.007538190491484419,-0.0023708819155952954,-0.01530079227537167,0.000539646982713441,-0.004717129720808116
10,64,48,284,0.024272796257904183,0.0077456228436567675,-0.00848007722156517,0.014157846603925614,-0.0030988862606557564,0.00011198724819856459,-0.00868371860905648,-0.004751987722755749,0.0001520088198050202,-0.0005424857384603225
10,128,48,588,0.012237854595321337,0.007615250348609893,-0.007357456024062188,0.009665916118392775,0.0028264708136140613,0.0011382121164590585,-0.00928198212348185,-0.004908626728006274,7.180606889092199e-05,0.001447336086509037
10,8,49,30,0.029588555308741524,-0.004796055171503629,-0.0037439278098268455,-0.027213466951918147,-0.0005642974027310986,-0.012596932981247566,-0.0015146880334675555,0.0008481366143810946,0.00035032898156373205,-0.0036682504886126114
10,16,49,58,-0.02284900403408843,0.006206535156419275,0.014056509242695536,-0.03517110412899161,-0.012980562865543388,-0.00728121412252772,0.005211031753447165,0.00027740917839897154,0.0007815615564666325,-0.000705166058989008
10,32,49,142,0.009383098394630062,-0.0024562096740603236,-0.012952319651886195,-0.013115163733867449,-0.01939287729091977,-0.02573934968574298,0.019031426453133927,-0.008162652589878009,0.0014197515187578038,0.0019094065380655238
10,64,49,258,-0.01494167894071007,-0.003459821358795641,-0.0019061942687749263,-0.007996120177004788,-0.0016070119256612347,-0.007072633868005149,0.009296402495268592,-0.007785157062121858,0.0002705611403800999,-0.0008444344403336235
10,128,49,546,-0.0028916907067777255,-0.0008937416441770909,-0.000952833078981918,-0.003889148948246591,-0.0021688285847836736,-0.0020624048716403375,0.007439581499902823,-0.004737729398295864,9.912783757628197e-06,-0.0011068854606381298
10,8,50,42,-0.008822816419548893,-0.0031742215297572126,-0.008417884463167182,0.006662144515057719,-0.010884484076905508,0.00032068987890326574,-0.0005855455909227251,-0.011439297341695296,-7.412345046447684e-05,0.0002510341768373331
10,16,50,162,0.00034934827479845274,0.005653707302767585,-0.008387251485279938,0.012183714158538049,0.0034765707594825238,0.009053881359790478,-0.010771694180429886,0.0038978304255046707,0.0002090856940652812,0.000112746103649038
10,32,50,268,-0.017459214192849494,-0.004613627324693479,0.00039168585911412035,0.0029694238061930443,-0.0019034045968560616,-0.0030269882589912538,-0.00906906231766509,0.004875633176715954,0.0005404113555176185,0.0005302708300224477
10,64,50,404,-0.017008243896098438,-0.0023924708117286364,-0.009118392081578578,0.00746199929785228,-0.003093737906469524,-0.010898760179617497,0.001058426657670628,-0.0026355042657685767,5.463536849939951e-05,-0.0028805675836489314
10,128,50,732,-0.00327376400547603,-0.0026943209259809144,-0.005398420495812752,0.0046628264115847,-0.002035639878749182,-0.0039190150540569894,-0.00015629890629979853,-0.003214317254161426,1.5413846944302024e-05,-0.0008679033344851697
10,8,51,32,-0.023238131274166664,-0.010117463918361023,-0.04772100229477982,0.023723709376045777,0.003566813029646334,-0.0654894274626303,0.0008738219779461799,-0.01586907711414281,0.0002064802130289011,0.0011602052105499075
10,16,51,56,0.05499562057666447,-0.012342535317454346,0.008707120179213408,-0.013899726690950936,0.013507849997133704,-0.012673540453310502,-0.006444111698613734,-0.012968292947211095,0.0010255273670907166,0.002942949334634493
10,32,51,132,0.03704232708457577,-0.006136687050557298,0.009180498810233598,-0.012990589578985542,0.005730561811578085,-0.00876982596724182,-0.003828806598735387,-0.0034247735446407356,0.0006794221617698163,0.0020412307970974937
10,64,51,282,0.038131154043063435,-0.006083153392698576,0.011643813247049993,-0.00577851592932045,0.009921491136681872,0.00579697552460061,-0.0058126555313058464,-0.009319552529030627,-0.0001285408144197484,-0.001066105105302368
10,128,51,656,0.02184330576362293,-0.002643568249886274,0.011347376183202884,-0.006772061159528549,-0.005444648683946598,-0.0003015820969947337,0.0028767610271542305,-0.006867220719681972,2.0853934531600493e-05,-0.00014020781636645008
10,8,52,38,-0.029242269106487268,-0.007320326197546707,0.009878827450993746,-0.0022452455377992495,-0.011501596924208293,0.02336627545535852,0.012271025865737329,-0.015237492935330544,-0.0009232122959528428,0.008018362038668611
10,16,52,72,-0.02304814991192262,0.0002047385170707161,0.0036493429214540054,-0.006613052690919946,-0.008789132496075191,0.016399404807972487,0.00746359913374794,-0.007203091311975745,-0.00044872335269988015,0.002542252190844684
10,32,52,148,0.01236815044020308,-0.0045956329646333425,-0.0024723897131514686,0.015922437625076457,-0.01604915354886562,0.022391487147430757,0.017670383491345403,-0.0036031345354927595,-2.031903233021372e-05,-0.0006479066441703502
10,64,52,288,0.013207320676441986,-0.0018837584112918104,0.0042264568735007535,0.002921197265249614,-0.008190345087326516,0.007450082571151733,0.016933826267370927,0.004025482197535061,-0.00014304776123020505,0.00022232605425472437
10,128,52,612,-0.007976397543343429,-0.0032919511038217338,0.001486122170895079,0.006725899413359031,-0.0013509943875719154,0.0029859567791537703,0.005170176845894126,0.00857344821362968,0.00014912731947670465,-0.0004927381865730608
10,8,53,24,0.020620499600072267,0.029174812235229955,-0.004531778811692604,0.01359645810626515,-0.024074823036821222,-0.013365777599547178,0.03541214921900129,-0.0281034631266669,0.0028281014474168644,0.0068214124933176495
10,16,53,68,0.013886746935222337,0.004314523943059997,-0.011462899872431582,0.008679293920243775,-0.015283429280590498,-0.02587020477675606,0.02158083013410686,-0.017173580270165464,0.0018987189919742874,0.0006967538920724262
10,32,53,146,-0.0171811143206069,-0.007243108122426347,0.0015454688222144278,0.009018593454171537,-0.015230372506140928,-0.0056915351771793365,0.022175439486660984,-0.018564989330123783,0.0019888880124914713,-0.0026343833704251035
10,64,53,266,-0.010120151260810586,-0.0159599523536286,0.010893886670541102,-0.003852321312402272,-0.01880850869420511,-0.002578527259169305,0.025318673611113653,-0.02532140343882411,0.0010694154368858992,-0.005895568928582403
10,128,53,600,-0.0053340432900048414,-0.010007010272104275,0.007664519431827569,-0.003321637211058822,-0.008997023189183698,0.0006857483667504396,0.011651238116432377,-0.015302729141050688,0.0005198172043616626,-0.0030675906519533154
10,8,54,48,0.008476682827042234,0.000286307217988852,-0.007012750400081475,0.007999379193414452,0.00576224560949568,-0.0001458708015640383,-1.5637178561385932e-05,-0.00859076841613793,-0.00021890077026110293,0.0015025671085428275
10,16,54,92,0.0069690310007987245,0.0044775841580996616,-0.009730277597268964,0.009805155826430365,-0.0018985322363426595,-0.000883730622060224,0.008811200750752247,-0.01362209934102978,-0.00010919593701479254,0.0005670342588544988
10,32,54,192,0.03150473904695378,0.0026618570618824576,-0.023504693432233065,0.02456043354362686,-0.007383751822696566,-0.038933454038473196,0.005413853484066139,-0.013807560647733195,-0.0006242918459649548,-0.004352229204929198
10,64,54,330,0.014281608854619892,6.115178391000203e-05,-0.007019885547960627,0.006663455761439906,-0.01507164151171138,-0.029846843637686526,0.007322119894072601,0.0004158136191377257,-0.00011985099453974896,-0.0026004778656799426
10,128,54,582,-0.01099081672161452,0.0020824095486761847,0.00403646736936311,-0.004630358858330372,-0.015707123857468745,-0.022251964903240204,0.012014620393859188,-0.003221773915400803,-0.00017464336005180563,-0.002252639449008862
10,8,55,26,-0.025425252585274692,-0.012024027289330422,-0.01749926081465307,0.023631893193969862,0.012029645378067605,-0.009895936019035,0.017593040435606045,-0.027984787582799493,0.00042982679090513914,-0.0012448461032614471
10,16,55,58,-0.008059378589316856,-0.009420430902615982,-0.0045196502885214125,0.009375640644942503,-0.0021751480743258814,-0.001884330680667028,0.014955114307575519,-0.014319423203560324,0.0003506729475569278,0.0002293855986348339
10,32,55,110,-0.0015643634368682014,-0.006527688594985694,-0.003093856969759303,0.005132203430294008,-0.0016837844775131937,-0.003508930015728542,0.006652630203041743,-0.006508353912439477,-0.00013072876782018906,0.0004950315358408532
10,64,55,230,0.0011501771122451655,2.938356929526084e-05,-0.015450199805100134,0.0115486871276157,0.0011107185211817324,-0.00018523736337221637,0.007144402138061319,-0.008841658611328712,-0.00021123493903959175,0.0006350287816133972
10,128,55,522,0.0020244720775874432,0.002830858904944867,-0.0073345998680971304,0.0031118676132697687,-0.0003458444934107196,0.0023106413977402244,0.0012569475920066612,-0.0033237103735995707,-0.0002549028469133157,-0.00017936973233159638
10,8,56,34,-0.017994281208762914,0.004320124012215039,0.00036077509295452225,-0.004225995167324491,-0.011989145476575504,-0.0006616653407447767,0.0008832459504269544,-0.0003312312119649616,-0.0008877265785106539,-0.001629831263637337
10,16,56,60,-0.004937635807771505,0.0032653511341247214,0.004536296552279942,-0.003635290769619212,-0.008311115295775445,0.0016822073203952201,0.001961062166966673,-0.002775158120030552,-0.0005121593764566696,-0.001010190501131075
10,32,56,144,-0.029903540683446944,-0.004100035945893274,-0.005332958459749625,0.005513192974826047,-0.0030042340297127034,0.0031249774334376596,-0.004461107555141553,0.02094606203406675,4.4614178666515675e-05,-0.0017327791148221828
10,64,56,300,-0.019498359584357874,-0.0034536946199218133,-0.003369256335149738,-0.0021895365549805023,0.004970932602105988,0.010015448301638447,-0.009671090886932403,0.013288998691067777,-0.00026563998217300316,-0.00027404124137335364
10,128,56,636,-0.0027594784477851016,-0.0014704055463941419,-0.00411823214074519,0.0024749503326312095,0.004434009980726414,0.00741742451113559,-0.0078030558807802375,0.010611829470088666,-0.00013847435973945578,0.0009043131916539933
10,8,57,24,0.011218271649105641,0.00034926703664723196,-0.002862520876628622,0.013725258911633217,0.007817757740663452,-0.00577375563354345,-0.007459915407837341,0.0028335720779354336,-0.00014072918668561402,-0.0024226463449746713
10,16,57,56,0.03378072491697328,-0.0010762478369920232,-0.015669567353038025,-0.008727299586354464,-0.009299391636759231,0.0033757958738586716,0.02944752626343045,-0.004686785886086727,0.0003042752926815266,-0.0027859500617880124
10,32,57,114,0.023140689606756824,-0.00044842412364967524,-0.0003159358761111674,-0.013953465068397541,-0.01060369411825568,0.0017350464959263573,0.017111315960470587,0.0037814505739662495,-1.8576982260971887e-05,-0.0010375598829732585
10,64,57,266,-0.009644888298861053,0.0021099509642539863,-0.005903832810517314,-0.005027684801861658,6.974874931664401e-05,-0.0068026727712624056,0.004435650785871385,-0.0001307145768811484,-0.00018663377628494666,-0.000624774782039992
10,128,57,570,-0.005146664724389985,0.001272672911479034,-0.0013191784068442623,-0.002921239851610937,-0.0012216965379641769,0.00043962246812095766,0.003806247410375715,-0.0010972039075739562,-0.0001377198213766671,-0.0003637732226484184
10,8,58,28,0.047873731730441085,-0.032106598772879524,-0.038698067501439004,0.025513881194936056,0.0017702400179912692,-0.009669435558749842,-0.002773467982670942,0.03142470805695993,0.00018843148001133697,0.006162358411275598
10,16,58,62,0.03218774343072314,-0.017945599263810244,-0.018131739047825553,0.015512050612095185,-0.00022480006639000313,-0.0021944478621491264,-0.003829154245682983,0.017819186931567442,0.00040172331682776106,0.004336168634343513
10,32,58,148,0.028986484693183295,0.00013272491655192244,-0.00444347749804888,0.01842248516350175,0.01260115652852224,0.0009537589625539179,-0.004890935516862592,0.001133576699095224,0.0011981982029804314,0.0031318569298887447
10,64,58,300,0.018214213457413087,-0.0013735562746520814,-0.0006225547153259749,0.009649377099244662,0.0048375035305911656,0.0002044514959082568,0.002133152343813248,0.0009068190297721699,0.0005882781758813969,0.0008335028410440068
10,128,58,672,-0.00687297685865685,0.0013207511259166183,-0.002999876521088661,0.004558332961781494,-0.007399948140145053,-0.007789626241510436,0.008607830049755622,-0.005537748271045305,0.00032316620790258285,-0.001584111752181743
10,8,59,30,-0.13757131928529315,0.00436870197871271,0.02105028034974233,-0.06869181261663407,0.004723800754943266,0.028453480330400658,0.005881051639357449,-0.01932722969335267,-0.0006836146452743783,-0.018105188942028068
10,16,59,70,-0.08489258172789654,0.005195698301632054,0.016815378312991534,-0.04876527504149445,-0.002453573678650963,0.0222942464178218,0.009571317479398444,-0.010590171628074196,0.00018579093735477179,-0.010655457633620625
10,32,59,132,-0.054831440468003395,0.0005812967004009842,-0.013709910581230183,0.0002847645449915008,0.01574148254198241,0.01363547969044155,0.00017442649918496776,-0.012293439126760376,0.00023232649511907078,-0.004893327252478204
10,64,59,264,-0.01784588366355197,-0.0006239477735143798,-0.008511395930860968,0.006015561938876927,0.011528685398017866,0.007542247990680673,-0.0023515021503283245,-0.007285685309224949,0.00037196037625844525,-0.0027442968456034868
10,128,59,590,-0.007314076548916834,0.00201393346977715,-0.0036113145582745004,-0.0015800556826960173,0.004701874645684071,0.003776423136258612,-0.003849237000751137,-0.004959881609720712,-0.00010538960223952563,-0.0017925824316448744
10,8,60,46,0.033587130137726434,0.0019960948308307457,-0.03768768706750232,0.025437556197813658,0.018401576138366633,0.008968455046338808,-0.018427699487518337,0.0038792892647998047,-0.00023044327973005283,0.004555318508088757
10,16,60,76,0.02541795654498016,0.008063954138040747,-0.02103944636976074,0.006575843008044372,0.007314196374975386,-0.0016573042870018228,-0.011201640155679342,0.01326608843271979,-0.00043008071219460185,0.002139830763869869
10,32,60,212,0.010453310934690237,-0.0027005722175377387,0.0010396819347276939,-0.00054153535928982,-0.00961039131876293,0.0014115882520816362,0.005120717064385067,0.003267987172954663,-0.00014167577294048577,-0.001603943454439965
10,64,60,350,-0.012578026422107688,-0.004205211825843025,-0.009586287319176373,0.020024754046835565,-0.007477803652724628,-0.01187020449207997,0.007164376638662915,0.002081431817316595,5.121453710575107e-05,-0.00119854262001414
10,128,60,750,0.003405235493076442,0.0029373648403103986,-0.010632679994775868,0.022032513839868175,-0.002809615543582395,-0.0031103096281970668,0.010549533463002993,-0.008785416308203377,-0.00015672835948291167,0.001050752377115943
10,8,61,30,-0.012645701045183753,-0.002283920079154376,0.020701830467524697,-0.009874982513027483,0.0004057945471605624,0.017637609915617754,0.024472975948067608,-0.002480532696480419,8.601620717355127e-06,0.0006637726133339069
10,16,61,64,-0.010207192674919907,-0.0008062439756809433,0.0005064960826224058,0.007798407574385878,0.0075931818493441125,0.010572036128618439,0.005716216079073565,0.000907298330574693,0.0003449751750586212,0.0013298486191809064
10,32,61,142,-0.024401129640315756,0.007858996847938284,0.0035766994300553273,0.0030471372739156203,0.0006265585282094713,-0.02058707549601102,0.004584545974989737,-0.0023694565323699665,-0.0009225014607402046,-0.005803814207384047
10,64,61,348,-0.00644283391483387,0.002723796267206664,0.0008951511417845042,0.0048228009907075806,0.0035799841023155987,-0.012465823027103305,0.0003931042051250218,-0.0005938312944201074,-0.00048802879939717736,-0.002515381350948887
10,128,61,702,-0.004073669482629846,0.0016419473770327168,0.0016078407177660934,0.007752094872538711,0.008614745185770503,0.0003391341504025119,-0.003978186309680513,-0.0006475114612382786,-6.571456108267731e-05,-0.000320949389419467
10,8,62,36,-0.009112208996975292,-0.0001337936049006598,0.00466546019276729,0.01954526434965264,0.012328172257440807,0.018248798493064863,-0.018444678731424555,0.0019634817529860537,0.0010011656632357194,-0.0034693865321597426
10,16,62,60,0.02357468676408473,-0.01744924688752364,0.016809774152403603,0.006639144463347133,0.004047422819815559,0.00880206016277657,-0.005581975155646369,-0.006574924121923593,0.00031115098594458666,-0.010647761803803784
10,32,62,132,0.015453648008637461,-0.0078110536497599395,0.0034170127893044695,0.0013477951589948671,0.004284916664770625,0.0032952708473033263,-0.008575837478019132,0.0011882417092792987,0.0003631595576925279,-0.006232612305362791
10,64,62,262,0.00209410109423432,-0.006533633109450406,0.0014328222807940241,-0.00011122851940894077,0.0047252208578180705,0.00019795839628053164,-0.007351771696032846,-0.003032079190346619,0.00016271068421350282,-0.003010282101844763
10,128,62,656,-0.009724804805302042,3.198560391865524e-05,-0.004245973415881325,0.005413642693301096,0.008765854953045112,-0.001768585473991512,-0.0059461548136864875,0.0037892969353966093,0.00029077598224603907,-0.0003753508675837531
10,8,63,36,0.010259458727815165,-0.007250242071244259,0.011202780575702292,0.0026454497974297045,-0.008251810922435527,0.000934561279144176,0.008598070671869492,-0.0017384861398093247,-0.00029569352850292825,-0.001633107878205912
10,16,63,70,0.011463496610187621,0.005307147969212906,-0.008843472252807953,0.013442926794100878,-0.007586090001122715,0.0022535105392224647,0.020699607461518676,-0.022949411813554404,-8.503080057450054e-05,0.00270925272920768
10,32,63,180,0.011690201067799192,0.006316232781193408,0.010227309314472329,0.010666487433996735,-0.015068774488593433,-0.005825556299058956,0.01793972354092665,-0.007634088702122998,-0.0005745159221987041,0.0018682967114610444
10,64,63,348,0.014370603176749057,0.008302572734243278,0.007215186327980633,0.006737216599487113,-0.005092221765751004,0.0029033554391830747,0.01278597886594467,-0.010129654352459288,-0.0003841319178593515,0.0021956907543423435
10,128,63,624,0.00818779760248321,0.009342736597718176,0.0077325611498285235,0.0061253796348908415,-0.007459772108159926,-0.0030369185980590394,0.004450173800768271,-0.006736129839779736,7.828587494856282e-05,0.003946712759634518
10,8,64,26,-0.015894629801584913,-0.008602680696758057,-0.018584767677939658,0.016335660758800583,0.012781148517362775,0.027883080195278895,-0.00942738265274597,-0.012741144589593648,-0.00013237962515972817,-0.0027058775917630003
10,16,64,52,0.010157580178878096,-0.00497632532174417,-0.01857011543976394,-0.0011610135828629515,-0.018966153813136963,-0.01970028174101727,0.006391056822577827,0.005891611685154519,-0.00016129301791454223,0.008369077886332872
10,32,64,132,0.0007960413420285338,-0.004458599599497927,-0.022140826364101238,0.005783128443554819,-0.01434529359666621,-0.014143258235945259,0.00480828079290743,0.00567264059885306,0.0002576846881094722,0.003567500990188343
10,64,64,320,-0.02641316003957566,-0.0037436169185999556,-0.013366338165009331,0.003908506416192278,-0.001042681407742204,-0.006150886177199732,0.00019234917632475343,0.005920330670885802,-5.7529477959168186e-05,0.0021012457789537043
10,128,64,660,-0.023241944310402125,-0.004684210820177996,-0.011381358265585166,0.003673908580988063,0.004512221027989084,-0.0009169976905824543,-0.00738250590274097,0.005271078581988689,-0.00013071217642280977,-0.00012069918032468718
10,8,65,26,0.0053477734006812175,-0.005560678213110551,-0.002816574262622811,0.015429115345590102,0.020165049446387015,0.0337708832510793,-0.023336977215674348,0.02605847085296988,-0.00016790908518903066,0.001122866481883761
10,16,65,66,0.021597612697665497,0.0008008910161480565,0.016834499584852263,0.008200680896534234,0.011613487484182389,0.03860187000145598,-0.021743151032270952,-0.0009510049306272266,6.310567280327781e-05,0.004661160331380744
10,32,65,144,0.006990834126389263,-0.001109158123462622,0.00915798605697428,0.004969967179193451,0.00908701407850514,0.018814668582761762,-0.021368517176542156,-0.0004142561835767586,0.00013233409468077736,0.0002191613067691115
10,64,65,290,-0.017948000873814127,0.00027826495267402134,0.006738914876789744,0.005577631063431935,0.010739129695984744,0.01141517754202853,-0.020684055306533642,0.008165232873979538,9.609604661234664e-05,0.0015900629414631654
10,128,65,568,-0.016123631098305464,0.0011555825645544779,-0.0028508113055889122,0.0024946606177379356,0.008465121926802726,-0.0014854565890147645,-0.009856298531766004,0.008033868548675676,0.00026186251762603673,0.001602113831915825
10,8,66,38,-0.018662283132718824,-0.0012790272395530496,0.028284939014240687,-0.010509390498769597,-0.025978219939724663,-0.04613102483818071,0.013413297477817884,-0.00276505221140808,-0.002743842898394199,-0.002825771802886243
10,16,66,76,-0.0514265915569635,-0.021857656000070728,0.01717355410020919,-0.08397232287215808,-0.014727668087405034,-0.01891700948757151,0.034520028814581195,0.00084232269646242,-0.00024862118155711535,0.004591409153410716
10,32,66,148,-0.001945219893935175,-0.010381152839853448,0.015338759407295137,-0.043194170193895196,-0.009376169052547553,-0.009940191928073312,0.019176521036766564,-0.0009602990054972478,-0.00041145494627196856,0.0015507815332522754
10,64,66,280,0.003624317609026772,-0.0037326095174733545,0.018531877875434748,-0.02406330289767826,-0.004804871776918525,-0.005456406075286562,0.0018313165069519083,0.009910902448393344,-7.633410786489885e-05,0.0005634722949091048
10,128,66,640,-0.0025188223608099986,-0.002658793648861073,0.010172093774065987,-0.013649567389310176,-0.0030286898880837586,-0.0015118911084425592,0.0011764458005146176,0.008143441811604485,-6.466141093762792e-06,-0.00021655404497668897
10,8,67,36,0.009692455453688006,-0.004988390345466619,-0.03852293699251349,-0.011030541809547132,-0.0002511406079760758,-0.017261653304043646,0.022536613120437726,-0.01608869822181374,0.0006796505417385535,0.01308670067700803
10,16,67,66,0.001263742921653278,-0.0042765577525826605,-0.017691111269910416,-0.005978525974811518,0.0013631126137073912,-0.009792764158938873,0.009436696749347238,-0.013576957870373997,0.0005905386640756493,0.007841299908292437
10,32,67,144,-0.007828496569594867,0.004330573189804746,-0.019545822738305203,0.004874915591502976,0.0013422072653662726,0.0031981920042892403,0.0027562535433390874,-0.005514512711567499,0.00023516567319330304,0.004435607007208529
10,64,67,280,-0.005574396876064891,0.0018796110662458575,-0.012129326244306102,0.004588734877091735,0.001075053228797878,4.139363415076199e-06,-0.0008930743930722041,-0.0033378751131645473,0.0001482058716769493,0.00015404834081437658
10,128,67,574,0.00019034680238367186,0.0010691827920541524,-0.006807066396112259,0.006231197333258651,0.001461826839409325,0.003230633118372788,0.0008330870211643198,-0.007234223023313216,0.00016304347976915374,0.0003558459726822122
10,8,68,28,-0.049675097920144726,-0.0011514763596625313,0.02750250722133095,0.00681308687634965,-0.015760258631739837,-0.0028722225664924847,0.004105319939294411,0.01806578098422254,-0.00029282695224120255,-0.00026540697330186243
10,16,68,58,-0.026757885684999892,0.00951053334745888,0.019677476724921903,-0.012168630936031561,-0.014449152617982844,-0.01069745691545274,0.01889555077916131,-0.002769992032733833,-0.00012378426960619915,0.005806350349349277
10,32,68,134,-0.028577402914216204,0.00015280344234825134,0.019902770264059212,-0.0002426454241142467,-0.0055100225000136414,0.010660768276775489,0.009508041059346443,-0.0020326780481354856,-0.0007583483306380632,0.0008343066387854636
10,64,68,274,-0.014400854908650167,0.002936411107397394,0.013221510066229271,-0.001426681606933556,-0.004398825981151969,0.007269483331282355,0.005096943670798581,-0.0017066936132063841,-0.00029797698514967005,0.0012565036348941903
10,128,68,580,-0.022638618146290798,0.00139662320358221,0.010390425443256418,0.004013831943988437,-0.008488679423110886,0.00213548922063982,0.010221352437642297,-0.005279784536152485,0.00020256384414264031,-0.0017454003085231925
10,8,69,44,-0.03266783841307964,0.0016748360972351339,-0.005012054456123712,-0.01656095744074449,0.010789331785242084,0.025515948663170505,-0.012876940632156183,0.01584403195240474,-0.0003589731202165483,-0.0014973121266363527
10,16,69,70,-0.03202862113516366,-0.0006575133834243003,-0.008254663503250104,-0.0033731313571820965,0.004099149895126527,-0.0002013620910912107,0.0012104318743285942,0.009320987843468742,-8.757739012699669e-05,-0.0006278647855670446
10,32,69,130,-0.012015406959305553,-0.002613797128647209,-0.005562862590100547,-0.0038994051854192406,0.0023286303242763223,0.003449476718495116,0.0007443204368854945,0.0026951465568543086,-0.00011082106616338243,-0.0011358468331446275
10,64,69,288,-0.01325662075626553,-0.0011792692506783138,-0.002036667566628368,-0.0014298265472366565,0.0027092349019872367,0.007214950666096496,-0.0035947460235548723,-0.0009622476844274081,-0.00015891062792618493,-0.0009558773901848075
10,128,69,600,-0.010993442185998813,-0.0007813690063892592,0.0006896398602624471,-0.0033282037363468533,0.005031129413962061,0.002444841072668081,-0.004307938114142741,-0.002605497778865194,-0.00016163290294001647,-0.0010501888532414355
10,8,70,36,0.024790928617311376,0.0014378305423300257,-0.0007331798806090219,-0.031347870384824485,-0.0010442998108738683,0.004949313964843985,-0.0064802371721172525,-0.001416223350108063,0.0005643359270496185,0.0020814634839444726
10,16,70,60,0.02777520135070941,0.0038887510781110534,-0.0025609451909738047,-0.019504085776283927,0.0017219846748469266,0.0024708723576556822,-0.005505682548869748,0.0017502865409801077,0.0003398418338206624,0.002133212179997347
10,32,70,148,0.012730773468195027,-0.000683985582464565,0.004884298117606449,-0.0062225644461511385,-0.005430504042737889,-0.015621025308804501,-0.005080445396559345,0.012292418758760013,0.0003259013952795272,-0.0010705238979031018
10,64,70,316,0.003186161178544271,0.002839427653887101,0.006158337324920084,-0.002311707636229837,0.0004992879149032063,0.000851115110915062,-0.006532608376850222,0.015405391829588536,-9.121678561197359e-05,3.2215471750703106e-06
10,128,70,620,0.006003007735694678,0.005932248757409075,0.006983985766347089,-0.006156295986627433,0.002907579767894028,0.0016218742372315269,-0.00880246041857906,0.01483153014635501,0.00013876244795284494,0.0014657710916006505
10,8,71,34,-0.006733000039961549,-0.0020698724899081864,0.009493307884742223,-0.014995723860607622,-0.0027320245423591654,-0.0024268529380244933,-0.01036133209815869,0.001604330625449066,0.00021026987440252222,-0.0005093603307820016
10,16,71,94,-0.005953888639096296,0.0017488089902494858,-0.0006497505171613053,-0.0064862505680258545,0.0035456121419182463,-0.024112426398547722,0.012998610494448918,-0.005821327282857046,-0.0007839554376786681,-0.0023555809494035097
10,32,71,168,0.0012239471647703904,-0.00406821336750845,0.005373728008435005,-0.00861937927345858,0.011176685017889565,-0.013564925072714848,0.001797068988449826,-7.181862276754627e-05,-0.000561140444612845,-0.0010359042098431967
10,64,71,354,0.002028103226084722,-0.0024666285703003987,0.005769011284554793,-0.010260860002765214,0.006478100570485044,-0.016514869962125735,0.002525598671412774,-0.0013166471996211675,-5.9877976317956185e-05,-0.0015875069126208197
10,128,71,642,0.004862671589485313,-0.0010252001411437,0.008374350387708441,-0.012596560294626906,-0.0005252768483558174,-0.007814160790369432,0.0027110852367129364,0.0014904744160729106,-6.100760533865335e-05,0.0010784752016354407
10,8,72,56,0.04664174819606646,0.008852261042816594,0.017919992395821045,-0.03211124510296509,-0.02527277495843836,0.0016102353594090494,0.01069423684117149,-0.008875460475245595,0.0006030103134221086,0.008484409948378034
10,16,72,100,0.02525904132186479,0.0014915418101712772,0.022669734798708017,-0.016711571606446745,-0.006486651773998427,0.004678740447569121,-0.008783606872996954,0.008319780443768998,0.00041300672756144533,0.0030882428612251144
10,32,72,164,0.024889370494228208,0.009000995182697313,0.03167754459112672,-0.033258472558687135,-0.004169772392929656,0.014960812214281964,-0.003931079192105829,0.0072086210570591796,0.00015600230449747953,0.0036845868559963195
10,64,72,334,0.03214744898720498,0.006849487553768975,0.028029713709171563,-0.01758445379151891,-0.00027209117787501227,0.019626957313588374,-0.016948315591102565,0.018526903363532354,0.00032339370258460237,0.0047722088559656066
10,128,72,632,0.024587730860073095,0.0005049544178634291,0.01452390490221919,-0.006603799420758181,0.002888212379034765,0.007095452821784569,-0.012196496872412116,0.013463458068923758,0.0001366639610940192,0.0027194125296457756
10,8,73,30,-0.014107863280034867,-0.01237199811698187,-0.010110307071579566,0.019761366248705843,0.02721777044989476,0.0006991904113606293,-0.01889064423482617,0.0020554389762319045,0.0007146149725087194,-0.01018359794204821
10,16,73,56,-0.007681509243322651,-0.005620384312773305,-0.0026421117879469797,0.008684370070706824,0.013443427456100426,0.00048629344147343263,-0.010715970487322412,0.005050113261302751,0.0004578116154439911,-0.004570878585470344
10,32,73,124,-0.01533738579888317,-0.0016503677329309688,0.0034240444486078768,0.0033791587450612325,-0.0009030492777128514,-0.0004946288650470713,0.010017326172997,-0.014182199040742074,0.0005655254267545857,-0.003331284706664908
10,64,73,238,-0.012102783802318946,0.0007878221225682262,0.0028202542825392267,-0.001236819187198377,-0.005116334176785455,-0.005386617294800948,0.006234088259014953,-0.008341209542525683,0.0002521092349669326,-0.0009177956111474596
10,128,73,546,-0.001432815106236481,-1.019683986932053e-05,0.0019317521706195754,0.003925085285701196,-0.009527213940791986,-0.009097575355348443,0.003148091708667609,-0.00345479176664167,-0.00014803290524760914,-0.002167399879226921
10,8,74,44,0.007050345625795086,0.006352282624373602,-0.018296830749021904,-0.0008061343623689198,0.0060531115624033825,-0.0038351668213676914,-0.01440752396510685,0.000834427605941326,-0.00023614702341460993,0.0037866044016933342
10,16,74,68,0.006895313666762846,-0.0027705043894593138,-0.003960650819441649,-0.006619655229682864,0.0021464941397648183,-0.004322851184066635,-0.007904492939074984,-0.0004375467509078224,-0.00031915186164345596,0.004372558976537012
10,32,74,158,-0.0020605806807815277,0.0038845814718281324,-0.006457737634509138,-0.007118945465838843,0.00573305830636868,-0.0011008592011401272,-0.002424837909867263,0.0017406055010645875,-0.00017159523621337915,0.0016346036515950935
10,64,74,378,0.0022493814241659883,-1.5211125708300811e-05,-0.002016231982653776,-0.0019315740723649141,0.002451039637930266,-0.0007055777174976969,-0.0017978750270600582,0.004527749428445041,2.6815722640500438e-05,0.0003109642956630317
10,128,74,650,-0.00047964216581518733,-0.002221570296488,0.001137450559668876,-0.004278199057092673,-0.004886356486884662,0.005384374561700637,0.00015873575790139026,0.005622878082187065,0.00030035824916206796,0.001773850205949655
10,8,75,32,0.001342026383104114,-0.0016830697458550792,0.0025779829021860758,-0.006292457585770756,-0.005605383683571398,-0.0049304927528027445,0.0010307392717988986,0.0010582266551533675,-4.557899728132526e-05,0.0012408034643867642
10,16,75,66,-0.002085408414640461,-0.0020002476863310876,-0.0007154309388025292,-0.0012016891953767817,0.0018380184266202028,-0.002050305846151611,0.0012372890320454756,-0.003455489265905931,6.579658672372583e-05,0.0008842155214737237
10,32,75,194,-0.02479967309873835,-0.001540724610764118,0.001977228683885941,-0.005488295916801363,-0.01884103696936545,-0.008314243958832552,0.0010516593068583937,0.0043239250063249034,2.3347969940869665e-06,-0.0027532276729811036
10,64,75,314,0.013160347898044662,0.0064573073622328616,0.0023060074781300908,-0.001930589897049109,-0.005511496340235129,0.00620211533207696,-0.00014997594163940995,-0.008113293666302656,0.00025416986110028434,0.0010733278356554873
10,128,75,678,-0.00017153107947323119,0.001749534602066884,0.00013484398219608602,-0.0015001172903200298,-0.005322162836900228,0.0037765401390579675,0.0031188203725738915,0.003552308863045897,0.0002690262722075251,-0.0001137354618821544
10,8,76,24,-0.05058964651613612,-0.013162597915800265,0.0024924859447851264,-0.007909497407469126,0.01279029152424081,0.002542064058544604,-0.0031837287701160827,-0.002056207616834081,-0.0005995258814022063,-0.0031082944035507286
10,16,76,58,-0.027651968315052424,-0.008895131840908739,-0.0034541163235315003,0.005648899567716458,-0.0012497631648055551,-0.016856807754101383,-0.0017606245430740657,0.0009189721013242605,-3.2115305633617536e-05,-0.0023346192661884185
10,32,76,136,-0.02980706291343637,-0.0007842465070064724,-0.005950943694412,0.006093787816515018,0.011469942000840103,-0.012914080073532199,-0.004015831399421842,-0.00910340750776534,0.00032177229639121036,-0.001566303664741316
10,64,76,356,-0.024624528354040318,-0.003179331259614577,-0.0017965741192634873,0.0052285042283511975,-0.0018399082248799618,-0.0034547005230311997,0.005040481451012346,-0.007621040284061211,1.7809152176649152e-05,-0.0028414408112296943
10,128,76,698,-0.006621398318699944,0.0029157587993538328,-0.0017686750076979518,0.002506019688020559,-0.005353859320268854,-0.007800714933117837,0.003930605153397358,-0.005369231018211706,2.7934128183263273e-05,-0.0006769295900951487
10,8,77,26,0.00022485890222664602,0.0008378007276078094,-0.006636741350826126,0.007168438710002605,0.0039315651199606635,0.00682071969887578,-0.004442119495492119,0.0009396773009068239,-8.244043509263965e-05,-0.0014696829344127498
10,16,77,56,-0.026900306787786762,0.0016088976077376306,-0.00043503775242087093,-0.009472287303104222,-0.0009306828520632966,0.010858676823860129,0.001993396514560461,-0.0020122468106298598,3.730699817111606e-05,-0.0014619005701554113
10,32,77,124,-0.00503982209456616,-0.0004966407840106702,0.008120167044345917,-0.007767724421493672,-0.001995041439682867,0.012462253600805037,0.0020526788455365085,-0.0017879510375052806,1.8143104465210288e-05,-0.0005638982874211335
10,64,77,312,-0.0019355951889022988,0.001720733900704361,0.00624543425004849,0.003748370747985952,-0.004555884485231888,0.005599744227411989,0.004707235325429306,0.010168834848729384,-0.00011102025796314324,-0.0018204388380137955
10,128,77,664,0.004690708085402477,-0.0014847490512942376,0.00942418266087597,-0.0015838365478372488,-0.004205137635145831,0.004994217285379211,0.0025314962073651557,0.006078341940005319,0.00010304258136105358,-0.0015275369521121518
10,8,78,50,0.012150340896415339,0.005716755662731964,-0.0178914072276011,0.00888111943259948,0.0020837843372629675,-0.01845172679873677,0.01620165880390668,-0.009016190226010619,0.0002267384124677855,0.0022442126357609506
10,16,78,88,-0.004551322252226398,-0.0022708256869084726,-0.01050164624394653,0.003601799493267292,0.0191154347743339,-0.00660359473988744,0.003576459504594237,-0.00022711145794786398,3.762285097130483e-06,-0.0017201357822931131
10,32,78,150,-0.01050802490282914,0.003682677164994392,0.0028136886514371815,0.0020090337466694497,0.008068270559311719,0.011089838756681451,0.003811244365486186,-0.0016262491005091147,-0.0007133708368870416,0.001191345642230992
10,64,78,302,-0.011344865861461034,0.0024459292910244926,-0.00545706795806343,0.006918194315846816,0.021454209097599774,0.0035743102342192102,-0.012087674707143456,0.0069062984667290165,-0.0003792081238432247,0.001400634688964218
10,128,78,644,-0.00723086297117133,0.004480786261577386,0.001776411329448256,-0.002208827841778374,0.01022326393937741,0.0002710494034923393,-0.006029115129511134,0.0036815124176186953,-9.90510683200633e-05,0.00027753365975124046
10,8,79,44,-0.005257732644042031,-0.00944900908230804,0.005620208217996146,0.002796697220345121,-0.021616379783875518,-0.008556158768689858,0.02966136455486966,-0.036576398636158115,0.0009433384751514009,-0.010365048607664445
10,16,79,90,0.0015402554909727112,0.005991335867721171,-0.006622123051398086,0.0030578271283277516,-0.0011346300689723588,0.0015852049496225958,0.015332474607880281,-0.010423466202579456,0.00016936543141281751,0.00033329058348090647
10,32,79,186,0.003944223587912342,-0.00010563510720358821,-0.00030746123515081915,0.0018700422209089527,-0.0027395621266797726,0.010932639025212333,0.011252671289634449,-0.005610457207289974,-0.0002829779260096871,0.0003442441295866992
10,64,79,382,0.016578403597137973,-0.0005340752430809924,0.006812194676997664,0.0066529729302977425,-0.007279450417584692,-0.00012490156585017332,0.010160737926226158,0.009771476196580465,-0.00024223314175162548,-0.00478019575172242
10,128,79,686,0.0076335066589378435,0.0007011272032365089,0.0011596946501278075,0.0021583666947183502,0.0011962618894786115,0.002156094768692178,0.0005411330243269988,0.003760562461165147,-0.00016078797413916754,-0.002994657722754235
10,8,80,34,-0.012309372504910631,-0.01116664038522869,-0.02147139736685981,0.011581201405298933,-0.032863693664752364,-0.07166327362217839,0.07520481740106821,-0.06329542368602516,-0.0008100324614496475,0.011175089763564355
10,16,80,74,-0.008718470281174222,-0.006753346853336361,-0.021425388315570358,0.009419158692341565,-0.012259714565776268,-0.04112014417125867,0.033775291340406945,-0.03360317271986981,-0.000454836515230871,0.007117169255603595
10,32,80,128,-0.014376204162182086,-0.0013670220635768463,-0.011987479642642804,0.004129445145429546,0.0053575734988644255,-0.016523847889127825,0.00796653899955419,-0.01178834185733291,-0.0005456381745622877,0.00264410754603244
10,64,80,268,0.0028150937064603198,-0.0024578212346327358,-0.012707972964168575,-0.0018880167014727757,-0.002896995799447446,-0.01615579717906759,0.009936336383153064,-0.0037613774564906255,-0.000353818071126711,-0.0021400275221520604
10,128,80,654,-0.0036188348553923126,0.00013069623569821593,-0.008369973279701112,0.004107537456880463,0.0014726167310556454,-0.00784983427755639,0.006773722690995978,-0.006044544014146961,-0.00019160785805817312,-0.0027966798640499577
10,8,81,82,0.01464615234332457,0.004786996354204438,-0.0014974934301508341,0.004337400754084678,-0.00864159104188611,-0.010377509661241482,0.006209693070225295,-0.002479682515736942,-0.0003118135373547505,-0.0005469922983855546
10,16,81,108,-0.0035637164115795146,0.008092584552151472,0.0045896738117715075,-0.006924207795152651,-0.009523125820023815,-0.007189717604524663,0.0028123948073567654,-0.004861726399135665,-0.0004974337346636595,0.0005476539388907369
10,32,81,260,0.011158329496910969,0.0015140164321732325,-0.01071614465267235,0.0027597706966431762,0.00732451495029292,-0.0024950969574228554,-0.015382007295577977,0.014786837681616599,-0.0005199953752324014,-0.0012866165017221577
10,64,81,384,0.04666963663647978,0.007035976646064401,-0.00011672079649628598,-0.015106248784944641,0.010644434129980281,0.023277772062539604,-0.022690929089766002,0.024563492007559723,-0.0008684354273394551,0.002232553697750323
10,128,81,670,0.02051572639155897,0.004348875185082317,-0.00035748143323027255,-0.008393692953207937,0.002105259249196728,0.006802242135899563,-0.00466083987258923,0.008994872969702902,-0.0007346417333720067,0.0006172011685730372
10,8,82,32,-0.08744243666547413,0.017026491441186856,0.01353978385303663,-0.01093179914333856,-0.005976914371272816,0.021803683730923767,0.019051502423620352,-0.004010299786867357,-0.0014621584375978584,-0.007215537017063655
10,16,82,58,0.009465294959363936,0.021616609318259674,0.0005436412927729193,-0.025295329186117,-0.007642482867260351,-0.00544270194197936,0.03825299424544565,0.01948274885463828,0.0004675718352973696,0.004758074952065226
10,32,82,120,0.004287201449761656,0.011457752840642151,0.0021160520916570086,-0.021563547271953278,-0.014145841522837772,0.0007681462302623164,0.025444419255495614,0.008039419954617327,-0.0003306830062191711,0.001996538650528526
10,64,82,266,0.014382204484115363,0.005047830476169604,-0.0007163357465022218,-0.005524851601760485,-0.005439522177864833,0.0020737993093219607,0.01187330208013506,0.0064916173858980825,-0.00014200386499302843,0.0009992981616460596
10,128,82,536,0.008052130385563435,0.009522985309707226,-0.007310991688756117,0.0023033900290345974,-0.007358327732139191,-0.0032998663979114324,0.013215116648731392,0.005783138714689484,-4.325390255199324e-06,0.0006317167400967195
10,8,83,34,0.002442388879354489,-0.003700045723300309,0.003567387632207906,0.018620113117251622,0.0059895263021212996,0.03584389073545086,-0.007127259694081227,0.000966341075244194,0.0007984127542188388,0.0018819650830404165
10,16,83,136,-0.018544234617536064,0.0028742414728523866,0.012211661098650524,-0.004782896508637788,0.0019182179577139895,0.029607815019373335,-0.0028929591672549795,-0.013912520286380656,0.0005600240279494624,0.0023150259761090764
10,32,83,190,0.005258872328046226,-0.0025729559730101464,0.0031912269187850282,0.0036263568249482853,0.0008139823077678372,0.00850186354823408,0.0036693163423297415,-0.01290496633408003,-2.0866745210252122e-05,0.0015077274020455964
10,64,83,336,0.00726626937127411,0.0009793694359324144,0.005648742897406146,-0.003170204574157661,-0.0015415923242047696,0.005517413983116738,6.848604473791989e-05,-0.003596432923158654,-1.0158647665307544e-05,0.0016102108655357673
10,128,83,618,-0.00021880020638729983,-0.002810793269159249,0.004982116964522982,-0.0018193162678069265,-0.0024220050337552105,0.002531181499790835,0.0010467566169378578,-0.0032684807358108157,-4.7718510186831224e-05,0.000675026290217706
10,8,84,44,0.007895335218052718,0.0020951401761073697,-0.023564698039879216,0.031926902595739375,-0.02052751714308768,-0.024072159401675286,0.011714903927527276,-0.00029673886295311994,-0.0011852143923715463,-8.73149740585555e-05
10,16,84,80,0.015471115151065027,-0.0011221769183807919,-0.0001105831429459212,0.008560706113636282,-0.020615964145944642,-0.012150643931626872,0.013434104509913105,-0.01645743604824057,-0.001176949534582151,0.001511295693159632
10,32,84,158,0.01872113256400013,-0.001023394304659908,0.002879050855172285,-0.00010254194785675087,-0.014687326270083388,0.0013982256505984465,0.010822554633817883,-0.008429339569165695,-0.0009893538628915205,0.00028135978628106235
10,64,84,332,0.006554925291764389,0.0006235406596336433,0.004151888757622476,-0.005104001376470613,-0.007979354881388793,-0.004741546619234322,0.005343570186480333,-0.0020688238147084856,-0.0005118432219590837,0.001912366590310273
10,128,84,610,0.01226302443723157,0.0015528686474931977,0.009051177050755746,-0.007895524938014742,-0.006813227354587562,0.0009346567337066086,0.0010353215014110594,0.003393573383947099,-0.0003947545586248546,0.0019057566080332912
10,8,85,38,-0.07283611634962953,0.009138211592803345,-0.0188790623948483,0.0006363961295600809,-0.006932629976976318,-0.014744781686993873,-0.002293484101712893,-0.014279164506753044,-0.000551692740886948,0.006108619319402672
10,16,85,78,-0.04221300249889879,-0.001015025758082933,-0.024471936605542657,0.006311268653094422,0.0025734270410892116,-0.009984853747868071,-0.0010081663373954588,-0.0061950509053461675,-3.735985454960252e-05,0.0019941744965221763
10,32,85,148,-0.005443214481154491,-0.0012115890623908719,0.0002463942344709748,-0.005283569082973647,-0.008533978849920295,-0.00784814019450698,0.005686262223395129,-0.010327253991845524,-7.049009160458761e-05,-0.0007933406555684485
10,64,85,306,-0.0004957305256582381,0.004411848917415781,-0.0017656902257672566,0.0005249410665826525,-0.004949168113283196,-0.009181139777846249,0.004289592113384482,-0.010735686831853157,0.00019037541924045695,-0.0003640902935708964
10,128,85,602,-0.019587655890015647,-0.0005939471362987378,0.0004696977927339967,0.0014154425837933468,0.007974173839098993,0.014104561209698907,-0.0038535187511710037,-0.0067047710879363535,-4.818959088992725e-05,-0.00033580890125267166
10,8,86,36,-0.00825645559356436,-0.00012354640926499124,0.015259448738491164,-0.009247590622502487,-0.011477983681083605,-0.0019887591594419107,0.00014358209332871862,0.0037637334770265706,-0.00014173589806951186,-0.003429002031999698
10,16,86,62,-0.0074458849042826885,-0.000435009133267091,0.01960763362324256,-0.02981338771293275,-0.015596628398131574,-0.011479686716889953,0.01059163333687576,0.021741868422730064,-0.00011677572760071799,-0.00017023637620513035
10,32,86,134,-0.009624433027385972,0.0025218312771343424,0.012572195361305775,-0.02109910059281593,-0.009526503490675107,-0.0008563357097551951,0.004880650063172495,0.009220166495201083,-0.00017695966141124264,0.00039435980833494834
10,64,86,252,-0.015028135209851011,0.003203905048691857,0.003794140987847382,0.002603883070976382,-0.012405212297649565,-0.0020544981969020585,-0.0004779605961345282,-0.004683971433833846,-0.00032636127401743656,0.00010979299977674657
10,128,86,580,-0.002558087301205601,0.004430564124914802,3.117069503546328e-05,0.011448317270257274,-0.007972610822646912,-0.007473444524039396,0.0011704130548700442,-0.011646964800392061,-9.346507176306576e-05,0.0024661781006436057
10,8,87,34,-0.051422738320431524,-0.015622569600335048,-0.010452192831016602,0.02267502469078833,0.008864693404857986,0.0002614676504673261,0.0036572466166473576,0.0007454927292761824,-0.000605365192476308,-0.006867397942063514
10,16,87,66,-0.024143644336215603,-0.0049095320250713646,-0.01233823788183771,0.009053781779791312,-0.007314946950840537,-0.012337800293952728,0.00845951106110524,0.011384783332189216,-0.000217173737756629,-0.004359662765197971
10,32,87,140,-0.009545277432828573,-0.005944536841546263,-0.010594239980500268,0.0058156490007357856,-0.001797999667490299,-0.013713442610254409,0.005341651300732583,0.003467331015472724,4.912549391318052e-05,-0.004271453333695335
10,64,87,286,0.0005184459072320693,-0.0051871000204636525,-0.010573199622616818,0.006720347667269046,-0.0015415876825542402,-0.0075114141906802686,0.005794490962404673,-0.0007787591474799295,0.00011447396071889281,-0.002486908200395239
10,128,87,598,0.013383779934550012,-0.00088815414847674,-0.007078079689051459,0.00579138217670883,0.001062133053564369,-0.009143743317172572,0.0059734183386286974,0.0021039664540916537,0.00012483974158253934,-0.0026108604087145813
10,8,88,34,-0.019033298084387328,0.004378851426911308,0.012113065741123192,-0.008783092528492131,-0.046474451301277094,-0.006950779814008115,0.023348356836190666,-0.026839649773523804,-0.0002174166522498008,-0.009824099136068042
10,16,88,72,-0.015296466503406565,0.0033937386875110757,0.006444090800087254,0.0005930752239792587,-0.031269706709016694,-0.008292914531251186,0.015741632536062942,-0.012981696491430822,0.0003054119664816721,-0.005614545978985542
10,32,88,136,0.004328780163972933,-0.0012089557881015645,-0.011664452584575805,0.015498772046984521,0.005822794026969255,-0.0056870259529845655,-0.007295949755728181,-0.00391245935703353,-0.0007013557475419525,0.00014603974802640746
10,64,88,278,0.016578277295289594,-0.0031384053702153292,0.0019313149724608284,0.001813332535605378,-0.001501410445994997,-0.009299453326070935,-0.000659190338013694,-0.0043577068911748885,-0.0002643320900317872,-0.0008522222404532555
10,128,88,538,0.02629940038147234,-0.0017246459010300296,0.0007902901930450437,0.005442562492950533,1.8414810453186909e-06,-0.0010316027386761111,-0.0037891083764713656,0.0026211948113764824,-9.020403247864849e-05,-0.0004919840881358342
10,8,89,32,0.037333499106796376,0.04200146091274282,-0.016860863799936156,0.0071653282350667945,0.008115849575095549,0.001016442083763894,-0.018631379282222863,0.03904064305561592,-0.00027254973079629373,0.018176929986514156
10,16,89,94,0.01851482746133412,0.021281639540271815,-0.01054471601024399,0.003594369042360276,0.005874006563074139,0.0009651273932806298,-0.01183145680458112,0.02135883786612199,-2.179164113335368e-05,0.009021410277615619
10,32,89,148,0.02161905891880505,0.006334278176998196,0.002446161262619698,0.001533668441464514,-0.0014700379287671123,-0.004795460041449278,-0.004921351935640701,0.019488199292347432,-2.6862912403253314e-06,0.0023186584372409825
10,64,89,310,0.015281222002224891,-0.0006946588534957412,-0.0038966920552031994,-0.0062150850234006716,0.0007267581008538342,-0.0035682721441255287,0.004899785526706699,0.003863575042934464,-2.1606212857237197e-05,0.0022802515667750814
10,128,89,548,0.007856720662520918,-0.001824003620509294,0.0027514927488222407,-0.001681203775289832,0.005007079944149617,-0.0008079926237517819,-0.0005096175662334546,0.006709603103495477,-0.0001324307762298718,0.0011895892900165327
10,8,90,24,0.004657160629967373,-0.0009218832001914042,-0.0007266202258113944,-0.006720106154233689,0.00014175635939030573,0.00040026789644379717,-0.003914753381427937,-0.004456565918209026,2.8081109068408603e-05,-0.0015343141831112633
10,16,90,76,0.013690904728571587,-0.0009456915002524146,-0.0033166297850128874,-0.0015734079853050261,0.006642663929537884,-0.0009396598072100537,-0.008468075852123301,0.002889493881198343,-0.00032630779494556854,0.0005138430639082956
10,32,90,130,-0.0035045288206818647,-0.0025030646147095456,-0.004532674331653447,0.002173975628078533,0.009613535426054283,0.0020211000581381497,-0.008148329427473209,-0.0020798256757733214,-0.00027305000061960164,0.00019578361715068358
10,64,90,310,-0.0005028329353831522,0.002982131539696762,-0.0026819741417180823,-0.002978208275787159,0.004903414010487349,0.0002954497383886993,0.003095119885544791,-0.007137741459324336,0.0001101724160980389,-0.00012860666898502823
10,128,90,576,-0.00017154189196145315,0.0013771223345489447,-0.005251264773160141,-0.006612465653388676,0.0030509048854911874,-0.0017767224620908319,-0.00033817379607732026,0.0008261513370680334,0.0003239144152324823,-0.0011322032444661307
10,8,91,28,-0.02023426582166282,0.01354238689367196,0.015964284288612577,-0.0012006574242032983,-0.03539591901857982,-0.02759002450620847,0.021381183208716948,-0.017372391060872627,0.0016854262630065864,0.013182026154730861
10,16,91,56,0.001016053127607598,0.010635989240481885,-0.005645119904827761,0.010239732275053525,0.0010089293780098656,-0.004065625896474529,0.00563809986753867,-0.001357737117505014,0.0003124696550578211,0.0047849457059393405
10,32,91,106,-0.0005941888061213083,0.0033521419552939723,0.0020715958278295643,-0.00828673355922721,-0.017770479496810695,0.015096161485032893,0.01622905232691728,-0.022330992360106685,-5.254920142271177e-05,0.0014532040261119384
10,64,91,250,0.0003083301503976042,0.0034392698336304975,0.007825580619850326,-0.007979023962868821,-0.01564014404488337,0.006640440226268105,0.01954387768425179,-0.012011302507874279,2.3279638420574478e-05,0.0009248218002046347
10,128,91,508,-0.008485897649274097,-0.00040229187541907793,0.002698043739346266,-0.006546085742716228,-0.009926489784419497,0.0021742108017144745,0.012548919440608689,-0.007853344198980775,0.0001235647086349143,-0.0004286417020867345
10,8,92,70,0.16178485565328907,-0.026465170541528617,-0.06019579244807746,-0.0029481457438253218,0.12251805774338563,-0.012689244136472856,-0.14283450097912706,0.05076763150725523,0.0012221064518921413,-0.011712544855654003
10,16,92,114,0.14000398149506205,-0.013967493225198106,-0.04663107794796312,0.0014838173823196945,0.04681075638599709,-0.01986734825093577,-0.05846455348839781,0.038690229646367424,0.0008255934263347042,-0.006416350502575138
10,32,92,190,0.06613850442850468,-0.007938173746061275,-0.01898153273302637,0.0040779130008203514,0.020494871366498316,-0.0126466079092363,-0.029451039806441964,0.01886960760270037,0.00027441761628661885,-0.0037770036208873642
10,64,92,350,0.05794634632595893,-0.008658635355575917,-0.016773557973815738,0.008974096927557462,0.01771171202564332,0.0012964338789557377,-0.022490446843683336,0.02153926757009784,-0.00036104977667782617,-0.00012713228625598494
10,128,92,600,0.03502590683183181,-0.0006410536803693936,-0.00836396929966394,0.0065029214249007075,0.006618718009030777,-0.0040148706157788205,-0.01131923427266151,0.019743565512355583,1.9235723671053747e-05,0.0007442689077473185
10,8,93,36,0.04243298831301461,0.013803463828154068,-0.02302683630230379,0.010110367084491848,0.011770546623208032,-0.010650120095035359,-0.019012073113131606,0.024235461764449732,-0.001520052282685896,0.006073319521533476
10,16,93,62,0.011544630726424235,0.005861587804598579,-0.00944067085996379,0.0038841400829408516,0.0005158966453443801,-0.006803317723528176,-0.004676301266565569,0.010255706062966457,-0.0009312788510065985,0.003525041591033557
10,32,93,172,0.0026809508255686504,0.00011849296213063734,0.00492182004061666,-0.004477905069738827,0.0043349113571798,0.0023530066965800124,-0.011588036449281962,0.004058466511744118,-0.0008438845183104828,0.0024869252475029193
10,64,93,322,-0.002157389128876114,-0.0025345253635581386,-0.005943366782522313,0.00798123084551789,0.007262207761309947,0.0047314788780658335,-0.014889621215739151,0.008831796259958674,-0.0004891052223152288,0.0010092269392351144
10,128,93,578,-0.00317392278314951,0.0008075704833483996,-0.005045564585037926,0.0039005405158347496,0.008993664059608619,-0.00014209624280636058,-0.007282074544846593,0.0040632081914929105,-0.0005488857889020057,0.00038352031642355743
10,8,94,34,0.023508351785724697,0.029216070854304534,-0.039447138989620205,-0.028092312189838826,0.01348880272606923,-0.011594409673596932,-0.027542465588147522,0.009945968563330024,-0.0009763745880101989,0.01965040714282306
10,16,94,66,-0.0012273453971392552,0.014878218257335018,-0.022704209432182085,-0.017438483618001988,0.009031071256105382,-0.0044679062191150705,-0.015150125012591567,-0.0026821223385436114,-0.0003700129379088765,0.010095365596418793
10,32,94,128,0.003096527168245179,0.0050209774030345235,-0.017004536665102397,-0.007245700028922575,0.006915946609655005,-0.0002542822994491794,-0.006441880036022636,-0.005110269717999227,-0.00012175871004886031,0.004483263287977015
10,64,94,324,-0.012425576361408256,0.002561765908289696,-0.008704646627819083,-0.004425829931006168,0.007277879616905605,0.0064440429547525995,-0.005731264845180022,0.0059824606541376505,0.0006987852782323579,-0.0013202312819698013
10,128,94,612,-0.019223763642913044,0.0015446704933480182,0.0008153952481091625,-0.0032280841145140198,-0.007761487914407841,-0.002330260935379794,0.0017222013694300512,0.010406916952281556,0.0002494333104741411,0.001030069183291269
10,8,95,26,0.03007268437955702,0.006774687554966462,0.00588647191187798,-0.014066617515283741,-0.0033220122547029654,-0.016488552607196814,0.005470417738217017,-0.012338020706304183,0.0005886568338202192,0.0072984526661298045
10,16,95,72,0.013096442443528726,0.013043730811792218,-0.005733341713847255,-0.003067259894728538,0.003953716376060768,-0.005710929142197635,-0.003005091809767709,0.002056325756802689,0.0005053263682784095,0.0059456548559182025
10,32,95,142,0.007957247886138365,0.004710307129894157,0.004598362762324231,-0.0020673703629592957,0.005319284403955241,0.005351704126401991,-0.004362677746652194,0.0057163842446089925,0.00023196174894563545,0.004430327954707139
10,64,95,282,0.0005899506197504997,0.0031646597125800143,0.0035085444155992206,-0.0031680602353512223,0.007354790111526375,0.0062837113770661795,-0.00592714127409349,0.006713609178785974,8.169753082609467e-05,0.0015439644615845437
10,128,95,566,0.008284991103083955,0.00017877969852572137,0.0010219494557615035,-0.0034234240004966934,0.0040549646142753895,0.0019930604370647772,-0.004611117803412593,0.0016129215501745097,-8.607601011954642e-05,0.0002266632938229666
10,8,96,56,-0.03844628217421433,-0.008392620553144867,-0.023223500281855068,0.027833833031370624,0.00220899457647363,-0.002696513913884659,-4.312898294144864e-05,-0.006705484107198443,-0.0008466719534223789,-0.0008860138536934343
10,16,96,104,-0.004492737898831657,-0.005766416586844613,-0.010651604846595938,0.018843210827706895,-0.002444280011700917,-0.003928576071014443,0.012683459248776828,-0.012159345655763584,-0.00021455040543295266,-0.0008856002853555437
10,32,96,174,-0.020013249950340897,-0.007466991364341501,-0.004210497761454818,0.010829999389894032,-0.0006560122271271561,-0.004519073958869708,0.011487339465351853,-0.009227739942832828,-0.0002345942721609761,-0.0015361578741588877
10,64,96,392,-0.011429634209713713,-0.002974039652962953,-0.006063650091501933,0.0021680680496518404,-0.007869774454909282,0.0005577558696178614,0.00940596729425688,-0.007939130027377417,-0.00016097249757074722,-0.0036924939156789275
10,128,96,698,0.0004656276079729886,0.0013681933899216104,-0.0026348074956874675,0.001075129212224442,-0.0034527790420083217,0.0010131156010260616,0.00206343280011721,-0.004953962479774241,5.486384119855853e-05,-0.001026956744552717
10,8,97,46,-0.05929771737837583,-0.008107558110438251,-0.039175467994395995,-0.03310458771904233,-0.02818054836621085,-0.07136667194396107,0.020867031794657147,0.027213780625994735,0.0012489116658802308,-0.0073900410946414795
10,16,97,80,-0.017404073433212645,-0.002213031050151318,-0.014171722618440298,-0.024797328491832405,-0.022716756419194902,-0.027854059264321367,0.015104342956563144,0.006661199209923916,0.0007763745120696964,-0.0034545706234121063
10,32,97,136,-0.021095906242538463,-0.0010787617809726036,-0.015050090926981901,-0.010399119053121934,-0.009363815439117202,-0.011188252723986688,0.012948864404150462,-0.008692821227013899,0.00030421229999036116,-0.00272996921295016
10,64,97,252,-0.01909393691779832,-0.005442253615535827,-0.01744883611162998,0.013779216006050157,-0.0021766216191555074,0.0003144682107104717,-0.00282223472868129,0.004041213410182558,0.0005485996397175005,-0.002405788528481311
10,128,97,542,0.0005786364503021076,-0.0031263376888698026,-0.010348606626832122,0.012754469392969137,0.003281546680246055,0.0011784377718445562,-0.00691128604707574,0.0047637333171316005,0.00032646872940943173,-0.001119648022969233
10,8,98,26,-0.027520149211500602,0.004701545786242146,0.009551598943083254,-0.014361970342021841,0.014826537670015315,0.0044971660498892,-0.007822579929668024,-0.005751595529767133,-0.0004039064697351676,0.001729101530998014
10,16,98,54,-0.007937765930552048,0.004751502832561193,0.0031201574269187704,-0.008633323769683445,0.010874801967794907,-0.00047453200708466787,-0.0100949430595849,-0.00038909811184190124,-0.00020352993085127714,-3.3819105982280185e-05
10,32,98,126,-0.020953223976265176,0.001616756925160655,-0.00566740416109772,0.0023553934226183773,0.006934780901931296,0.0006812874654780906,-0.009970628540246294,0.004986929154747428,0.0004890034567288562,-0.0006905513469193074
10,64,98,270,-0.011375762809104625,-0.00034528688171521504,0.003316922515943582,0.0019431963241066262,0.004195729974524112,0.0024755785708211043,-0.005457207242793284,0.006519780353218989,0.00025797838772115495,-0.00203681421326172
10,128,98,554,0.0019440528691002136,-0.001977462277161584,0.002386828064787032,0.00030156562145173876,0.0004831614353739892,0.0004835606610700112,-0.00010546217276946791,0.00202398306560514,0.00023221663289563224,-0.002072294561638221
10,8,99,36,0.01091587723783592,0.03163860721573909,-0.03161114752950749,0.00800345703668954,0.011471813522394637,0.022705091902397723,0.003086710216608903,-0.04119922760114595,-0.00044467710388232856,0.016008792852961404
10,16,99,76,0.0032225901451653017,0.01687469596034078,-0.015991502792313157,0.003573956136053966,0.0003587431917062431,0.0070123783493765,0.006840255445117476,-0.025743352959875298,-0.0001747937115827716,0.007631870431785029
10,32,99,154,-0.010060596233467063,0.016871767466157726,-0.011695314430970799,0.003940354445467503,-0.007315590149976681,-0.0005796138140231034,0.007472874458334677,-0.015452815990531481,-9.121419870399354e-05,0.0057287234908798175
10,64,99,276,-0.01648562575939007,0.008379542317287714,-0.007732969848409377,0.0011153876933918073,-0.0019575076872821715,0.00373880447437856,0.0010024356254667772,-0.008574338943018475,-6.836950322567341e-05,0.0019483280875043077
10,128,99,602,-0.014702545073147567,0.006553394318261651,-0.006355763348966011,-0.0022502056208688363,-0.0022454243092254658,-0.00036929790885418076,-0.00022465223938253288,-0.002399952320850695,-1.5815293846334306e-05,0.0019894609089051046
10,8,100,32,0.03019849358059775,0.0014224706796808972,0.0014942207290736084,-0.0020508984554728034,0.00843653170776159,-0.0003996599469086525,-0.0022147094239153777,-0.00023616473153095986,-0.00012660265054749865,0.002848301120717853
10,16,100,64,0.03741974606512973,0.0011723188647344924,0.00021947719406555338,-0.0022476752310241596,0.01363142259345823,0.0011800010092920552,-0.003241388872970179,-0.005460020347000839,0.00037513621056923293,0.001486498362610577
10,32,100,128,0.046693715801664024,-0.0003871270823574535,-0.011468848261535422,-0.003260461405439739,0.016544604700947915,0.010075321655993985,-0.010173715619756092,-0.004021626491890761,-7.391692360115151e-05,0.0030044174540959346
10,64,100,252,0.02826266540863372,0.0021749143079288764,-0.009295310773335477,0.003658768500896569,0.0029870242294378546,0.005058973290749929,-0.003631260180396362,-0.0030383410563365274,-0.0002735043444439285,0.0012162085663241355
10,128,100,520,0.012822072225571423,0.001156560576854116,-0.009664631986291389,0.003156246358819673,0.007058201876675839,0.0054010903429933385,-0.004727014729788394,-0.00014607298703939425,8.763170544836525e-05,-6.469703158042543e-05
10,8,101,44,0.007147518743125081,0.006296385078479385,-0.01304484999092426,0.02209948869105005,0.0026941442527198623,-0.005523827278365261,-0.006847713847450181,-0.017603017060660198,0.00042690807484876227,-0.0016519443016696136
10,16,101,84,-0.034938557582438835,0.006008554798387006,-0.01852708938115353,0.0034415487476357203,-0.00978495965931982,-0.02205295224881608,0.03910364889460075,0.002487818631034454,-0.0008361849544613222,0.0003590248844183198
10,32,101,172,-0.029449946768548178,0.0037630944466170123,-0.0013124915116341377,-0.0028129962525507307,-0.0038485735660648834,-0.013107803177092762,0.01621536635068483,0.0005232924330914563,-0.00042354181060961116,-0.0002698205061214178
10,64,101,300,-0.007716426878054267,0.004326610163114703,0.006573354425947448,-0.0034000051283449807,0.006573013785429801,0.0017093831877691653,-0.0017817778916128007,0.006546506220773606,-0.0001988245875137875,0.002819417637173802
10,128,101,662,-0.000519038680518248,0.0009866092004762084,0.0029471034415593884,-0.003659248842516901,0.0021472699851365824,0.0017858587460980568,-0.0010972608814683493,0.0034639516305389265,-0.00028445551758405865,0.0011504428407031065
10,8,102,46,-0.009492010231740535,-0.015524273929450766,-0.0038559631743006915,0.006678247010454592,0.01555286975045407,0.007182013953363893,0.007673462840809276,-0.0016455323817383502,-4.980663864058771e-05,-0.00626388429520363
10,16,102,78,0.01975286543396589,-0.012677369310681606,0.0065642263798714575,-0.027057253762872786,0.026398995846628057,0.04186836116280154,-0.003810795786969271,0.016248138442126532,-7.530121349434696e-05,-0.003267518837007383
10,32,102,192,-0.007035303150616961,0.000894495840315814,-0.0026132563583865544,-0.0294545609601413,0.02507608910835067,0.02603458160928136,-0.0041878120941729,0.014421118208488475,0.0002186383158652701,0.004219319923295496
10,64,102,356,-0.006686123495457078,0.0031839931637142075,-0.0022590646444168114,-0.0225015411309697,0.007536828018110783,0.0033416457862483744,0.0006927042588049088,0.009570020975326056,5.861683805442607e-05,0.002063610754645235
10,128,102,636,-0.006088907035839616,0.0051613972645232885,0.003358403353536159,-0.01320696825087422,0.003821905010033936,-0.004643983429765524,-0.004014753409351766,0.01493712426074935,0.00024742600899159173,0.0009236965616934064
10,8,103,36,-0.0010663575994384914,0.0016730118310356585,0.003743038569531838,0.0031997055350293947,-0.013111342581311941,-0.011166845952583923,0.012726142610096271,0.009859986108770293,-0.00014329202244906447,0.0018736734428268466
10,16,103,70,0.007078861213691753,0.00441415699890026,0.006389410720198266,0.0018951491669562373,-0.008522726617111091,-0.0038767861921855133,0.004045494546647751,0.008872813384521182,1.88184557383621e-05,0.002456751346351886
10,32,103,164,0.00871169009046734,-0.0016208383314850285,-0.004767614033154446,0.0003624085805530224,0.008871542526123353,-0.000916917534524372,-0.007435682577683322,0.014110096660744411,-6.884381220464416e-05,-0.0013184773181443218
10,64,103,298,0.006007639514203148,0.003394755959118934,0.007560060617053753,-0.02051027058730882,0.016119542593057357,0.015318277233386447,-0.02048002723753683,0.02154167002909808,-2.9161883800173942e-05,0.001662054086422394
10,128,103,614,-0.002089393852785392,-0.0017516892468471426,0.002084757645514758,-0.0077071716503927514,0.00406516550094293,0.0057733259535838,-0.006823451893517476,0.005158824559501266,-0.00013664448746537837,0.0010718262415055344
10,8,104,36,-0.014010285484260983,-0.0014729428154848945,0.024784692578149005,-0.016060468895869283,-0.01551332033470631,0.0024294711301399404,0.011102486796868944,0.0017039735970458074,0.0002691582113175565,-0.003215098330577478
10,16,104,76,0.002590440486250717,0.00011414032946583202,0.009723475612023783,-0.00159286482454864,-0.005577355519201627,-0.0051591325720563965,0.00018897856949407865,0.002305084796799655,-0.00012347395421923884,-0.0021556855930971995
10,32,104,138,-0.0201557219771522,-0.0017335591625739846,0.0030563473714849223,-0.0012845021004702771,0.002405163453123028,0.009646059836813102,-0.008198604610815664,0.007439705358088421,-0.00024301853976713852,-0.0023147320393351826
10,64,104,320,0.007505321642922788,-0.0018807514807060342,0.01248628627978065,-0.010231904005579143,-0.0005354509581566141,0.017344739732162315,-0.012884838690761454,0.0037645360827868006,8.095800963537195e-05,0.0006866764162934075
10,128,104,606,0.0043935480817830184,-0.0011367076448852613,0.014218145899325824,-0.007950702683368054,0.0007153212477905526,0.014950641597336379,-0.009955849163109598,0.0009210159832760772,-0.00016817426067290833,0.0011442856712216083
10,8,105,38,0.13369452600746304,0.00281660418852492,-0.024145538327581755,0.004138665561605157,0.007641218375566431,-0.0171540292300869,0.013651584791665955,0.007991610933228935,0.00066030398402309,-0.0009187502268850644
10,16,105,94,0.15509326630709175,-0.02493801898570039,0.005580604663673847,0.003507684127030214,0.05986376345422327,0.06073831335318058,-0.07295170581688491,0.03222595202713073,-0.0005485718139474657,-0.011827538621984894
10,32,105,180,0.05763956946110485,-0.01846982612661254,-0.01533702296971912,0.012153100406348864,0.03642916624497828,0.030317150866180604,-0.03493284212561782,-0.0013574254210964463,-9.563174894591748e-05,-0.003507275825216553
10,64,105,328,0.03656623483228059,-0.013236116093026393,-0.002338729644184947,0.004796170380278783,0.0171690180988579,0.02122707501028509,-0.025414759691852064,0.010256441057054144,6.671481869420748e-05,-0.0025462416099924045
10,128,105,602,0.009784902818059495,-0.00791678257482665,-0.0037684677446464263,0.009703816939014823,0.007074136897654232,0.008991338109192726,-0.01681504249149537,0.015747172984263202,0.0002154207226358848,-0.001868383625437928
10,8,106,40,0.05187929640008171,-0.022408541204561067,0.06269498241341444,0.04683822841241583,0.036228703630211356,0.10376189258286636,-0.05259307985805847,0.058393013882794796,0.00039279199616626506,-0.008597458296066018
10,16,106,88,0.010507598727626861,-0.01897775383332129,0.02531072628563568,0.02672557138281859,0.027327754040815524,0.05369631634501335,-0.02908297885657621,0.02556531883039819,-0.0007550825355873707,-0.00852405633805255
10,32,106,156,0.00577162072906335,-0.007482212795490284,0.01966288712409526,0.01683498057736077,0.020051311670006223,0.03174233919738508,-0.022972432885686307,0.0027938705401914926,-0.00048726677806176853,-0.0016204187288376337
10,64,106,298,0.005700982328431499,0.00037823189834995067,0.008339669509546222,0.008429776118403702,0.01113495373601509,0.012309960787963729,-0.011756455495848427,0.004195574201329708,-0.00021812001603084894,8.662694329348824e-05
10,128,106,612,0.0005031417343253692,0.0004246898813715846,-0.000617451849450612,0.0036318189626026215,0.005256849603721535,0.0012342665818226223,-0.007447243023625464,0.00560855539938033,-0.00024026728945967843,-0.00027971511821235065
10,8,107,54,-0.014260673325540513,0.0012936178161040116,-0.024353012716280292,0.013637352527307921,-0.014002042669747531,-0.02492391849769852,0.007423016742126828,-0.009865579305784354,-0.00016647153736609724,-0.0005879987063506723
10,16,107,154,-0.008264424528056416,-0.0030549108246170093,-0.004386223051742338,-0.0033393928934275325,-0.011205780692717004,-0.002271795602998991,0.0053459513734388535,-0.0009765676020969771,-0.0004043144965888599,-0.003633409897556538
10,32,107,242,-0.002930784070972242,-0.0015249669586393148,-0.002602939113123872,0.0014477498815307257,-0.004119753361850568,-0.0036186859241685247,0.007289815238962552,-0.003946476733131803,-0.0004969602939025063,-0.001064261105408376
10,64,107,376,0.006890655033226154,-0.00767431695712398,0.001538368811863609,-0.000615541949069896,-0.0017415835114001571,0.0031258303199991097,0.0009846481404899208,0.0036248773097354906,-0.00010486559715563647,-0.0027472502468056516
10,128,107,678,0.008716037054687757,-0.003279011325416122,0.0026077701961934245,-0.0020742609936299956,-0.002278754272524726,-0.0021920076312714368,0.003372611986249323,-0.001718571529932724,-0.00023701545145241176,-0.0010626137818997754
10,8,108,30,-0.015140892233088855,-0.003496475600228871,0.015763595325906946,0.003928950829796573,-0.01758197443155368,0.022282514417529285,0.02737929791199729,-0.020257376110972065,2.7496636802183283e-05,0.0003838204498068841
10,16,108,100,0.032649308153561096,0.0013494674093875681,-0.021052216157369845,-0.0011217732802232356,-0.03666164150576388,0.0003475481657651963,0.04185981485812623,-0.01714762347197287,-0.0006128444135754501,-0.002955664408131103
10,32,108,154,0.012660388894227506,-0.0026402915453183516,-0.004458793772065926,-0.007153067091142422,-0.022039760486244807,-0.007128983967567391,0.024042339994312233,-0.003170169762378535,-0.00028787198584884286,-0.003321300430663536
10,64,108,282,0.009345222069840476,-0.0010685608213634671,-0.009791817315491268,-0.004008060533783857,0.003838923843438977,-0.00409488615486436,9.8858205831795e-05,0.004534724378346918,-0.0004446044722759067,-0.0003671150161889164
10,128,108,556,0.004523506849429944,-0.001545031341980253,-0.009339567174759823,0.002870126196633705,0.004965154695557629,-0.0023196082408524807,0.0017593743285870067,-0.000475148962058785,-0.000488678405819274,-0.001523981897313242
10,8,109,76,-0.011620951752254218,-0.004062332899479441,-0.03244477297110425,0.03458132347157389,-0.025588420093047338,0.007801544216046533,0.007672763352547577,-0.012255136819051063,0.0009940279170009697,0.007217092665397543
10,16,109,116,-0.00915470132760518,-0.005355090180489252,-0.020103701640366085,0.02469410457978281,-0.014130556185473741,-0.0006565490204378625,0.0013331533690615913,-0.00678446924117845,0.0007541163983500205,0.0018245678148800567
10,32,109,182,-0.008679936667661241,-0.00048204652864527775,-0.01213070644077301,0.008506512673799429,-0.009991000771250398,-0.007641271278951319,0.00789038365593808,-0.011467360497229075,0.0005873158716216328,0.002267338990672273
10,64,109,358,-0.003147297980481176,0.0016715930491993068,-0.008452463334143054,0.005153005445658915,-0.007544446924075901,-0.010285244186077163,0.006511980902155295,-0.0031436546342964106,0.000674244204953205,0.0022381209150427153
10,128,109,646,0.002850428555295116,0.0040812082417618556,-0.007062620266872213,-0.0008721434721145838,0.0010084939181897723,-0.004829778064372379,0.004639461559247142,-0.005992225148529384,0.0002509426833215124,0.0035917407857205892
10,8,110,40,-0.10020578792817064,0.015155063332837074,0.021866758114530545,-0.05198240368499174,-0.030353362330777827,-0.009736473599522458,0.04323092043217263,-0.04717225873236058,0.0008099791536019746,0.010119401530509
10,16,110,76,-0.04704514729915839,0.004736169281047691,0.009917468406593539,-0.03683919879722994,-0.01792484111035806,-0.013610981116070429,0.022545771669211356,-0.024326499282579774,0.0004260137908036253,0.00492930149056859
10,32,110,144,-0.0015794826230879587,0.008426029918981795,0.0014673473403183234,-0.012806836205674979,-0.01703970519740027,-0.003444533976019587,0.007015249885303313,-0.003171324818701621,0.0002498243334372623,0.004461065882932857
10,64,110,276,-0.015506754001855288,8.199869128294398e-05,0.008650380750824662,0.0017197054036927207,-0.010420142367261052,0.010040385245764722,0.004977709657535417,-0.010327372248717314,-0.00017185693362187302,0.0015696177584635736
10,128,110,572,-0.014051904892277919,-0.0007707502510649656,0.0017522437264862432,0.0006125195958553303,-0.0077987746360148515,0.0011167999213049166,0.011116079574550497,-0.00412758886122554,-0.00022270414593958277,-0.0007900371627235711
10,8,111,30,-0.023645632192194926,0.0030139599999551873,0.0016039589774638756,0.007182341736363245,0.014008291207312777,0.019996905101329697,-0.02290448771617302,0.015892601565459567,-0.00039166394126637934,-0.0017792734972832958
10,16,111,56,-0.0260630226714655,0.001839634547773645,-0.0032788695761558776,0.0012071510343427748,0.0072669382011791035,0.011543470892224003,-0.009315659190611739,0.0050749747832446014,-0.00012785226086474706,0.00014354246912116854
10,32,111,126,-0.017307252254723134,0.007081832915943991,-0.0049913050498734774,-0.0021199703134071463,0.008097173837775962,0.010756069511526084,-0.00798188575066615,0.006827149531696448,-0.0002840820203920051,0.002890943300778639
10,64,111,264,-0.016465106587907143,0.0017616142609294318,0.0009309386430109511,-0.00019791279569467726,0.001893081092072723,0.00390769217879404,-0.010425475949278272,0.009052063901331182,0.00028224712683977014,0.004168744148787342
10,128,111,596,-0.00026936636231807246,0.004359595582860866,-0.0007716226814891553,0.0028250888334921164,-0.0004538972175198413,-0.0038376957559827537,-0.0044866485423679684,0.006627309329657734,7.622348185064728e-05,0.003107365005990345
10,8,112,102,-0.12760389778238387,-0.029721077644991836,-0.014084159979039657,-0.005228717261362274,-0.005873078237575439,-0.021812870449439168,0.008912057629629997,-0.06060015895442523,-0.0008226414760875982,-0.00521397813842762
10,16,112,142,-0.06282738701014356,-0.015541039999559988,0.002812850090871726,-0.008360021550056844,-0.005838470896383265,-0.008604652186302625,0.0074817112062420844,-0.026578791726512837,-0.0002674959013670237,-0.0010448440091863204
10,32,112,210,-0.06791076655330999,0.002108505235584136,-0.01615483095711545,-0.0010694952154819293,0.024727900184376202,-0.01219267432782543,-0.011008302994585445,-0.007331495295189202,0.0006294533360343735,0.0012560166761598581
10,64,112,394,-0.02977702970145588,0.00167481318764362,-0.018035218488166055,0.0004304523277038403,0.02525922581764389,-0.008002237198738545,-0.008901651129985049,0.0008966795550920544,0.00031061572313758186,-0.0012981194159904631
10,128,112,662,-0.012179818620488074,-0.0017634976737548797,-0.011719116293378797,0.0067572316595675445,0.012688355106674999,-0.008089639464610872,-0.005872363264798667,0.0033573957242239664,0.0001676398382018397,-0.0014685332282942712
10,8,113,74,-0.02043683551603483,0.011389516703523329,0.004968612297048491,-0.00101048895419642,-0.001956844516909265,-0.0034982368507154157,0.01046130206048176,-0.007117752574095363,1.4965035998814113e-05,0.003242019687269261
10,16,113,120,-0.02147613523243662,0.006425931450492169,0.03614596070929463,-0.034530829093848685,0.0010485363153202199,0.007586890504326072,-0.014987533106134505,-0.012295339157217483,-0.0001228654349038684,0.001729095463416507
10,32,113,186,0.020050500056793732,-0.0053447035229620505,0.012933039306840683,-0.015130144707877425,-0.0005917244840799781,-3.813844362262741e-05,-0.010393977936543198,-0.00895341493268903,-0.00017264908052540997,-0.0001410631223663899
10,64,113,316,0.012945614146933156,-0.0035401571224972224,0.006735160290885994,0.0008171382466795466,-0.00586750584279842,-0.0085918575841523,0.0060896498271322255,-0.0021251750093627575,0.0004606976679370074,0.0008739227372608284
10,128,113,658,5.2913882573909056e-05,-0.00024957364842755146,0.007287626400331166,-0.0010655546992411106,-0.0071367725989641174,-0.002005613718813528,0.0075469239260149545,-0.00048431495476701205,0.00011241070443406436,0.00048478845804610316
10,8,114,56,0.013259212326266652,-0.003700438812589576,0.02436362091183856,-0.02369764989280433,-0.021080774587931943,-0.015729623922783383,0.023709142259126906,0.006080032563039418,0.001072857647287701,0.002048032127585093
10,16,114,96,-0.021364486369621613,0.017847074287207828,-0.004348896880608769,-0.011692726704999141,-0.013885707884834328,0.0018274298529410314,0.011339938948934869,-0.004784038446755871,0.0011073276550336525,0.004396021665524344
10,32,114,212,-0.015004249100199749,0.008841907477460602,-0.0007071627224282866,-0.00781211838381184,-0.009545637448337349,0.0009974295031258886,0.0027797971463608645,0.005710084948187834,0.000504715984777922,0.0016424933760790805
10,64,114,354,-0.015544057121840777,0.005146357091983497,-0.0004505885708020056,-0.006759239387315676,-0.005540022445725792,-0.002850703557644463,-0.0010558912287360407,0.006509239250523699,0.00031598891109309535,0.0008572024017706048
10,128,114,728,-0.03097081433367727,0.005612221472777235,-0.0082368557572757,0.0033088074962488888,0.00847838268087107,-0.000985500776506162,-0.007569409897116034,0.001019671057169946,-0.00015390480320631709,0.0015676804925669238
10,8,115,46,0.012511861861009861,0.00312323725920476,0.009696080342200514,-0.009722693363274592,0.0032844649003338938,-0.01098324530475342,0.003393381621762904,0.005489509636953386,0.00033277951428028904,0.002083902701246159
10,16,115,78,0.01044398103672609,0.006310939072431694,3.525194429184028e-05,-0.006706293593067417,-0.006843264535992383,-0.007614613588949764,0.010526452515914813,-0.0024154026764458517,0.000234346050279925,0.0022473670204234677
10,32,115,160,0.02783504426232606,0.004466306645353915,-0.0012337595886744062,0.0011096713971218768,0.010169046588044734,-0.0004322643465738763,-0.014816011161255074,0.01166955981044453,-5.394514746542774e-05,0.0030707210152406527
10,64,115,322,0.029845506024487357,0.0003386790746971067,0.0011853741291696133,0.004197662221146801,0.005838225190369568,-0.003630328385562193,-0.009804831405729918,0.0081895115332879,1.9385333345292817e-05,0.0011253228512082276
10,128,115,592,0.02386744993483096,-0.0007937282011743047,0.009165723420916348,-0.0012739761574181929,0.0001725008896490426,0.0006591950588868281,-0.00385579970492949,0.004553348191779262,-0.00015123460506641758,-0.0018948883626563162
10,8,116,28,0.005812032588113527,0.004266680531990947,-0.0029319381710332867,0.005737740730488367,-0.005707099221341828,-0.04899113163824503,-0.004455906961661447,0.035853959840416075,-8.210502543134407e-05,-0.00011233499568723246
10,16,116,90,0.0099388605599879,0.00420126549523956,-0.0007965746145069113,0.013013285704084174,0.000565288160301145,-0.024193892605429552,-0.0049362295324290924,0.020267960545673654,0.0001554150037966273,0.0026758128176259982
10,32,116,210,0.028984970792732802,-0.00031545437436453216,-0.007139302166654416,0.01316924987672146,-0.004228001626562536,-0.024022347696169902,0.004678895269680827,0.005015784261709566,-0.00014568771072605828,0.002118750244654232
10,64,116,368,0.0017715991451213017,0.009572994883427482,0.023372798613838692,-0.014469952138402943,-0.0188916075653731,-0.019047630428119376,0.020137102559507045,-0.0017987784252299736,-0.0002644326733407745,0.00620243595554533
10,128,116,698,0.00949693667453845,0.007174249811461612,0.006072944698966433,0.0012212119167409052,-0.01068020727344462,-0.012940040293283304,0.007315752612965256,-0.0031149045998622436,-3.2223825850588266e-05,0.003855663700470094
10,8,117,24,-0.006050353214061804,0.009115160096857576,0.0010522742566288056,-0.0111301036235676,-0.001104101430928362,0.003367040155420442,0.0048731821815981725,-0.005757598643339536,-0.0002689581277567312,-0.0004990052086893789
10,16,117,118,0.0284290050444875,0.010386565356611182,-0.01397369892536925,0.00043583941092106664,0.055261315844394684,0.009183676955045255,-0.022804960385058144,0.008176740773762783,6.235092931967839e-05,0.0018531484050456676
10,32,117,178,0.013385372601341785,-0.0018415188512406154,0.0009940341721659386,-0.007325709122590035,0.025284839463699513,0.004169717482625384,-0.006344486045706042,-0.002031647027566498,0.0001434310893092939,-0.000345010158820313
10,64,117,342,0.01646545196385047,-0.005145649519137536,0.0018255985707765947,-0.0005926948939388216,0.0142421385568889,0.011978670334672205,-0.0074486989833865355,0.003358474819597813,0.00039618378225410485,-0.0007821174394552668
10,128,117,634,0.01774321992529922,0.001024470975679612,-0.006836411243223418,0.00193844137509107,0.026421046577536078,0.012535133658035743,-0.020347668171250523,0.0066820881190304444,0.0002709489894207825,-0.0008020936909829884
10,8,118,46,-0.020474844554851147,-0.0021910017065803608,-0.002093521647010433,0.003370922320578938,-0.007953762434720913,0.0009808928781829462,0.009034256270225043,-0.010885904427094509,9.416730373240252e-05,0.000340889742237603
10,16,118,86,-0.00029564818241819787,0.0019664917693918166,-0.0025945848464511544,0.004427207555735234,-0.009683076487972953,0.0004918778009757046,0.00642253190899054,-0.006876638772864154,0.000257041049398117,0.0007392366443248312
10,32,118,172,-0.0015381999803108282,-0.001372484906028352,-0.004562219942778516,0.007060672567778025,-0.003918989109087623,-0.002930785307025555,-0.0038385988508424554,0.0037481150234963505,0.00015892885642574157,-0.0011962124379507793
10,64,118,300,-0.004626211947507877,0.004696985480414131,0.005867502335284493,-0.004052255060505235,-0.0030933054515773564,0.0005594650583936336,-2.881565683040599e-05,-0.0008804082666171378,0.00016260555403587267,0.0015045949639630892
10,128,118,576,-0.0029431042739068275,0.0013075959485394479,0.002523408247624469,-0.0013416983411946944,-0.001060734985746889,0.0007912921653486057,0.0030074781972115167,0.0034394625920216343,0.0004009055063896594,0.0011010534599716758
10,8,119,28,0.005931824025515556,0.004103335173750891,-0.0029295207642926883,-0.0012363328195956773,0.0044906509121733695,0.00459225557635063,-0.00038090425513779533,0.002734426140570826,4.610325826250364e-06,0.001526539760008652
10,16,119,62,-0.0015703331662579262,0.0013192970724815204,0.0025034718371345463,-0.004239127341103573,-0.0037649586069055225,0.0010518476645417136,0.0053275225885161814,-0.003392949788887333,-0.00016568987777197154,0.00032207257904780473
10,32,119,134,-0.018826386136207428,0.000371374585704843,0.006286757130648643,-3.564445298956888e-05,-0.007828500653396225,-0.009995696107595953,0.006918856295697987,-0.002085250131843138,0.0002742746190766377,-0.003184582999469823
10,64,119,274,-0.029027946996292242,-0.0037160891708189585,0.0007369677436958223,-0.0020551035987222827,-0.01199896085150575,-0.01620270234457243,0.008874126566137548,-0.011961639509630893,0.00038537236763851515,-0.0030181742065526498
10,128,119,616,-0.018904000110044804,-0.002148552420421139,0.0010233064132348407,-0.0013696346048509272,0.007113156304970312,-0.0013984857405230419,-0.002039876099418675,-0.008094586052812072,-0.0002830096439916571,0.001535026847852195
10,8,120,58,0.02819181975143961,-0.005322103689773132,-0.006760076468280207,0.012194426855242288,-0.03163198819196351,-0.02631093406116512,0.01628316831327732,-0.0013994068687062642,-0.00016818607989991404,-0.005837215682779227
10,16,120,84,0.02040086979488042,-0.002291302769818396,-0.009266665768946573,0.010390034757737674,0.00030071915080333484,-0.010502966367566098,-0.003965502113768263,-0.0006271780999446567,-0.0006559685779688459,-0.0031175563864192565
10,32,120,152,0.006430079979946003,-0.01060060970740535,-0.00045741153757355334,0.002019943611300188,-0.002929922020080138,-0.016888900459472705,-0.009547471206399094,0.017454901856623396,0.0003909536301940654,-0.003939627217801545
10,64,120,286,0.008311876056711076,-0.005715969504821054,-0.0025919032927872137,0.004762802568466116,-0.010570658324086513,-0.01435702234427748,-0.0009091165679212708,0.013498103469045253,0.0002553339364937651,-0.003578331219161215
10,128,120,566,0.009228158439420103,-0.006733780841533743,-0.0009000078968372172,0.008174291149448279,-0.011332198293590032,-0.014716470511364448,0.011064511763838198,0.004666806318748707,-0.0004915380939760107,-0.0024321021656556574
10,8,121,34,-0.11724526258762369,0.032856751689683064,-0.035747633161354535,0.010030831096113496,0.010309399312002782,-0.013486233633971579,-0.010397098074976692,0.05584344165554942,-0.00313276509279913,0.022454752152391906
10,16,121,60,-0.05810254307205264,0.013527541803757696,-0.007477946481745436,0.0017270860845464689,0.005158940619017999,-0.008954828995672025,-0.007817380815406649,0.022274738280429637,-0.0014273169940393854,0.010240343014080932
10,32,121,128,-0.06094733505808578,0.003586179328455539,-0.010094392967299203,0.015496694048676131,0.01884210079896763,-0.0018691565615004827,-0.008051549444254305,0.006517513178214338,-0.0012861433623817511,0.0028289881853606857
10,64,121,264,-0.03243222762562841,0.0009133603974724282,-0.005513878316087389,0.016320260822179078,0.01070435255647867,0.007157316625430548,-0.0019130199351195729,-0.002544738632365427,-0.0006901831676610644,0.0009772487175128237
10,128,121,648,-0.001244030214711872,0.0025957547523491587,-0.012189617168511553,0.013867977369884842,0.001806676263919876,0.0005733221423441792,0.003367935402875826,-0.007394504516197843,-0.00031249007491433874,0.0007095575226412393
10,8,122,42,0.08003309570892281,-0.008401051202123776,-0.028627104466708648,0.00869171184597202,0.04242541624117038,0.010717237828544682,-0.029043989413236684,0.04579454067225493,-0.0011134939853872324,-0.0011053994149450915
10,16,122,74,0.05664545593935826,0.005237312936246354,-0.01186315318979015,0.01626056374119064,0.03216085074634147,0.058151199078574835,-0.01331646964914529,-0.025699144494076964,-3.5984661882487423e-06,0.0033158576841490366
10,32,122,128,0.027250853932511983,0.006877076321438338,-0.014461662166092853,0.010147578121212808,0.023651278033270103,0.026634226945677443,-0.016871684636204712,-0.001512924077512153,-6.433375898163012e-05,0.00221880276875599
10,64,122,276,0.028203101384904908,0.00688000443088727,0.004266593026901647,-0.0067776020868601464,0.019748276136024638,0.03033680463350197,-0.015561657177366324,-0.0017104019627236272,-0.0003297971682587023,0.002671534848515269
10,128,122,608,0.006560977211074476,0.0016435474383286186,-0.004189098523084501,0.0013637416154906289,0.007914012140229689,0.010226886628226503,-0.0019563480318341066,0.0006050797142692889,6.71579546856029e-05,0.0020862223514962644
10,8,123,46,0.0008907003713565934,0.015970960440691902,-0.01064969795567626,-0.017165406787463602,-0.0025163735485559803,0.01859593332298815,1.0707262303923364e-05,-0.007335776278542113,-0.0008462945622206697,0.003129570992954415
10,16,123,74,0.015678149873948777,0.010251886166587093,-0.003057298774525664,-0.009082717786378853,0.004810684525056709,0.01749165027187265,-0.018093038719029203,0.0005357884903159592,-0.0006060194884810015,0.0019808246556015396
10,32,123,140,0.009654761681010884,0.006992070695034585,-0.007133445580609318,0.006796690146157318,0.004184572315291515,0.0062917605455953835,-0.008060872578279962,0.005860187310481711,-0.0004922241509257969,0.001960100389314002
10,64,123,268,0.007160088092880379,-0.00018101993826943834,0.0022091064024937455,0.01194013170769557,0.009130789138113332,0.01670391049953897,-0.01749001772392186,0.007262526677937799,-0.00011278983271760161,0.00012799724532551958
10,128,123,508,-0.005376890832097341,0.0012165489604708333,0.0032547310628257497,0.004805836565708445,0.006360241489895247,0.009806694160454082,-0.010835005636764795,0.007034758827932382,9.383145477809024e-05,-0.0012306790276572974
10,8,124,38,-0.06271455703099812,-0.008452503810344483,0.03166343450149492,-0.01859394591122352,-0.045839314486528185,0.010382860062314474,0.03292517913713048,-0.0670015280766579,1.4429505073277147e-05,-0.005822737726080689
10,16,124,74,-0.02542051056850622,-0.00997001930694601,0.019869599867577706,-0.01209012952069272,-0.02588048865104099,0.007998973403973243,0.022147798799393714,-0.03207426998931529,-0.00010152877634625091,-0.0016958672616561726
10,32,124,132,-0.005169145042812922,0.009266340878767907,0.011725140806908545,0.0031625112954050518,-0.01830769617568466,-0.017073888893849757,0.011623076242662437,-0.011991436689326264,0.0005259328347584573,0.004136972459502966
10,64,124,362,-0.005709871086600869,-0.00011766962663615219,0.006036421207634539,-0.003286835639610458,-0.009496801688963325,-0.007680201977786767,0.006944653018089458,-0.009020322634788937,0.00035008117612590246,0.002890571342071601
10,128,124,746,-0.008754991284286686,0.0027666155479302724,0.007119376351523287,-0.005824744135578545,-0.007649441502180915,-0.005515127922099087,0.006245722032126333,-0.007959985831475737,0.00010315520672518462,0.001343095262928382
10,8,125,34,-0.0830354029800671,0.026785402545210578,-0.009322579497039107,0.010282454168710287,0.007467047310307361,-0.028324098158369032,-0.03286546596297232,-0.03528926092672728,0.001360913962884317,-0.004039388610840971
10,16,125,128,-0.11137274330682007,-0.010459633391582495,-0.021398567589083328,0.038542630506116914,0.029133319090104366,0.029315753883296287,-0.018001870723163307,0.010095109300586408,0.0006328131072622772,-0.008407974416342933
10,32,125,186,-0.07705582665852445,-0.004529885520510732,-0.008538191159510473,0.018464720480494957,0.01554964755950604,0.016958497890443573,-0.00047575397250375524,0.004041153314888224,0.0007064306529242855,-0.0038288576213271375
10,64,125,316,-0.039417001778703144,-0.003841539711643127,-0.004256826357692738,0.0033544815026082327,0.007410973571157198,0.006031878379640299,-0.005436578016270115,0.004394155818234052,0.0005283908692530424,-0.0026889414643851742
10,128,125,556,-0.015206209554368242,-0.007170446583990747,-0.008170055158567299,0.0019208082331756452,-0.001469160742131553,-0.006026030689069855,0.003754122814211532,-0.00236273156027863,0.0001004797440577994,-0.0021357527185095725
10,8,126,32,-0.014248926367836152,0.0005001679096520006,-0.019752455719023003,0.015603102432971963,0.00666179858738946,-0.0074085392553988605,0.007473324498923529,0.002867849043624883,0.0008548685600950562,0.0015946709835714611
10,16,126,66,-0.024199641810172985,-0.0016776221070312902,-0.012155502536061168,0.001553092004866676,-0.006098256145821532,-0.024309490426047374,0.0282967602481899,0.0017627864469801986,0.00039891676714759114,-0.0013094899249336722
10,32,126,124,-0.017171814726423946,0.001030470648623397,-0.0039959994314939535,-0.0009648012735205139,-0.002846423908672277,-0.007003485858639328,0.011596030720048516,0.003086868484950009,0.00012731167018157223,-0.0006256583305930023
10,64,126,274,-0.006706070496439809,-0.0017148220029958657,-0.0012414147142411542,0.003225884711711856,-0.00185755315623624,-0.0026419322346487866,0.004431603363922259,0.004050936858279999,0.00031780988147407326,-0.0011143153988516612
10,128,126,562,0.004398744858799056,-0.002242020891749319,-0.0019053990605672087,0.005783563010346519,0.0031941715245833056,0.00017128871874031452,0.000860670786357627,0.004327775612278324,9.625164045287576e-05,-0.0002927939104336984
10,8,127,30,-0.01355517806847117,0.009937178973926377,-0.03368759935605723,0.014380615395740967,0.021408277999159123,-0.05772308062910652,0.032441980931547716,-0.025175571548420827,-0.00030451958308901945,0.014663301062526187
10,16,127,64,-0.007525298520314434,0.008386992442583055,-0.012138822327535463,0.006759196327640554,0.0060161824109243875,-0.029527760829179746,0.01881943844142621,-0.01736198668640768,0.0002030999811354764,0.006611674166069305
10,32,127,134,0.02860064980524885,0.0032208665554649854,-0.014468147466507267,0.01339674399964408,0.020397206802021447,-0.01603502660483177,-0.0078049698960018015,-2.266963300326166e-06,0.0006647182600939796,0.005085736713971914
10,64,127,264,0.016633491089576097,0.0027428508560771374,-0.0022874937957108963,0.010284851925108692,0.0025747052776014935,-0.012650261446423602,-0.014541519872855324,0.011338017265832417,3.342805845306035e-05,0.009513108112299985
10,128,127,588,-0.01362899680482138,-0.0014557884043595727,0.0028890596177708313,-0.004038745532526349,0.0021491135014818697,-0.007508773697850578,-0.008576534420933387,0.005201322977188337,0.0001729840026900901,0.004028738122464031
10,8,128,32,-0.06585848001699433,0.05251523425445435,0.0442823956822754,-0.06381560181657883,-0.03512343854541599,-0.049716959512432164,0.06204934860642001,-0.034856983225364443,-0.00254319606843167,0.004120392102952992
10,16,128,62,-0.044680252810807425,0.03195760057097919,0.011624936113572557,-0.03721066156498058,-0.03002539765782806,-0.043888579551085875,0.03574890336964657,-0.014744640719215728,-0.0011107717184217739,0.003375079371335004
10,32,128,172,-0.03110970181853601,0.0037508174828581467,0.007509674578662313,-0.010758491220532115,-0.015230982301916525,-0.017398006618527587,0.00900211148050524,0.004610761830683008,-0.00041407532628634687,0.0010658492083231456
10,64,128,322,-0.018395511853634007,-0.0006509550119760421,0.004268699923080481,-0.007673037069084353,-0.012606544291284574,-0.001180891471488049,0.008487560989282376,0.007942801964339757,-0.0003613113271519843,-0.0014479437614270119
10,128,128,644,3.2736521584923106e-05,0.0015103270508628295,-0.0010377963485225371,-0.0002605582880952252,-0.0053164453219537115,0.005399170948434653,0.0021523948331494346,0.008444130880327786,-0.00024580013916679805,0.0008985205233600407
10,8,129,56,0.059925069823617484,-0.008372765557549032,0.011647954678513352,0.03211569204645174,-0.016676376458338388,-0.0015167696991447398,0.003230606866539311,0.04228298866255422,-0.0013493462664024409,0.0020403846988190748
10,16,129,86,0.05057550889575217,-0.006120191679497756,-0.0010524830754285533,0.01564032920278231,-0.02973419910640872,-0.023243024032067214,0.007531192175556205,0.012235323986137582,-0.00030378177820266066,0.0003371678760273871
10,32,129,152,0.04429063140723396,-0.0009325916825177184,-0.0065502028663308245,0.015845323098932832,-0.005904481757165303,-0.016784724232792262,0.002386695057763113,0.002313717252289152,0.0002281666866901775,0.004291743323901148
10,64,129,322,0.04156759425148099,0.0052345533251023655,0.009226472093235025,0.010004112225112766,-0.009223014718336208,-0.011712962904815409,0.00256145059092275,-0.009481329770010654,-0.0001190602955180445,0.0040441429567379065
10,128,129,720,0.01670405782375276,0.004980124357202595,0.006833290457470972,0.004981383655936461,-0.012920687500747534,-0.009055000912093705,0.012456972790310565,-0.010146897521003643,0.00036133354118770455,-0.0026283442644774203
10,8,130,32,-0.019204360949134337,-0.010132063343362056,-0.0031838673994914043,0.0017055220417002918,0.003993177323437218,-0.0045884084724657735,0.009615165718919311,-0.02787143348643433,-0.0005106559279186871,-0.0028183585725805294
10,16,130,80,0.004690989378298265,-0.0050656250511854845,-0.0012594308150177605,-0.008567200585163765,0.013732540986072255,4.578188464372373e-05,-0.005916827970786697,-0.002512383035122166,-0.0004999096350795023,0.0003594010418966759
10,32,130,148,0.006886385793076266,0.000582177509227322,0.008271305294518852,-0.012161607686885557,0.004266448794809217,0.006589293867544265,-0.0040836492485149855,-0.005186632752670269,-0.0002672354338082102,0.001287177983423846
10,64,130,260,0.0012706635157263874,-0.0014887677487623553,0.012275965560344956,-0.01268538134791052,0.004776051153604096,0.009790427198853771,-0.0024211342509691714,-0.004445852764237858,-0.0001768368684662604,-6.711789566626208e-05
10,128,130,584,0.0038270157503837734,-0.00847220196906982,0.003964937949512929,-0.005572736433745263,0.003977540073361088,-0.0072719020436344695,0.000745950346511247,-2.075813914958793e-05,-0.00014947533516711673,-0.0011096282971817513
10,8,131,26,0.013364974774775336,-0.005570348121331531,0.01707628937606414,0.024403806523963904,-0.0002674217157011061,0.03428481837886625,0.0023089078956923486,-0.014140119460700932,-0.001474576033432266,-0.008004128795564109
10,16,131,60,-0.00031708697905887223,-0.0035146805646762507,0.01573158975235469,0.01053097392752138,-0.0004118166120801339,0.02125777818980134,0.0036246797735647795,-0.010757113767164015,-0.0005286087549724007,-0.0037936675916357995
10,32,131,152,0.003505395149297065,0.0008887133395782897,0.007586290189142461,0.008474518944598048,0.0064587335849969965,0.01432778032490241,-0.000539931462876606,-0.005093331552901695,-0.00039554459707609555,-0.0007273668632084653
10,64,131,290,-0.019644923019443605,0.0053173782902613455,0.0019111052260280214,0.008031274352466634,0.013868831053084833,0.016965905320862815,-0.010761210903850207,-0.001588230543895268,0.0004276085423161367,0.0017119315094160504
10,128,131,550,-0.0002017649098536398,0.0034480289571644793,-0.001042484557654102,0.005599194954379585,0.012540148027862932,0.013577550587046943,-0.00805850821475123,-0.002601358713316479,0.00027102471370985903,0.0026768343711893084
10,8,132,30,0.026416798167555097,0.018826306191477463,0.0022950097571611374,0.012537730737831513,0.005334146887130461,-0.022371470194941533,-0.01655212671793832,-0.0011679983483599268,0.0009824563817906412,-0.0008884443523818476
10,16,132,82,0.025422990600420137,-0.0021130892674682553,-0.006923312586727773,0.023217353041050798,0.01397383443270223,-0.009373805439902455,-0.01570894997587265,-0.0028006940611406813,0.00019132585159499377,-0.003923065917568521
10,32,132,154,0.010893864192798515,-0.005723447401909304,0.004749968948786615,0.008697699158830856,0.010965794406765806,0.0042967996196117,-0.00464519517769753,-0.0011980680571850794,0.0001995294762694195,-0.0044828124043483145
10,64,132,298,-0.014009714432216484,-0.0019780781570799223,0.01154403817558454,0.004161656773209904,0.004622137771369341,0.0021242877927936258,-0.0027927516097537622,0.00491141291982413,-1.3815108445399806e-05,-0.0023184394153517134
10,128,132,626,0.005464509735124741,-0.0006089996996557214,0.010927761381939896,0.0019863208913780605,-4.4080352300775966e-05,0.001918402248530882,-0.002475931008166284,0.0010795481596249895,-0.00017935676605863385,0.0002773109683273927
10,8,133,30,-0.05726208697145114,-0.01132387314216566,-0.0017790799553367822,0.029745969021900097,0.03434233384376076,0.035433711795617384,-0.03590950694298227,0.002453670534389868,0.00011395145962372983,-0.0037289470766040723
10,16,133,132,-0.06264061675595908,-0.004555410036265561,-0.007088887844526416,0.019040457669742154,-0.005784670646577596,-0.006751491723479864,-0.013368575677005024,0.004431560010685482,0.001493885841010382,0.004242883655483459
10,32,133,186,-0.032362453229313456,-0.010712819986395377,-0.008346341786774545,-0.0011142075995014796,-0.014096193507560141,-0.012380797328307503,0.0031983305311376197,0.00767734158462405,0.000987421746333047,0.0012474532265244018
10,64,133,342,-0.012231095073331099,-0.0062187789028498195,-0.011458361059142405,0.0037096740900614024,0.004645956692738372,-0.0022617465370996922,-0.010289911276963336,0.00896845790496004,0.0005348465197758188,0.00024693808082520486
10,128,133,696,-0.013438173047354262,-0.005698334930766444,-0.005983639381815897,0.004545388018070175,-0.0011640496202120836,-0.002559660231482734,0.0004471212639815964,0.0003965107479178341,0.00031534611008361013,-0.00016622751908424487
10,8,134,38,-0.08877952844953345,0.028363566293779775,0.017115392298761002,0.002407390205859872,0.019938749612593377,-0.0007025641841789903,-0.01978120770203324,-0.016707435942411204,0.0023904249801591413,0.003057758930489008
10,16,134,78,-0.04697633827738042,0.014828374882713465,0.011126470832138538,0.002610209079884629,0.01417847223753189,-0.0010955220242388338,-0.015119823597971458,-0.004626373082237053,0.0011580717938343289,0.0010872019823901622
10,32,134,132,-0.027024542719138085,0.007849625193396745,0.00535259927308619,-0.0003308063046740005,0.010381675708258613,-0.002188183934693389,-0.007362816272564437,-0.0021540610073057694,0.0006604545517880268,0.0011360975528086794
10,64,134,346,-0.01068140874906364,0.00015397778940773237,0.004514575110359236,0.0016932661653402,0.006363525762978362,0.0014200893896933707,-0.008477326865394605,-0.0010617812219856908,0.00016496388212302747,9.632455367152912e-05
10,128,134,752,0.004094652397135359,0.003717803246051956,-0.008756406550819879,-0.0009031007270045884,0.0011305689286878581,0.000939238837335181,-9.894479394246798e-05,-0.017499867514638792,8.821551253016866e-05,-2.693453760517321e-06
10,8,135,40,0.06981307310477608,0.014782301675202048,0.023525309920065886,-0.04027024816698048,0.006396649524023373,0.027685740956063243,-0.007137224222120291,-0.017581495749908117,0.0013540329268761475,0.003650990598961303
10,16,135,134,0.02819632401471313,0.006581598223923724,0.016835121837821897,-0.02982860133624785,0.004387597522771279,0.02189211868047594,-0.005020366947374273,-0.0020564098212575424,0.0003456803190924202,0.0024657321019557993
10,32,135,188,0.012330046010914837,-0.0022376419608438575,0.013705518159988873,-0.026670421845136984,-0.007815612374907356,0.011736061406242166,0.008278690515536969,-0.0002674387552199162,0.0005292478104569462,-0.0026420495613267976
10,64,135,354,0.02897871508933507,-0.00023065648110458028,0.016697735717914917,-0.029232130554720247,-0.010801017852082432,0.005917946347394264,0.022892176392384257,-0.0005715235100364161,2.3760044993804658e-05,0.00347071117039331
10,128,135,646,0.021174842668962923,-0.00017478251513268356,0.012533112315215613,-0.020745429698052882,-0.012394799527008659,-0.0006829759501024538,0.02078552839197857,-0.0006657296889406042,7.696835509219923e-05,0.0017597040234947356
10,8,136,36,0.07165018930269187,0.0041093961225562,-0.016483404960703094,-0.033667775316070854,0.017507927714604996,0.04709632674417339,-0.014175923973083334,-0.031230171774425303,0.0015926459228942948,0.0014787029457094237
10,16,136,64,0.05314344759875246,0.005757961384851218,-0.018133426035661527,-0.02954613453213195,-0.013622354372622318,0.006592764690294979,0.021066610676782834,-0.03796976981939099,0.0007804623435174622,-0.0007798061152279211
10,32,136,120,0.03296527116681108,0.005721244010327066,-0.010851280822461463,-0.014278736669931694,-0.010688721966844067,0.0036969492971994913,0.013346564974290199,-0.019179168017070754,0.0004930549020847738,0.000387604993348274
10,64,136,258,0.00972232092249902,-0.0020850161643576532,-0.005894684562375273,-0.010004997753246437,-0.004094591728192998,0.0032908940808800903,0.008363195252083677,-0.005045923395216254,0.0002934592389922721,-0.00021425723030252112
10,128,136,560,-0.004040404152879344,0.0006430928952803643,-0.006999665201737579,-0.0040425770663175715,-0.00027274127382541103,-0.00028730294661176285,0.003972532769718173,0.001671548174816187,0.00029453712843526106,-0.000832522456700501
10,8,137,44,-0.023878770721921967,0.0031684811778179642,0.0068595678370100615,0.002374699021133621,-0.00170267549388704,-0.014248694516450493,-0.004562199669276326,0.01696748596727316,-0.0016688072855082269,-0.005355256263338944
10,16,137,76,-0.10121004964329242,-0.02148268967163242,-0.04780162128142446,0.04514877309906162,0.03248037568690544,-0.0037324636250821754,0.000588705874080554,-0.04113210507294446,0.0006470071995388144,-0.01366736835224165
10,32,137,142,-0.0629956437865744,-0.008167836887615328,-0.01344724103596305,0.02245134785373856,0.016355016743287654,0.005036668532145548,-0.0009957174223316897,-0.0299340703777381,-2.8385576345703564e-05,-0.00534725658324949
10,64,137,286,-0.030257116506750215,-0.00868040675235136,-0.005083176472928812,0.007641153099775676,0.01253885746613209,0.00015992681707722002,-0.0037508578485478646,-0.008373203435422439,-0.00025267305903809876,-0.00214777538822983
10,128,137,582,-0.005924003944704892,-0.005093499610952011,-0.005569448883434291,0.002963282682284902,0.0075670082975810545,0.0007972981250223925,0.0015410005952154553,-0.009238778837327878,-0.00032003218101327,-0.0011769379012111978
10,8,138,30,0.0020838785331100825,0.0006644050518467349,-0.004076754848656159,0.006854535446635479,-0.0072064098599410095,-0.007928456220086848,0.009942233860088205,-0.004074247680349472,0.00044843879995657364,-0.0010811679868385484
10,16,138,88,-0.014949248064853869,0.005485219152209552,0.008748482664257703,0.00041989355378635983,0.003266741963947642,0.003613005579185228,0.002185287826775661,-0.0031190612623781125,0.000875475417006653,-0.0002017621500104445
10,32,138,154,0.010141038893749897,0.0025142789761730686,0.0075386687008525514,-0.01341315606813241,-0.01272830171231741,-0.008950668644744218,0.014437869888306415,-0.014153111560585754,-0.0010321648084646612,-0.0008382749650546118
10,64,138,288,-0.008556429776773403,-0.00018432877783615425,-0.003719331499104289,-0.004307822277768027,-0.009615210812148613,-0.010520585957436254,0.020168078646417564,-0.004060376096995679,-0.0004224467200406565,-0.0007257155676935588
10,128,138,602,-0.0005285250448026618,-0.0019151202535758994,0.00019882134582865563,-0.004505917450415112,-0.006812141177864682,-0.0016084777667294793,0.010325087126737863,-0.007115997479591045,-0.00015516812818828867,-0.002288623579738174
10,8,139,34,0.013422813244712499,0.0050113335901025395,-0.008724122549728562,0.011325520989493382,0.009207319171285006,0.002249757117185349,-0.015571071269304576,0.015133475087893592,0.0005952914663841823,0.006700664142033154
10,16,139,136,0.01237089226770497,0.003448914116183068,-0.004420903236224496,0.004032736971647476,0.0029087711162853946,-0.002826415233353841,0.0007747191589482889,0.004581952437426252,0.0002633518527668711,0.00608029153415609
10,32,139,196,0.004834343641998742,0.0005921993737302227,0.002870421210277762,0.0007605912818983942,-0.0030674328845055553,0.0061166098840254625,0.006374458166065247,-0.003983665666106206,0.0002393500755382519,0.0021471764448314145
10,64,139,338,-0.013870935262721833,5.999754672308593e-05,0.0043152667134122935,-0.003459565374415171,-0.0076106266394035706,0.007263809963185702,0.0076687256448037255,-0.0017215743398149223,0.0002139323943914951,0.0004973643282623632
10,128,139,718,-0.008172559449462808,0.005935506342165942,0.0011989458924371683,-0.004210438074384224,-0.0015990594118407571,0.014832143845463823,0.007665976749777769,-0.010419918188884408,-0.0004109736337002456,-0.0004786266022496454
10,8,140,28,0.014277883518668861,0.003966871174391911,0.004108485475662116,-0.038013622317377344,-0.02728560280772336,0.03720913722585281,0.04011657676364083,-0.012995261077219593,-0.0007346786195194442,-0.0068487574580638295
10,16,140,66,0.02023319223592058,-0.0023774193242326862,0.005458520809530776,-0.023335255539509756,-0.030201315325700306,0.0057175030923194686,0.032223344624765414,-0.0039136903389311644,-0.00025887298872618724,-0.005785912465567068
10,32,140,142,-0.046601477427897865,0.006127814611777037,0.013600439671484825,-0.0002673099156174452,-0.02450481903632316,-0.006731054917821156,0.005369465552511215,0.0075242925289124695,0.0005573534741537759,-0.00680452361629762
10,64,140,312,-0.01991792231803023,0.00020642852752018114,0.005278757513672199,-0.003104977879866664,-0.009444400478112057,-0.010464760978051851,0.0007209456613791421,0.005134620213622657,0.00042091251862754375,-0.0024057318051662695
10,128,140,684,-0.01544668432165859,0.00034934153238027124,0.010025152587447588,-0.0031952702560412534,-0.007814938841524701,-0.003699229099288692,-0.0018182643717567129,0.007803898621994426,0.00044406592709594087,-0.00231820992960704
10,8,141,28,0.05507101332935367,0.0062465534414774876,-0.004093057606415958,-0.037009333662678674,0.014368801836288168,0.0006999207902869029,0.0005258412354051144,-0.0022406560404690246,0.00159989366671305,0.005243820971884495
10,16,141,64,0.02915932086349239,0.003739679621889141,-0.0015782080848281525,-0.022945312470802406,0.00896125105161097,0.0015983214761206262,-0.0003911600908991578,0.0002401725224706959,0.0006707301627216162,0.0019583615833045744
10,32,141,154,0.008296908793557763,-0.0003700019626704799,0.000480370145873928,-0.00968138213085294,0.0027959605311103797,0.0008292704071826515,0.006083966347864673,0.0024396958374794217,3.9514354350581445e-05,0.0007388235346417725
10,64,141,292,0.017926164005593093,0.00036900166511665927,0.006150960208308586,-0.0034985045824510136,0.004557535715125771,0.002883300123794829,0.005980135628064441,-0.0012697880493004732,-9.694694166624862e-05,0.0020071685956873147
10,128,141,612,0.02511201313076511,0.0022650123177923275,-0.0014940871202414115,-0.0004600968492127954,0.0050003621761455855,0.0026068286938107942,0.0003144962676721701,-0.000668300787444916,-0.0005662601076176738,0.00019508499627728126
10,8,142,88,0.0006651093131101113,0.013393805153587336,0.005599767116712442,0.0032980212605389515,-0.007685843167547693,-0.015841104787809177,0.01461805217288088,0.012031955245652341,-0.0018498801792280056,-0.00394484890203776
10,16,142,124,-0.001775424652782876,0.0012176891906041504,0.010808252698239925,-0.006356584489927838,-0.0057677023875205855,0.0045366081871277796,0.017993989671643184,-0.003608565063532819,-0.0008248786546828369,-4.2558675598784214e-05
10,32,142,204,-0.00029349839126394225,-0.004469809113368475,0.00019634416141061875,-3.1780318014599975e-05,0.00016867185745075828,0.007537221858205608,0.01177386398280792,-0.005442961304628893,-0.0006141670056081595,0.0002733233770613604
10,64,142,352,0.012712054849463356,0.0021942541251674503,0.004889705297273902,0.000776272076037041,-0.00020272259382693138,0.016234866928659678,0.005320663371784948,0.004971880880372091,-0.00011856481694003518,0.0033255431252525096
10,128,142,642,-0.0030202697562954593,0.0025469746810936086,0.0026864306234741404,-0.007447156895853858,-0.001483387688970705,0.014266591253146936,0.003802801551441702,0.00018401411653490898,-6.750140903645464e-05,0.0012463172996556033
10,8,143,34,-0.011688235829850669,0.004714251801774819,-0.004159671664809536,0.005397092014494031,0.01853818450593247,0.011729648272023963,-0.008849002158285869,0.005353034960397314,0.00020047248711441257,0.00043308811607511944
10,16,143,82,-0.005777569444817183,0.005233924580872268,-0.0038986571280965714,0.004455385504399169,0.002550638090342614,0.0018735519514576108,-0.001300607774472177,-0.0006080851187194787,-6.985145716176625e-05,0.0007055102328091954
10,32,143,154,-0.004376204806928328,6.388106421400532e-05,0.02135714001806923,-0.018179634963819198,-0.02370173763938642,-0.015550035117534618,0.02326193379355133,-0.003260338177380704,0.00031351296068755333,-0.0012624547262098471
10,64,143,286,-0.003122755184736891,-0.003521895634583853,0.005847189914261657,-0.0018015600700874866,-0.020952708472524555,-0.021170101503046896,0.0181906795245314,-0.01184473416791356,0.00011913024172725294,-0.0024270777343232044
10,128,143,590,-0.00881888698077878,-0.0026815818240037313,-0.0017964428146887324,0.003031229126324785,-0.008839722732554952,-0.014548814349441934,0.004785592541528028,-0.005024816993056594,-0.00013931017211026757,-0.002113721351411194
10,8,144,40,0.018408401949893672,-0.006981524083593353,0.0031279774456242078,-0.010310775551543357,0.029068852507492297,0.01032819295396131,-0.01669461064773164,0.018208944653273693,-0.00020716921619825808,-0.009319815639655825
10,16,144,74,0.006600654236040398,-0.0035679594647170672,0.01175009694798533,-0.0015858800024156298,0.015525513741635272,-0.002408968507398139,-0.009883599979138399,0.016243824420113066,-0.0002709325656041191,-0.004131908211836438
10,32,144,190,-0.0007147404261695903,-0.002364243656536998,0.003625617198447655,-0.004402574465278995,0.008614102507059566,0.001869220245574025,-0.004977353190673986,0.008456927735048286,-1.5100932028619685e-05,-0.0023573279410239265
10,64,144,356,0.0063641125466132875,0.0010815176784987703,-0.017133235572307122,0.0034691059152275596,0.022910662442018056,0.0030117900527802843,-0.019312769259647113,0.017532602368843353,0.00040667634397042616,0.001538448331221782
10,128,144,666,0.024573736742106438,-0.004970770281884817,-0.012264930365725773,0.00026577537680658793,0.014682756858195097,0.0035811301982405933,-0.011372203819637649,0.009694997860720294,-3.7561596637475985e-05,-0.0003948620447704979
10,8,145,32,0.01900366109318856,0.015777330009274,-0.014525732756412505,0.03600963593999726,0.03905146442569342,0.05229533039955364,-0.03561375937762292,-4.4764988666149546e-05,-0.00015285618110862407,0.0008909918661878027
10,16,145,120,0.02317479271542662,0.014614721108752383,0.007929215102597066,0.010658374310845566,0.008011102328991649,0.015341845409545229,-0.013498690150406702,-0.00015920731914704134,-0.0004914483703952297,0.0020719709487872265
10,32,145,212,0.02412949520841005,0.008321056785128365,-0.0019261347533741707,0.006763171271166168,0.002695905903641738,0.000590972553683438,-0.0028049471258325223,-0.0017826189688557004,-0.0001857975720980308,0.0022669425033360192
10,64,145,368,0.014930539250974218,0.0010645953193899715,0.002264202885046202,-0.0036397630144345884,-0.0014992101815855356,0.0019431243724245873,0.003059783921901279,-0.004538905767010032,1.3324897373742504e-06,0.0023286888322824706
10,128,145,718,0.01785895139707078,0.004480829661331645,0.0021646195079469055,-0.007436758422071147,0.0005188705102383689,0.0014435056561174853,0.00763527090880946,-0.010483293536623485,0.00020837366527465327,0.0018733893384090012
10,8,146,36,0.007692994428321949,0.01360068343562488,0.004718777914678101,-0.012076469810206564,-0.01518391930308871,-0.006135021398705184,0.00562654651708747,0.02173918911719798,-0.0009129315154924726,6.439014311112224e-05
10,16,146,70,0.004031023598770112,0.00895681785887693,-0.001223785216532914,0.0050333768286699564,-0.024619207874160515,-0.014606670514329696,0.003512164943804274,0.02785756904920456,7.547136126063069e-06,-0.0008541272802301929
10,32,146,160,-0.019818169931670397,0.00538559701809311,-0.0035200724090341754,0.0021390989166187187,-0.011598721505056718,-0.008765925800726423,0.0017131693096149037,0.012179489442544066,0.00012970621877851852,-0.0009696540034784997
10,64,146,324,-0.002466691995832158,0.006675916469496379,-0.0026266721527696095,0.00317624314097238,-0.0018367300525727048,-0.0031692429580113856,-0.0023123729197631255,0.008631026573873497,0.0002491354306432037,4.0287604548163885e-05
10,128,146,616,0.00626450635074559,0.0010557275129623568,0.0016024818219788157,0.0014918771935664402,-0.0018671162301732908,-0.0013261255716839834,-0.0001550468054434428,0.00320273914417091,0.00015139910177512894,-0.00043520011058499896
10,8,147,30,0.12424260232103927,0.014023902022105012,-0.007743810281749048,0.0028787450642194477,0.019125742277261826,0.026209485910105225,-0.018822627505532114,0.014717280706099753,0.0032799689203498027,0.007247305610908637
10,16,147,66,0.033467981783349296,0.009899156865663233,0.00924650973150569,-0.041972381508850624,0.012928672914827197,0.030965494728241963,-0.02621522622404517,0.04865926281725402,0.0013751173263829104,0.005688795249855615
10,32,147,158,0.019134576257267295,0.0031681958860130606,0.010524937259877822,-0.022052515521557396,0.008812131560001215,0.020394176981795784,-0.012937064982214355,0.03142280855060272,0.0008592000095632205,0.0010164405532322957
10,64,147,298,0.013098810790529243,0.011390187430408105,0.0005387021231518385,-0.009479332030413002,0.006754506432317016,0.007343979285319584,-0.010387268279585254,0.01457404602705793,0.001047103983890435,0.006243218891944252
10,128,147,664,0.010393897881032609,0.005189230677624454,-0.001061809101702146,-0.009391795386414752,0.009305475756281042,0.007135038729834098,-0.009296262785531658,0.006574526330571238,0.00048555328332435557,0.0029178053181817152
10,8,148,32,0.14290589976702117,-0.009955946145307428,-0.01728105168406404,-0.025809364940823087,0.03422169053738755,0.005082549826473806,-0.01979814799533332,0.006195422786068247,0.000863551838800004,-0.0005976737559505077
10,16,148,70,0.06754884190902934,-0.0060819303537863285,-0.0032043444440355185,-0.009693744558387922,0.013340019149572623,0.0019373924369326346,-0.008921785469107024,0.006718553176907919,0.0005666447196609361,8.678094872484777e-05
10,32,148,124,0.007342597079351185,-0.0050376420594557825,-0.005019189993088156,0.006254759131917099,0.0020766736061535425,-0.008398641307780176,-0.008469759650192149,0.00047781721319077586,-0.0002499098888761456,-0.0010952192989755049
10,64,148,250,-0.003792488829669153,-0.010092759634211657,-0.002543191863476583,0.01203761243606123,0.0025006781979957354,0.002667920068561742,-0.014221820332411872,-0.003977089900954225,-0.00035005285687894416,-0.004765932140615514
10,128,148,624,-0.0027764471753286184,-0.00585962166362126,0.00046933432550359794,0.005465749525268379,-0.004869395440906602,-6.858090837688873e-05,-0.005085258491967195,-0.002451523841128399,0.0001033887301000416,-0.0026653413274031665
10,8,149,38,-0.015923132985922305,0.005568132533071525,-0.006176989969913402,-0.003268774089970654,0.007890242193258021,0.03735182729849158,0.01298545713955602,-0.009499045354927531,-0.0005514278667574261,0.000951284970764948
10,16,149,64,0.016683289347043363,0.010121922177674438,-0.002929569928746626,-0.00253693119425192,0.0014690711969119006,0.025431249424898952,0.006898130074900864,-0.00038807319822001534,-0.000664140684582321,-0.00013981626652744285
10,32,149,158,0.02000509087665875,0.006633723550307452,-0.005658766634309406,0.0025423644478316317,0.006789006735390227,0.01531201190863687,0.0006395487814967594,-0.0013063047554231469,-0.0001832136311843906,0.000662835413545045
10,64,149,334,0.018626182758128287,0.006675097573608428,-0.0027850935958661296,0.010876666640948888,0.009860142803591545,0.006353352530703803,-0.010798539266971706,0.006692253409230163,-0.00011605766038983558,-5.802524180671879e-05
10,128,149,634,0.010824980362690226,-0.001297316136554307,-0.006398099263622593,0.005605277475727576,0.005193059815822057,0.0020791470917359764,-0.0060821031098943455,0.008662527513238639,-7.371475555055504e-05,-0.0010152659156469012
10,8,150,28,0.043196517796100606,0.04085881307686457,0.0065704988986902465,0.02020327823558954,-0.05861454982086249,-0.01586781296881538,0.09021683049478231,-0.08641679489204547,0.0012498699352654396,0.013197856300527108
10,16,150,66,0.027950663292470136,0.0287434235264331,-0.005352847354483465,0.018742671875664006,-0.014825580365284821,-0.0166985391223783,0.05034238640596515,-0.06044000454552272,0.0009029469056877676,0.009728198180706119
10,32,150,126,0.008136335297057363,0.016274375121694176,-0.00026339938102376776,0.007720500448666362,-0.0015116769383766437,-0.0001944648866499157,0.02488249834505387,-0.03135904550701012,0.0006013467313159277,0.004820996997618901
10,64,150,354,0.007913863353493504,0.012126341021235332,0.0009281736822844458,0.002256513272399856,-0.005415851796737416,0.012415540341262826,0.011311911527970472,-0.018216351083171916,0.0006610273551037578,0.009345599058184705
10,128,150,650,0.0221174911275243,0.006574939235442756,0.008431637818532987,0.0005906697204243833,0.0004963751482415616,0.008876819553906748,0.013006782449825557,-0.020533829886274287,0.0004859075956604603,0.005035000827712776
10,8,151,26,0.02913267870849625,-0.005157709591617694,-0.032547241770538846,-0.0015536666639186115,-0.015858049931286304,-0.04936629691708817,0.023968198395732956,0.00636723871080991,-0.0008850506126156088,0.0006545605565338822
10,16,151,82,0.00042950951652750383,-0.006871513145607449,-0.023096308704891322,0.013574654851457271,0.003703566865710213,-0.01910204094893631,0.003470703184855621,0.0008136171374137287,-3.263865535667836e-05,-0.0021245225747028337
10,32,151,140,-0.048993737695513156,-0.0074259319975685245,-0.023837486149526077,0.01813179719620759,0.007917447012302823,0.020189978477450982,0.0160702877529643,0.006832762952870104,0.0009128374605579177,-0.005167207639818593
10,64,151,276,-0.04695749453930766,-0.009473576834413534,-0.018723408698128493,0.010962101370357472,0.007807933151955442,0.004987881629352035,0.008112763227888032,-0.0012138936333318511,0.0007493114778744065,-0.005495301500355103
10,128,151,590,-0.023951478715801555,-0.004237048683396211,-0.012197685512468207,0.011805893767455708,0.0018583332571063694,-0.0032863354353470627,0.003048036334605414,0.0030906061742229283,0.0002182534084325382,-0.0019107854858298615
10,8,152,60,-0.019985022554563116,0.0038448414502551573,0.007522626391098176,-0.003009539522530962,-0.03271985857977473,-0.018408364773556014,0.022621719248319544,-0.01580920174419157,-0.0008279657380428632,-0.0073017858477595916
10,16,152,90,-0.012003838922301762,-0.0046091523584524076,-0.003598034044740274,-0.005904125212984914,-0.008167268939132924,-0.009738044359015348,0.0066774855770263715,-0.004788498386133492,-0.00040505097599001966,-0.007701163976091644
10,32,152,166,0.01067948165590982,-0.003143211673564744,-0.023968609856484194,0.019987196914519216,0.0038193382055064793,-0.017612261325828854,-0.0011806878773236564,-0.01772316377848053,-0.00027384243933654056,-0.0023635789052533543
10,64,152,310,0.011813366693970937,-0.001595929456499313,-0.011243592192410019,0.010367658776858833,-0.0003354805139978048,-0.00842374040010336,0.0027562785981856456,-0.012244840282864006,-0.0001920805058214169,-0.0010127808489978926
10,128,152,578,0.002500397843807284,0.0030835749072338336,-0.00269665583218762,0.008299708663065487,-0.006613857964514756,-0.01460008518218342,0.005848611756564266,-0.005127525081655154,-7.212115796695471e-05,0.0021424667489205345
10,8,153,40,-0.0022151928626215414,0.009185530853480246,-0.01768952426610572,-0.0026592943160768526,-0.0012670427779270304,0.013168251382029462,0.01262426710205914,-0.0030197960964034004,-2.4738272414716235e-05,-0.001063651589333769
10,16,153,74,0.019268341689145794,0.009975437366761748,-0.017722455879723584,0.0013466618607409946,0.0023362893963650645,0.007333623356328931,0.005727664336604424,-0.004072783563915262,-0.00015489347600470977,0.0020663425935533277
10,32,153,138,0.019277441343035544,0.008145382229219983,-0.00195377496092613,0.00035818490081643213,-0.006523545619880292,-0.0014623125748557955,0.009608327682624292,-0.0066855824434636545,0.00029871560090127423,-0.0014731635424356383
10,64,153,280,0.013736100081856988,0.003033031220063261,-0.008853589987018974,0.0029422006729990444,0.005512150189775027,-0.0008257012526153447,-1.5174869880478753e-06,-0.0035685250156615635,-0.00031623659076051533,-0.0015814228016996622
10,128,153,588,-0.0022363504007996975,0.0004959433254850718,-0.006006085271919072,0.008002646246408823,0.0046834322462233,0.003301562849802946,-0.00016305988356386686,-0.004052527684800816,6.439723895779054e-05,-0.0024729995950434655
10,8,154,30,0.02353044708181459,0.010618774421720937,0.002858245331183221,-0.0105873230567535,-0.01760396901059984,0.013121709457122424,0.017165196515755998,0.005971480195933711,-0.0005611914011958435,0.0011075225211326415
10,16,154,72,-0.005897868099866094,0.0042600347660687035,-0.011764810246675573,6.447695617180075e-05,-0.006381331120590486,-0.0001370421741719377,0.002381471118317229,0.0011486744028255341,-0.0001704557688766106,0.0011282459991368897
10,32,154,134,-0.03226525429262789,0.002388922418785034,-0.0010381846400456174,0.008860040181853426,-0.01517206891461675,0.010810203130682514,0.009986759490905982,-0.006917356594483494,0.0004253194370791047,-0.0022490692167582566
10,64,154,266,0.004363133011251798,0.004971368449439658,0.002895906446810862,0.0002531990135338536,-0.0035602372238313367,0.011172056242424528,0.003435087219149288,-0.0019889617943019593,-0.00012184474951682189,-0.0009502918969533958
10,128,154,554,0.014548914079312135,0.004931906828414402,0.009501645067380675,-0.002238071135631394,-0.005140302191662183,0.012352038019249697,0.007494837694575188,-0.0063025622995357,1.6488939041986645e-05,0.000930600399875541
10,8,155,26,-0.008889729909804066,0.005378781253101205,0.00036977316809934304,-0.01668600513073329,0.0008826937974883293,-0.003211478021825275,0.0006425107620463212,0.0004615626925059655,-0.00019340054369775992,0.001171547749160566
10,16,155,56,-0.06914886964761825,0.008827548400177878,-0.005455847462236995,0.04241540911021171,-0.019470258629444948,-0.03196746985689046,0.0075668010977844105,-0.0020116383156296535,-0.00024774678621614175,0.014357249946596685
10,32,155,122,-0.0349744375668448,0.006592786457534701,0.00046272052618001125,0.01771850167169732,-0.01159445600778695,-0.01616085376367565,0.008663569637719033,-0.00017053538925881169,-0.0001856275481725117,0.006515417348006664
10,64,155,262,-0.0125017892036878,0.0021882155036431453,-0.0027432825493092046,0.009766575271223652,-0.008066959469186279,-0.013383752127681144,0.0075036882737039515,-0.009132061103432239,-7.027970503946621e-06,0.004609159727919336
10,128,155,624,-0.011691164129910107,0.0014726650520244812,0.002164571344467287,0.000946509890151499,-0.009730226761192014,-0.005832609929581241,0.011601935996987002,-0.00019002278147741157,0.00014072200325329152,0.002919206235782393
10,8,156,66,0.01310095869568027,0.003789233207079141,-0.020312396534552087,-0.005751856806212433,-0.007145886439608345,-0.01403577722704006,0.018795779156995943,-0.01999706323169564,0.0009770076599724294,0.005426386578873822
10,16,156,96,0.02472847678949495,0.002430942546687126,-0.007354972486013786,-0.007090071485450183,0.007768674998556373,-0.00805126610301048,0.0011565249574319453,-0.011551298490741144,0.0008644290955775113,0.0011619395914275184
10,32,156,150,0.012015347353190143,0.002495373535199756,-0.001957895548790288,-0.011442221763564858,-0.0026870964359765165,-0.004505576430617352,0.005895477038567741,-0.006263890602007024,0.0003930071600696126,0.0009673200331850676
10,64,156,278,0.002698833468209698,0.003140426760660388,0.0004076116391502759,-0.007957005357094975,-0.005320051269666235,0.0022191832819682157,0.010166365495600632,-0.01042682750373157,0.0007500111043986098,0.0005940976616637416
10,128,156,652,-0.0021906950354915883,0.0032707267669216064,0.003591127655545927,-0.003785195438219698,-0.001123692634174367,0.0018880636470297385,0.005553632507141322,-0.0063955633300109655,0.0004975751244103712,0.000909531104179335
10,8,157,32,-0.002611640167414603,0.003571901398363115,0.003797261915631257,0.010833806864094329,0.0005440042847893031,0.015439999822548664,-0.002612168370182344,-0.002410287852493108,-0.00017847859839236,0.003157143656189214
10,16,157,66,-0.07329251068580671,-0.00939356580615259,0.0028953585279800497,0.007677965283374375,0.018983939900094813,-0.005060732419586983,-0.03992310805381806,0.02242402455914274,-0.0005122138670023659,-0.0008867274000485637
10,32,157,160,-0.042444057812773925,-0.007284267607357814,0.0007972394419484606,0.0026931772115215452,0.006486723385911152,-0.009139098868447649,-0.014761807018545056,0.010399450842007031,-0.00014356546135233487,-0.0009402089146358843
10,64,157,334,-0.016569750031465026,-0.0036488782786150333,-0.0031030339441810405,0.001801516470515528,-0.0036239549402379456,-0.018372759647897224,0.001646222445351593,0.003760449742539503,-5.251545203544788e-05,0.002645202832443542
10,128,157,686,-0.005956495808154143,-0.003288346469032119,-0.002382816826781093,0.008533591216275975,0.0004009523873611513,-0.0029447067291525934,-0.004181645906451667,0.005812039911289889,0.00014965196447091198,0.0005843523035805172
10,8,158,36,-0.006598655245057731,0.0017499785013181145,0.008898467517527911,-0.007287184397461203,-0.028951771145445542,-0.008796375070585545,0.02676754791877504,-0.003792544733882906,-0.000684149590939939,-0.002789359783835572
10,16,158,68,0.0015347244111342576,0.0005541576103185732,0.0006746454801453433,0.0019794842271145946,-0.011300238709704452,0.0019380549637553635,0.012121317301005295,-0.002742701467413668,-0.0002818250613456228,-0.0008002861108600784
10,32,158,124,0.0031986501356203404,0.00013455572200980585,0.0013997807346498694,0.0011006529406862448,-0.0030046494754961935,-0.0017067325955575545,0.005609175310073357,-0.0024928894197728296,-0.00013076480631234058,-0.00030653973636619766
10,64,158,240,-0.0056968946002368395,-0.0036850014286817726,0.0012226271772604559,0.005388443059436256,-0.007256587439879926,0.0009479385918402372,-0.005732474014238205,0.0020273108892240525,2.3215613782313803e-05,4.077766481816293e-05
10,128,158,520,0.0081314307925508,-0.0019214530950038174,0.0006306606969490168,0.004789905941707456,-0.004780498562350728,-0.0014719158034184228,-0.0036936914427427173,0.0008088129133420156,-0.00012796103104922664,0.00030440787817437927
10,8,159,34,0.015026835256222799,-0.009946665716518211,-0.03961046429620383,0.01584266349194211,0.02623299683406686,-0.0007675299108817158,0.008557707072595165,-0.01149611460523583,0.0005653458478707503,0.0018049568104579368
10,16,159,78,0.08179916112436403,-0.013791075287497083,-0.01662195221100113,-0.008084813172852886,0.010481067543205288,-0.01254990536655334,0.017318153818239316,-0.011967618389937365,0.0008239022383130156,0.00873773856439918
10,32,159,170,0.045988098415858894,-0.0022840206664590775,-0.018039083074348913,-0.004448384859458403,-0.01655521209352453,-0.013854601944394435,0.030256471902713047,-0.008969761128319272,0.00018718083510670908,0.008871318580911202
10,64,159,306,0.024808316835582624,-0.0017219153106612607,-0.011525312549124315,0.004752647499571079,0.0007966391029349136,-0.006796227480547557,0.012345642407637435,-0.012981745470042768,0.00015282771239732455,0.003993978220109214
10,128,159,594,0.009258620189536944,0.0025373322636044345,-0.013201187283363522,0.009227550482328034,0.0017384349687823014,-0.010353903755114526,0.005663086178777283,-0.009620656526423183,-3.301659916426706e-05,0.0029363708710232334
10,8,160,34,-0.01711959136717419,0.012332658885204696,-0.0025067810942948267,0.01641594806188739,0.027216551548368457,-0.024285515356718496,0.002609513000407288,0.047473918677824536,1.1193838147374427e-06,-0.0037952062546597718
10,16,160,66,-0.02758061481806491,0.008329950054322938,5.5669142071572766e-05,0.011881835601984707,0.012206070730986606,-0.015492151212713304,-0.001173395286823867,0.03250908744276203,-6.937571487116142e-05,-0.0012358590076474046
10,32,160,134,-0.013945685852322295,0.007075397078846867,0.0003453657179816734,0.006106812999732373,0.014368450877284078,0.004392000133118024,-0.008799264771684176,0.00959634971591416,-0.00044074195487240096,-0.005519421770442719
10,64,160,358,-0.02803077930621138,0.002050694939750045,0.001376775129432834,0.0018379909264985706,0.007946850341579152,-0.003436644134385665,-0.0010602787342123463,0.004561604095978566,-0.00043796336075437037,-0.004216472567819232
10,128,160,640,-0.00998267630955476,0.0024226863045707994,-0.0015378622962868627,0.004189386141799811,0.00224470310503087,-0.008038269029882247,0.0005641900888931337,0.0033424223006592924,-0.0002851898095996718,-0.0017099709976330522
10,8,161,32,-0.21101896337152204,-0.025747981511536955,0.028551643021644188,0.12008267356702157,0.016004782866174627,-0.08285596201363542,0.02946203033696765,-0.05987970766347549,-0.000958324897857768,-0.018007628573943123
10,16,161,70,-0.07949839003240128,-0.016623810007805124,0.010041635738059568,0.07793517260423044,0.0020635570927026213,-0.05011267132206795,0.021036214277175457,-0.0297675972277831,-0.00031579327343730375,-0.011587428415152678
10,32,161,184,-0.03966409764559648,-0.012223068812314872,0.01918913033708585,0.025373042069915603,-0.029102478525730058,-0.032560741127436614,0.03349719587153216,-0.010133760399888544,-1.2806396422906504e-05,-0.007936736050792583
10,64,161,340,-0.017384534822954715,-0.004713569646952586,0.005258049639067487,0.016935960481386944,-0.011700036539896382,-0.01647344186238861,0.013461530722474805,-0.0018858794072807716,3.464756675842635e-05,-0.0032825583696240693
10,128,161,664,0.0032885988358182547,-0.001814528598967208,0.00851515983681066,0.00450540804647185,-0.009487779854374809,-0.005940359222608051,0.00557689329220255,0.005498865722524912,0.0002145543551886952,-4.919160849695733e-05
10,8,162,24,0.004763485583695368,0.00356635996363531,-0.005660220827217246,0.004441209181057452,0.0028002384417069623,-0.0041585135814104085,-0.0028724412185987267,0.001507770911378591,-0.00023990839479888954,-0.0013113346471139461
10,16,162,54,-0.025618700993444474,-0.01812555730963673,0.01764440703314358,-0.021966207117287282,-0.008152186518240415,-0.010956240339769323,0.0004600943710226604,-0.00014911281562672617,0.0003434226946961635,-0.001928636181207254
10,32,162,156,-0.028069794137619047,-0.008748533187051521,0.006981280068114062,-0.009996229420774442,-0.009567327005520317,-0.012782385217494474,0.00592164623224084,-0.00915710964345256,0.0003176313862333554,-0.0009961596879361967
10,64,162,338,-0.0014847508762943864,-0.003366656368510552,0.005882210114793303,-0.0018190877457094168,0.005078553041960826,-0.0024915798296472405,-0.005757029250958115,0.00047031648982104205,0.0005368784429060638,-0.0010743084447073605
10,128,162,630,0.00035230398219933574,0.0046622700348831975,0.011492587583068637,-0.007863609693684498,-0.0015454334480483705,-0.003999780132026654,0.009473434465813836,-0.013832128855112898,0.00010072248609813039,-0.0001483365958059902
10,8,163,26,0.009823131201422301,-0.00016575125116577495,0.003746737262628997,0.0018449249900574067,0.0016844379707185173,0.005190990778683756,0.002815514636297701,-0.0042219492762422,4.9108716473501944e-05,0.0004513321911577789
10,16,163,62,0.017277702424962165,0.007904417559330327,-0.0013225482833695702,0.029858469539725725,-0.013333419737567315,0.020075899252868713,0.023604679695883125,-0.0012797602772049517,0.0007582619454546622,0.007060750244276379
10,32,163,134,0.03059812680900493,0.00873709639239759,-0.008031304492034139,0.0034770233602510383,-0.009014807879273775,0.012210868692153019,0.016377102758570974,-0.006302582275848449,-9.237076431075101e-05,0.004339405242132129
10,64,163,286,0.012754156624732029,0.005163219937579692,-0.008952921058226215,0.004564069584702211,-0.002971467210284805,0.009461274963762872,0.004397770065075827,-0.004156142498727088,-9.783347104535562e-05,0.003494207623369492
10,128,163,642,0.014762323498348166,0.0007537178476380168,-0.004185683542771996,0.003186160844896955,-0.001604844839996835,0.004187981720131785,-0.0006687761435082537,0.0012245242804049922,-8.480165258792907e-05,0.000980566952489808
10,8,164,72,0.03212887134253184,8.336346845551413e-05,0.0077180896496328545,-0.012646488085211974,-0.0005262809622758165,0.0024648054294082555,0.000473273760584106,0.005393341487840156,0.00026380196104977305,0.0010659297739104038
10,16,164,106,-0.03798007467608881,-0.006174777245701029,-0.021697652587145448,-0.003183213658891833,0.029428429600751718,0.008487259875280805,-0.032137829091428004,0.02215920081666756,0.000573089576869081,-0.0003014747290949202
10,32,164,186,-0.029041037593530373,-0.0014134531383227329,-0.013602055600934821,0.001831428960461685,0.02239913323372829,0.0112634425882706,-0.023116778097014217,0.012980249846650601,0.0006306420306291191,0.0009616268359860817
10,64,164,314,-0.003081634101315003,0.0016066925636130623,-0.004966203379677185,-0.0009318676401927153,0.006986567323894185,0.0009923566372310392,-0.007917764372529426,0.0029789701536415596,0.00046678934657838205,0.0016226792380338861
10,128,164,638,0.0034645643155952967,0.0004317363252213326,-0.004439785913420207,7.491976710376935e-05,0.009254337417373072,-0.002469399535220833,-0.006710347815501252,-0.0011897316339148345,0.0002320880367819372,0.0004477230628401117
10,8,165,38,-0.012573189446931563,-0.008373222508364375,0.017152090808922747,-0.01732099860799769,-0.017514883101351898,-0.0011869827069489278,-0.002714694632328836,0.03518934653734408,-0.0003340130892912098,-0.0030258584714238437
10,16,165,86,0.009861510562455194,-0.006056055263869393,0.013383079859757197,-0.006363145460007764,-0.005401889018117451,0.0011377264951422915,-0.0024427767088085342,0.020429895815100397,-0.0004647748110977056,-0.0013662673286636774
10,32,165,162,-0.019178012843939028,-0.01175789624710228,0.010444532013204846,-0.00544794255071253,-0.00456154584363255,-0.0017622746483109688,-0.002779037165373761,0.01674731909337079,-0.0002595227515855909,-0.002186470822381809
10,64,165,354,-0.018690012392238803,-0.007695522660427787,0.005636448476278286,-0.005859115137778037,-0.00851906682429006,0.006964877301489079,0.002616357571137966,0.01710626569516037,-0.0005677661668703697,0.00451376368366475
10,128,165,652,-0.009802286050287773,0.0006045741615503221,0.003270146352835896,-0.0002640863623336221,-0.010515685826831848,0.004587383877919237,0.009915607672066071,0.0014460791397549796,-4.044940747903883e-05,0.0044953973680864215
10,8,166,48,0.0008822182216158443,-0.008206647032992592,0.00019003036600369078,-0.020557689243902295,-0.012472984047768396,0.05813461910851179,0.02980184028419448,-0.047881207384896374,2.689582644227435e-06,0.003313293115583901
10,16,166,82,0.011389992598108965,-0.009745156601950753,7.116711286760181e-05,-0.011107942899691949,0.004462585198492613,0.034249272450918966,0.0032467182901406047,-0.017101297586368486,-0.00010098548311518987,-0.000222022534832314
10,32,166,134,0.015000000410892217,-0.010508659046140238,-0.008639996945573786,0.0068484642911797265,0.009975425226811876,0.011455007591277842,-0.0007482420589242438,-0.012193339555353174,-0.0003293308003839435,-0.0024362257757793797
10,64,166,314,0.014085056871036854,-0.006158875178927417,-0.005130596038091115,0.012303560057534867,-0.005509186384444013,-0.007040598541261564,0.013614923574319315,-0.009187256450839303,6.523001517328878e-05,0.0005548082582583987
10,128,166,576,0.003670898791676367,-0.0025564932826732797,-0.00569427158943046,0.010513868802857458,-0.0036841849381372277,-0.006207395916892443,0.009026227130340255,-0.006260782738471766,-0.0002406561579226761,0.0023381908857732494
10,8,167,32,0.03149311145672859,0.010708327569014695,0.005873009143198411,0.011718310444290163,0.017066417996428985,0.027974061990708513,-0.024801724646652524,0.004388279567600256,0.001464028742830849,0.0018265477727112977
10,16,167,58,0.047467049612612555,0.020103745939186093,0.00048088110063632214,-0.0020670341940790277,0.00860503571420285,0.00777463259554013,-0.00884597277220629,-0.001229618667387045,0.0003207828034344995,0.005195927510806255
10,32,167,186,0.02320785797137046,0.009978969079289643,-0.0017958590182111716,0.002778708383738694,0.005176063528418519,0.00974828535597369,-0.00450001588101817,-0.008104765835357575,-0.0001116740094203523,0.0034229016799196222
10,64,167,344,0.012646805994840669,0.008755578226415208,-0.002583505506170149,-0.00023125514258010908,-0.011747321020151405,-0.00498151622168445,0.004491185598303755,0.0020313370482919987,0.00010958712519971329,0.0011809463888114852
10,128,167,656,0.011575728273565287,0.0013091161617949667,-0.003998182473499099,-0.002574371208404034,-0.01134322711986964,-0.0033701604538165786,0.006600388748463637,0.002564498370840404,0.00017244957424369575,9.552364434905178e-05
10,8,168,32,0.1716917912872095,0.01457130054891729,0.06901613988874639,-0.005467522720701052,-0.04314516684002138,0.04379292941717982,0.0034442243432733126,-0.04828904495583213,0.0006106965390557587,-0.005139867210268294
10,16,168,64,0.03760594081064632,-0.005412206866581161,0.016182376479875738,0.005380529343983313,-0.018699791414430702,0.010702557087031122,0.00017630015444135576,-0.042309047825180746,0.0005333266315022884,-0.007870082477312577
10,32,168,126,0.033004267981890774,-0.00039710351479713515,0.008690922435572034,0.00487278294304931,-0.013502678380283349,0.0020478964773897102,0.003713946418809322,-0.025312818994849915,0.0007170422483763037,-0.003944897103569129
10,64,168,288,0.005609115858734846,-0.00010412136150838073,0.005990736909045802,0.0057481312657528755,-0.006900532040660884,0.004250651180897986,0.002043776944479848,-0.016171143875836035,0.00039475699650696214,-0.002845032601301626
10,128,168,568,-0.0033628096290376605,-0.0001834608168069207,0.006956033152294127,0.0007319373695167412,0.0014213207203246346,0.009142437090636767,-0.000987704273887306,-0.009014772825333223,2.0419866473276716e-05,-0.0007297070005734677
10,8,169,72,-0.005908711405430533,-0.00183208331488461,-0.0023963130793880653,0.0014951508522738684,-0.0026903403317140424,-3.8258432318040143e-05,-0.008304612925973271,0.00022804650226647264,-0.00011326289440936043,-0.002344497914869348
10,16,169,98,-0.015203589352336644,0.0011975672827389022,0.00026255514394776303,-0.0001911109400658473,-0.008340080414607069,-0.001963161898127683,0.006553026646960518,0.0033422517048406052,-0.0002363662041079764,-0.0025587675539643193
10,32,169,166,-0.016006696981875013,0.0030020296321129785,0.0011670149014768466,0.002817446636284724,-0.004957209669475843,-0.004429090257126899,-0.00028232392005005477,-0.003650244651877491,4.451652230879259e-05,-0.0024914270087321127
10,64,169,380,-0.021379043649721156,-0.00039905843973121464,0.0021423730019222275,0.003358987903068093,-0.004179483540731454,-0.0031222322864596507,-0.0019552099998070647,-0.015647343283714362,0.00021423661849410413,-0.0020568094381219365
10,128,169,708,-0.0009549544647217372,-0.002469332435727236,-0.0006810274174900465,0.0058761955977115815,0.0015064322709154169,-0.001783158365122646,-0.007641003946901255,-0.005945962831927685,0.00031519530099146064,0.0010841282532120266
10,8,170,26,-0.055564863052907684,0.024275137530712823,0.004957068193082694,0.012929417039057488,0.012232417949697948,0.029828849030652856,-0.057064689529689856,-0.01921000859321019,-0.0010114382756115535,0.0164452979759402
10,16,170,72,-0.0440330836159685,0.05123237693634996,0.02001697121624693,-0.002295945651949899,0.006989048083002857,0.04488487456523101,-0.024135804286813077,-0.0042652534204262,-0.0003540538453919863,0.03555575625927026
10,32,170,218,-0.035439781792749515,0.020737632792982873,-0.0028030627551600567,0.007545674832341982,0.0021733629129806445,0.009152328911329473,0.0032952614057361906,-0.011849834350989866,0.0005800571736858902,0.014569118810033565
10,64,170,370,-0.009944071450396068,0.006536805101786161,0.0032424616042145164,-0.0017338995477555904,0.0004883384268252022,0.007434873335197156,0.01053812924722055,-0.01210283173402481,0.00015185397704667894,0.00607450733675588
10,128,170,646,-0.012307780740973164,0.0074853153668064465,-0.0009386109575059437,0.00044551915332162104,0.005452415301041887,0.0011927318685038197,-0.0014191006777939544,-0.0030299425507776877,0.00021059040139809554,0.004396825157937933
10,8,171,68,-0.05184691763212933,-0.021625897378342186,0.08265839427835169,-0.07291616081460663,0.004575113947096924,0.01440512394610883,-0.00691894511446193,-0.022553620101471515,-0.0005108819032964659,0.006047203852080453
10,16,171,102,-0.024916168308832223,-0.01364329969757815,0.035266438095845336,-0.03982881399414498,0.0013450094500839186,0.00046576131330768945,0.003678853886789046,-0.022514398318359136,-0.00039242811538464396,0.0022372086810661038
10,32,171,162,-0.020297834099823962,-0.002068620555332984,0.018226364025610342,-0.015204184218343972,0.0006614328998914014,-0.0021463819908435775,0.004035435132269804,-0.014704918869047802,-0.0002293655805021691,0.0025047294137763645
10,64,171,286,-0.027312442130045498,-0.005480617363056008,0.015657133091404075,-0.014183147399628048,-0.009404882205024797,-0.007166493552588449,0.004009970582214873,-0.0037060601322207714,0.00012691816931433052,0.0013493876966373106
10,128,171,560,-0.006322272127076297,-0.0011333808455187989,0.013101319836197337,-0.01459991674026004,-0.010003301469973375,0.0017650341803821673,0.006065964219526352,-0.0010017609493024769,-4.7929411614019664e-05,0.001390214247684817
10,8,172,30,0.048339423103624296,-0.010630871121668842,-0.04053950013810507,0.015644302096643945,-0.006884996504177467,-0.0381361950837055,-0.03323509649693672,0.007922093407065954,0.0014586797531555382,0.006408765308798156
10,16,172,78,0.015386609700980955,-0.00467877709810117,-0.02926711816402653,0.015940316952355458,0.004086142877074641,-0.015139993509033748,-0.022125181616497028,0.0014617631454713663,0.0007178791391897521,0.0020439064095686445
10,32,172,150,0.02846652342965615,0.00246759995970325,-0.02090550898867578,0.024206966741293502,0.009930454223758217,-0.017993241360518487,-0.01868098304372834,0.0038582493126164356,-3.396899015104885e-05,0.0010180047546020027
10,64,172,278,0.0026147098333842403,-0.0007705984571077952,-0.018361909269461563,0.01385725539440012,0.008523385751069139,-0.009497289497917675,-0.0090849427264103,-0.002603595936075423,6.984908437046493e-05,7.156010425009011e-05
10,128,172,574,0.004316971830583139,0.00038287010551884203,-0.008415391967190891,-0.002770437364489033,0.009800987257412035,-0.003359453231268186,-0.0066677744143139265,0.001695846874366691,-0.0001688422188192061,0.0013824024533730839
10,8,173,48,-0.04786290762748106,0.008634336699611804,-0.02776811228806877,-0.017013070610246345,-0.0019392579697032277,-0.04182618456156115,0.007647153401582967,0.01330748173136426,-0.0004278483815405264,-0.0010447071213781686
10,16,173,94,-0.044582983089043064,-0.0041454320901892225,-0.045434102914164796,0.003515374473912025,0.015778320271038794,-0.06229706904935023,-0.006551677371637135,0.00844363191202633,-0.001313088624344688,-0.0017244425017438616
10,32,173,160,0.004635489541176541,0.004829184792089052,0.0006760146878848906,-0.032272367413299835,0.014374547048919578,0.0066839003987650535,-0.021596994666711365,0.020860282758037245,-0.001656647607717217,-0.0020352050587319893
10,64,173,318,-0.00046533635096052996,0.004839651211256517,0.008107744818864244,-0.020716166875433137,0.0010791752207157885,0.005256827979807716,-0.010507202864577965,0.010267303216741876,-0.0010544618125206992,-0.0021182593993824364
10,128,173,614,-0.008964292494147656,0.00262064548849824,0.0021161267440643053,-0.011405039425151727,7.709761438164499e-05,0.004606789354777755,-0.003003764885167793,0.004185911156598872,-0.000542027064518231,-0.0014042374497675646
10,8,174,42,-0.0677747212266307,-0.002987548321089976,0.036376766048220745,-0.03581640291966675,0.00433378505639974,0.016019483375925233,-0.014095530620335162,0.039192641366945426,0.0009322442281374521,-1.4631079758203598e-05
10,16,174,70,-0.03597714120315969,-0.005598375097870951,0.04058385309027321,-0.023287053872078304,0.014611410286061428,0.04277410446092043,-0.01960434087506006,0.01013625750996188,0.0003232376922020797,-0.004769031916067625
10,32,174,128,-0.025905333532297552,-0.0039042744792850185,0.019218100653278745,-0.006196760374122977,0.007381853423739711,0.02186203850667578,-0.013104410144682783,0.0046614133240983876,2.1280065312263315e-05,-0.0035744587748409522
10,64,174,268,-0.0035050094752400135,-0.00404930604656049,0.010811257209358034,0.0005702044695143401,0.004250855676896558,0.007447452585158591,-0.005257967715154792,0.0019296680836050392,-0.000201641226796507,-0.003557591610724577
10,128,174,508,-0.018146615914143568,-0.0019816949687487405,0.00572181807690718,-0.0007263860453304709,-0.006319107119087558,4.4550830282634046e-05,0.0036186792078840777,0.0020748546743654065,-0.00024790479711145515,-0.0023016177009844326
10,8,175,32,0.04124714544927114,-0.03919138850886923,0.03479239479577886,0.062282758831170036,-0.022410814116723327,-0.08323535807136916,0.004140627693651595,0.0412249435547893,-0.002572405061458921,-0.02698172544708329
10,16,175,70,0.03775351300502268,-0.018947719366201227,0.016567974077077188,0.04015060858384859,-0.014840002346688684,-0.04165755703360821,0.0016259934059165415,0.020123842358379582,-0.0015912599927275695,-0.01342404682345389
10,32,175,132,0.00728167378908937,-0.00925358058850023,0.008925801172070754,0.012229635790504614,-0.0151340273021104,-0.0320334580132295,0.004642446803765167,0.014202314339251142,-0.0007492264305518303,-0.005724822598548002
10,64,175,272,-0.004042305614980877,-0.003890863084827589,0.002134908345191559,0.004660947149290618,-0.0053197372486904395,-0.016019869875596712,-0.00015344672214245598,0.008643284880460851,-0.0004236212235066966,-0.0014715574242251778
10,128,175,586,-0.0025867389313175833,-0.0028592893411918167,-0.0003989058978547471,0.0068406199089007195,-0.007018940398407764,-0.009266131061241356,-0.0023673486758109237,0.0036979255400240306,-0.00012291170210331528,0.00019939422716228717
10,8,176,46,-0.1126284505573195,0.0338415685322907,-0.021219326841256814,-0.03752519078813518,-0.017465000168559962,-0.014676675047149573,0.020444242982359147,-0.03999021142383513,-0.0013422775331010605,-0.024956361652611066
10,16,176,82,-0.08277385902094754,0.017241067740449787,-0.043784698436307695,-0.002922261118607916,-0.005639836703130442,-0.026551422340886748,0.016727869088016385,-0.031048464123898493,-0.0007072161977232656,-0.012152776075337515
10,32,176,174,-0.0643233902497564,0.012189718689027698,-0.033836466974460425,-0.0008976743115748855,0.0018539182835673972,-0.009109685324829045,0.005188322163247834,-0.020694903783126748,-0.00023116354991374163,-0.007186428732535286
10,64,176,352,-0.03299220816530236,0.007495033938257502,-0.018768864113144632,-0.003286605226218254,-0.00420901639390771,-0.0006227187531822916,0.004625087575445834,-0.011131442768745082,-9.531836534827283e-05,-0.0029855847441085906
10,128,176,614,-0.023281572728895396,0.003798885237606191,-0.011473988669702563,0.003002689716304516,-0.0002586866191664052,-0.005469509196131653,-0.0050715248767613475,4.5812003956933896e-05,4.922388407146012e-05,-0.0030786745860570328
10,8,177,50,0.002930188250860125,0.0023962186043827815,0.00031313426785420243,-0.007289161580982192,0.004009709260104815,-0.007102172478792482,-0.001254861425055393,-0.0057088216805527454,-0.0003933169897451934,0.0012988829011884627
10,16,177,86,-0.030723285311606806,0.0012183472940176493,-0.012116964303737526,-0.01394802159806392,0.02177102225298289,0.02997006901059437,-0.01339600239618112,0.0030992193610663416,-0.00037703990973204384,0.0005402423754233492
10,32,177,164,-0.023152201529812646,6.732800602543546e-05,0.00023898316237485273,-0.01839691993237842,0.007535657413752511,0.01485347717496946,-0.008084498020756205,0.008523581571033015,0.00024357359666307273,0.0022373155091477905
10,64,177,282,-0.004889701994173191,0.0025224936210811767,0.0012531404644696579,-0.003743679802956177,0.0031119357991006864,0.008167134006402068,-0.0051310464701434895,-0.00044521843843710535,6.686752921906763e-05,0.0021038664469958434
10,128,177,654,-0.005083435454525441,0.0032520085845096735,7.713943211442841e-05,7.05101677385569e-05,0.0018599163253101016,0.005353045977808386,-0.0010768199182479728,-0.002317956758803558,-0.0002869731620325593,0.0017920996318317346
10,8,178,36,0.12946900346893775,0.010497543706501425,0.011818228443379425,-0.060556119840893215,0.0075840170837229584,0.014217589711257047,0.032744371517113624,-0.00810139910783475,-0.000880517657509504,0.004695378100153216
10,16,178,124,0.05146361154531022,0.005729860662009779,0.01690641542555077,-0.04032605368721305,-0.005058449879503552,0.009818256540409175,0.015619390928255811,0.0034391668846354053,-0.0008995795893239141,0.004142540550887794
10,32,178,220,-0.03138376769936888,0.00551790101737115,-0.0010716357744264742,-0.005699555978830813,0.0016081569128806477,0.018749543895903477,0.007174530158365777,0.009304662175353477,-1.8706946961925368e-05,-0.0009782558684863147
10,64,178,480,-0.015204411795360613,0.004893829859590594,0.009644023264637678,-0.00808486712426564,-0.003472846786042833,0.009109008268423955,0.007979012860284334,0.00203862263146598,0.00021749331817833353,-9.325116417325776e-05
10,128,178,868,-0.022699324888619112,0.0018502591950212836,0.008455158381855366,-0.004831487396718405,-0.0032330732087699136,0.00037853036771091843,0.004303683407760402,0.0007192904456897972,-9.65486186757409e-06,-0.0005863452326683286
10,8,179,32,-0.015302100161963931,-0.006140575619012531,-0.0008891570358769622,0.0007483024768581586,-0.0019334775218000644,0.00239726571414094,-0.0009787179896734541,-0.0003528579627032103,-0.00021855095231477196,-0.004681991121057094
10,16,179,68,-0.058358785976464385,-0.019976511577250278,-0.013877187481062769,0.05286993039384854,0.035890217900626714,0.028811657024060883,-0.047819429102575695,0.02286296470351198,0.00022014505421328253,-0.006508201635388333
10,32,179,128,-0.03186846239701848,-0.006470640674985299,-0.013475507123471736,0.03901321925633462,0.01875229979734108,0.008213040456945219,-0.02764026254207422,0.01589227000595277,-0.0001749791504935681,-0.003202085189426733
10,64,179,244,-0.015896328805305254,0.0007758241173429267,-0.003417021330211475,0.009624045072510842,0.008584947670586167,0.009400643880626244,-0.01246147303401318,0.006380962370520466,-0.00018868297219024326,-0.0038770234109044618
10,128,179,584,-0.007613347254538365,0.002269967880571228,-0.0015751097293734845,0.006163349052240699,0.0011156353385310099,0.0059468947860505965,-0.004699559717527848,0.006493998283704771,-4.1692733922256336e-05,-0.0011591384818914218
10,8,180,28,-0.03013017967415205,0.012104585083047868,0.0007953038188143174,-0.05953689524804487,0.024416152795408687,0.0006144259282414132,-0.037706729701996615,0.014878173426027617,0.0023060941815847206,0.012221204584863336
10,16,180,72,0.015388644825856694,0.010480607279073009,0.00911932192871347,-0.03975828565963761,0.0021778635064953473,-0.00021992928026609267,-0.011131358610474013,-0.008353517592096908,0.0005362866822912734,0.005369197678781145
10,32,180,176,0.011275527767078693,0.004229374699721577,0.014785229343886755,-0.024159214527740946,-0.007875151507042289,0.005242533759545152,-0.006151500944768188,0.010585571069354722,-5.0237693543731404e-05,0.003086415561252211
10,64,180,342,-0.0019377404962547871,0.0008344005799426997,0.012996600989772228,-0.006870905530627163,-0.005136960696181565,0.005086818973015567,-0.005015708177637536,0.011855058343363142,-0.00033302150498548097,0.0002685290717653129
10,128,180,640,-0.01600591669385435,0.002177106896599858,0.003037867385142095,-0.002265146215546038,-0.0037393850688144333,0.004144689788404378,0.004007722259376474,0.0033445498374819033,-0.0004905258444565438,0.0010667327586256611
10,8,181,26,0.01604180722008509,0.0007052944723800415,0.0035742688795143383,-0.000888299582119872,-8.8451141616118e-05,0.009878059862848272,-0.0010027730907116333,-0.013015668091609145,7.609403480220924e-05,-0.0022180278450719794
10,16,181,54,0.001595463401706903,0.0035437817616007514,0.008254499566638481,-0.010925610689409355,0.008462004723645786,0.0030449994451831395,-0.0048399434594901605,-0.004639908469922302,0.0011585515167938836,0.0012995648373022796
10,32,181,128,0.005135580772784016,-0.00847109875847623,0.01822522747405301,-0.0090470359525313,-0.009303709868469918,0.00018091168797979674,0.013700835598831434,-0.01965302105607276,0.00036629325333291954,-0.0030692687721363774
10,64,181,284,0.017338069785800686,-0.0058663148485244105,0.013369053568065118,-0.005285654843824327,-0.013302327634846373,0.0023301563299474685,0.011496110529092947,-0.01062418672218444,0.00015987380224065788,-0.002693020547181825
10,128,181,650,0.00963982662865949,-0.004024403873381554,0.003982288067537164,0.0004441174979762161,-0.010181346864556367,-0.007253706322396023,0.004011027548410704,-0.0020397382084293043,0.00039883850174960036,-0.0025913945142419592
10,8,182,30,0.01878213849173318,0.01598556918992285,0.018807966561479348,-0.010318765960047611,-0.03291825753296247,0.022224863297310368,0.036338049116617505,0.024045227531924163,0.002279119938795327,0.0003716793828944067
10,16,182,76,0.008770421401745212,0.008961674159645687,0.012756762293326635,-0.0077935249320284315,-0.009290293319812737,0.01939739385687265,0.012391693353218157,0.010231310273015503,0.0011816059048240144,0.00023575899103575707
10,32,182,152,-0.021174895779619743,-0.0010088082909875682,0.014106051982271016,-0.00772766059656797,-0.01050890705431171,0.026597077663671646,0.010101297510010198,0.00451607399983122,0.000648674638696458,-0.00179985924765507
10,64,182,390,-0.012884849894399121,4.349195091867942e-05,0.0025843377486733077,-0.005420781276897019,-0.006830845912167711,0.00820589540543488,0.011578022881937227,-0.003457561909916885,0.0004896742413340374,-0.000760500127853109
10,128,182,718,0.006997600611897344,0.0009381704982744472,-0.003021486733751187,-0.005776973171172451,-0.006549412683359198,-0.010526226442433253,0.015537105966334994,0.0005324422196436094,0.0002780149387729089,0.0010166167307177343
10,8,183,26,0.01324037574914973,-0.0023974390953407573,-0.00478972291420162,-0.016509975846471372,0.005667433453712545,0.01283935245335121,0.01819531230766893,-0.010309212443860816,-0.0002840164791675426,0.0016137133493109895
10,16,183,66,0.0012816529152246065,-0.005021438482376649,-0.0025747404689917828,-0.015066293446606576,0.00045323796096706937,-0.005773537688349277,0.0224512474390236,-0.030580581426023035,-0.00023081649259467185,0.0014039002943941638
10,32,183,152,-0.0061681098907008835,-0.0001536062262253692,-0.0029701816635970845,-0.0013429577377247833,0.009447364478165266,-0.0011091526570588498,0.007022000140509426,-0.02165854099855354,-0.00023871838874669316,-0.00015558710269764157
10,64,183,278,-0.0018667982303517728,0.004741917049597921,-0.012251355251145185,0.003746823211916281,0.009755097041508115,-0.013142952592455782,0.0031746465151369025,-0.01117916250938404,-0.0003915415526691827,0.0013476463513715888
10,128,183,606,-0.0033070969573720153,0.003928052817974175,-0.0029475645169468093,0.0013249845210345122,-0.0022759534360461174,-0.008948183615854671,0.010339806667429403,-0.012667113639461682,-0.00013133974600404503,0.0008128970682592391
10,8,184,30,-0.01765244002739063,0.007264963538744776,0.014532611520396359,-0.016616746315998212,-0.013961424897490766,-0.005894668528011431,0.013142936529036012,-0.004673452282628752,0.00039688950302148903,0.0003128490349072292
10,16,184,72,-0.008008877397177903,0.007770704249578842,0.015162636708855313,-0.014688400396286005,-0.008856801517612891,0.0061025710782171005,0.012984095111961615,0.0035406663258112986,0.00012191337205055025,-0.0029268321131321333
10,32,184,128,-0.028653236641315617,0.006917062175084114,0.0049415604674615116,0.006893385607114784,-0.01843946469653759,-0.014254643799511678,-0.011875815155897114,0.018913634806004748,-0.0005607618457764679,-0.0024229070652148146
10,64,184,294,-0.005223396495000914,0.005970749317404607,0.004651533584034403,-0.0006407038973931158,-0.01099237406434003,-0.007202213759710456,-0.00706398603110883,0.01241406932982924,-0.00027801232236199144,-8.890087240771598e-05
10,128,184,578,0.01001508307931294,0.004142920007635644,0.0019763824868677905,-0.0033190048553280596,-0.00670180715088808,-0.004095924880756374,-0.003648051061666937,0.005264740983855381,-6.009830381632622e-05,-0.0001361754533343518
10,8,185,62,-0.018868670551887543,0.017245947908280004,0.08740410529964036,-0.009044887073591698,-0.004807319745163815,0.006676219577071093,-0.019177031471172796,-0.060782821328098036,0.0008335623962003719,0.026059911644046734
10,16,185,90,-0.026754345836159866,-0.002496920381336691,0.040345207301008566,0.008742718388409948,0.009317214347445719,0.001902195965603694,-0.018891846775017887,-0.017372980362312187,0.0014932884440257684,0.019265042356309076
10,32,185,158,-0.008112607457129611,-0.004297234368135827,0.025281146630522854,0.0010108810209011959,-0.0042239694786903375,-0.0006181333611246589,-0.006781310058971464,-0.005315421650603324,0.0005819014795234033,0.009200005217627786
10,64,185,322,0.00623954040003087,-0.003094663630674054,0.02054000635567803,-0.0021560219873144057,0.0030537177842699776,0.005166513014836679,-0.011798446004442718,0.0038478910545618476,5.671577757583025e-05,0.0038743289612683893
10,128,185,616,-0.0009274040703467223,0.0015742684575438136,0.0037494531102964684,0.0036885365563253986,0.004439831178803404,0.0044049164913506226,-0.007269579146107247,-0.002785311163402626,0.0003040010312993715,0.0016980982820341674
10,8,186,32,0.029284745588869825,-0.001825434812438284,0.006444428227071024,0.013623245211773436,-0.006041794148828863,-0.005570839639448197,-0.022718699203876567,0.009143219533298129,-0.0010190307430002856,-0.0008045322260426452
10,16,186,64,0.0036395944107607764,0.0005210992085125431,0.0026915178671156033,0.012172245628924267,-0.005007777060531244,-0.000992891115243082,-0.010759785594357743,0.00686047144312829,-0.000528668639958087,0.00018870831479420003
10,32,186,124,0.001984752611237236,0.0007679104885409977,0.007177291016707028,0.005038740231285887,-0.00167721156454008,0.004493079306769612,-0.01246398498080753,0.006027191123376625,-0.00036735092119837524,0.0009897412273390316
10,64,186,284,-0.010755005168578026,0.002198263803733782,-0.002756885969764975,-0.004821823061071834,0.003698384982468539,0.005373731506486291,-0.010808015279444026,0.012733176620435879,-0.00030352771683098167,0.0013502113818126122
10,128,186,612,0.0005589078632729385,5.222126770082318e-05,-0.005974689304209973,0.001477483505540353,0.007977098711167578,0.004918190255962394,-0.014351127604958706,0.011403863334283424,-0.00022382968641232128,0.00019444120219784658
10,8,187,50,0.052032266823055215,0.018548794817885437,0.0020391804442926736,-0.01092767152108199,0.0001801710723433503,-0.021806980779552874,0.005749940217676763,0.006049160775098837,0.004244890444841653,-0.005497984792631151
10,16,187,82,0.02462613867802636,0.009853535077053327,0.0012515137807816638,-0.0053404832203666555,-0.003782777342631698,-0.013252178741062052,0.003926151873064473,0.002296597654129401,0.0020746263374793743,-0.0023303791231537307
10,32,187,138,0.025044322173883037,0.00863552206781783,0.00028821210096824184,-0.0019731761208167313,0.008210215418979502,-0.005125368277482999,-0.0010449798223699305,0.006048283335115869,0.0009711213643725056,0.0009789984960617512
10,64,187,320,0.004936224457530022,-0.004090176894702438,-0.012168776450346688,0.013535752847279257,-0.0054702375168382104,-0.005781866051325852,0.0076297704870757765,0.011762190113723533,0.0007094191470667552,-0.0033917711524919457
10,128,187,648,-0.013185455965280922,-0.0038229075750190362,-0.002111934630598606,0.007398380411564744,-0.005358076134496254,0.004741161051198535,0.00506574583799818,0.00888256593922771,0.0005786809276602069,-0.003781874274613724
10,8,188,32,0.004105568919468717,-0.011880010693907301,0.05088303595726136,-0.009175134701275203,-0.01763710200978191,0.026673115131081594,-0.00339988270795978,0.002200103729008108,-0.002048929686678385,-0.007477043367208304
10,16,188,68,0.0015164764457360781,-0.009989063822235522,0.008805310772528923,0.0011732651768579538,-0.013433841712517179,0.008947948122258487,-0.02272477143876695,0.017459606016045463,-0.0012490939605191835,-0.0021098862406100146
10,32,188,132,0.0004858831136251504,-0.009733336423816522,0.0026970748773525706,0.0017638854469371383,-0.007309434551692915,0.005668407343885224,-0.012522490799236018,0.011934389141813174,-0.0005149227172441701,-0.002428346451541707
10,64,188,322,0.0064985249849036815,-0.002051978155588588,0.003649645368919429,-0.0001772511956331361,-0.005981788374582377,0.000305817500052772,-0.013774462757912971,0.01657583086877673,-7.728259024703259e-05,0.0006480994950397088
10,128,188,598,-0.0016100385859799673,0.0008426244508996977,0.0009960938158089991,0.0036147008097661875,0.0018938285155656353,0.0025832064059969455,-0.009676469723792436,0.00785500226757313,-6.242460393645732e-05,0.0001109190796855345
10,8,189,40,-0.047431305116801444,-0.005746101620845909,0.002585135612705531,0.008007055756123519,0.020298917932618822,0.011409088764000187,-0.02442155903471686,0.011801322884417934,0.0006108356806970966,-0.004302630293934348
10,16,189,86,-0.02015589324469489,-0.01090854636210598,-0.02693029365564692,0.004081974222410599,0.014222636853547879,-0.006245508445340222,0.008257111930968654,-0.010142882402435294,0.0008602023196586478,-0.011054909561390285
10,32,189,150,0.021705283040256824,0.007689384003385644,-0.017118684815775383,0.004601980299435818,0.009430512632320438,0.00326521437313153,-0.001900443609719765,0.007629371311155497,0.0006236688864975179,-0.0011358253227508799
10,64,189,288,0.005045168827137958,0.006150656355485735,-0.011044964319657753,0.003950801705515791,0.004635263914773166,0.0029325353625956107,-0.004700866343089921,0.01500099589595519,0.00013864452542126866,0.0011527122826770065
10,128,189,676,0.00475283495056077,0.004678111796394582,-0.006654727226045685,-0.0009438977606374867,0.006934210192282642,0.0053755523474189075,-0.005200843340380791,0.013241359542310285,-6.074026173619762e-05,0.0010247797036185414
10,8,190,110,0.1520095712155322,-0.0009624829732891066,-0.0459059252277088,0.060731751105286856,0.04704487711381375,0.023096579302875068,-0.06694139805120958,0.029907994860741614,-0.0018041299438089195,-0.001123699471548152
10,16,190,156,0.07159769362348382,-0.00018811320338571564,-0.020735214059428433,0.023216552906807228,0.02035121263765413,0.00897072033141193,-0.026604596779166507,0.011213731378644981,-0.000866333330614031,-0.0003949176234551468
10,32,190,216,0.03513118525347402,0.0030906471429904283,-0.009725056273632003,0.009934318775058657,0.011381734004966318,0.0009882783966929745,-0.02120369687983082,0.01248294879666701,-0.00037822130176887235,-0.0003520666204878836
10,64,190,356,0.014564908349207008,-0.006023186281196144,0.0055618239900623034,-0.003969252170133837,0.0002490051373637628,0.0055166934491865174,-0.006380995253631564,0.01126250049732796,-0.00011881781867034614,-0.0010295786906220027
10,128,190,706,-0.007416433262352015,-0.002743862756410864,-0.0024240078583792676,0.004129846734081084,-0.0010411702835101727,-0.005959410706390845,-0.005367144220096278,0.009795052426959343,-0.00011260884632794551,-0.0009529501267099042
10,8,191,38,0.024346973962321713,-0.0035082633936935003,0.03025897362494059,0.04567511342414725,0.021144856858672643,0.048022486825490804,-0.01835061794375176,-0.02650387371510754,-0.00023979608723449515,-0.006121110462743366
10,16,191,106,0.023325519964452073,-0.0005599937289840546,0.01925560797460244,0.026244255757244747,0.004975269125294879,0.017523998370877557,0.00235160765454349,-0.02699458031975915,-0.00013121523984997314,-0.004941937177094262
10,32,191,174,-0.001416923462813017,-0.0027519915569174836,0.010355325747632538,0.013792194445462964,0.009113609632868988,0.015895864173614178,-0.0030450674281265974,-0.00940250756571642,0.0003013468552155269,-0.0032382621125512834
10,64,191,330,-0.018711338751741653,-0.0025031809341599827,0.005138059558279856,0.0074175691986968564,0.0019272473261478036,-0.0026559373026070407,-0.005606705641597378,-0.010564159942014617,0.000445046032146506,-0.002781342260778517
10,128,191,654,-0.010605433594498878,0.0026910141459521066,0.002329026213406716,0.007545594128361879,-0.0002458000864804025,-0.00217594253633307,-0.005553526974361459,-0.002819912939429999,0.00037624954485557976,-0.0016399441491971956
10,8,192,28,0.011658162655138122,-0.0009273733407962119,-0.004984533760858983,-0.00625153989882786,0.004436144413970056,0.002933168598077717,0.008601652920052669,-0.03341455599232791,0.000456134828537623,-0.0009480270141196032
10,16,192,58,-0.013115500521178223,0.001061620841567498,0.013734737683159137,-0.002307907987566755,-0.012861944589035354,0.002048931353022438,0.01857351944169711,-0.03461433797579704,0.001020523289051876,0.0010932928478872457
10,32,192,128,-0.019952372324815417,0.0015383430729778058,0.009284240249082407,-0.002732062560800896,-0.005225607482742187,0.007559525700638818,0.010291946856067036,-0.02007225063855948,0.00042184748027592216,-0.00031454521625106865
10,64,192,254,-0.018485592703819265,-0.0023300171093024423,0.010894729021380825,0.006059365497685239,-0.011066308743944922,0.006570512268046781,0.011053623955499902,-0.010967752902507979,0.000364144796151527,-0.0015418829689000544
10,128,192,634,-0.016234398557784614,-0.00020926131582353475,0.0029752407003435064,0.005521852603615393,-0.0073433700997117424,0.0029359827389847594,0.010949745690823765,-0.012058586494788696,-1.608362007041039e-05,-0.0008241626108317852
10,8,193,28,-0.008334747503010803,-0.006124108067953958,-0.0007107001015969527,0.004217067425305818,0.0055349559178080225,-0.0023255462419413345,-0.0038701270577475837,0.015249668927977857,0.00022132200985974123,-0.0038939621575407113
10,16,193,60,0.0037062941749802726,-0.0020135968672258422,0.01238876824028276,-0.003700926110164635,0.0025101258840406347,0.004356925045561988,-0.026644458001028187,0.03773888370160989,0.0004535644596343516,-0.0006412379539797989
10,32,193,124,-0.002497163942061031,0.0048054216957595115,0.0056189969703673475,-0.00789709441251631,-0.005972963617096714,0.0037693430561568106,-0.006890753810256046,0.008412459273810399,0.0004408121674944083,-0.0002799119959526537
10,64,193,342,-0.022226838354592923,0.004540239523623692,0.010137444425460988,-0.004189778465439865,-0.03468590266114105,-0.015331868522479367,0.011162956278040344,0.016451572315553196,0.0002612189312556333,-0.00519215835689084
10,128,193,662,-0.016811259605246855,-0.0028225887081551595,0.006786009758710133,-0.00170585693206078,-0.011591197720515534,-0.006995204424433118,-0.0038653610108198714,0.014259024673605443,0.00036978328237761635,-0.0035157329994527503
10,8,194,36,-0.000836875190412173,0.06783879434020076,0.08620349664697646,-0.042033030268340446,0.003752343937457707,0.14524478493788628,-0.07815251737213588,0.09935080032928878,0.004562178412833587,0.0033221245361643517
10,16,194,82,-0.018502876298906963,0.031144858839215063,0.04713910289537716,-0.011475577793536857,0.0019493922620417497,0.07152511054904594,-0.04081392539282256,0.05047187478064716,0.00225154827919781,0.00023051255110293487
10,32,194,144,-0.006284949436939695,0.016317234647741513,0.028906704682327842,-0.013216531345200974,-0.0026082488336836946,0.037551636581454585,-0.016077960661492422,0.023636068889707484,0.0010735030767643713,0.0015969567280296416
10,64,194,338,-0.011595241846013755,0.003045486908406114,0.013717099304405475,0.003533459451724987,-0.009909406566516349,0.014309379601481452,-0.013018683631619619,0.014964113238356365,0.0005569118316181077,0.00029254169984245005
10,128,194,644,-0.011089183525239224,0.005859904200286382,0.011473032110765554,-0.0024454172410912607,-0.010715529460564914,0.0098064555996925,-0.0024719910655652353,0.01073146510034144,0.000296844143221726,-0.0003550225558669322
10,8,195,24,0.05359655379475244,0.030405296413011738,-0.0004894150457272076,-0.01871131201150294,-0.017709109373636362,-0.007687999241882982,0.015627848170735127,-0.013882651208138181,0.0004784277436098249,0.00677924622202003
10,16,195,70,0.038028727863468725,0.01809134104768622,-0.0006491716231025865,-0.015064413566192206,-0.014181310159315497,-0.004673485055433393,0.01645835703511766,-0.0019326313426916374,-5.5478643878475534e-05,0.0011625178814481316
10,32,195,166,-0.0024695389777182252,0.00816281741976122,0.0038047570152661353,-0.013253681801304455,-0.013373864213197919,3.130599307645496e-05,0.021021248032592102,0.004375847505947229,-4.2501766950083444e-05,0.0017274334503210626
10,64,195,322,-0.007513813204791607,0.0031348059961015416,-0.0028671979237856315,-0.001797544212679633,-0.010214880848265719,-0.0036025178007389512,0.010987113000246788,-0.00507630499071501,-0.00013094416850133254,0.0012361370639192002
10,128,195,696,0.002646524932570218,0.0004438689916735729,-0.008773349392263093,0.007885424393192335,-0.002864029207446287,-0.0006476029446942021,0.0009501761549974042,-0.003854329996449362,-8.837363967416561e-05,0.0008171089741206601
10,8,196,46,-0.009477407162402562,-0.012489002527899529,-0.01042276413392883,-0.004095356949229684,0.015287013071336559,-0.010456122971146772,-0.023088528766009732,0.02417498167726512,0.0007575067647721021,-0.005580375969069172
10,16,196,100,-0.0945529840980501,-0.02376052169067111,-0.004974006693788022,-0.0032621218544451316,0.02403831594811485,-0.015135496315748141,-0.019028717510893994,0.02800734941617486,-0.00030831458720022287,-0.009488021192059359
10,32,196,188,-0.03755027901594492,-0.01064401002758927,-0.004898562629284717,-0.008557563759928605,0.009538828275839826,-0.016467631089817837,-0.015431885580562545,0.016394306389973235,-0.00012136516870687979,-0.002555930822896096
10,64,196,374,-0.02804123223447659,-0.0038739527794774344,-0.002521740214231777,-0.005143311605640571,0.005428038347049253,-0.005316603795327059,-0.008128007990465756,0.010336487859064504,-8.882356957289496e-06,-0.0001884438323581494
10,128,196,674,-0.013965359961005074,0.001307492266250989,-0.0020620781724956672,0.0054637088608404565,0.009013847437695429,0.0004271623970245077,-0.005447613893094621,0.009953085317062592,0.0001760907710027462,0.0017605517963571486
10,8,197,50,0.01990936158238612,0.0013177426008675122,0.0015923538550774385,0.004028169401358868,-0.0007568183356495617,0.005211961582195243,-0.0009175713186261694,-0.0170058470852579,-0.0003987261786696693,-9.966867680207979e-05
10,16,197,104,0.04890122882313123,-0.007899398080110255,0.0076121753764167134,0.004043982826727277,-0.018745856206773222,-0.01772756944108614,0.0049654124776452755,-0.011901300093513954,0.0004614210618315471,0.0012622744203859405
10,32,197,168,0.03382317947030911,-0.005173520735287075,0.012459038578627976,-0.005626983434667512,-0.006676346215995376,-0.0023342976215422204,-0.002097616492130145,-0.0025645845651446116,0.0005410735142713281,0.0004995558424884649
10,64,197,296,-0.01460550419776014,-0.01064838004928649,0.018972417865698383,-0.0029820289021467686,-0.020004300833819877,-0.00994563354815223,0.003981304975501936,-0.004803246682216146,-0.00011631223926733134,-0.0016090040589480086
10,128,197,586,-0.016533140410191348,-0.003174379419244258,0.009738379008681401,-0.002476834129622908,-0.00719091994702248,-0.004357164757126606,-0.0006213056705041725,-0.0014483930207624,-5.060772447397956e-05,-0.000595154231443945
10,8,198,40,-0.07906727909616472,-0.014381576078001399,0.034662302836364844,-0.045344705810411126,-0.01341009659207103,0.003929648927633041,0.023539517666900052,0.002221293566474474,-0.0011522770277196672,-0.006988427431047433
10,16,198,72,-0.06023017795094211,-0.0017034958358665801,0.030567013341774352,-0.0155233455265799,-0.00851754778524274,0.015015224516357426,0.010095859161256177,0.004361485334341098,-0.0009659331632582385,-0.007535735386295684
10,32,198,148,0.013794270497749742,0.001894765193883921,0.021679636188663073,-0.014664217158338766,0.014997839380023659,0.036953018485566765,-0.0020559221886718828,0.01225137514721108,0.0007667206652747957,-0.002869332588672415
10,64,198,282,-0.002449431035830146,-0.0010213991325805861,0.025731679475988256,-0.021653472666285447,-0.00339079251519629,0.015013136606271687,0.003588030848314228,0.010385722871255504,0.0005770661970694026,-0.002117586844416302
10,128,198,544,-0.004196162730549018,0.00013485199562695261,0.009922905451615154,-0.00891198742036492,-0.001586595219890417,0.00870764979993192,0.0003163412594942346,0.008490012147843382,0.00027541964424508913,-0.0006694252589177226
10,8,199,30,-0.008278566258802635,0.011420541033251462,-0.02528104378944537,0.025451969348829446,0.031130392767829352,-0.0070394383123830095,-0.025911676020933867,0.00791881917706269,4.4608677750241444e-05,4.646379037850877e-05
10,16,199,68,0.005310363621602117,0.005192080634230938,-0.0056427568631702086,-0.0010434600088880764,0.011870282019938755,-0.0020337406680232895,-0.009750002582210633,-0.004169428062031215,-0.00013205080660292858,0.0008128847730853203
10,32,199,164,0.024591826276641214,0.002682989553433648,0.00031097961700623524,-0.004831149501169042,0.003808762554141405,-0.011879458343812436,-0.00678334605793366,0.004957304146723514,-0.0001482262706167858,-0.0008622475150898552
10,64,199,280,0.01637923157978263,0.0017248436443802434,0.007676917468000655,-0.004131016967505503,0.001133898136226106,-0.007248255589894373,-0.0022704196527229335,0.009694639627608309,-0.00011013540712327542,-0.0007374514181975383
10,128,199,588,0.009883270446499533,-0.0005170877891400745,0.005473437614146624,-0.0013642938786784548,-0.0011895212173016058,-0.0032144220110314112,-0.002386067925176733,0.006152582458152059,-3.770398895006167e-05,0.00025625904893418196
