date,episode,asset,regime,ret,momentum,reversal,volatility,value
2023-01-02,0,Stock_1,Uptrend,-0.005054462686976197,-0.005091709170967844,-0.009155582439113708,0.013064066159257592,0.6662337153246989
2023-01-02,0,Stock_2,Uptrend,0.003250740019727684,0.004335617763282347,0.007152996624609951,0.008680061172416358,0.27333043157524944
2023-01-02,0,Stock_3,Uptrend,-0.005837304505334002,-0.002532763609326529,-0.004026538051044658,0.009376410287060166,-0.059855456538797744
2023-01-02,0,Stock_4,Uptrend,0.002178969369702338,-0.0025791129292716815,0.006001616517956762,0.010675538253117652,0.41038157154498006
2023-01-02,0,Stock_5,Uptrend,-0.002433281561002077,0.0007773385493636576,0.0008179267431187051,0.005585057803600392,-0.06167823144921792
2023-01-02,0,Cash,Uptrend,0.00035,0.0,0.0,0.0005,0.0
2023-01-03,1,Stock_1,Uptrend,0.02021451463223562,0.006524433596034678,0.015624430106047063,0.012859877053377414,0.5685772061944045
2023-01-03,1,Stock_2,Uptrend,0.021277008873879247,-0.01526337008065846,0.002709202635983182,0.00968704935034119,0.33319279578516625
2023-01-03,1,Stock_3,Uptrend,0.02359392309869451,-0.006755426695285624,0.00408817594874337,0.008652481700025885,-0.20745449183044767
2023-01-03,1,Stock_4,Uptrend,0.013149684260961556,0.002731370647703863,0.0021897959776325184,0.00872187979913559,0.3526086194525576
2023-01-03,1,Stock_5,Uptrend,0.013071317454028659,0.005297416462250544,-0.005136320340516101,0.009877277344759254,-0.04775600835314889
2023-01-03,1,Cash,Uptrend,0.00035,0.0,0.0,0.0005,0.0
2023-01-04,2,Stock_1,Uptrend,0.004817652961870773,0.01486988917582685,-0.02297835307966905,0.010594343523079704,0.7215619303393022
2023-01-04,2,Stock_2,Uptrend,0.0024316987105325776,0.02170506657358852,-0.029894627368028913,0.009123085454768537,0.2863127559159231
2023-01-04,2,Stock_3,Uptrend,0.0028445249039696866,0.010991376886050407,-0.015403274906472995,0.00957672513325064,-0.1699086965944754
2023-01-04,2,Stock_4,Uptrend,-0.0007587302201755766,0.0040783744572747355,-0.010515684935616757,0.010727927663158228,0.31002011270931923
2023-01-04,2,Stock_5,Uptrend,-0.003648869513258485,0.005964493710537448,-0.017341487617216853,0.01190592898394907,-0.04203219984623857
2023-01-04,2,Cash,Uptrend,0.00035,0.0,0.0,0.0005,0.0
2023-01-05,3,Stock_1,Uptrend,0.0003859601851266001,-0.002052247262746713,-0.005305710731406904,0.01263133141312071,0.668025783169842
2023-01-05,3,Stock_2,Uptrend,0.0025795143555013243,-0.0006863654911473433,0.004975766871837059,0.007555308795586857,0.10873859255893861
2023-01-05,3,Stock_3,Uptrend,0.013273912548627736,-0.006112109692180056,-0.0019391967106470822,0.009392817319399541,-0.017350934535720924
2023-01-05,3,Stock_4,Uptrend,0.016367623893765604,-0.0026761488014285894,0.0036454473841809193,0.007652622648639617,0.32621899234885965
2023-01-05,3,Stock_5,Uptrend,0.005752863032995132,0.0010077879481240203,0.002756324318801528,0.011652547014023375,-0.16067016959586983
2023-01-05,3,Cash,Uptrend,0.00035,0.0,0.0,0.0005,0.0
2023-01-06,4,Stock_1,Uptrend,0.0046317017807637455,0.011337957665059835,0.006304665349575682,0.009287373231735892,0.6251602793803911
2023-01-06,4,Stock_2,Uptrend,0.0007888046021941825,-0.011809593095874194,-0.00763878093113789,0.009488375649119708,0.15608972065202842
2023-01-06,4,Stock_3,Uptrend,0.017184623083848462,0.005605974303286831,-0.01709404317642481,0.011617963405005287,-0.12962936612008216
2023-01-06,4,Stock_4,Uptrend,0.0077747749389621024,-0.011188929964035121,-0.014410818888607426,0.010508117369728346,0.5100984945442129
2023-01-06,4,Stock_5,Uptrend,0.013563862293664256,-0.0014318129158088395,-0.0010289640258531038,0.009429426457772193,-0.07441663389403103
2023-01-06,4,Cash,Uptrend,0.00035,0.0,0.0,0.0005,0.0
2023-01-09,5,Stock_1,Uptrend,0.00967026015608823,0.008879632406623405,-0.0025468659044338357,0.01033301340994773,0.5551912106265393
2023-01-09,5,Stock_2,Uptrend,-0.004989564194948647,0.010217600554731024,1.9509831193971093e-05,0.013127999434101948,0.06749616254984052
2023-01-09,5,Stock_3,Uptrend,0.010147483009624926,0.019145994217844655,-0.021038261727230657,0.010820604258548833,-0.11187771909335911
2023-01-09,5,Stock_4,Uptrend,-0.0012452700329226244,0.0034245208682792856,-0.005310406489919079,0.009688373998387467,0.28173997459512584
2023-01-09,5,Stock_5,Uptrend,-0.00031219742806975267,0.005885079806899006,-0.007599144572695408,0.010200429779862838,-0.07866335778638418
2023-01-09,5,Cash,Uptrend,0.00035,0.0,0.0,0.0005,0.0
2023-01-10,6,Stock_1,Uptrend,0.006138776756251008,8.135382220047453e-05,-0.00663570137161257,0.010809975203818233,0.717033807131589
2023-01-10,6,Stock_2,Uptrend,0.007325952349069081,-0.004133997143244866,-0.003940885009459614,0.00923834749738193,0.13479357625876273
2023-01-10,6,Stock_3,Uptrend,0.005403252303363644,0.014526473257621686,-0.008978278215471265,0.012001013502713445,0.014955564653370751
2023-01-10,6,Stock_4,Uptrend,-0.00870670020780459,0.0056291688087988494,0.004992334706616388,0.012216837572123792,0.3106756628108682
2023-01-10,6,Stock_5,Uptrend,0.003271746816330092,0.0015597138161972798,-0.003924566288450962,0.008930433812685913,-0.044899494876755854
2023-01-10,6,Cash,Uptrend,0.00035,0.0,0.0,0.0005,0.0
2023-01-11,7,Stock_1,Uptrend,0.0008721516166260504,0.0013765520358377352,-0.011583284571250765,0.010927559510412145,0.6672874077017418
2023-01-11,7,Stock_2,Uptrend,-0.003711478042129705,0.01689628425443529,-0.006577595201926386,0.0066830743404511905,0.2825344345403622
2023-01-11,7,Stock_3,Uptrend,0.003935631492752719,0.007460416334727146,-0.004501950954625089,0.008125866469636776,-0.012216374034923233
2023-01-11,7,Stock_4,Uptrend,0.013434546906485531,-4.0888266165922844e-05,0.007753500529441617,0.008381323710548349,0.41450075027731603
2023-01-11,7,Stock_5,Uptrend,0.006106940070084144,0.008922224705709135,-0.009829937674167549,0.009175736624613426,-0.01482449057997591
2023-01-11,7,Cash,Uptrend,0.00035,0.0,0.0,0.0005,0.0
2023-01-12,8,Stock_1,Uptrend,-0.004750064368763414,0.0063959272345888545,-0.012166710876397728,0.012440560699215614,0.6836813560806664
2023-01-12,8,Stock_2,Uptrend,-0.0021806104169716546,-0.0013331300486068534,0.01187710988645875,0.008893214582684385,0.15256209922901323
2023-01-12,8,Stock_3,Uptrend,-0.022344712889853156,-0.00043236645808629025,-0.006683999474767515,0.010649508059021155,-0.3781095438181377
2023-01-12,8,Stock_4,Uptrend,-0.01373440982205074,0.011626529166570069,-0.009138814047839778,0.007667826044014538,0.1698989274365328
2023-01-12,8,Stock_5,Uptrend,-0.017812063527355593,-0.007004802630807747,0.003220623866613652,0.009790853797165348,-0.1141268456455693
2023-01-12,8,Cash,Uptrend,0.00035,0.0,0.0,0.0005,0.0
2023-01-13,9,Stock_1,Uptrend,0.01488674581265401,-0.0003528843734014282,0.005634312888279867,0.008644557105708328,0.5553447384819395
2023-01-13,9,Stock_2,Uptrend,0.020182312728717733,0.008016526201917697,0.00136499349745197,0.0044700755472883245,0.27787262714587957
2023-01-13,9,Stock_3,Uptrend,0.01569997570732843,-0.021064761994401947,0.022907918018786593,0.011789606755460461,-0.29297694920916884
2023-01-13,9,Stock_4,Uptrend,0.016889359838584132,-0.0002521977627692792,0.02289613223285522,0.011527819054875897,0.2872497326427144
2023-01-13,9,Stock_5,Uptrend,0.00689527988499794,-0.017337004346418418,0.02309935933570846,0.010331023055429149,-0.16730762291884127
2023-01-13,9,Cash,Uptrend,0.00035,0.0,0.0,0.0005,0.0
2023-01-16,10,Stock_1,Uptrend,0.0038266232836172377,0.003818810290470798,-0.012878066053808493,0.009205548032473972,0.662454796681068
2023-01-16,10,Stock_2,Uptrend,0.022886461947939953,0.004447229291340138,-0.01948378654859729,0.006084590599220446,0.11958032552764508
2023-01-16,10,Stock_3,Uptrend,0.011383387569952356,0.014485031997075718,-0.015289273506470212,0.01015560019226177,-0.2896187598793736
2023-01-16,10,Stock_4,Uptrend,0.00620886476335321,0.0070659367382036025,-0.017407221737918213,0.009078805738106255,0.3440187619270876
2023-01-16,10,Stock_5,Uptrend,0.013863237724003368,0.012289728279308396,-0.004450108749745099,0.007246158820027011,-0.10398125881492287
2023-01-16,10,Cash,Uptrend,0.00035,0.0,0.0,0.0005,0.0
2023-01-17,11,Stock_1,Uptrend,-0.005621617377212474,0.005890693080805665,-0.006001018842679463,0.01014223355125323,0.6454661011501878
2023-01-17,11,Stock_2,Uptrend,-0.019429880022964308,0.015745079438113124,-0.019402638144958996,0.010855813185244178,0.16805144291720586
2023-01-17,11,Stock_3,Uptrend,-0.012046477431460919,0.0013525188293588512,-0.017536880344190233,0.010130093641987465,-0.04150312301413103
2023-01-17,11,Stock_4,Uptrend,-0.015691832835075845,0.011274247163333494,-0.013887459888213868,0.012481426939068084,0.35999327439551204
2023-01-17,11,Stock_5,Uptrend,-0.00838276524035396,0.013039548725712006,-0.014436636520930858,0.007418992697856933,-0.024695697883055322
2023-01-17,11,Cash,Uptrend,0.00035,0.0,0.0,0.0005,0.0
2023-01-18,12,Stock_1,Uptrend,0.021764878885889623,-0.010403854451878978,0.007956210083250367,0.010820324155841467,0.6654699470959018
2023-01-18,12,Stock_2,Uptrend,0.027714093747863898,-0.007453475264353489,0.009252094109814965,0.013233263034528361,0.11596713471514601
2023-01-18,12,Stock_3,Uptrend,0.02749646817126072,-0.022063559077233695,-0.00013868852481526556,0.010347676095381798,-0.1742297512390913
2023-01-18,12,Stock_4,Uptrend,0.02047908861644266,-0.00945655553584804,0.022349205388220272,0.006071702231010926,0.3018754028733477
2023-01-18,12,Stock_5,Uptrend,0.01607972426911071,-0.005306123119184356,0.00904708395384846,0.009375823277269595,0.06743004413726719
2023-01-18,12,Cash,Uptrend,0.00035,0.0,0.0,0.0005,0.0
2023-01-19,13,Stock_1,Uptrend,0.0011993999079721405,0.022960105591304188,-0.019873002803292406,0.010607740330484535,0.5818973215936477
2023-01-19,13,Stock_2,Uptrend,0.030697538045503257,0.013482721127629188,-0.025869308455479762,0.010817443361534692,0.16251219133154654
2023-01-19,13,Stock_3,Uptrend,0.01800804407688813,0.01662693625942726,-0.020348871672902936,0.008862812257907087,-0.14838263646995867
2023-01-19,13,Stock_4,Uptrend,0.02835272288892291,0.020378400492942112,-0.012279145495715682,0.008466236361177618,0.3958657697599431
2023-01-19,13,Stock_5,Uptrend,0.012064053766928741,0.004534569985282737,-0.004805637961369413,0.007357660121638137,-0.15849567702086562
2023-01-19,13,Cash,Uptrend,0.00035,0.0,0.0,0.0005,0.0
2023-01-20,14,Stock_1,Uptrend,0.018384438321351428,-0.025606640983816438,-0.0016709114264652483,0.011967775420686722,0.6260527916019866
2023-01-20,14,Stock_2,Uptrend,0.030563167334753734,0.021664213321871923,-0.03252998337853923,0.011970590093243551,0.0285218140881197
2023-01-20,14,Stock_3,Uptrend,0.031889264772772534,0.01115078017086319,-0.025587168632726774,0.007120107977984645,-0.1981339496298318
2023-01-20,14,Stock_4,Uptrend,0.013634788759864722,0.028133385972248792,-0.03716168042395464,0.009666536586460836,0.23514115222981596
2023-01-20,14,Stock_5,Uptrend,0.02435812527480116,-0.006206047029761481,-0.019117091106819358,0.010946776243533482,0.03131288633768395
2023-01-20,14,Cash,Uptrend,0.00035,0.0,0.0,0.0005,0.0
2023-01-23,15,Stock_1,Uptrend,0.02210297909862062,0.013267007593148649,-0.022905903705220613,0.012237318228943247,0.568103243723891
2023-01-23,15,Stock_2,Uptrend,0.01856877493077838,0.024104580140798568,-0.03408221469877137,0.007386859901037095,0.12816908604177984
2023-01-23,15,Stock_3,Uptrend,0.04661228714281963,0.02148684951097044,-0.033939281613199396,0.011837012075432965,-0.10614319013020046
2023-01-23,15,Stock_4,Uptrend,0.036784533428595695,0.014627059399595849,-0.015016586036794968,0.00960597774804736,0.3971647528069487
2023-01-23,15,Stock_5,Uptrend,0.04644003904791743,0.023364095801154276,-0.02320774147936135,0.004267759155951242,-0.05050924524880549
2023-01-23,15,Cash,Uptrend,0.00035,0.0,0.0,0.0005,0.0
2023-01-24,16,Stock_1,Uptrend,0.004751877796713156,0.013454036042966695,-0.018905864018551703,0.011682894162979341,0.5253871367380638
2023-01-24,16,Stock_2,Uptrend,-0.007688010374794342,0.00848607627925908,-0.020425442455250246,0.009439564378542915,0.048896255234368746
2023-01-24,16,Stock_3,Uptrend,-0.012464903157281493,0.027383018390225784,-0.0506158316073785,0.007590553677267824,-0.17333356028374622
2023-01-24,16,Stock_4,Uptrend,-0.00648747604458704,0.029842937666881397,-0.03817517712699315,0.008325450802718681,0.4908852062765653
2023-01-24,16,Stock_5,Uptrend,-0.007589257428459827,0.036558031380408876,-0.047320208217725715,0.013528370862833183,-0.04228473988564393
2023-01-24,16,Cash,Uptrend,0.00035,0.0,0.0,0.0005,0.0
2023-01-25,17,Stock_1,Uptrend,-0.003939117494515244,-0.005731083909352949,-0.006427219384961245,0.010628378376876269,0.6193031343490163
2023-01-25,17,Stock_2,Uptrend,-0.0014045616428082289,0.0034271852957602836,0.016343648882746316,0.014265653455886894,0.06409720489500495
2023-01-25,17,Stock_3,Uptrend,0.010190346339194661,0.0027576032970613312,0.013819879476554407,0.01415272192313058,-0.21144051581426387
2023-01-25,17,Stock_4,Uptrend,0.004118037807225784,-0.016592101773178512,0.012206987621039176,0.0066071316691815865,0.3647950492090537
2023-01-25,17,Stock_5,Uptrend,0.011729578922242388,-0.002971917121245296,0.0071316356865191305,0.010762487400045035,0.02648022411716769
2023-01-25,17,Cash,Uptrend,0.00035,0.0,0.0,0.0005,0.0
2023-01-26,18,Stock_1,Uptrend,0.005200017365444154,-0.009435875425713053,0.0010218116765658867,0.0077897367738620745,0.5269501336735131
2023-01-26,18,Stock_2,Uptrend,0.0038601114881506512,0.0017880524282009324,-0.004941581377663072,0.007905234571147148,0.09450387319434045
2023-01-26,18,Stock_3,Uptrend,-0.0002893657350531882,0.005936561525728293,-0.01104558293214144,0.011631642421749888,-0.25217726631322457
2023-01-26,18,Stock_4,Uptrend,0.019061531359701477,0.002543459012192142,-0.0037245218522368364,0.012768823798732312,0.4969317794730086
2023-01-26,18,Stock_5,Uptrend,0.008343508750361401,0.01288158207107127,-0.0182601820385216,0.012546960634680247,-0.08873818834245598
2023-01-26,18,Cash,Uptrend,0.00035,0.0,0.0,0.0005,0.0
2023-01-27,19,Stock_1,Uptrend,0.0009036047318326757,-0.015541203535242302,0.0004983931151929123,0.009425396123534874,0.6379337553515357
2023-01-27,19,Stock_2,Uptrend,0.005959411938304793,0.00454480096473588,-0.004293662626057004,0.005349872390184569,0.24495945463241459
2023-01-27,19,Stock_3,Uptrend,-0.0010679141900975407,0.005716020186737738,0.0035472077341226795,0.009936903434403954,-0.24248801396645597
2023-01-27,19,Stock_4,Uptrend,0.00025340965443113646,0.020149807600454775,-0.022248293382217524,0.010122418402761284,0.41047680075980464
2023-01-27,19,Stock_5,Uptrend,-0.0006942957300905481,0.017895773643434823,-0.0035875602691316007,0.007649798958777711,0.019390783996755673
2023-01-27,19,Cash,Uptrend,0.00035,0.0,0.0,0.0005,0.0
2023-01-30,20,Stock_1,Uptrend,-0.005272800791854257,-0.004523991011115519,0.00020985655377150198,0.009493620957046237,0.692074058843716
2023-01-30,20,Stock_2,Uptrend,-0.011819839306396122,-0.00856376590062829,-0.004582958929565905,0.00895883329480739,0.15277821285158505
2023-01-30,20,Stock_3,Uptrend,-0.010336839576414913,-0.02584977241708994,-0.008453748586069242,0.011920816015538125,-0.1389052616399428
2023-01-30,20,Stock_4,Uptrend,-0.0037983022754240784,-0.0051909309799751885,0.0019203139475312994,0.011189149579239223,0.3928242571420356
2023-01-30,20,Stock_5,Uptrend,0.001860805634906617,-0.010958901810664437,-0.0005752450964470739,0.010374431601846415,-0.07163269167260061
2023-01-30,20,Cash,Uptrend,0.00035,0.0,0.0,0.0005,0.0
2023-01-31,21,Stock_1,Uptrend,0.00730177889370168,-0.015616622900229563,0.0027631173816168395,0.011427078227124871,0.6450848490707117
2023-01-31,21,Stock_2,Uptrend,-0.0012265366390598817,-0.004786277345005075,0.01339753892257083,0.012040666324985325,0.038791786596999084
2023-01-31,21,Stock_3,Uptrend,-0.018418575876119732,0.005298119968270186,0.004777186796428634,0.009184561176804992,-0.127413531202604
2023-01-31,21,Stock_4,Uptrend,-0.012002983503852161,0.0006282022031671099,0.003927231355156555,0.011825293441887921,0.3695418997600911
2023-01-31,21,Stock_5,Uptrend,-0.01566587334763908,0.01368291438280872,0.004583677775203977,0.012900419061824087,-0.10376592649674218
2023-01-31,21,Cash,Uptrend,0.00035,0.0,0.0,0.0005,0.0
2023-02-01,22,Stock_1,Uptrend,-0.008235807919941,0.008126078634137043,-0.0007380931284746688,0.008795212284932755,0.5684593306875597
2023-02-01,22,Stock_2,Uptrend,0.0019095416913844261,0.01200406631474018,0.00832058737374267,0.004596060650211565,0.11832747083163943
2023-02-01,22,Stock_3,Uptrend,-0.006796172498821649,0.002679042236205246,0.01970314099923845,0.012284098634092544,-0.2750757787471126
2023-02-01,22,Stock_4,Uptrend,0.006704213604234511,-0.012114940810140227,0.018063973740620135,0.01213320113509369,0.48069261792459317
2023-02-01,22,Stock_5,Uptrend,-0.018364867352553455,0.0025478946531115737,0.021156714045958903,0.011505041030212783,-0.05583846195412956
2023-02-01,22,Cash,Uptrend,0.00035,0.0,0.0,0.0005,0.0
2023-02-02,23,Stock_1,Uptrend,0.008079070435360262,-0.006103845065682038,0.012011818023985927,0.014842013915100278,0.6294155024758467
2023-02-02,23,Stock_2,Uptrend,-0.0009366991400717346,-0.0024266581759609974,-0.0032211983004079466,0.0094384161134325,0.13900013212046058
2023-02-02,23,Stock_3,Uptrend,0.02307079971510276,-0.003046591853149681,0.0037107751726887573,0.013126346256872498,-0.14914556818089056
2023-02-02,23,Stock_4,Uptrend,0.01990106075759756,-0.003817293001962192,-0.004281178727117951,0.01142246461356572,0.3024052037048899
2023-02-02,23,Stock_5,Uptrend,0.028167588272743724,-0.018800934123769816,0.016354509872204454,0.011967487939893957,-0.01957578842277206
2023-02-02,23,Cash,Uptrend,0.00035,0.0,0.0,0.0005,0.0
2023-02-03,24,Stock_1,Uptrend,-0.004673021535239042,0.0019494540399376068,-0.00906322858983926,0.011503602263053773,0.43182859543709307
2023-02-03,24,Stock_2,Uptrend,0.007350109371816516,0.011432129599549869,0.0071657438303262344,0.012866018010258906,0.15363738343877362
2023-02-03,24,Stock_3,Uptrend,0.011720255140875971,0.011951913617391209,-0.025307548151867632,0.008472467644546924,-0.10404554084677753
2023-02-03,24,Stock_4,Uptrend,0.017175157579332655,0.01724955486724309,-0.02003775608582156,0.007228679676300855,0.2092737633794001
2023-02-03,24,Stock_5,Uptrend,0.02150110413098261,0.024678749653962634,-0.02752647060788502,0.011317783917524487,-0.1176252885773131
2023-02-03,24,Cash,Uptrend,0.00035,0.0,0.0,0.0005,0.0
2023-02-06,25,Stock_1,Uptrend,0.0012777944260901873,0.006917098532487811,-0.0006033364765799191,0.005740928987366963,0.5065481872579456
2023-02-06,25,Stock_2,Uptrend,0.0019280928285608137,0.002454096662011462,-0.018692460519932876,0.009199059805050182,0.18012714415868802
2023-02-06,25,Stock_3,Uptrend,0.004600697746460269,0.004251889095059825,-0.004174112523523274,0.006261333742161169,-0.23622445101677028
2023-02-06,25,Stock_4,Uptrend,0.00642026734642945,0.020032774620381798,-0.027892857793902673,0.012345456433863113,0.3398894646525148
2023-02-06,25,Stock_5,Uptrend,-0.00837452042398247,0.009645783750223185,-0.029409819614493828,0.008622721315290748,0.022781246985455972
2023-02-06,25,Cash,Uptrend,0.00035,0.0,0.0,0.0005,0.0
2023-02-07,26,Stock_1,Uptrend,-0.0037840331095236523,0.008136450020968388,-0.0066721737212031154,0.009966676580469465,0.5948965752590942
2023-02-07,26,Stock_2,Uptrend,-0.00799514078901076,0.0017207267358310538,-0.002452789025854882,0.010863683519644653,0.3459974729119387
2023-02-07,26,Stock_3,Uptrend,-0.006634268518602371,-0.002580831929591435,-0.008256697317046625,0.011024389843735709,-0.20083132092493491
2023-02-07,26,Stock_4,Uptrend,0.017646844657966364,0.01231225974805479,-0.00370859943907247,0.012975704243866043,0.4486769051905868
2023-02-07,26,Stock_5,Uptrend,-0.01782497686279315,0.004563614097957266,0.009453082844191014,0.008278464553458955,-0.12813595752756043
2023-02-07,26,Cash,Uptrend,0.00035,0.0,0.0,0.0005,0.0
2023-02-08,27,Stock_1,Uptrend,0.008246061078354728,-0.0037785271748883046,-0.0005124846576904235,0.008644664068724037,0.504846031909765
2023-02-08,27,Stock_2,Uptrend,0.015597365005408622,-0.0013634657954676851,0.018323746796863397,0.010511140598278727,0.09765204821368967
2023-02-08,27,Stock_3,Uptrend,0.014214585631206146,-0.009962541640680257,0.02033002879672515,0.007437276602147724,-0.31110269768430554
2023-02-08,27,Stock_4,Uptrend,0.019245812419393736,-0.007226761695542585,-0.025703405203988283,0.010725414885106711,0.40419962347443356
2023-02-08,27,Stock_5,Uptrend,0.014202137478286168,-0.02358544761246404,0.01881568068854161,0.008407622161773818,-0.11843205535645206
2023-02-08,27,Cash,Uptrend,0.00035,0.0,0.0,0.0005,0.0
2023-02-09,28,Stock_1,Uptrend,0.020216640908590964,0.0022746884643678193,-0.001618427382692321,0.012307458772204724,0.5571504310006997
2023-02-09,28,Stock_2,Uptrend,0.02906226151205393,0.010765413352201537,-0.008201659851369733,0.008542430662958709,0.05664856336060062
2023-02-09,28,Stock_3,Uptrend,0.023882976500708666,0.020999650418428682,-0.019508647952862085,0.01269422131465831,-0.03403646577305387
2023-02-09,28,Stock_4,Uptrend,0.02602753532202616,0.01391745185369615,-0.01648371042960276,0.011903923475834648,0.273358159825152
2023-02-09,28,Stock_5,Uptrend,0.032321803529907274,0.0036308829518507954,-0.013972209945039104,0.009279362217295816,-0.06402956258781942
2023-02-09,28,Cash,Uptrend,0.00035,0.0,0.0,0.0005,0.0
2023-02-10,29,Stock_1,Uptrend,0.023188342677969542,0.01797139257030053,-0.019886743248758117,0.01036160686153462,0.6032602685525
2023-02-10,29,Stock_2,Uptrend,0.027778498662423868,0.009932789130298453,-0.03258836897773115,0.010050076378781105,0.25334713531221154
2023-02-10,29,Stock_3,Uptrend,0.03421411928450603,0.03300332471911293,-0.023540501459046227,0.010805473561190245,-0.13855117931813787
2023-02-10,29,Stock_4,Uptrend,0.0198952191878062,0.003997105639872114,-0.021693967339045498,0.010168442118944026,0.35307479469712244
2023-02-10,29,Stock_5,Uptrend,0.020013670936181595,0.018861141186953576,-0.02335129254215338,0.008566308151840585,-0.05783936365706747
2023-02-10,29,Cash,Uptrend,0.00035,0.0,0.0,0.0005,0.0
2023-02-13,30,Stock_1,Uptrend,0.01154416849275687,0.014986719023408701,-0.018061259727530837,0.009739302576816967,0.7380866138216999
2023-02-13,30,Stock_2,Uptrend,0.014936333935721541,0.010906405133897477,-0.029064156904681112,0.010175307930032733,0.13928918524607964
2023-02-13,30,Stock_3,Uptrend,0.012676667921627112,0.02792786896216295,-0.03405739231604283,0.011850895045413087,-0.032654288933618214
2023-02-13,30,Stock_4,Uptrend,-0.005321438620684987,0.005896530755146242,-0.030522595890856596,0.008747518330150153,0.21041169128688522
2023-02-13,30,Stock_5,Uptrend,0.009203515165125513,-0.004656387863574139,-0.0220737441567184,0.009569096862005211,-0.06291949069637241
2023-02-13,30,Cash,Uptrend,0.00035,0.0,0.0,0.0005,0.0
2023-02-14,31,Stock_1,Uptrend,0.017758225280235018,-0.0036784123080677985,-0.008175368155505375,0.010041962593079289,0.5410041639428514
2023-02-14,31,Stock_2,Uptrend,0.028548913839964607,0.014072362059667427,-0.019954913103198,0.011716602113697407,0.15468066887787713
2023-02-14,31,Stock_3,Uptrend,0.02097739603961504,0.0033121577623964685,-0.018931478069488042,0.0118232851803768,-0.12077284826878473
2023-02-14,31,Stock_4,Uptrend,0.016304693281579116,0.0034853734177963686,0.011944582791043351,0.01232512916506236,0.24446099336610316
2023-02-14,31,Stock_5,Uptrend,0.005469958859228402,0.003646141251596515,-0.005703063144901009,0.0093649882449963,-0.22744750046814793
2023-02-14,31,Cash,Uptrend,0.00035,0.0,0.0,0.0005,0.0
2023-02-15,32,Stock_1,Uptrend,0.015269948010306275,0.0035021821801206852,-0.013143609355637218,0.010716344228521506,0.6045310777407376
2023-02-15,32,Stock_2,Uptrend,0.010551325158186152,0.020846577358110643,-0.0248098549794174,0.010970328252368313,0.24158496016570064
2023-02-15,32,Stock_3,Uptrend,0.010294713211363694,0.02323042560726854,-0.02706445654987153,0.010484930272579695,-0.19064773272242733
2023-02-15,32,Stock_4,Uptrend,0.009432163593509162,0.013916429108431064,-0.008397719936615235,0.008552249056880344,0.29001582986452457
2023-02-15,32,Stock_5,Uptrend,0.012155508758260781,0.0025097927201922386,-0.00044389448478610646,0.011321747275007957,-0.11898726217270202
2023-02-15,32,Cash,Uptrend,0.00035,0.0,0.0,0.0005,0.0
2023-02-16,33,Stock_1,Uptrend,0.011521203939762584,0.005002179106314351,-0.01575383509832919,0.0071336987753923865,0.5555295956985288
2023-02-16,33,Stock_2,Uptrend,0.012938841739427703,0.003205984068713894,-0.0006891543662024668,0.00925531062481498,0.08864417044838425
2023-02-16,33,Stock_3,Uptrend,0.012433724314536314,0.016152142806669913,-0.002740011343661167,0.009182359708428406,-0.23724825818967055
2023-02-16,33,Stock_4,Uptrend,0.030280248435371963,0.003924132478976501,-0.0014312271115638833,0.010019171421651252,0.40870645604181943
2023-02-16,33,Stock_5,Uptrend,0.019128635662238193,-0.0006168121569881807,-0.01615150627721271,0.011849661688304834,-0.016895021568374767
2023-02-16,33,Cash,Uptrend,0.00035,0.0,0.0,0.0005,0.0
2023-02-17,34,Stock_1,Uptrend,0.0022404927069820894,0.01521425798989864,0.0025756611702325346,0.009615926844039438,0.6253334631220179
2023-02-17,34,Stock_2,Uptrend,0.011614758158144873,0.014298938019635686,-0.008486576779828475,0.011466995529766835,0.10088798867740362
2023-02-17,34,Stock_3,Uptrend,0.026791037447990454,0.003194402238023788,-0.012997825170726635,0.012204410799696822,-0.24617770969135763
2023-02-17,34,Stock_4,Uptrend,0.014891387058732658,0.018775607672179895,-0.029162376406785553,0.014928752273128766,0.4300345826648798
2023-02-17,34,Stock_5,Uptrend,0.024167928330122646,0.01497761937038021,-0.016529348598629916,0.013056768735401082,0.04881325278042174
2023-02-17,34,Cash,Uptrend,0.00035,0.0,0.0,0.0005,0.0
2023-02-20,35,Stock_1,Reversal,0.019727802472992186,-0.01237985732797126,-0.0019407793967741263,0.015769515281969973,0.5320702748955403
2023-02-20,35,Stock_2,Reversal,0.0240028217755948,-0.012206704999822376,-0.008398625877298834,0.014911960353251872,0.24961144727502102
2023-02-20,35,Stock_3,Reversal,0.029298417563559925,0.013937343221646145,-0.02747815237769472,0.011834561814104447,-0.11985295415980365
2023-02-20,35,Stock_4,Reversal,0.02771200167124515,0.008746430222213605,-0.017809783410286387,0.01332922729334262,0.39222141207820804
2023-02-20,35,Stock_5,Reversal,0.006751200902341249,0.025334593664219175,-0.030722057357455333,0.011797307555206821,-0.1258172454362746
2023-02-20,35,Cash,Reversal,0.00035,0.0,0.0,0.0005,0.0
2023-02-21,36,Stock_1,Reversal,0.006667070389073721,0.02270867335959839,-0.021021583789640242,0.01512925336821306,0.6435158325995605
2023-02-21,36,Stock_2,Reversal,-0.015649259852526878,0.017385747840720545,-0.02538580056981022,0.01026826596025208,0.06512816070973279
2023-02-21,36,Stock_3,Reversal,-0.018157514606312403,0.014107564846968908,-0.024708064992137242,0.015223635535716725,-0.02494211052549966
2023-02-21,36,Stock_4,Reversal,-0.0004317918309666444,0.020911330379336276,-0.01590514790423242,0.014081290786233831,0.2267311568807412
2023-02-21,36,Stock_5,Reversal,0.00086128612254667,0.008498993385265663,-0.01678899681955057,0.021122043406261233,0.005814856385530642
2023-02-21,36,Cash,Reversal,0.00035,0.0,0.0,0.0005,0.0
2023-02-22,37,Stock_1,Reversal,0.02383073414720116,-0.007454597439287962,-0.007093331819477858,0.011965771318437856,0.5646002295052166
2023-02-22,37,Stock_2,Reversal,0.035793102421943196,-0.005368011901546979,0.014565977001115681,0.013714320716644428,0.1741232451134137
2023-02-22,37,Stock_3,Reversal,0.04172670405343171,-0.017074935709321247,0.013489231578593882,0.014547067712121125,0.030906456133892368
2023-02-22,37,Stock_4,Reversal,0.022454083071276245,0.006763336135195793,0.0038181277084304442,0.016281642190435756,0.329798278041984
2023-02-22,37,Stock_5,Reversal,0.03546895687824075,-0.0017471852752993676,-0.0022134655074482028,0.01568678199053806,-0.27446051908316976
2023-02-22,37,Cash,Reversal,0.00035,0.0,0.0,0.0005,0.0
2023-02-23,38,Stock_1,Reversal,-0.017365937373552624,0.014696990130309515,-0.0223960395235439,0.018095944318733185,0.757583983265933
2023-02-23,38,Stock_2,Reversal,-0.006123276145266766,0.013291710061435383,-0.028994802347707304,0.011666918835815214,0.16837500101539982
2023-02-23,38,Stock_3,Reversal,-0.011318860311542802,0.0278457798309991,-0.05199933910679322,0.013840817371879748,-0.04703443657551441
2023-02-23,38,Stock_4,Reversal,-0.01873278367021485,0.0175604167025857,-0.021294356613754367,0.015122443595137546,0.3361405717540331
2023-02-23,38,Stock_5,Reversal,-0.01840412353529327,0.01454868141848033,-0.030730152532097002,0.01818380728295136,-0.07798261782999752
2023-02-23,38,Cash,Reversal,0.00035,0.0,0.0,0.0005,0.0
2023-02-24,39,Stock_1,Reversal,0.028160029886621918,-0.02825942752133917,0.02060525259126395,0.011876513536477812,0.7770768778517669
2023-02-24,39,Stock_2,Reversal,0.03551451552041735,-0.005653926267464111,0.007213110819548338,0.013708155900742768,0.12840565370136267
2023-02-24,39,Stock_3,Reversal,0.01454006360442544,-0.012303496199970392,0.0097919088443234,0.01441801105424864,-0.07764079591338291
2023-02-24,39,Stock_4,Reversal,0.004449971481884241,-0.0008924895928784874,0.022255454789173977,0.012813287858634599,0.3258325830828554
2023-02-24,39,Stock_5,Reversal,0.03558675148243996,-0.010839808352538883,0.012782218821635674,0.015335363093407179,0.04365958449457896
2023-02-24,39,Cash,Reversal,0.00035,0.0,0.0,0.0005,0.0
2023-02-27,40,Stock_1,Reversal,-0.0025240168189674984,0.02921888823520611,-0.020907867242730256,0.014071923651966233,0.5704711131611995
2023-02-27,40,Stock_2,Reversal,-0.014634098527672413,0.010850688029686585,-0.02728560061897068,0.015329352467738066,0.07914354372797223
2023-02-27,40,Stock_3,Reversal,-0.019739077722882088,0.006191352073106017,-0.01734243261224755,0.012720072572238762,-0.04977123921866268
2023-02-27,40,Stock_4,Reversal,-0.026626837271264713,0.006539166898160499,-0.0033023072352714776,0.01894741410171179,0.40190237909413246
2023-02-27,40,Stock_5,Reversal,-0.025544281395679477,0.038867049604028814,-0.04005650428191451,0.015124413125933383,-0.07396248254711033
2023-02-27,40,Cash,Reversal,0.00035,0.0,0.0,0.0005,0.0
2023-02-28,41,Stock_1,Reversal,-0.004342289180695927,-0.002164360859328948,0.011801397422350658,0.016116486172562207,0.6845272731312402
2023-02-28,41,Stock_2,Reversal,-0.02079307678233513,0.0030798016959475063,0.016246467249179133,0.014415889883214182,0.02585194345877155
2023-02-28,41,Stock_3,Reversal,-0.015926290048878744,-0.006513192386495637,0.0165371814423204,0.009914319097018457,-0.1944699822784448
2023-02-28,41,Stock_4,Reversal,-0.015095522395624901,-0.028152588526511473,0.027128402203657524,0.02002708081973239,0.28045991825593225
2023-02-28,41,Stock_5,Reversal,-0.008483020534584888,-0.019048497122294727,0.032412958269391015,0.012210302321987714,0.018251798704538982
2023-02-28,41,Cash,Reversal,0.00035,0.0,0.0,0.0005,0.0
2023-03-01,42,Stock_1,Reversal,0.00017371511417382107,-0.010888475246309103,-0.008847754849601423,0.013862287586871086,0.4255674863438855
2023-03-01,42,Stock_2,Reversal,0.007843335264781448,-0.0068112845166719066,0.018648378579601797,0.01735274057676693,0.1370878276998861
2023-03-01,42,Stock_3,Reversal,-0.011057325617277257,-0.004781524584793331,0.01395037666509149,0.008723328124673104,-0.14749764274600838
2023-03-01,42,Stock_4,Reversal,-0.015732025148422465,-0.007389060835884075,0.00921825468592458,0.0135026652533298,0.3582574940313912
2023-03-01,42,Stock_5,Reversal,-0.013855902440313081,-0.014000241671833297,0.0030937163123990847,0.01769406973693804,0.0953694049674252
2023-03-01,42,Cash,Reversal,0.00035,0.0,0.0,0.0005,0.0
2023-03-02,43,Stock_1,Reversal,-0.00626536020202772,-0.006350485140434611,-0.008461990169964259,0.01286350646447874,0.8067386943519972
2023-03-02,43,Stock_2,Reversal,-0.004813825019683729,0.0028092700157737074,0.00019707791696289313,0.0156230771869288,0.07916696308238973
2023-03-02,43,Stock_3,Reversal,-0.0006719226642306292,0.006039552577818414,0.013265311231792226,0.012034734213184725,-0.05121107520418111
2023-03-02,43,Stock_4,Reversal,-0.008956676767276734,-0.015338589123707759,0.02056504652497131,0.016420550636321182,0.4202880602737886
2023-03-02,43,Stock_5,Reversal,-0.015883858979686957,-0.013854091476054856,0.016675396721137575,0.01859404036145007,-0.1430912601905461
2023-03-02,43,Cash,Reversal,0.00035,0.0,0.0,0.0005,0.0
2023-03-03,44,Stock_1,Reversal,0.016615563613446602,-0.009896727180841568,0.00587700115172967,0.015814006434897786,0.6920611872565426
2023-03-03,44,Stock_2,Reversal,-0.0022628043776815594,-0.0023942442877200472,0.0018071878493657193,0.010771794207759061,0.08649567812741862
2023-03-03,44,Stock_3,Reversal,0.008758542764638128,0.003411585229149524,0.0008908112515350558,0.01936960467888287,0.014931974601033432
2023-03-03,44,Stock_4,Reversal,0.0019268497460135509,-0.010136418883140277,0.004422615712483955,0.01250329898679191,0.1638837077120918
2023-03-03,44,Stock_5,Reversal,0.007527470676719071,-0.016926656481688153,0.02126235424862883,0.01398620398771317,-0.2810923296153146
2023-03-03,44,Cash,Reversal,0.00035,0.0,0.0,0.0005,0.0
2023-03-06,45,Stock_1,Reversal,-0.010888142563095674,0.011597908195911843,-0.00953902123193875,0.015956975052145043,0.6129032637121927
2023-03-06,45,Stock_2,Reversal,0.004328882801598105,-0.0034996142330179876,-0.004122169596621849,0.018402020459703707,0.21838240729635264
2023-03-06,45,Stock_3,Reversal,-0.004181141575349163,0.001894268196067099,-0.007108380397914312,0.01434078395371239,-0.16332666658978398
2023-03-06,45,Stock_4,Reversal,0.0002731539884283942,-0.0004510142778406795,6.53804871922326e-05,0.017023372086708035,0.3952482398147292
2023-03-06,45,Stock_5,Reversal,0.00653141084995823,-0.0005851111272719084,-0.01818751946160714,0.01480056778649782,-0.17416276326169455
2023-03-06,45,Cash,Reversal,0.00035,0.0,0.0,0.0005,0.0
2023-03-07,46,Stock_1,Reversal,-0.015467957593213913,0.00779914687290631,0.00887713374114049,0.011270528652320774,0.6571096817048672
2023-03-07,46,Stock_2,Reversal,-0.0024592298973241003,-0.0003318607330589202,0.0002896435461565098,0.01372951494137813,0.10790512308669087
2023-03-07,46,Stock_3,Reversal,-0.005125609391307417,-0.011202740524024828,0.009422193961848064,0.012270439539457511,-0.2982330483315428
2023-03-07,46,Stock_4,Reversal,0.005671933234980242,-0.01650466681300736,0.00434259861866261,0.015402015281726297,0.40480459471056823
2023-03-07,46,Stock_5,Reversal,-0.002629818214603928,0.004043353216929033,-0.012058699300501607,0.014100145875831057,0.15582451512239714
2023-03-07,46,Cash,Reversal,0.00035,0.0,0.0,0.0005,0.0
2023-03-08,47,Stock_1,Reversal,-0.007730087248545898,-0.01465356634510956,0.013727581423430706,0.01992764259549751,0.5361770207788948
2023-03-08,47,Stock_2,Reversal,-0.004439023179419617,0.006339416404164858,-0.0003929888611720234,0.020218301534604643,0.09398535926007126
2023-03-08,47,Stock_3,Reversal,0.028052977106248878,-0.0016496532844445058,0.009580109627577254,0.02070358037853255,-0.2690935922966867
2023-03-08,47,Stock_4,Reversal,0.007155472880014234,-0.005955200373419244,-0.010908315329945796,0.01625516912417966,0.38981455769859547
2023-03-08,47,Stock_5,Reversal,0.011065958110716187,-0.0057322035564532255,4.988812347662399e-05,0.017518541520774984,0.007456894507754677
2023-03-08,47,Cash,Reversal,0.00035,0.0,0.0,0.0005,0.0
2023-03-09,48,Stock_1,Reversal,0.0038485479881008116,0.004839142588119425,0.006949227555326242,0.020459607329595907,0.6412795626507403
2023-03-09,48,Stock_2,Reversal,0.00573763649630828,0.0014107311749561582,-0.0056089741017404,0.01544488109960127,0.2600549560450143
2023-03-09,48,Stock_3,Reversal,0.020903544010975862,0.02153147845210262,-0.03923080758122356,0.021499943852211455,-0.21602733256170442
2023-03-09,48,Stock_4,Reversal,-0.0018434313129065578,0.008793548358809286,-0.0055062580999179645,0.012522593219280093,0.2891053529920205
2023-03-09,48,Stock_5,Reversal,0.012465902460964089,0.011026769002932707,-0.012456648840394574,0.01936296813191713,-0.0908845066245226
2023-03-09,48,Cash,Reversal,0.00035,0.0,0.0,0.0005,0.0
2023-03-10,49,Stock_1,Reversal,0.022058563204853426,-0.0022291382180834075,3.783682530084402e-05,0.011935058690466889,0.5843942431171703
2023-03-10,49,Stock_2,Reversal,0.0367377633186978,-0.001982254416308605,-0.012684526241797311,0.0179478849851527,0.2176553984273963
2023-03-10,49,Stock_3,Reversal,0.02023426255848868,0.013300860942667764,-0.012840416717668147,0.011700487555703389,-0.23306873243744525
2023-03-10,49,Stock_4,Reversal,0.03640912925070776,0.0034106819078719335,0.009059726584441746,0.019196775711299227,0.1975154383928821
2023-03-10,49,Stock_5,Reversal,0.03982908676965076,0.006797159204337212,-0.007050755926540788,0.011254442381963358,-0.09157069482626001
2023-03-10,49,Cash,Reversal,0.00035,0.0,0.0,0.0005,0.0
2023-03-13,50,Stock_1,Reversal,-0.008749130147790305,0.01063360125829101,-0.008731366110869719,0.014518518676362412,0.4679521589025507
2023-03-13,50,Stock_2,Reversal,-0.00630815554323477,0.02715815764632315,-0.0237849571686267,0.01474331325154036,0.05804155339618157
2023-03-13,50,Stock_3,Reversal,-0.010935748200232149,0.005474763737895451,-0.03456544175589442,0.013075293042546957,-0.15324805789912124
2023-03-13,50,Stock_4,Reversal,-0.005252663051057221,0.014324527681002805,-0.039275099228622254,0.014292689711953849,0.3987890145117693
2023-03-13,50,Stock_5,Reversal,-0.017511547901294028,0.025320390643927767,-0.040888321553434685,0.01140514778441689,0.13610620059501516
2023-03-13,50,Cash,Reversal,0.00035,0.0,0.0,0.0005,0.0
2023-03-14,51,Stock_1,Reversal,0.0026721244267297606,-0.011998834724905347,0.009869438829719674,0.014532483050229202,0.6844009666173604
2023-03-14,51,Stock_2,Reversal,-0.011882358064993274,-0.010085697609354379,-0.000494556247981939,0.014436732620514758,0.15972569141858808
2023-03-14,51,Stock_3,Reversal,-0.01860394176353984,-0.015077524723669463,0.001874940078536877,0.014536803638664081,-0.3591598838449287
2023-03-14,51,Stock_4,Reversal,-0.00218368346318274,-0.012197867892251428,0.01084077183277363,0.01220174775637279,0.3518323927060774
2023-03-14,51,Stock_5,Reversal,-0.014572977250455204,-0.007914196548522916,0.01623368927138396,0.01840298725950823,-0.04798420238562753
2023-03-14,51,Cash,Reversal,0.00035,0.0,0.0,0.0005,0.0
2023-03-15,52,Stock_1,Reversal,0.011718957571405082,0.017326766405384768,-0.01002615230061921,0.011736625242379558,0.5588434819188783
2023-03-15,52,Stock_2,Reversal,0.021276913395847988,-0.0031855334705147894,0.016202146668809207,0.013755985150995013,0.1762981972564447
2023-03-15,52,Stock_3,Reversal,0.009677016196736133,-0.024919426982802827,0.03445039320422899,0.020602163708355516,-0.2373009359401701
2023-03-15,52,Stock_4,Reversal,-0.01502385330325181,0.005284754263130006,0.003086055952696599,0.014137574477336406,0.38761437066266347
2023-03-15,52,Stock_5,Reversal,0.028159329871396795,-0.009889096477887856,0.014473944153834796,0.013362711110356557,-0.1148049295012021
2023-03-15,52,Cash,Reversal,0.00035,0.0,0.0,0.0005,0.0
2023-03-16,53,Stock_1,Reversal,0.024422191700754145,0.011898972670572272,-0.009272147785615222,0.02217015379847362,0.679423645433522
2023-03-16,53,Stock_2,Reversal,0.005301253873107184,0.024353131624895892,-0.013004309323715255,0.014393374572113881,0.058706748822443866
2023-03-16,53,Stock_3,Reversal,0.01615154725372643,-0.013173727250535092,-0.008045901590238266,0.014581946562875338,-0.19244676634564156
2023-03-16,53,Stock_4,Reversal,0.017199425412338064,-0.010930460888676535,0.011775827327330776,0.016440013262157698,0.15843832401853356
2023-03-16,53,Stock_5,Reversal,0.018292910587137313,0.010784341330571628,-0.02440922021120747,0.014725681362785575,-0.0422930611808646
2023-03-16,53,Cash,Reversal,0.00035,0.0,0.0,0.0005,0.0
2023-03-17,54,Stock_1,Reversal,-0.0036682236625253627,0.019665808370763146,-0.0288291400793683,0.010100924470789242,0.7063898131430797
2023-03-17,54,Stock_2,Reversal,-0.004451612069019521,0.001883241550890222,-0.005931633798252845,0.014853674324020747,0.14018514752461192
2023-03-17,54,Stock_3,Reversal,0.0072433179565106155,-0.009673739704459615,-0.019871105723544006,0.01289426269841569,-0.2659974401115176
2023-03-17,54,Stock_4,Reversal,0.030053811865801364,0.018445872469849002,-0.008908193861258235,0.020286711431747505,0.5386204852759698
2023-03-17,54,Stock_5,Reversal,-0.008412072908502176,0.012990459848605881,-0.02335036747152884,0.014393134639345979,-0.10175704401253874
2023-03-17,54,Cash,Reversal,0.00035,0.0,0.0,0.0005,0.0
2023-03-20,55,Stock_1,Reversal,0.008524485168277572,0.011301019119797764,0.0011286237626076793,0.016964731734514894,0.6687887434899518
2023-03-20,55,Stock_2,Reversal,0.004910202246433534,0.005026516475265523,0.015687361357961786,0.014185102097565606,0.21246769531275317
2023-03-20,55,Stock_3,Reversal,-0.004236009453736998,0.0065708206918485695,-0.007732035833937201,0.017223902223964374,-0.08614265724351372
2023-03-20,55,Stock_4,Reversal,-0.0005699174795268675,0.002163572578916806,-0.031115096829217,0.019383506574412408,0.23457184375621176
2023-03-20,55,Stock_5,Reversal,0.010575356982132718,-0.0021187111039275555,0.006891901858750277,0.015703422749916835,-0.10434254103847863
2023-03-20,55,Cash,Reversal,0.00035,0.0,0.0,0.0005,0.0
2023-03-21,56,Stock_1,Reversal,0.011143581663965781,0.0195295681412488,-0.016079290997239072,0.016192486705503658,0.6303775302494923
2023-03-21,56,Stock_2,Reversal,0.00971942372463585,-0.008999925203352178,-0.0056796940935318445,0.008940620272041636,0.14606708683321612
2023-03-21,56,Stock_3,Reversal,-0.013856400057235539,-0.0014255666604620126,-0.008872384839308776,0.016953134390902437,-0.022524547159738617
2023-03-21,56,Stock_4,Reversal,-0.0024424525904565703,0.006522370489861713,-2.1346754634244845e-05,0.017978768608967494,0.41124782521719927
2023-03-21,56,Stock_5,Reversal,-0.010449286688515129,1.722001494238682e-05,-0.014492973462466766,0.012403086681392575,-0.055710129124336934
2023-03-21,56,Cash,Reversal,0.00035,0.0,0.0,0.0005,0.0
2023-03-22,57,Stock_1,Reversal,-0.030345337672800586,0.008768827031598972,-0.01827702701558892,0.012046167397488872,0.5984731376042565
2023-03-22,57,Stock_2,Reversal,-0.03154674800467987,0.014487986064724567,-0.008803254219796238,0.014028689519397994,0.13225989296141888
2023-03-22,57,Stock_3,Reversal,-0.04339651406691638,-0.008822207604023191,0.02232079824127236,0.014943606314493303,-0.10949944757760499
2023-03-22,57,Stock_4,Reversal,-0.027976588762114438,-0.002571613631748382,0.002070468431358952,0.015688565332651887,0.38266180939704525
2023-03-22,57,Stock_5,Reversal,-0.020078637052097528,-0.012244761228245065,0.01495670530256251,0.014883842247692037,-0.08125036003538072
2023-03-22,57,Cash,Reversal,0.00035,0.0,0.0,0.0005,0.0
2023-03-23,58,Stock_1,Reversal,-0.01535835355120958,-0.01895997915839183,0.02629619007799963,0.00889240864890909,0.6359740737864967
2023-03-23,58,Stock_2,Reversal,0.003577474102206284,-0.017746675095472918,0.027142104251352623,0.015309654302018055,0.1452888115109878
2023-03-23,58,Stock_3,Reversal,-0.014029496504534637,-0.024860325524329534,0.04512735427994337,0.009008902131419812,-0.22418053239612173
2023-03-23,58,Stock_4,Reversal,-0.0012125056405078317,-0.030224394942325403,0.04469213763912187,0.01457035076418251,0.44722728461893213
2023-03-23,58,Stock_5,Reversal,-0.007180092687863626,-0.009604121222714842,0.00995383257621406,0.008741060249790315,-0.034798743818302676
2023-03-23,58,Cash,Reversal,0.00035,0.0,0.0,0.0005,0.0
2023-03-24,59,Stock_1,Reversal,-0.004082997059283897,-0.00851587477241881,0.004585059371061934,0.013915832142853168,0.6128840691630474
2023-03-24,59,Stock_2,Reversal,0.013553114264183326,0.011060695153425625,-0.0062315508882442566,0.015756633379366843,0.02903716135775579
2023-03-24,59,Stock_3,Reversal,0.0011097609881074357,-0.007845124168128055,0.015380610644603387,0.020963630509438995,-0.34857953986987533
2023-03-24,59,Stock_4,Reversal,0.03152780382744075,-0.00221618499719152,-0.003187906835096858,0.017385403140476915,0.2500667873525827
2023-03-24,59,Stock_5,Reversal,0.020022226155298133,-0.003440986134098255,0.019734226384483765,0.021444965143980258,-0.03277942146814174
2023-03-24,59,Cash,Reversal,0.00035,0.0,0.0,0.0005,0.0
2023-03-27,60,Stock_1,Shock,0.03475238098552239,-0.009942292317652115,0.002075920287829392,0.024636900978857054,0.6508388565349985
2023-03-27,60,Stock_2,Shock,-0.011582779888448854,0.010554399495656081,-0.019068483356309947,0.04608914416617905,0.19231235387630938
2023-03-27,60,Stock_3,Shock,0.007456839028020154,0.002025830085601537,0.0006364760078883078,0.029070832205487895,-0.19954656203867674
2023-03-27,60,Stock_4,Shock,0.024752482088379067,0.02788405588528126,-0.033344413206820606,0.031150879715508048,0.17622948117182347
2023-03-27,60,Stock_5,Shock,-0.02901763330005541,0.01372525109237202,-0.01550044975169779,0.03879684284246155,-0.06512533373685961
2023-03-27,60,Cash,Shock,0.00035,0.0,0.0,0.0005,0.0
2023-03-28,61,Stock_1,Shock,0.016341312788876447,0.02711160913745958,-0.037251670654287736,0.045691996887688456,0.6093967025476498
2023-03-28,61,Stock_2,Shock,0.030019896309828126,-0.005818241540588406,0.015524561308227703,0.042401601857760936,0.18714472342152794
2023-03-28,61,Stock_3,Shock,0.0029103181950486563,0.0043484977580870296,-0.012163983334928893,0.030032501254458457,-0.1677884392363334
2023-03-28,61,Stock_4,Shock,-0.009932219937029137,0.015413010592618102,-0.015654392292848894,0.04038002877117928,0.34990792729598275
2023-03-28,61,Stock_5,Shock,-0.01664394757051786,-0.02119326224202363,0.03809598416937744,0.03327815650395154,0.009117256054128269
2023-03-28,61,Cash,Shock,0.00035,0.0,0.0,0.0005,0.0
2023-03-29,62,Stock_1,Shock,0.01045299595804039,0.014072943161869755,-0.01697759618281829,0.02155644465428714,0.7383945815486832
2023-03-29,62,Stock_2,Shock,0.04441979661182463,0.024712660125834077,-0.011805339643642124,0.036994445211111865,0.18083923219382475
2023-03-29,62,Stock_3,Shock,0.025158226182408414,0.014852431433849348,0.005123919636910895,0.032773774123541786,-0.09435685079366542
2023-03-29,62,Stock_4,Shock,-0.0005625151424830631,-0.011924194070538966,0.00043302010701705244,0.04313285730235564,0.447764779274329
2023-03-29,62,Stock_5,Shock,-0.011280585911986857,-0.015626210221677136,0.017420076154045356,0.04321790151680127,0.0059534928816005195
2023-03-29,62,Cash,Shock,0.00035,0.0,0.0,0.0005,0.0
2023-03-30,63,Stock_1,Shock,-0.06684793825126431,0.016832774842870615,-0.018282238112504658,0.0240052502315573,0.6420070965251807
2023-03-30,63,Stock_2,Shock,-0.059969901025514055,0.027503750085914346,-0.03778828911387384,0.04464249406144985,0.12454348567744214
2023-03-30,63,Stock_3,Shock,-0.1354116557301846,0.00434821792477187,-0.024371049370030692,0.03900747938885081,-0.019041317413127118
2023-03-30,63,Stock_4,Shock,-0.014156323684141183,0.0019190705193767638,0.0002564701494142402,0.036847561871284615,0.3451342395949695
2023-03-30,63,Stock_5,Shock,-0.10342084567293106,-0.00964569371220722,0.02175634857293516,0.016743319777364544,-0.16455297323895346
2023-03-30,63,Cash,Shock,0.00035,0.0,0.0,0.0005,0.0
2023-03-31,64,Stock_1,Shock,-0.05267263636579088,-0.04797168277904398,0.07527597452135688,0.030815172476648656,0.4131951006307092
2023-03-31,64,Stock_2,Shock,-0.056850963680921004,-0.023535571619835386,0.06789532048727369,0.04476940078117664,0.14435168294984158
2023-03-31,64,Stock_3,Shock,-0.09733558252491675,-0.08575975076646601,0.1408717412205086,0.03399626288562165,-0.10768853076702245
2023-03-31,64,Stock_4,Shock,-0.021017298233178907,-0.017188929537937644,0.008467861689607014,0.03867935775407161,0.3630616549617619
2023-03-31,64,Stock_5,Shock,-0.05854387217017173,-0.07186302921988019,0.09898935431572822,0.023545001054913667,-0.018257236314950395
2023-03-31,64,Cash,Shock,0.00035,0.0,0.0,0.0005,0.0
2023-04-03,65,Stock_1,Shock,-0.009194803730343674,-0.023938824099724563,0.06222694358660174,0.033200166005533674,0.4811667436229945
2023-04-03,65,Stock_2,Shock,-0.012287534587004191,-0.05584300172158675,0.055737069925248905,0.030754206401242542,0.2433050088878029
2023-04-03,65,Stock_3,Shock,-0.03676021702375305,-0.06840779015235288,0.09923967742079837,0.03023421611576983,-0.12043152731096797
2023-04-03,65,Stock_4,Shock,-0.045880429260561795,-0.013682159194499166,0.01628424544227411,0.02772122217993673,0.33103802028711177
2023-04-03,65,Stock_5,Shock,-0.03214277487364566,-0.049572215718362934,0.05487957762929101,0.038039496888709494,-0.0026125564234689425
2023-04-03,65,Cash,Shock,0.00035,0.0,0.0,0.0005,0.0
2023-04-04,66,Stock_1,Shock,-0.04528176887788923,-0.014455327479719528,0.011364611371113284,0.04346806000721548,0.5616479284123754
2023-04-04,66,Stock_2,Shock,-0.08755413725715695,-0.005717519931507039,0.011312174724594365,0.03307661049097126,0.288832865844013
2023-04-04,66,Stock_3,Shock,-0.08324918199330332,-0.030118870549583534,0.02875726975451908,0.0401502570611974,-0.19784798470980994
2023-04-04,66,Stock_4,Shock,-0.06506797364417272,-0.0398305970750367,0.052545025170704175,0.02252646240822316,0.2487969520504103
2023-04-04,66,Stock_5,Shock,-0.0982596317672207,-0.02018118239106299,0.031653887204934124,0.03133104904770652,-0.09513310623749019
2023-04-04,66,Cash,Shock,0.00035,0.0,0.0,0.0005,0.0
2023-04-05,67,Stock_1,Shock,-0.029450561555276564,-0.02393358303760139,0.04432576769767904,0.02952644474725843,0.613194155086255
2023-04-05,67,Stock_2,Shock,-0.06602292650883743,-0.04942407458629039,0.08771637617161397,0.03145148951220636,-0.012419152324290056
2023-04-05,67,Stock_3,Shock,-0.07803781084207906,-0.04666092831198171,0.0736689417618814,0.04605194621007238,-0.23338610498975898
2023-04-05,67,Stock_4,Shock,-0.018883528077839256,-0.05576866801166261,0.071540516413387,0.03605467900625091,0.45386924718953464
2023-04-05,67,Stock_5,Shock,-0.10048694886377071,-0.07592377935299531,0.10822296885990115,0.03595585674847967,-0.1437439971275344
2023-04-05,67,Cash,Shock,0.00035,0.0,0.0,0.0005,0.0
2023-04-06,68,Stock_1,Shock,0.02960186513122243,-0.01792113644109166,0.030171796192113146,0.045044865775755345,0.5829872348564086
2023-04-06,68,Stock_2,Shock,0.0028916140781919154,-0.04172306573015074,0.06821348093040969,0.04181298676935494,0.16471992804592916
2023-04-06,68,Stock_3,Shock,0.045475676358940086,-0.05969666733145579,0.08061427536084308,0.04072540211561544,-0.25847639294617664
2023-04-06,68,Stock_4,Shock,0.030164543282360623,0.003130607497465906,0.021563026390700908,0.05061112992742991,0.44663007027686485
2023-04-06,68,Stock_5,Shock,0.06783129677647493,-0.08302522360104334,0.10001163643423608,0.029270740971607728,-0.08380211426314196
2023-04-06,68,Cash,Shock,0.00035,0.0,0.0,0.0005,0.0
2023-04-07,69,Stock_1,Shock,0.001730188257984041,0.019462137459841586,-0.025858703694614182,0.03348543032950098,0.5051596038383764
2023-04-07,69,Stock_2,Shock,-0.012165001954145514,-0.001470007619633326,0.0012489855113787546,0.01861114137723025,-0.014154817840996647
2023-04-07,69,Stock_3,Shock,-0.0374244730560744,0.034226542285936884,-0.04157109751232242,0.03605960505806072,-0.3117146413420445
2023-04-07,69,Stock_4,Shock,-0.002171905223269522,0.023852942445632304,-0.03886212292716329,0.023621896364671022,0.36472638053373435
2023-04-07,69,Stock_5,Shock,-0.03893129362935049,0.04173556732310102,-0.08324933317791337,0.03684447127318937,-0.2159647502530268
2023-04-07,69,Cash,Shock,0.00035,0.0,0.0,0.0005,0.0
2023-04-10,70,Stock_1,Shock,0.008804770230906405,-0.002601643031644884,0.0012498480633998292,0.03789165283738872,0.7097975239422815
2023-04-10,70,Stock_2,Shock,0.03679279324683363,-0.0016638073930407352,0.012288762506089115,0.04173211825899934,0.14307987761165478
2023-04-10,70,Stock_3,Shock,0.036370739967561,-0.028473333292986187,0.030786840038430387,0.03371981552448905,-0.20279123529402687
2023-04-10,70,Stock_4,Shock,0.037121044990062996,-0.00043037170793559917,0.009971485842644293,0.03341425362532259,0.2565402646891794
2023-04-10,70,Stock_5,Shock,-0.020482616496377816,-0.03618523785897254,0.0318860047364238,0.04111953388909963,-0.10635903371270691
2023-04-10,70,Cash,Shock,0.00035,0.0,0.0,0.0005,0.0
2023-04-11,71,Stock_1,Shock,-0.01285663278235203,0.0048213332183193475,-0.008194284399593774,0.02111913038393745,0.625172410943161
2023-04-11,71,Stock_2,Shock,0.024359016290344513,0.020267838436150362,-0.04173067119401974,0.03283999821380413,0.24630876285161601
2023-04-11,71,Stock_3,Shock,0.019508159981890594,0.02398317262803567,-0.04054274548662281,0.03685810950871761,-0.1611431799453893
2023-04-11,71,Stock_4,Shock,0.010904335975933554,0.025551248225993452,-0.0408731999778149,0.030323134216580463,0.48708922954069134
2023-04-11,71,Stock_5,Shock,0.04733258430319457,-0.026279085022190334,0.012549286831403243,0.024345941968931403,-0.07806818125178973
2023-04-11,71,Cash,Shock,0.00035,0.0,0.0,0.0005,0.0
2023-04-12,72,Stock_1,Shock,-0.0074030031757633084,-0.0011157863536908445,0.01961683256081657,0.038002205886829454,0.554291062068848
2023-04-12,72,Stock_2,Shock,0.009843959624886003,0.023154306522885165,-0.022724609099098923,0.038889365397333335,0.13560446519974995
2023-04-12,72,Stock_3,Shock,0.00018427053972175193,0.011006042609268839,-0.024975824781379552,0.041450936273921296,-0.27175696310197306
2023-04-12,72,Stock_4,Shock,0.014622221022445855,0.003540364561863695,-0.007594247229631898,0.037048306475945855,0.3244270379624403
2023-04-12,72,Stock_5,Shock,-0.005224459384207923,0.015353569987572096,-0.036932456099345416,0.04159394658235798,-0.06489921847787761
2023-04-12,72,Cash,Shock,0.00035,0.0,0.0,0.0005,0.0
2023-04-13,73,Stock_1,Shock,-0.02637228943588835,-0.005536506312458837,0.0068278923348218876,0.03891236699542489,0.726535750475998
2023-04-13,73,Stock_2,Shock,-0.06900058859835682,0.012288621591591987,-0.02072807031293477,0.04756598320001397,0.14730857091829613
2023-04-13,73,Stock_3,Shock,-0.04207725002248133,-0.0016221892594401428,-0.01313163661198157,0.03927666830662308,-0.05265728145274981
2023-04-13,73,Stock_4,Shock,-0.002589558909270831,0.014410709414376738,-0.01128929515553121,0.032494695175679635,0.370830028653389
2023-04-13,73,Stock_5,Shock,-0.01624670552971122,5.0564263580857565e-05,-0.0007017611903822451,0.04064734189438631,-0.01157970010607897
2023-04-13,73,Cash,Shock,0.00035,0.0,0.0,0.0005,0.0
2023-04-14,74,Stock_1,Shock,-0.040273277527601375,-0.02567788256949106,0.03358965549511362,0.03440822286567128,0.5135699114316529
2023-04-14,74,Stock_2,Shock,-0.07085642445155134,-0.050588263783517384,0.06720476807208994,0.03480444595479712,0.18058305713071765
2023-04-14,74,Stock_3,Shock,-0.07578453173703953,-0.025092117637859426,0.05055181442703978,0.04428283198563071,-0.07195339934245586
2023-04-14,74,Stock_4,Shock,-0.058059188888938885,-0.004504151949380911,-0.0036256252753228578,0.027283277996111147,0.3686801443535194
2023-04-14,74,Stock_5,Shock,-0.04488234238855686,-0.015529419833596392,-0.0011020991516635797,0.03517601659707634,-0.11214259745769242
2023-04-14,74,Cash,Shock,0.00035,0.0,0.0,0.0005,0.0
2023-04-17,75,Stock_1,Shock,0.029708676008440675,-0.019492835766023144,0.039667420804706956,0.030712258188375065,0.5772417739479994
2023-04-17,75,Stock_2,Shock,0.014707738862199723,-0.044007994875172145,0.06353170203261446,0.03733151113173654,0.11391100807257123
2023-04-17,75,Stock_3,Shock,-0.019525328981443064,-0.05554385258357038,0.0710829466003793,0.03177872245873794,-0.0011053808692000344
2023-04-17,75,Stock_4,Shock,-0.032092421875042555,-0.044616276280898697,0.06118694806230439,0.025857633164716932,0.44731283576106673
2023-04-17,75,Stock_5,Shock,-0.005073070290242081,-0.02367865992041258,0.047314923482362166,0.040124239266201144,-0.023814134946185686
2023-04-17,75,Cash,Shock,0.00035,0.0,0.0,0.0005,0.0
2023-04-18,76,Stock_1,Shock,-0.024224462140276348,0.008668965525639161,-0.03469836625452811,0.03443778373610216,0.4937703310439888
2023-04-18,76,Stock_2,Shock,-0.06534488343073148,0.02094871809305361,-0.019940030695195708,0.037374531738825816,0.24903985620506158
2023-04-18,76,Stock_3,Shock,-0.09648012536868328,-0.011689563886151786,0.01862581825364829,0.04085164298652751,-0.05248963683707403
2023-04-18,76,Stock_4,Shock,-0.09306737751249622,-0.02928535343251678,0.02989462108834181,0.0278133892761314,0.31925852939393184
2023-04-18,76,Stock_5,Shock,-0.03489583807071953,0.0014757592539437698,-0.0006419051995879485,0.03210690655067501,0.07043053363997955
2023-04-18,76,Cash,Shock,0.00035,0.0,0.0,0.0005,0.0
2023-04-19,77,Stock_1,Shock,-0.03884437302008053,-0.01156887399999931,0.024139666285680927,0.02523012299067156,0.64718463603486
2023-04-19,77,Stock_2,Shock,-0.049865719930696384,-0.03862807773852935,0.0703461914474107,0.03881452944442077,0.25540143117354097
2023-04-19,77,Stock_3,Shock,-0.04825776776105124,-0.05015653705340388,0.10026579035372697,0.037023748024921775,-0.24523231401957551
2023-04-19,77,Stock_4,Shock,-0.023149770190448733,-0.06602809132757612,0.08112192557461385,0.03345161499426101,0.4207998423689367
2023-04-19,77,Stock_5,Shock,-0.049774082132250375,-0.015345334893660186,0.03786607481378655,0.0392871121340642,-0.09345956611323633
2023-04-19,77,Cash,Shock,0.00035,0.0,0.0,0.0005,0.0
2023-04-20,78,Stock_1,Shock,-0.011702055565399543,-0.008064959138423138,0.03602247940791423,0.02594312113799517,0.5620280214673549
2023-04-20,78,Stock_2,Shock,-0.01242751557807934,-0.030706420558267538,0.060950910396096236,0.024074229183078562,0.04216696709611534
2023-04-20,78,Stock_3,Shock,-0.004581807720540513,-0.032547614890271144,0.04700244867189029,0.03409158929523755,-0.04189140811449106
2023-04-20,78,Stock_4,Shock,-0.011769767123556582,-0.006399371763040682,0.033750861296681506,0.04208563944588923,0.28976413572446863
2023-04-20,78,Stock_5,Shock,-0.042404372305778884,-0.03418624251500734,0.06372184607513191,0.02967772352115211,-0.1212733793776413
2023-04-20,78,Cash,Shock,0.00035,0.0,0.0,0.0005,0.0
2023-04-21,79,Stock_1,Sideways/Bear,0.019650444020287254,-0.009334748091851912,0.013961886710415615,0.019719946888034228,0.610517049282988
2023-04-21,79,Stock_2,Sideways/Bear,0.017498107722284342,0.0014469900635439414,0.01597268606657846,0.0189157257927848,0.10916395301021475
2023-04-21,79,Stock_3,Sideways/Bear,0.008496403833486906,0.0012087825692749777,0.0006955508299588981,0.01870542793818934,-0.18708610554976185
2023-04-21,79,Stock_4,Sideways/Bear,0.009838225976821824,-0.01733146511216853,0.005990415694971417,0.019073311626887305,0.17838218027908895
2023-04-21,79,Stock_5,Sideways/Bear,0.010855793984004358,-0.038881278313981235,0.0326254598917348,0.015453328467037538,-0.0561741863247114
2023-04-21,79,Cash,Sideways/Bear,0.00035,0.0,0.0,0.0005,0.0
2023-04-24,80,Stock_1,Sideways/Bear,0.013921893714607104,0.0076379592334868554,-0.0209772345580404,0.021943750302704457,0.5291803640740389
2023-04-24,80,Stock_2,Sideways/Bear,-0.004751579124404262,0.017686261461792807,-0.009933800630081598,0.016118488048129414,0.3539589293637257
2023-04-24,80,Stock_3,Sideways/Bear,0.02619204546823356,0.005021743512086941,-0.01108777621251606,0.015018481220154258,-0.1969989233880448
2023-04-24,80,Stock_4,Sideways/Bear,0.020438153814492478,0.0026155736663827597,-0.010429423427941866,0.018129182608400542,0.42447424938357053
2023-04-24,80,Stock_5,Sideways/Bear,-0.0009732269092414727,0.002586318466752332,-0.004788660816446792,0.01924735867330059,-0.10661869777043004
2023-04-24,80,Cash,Sideways/Bear,0.00035,0.0,0.0,0.0005,0.0
2023-04-25,81,Stock_1,Sideways/Bear,0.03252185375960494,-0.003876021332018883,-0.012352603905705714,0.013322494651868869,0.5530237090867837
2023-04-25,81,Stock_2,Sideways/Bear,0.010128525541390092,0.010801057009188146,0.007946781732639059,0.00787181137973411,0.2688279640399875
2023-04-25,81,Stock_3,Sideways/Bear,-0.0006960585361691918,0.013508088475140867,-0.023091790128192482,0.01523757381572732,-0.10429115436624009
2023-04-25,81,Stock_4,Sideways/Bear,0.018617504885150703,0.0037823583477785954,-0.007581356046449918,0.022450732490273483,0.30839275142848477
2023-04-25,81,Stock_5,Sideways/Bear,0.01719844282462001,0.014127637982661676,0.002193708726385339,0.014789137513737387,-0.02162499875418886
2023-04-25,81,Cash,Sideways/Bear,0.00035,0.0,0.0,0.0005,0.0
2023-04-26,82,Stock_1,Sideways/Bear,0.005503296793191771,0.025513008038919264,-0.051415521376867265,0.019324097606309303,0.591781460846451
2023-04-26,82,Stock_2,Sideways/Bear,6.211112976363202e-05,0.011646000146832314,-0.00922721388065661,0.016374238401212254,0.2524821139036606
2023-04-26,82,Stock_3,Sideways/Bear,0.0011008135765369189,0.004807024116329672,-0.017063687323007847,0.019933427737662636,-0.13369365811279102
2023-04-26,82,Stock_4,Sideways/Bear,-0.013743686077805501,0.011967953665187834,-0.016358843604537356,0.02165675694483738,0.5405147927949542
2023-04-26,82,Stock_5,Sideways/Bear,0.007389489248377128,0.008945841362761015,-0.012848485788890288,0.016176691035138725,-0.069382355080596
2023-04-26,82,Cash,Sideways/Bear,0.00035,0.0,0.0,0.0005,0.0
2023-04-27,83,Stock_1,Sideways/Bear,-0.005841232348884459,0.006653528426235819,0.004645862964777839,0.015578265166449586,0.6438070813257745
2023-04-27,83,Stock_2,Sideways/Bear,0.007685146579164322,-0.006604823385281029,-0.0014386973111625407,0.021184076188958564,0.0837335739098348
2023-04-27,83,Stock_3,Sideways/Bear,4.148662342331848e-06,-0.00015779002884512496,-0.004610910974487511,0.018800392915131907,-0.1302641388892553
2023-04-27,83,Stock_4,Sideways/Bear,-0.013959928785159389,-0.009487263259697476,0.007797724701210325,0.015369387342338548,0.3787967770109947
2023-04-27,83,Stock_5,Sideways/Bear,-0.016456077803495048,0.0013160634149875145,-0.002350870130753479,0.018495114232791904,-0.04282815890814452
2023-04-27,83,Cash,Sideways/Bear,0.00035,0.0,0.0,0.0005,0.0
2023-04-28,84,Stock_1,Sideways/Bear,0.005311810816999808,-0.0006025951535801872,0.011094873422490284,0.016616194223167305,0.6902202294808079
2023-04-28,84,Stock_2,Sideways/Bear,0.026626047577258415,0.008775830079705248,-0.012505665144198628,0.01215247835084272,0.30619522363454243
2023-04-28,84,Stock_3,Sideways/Bear,0.03934733584051858,0.0013997019833935805,0.011147471713676346,0.017109548751455535,-0.026162958826621674
2023-04-28,84,Stock_4,Sideways/Bear,0.0033202234293048215,-0.01896392451830156,0.009107542631961452,0.016717913331959655,0.3574570181128858
2023-04-28,84,Stock_5,Sideways/Bear,-0.01098704781149999,-0.007557113535659748,0.02129923663896343,0.026158573131520264,-0.09564597597288428
2023-04-28,84,Cash,Sideways/Bear,0.00035,0.0,0.0,0.0005,0.0
2023-05-01,85,Stock_1,Sideways/Bear,0.009787671865154645,0.0021683567083785505,-0.008660597978929324,0.021924327722763527,0.5183530308869662
2023-05-01,85,Stock_2,Sideways/Bear,0.03208323838975036,0.009410959662048633,-0.023237048554840975,0.01411506371819403,0.23788376029748565
2023-05-01,85,Stock_3,Sideways/Bear,0.0334663909857657,0.0343480789776446,-0.03638109254772914,0.013325174535046364,-0.14372265391198
2023-05-01,85,Stock_4,Sideways/Bear,0.033861344876991877,-0.010082677030040291,-0.009035941193984787,0.015798136291190718,0.4139555823084363
2023-05-01,85,Stock_5,Sideways/Bear,0.057787034221998615,-0.003965964173541247,0.02257833040020668,0.012705626009101457,0.1256993858754023
2023-05-01,85,Cash,Sideways/Bear,0.00035,0.0,0.0,0.0005,0.0
2023-05-02,86,Stock_1,Sideways/Bear,-0.0069183402441986555,0.001317655952199872,-0.004626048956462423,0.013872948083123272,0.601245547995335
2023-05-02,86,Stock_2,Sideways/Bear,-0.0031905420242956434,0.009467688035555777,-0.032806616374829685,0.01424375796504393,0.15853076345955408
2023-05-02,86,Stock_3,Sideways/Bear,0.007151010430722002,0.013593030095126532,-0.03961110874681121,0.016681309885240192,-0.09724180759796909
2023-05-02,86,Stock_4,Sideways/Bear,0.0007395583681622147,0.010045422477596965,-0.03294566575135861,0.016169097133958227,0.44385895303262846
2023-05-02,86,Stock_5,Sideways/Bear,-0.024132171902784032,0.041967930931963715,-0.05749013816230679,0.01502062197958864,-0.07671967264505053
2023-05-02,86,Cash,Sideways/Bear,0.00035,0.0,0.0,0.0005,0.0
2023-05-03,87,Stock_1,Sideways/Bear,0.012652097047738831,0.011683216815978155,0.010458088317351455,0.01467665018046167,0.48586411976003974
2023-05-03,87,Stock_2,Sideways/Bear,-0.012914939615658217,-0.004039848375994228,-0.0034808326718556467,0.019289536847681168,0.03410454528363174
2023-05-03,87,Stock_3,Sideways/Bear,0.007256835399484028,0.010982229988201746,-0.007762659956248167,0.01695792272416033,-0.0935087341030025
2023-05-03,87,Stock_4,Sideways/Bear,0.001742363563406876,0.008558380759572683,-0.00040909339913282035,0.01246088485064083,0.3879439193879468
2023-05-03,87,Stock_5,Sideways/Bear,0.00947803943789496,-0.011044879517655294,0.0232893700153722,0.01498497517982124,0.08108433982930656
2023-05-03,87,Cash,Sideways/Bear,0.00035,0.0,0.0,0.0005,0.0
2023-05-04,88,Stock_1,Sideways/Bear,-0.009313907316797335,0.008754178126372839,-0.012018270971376692,0.015136570831508945,0.5020856768731679
2023-05-04,88,Stock_2,Sideways/Bear,-0.01831850089435357,-0.014342216101249358,0.006753175215462899,0.014262779353946084,0.11781628948339172
2023-05-04,88,Stock_3,Sideways/Bear,-0.024996595905627323,0.012903126991224579,-0.005658849863412983,0.015688245760962262,-0.2430431008087116
2023-05-04,88,Stock_4,Sideways/Bear,-0.011335034283862793,-0.018812800706759433,-0.007360773361317787,0.018309133838885685,0.328099653585336
2023-05-04,88,Stock_5,Sideways/Bear,-0.021431281243008922,-0.0017331374184507784,-0.0010556202515976006,0.014758539342601747,-0.06959884729783278
2023-05-04,88,Cash,Sideways/Bear,0.00035,0.0,0.0,0.0005,0.0
2023-05-05,89,Stock_1,Sideways/Bear,-0.0025120735397736417,-0.003967875099048593,0.01655617892214003,0.016997656125709575,0.5608846500268941
2023-05-05,89,Stock_2,Sideways/Bear,-0.003945307643565973,-0.022996445933495473,0.022180150158958776,0.01657737905376452,0.1717524314618218
2023-05-05,89,Stock_3,Sideways/Bear,-0.04032451592064695,-0.0329857240436159,0.018096584663952628,0.019459805651665434,-0.2021612187839165
2023-05-05,89,Stock_4,Sideways/Bear,0.008218903157636605,0.007167088447287353,0.010605984317504792,0.013999356726378457,0.3301020385017411
2023-05-05,89,Stock_5,Sideways/Bear,-0.016761098881850053,-0.01205000539051473,0.021805512986060406,0.013528716128186976,0.0196405585460461
2023-05-05,89,Cash,Sideways/Bear,0.00035,0.0,0.0,0.0005,0.0
2023-05-08,90,Stock_1,Sideways/Bear,0.0010262205076320583,-0.009285493488186816,0.0010195770383839336,0.012899230249600425,0.6360367853064727
2023-05-08,90,Stock_2,Sideways/Bear,-0.021689641700979964,0.001086428767516065,0.0025918842088975963,0.01549251974159153,0.09044824760778458
2023-05-08,90,Stock_3,Sideways/Bear,-0.002799625840096907,-0.029846554648889027,0.04282039496937992,0.008774767898839875,-0.12377679538345047
2023-05-08,90,Stock_4,Sideways/Bear,0.006516479838898512,0.008719857159894841,-0.012641396945915446,0.014627928591871382,0.3724259395463352
2023-05-08,90,Stock_5,Sideways/Bear,0.015420194765144907,-0.021291115353005326,0.017798356485219987,0.013200775928739092,-0.07971342610649411
2023-05-08,90,Cash,Sideways/Bear,0.00035,0.0,0.0,0.0005,0.0
2023-05-09,91,Stock_1,Sideways/Bear,0.025438714490778724,0.004506529274343005,0.002090460124431826,0.020668393194035642,0.6963354602921015
2023-05-09,91,Stock_2,Sideways/Bear,-0.0031408054977145475,-0.01531194853916608,0.022523057722931297,0.017053970620038574,0.12332301456439962
2023-05-09,91,Stock_3,Sideways/Bear,-0.012033776701580092,-0.002532634855216288,0.005386521521895261,0.015210083225671286,-0.11898109942839528
2023-05-09,91,Stock_4,Sideways/Bear,-0.005175959550294914,0.003077319953347187,-0.0007373632258215355,0.018972355492704162,0.2955132462010708
2023-05-09,91,Stock_5,Sideways/Bear,0.004386991184608462,-0.009814962031903142,-0.011321231132248788,0.011770185903056608,-0.04810932128326029
2023-05-09,91,Cash,Sideways/Bear,0.00035,0.0,0.0,0.0005,0.0
2023-05-10,92,Stock_1,Sideways/Bear,-0.0019124177339427707,0.014531014637758438,-0.012800214940014274,0.015416614196115716,0.7206541907716971
2023-05-10,92,Stock_2,Sideways/Bear,-0.00207084631275389,-0.0029356473064757827,0.013957777671140939,0.01345331610932966,0.17203550155362934
2023-05-10,92,Stock_3,Sideways/Bear,0.01364300706850333,-0.00835358091195412,0.009314615283835113,0.017086257107730037,-0.09755429714444447
2023-05-10,92,Stock_4,Sideways/Bear,-0.00032297594748955175,-0.010737443463373731,0.005164927359831627,0.018533605343004293,0.35749122125443966
2023-05-10,92,Stock_5,Sideways/Bear,0.029503278044159004,-0.004729924214677071,-0.0007712489779830431,0.021262377004150214,0.07038151528873618
2023-05-10,92,Cash,Sideways/Bear,0.00035,0.0,0.0,0.0005,0.0
2023-05-11,93,Stock_1,Sideways/Bear,0.000634950719171969,-0.0034862772611244323,-0.0024372310906057154,0.017909640252365723,0.634850961603316
2023-05-11,93,Stock_2,Sideways/Bear,-0.03348852648541271,0.00514237835160598,0.0047656457912283925,0.014872664869906451,0.09926807036311322
2023-05-11,93,Stock_3,Sideways/Bear,-0.02217050024603915,0.008797373131178867,-0.02032635818498317,0.014627595926890592,-0.302209366053368
2023-05-11,93,Stock_4,Sideways/Bear,-0.005285238870767761,-0.00712800906365969,0.0038350632750243363,0.01713463066768062,0.19040994006200743
2023-05-11,93,Stock_5,Sideways/Bear,-0.023272700320940958,0.011690200035608007,-0.03477550424744653,0.015085530339226966,-0.16700874135920996
2023-05-11,93,Cash,Sideways/Bear,0.00035,0.0,0.0,0.0005,0.0
2023-05-12,94,Stock_1,Sideways/Bear,0.00996278673424721,0.004170555742818004,0.004180300016820134,0.018043729324191685,0.7157499246401501
2023-05-12,94,Stock_2,Sideways/Bear,0.00027823476722470264,-0.015860786626618804,0.030176511914376536,0.012107831758504651,0.1564710846063535
2023-05-12,94,Stock_3,Sideways/Bear,0.010461110999105015,-0.02619056706391313,0.014151845330098937,0.02325521498082559,-0.21594677986796007
2023-05-12,94,Stock_4,Sideways/Bear,0.021068653589306777,-0.005646790696409222,0.005562599424343769,0.01816590113495378,0.3204615237080947
2023-05-12,94,Stock_5,Sideways/Bear,-0.0005306328996565416,-0.028375930664801936,0.022355873017003293,0.013909052157932391,-0.015261257763414193
2023-05-12,94,Cash,Sideways/Bear,0.00035,0.0,0.0,0.0005,0.0
2023-05-15,95,Stock_1,Sideways/Bear,0.011147710801540957,0.005701902364450504,-0.016029340620103694,0.011531938721392831,0.6267134613367585
2023-05-15,95,Stock_2,Sideways/Bear,0.010145721065631778,0.009023857717085,0.00014822657079689884,0.016562082442109383,0.09821330721069732
2023-05-15,95,Stock_3,Sideways/Bear,0.016980610249633987,0.008722379371774459,-0.0009354908433564964,0.014806092015584603,-0.0660806986899074
2023-05-15,95,Stock_4,Sideways/Bear,0.004650140949312275,0.0002161607071594976,-0.030685017338533883,0.0195850851873611,0.35192415968037516
2023-05-15,95,Stock_5,Sideways/Bear,0.00417213842180525,-0.009376247466526572,-0.009553825616420689,0.010668983320792535,-0.10919810881723578
2023-05-15,95,Cash,Sideways/Bear,0.00035,0.0,0.0,0.0005,0.0
2023-05-16,96,Stock_1,Sideways/Bear,-0.004209813066483473,0.008661679261050138,-0.01553132628240943,0.01686762427020001,0.7529103484019404
2023-05-16,96,Stock_2,Sideways/Bear,-0.032019104632041454,0.0013511900689926583,-0.015607658154032329,0.01668167193544618,0.02605462939682114
2023-05-16,96,Stock_3,Sideways/Bear,-0.048541419557233415,0.009044639027335252,-0.02381976112165538,0.02043707506818191,-0.052417213870063234
2023-05-16,96,Stock_4,Sideways/Bear,-0.031161176480271703,-0.0006487141465633395,-0.0065894504765280325,0.019503112094886033,0.40445358272568
2023-05-16,96,Stock_5,Sideways/Bear,-0.02960102887126495,0.011546463238238828,0.00040123561064485825,0.017577560490615256,-0.1534285378995161
2023-05-16,96,Cash,Sideways/Bear,0.00035,0.0,0.0,0.0005,0.0
2023-05-17,97,Stock_1,Sideways/Bear,0.02611627019790925,0.0010178731467278472,0.0058470946738114985,0.020096326753987908,0.5801497886081008
2023-05-17,97,Stock_2,Sideways/Bear,0.016746121260292346,-0.02937481210912616,0.03203674257725452,0.01645573364444619,0.2508865186747766
2023-05-17,97,Stock_3,Sideways/Bear,0.014497617902241189,-0.02000818555859192,0.04913532272712978,0.015897695005523425,-0.20426667825601855
2023-05-17,97,Stock_4,Sideways/Bear,0.009120943134685285,-0.01276343286722478,0.035240179971871434,0.016579383315361153,0.24312185860321744
2023-05-17,97,Stock_5,Sideways/Bear,0.03569556834607812,-0.02882948116666442,0.03224153300268177,0.007322415040061283,-0.01248950634223478
2023-05-17,97,Cash,Sideways/Bear,0.00035,0.0,0.0,0.0005,0.0
2023-05-18,98,Stock_1,Sideways/Bear,0.023115298942738827,0.013513204281209949,-0.02663816488004487,0.01484674461773526,0.45595309757684976
2023-05-18,98,Stock_2,Sideways/Bear,0.046187668146393544,0.008076068558948449,-0.016806417958358067,0.01447879827642153,0.20667699278739066
2023-05-18,98,Stock_3,Sideways/Bear,0.047269262580309265,0.0001866185467272307,-0.008786383623856123,0.0123241332673634,-0.1566458722683084
2023-05-18,98,Stock_4,Sideways/Bear,0.01983057992341075,-0.004686671301025048,-0.003940565321274283,0.01505041445749876,0.28273583815993925
2023-05-18,98,Stock_5,Sideways/Bear,0.04181402952902323,0.011491569239795073,-0.04093922068808719,0.01179623964665473,-0.012559455663927209
2023-05-18,98,Cash,Sideways/Bear,0.00035,0.0,0.0,0.0005,0.0
2023-05-19,99,Stock_1,Sideways/Bear,0.020328778652564515,0.022372968658740548,-0.0244287552638513,0.021810412840742047,0.6408101795710102
2023-05-19,99,Stock_2,Sideways/Bear,0.002414868964973508,0.03308422574583589,-0.046872468500903125,0.017309964758320924,0.23767570260376342
2023-05-19,99,Stock_3,Sideways/Bear,0.010327704188955612,0.022214261936036622,-0.03385232704878768,0.016423391744001953,-0.048457854249579796
2023-05-19,99,Stock_4,Sideways/Bear,0.001657532483250056,0.012801595193706859,-0.025066226895535698,0.012724919529067832,0.3761079612712695
2023-05-19,99,Stock_5,Sideways/Bear,0.0013399156583610442,0.03166384764902748,-0.0457207511509305,0.017993756480920435,-0.10237835413443012
2023-05-19,99,Cash,Sideways/Bear,0.00035,0.0,0.0,0.0005,0.0
2023-05-22,100,Stock_1,Sideways/Bear,0.0014353504872222454,0.024367630344131794,-0.02084960247379936,0.014660888405471263,0.6910411161911478
2023-05-22,100,Stock_2,Sideways/Bear,-0.029762840967402837,0.0012057507855809304,0.010040431156078724,0.012737154230599672,0.22962146254473165
2023-05-22,100,Stock_3,Sideways/Bear,-0.0178124107509456,0.016887166253605333,-0.007816216507307941,0.010101940925577792,-0.18673022980828294
2023-05-22,100,Stock_4,Sideways/Bear,-0.010609815592063273,-0.0007061742905968139,-0.0017080804576328744,0.01411854090530187,0.30083458775104954
2023-05-22,100,Stock_5,Sideways/Bear,-0.029811558647068918,-0.0014766113834143156,-0.010754675616215778,0.023564693524375593,-0.18239164895342008
2023-05-22,100,Cash,Sideways/Bear,0.00035,0.0,0.0,0.0005,0.0
2023-05-23,101,Stock_1,Sideways/Bear,0.006082655327572583,-0.012027839872300465,-0.013177400183621511,0.022892709593466072,0.6579532136212578
2023-05-23,101,Stock_2,Sideways/Bear,0.010944788927418545,-0.03185307297279512,0.03433159220146094,0.014238990557981349,0.0941626251799641
2023-05-23,101,Stock_3,Sideways/Bear,0.02392815147718045,-0.003785566983201135,0.025834101932834298,0.009722027297284247,-0.17261971277103125
2023-05-23,101,Stock_4,Sideways/Bear,-0.0011020363209033844,-0.004372806640558604,0.008329424130922043,0.018714387525044743,0.3146569966999984
2023-05-23,101,Stock_5,Sideways/Bear,0.025876389151608038,-0.017909592082229718,0.026987699202093648,0.014264875163452935,-0.10856178906994451
2023-05-23,101,Cash,Sideways/Bear,0.00035,0.0,0.0,0.0005,0.0
2023-05-24,102,Stock_1,Sideways/Bear,0.01555611095797022,0.01051901184133474,-0.008008254696007265,0.013628643049193184,0.5932564072562689
2023-05-24,102,Stock_2,Sideways/Bear,-0.012829322739944334,0.007146279628134446,-0.009692819274159015,0.020092037128297838,0.06533680614734892
2023-05-24,102,Stock_3,Sideways/Bear,0.001884475612726296,0.028229827774056367,-0.01791632850913235,0.020052903862240935,-0.2797791132116164
2023-05-24,102,Stock_4,Sideways/Bear,-0.007385800027884575,-0.012870464057594426,-0.003158132702349753,0.017788918201205872,0.41316449927744786
2023-05-24,102,Stock_5,Sideways/Bear,-0.00355627379676061,0.00244311257189732,-0.02641271991293393,0.016593373350656308,-0.017134515233359585
2023-05-24,102,Cash,Sideways/Bear,0.00035,0.0,0.0,0.0005,0.0
2023-05-25,103,Stock_1,Sideways/Bear,-0.004996197750321265,0.019369192381892497,-0.010318882497867877,0.01927734734156697,0.6143424318028228
2023-05-25,103,Stock_2,Sideways/Bear,-0.00983601587806815,0.004515795697981308,0.00408789846191223,0.020984255365126315,0.059065345369165065
2023-05-25,103,Stock_3,Sideways/Bear,0.011698165642162781,0.013778362470016774,0.01332867993045819,0.01639410624835037,-0.048369674806754165
2023-05-25,103,Stock_4,Sideways/Bear,0.005453941076293308,-0.00894134015706224,0.0037134389213834924,0.013768382328127623,0.18041571466323977
2023-05-25,103,Stock_5,Sideways/Bear,5.807551669892875e-05,0.001744530410518527,0.008495903452491897,0.017024004096154413,-0.004052405690207893
2023-05-25,103,Cash,Sideways/Bear,0.00035,0.0,0.0,0.0005,0.0
2023-05-26,104,Stock_1,Sideways/Bear,0.0064756679075819515,-0.01315302809313234,0.008120688958248617,0.015309737278997326,0.6352287977625255
2023-05-26,104,Stock_2,Sideways/Bear,-0.0008731846546038147,0.016828856648232214,0.010244993466801168,0.01969409943716602,0.2743366715346806
2023-05-26,104,Stock_3,Sideways/Bear,0.020521067053118208,0.006456236835996226,-0.020073057313658705,0.018065029948836457,-0.2636416986922532
2023-05-26,104,Stock_4,Sideways/Bear,0.012610221783043997,-0.0013970833064566143,-0.008533343243221083,0.02021730510122105,0.22322386942076344
2023-05-26,104,Stock_5,Sideways/Bear,0.01503873534389584,-0.004588189930882816,0.002139714273921486,0.01959468524825821,-0.11896462822777154
2023-05-26,104,Cash,Sideways/Bear,0.00035,0.0,0.0,0.0005,0.0
2023-05-29,105,Stock_1,Sideways/Bear,-0.00798145388614321,-0.005171982804113451,-0.006319679516089038,0.01681888478380851,0.658711016246189
2023-05-29,105,Stock_2,Sideways/Bear,-0.029580305180159982,-0.0030132089409520245,-0.0041424642238706635,0.010877869793026356,0.10122565906403952
2023-05-29,105,Stock_3,Sideways/Bear,0.0023405288687502485,0.009663621936012348,-0.018809387771982013,0.016901520038036414,-0.1394641696603391
2023-05-29,105,Stock_4,Sideways/Bear,-0.0073599933098824075,0.009975115337028554,-0.012048379204199773,0.00688915916092276,0.3637794763094179
2023-05-29,105,Stock_5,Sideways/Bear,-0.009017424991252843,0.018051473685254484,-0.0206491853760074,0.015338579958336922,-0.07277517595553214
2023-05-29,105,Cash,Sideways/Bear,0.00035,0.0,0.0,0.0005,0.0
2023-05-30,106,Stock_1,Sideways/Bear,-0.030098401397529406,-0.010918423129506489,0.0053468113546098,0.016416611419734335,0.5714265108820201
2023-05-30,106,Stock_2,Sideways/Bear,-0.03457827345028783,-0.022659542032647726,0.02732353568877715,0.013595596690781567,0.10670082167540366
2023-05-30,106,Stock_3,Sideways/Bear,-0.028661759866807312,0.012420069388055545,-0.005773551305240091,0.01661260096219973,-0.3037396136912686
2023-05-30,106,Stock_4,Sideways/Bear,-0.009479431288931665,-0.010188802791831757,0.00598428166319407,0.01036244450193416,0.3581448577722657
2023-05-30,106,Stock_5,Sideways/Bear,-0.04046232391328329,0.0019056716669727863,0.0021911758661346875,0.014568750608094073,-0.1775593866034474
2023-05-30,106,Cash,Sideways/Bear,0.00035,0.0,0.0,0.0005,0.0
2023-05-31,107,Stock_1,Sideways/Bear,0.037064322280193046,-0.01823788932772028,0.0246055033956189,0.021884730324469324,0.6112855266857714
2023-05-31,107,Stock_2,Sideways/Bear,0.05301058420538029,-0.008230476759906307,0.033069228148156264,0.023221416552417072,0.191574686800441
2023-05-31,107,Stock_3,Sideways/Bear,0.04157620970307514,-0.00890718768675291,0.028918956080814295,0.011351460512908728,-0.20394900033475702
2023-05-31,107,Stock_4,Sideways/Bear,0.005309915336981538,-0.0034924230332051575,0.008558585999302287,0.018606468577000528,0.35725235845827946
2023-05-31,107,Stock_5,Sideways/Bear,0.057322521142755184,-0.034685229194903064,0.04208919991757895,0.020319341269817423,-0.06138320122324082
2023-05-31,107,Cash,Sideways/Bear,0.00035,0.0,0.0,0.0005,0.0
2023-06-01,108,Stock_1,Sideways/Bear,-0.014480065574585935,0.02041180913776244,-0.04449965658320051,0.018871377763175365,0.6728027662853534
2023-06-01,108,Stock_2,Sideways/Bear,-0.009851003189902178,0.025602333899475783,-0.056415869493655034,0.010618398902313541,0.15985877178861765
2023-06-01,108,Stock_3,Sideways/Bear,-0.02300030768223447,0.016858231678968893,-0.03915016029720309,0.014926395742210326,0.0007954878260553466
2023-06-01,108,Stock_4,Sideways/Bear,-0.012198621379281174,0.004796634901759061,-0.0022489943923198427,0.01993388544326489,0.47753035454927495
2023-06-01,108,Stock_5,Sideways/Bear,-0.01934410766536191,0.03400298555047641,-0.06724546198417952,0.01336396231663118,-0.01938203830919531
2023-06-01,108,Cash,Sideways/Bear,0.00035,0.0,0.0,0.0005,0.0
2023-06-02,109,Stock_1,Recovery,0.011562880544646176,-0.018108724307508352,0.015257516915012079,0.011857190164077701,0.5997978090108093
2023-06-02,109,Stock_2,Recovery,0.003996945651956531,0.000976693535762659,0.019090655571074276,0.013767191370997385,0.3307052622373291
2023-06-02,109,Stock_3,Recovery,0.0069227752009132,-0.019808002542488726,0.025527801948740183,0.010984553208524315,-0.04453198474506201
2023-06-02,109,Stock_4,Recovery,0.005287072339470907,0.0036174432324745567,0.007256996191701578,0.012710550742123973,0.3994643553246991
2023-06-02,109,Stock_5,Recovery,0.003161791346460615,-0.016807021518691973,0.02525718911001712,0.015750502260719428,-0.04150947291603388
2023-06-02,109,Cash,Recovery,0.00035,0.0,0.0,0.0005,0.0
2023-06-05,110,Stock_1,Recovery,0.004162875751757914,0.012156493969093365,-0.009593353701785377,0.015215106543130954,0.4314055285404159
2023-06-05,110,Stock_2,Recovery,-0.0025833555772285088,-0.013556624463836223,-0.0017787615270633034,0.013645794324193626,0.10872772996064792
2023-06-05,110,Stock_3,Recovery,-0.001483768320950209,0.01474956298475346,-0.004213050724895355,0.007517117777356742,-0.20549121023479838
2023-06-05,110,Stock_4,Recovery,0.007306187796548048,-0.006723783872095418,-0.0020985283165437293,0.010724347381931723,0.517453012464861
2023-06-05,110,Stock_5,Recovery,-0.006947772132159096,0.0013144489881564375,0.009278577802026278,0.01591663046905944,-0.09195912429237546
2023-06-05,110,Cash,Recovery,0.00035,0.0,0.0,0.0005,0.0
2023-06-06,111,Stock_1,Recovery,-0.0010486512478816148,0.0012413052743400243,-0.0033111643695775935,0.012460179753071964,0.7226054520292328
2023-06-06,111,Stock_2,Recovery,-0.007106661476529877,-0.007743334020699792,-2.6287531606598424e-05,0.009997927441767494,0.10708446324318022
2023-06-06,111,Stock_3,Recovery,0.0064618446240123605,-0.004211256766618042,0.0064914010043636405,0.015021822817871816,-0.09788745433371143
2023-06-06,111,Stock_4,Recovery,-0.0016467292577378506,-0.0032094314014338553,-0.008791425953340041,0.01245154160693074,0.2960653384776488
2023-06-06,111,Stock_5,Recovery,-0.0020674680778657124,-0.007511724156077244,0.013554401082990608,0.015481836846669407,-0.0956356476817028
2023-06-06,111,Cash,Recovery,0.00035,0.0,0.0,0.0005,0.0
2023-06-07,112,Stock_1,Recovery,0.01076027313441817,-0.003466476668831191,-0.00510475039194912,0.010835796394524921,0.4451008786741336
2023-06-07,112,Stock_2,Recovery,0.005510611948733113,-0.009606548188059616,0.005323021669461055,0.01644626299599078,0.28417184767851866
2023-06-07,112,Stock_3,Recovery,0.0029711323964182208,0.003282796698352136,-0.001959095674842457,0.014187028239742109,-0.07105974870882976
2023-06-07,112,Stock_4,Recovery,-0.014650765705001605,0.0008205599744451238,0.010809903182233498,0.011486224365982279,0.3273790478696493
2023-06-07,112,Stock_5,Recovery,-0.002770653505628595,-0.0002884579298257912,0.005367254798044506,0.008851849463115555,-0.018758989487181237
2023-06-07,112,Cash,Recovery,0.00035,0.0,0.0,0.0005,0.0
2023-06-08,113,Stock_1,Recovery,0.0035471551723797925,0.006622872384002573,-0.0111146050126744,0.011428104744488661,0.6339827714397314
2023-06-08,113,Stock_2,Recovery,-0.01620132724886729,0.012813309739249747,-0.0005046425352423396,0.01096334319278822,0.13369891751989832
2023-06-08,113,Stock_3,Recovery,-0.0199355029580761,0.003772405853197497,-0.0009154578722983787,0.013621566125073186,-0.09340687995647814
2023-06-08,113,Stock_4,Recovery,0.002834920567006778,0.00019404011073460153,0.015420785945400358,0.00932321174188647,0.2987635302784644
2023-06-08,113,Stock_5,Recovery,-0.017230477629726418,-0.010238705458900797,0.0007501868581221548,0.011899978736299641,0.023300729053430252
2023-06-08,113,Cash,Recovery,0.00035,0.0,0.0,0.0005,0.0
2023-06-09,114,Stock_1,Recovery,0.010353080667516092,-0.00021336303728794947,0.0030825531367169832,0.016591665859932825,0.5825171256235346
2023-06-09,114,Stock_2,Recovery,0.016534694523766606,-0.010899528607925644,0.02171355265639198,0.010157449419729295,0.1330765774048986
2023-06-09,114,Stock_3,Recovery,0.015006869864338553,-0.027337562309267108,0.02741691167162713,0.011812827939801844,-0.12649964658372548
2023-06-09,114,Stock_4,Recovery,0.019881712417725166,-0.003917208469107734,-0.004220967550740279,0.01179228268093795,0.33759864593396005
2023-06-09,114,Stock_5,Recovery,0.040765610642081895,-0.003981740486333759,0.014654587885119722,0.011084789045039595,0.037497849505570016
2023-06-09,114,Cash,Recovery,0.00035,0.0,0.0,0.0005,0.0
2023-06-12,115,Stock_1,Recovery,0.00010840061729644837,0.009601718833234218,-0.014092100296893766,0.010527888125396479,0.7014762959075798
2023-06-12,115,Stock_2,Recovery,0.002736324751236122,0.01147373087685576,-0.014073865575215474,0.01326671172979096,0.31494531797326375
2023-06-12,115,Stock_3,Recovery,-0.01148559123645496,0.013109975765118336,-0.005105460437656105,0.009683435367126262,-0.19374381288930492
2023-06-12,115,Stock_4,Recovery,-0.004362195359223063,0.003989848351204953,-0.027326539487974772,0.01123644421867346,0.32364665790348096
2023-06-12,115,Stock_5,Recovery,0.005995540893122885,0.028169162089649556,-0.0312725361672476,0.009265732843889759,0.047849449969484134
2023-06-12,115,Cash,Recovery,0.00035,0.0,0.0,0.0005,0.0
2023-06-13,116,Stock_1,Recovery,-0.013173991124253423,-0.013724789062580978,-0.0077003827943389665,0.012431742002845258,0.5827962295255436
2023-06-13,116,Stock_2,Recovery,-0.00028050785130714646,0.017531583591695345,-0.013572831704434933,0.012451233776943198,0.15256314836546503
2023-06-13,116,Stock_3,Recovery,-0.007819679703023136,-0.010295535870858947,0.018837369525756195,0.011060867350551232,-0.1380385345103799
2023-06-13,116,Stock_4,Recovery,0.005864612006988519,0.002286727083994394,0.00791676634076353,0.008153843968928012,0.4537887366507235
2023-06-13,116,Stock_5,Recovery,-0.006902212548367245,0.004388868807044124,0.005177208979373363,0.013757622610744999,-0.06248964701474998
2023-06-13,116,Cash,Recovery,0.00035,0.0,0.0,0.0005,0.0
2023-06-14,117,Stock_1,Recovery,-0.002076588630576631,-0.010954273089433801,0.012019834155239929,0.011735238232024466,0.5391375358781798
2023-06-14,117,Stock_2,Recovery,0.010526262692701304,-0.008599223212676496,-0.006865282811727761,0.015297265703712636,0.28080072699238323
2023-06-14,117,Stock_3,Recovery,-0.0036152765046770703,-0.009420674213277304,0.0026020947457334777,0.015002952220907632,-0.05599503196341307
2023-06-14,117,Stock_4,Recovery,-0.002123217835100947,0.005088290307979065,-0.008540428117011173,0.011480457255351571,0.27098896718068716
2023-06-14,117,Stock_5,Recovery,-0.007574358848853099,-0.014275615983695223,0.006872693934381438,0.011540052371317696,-0.05731194939395429
2023-06-14,117,Cash,Recovery,0.00035,0.0,0.0,0.0005,0.0
2023-06-15,118,Stock_1,Recovery,0.011818354467256837,0.0015488215662171892,0.004299425700146501,0.013281519178091644,0.4725446799241316
2023-06-15,118,Stock_2,Recovery,0.017514765937382607,0.003352409510677905,-0.008392148253507465,0.01345520579565131,0.15975348859929384
2023-06-15,118,Stock_3,Recovery,0.03432997852614657,-0.024505761387216322,0.006943035994580089,0.015631455197890262,-0.0628637490846823
2023-06-15,118,Stock_4,Recovery,0.01281853837142513,0.005173617113019795,-0.007034358535152349,0.010287037947733398,0.3102023340190575
2023-06-15,118,Stock_5,Recovery,0.04075354060908796,-0.015684651708801657,0.0035190465476805308,0.008740370338891893,-0.09740225366533205
2023-06-15,118,Cash,Recovery,0.00035,0.0,0.0,0.0005,0.0
2023-06-16,119,Stock_1,Recovery,0.010920652186129568,0.011869163670769522,-0.007198155719649158,0.014860309573746611,0.614468252357436
2023-06-16,119,Stock_2,Recovery,0.01261627439585705,0.005149837904665639,-0.018266394201985045,0.012569715136794246,0.2145713028305029
2023-06-16,119,Stock_3,Recovery,0.014456058801846113,0.02428387013567461,-0.03832228145096487,0.014528645808650563,-0.28621505404475184
2023-06-16,119,Stock_4,Recovery,0.012999486056466985,0.001985359054468076,-0.01962669248772424,0.013513756275771133,0.3762838103275297
2023-06-16,119,Stock_5,Recovery,0.014067656359561078,0.016362063277768384,-0.04323684406857734,0.01493297470035521,-0.20997007349560382
2023-06-16,119,Cash,Recovery,0.00035,0.0,0.0,0.0005,0.0
2023-06-19,120,Stock_1,Recovery,0.032212080586049054,0.0033344866854875086,-0.012991910051558846,0.00858916017032326,0.5565965213290331
2023-06-19,120,Stock_2,Recovery,0.01372299094071766,0.012573378444830505,-0.018054204497975703,0.010213559532997204,0.1410300282119232
2023-06-19,120,Stock_3,Recovery,0.03106550274285889,0.010733704477640507,-0.023671417822965925,0.008167283365238358,-0.1244012263810578
2023-06-19,120,Stock_4,Recovery,0.01990555532314326,0.009788066149404705,-0.013583628951116112,0.013871674820036765,0.3300143675849378
2023-06-19,120,Stock_5,Recovery,0.015820462468705176,0.008121636136572814,-0.012116762909430506,0.0145597680423386,-0.00675300922689874
2023-06-19,120,Cash,Recovery,0.00035,0.0,0.0,0.0005,0.0
2023-06-20,121,Stock_1,Recovery,0.02636386384699215,0.007723504919208609,-0.03560802100795361,0.009945821291669536,0.5682876608037526
2023-06-20,121,Stock_2,Recovery,0.03297700073591671,0.02286999974126072,-0.015384817376767324,0.010708041293537678,-0.00820020684984435
2023-06-20,121,Stock_3,Recovery,0.04812963742459773,0.02607156690821133,-0.040524472852229605,0.011365184230683776,-0.16738099289350555
2023-06-20,121,Stock_4,Recovery,0.012037453930940504,0.01233510571768917,-0.022906944022713267,0.012558128847086923,0.286877494009269
2023-06-20,121,Stock_5,Recovery,0.03286024956767088,0.0066439089255335825,-0.01895183323366561,0.013954177961704249,-0.050900882271577956
2023-06-20,121,Cash,Recovery,0.00035,0.0,0.0,0.0005,0.0
2023-06-21,122,Stock_1,Recovery,-0.015357862240329445,0.014334456124277051,-0.026842408995347303,0.01387872256362772,0.6496517821853064
2023-06-21,122,Stock_2,Recovery,-0.02119580284810146,0.023420762041734353,-0.03165385551955758,0.0099339923686814,0.2786344904992196
2023-06-21,122,Stock_3,Recovery,-0.016742558275384442,0.024876230921831468,-0.03977572888399095,0.012725983166078541,-0.09689866546957626
2023-06-21,122,Stock_4,Recovery,-0.017760877744518126,-0.004735233842901294,-0.01971753918961546,0.013572936049227907,0.399378226990502
2023-06-21,122,Stock_5,Recovery,-0.02336651562465489,0.01331293908386635,-0.037905709145252514,0.011435654003800894,0.05697641175354251
2023-06-21,122,Cash,Recovery,0.00035,0.0,0.0,0.0005,0.0
2023-06-22,123,Stock_1,Recovery,0.025895585889687142,-0.020498074097059532,0.00817916924246867,0.01525178519566967,0.5970113922451
2023-06-22,123,Stock_2,Recovery,0.015979501868858943,-0.022603701803873992,0.026355174898451225,0.013875813086537308,0.22640057038998262
2023-06-22,123,Stock_3,Recovery,0.02324881740080818,-0.012626622287678451,0.022998044505574272,0.013129188254339008,-0.13844534493226274
2023-06-22,123,Stock_4,Recovery,0.011491759858469607,-0.024950277302724623,0.020447563828317614,0.008270553557879754,0.3652823610015538
2023-06-22,123,Stock_5,Recovery,0.019855464420301297,-0.020556842316401137,0.0274193797704288,0.007872637724048663,-0.14865239949830444
2023-06-22,123,Cash,Recovery,0.00035,0.0,0.0,0.0005,0.0
2023-06-23,124,Stock_1,Recovery,0.00881455496738794,0.009337182666862232,-0.028745025244837078,0.011644762446205353,0.4575732404619529
2023-06-23,124,Stock_2,Recovery,-0.0072407629681477195,0.016290839207945957,-0.009488922463924448,0.011612729397061946,-0.02009237123704402
2023-06-23,124,Stock_3,Recovery,-0.008534594679967892,0.0034764515263403673,-0.019402268797098134,0.017388776742840156,-0.154458093465685
2023-06-23,124,Stock_4,Recovery,-0.010192103009103018,-0.008259107722777392,-0.004222040213713684,0.01087570359448764,0.27801178960548756
2023-06-23,124,Stock_5,Recovery,0.007240027776197038,0.013976664146968569,-0.020388847674050564,0.014972801046921173,-0.22690933631764676
2023-06-23,124,Cash,Recovery,0.00035,0.0,0.0,0.0005,0.0
2023-06-26,125,Stock_1,Recovery,0.028625729228020154,0.008173008533585392,-0.013661877421456789,0.008146323236153045,0.7892685384452758
2023-06-26,125,Stock_2,Recovery,0.036260388719226155,-0.001958675289015704,0.017305822180887262,0.008472910007660985,0.2134298005823936
2023-06-26,125,Stock_3,Recovery,0.03660115296625023,0.005773602071076695,0.0035944075948886618,0.013774152347464522,-0.05835221878499543
2023-06-26,125,Stock_4,Recovery,0.029324238118458516,-0.0010216261534861893,0.004631225677343348,0.013383658183956596,0.2609431709980721
2023-06-26,125,Stock_5,Recovery,0.02519144877993407,-0.0012552080888435903,-0.005577689622940942,0.013093502572919342,-0.07335030494242256
2023-06-26,125,Cash,Recovery,0.00035,0.0,0.0,0.0005,0.0
2023-06-27,126,Stock_1,Recovery,-0.002470948997082932,0.021341357143632545,-0.033911984400132454,0.008264124575765521,0.5174937579928468
2023-06-27,126,Stock_2,Recovery,-0.004781043930446771,0.02896888178537368,-0.03262281961692934,0.012264975693428529,0.19605641632253562
2023-06-27,126,Stock_3,Recovery,-0.014495887599979024,0.022928199075300172,-0.033649473436894325,0.012760330293021439,-0.143252138552127
2023-06-27,126,Stock_4,Recovery,-0.006522391383375954,0.01338239178967167,-0.030966181746731235,0.00965293154168257,0.4208813748374835
2023-06-27,126,Stock_5,Recovery,-0.004335174588435135,0.008360782896289477,-0.02448220508664296,0.013106670628863207,0.01852642728653131
2023-06-27,126,Cash,Recovery,0.00035,0.0,0.0,0.0005,0.0
2023-06-28,127,Stock_1,Recovery,0.012868206391659595,-0.00853348005227637,-0.013200071926891833,0.0085179316635671,0.6031480979554571
2023-06-28,127,Stock_2,Recovery,0.029539044819317902,-0.0014730796589632192,0.014606326420179758,0.012931638567159716,0.17120684649168977
2023-06-28,127,Stock_3,Recovery,0.02658571435807577,0.00033185868300842844,0.007601866204954599,0.015279987690189773,-0.1043913162449662
2023-06-28,127,Stock_4,Recovery,0.019385502651063848,-0.006382042036504908,0.009318991683146717,0.01230129373255258,0.39562729699825694
2023-06-28,127,Stock_5,Recovery,0.02505057486704096,0.006018121376674254,0.012996645942714389,0.011761342087738056,-0.09911613990994049
2023-06-28,127,Cash,Recovery,0.00035,0.0,0.0,0.0005,0.0
2023-06-29,128,Stock_1,Recovery,0.007252617702556573,0.01650378900289651,-0.006218329547610703,0.013398819267181998,0.5366080800144489
2023-06-29,128,Stock_2,Recovery,0.01037719504588586,0.020761631197304658,-0.028768045661749037,0.010829180937611102,0.1477847828250221
2023-06-29,128,Stock_3,Recovery,-0.00243806063114778,0.018598838250873675,-0.0276314313414368,0.015699912258412545,-0.23087574498454352
2023-06-29,128,Stock_4,Recovery,-0.0027956584334626862,0.020167508648262392,-0.020909775762050442,0.00988909576192774,0.2679001476580128
2023-06-29,128,Stock_5,Recovery,0.0022824555079390234,0.020468526279420998,-0.032064594844922266,0.012045581353543248,-0.059224164694181194
2023-06-29,128,Cash,Recovery,0.00035,0.0,0.0,0.0005,0.0
2023-06-30,129,Stock_1,Recovery,0.021100828425208357,0.0005419112248940625,-0.006301632864286685,0.009852515925232095,0.6771342130503712
2023-06-30,129,Stock_2,Recovery,0.02319506094885916,0.0046357849833421816,-0.01437716229266833,0.015056111838136177,0.12378969014610013
2023-06-30,129,Stock_3,Recovery,0.004896415904920081,-0.005806829692739643,0.007682928452541222,0.015450064438339874,-0.17142120707863703
2023-06-30,129,Stock_4,Recovery,0.007364043927453441,0.0026758370814172015,0.0039578755590742596,0.011987436550180192,0.3885205565265755
2023-06-30,129,Stock_5,Recovery,0.028840666247299664,0.00934892482022553,-0.01007481048717028,0.013943699980678528,0.0091560017336252
2023-06-30,129,Cash,Recovery,0.00035,0.0,0.0,0.0005,0.0
2023-07-03,130,Stock_1,Recovery,-0.006501554347020861,0.00972656156884686,-0.033802717383751346,0.012874743767531253,0.6057116049509943
2023-07-03,130,Stock_2,Recovery,-0.0020296456141417644,0.011782429966981851,-0.033093414183540684,0.01215414439526258,0.03633793855935358
2023-07-03,130,Stock_3,Recovery,0.0013432146900743073,0.0022875989639648438,-0.008534661271702283,0.00790994357399588,-0.15909479165498497
2023-07-03,130,Stock_4,Recovery,-0.007935962379920206,-0.005752674606276104,-0.0038070943674040174,0.014969572242552933,0.4204008237765362
2023-07-03,130,Stock_5,Recovery,-0.014972937711918188,0.025093484082689854,-0.03350101841030361,0.011625924721016933,-0.06932461949315122
2023-07-03,130,Cash,Recovery,0.00035,0.0,0.0,0.0005,0.0
2023-07-04,131,Stock_1,Recovery,-0.004280252059175543,-0.003844039685748715,-0.004073954668595904,0.012620898570267209,0.6149503531006295
2023-07-04,131,Stock_2,Recovery,-0.007127609069372847,0.012825853289708266,-0.003698432208168,0.010697079920782674,0.21699617506782942
2023-07-04,131,Stock_3,Recovery,-0.0024199677563146466,-0.015025196834437241,8.77374914114771e-05,0.013641368529495693,-0.20613278946844998
2023-07-04,131,Stock_4,Recovery,0.003522864137199329,3.320600339566052e-05,0.009481855103781649,0.01277036893891868,0.23747281251496286
2023-07-04,131,Stock_5,Recovery,0.0009739076400412227,-0.012316861106780614,0.012597807322360707,0.009373694345978479,-0.08688796983280678
2023-07-04,131,Cash,Recovery,0.00035,0.0,0.0,0.0005,0.0
2023-07-05,132,Stock_1,Recovery,0.005452994935025251,-0.000505010411420548,0.013811275600167703,0.00876420786287543,0.530069490557609
2023-07-05,132,Stock_2,Recovery,0.017627223103588392,-0.006745574401488577,0.007059212451621376,0.01385523837447576,0.25651954294132295
2023-07-05,132,Stock_3,Recovery,0.0030543430803727668,-0.006724613845814953,0.0025600341543583305,0.0111337733276527,-0.19573300392839255
2023-07-05,132,Stock_4,Recovery,0.002813770771438116,0.0094500138973149,-0.006533744617375509,0.009150826347727735,0.26030604510667726
2023-07-05,132,Stock_5,Recovery,0.017148328737995443,-0.0013267876978293965,0.005763373008929911,0.012504230897317496,-0.14925330101640816
2023-07-05,132,Cash,Recovery,0.00035,0.0,0.0,0.0005,0.0
2023-07-06,133,Stock_1,Recovery,0.018337061231806888,0.011474823399923197,-0.0034829889260163368,0.01205879711911947,0.5662721697823093
2023-07-06,133,Stock_2,Recovery,0.02016950404526339,0.017429981310454024,-0.016663334468184403,0.014065535549888365,0.14463595344237096
2023-07-06,133,Stock_3,Recovery,0.03555091474961706,-0.010898808160139379,-0.015583727311658543,0.014603107607532098,-0.1422934455997129
2023-07-06,133,Stock_4,Recovery,0.01920598664681847,0.002291772262183153,0.003718161568558839,0.010143763079330962,0.4391036811832743
2023-07-06,133,Stock_5,Recovery,0.02658106558051479,0.018221413681295318,-0.021261506791254624,0.013064095020693155,-0.0849989499239151
2023-07-06,133,Cash,Recovery,0.00035,0.0,0.0,0.0005,0.0
2023-07-07,134,Stock_1,Recovery,0.020167786562436445,0.012112402112429511,0.0006401883594470831,0.01410161902300093,0.7096193165924439
2023-07-07,134,Stock_2,Recovery,0.0066351482479523015,0.013393478375745596,-0.013339758371397378,0.009257469356924293,0.04743389702559711
2023-07-07,134,Stock_3,Recovery,0.031066979089444863,0.041111768245029934,-0.033629167007289094,0.012485016577366007,-0.14373835476938873
2023-07-07,134,Stock_4,Recovery,0.007115465539548744,0.009510507069802786,-0.01600070238156877,0.010359475532721584,0.3885420524737116
2023-07-07,134,Stock_5,Recovery,0.030764000132999136,0.02085750317483772,-0.027498708445621144,0.013230071033749884,-0.09553602262027974
2023-07-07,134,Cash,Recovery,0.00035,0.0,0.0,0.0005,0.0
2023-07-10,135,Stock_1,Recovery,0.011693840808911084,0.014883424981505078,-0.01289991125210055,0.012158876095096562,0.7422471626974844
2023-07-10,135,Stock_2,Recovery,0.009282021518723767,0.013386957147962786,0.0013109752964517597,0.009169124323604071,0.21436836218719685
2023-07-10,135,Stock_3,Recovery,0.005049343426770674,0.023218272798486077,-0.031441430388409616,0.010015435578452579,-0.316752788230655
2023-07-10,135,Stock_4,Recovery,0.014163283824334821,-0.005125231287522111,0.009398764476845577,0.010574283912149648,0.3559975007262897
2023-07-10,135,Stock_5,Recovery,0.020600235821283102,0.027105503771358678,-0.026639146401616742,0.009036418989643134,-0.024519626723460745
2023-07-10,135,Cash,Recovery,0.00035,0.0,0.0,0.0005,0.0
2023-07-11,136,Stock_1,Recovery,0.025845391965593524,-0.016203845002599797,-0.02225002431363269,0.012005877621235663,0.6230183033811578
2023-07-11,136,Stock_2,Recovery,-5.66463546382949e-05,0.00800354047132684,-0.013976026628126243,0.00979320862021419,0.0856571857399591
2023-07-11,136,Stock_3,Recovery,0.019186370209943994,0.019843816258883214,-0.012264801507520658,0.009268148900845844,-0.013902114487426093
2023-07-11,136,Stock_4,Recovery,0.0037357818445989464,0.014178614434601743,-0.022318176491387835,0.008679232619594133,0.2775182138089941
2023-07-11,136,Stock_5,Recovery,0.02320016875371795,0.004175921248116925,-0.010253691895919256,0.013339180009063357,-0.10153112806667752
2023-07-11,136,Cash,Recovery,0.00035,0.0,0.0,0.0005,0.0
2023-07-12,137,Stock_1,Recovery,-0.0031217828327813266,0.01812271315386122,-0.03205575879559931,0.009912736930376819,0.5437663630950924
2023-07-12,137,Stock_2,Recovery,0.01017732630147237,0.0032748929036878443,0.009233311208093222,0.013117121402082613,0.30496423230237674
2023-07-12,137,Stock_3,Recovery,-0.002898270993842716,0.008229407412038571,-0.01730515538440295,0.013180127010534962,-0.09414623501499633
2023-07-12,137,Stock_4,Recovery,-0.0007588227834328639,0.009108720195804863,0.0029989856234742805,0.013225535066460193,0.4209934267723316
2023-07-12,137,Stock_5,Recovery,0.01987499187796863,0.014098051905009379,-0.024515561584514158,0.013662240534048749,-0.20005857421248652
2023-07-12,137,Cash,Recovery,0.00035,0.0,0.0,0.0005,0.0
2023-07-13,138,Stock_1,Recovery,-0.01782976102829554,0.003781581770008303,-0.00041941419832050185,0.012035468887335277,0.6581976768280958
2023-07-13,138,Stock_2,Recovery,-0.02875581627309588,0.026948140519823534,-0.01828729282637815,0.012825320824501388,0.1814697299998722
2023-07-13,138,Stock_3,Recovery,-0.02313832036777154,-0.011718025886741723,-0.0023155325573057106,0.013031236460118448,-0.2539723912277277
2023-07-13,138,Stock_4,Recovery,-0.009255328432539846,-0.007322274627458667,0.002178710605462213,0.009075917161995645,0.3394126964491238
2023-07-13,138,Stock_5,Recovery,-0.016237395159093712,0.021641888717723552,-0.01941323634473195,0.010457426450589712,-0.03357242165804765
2023-07-13,138,Cash,Recovery,0.00035,0.0,0.0,0.0005,0.0
2023-07-14,139,Stock_1,Recovery,-0.030308515509740386,-0.021502051211853584,0.002394162573118157,0.009904836041251544,0.6970220081314108
2023-07-14,139,Stock_2,Recovery,-0.020022656915692726,-0.02283076225651619,0.028796469530996755,0.015353565710482403,0.06269614731364023
2023-07-14,139,Stock_3,Recovery,-0.008404291842669859,0.0016055607949927286,0.028115575493684652,0.01076491362911869,-0.14103472691127564
2023-07-14,139,Stock_4,Recovery,-0.020506480559106054,-0.00159530058551803,0.011555134902334294,0.01605999554189785,0.4186324342532054
2023-07-14,139,Stock_5,Recovery,-0.0129355064474543,0.00408447468746855,0.016714383787175678,0.012272691192732567,-0.11805427294654136
2023-07-14,139,Cash,Recovery,0.00035,0.0,0.0,0.0005,0.0
2023-07-17,140,Stock_1,Recovery,-0.01046778028166543,-0.006993952474709549,0.041087581926073445,0.010222573537046715,0.6928930842022761
2023-07-17,140,Stock_2,Recovery,-0.014193530979447689,-0.014381972873358777,0.023836693162428934,0.00943758165257794,0.14563717057648878
2023-07-17,140,Stock_3,Recovery,0.0008221783420837795,0.005882983598185539,0.008011165004246819,0.014597476730706395,-0.30948383181760475
2023-07-17,140,Stock_4,Recovery,-0.02488062138126474,-0.013367999040327472,0.01332447561564654,0.009335082726300247,0.3857403397223917
2023-07-17,140,Stock_5,Recovery,-0.016806746621809386,-0.012045267128724283,0.01147760284007469,0.008859505460338193,-0.12666511248099235
2023-07-17,140,Cash,Recovery,0.00035,0.0,0.0,0.0005,0.0
2023-07-18,141,Stock_1,Recovery,0.006582982228598535,-0.011607428272094607,0.01527281100977865,0.014796539915687794,0.6208018482044004
2023-07-18,141,Stock_2,Recovery,0.017568683409095516,-0.01763227222399681,0.013338764372094886,0.012390409536923148,0.11381043379607061
2023-07-18,141,Stock_3,Recovery,0.008314090709935641,0.005043174948513576,0.010359966984915413,0.011313332407050559,-0.2914690153214283
2023-07-18,141,Stock_4,Recovery,-0.00637844263409953,-0.012987799830346895,0.016240159009741663,0.013116578484026035,0.3972103794781934
2023-07-18,141,Stock_5,Recovery,0.013397160632759133,-0.022121631434207926,0.013199186230048399,0.005664395855553069,-0.0800025948664295
2023-07-18,141,Cash,Recovery,0.00035,0.0,0.0,0.0005,0.0
2023-07-19,142,Stock_1,Recovery,0.01774884511746405,0.016531051501098012,-0.012305203108402583,0.011322782380481556,0.43127606867329227
2023-07-19,142,Stock_2,Recovery,0.02010140162538839,0.016882459427818665,-0.01269732718473144,0.01185150004559754,0.06542923675572046
2023-07-19,142,Stock_3,Recovery,0.025071247570736158,0.019096649395358937,-0.012997184178394006,0.0140243298230889,-0.1957233564437995
2023-07-19,142,Stock_4,Recovery,0.02440471253789631,-0.006856615700546829,0.010819613633117803,0.011616022721905553,0.43040948151495334
2023-07-19,142,Stock_5,Recovery,0.008697550504786789,0.005613886793345903,-0.01130471860701112,0.01352042538268833,-0.09474941954837279
2023-07-19,142,Cash,Recovery,0.00035,0.0,0.0,0.0005,0.0
2023-07-20,143,Stock_1,Recovery,0.004457485056615602,0.017859719029097974,-0.02451195542992847,0.012969388763154722,0.5952190277567901
2023-07-20,143,Stock_2,Recovery,0.003505308927391369,0.02036869909732274,-0.021952907271310322,0.010680427078327216,0.13614407682917654
2023-07-20,143,Stock_3,Recovery,0.012392616298816187,0.027522153009367112,-0.01748280350227794,0.014527300115942905,-0.20744072279178852
2023-07-20,143,Stock_4,Recovery,0.007996988726872864,0.01699205986854087,-0.030041947376686078,0.010888917118770653,0.27354394419556927
2023-07-20,143,Stock_5,Recovery,0.018505587897630002,-0.005522013156439235,-0.015511811324611175,0.01154115766616509,-0.007995894776176335
2023-07-20,143,Cash,Recovery,0.00035,0.0,0.0,0.0005,0.0
2023-07-21,144,Stock_1,Recovery,0.0003751447923128874,0.018105433798960267,0.0009527145794529304,0.014110419982721,0.7784644662978302
2023-07-21,144,Stock_2,Recovery,-0.010326345472271093,-0.000939560847228221,-0.011806560530647037,0.014588960011707487,0.10591347574901613
2023-07-21,144,Stock_3,Recovery,-0.00028167762424522754,0.007703038351134694,-0.01088352076888752,0.013771525423952357,-0.1978510688368155
2023-07-21,144,Stock_4,Recovery,0.003992427904654103,-0.0038644420662073695,-0.0033114654708175425,0.014695497591200422,0.4608958888295477
2023-07-21,144,Stock_5,Recovery,0.005483619903201916,-0.00023067174645896062,-0.007888464144269258,0.01042328157099872,0.1410078634587501
2023-07-21,144,Cash,Recovery,0.00035,0.0,0.0,0.0005,0.0
2023-07-24,145,Stock_1,Recovery,0.018144152772966268,0.014562008295773516,0.0010683940944868954,0.01312137252541835,0.5817223480085945
2023-07-24,145,Stock_2,Recovery,0.011157516575300614,-0.01757051835092454,-0.011070703823030442,0.009900650394377677,0.12356119216375218
2023-07-24,145,Stock_3,Recovery,0.017570804260509956,0.00725041370120661,0.0015916452034820784,0.011671577648441043,-0.18737978590856996
2023-07-24,145,Stock_4,Recovery,0.005393856409078854,0.012346404571753105,-0.00933761307707166,0.01185976723420381,0.3326510756702937
2023-07-24,145,Stock_5,Recovery,0.011674435529838108,0.0023618394052960373,-0.018935245310079566,0.013611077887337222,0.023979507015173762
2023-07-24,145,Cash,Recovery,0.00035,0.0,0.0,0.0005,0.0
2023-07-25,146,Stock_1,Recovery,0.007000289172283344,0.005763737264890592,-0.013724847020544072,0.00913139107714751,0.7448373485143119
2023-07-25,146,Stock_2,Recovery,0.014654503252126746,0.012174487920715278,-0.007775456743452702,0.010758960405935459,0.19865523239694605
2023-07-25,146,Stock_3,Recovery,0.016877963333920807,0.01208824340054934,-0.03337741985457438,0.011457516384958162,-0.12906705067067378
2023-07-25,146,Stock_4,Recovery,0.0034538888247723862,0.011639680846597372,-0.003707112174765509,0.010054155432236547,0.4205233003116531
2023-07-25,146,Stock_5,Recovery,0.03349710005021664,-0.011367704718411,-0.007803662070121177,0.011159210991833734,-0.11462419936540927
2023-07-25,146,Cash,Recovery,0.00035,0.0,0.0,0.0005,0.0
2023-07-26,147,Stock_1,Recovery,-0.011553650494416864,0.007776405131587026,0.002706265950142875,0.011184315249737,0.565140477870406
2023-07-26,147,Stock_2,Recovery,-0.01272014867450428,0.002354597669048426,-0.015491443029963076,0.011796389053354166,0.11935623520220678
2023-07-26,147,Stock_3,Recovery,-0.016714785800396644,0.005002531872172775,-0.017434296138260964,0.0110810909900646,-0.10642856637208263
2023-07-26,147,Stock_4,Recovery,-0.014747077585878614,0.008720873536183494,-0.00506631225153632,0.013093107082563428,0.4836466603535472
2023-07-26,147,Stock_5,Recovery,-0.03065819795364749,0.021599394419594475,-0.033329324236579944,0.013875358780432527,-0.1072930275333234
2023-07-26,147,Cash,Recovery,0.00035,0.0,0.0,0.0005,0.0
2023-07-27,148,Stock_1,Recovery,0.00485925461551483,-0.004957408206952974,0.009814888624871407,0.013339903031504934,0.7545297676122352
2023-07-27,148,Stock_2,Recovery,0.021925783781399935,-0.02250735896524705,0.016519849596406243,0.010019612574841515,0.15851098204906233
2023-07-27,148,Stock_3,Recovery,-0.004917340969797631,-0.01689301766440952,0.01805577838954715,0.012310080301321405,-0.18979949949403235
2023-07-27,148,Stock_4,Recovery,0.018322949042950728,-0.011274143217126859,0.011897108621565818,0.016722515690168246,0.28367271509073344
2023-07-27,148,Stock_5,Recovery,0.010221170742136236,-0.011951633750974772,0.03321110167127726,0.014481190232891291,-0.09423794068150233
2023-07-27,148,Cash,Recovery,0.00035,0.0,0.0,0.0005,0.0
2023-07-28,149,Stock_1,Recovery,0.015462663456542385,0.0015478146894629485,0.0032490377850915766,0.012364659112873709,0.6868913904268951
2023-07-28,149,Stock_2,Recovery,0.02694407861221191,0.01708003342642753,-0.026382505509993978,0.01107061919124245,0.015979913628554332
2023-07-28,149,Stock_3,Recovery,0.03339952412162466,-0.00286507687269925,0.009655527086064264,0.011233901318557511,-0.15104978560924065
2023-07-28,149,Stock_4,Recovery,0.03028469308410131,0.0022929371882943056,-0.020154555929836636,0.012578972793379979,0.34670323822282556
2023-07-28,149,Stock_5,Recovery,0.04186601459649785,0.004832415558501082,-0.00581496017220073,0.012810190983702483,-0.04471733257476604
2023-07-28,149,Cash,Recovery,0.00035,0.0,0.0,0.0005,0.0
2023-07-31,150,Stock_1,Reversal,-0.01968705845386297,0.020008126665633175,-0.01701606404824259,0.007515890224553406,0.6848875019248907
2023-07-31,150,Stock_2,Reversal,-0.011431783744533668,0.018587938869153855,-0.028801461097470532,0.01565162377119022,0.059507383323922386
2023-07-31,150,Stock_3,Reversal,-0.019028434366987115,0.026902000001396947,-0.030938393212414025,0.019950587129899923,-0.1452570501955581
2023-07-31,150,Stock_4,Reversal,-0.002890171382302095,0.029556977207679823,-0.02890345722091074,0.017404824465739863,0.3989774348611322
2023-07-31,150,Stock_5,Reversal,-0.042720368929211064,0.034800613637512454,-0.03512046552418552,0.01575525025955407,0.053329884055366567
2023-07-31,150,Cash,Reversal,0.00035,0.0,0.0,0.0005,0.0
2023-08-01,151,Stock_1,Reversal,-0.004209675793699738,-0.006790320118075373,0.014086269761256567,0.014073689288607204,0.6153559605656568
2023-08-01,151,Stock_2,Reversal,-0.0061478751137779295,0.0027346548443800273,0.006575072097396047,0.018076591875493542,0.07586871607048246
2023-08-01,151,Stock_3,Reversal,-0.003123506652371882,0.00024223233291778383,0.02299689123785679,0.01660470949583653,-0.18627197495570252
2023-08-01,151,Stock_4,Reversal,-0.0112922833812333,-0.011742218289909508,0.0018719385068710992,0.019358751786669463,0.3298257022103035
2023-08-01,151,Stock_5,Reversal,0.0012311562904797667,-0.020878492875074952,0.05158322389484406,0.015749895998024864,-0.18046170897059688
2023-08-01,151,Cash,Reversal,0.00035,0.0,0.0,0.0005,0.0
2023-08-02,152,Stock_1,Reversal,-0.010679994421997364,-0.013664008679649172,0.006452023664579344,0.016203734223766763,0.4738921333496551
2023-08-02,152,Stock_2,Reversal,-0.0055001200626542575,-0.016436492698934827,0.021129537102909334,0.01973828795380638,0.12425510222778105
2023-08-02,152,Stock_3,Reversal,-0.009787233478558123,-0.0035639817493580014,0.01258291557873011,0.013631635598553444,-0.07245107439144684
2023-08-02,152,Stock_4,Reversal,0.016956507224654232,-0.0016740476485075755,0.021341345634219164,0.016401396935816593,0.24820130539188712
2023-08-02,152,Stock_5,Reversal,-0.016744369045013075,0.004021816310349703,0.0002772629594196335,0.009130644623633978,0.007019793757970454
2023-08-02,152,Cash,Reversal,0.00035,0.0,0.0,0.0005,0.0
2023-08-03,153,Stock_1,Reversal,-0.0028012290349484865,7.541078799294665e-05,0.015879890149577275,0.017740602575601828,0.48709648588556925
2023-08-03,153,Stock_2,Reversal,0.007708452869911419,-0.019170710191346543,-0.0010667065818251043,0.019724449297948272,0.16127259193758342
2023-08-03,153,Stock_3,Reversal,0.022308406765517368,-0.006683342240401762,0.015395872400896071,0.01906343437106447,-0.03510058991532229
2023-08-03,153,Stock_4,Reversal,0.02479526615728371,0.00616524480654535,-0.02307238921109995,0.013350275118184476,0.5112849818835226
2023-08-03,153,Stock_5,Reversal,0.014598110506575838,-0.00900086503048585,0.004731519188894992,0.0165524639233136,-0.15515645789208687
2023-08-03,153,Cash,Reversal,0.00035,0.0,0.0,0.0005,0.0
2023-08-04,154,Stock_1,Reversal,0.0006109474031461854,-0.009583664778136118,-0.00027561324562333945,0.016043037645818162,0.5647509250229352
2023-08-04,154,Stock_2,Reversal,0.0012377539790012293,0.02193832316304708,-0.006846677535904564,0.009098348792743467,0.14620750754771744
2023-08-04,154,Stock_3,Reversal,0.004976660170100079,0.00014988714792244125,-0.01929581175907207,0.011495122053933203,-0.08947948801733893
2023-08-04,154,Stock_4,Reversal,-0.009531601441546163,-0.0009055481474343346,-0.024554026326538914,0.015472881762903547,0.43306123773549315
2023-08-04,154,Stock_5,Reversal,-0.0003050927978005078,-0.001287745330355099,-0.012150248757200574,0.01256732449363136,0.02669174559278381
2023-08-04,154,Cash,Reversal,0.00035,0.0,0.0,0.0005,0.0
2023-08-07,155,Stock_1,Reversal,0.02701010517256235,0.007491649676226002,0.012024687140765766,0.01272039153582647,0.5959212478939342
2023-08-07,155,Stock_2,Reversal,0.0006928471127987932,0.0017290857468924058,-0.0049667640029876494,0.015646274287761653,0.1923800698157594
2023-08-07,155,Stock_3,Reversal,-0.004386667519514904,0.000647551063270072,-0.012487263473791439,0.018885293804158685,-0.09318569227714245
2023-08-07,155,Stock_4,Reversal,-0.005848621391886635,-0.010302365457849981,0.004475300211973654,0.012189073865895322,0.2139611857638671
2023-08-07,155,Stock_5,Reversal,0.00449215407849294,0.007341220792726896,0.005408956262890631,0.0147089356832098,0.01579652259091803
2023-08-07,155,Cash,Reversal,0.00035,0.0,0.0,0.0005,0.0
2023-08-08,156,Stock_1,Reversal,-0.017549869098305512,0.02708047291552514,-0.02198324616941219,0.012293555908751313,0.6393860945548288
2023-08-08,156,Stock_2,Reversal,-0.0077345076884084065,0.004442136310895774,-0.00036466523375835514,0.011999657982936276,0.1967744251204458
2023-08-08,156,Stock_3,Reversal,-0.010260448406324804,-0.0068618232930249285,0.005086888201849957,0.01632149955160423,-0.23198694688161667
2023-08-08,156,Stock_4,Reversal,0.0035257575459087583,-0.0018760992996180274,0.012633049012622948,0.016258957050579115,0.4935004466888822
2023-08-08,156,Stock_5,Reversal,-0.01724344109425131,0.00795834419532346,-0.0017920650652626289,0.013967501760937275,-0.08719357810056236
2023-08-08,156,Cash,Reversal,0.00035,0.0,0.0,0.0005,0.0
2023-08-09,157,Stock_1,Reversal,-0.00949645285572023,-0.011425781812805843,0.01154811596581265,0.01729315011264193,0.6015054499599398
2023-08-09,157,Stock_2,Reversal,-0.007648274266645791,-0.008393887682172828,0.011936871944479167,0.010708520130776902,0.21439459311383802
2023-08-09,157,Stock_3,Reversal,-0.0010921464177445894,-0.002854079472973883,0.004040527983526679,0.01799442769685079,-0.33487931612731126
2023-08-09,157,Stock_4,Reversal,-0.009242650067985268,0.006722703420190062,-0.002277424571422568,0.01767841000471789,0.44311379874290985
2023-08-09,157,Stock_5,Reversal,-0.0017782944931889408,-0.014682102356754193,0.018085546722881388,0.015790748748073163,-0.07677133730195732
2023-08-09,157,Cash,Reversal,0.00035,0.0,0.0,0.0005,0.0
2023-08-10,158,Stock_1,Reversal,-0.010650231368483969,0.0008134793004582206,0.010772445717695828,0.014920649868117449,0.51362793774713
2023-08-10,158,Stock_2,Reversal,0.0016337041318599402,0.005812040808406752,0.00800985836413839,0.015290617696973416,0.01753432582107481
2023-08-10,158,Stock_3,Reversal,0.009965668706323422,0.004507073018495842,0.010402106661913801,0.01304317965247559,-0.09974528749243
2023-08-10,158,Stock_4,Reversal,-0.011728777718394727,-0.002792638254378205,0.003141458471693054,0.016626919952271675,0.26759463016012175
2023-08-10,158,Stock_5,Reversal,0.01980399870359298,-0.004245815740752961,0.0017635545021623422,0.01647414335380833,-0.025373408311604954
2023-08-10,158,Cash,Reversal,0.00035,0.0,0.0,0.0005,0.0
2023-08-11,159,Stock_1,Reversal,6.061462187437151e-05,0.000798535867646992,0.005904508833939219,0.011440353264656493,0.5010549882011339
2023-08-11,159,Stock_2,Reversal,-0.014052205235279256,0.005862804681684286,-0.002643431243190682,0.02012572434008694,0.07210329191843749
2023-08-11,159,Stock_3,Reversal,-0.014375584789277683,0.012731319856086559,-0.0030324978416836146,0.0109180038844837,-0.22587630557489954
2023-08-11,159,Stock_4,Reversal,0.004095359134693249,-0.013455325461828703,0.01715541514635769,0.017192407844130776,0.2627900339192789
2023-08-11,159,Stock_5,Reversal,-0.02875976295157303,0.007578057223305215,-0.015273948384648177,0.016314485512742394,-0.030211132241335346
2023-08-11,159,Cash,Reversal,0.00035,0.0,0.0,0.0005,0.0
2023-08-14,160,Stock_1,Reversal,0.0013240186020068885,0.006790725479759711,-0.010135709420201304,0.017954868826226066,0.5421010828186454
2023-08-14,160,Stock_2,Reversal,0.01774309417382265,-0.0030289433191698816,0.006604980789319568,0.01335549363529192,0.05081961774084574
2023-08-14,160,Stock_3,Reversal,0.013263553970819662,-0.0028438918150701896,0.01570707420462671,0.018951930880009113,-0.08818104875364055
2023-08-14,160,Stock_4,Reversal,0.03859743401218016,-0.004416630005311636,-0.0018536263091689788,0.016205969844482956,0.314541776084884
2023-08-14,160,Stock_5,Reversal,0.02911960074264021,-0.012618404333509874,0.027529419982734605,0.016077710366763434,-0.22322976380786191
2023-08-14,160,Cash,Reversal,0.00035,0.0,0.0,0.0005,0.0
2023-08-15,161,Stock_1,Reversal,0.0006141083478495551,0.008286387427022928,0.0009920610249380731,0.016964589254914945,0.49820321341720886
2023-08-15,161,Stock_2,Reversal,0.005703146774635156,0.007429311885717557,-0.020268435531314997,0.016011753719215205,0.09371801991464802
2023-08-15,161,Stock_3,Reversal,0.005891881027262469,0.016842613452067813,0.00010499003243692219,0.015291256744808376,-0.25044276759544254
2023-08-15,161,Stock_4,Reversal,-0.014187406136677426,0.025208940342508097,-0.03543590620015904,0.015230191663520673,0.24743318306149975
2023-08-15,161,Stock_5,Reversal,0.007028156464158642,0.02089863111570222,-0.032048200000351974,0.016988415751324443,-0.24466284502414626
2023-08-15,161,Cash,Reversal,0.00035,0.0,0.0,0.0005,0.0
2023-08-16,162,Stock_1,Reversal,-0.006184322333663274,-0.01731460664204246,0.0006210526577392044,0.015722239491928604,0.4675335935958992
2023-08-16,162,Stock_2,Reversal,-0.014378033361580842,0.001499152955536757,-0.01164173540479254,0.013264397968966118,0.0921468491414146
2023-08-16,162,Stock_3,Reversal,-0.008949841191523245,0.01311010755139577,-0.0021212952873421215,0.016293114182710657,-0.189955094068073
2023-08-16,162,Stock_4,Reversal,0.012557573137706089,-0.008850304542245805,0.0201578225079116,0.019438589543706766,0.41253578676825425
2023-08-16,162,Stock_5,Reversal,0.003354555757721399,0.0065381182545152395,-0.009986434826963741,0.018564899434249427,-0.05407423189399626
2023-08-16,162,Cash,Reversal,0.00035,0.0,0.0,0.0005,0.0
2023-08-17,163,Stock_1,Reversal,-0.009527116913152075,-0.011995374933315182,0.00532236115707037,0.017903472592814208,0.6704935770052176
2023-08-17,163,Stock_2,Reversal,0.014336049748022373,-0.00627880418814888,0.013661227048872713,0.016361926596597166,0.18394761281165073
2023-08-17,163,Stock_3,Reversal,0.004623820052188991,-0.011009320783485266,0.008781040678768379,0.018490678422320318,-0.126315502679139
2023-08-17,163,Stock_4,Reversal,-0.016040767062473017,0.005482861607099897,-0.01074837508404146,0.015476869940348019,0.4127982388444192
2023-08-17,163,Stock_5,Reversal,0.012918485062427043,0.014696692432059478,0.003625059121879659,0.017666179850951806,-0.054699097281562574
2023-08-17,163,Cash,Reversal,0.00035,0.0,0.0,0.0005,0.0
2023-08-18,164,Stock_1,Reversal,0.0236708418902649,-0.0015377779398510275,0.015225670820066574,0.011692893201943956,0.5462982937215302
2023-08-18,164,Stock_2,Reversal,0.03715263034503126,0.024715700983207474,-0.01955521163717306,0.016278973904459346,0.03130587177426747
2023-08-18,164,Stock_3,Reversal,0.023667297713739377,0.006732607751098104,-0.013041443673574304,0.015012363280988811,0.002637126998849104
2023-08-18,164,Stock_4,Reversal,0.03108561804894,-0.005321978013381094,0.017196141556401985,0.009731646738917844,0.3327510360619215
2023-08-18,164,Stock_5,Reversal,0.03847063996830852,0.012076453071186972,-0.005466603586194514,0.015798276991749197,0.03531683422258766
2023-08-18,164,Cash,Reversal,0.00035,0.0,0.0,0.0005,0.0
2023-08-21,165,Stock_1,Reversal,0.005312867814565608,0.007783852250280247,-0.022828895033344867,0.011348953493090981,0.5845229898114122
2023-08-21,165,Stock_2,Reversal,-0.010387698286840094,0.027089763237945624,-0.040359660749262775,0.014424614026474825,0.1262911741728151
2023-08-21,165,Stock_3,Reversal,-0.009263162378500781,0.009962029090094394,-0.028221601401173142,0.01397155484129892,-0.04129734125670585
2023-08-21,165,Stock_4,Reversal,-0.0005801822189349494,0.016758752854007207,-0.03114439869921996,0.01555900810730593,0.3364774261402255
2023-08-21,165,Stock_5,Reversal,-0.014866035799635127,0.029746556556926866,-0.021376428240630487,0.016313157620399973,-0.021076661264879407
2023-08-21,165,Cash,Reversal,0.00035,0.0,0.0,0.0005,0.0
2023-08-22,166,Stock_1,Reversal,-0.03335320266815997,0.008769770832415034,-0.0053431861735579395,0.012423171930746204,0.5045478491766229
2023-08-22,166,Stock_2,Reversal,-0.029372340727509605,-0.006335413626421224,0.012398468767325442,0.010649617001326694,0.18719733648010917
2023-08-22,166,Stock_3,Reversal,-0.04860914862284547,-0.02068857780518732,0.008204894285181619,0.018435549708536173,-0.09409234677943995
2023-08-22,166,Stock_4,Reversal,-0.026834995181928865,0.00794365892205799,-0.009890081385843123,0.015162346045148784,0.5228909869864772
2023-08-22,166,Stock_5,Reversal,-0.028051597221622388,-0.009513535834945986,0.022110474141925858,0.016507958181251173,-0.10613847136702098
2023-08-22,166,Cash,Reversal,0.00035,0.0,0.0,0.0005,0.0
2023-08-23,167,Stock_1,Reversal,-0.02796849087864062,-0.01716817765328291,0.0437707045857538,0.01740325799008986,0.7313965370787378
2023-08-23,167,Stock_2,Reversal,-0.032093123619006014,-0.02670105669709656,0.023749942575864658,0.015418899799989491,0.22701732697173901
2023-08-23,167,Stock_3,Reversal,-0.011203778698996816,-0.027290067491660675,0.048816908303104346,0.012606218446921374,-0.1347352616157786
2023-08-23,167,Stock_4,Reversal,-0.02680492414660548,-0.019813869581198854,0.03282468388110106,0.020824346905205272,0.33604570309190174
2023-08-23,167,Stock_5,Reversal,-0.01858116717695355,-0.02554850103527402,0.025633728729197055,0.017879639436401126,-0.1683496232615049
2023-08-23,167,Cash,Reversal,0.00035,0.0,0.0,0.0005,0.0
2023-08-24,168,Stock_1,Reversal,0.0033647125767829736,-0.029903679425744303,0.0314948277452415,0.021518784293049542,0.5459801623219444
2023-08-24,168,Stock_2,Reversal,-0.011124518218059414,-0.028335511699801412,0.03920403682550534,0.014905859122918716,0.1793428467260344
2023-08-24,168,Stock_3,Reversal,-0.012573567470434366,-0.015021516297911396,0.006304589035688239,0.011426829036596343,-0.044179326242598474
2023-08-24,168,Stock_4,Reversal,0.0013970445413820946,-0.027225406538972704,0.022487921137006903,0.01017476960125879,0.35740286845894115
2023-08-24,168,Stock_5,Reversal,-0.0013509737612865972,-0.005325899030629627,0.010124577559376034,0.01284011712001678,-0.02665343680758742
2023-08-24,168,Cash,Reversal,0.00035,0.0,0.0,0.0005,0.0
2023-08-25,169,Stock_1,Reversal,0.009706558222776218,0.007309380822417272,-0.004738846687043857,0.012057397181325757,0.48191423804549166
2023-08-25,169,Stock_2,Reversal,-0.0027747710903093595,-0.013527491725844838,0.012423808979113117,0.009430971749393058,0.20432825804608817
2023-08-25,169,Stock_3,Reversal,-0.009719416243223603,-0.008120424538282685,0.020321484336159795,0.014330781697524447,-0.3071774281301094
2023-08-25,169,Stock_4,Reversal,0.02193653336066995,-0.005899581113972869,0.006703116812734211,0.012697100195764996,0.3471845297877648
2023-08-25,169,Stock_5,Reversal,-0.013709644579309453,0.008351706901476078,0.00404254549157486,0.016725510016087075,0.053874438644965134
2023-08-25,169,Cash,Reversal,0.00035,0.0,0.0,0.0005,0.0
2023-08-28,170,Stock_1,Reversal,-0.00021704641221139494,-0.0006593021896593079,-0.00028963087225443614,0.014840342827815852,0.5747147586140737
2023-08-28,170,Stock_2,Reversal,0.014217180457102031,0.0005110026336147503,-0.006267380678879457,0.015155333439418639,0.08729862458831847
2023-08-28,170,Stock_3,Reversal,-0.02066031241703506,-0.001977843209549585,0.014910963295629583,0.013149812520106677,-0.1644120194976436
2023-08-28,170,Stock_4,Reversal,0.0007330269997875285,0.01734503574569919,-0.013459356993005074,0.016546139904569473,0.5303608138432165
2023-08-28,170,Stock_5,Reversal,0.01468774812048865,-0.005657026071763984,0.02140028699075948,0.015078201996685334,-0.11806484186552914
2023-08-28,170,Cash,Reversal,0.00035,0.0,0.0,0.0005,0.0
2023-08-29,171,Stock_1,Reversal,-0.013795636946452238,-0.0013000774305458663,-0.0030663082873268535,0.016037803340199507,0.6400616447741945
2023-08-29,171,Stock_2,Reversal,-0.03266875314962367,0.007493322788458304,-0.017023539138447553,0.01681756579128404,0.2210528509817532
2023-08-29,171,Stock_3,Reversal,-0.05027799177378929,-0.008717959332461016,0.02915449538339583,0.01715274654661475,-0.274513740516022
2023-08-29,171,Stock_4,Reversal,-0.021970856909971977,-0.011176710185828715,0.008437365602875793,0.01748659206924107,0.33935472786998677
2023-08-29,171,Stock_5,Reversal,-0.03383576818469947,0.006173117230515878,-0.014152916249400545,0.011487079262819585,-0.19942294155228546
2023-08-29,171,Cash,Reversal,0.00035,0.0,0.0,0.0005,0.0
2023-08-30,172,Stock_1,Reversal,-0.024714804432783132,-0.0020796739348899924,0.022441150900762395,0.014597369311767248,0.5204549818939187
2023-08-30,172,Stock_2,Reversal,-0.024372237307089734,-0.026385707663270155,0.03575541546519906,0.018361868671588052,0.21553018293545267
2023-08-30,172,Stock_3,Reversal,-0.030862061507977066,-0.033369762764343926,0.0557506464624345,0.014444148462976014,-0.028523018515663107
2023-08-30,172,Stock_4,Reversal,-0.024595951205308813,-0.015713626808974996,0.021638785880888457,0.013503461904680086,0.2844802378492858
2023-08-30,172,Stock_5,Reversal,-0.04912474458431226,-0.01241762496082948,0.027229588963656785,0.013996066770292697,-0.00663351170326492
2023-08-30,172,Cash,Reversal,0.00035,0.0,0.0,0.0005,0.0
2023-08-31,173,Stock_1,Reversal,-0.005090208335816911,-0.013655103384853389,0.026440726570988164,0.012219632441869556,0.628872490736307
2023-08-31,173,Stock_2,Reversal,-0.02423237475463711,-0.024176971774419735,0.02764755173957319,0.01704522671112372,0.23428721788891266
2023-08-31,173,Stock_3,Reversal,-0.03794328962741688,-0.02411076874865424,0.028094548098456684,0.011305740191174316,-0.05340914047999902
2023-08-31,173,Stock_4,Reversal,-0.02375234573321258,-0.025373567757854272,0.03517427315656679,0.018193594846503444,0.3679521230176521
2023-08-31,173,Stock_5,Reversal,-0.029483220965786736,-0.02523589559162041,0.044844783683664874,0.016038639385214066,-0.025479462034107548
2023-08-31,173,Cash,Reversal,0.00035,0.0,0.0,0.0005,0.0
2023-09-01,174,Stock_1,Reversal,-0.027296288612159575,-0.00470495225309373,0.011539752227400547,0.011964654296282365,0.577983386186145
2023-09-01,174,Stock_2,Reversal,-0.013882188874186418,-0.01154180942511951,0.02480685329882205,0.015464959015518896,0.09554109795601617
2023-09-01,174,Stock_3,Reversal,-0.029725858819855448,-0.02709737884529146,0.026590404696827614,0.013657002191419026,-0.14550318937251588
2023-09-01,174,Stock_4,Reversal,-0.009840540578671777,-0.013611182772913072,0.018201631190520026,0.009484036009368847,0.33932352044948094
2023-09-01,174,Stock_5,Reversal,0.0013261722810207818,-0.02061032315408085,0.027657868096034637,0.017071729687841188,-0.14311309990626697
2023-09-01,174,Cash,Reversal,0.00035,0.0,0.0,0.0005,0.0
2023-09-04,175,Stock_1,Reversal,-0.013971499233079129,-0.0061615501062136785,0.038723688960809424,0.013391752618441858,0.6481236310721245
2023-09-04,175,Stock_2,Reversal,0.015376238215756729,-0.011827321335548304,0.016666532627265817,0.01461067862671159,0.1707003813898194
2023-09-04,175,Stock_3,Reversal,-0.006564787218198045,-0.007336000705751026,0.032887836742577704,0.01869427120138858,-0.1404024270488159
2023-09-04,175,Stock_4,Reversal,-8.56303042516258e-05,-0.02403341864223073,0.013045307527850093,0.017562648396513846,0.306507290439425
2023-09-04,175,Stock_5,Reversal,0.005608234453677034,0.010018126072718396,-0.007048617098549406,0.0174633600437023,-0.09706667689960802
2023-09-04,175,Cash,Reversal,0.00035,0.0,0.0,0.0005,0.0
2023-09-05,176,Stock_1,Reversal,0.020608657836054506,-0.01186674889118904,0.01367562628799522,0.016496860962314876,0.6396058954314809
2023-09-05,176,Stock_2,Reversal,0.007001289403694296,0.017585020985794814,-0.016848887669744052,0.016209987979593943,-0.008173375937264638
2023-09-05,176,Stock_3,Reversal,0.02195064102779759,-0.0044169749028405095,-0.0026482612949636575,0.014764983782415825,-0.3049557978311036
2023-09-05,176,Stock_4,Reversal,0.010216007667643984,-0.003605790775626283,-0.001220400224362899,0.02140234146661802,0.4175168999508341
2023-09-05,176,Stock_5,Reversal,-0.0018528267806758123,0.005360135978217116,-0.008084114045999801,0.01690602636462255,-0.14899184719147154
2023-09-05,176,Cash,Reversal,0.00035,0.0,0.0,0.0005,0.0
2023-09-06,177,Stock_1,Reversal,-0.01702577839050092,0.00470906454795683,-0.02727919760285314,0.014280591307530741,0.6784868136881029
2023-09-06,177,Stock_2,Reversal,-0.007115719722179715,0.004178795051776136,-0.011748966855087488,0.015250031643779527,0.25499123972945914
2023-09-06,177,Stock_3,Reversal,-0.012715110445839914,0.03230277252729794,-0.024274177867563824,0.01426495000493844,-0.24633702497075705
2023-09-06,177,Stock_4,Reversal,-0.0073345625748018365,-0.00024179112689644375,-0.008485305956088252,0.01180786293675844,0.3889930927563869
2023-09-06,177,Stock_5,Reversal,-0.011614386045100027,-0.015179813196080758,0.003991570039761798,0.015325661387364693,-0.07341463787570937
2023-09-06,177,Cash,Reversal,0.00035,0.0,0.0,0.0005,0.0
2023-09-07,178,Stock_1,Reversal,-0.010271346420371329,-0.0012795854345417114,0.019851381266579985,0.0195210278718315,0.5316465097700552
2023-09-07,178,Stock_2,Reversal,-0.001675880325376777,-0.007875103624911822,0.021644178935950706,0.009600366974289024,0.12794692038967492
2023-09-07,178,Stock_3,Reversal,-0.018823719315727912,-0.007198943134252671,0.016784113618641183,0.020453299636529892,-0.1523439197830194
2023-09-07,178,Stock_4,Reversal,-0.02344653981701939,-0.007364891047960375,-0.0009814734629168482,0.014672662651379653,0.2832416996909406
2023-09-07,178,Stock_5,Reversal,-0.015056473953478604,0.0011232953670690113,0.011432842186820832,0.012911685070200928,-0.08358236484903775
2023-09-07,178,Cash,Reversal,0.00035,0.0,0.0,0.0005,0.0
2023-09-08,179,Stock_1,Reversal,0.006973905296843915,-0.005327651376785656,0.008004761877221385,0.011652981321364702,0.7352143233460642
2023-09-08,179,Stock_2,Reversal,0.022060556395927577,-0.010303602768183985,0.0028489047824778917,0.010158321615455929,0.26020075455113345
2023-09-08,179,Stock_3,Reversal,0.036220763962361895,-0.010842211348246852,0.008744898191374043,0.012761604384601109,-0.1443762219848677
2023-09-08,179,Stock_4,Reversal,0.03412634423941878,-0.012431994305692098,0.029175523900707885,0.015361480351312774,0.28869663221891995
2023-09-08,179,Stock_5,Reversal,0.02263727151784652,-0.007869970053288763,0.006478157106174932,0.018373039657645376,-0.08093863827078533
2023-09-08,179,Cash,Reversal,0.00035,0.0,0.0,0.0005,0.0
