day,level,outer_batch,replication,cost,g0,g1,g2,g3,g4,g5,g6,g7,g8,g9
0,0,1,0,17,0.058507107381727944,0.004208145097022986,0.0046237673845909676,-0.006639451666667961,-0.03340139913039122,-0.01812296963888101,0.01536655832135493,0.02174508920755427,-0.0002956700466120184,0.003101729600054806
0,0,1,1,17,-0.00695361873628013,0.0006693913065957535,-0.0013745544997807435,0.0009534263185887817,0.0010821401992285266,0.001023480542037197,-0.004714998814637925,0.001574453719292772,4.976749538782066e-05,-0.0010197310237372531
0,0,1,2,17,-0.00036807195987015095,-5.856275196587377e-05,1.4621332397311344e-06,-3.5364855887773668e-06,-0.00014510104840942455,-0.0003175028913621563,0.00017033075604476608,2.4555439654066162e-05,-1.1158765073873776e-06,9.38533040000784e-06
0,0,1,3,17,-0.003869913164423733,0.0035206575393783614,-0.011220938810577777,-0.001971486300223414,-0.003990023524330284,-0.002969657864989751,0.003209661326514037,-0.0025944024787522405,0.00034023609508563186,0.001684074788929882
0,0,1,4,17,-0.012004208863965993,0.001011803173093397,-0.020116714612358057,0.004392111861317744,0.016231204442523295,-0.0004990459260719362,0.003994171955657682,-0.009919021835001006,0.0002246513929919677,-0.000783787718854095
0,0,1,5,17,-0.0026460256373008234,2.800195240301123e-05,-0.003950691357417773,0.0016357788345336874,-0.0004379125816099165,-0.0006082516893045127,0.0017114681086841266,0.0009767116525819324,-8.40336064185373e-05,-0.0006128658137096542
0,0,1,6,17,0.0010999593621916952,-0.0012946216178610305,0.0034927271540435866,0.0051885523714149786,0.0075404567353931215,0.0075093678463527104,-0.0013965055347216536,0.004129170261531624,0.000134573739109748,-0.0001223871733961443
0,0,1,7,17,0.008624727454934691,0.00028718149537297394,-0.0035885763071838933,-0.0030305571143403936,-0.00016877205503366122,0.00033426752706790605,0.004191036316552981,0.0016683215517240388,0.00011654298498914,-0.0015581720737303658
0,0,1,8,17,0.000562032220408146,-0.00010521384219844782,-0.00017648227154540977,-6.808006557513846e-05,0.00024971787152948025,8.805844320804354e-05,-0.00024692865224977377,9.021212460730648e-05,-9.602978071696607e-06,8.667604262524952e-05
0,0,1,9,17,-0.0077314311727353785,-0.007008452184286594,-0.000270396662627001,-0.0027751599517624563,0.002218517222953994,0.006130114462060096,-0.010349943882743564,0.0012884437968180586,-0.00013020247521794748,-0.0027054847087671164
0,0,1,10,17,-0.0072105145982797976,0.0007577087627065128,0.003470067193698612,8.616108855364505e-05,-0.0009801019903594222,0.0020870586970764765,0.0007481252795221496,0.0021457481370766984,3.7599215526110214e-05,-0.0004260003307708456
0,0,1,11,17,0.007483632923810089,-0.0036163276568844695,-0.006035341849693905,-0.0027648794149597975,-0.00397429381193936,-0.004598252347866876,0.009146080327187752,0.0024908636969961165,-0.00022058925376874241,-0.001961501466059719
0,0,1,12,17,0.006374296169557459,3.956897383336801e-05,-0.002579396307867631,-0.0027938271544657107,0.001026980081123822,0.008952890343018207,0.0007384782159795995,-0.0028078683017190844,2.4542863336837428e-05,0.001153755147856277
0,0,1,13,17,0.00446420206162554,0.004332820181215905,0.005223966457625051,-0.004063341868733875,-0.0043234955481685974,-0.0007194436013858134,0.001554636992782742,0.004903909117811067,-5.792348875672622e-05,-0.00011978465811230717
0,0,1,14,17,-0.014503220921379336,-0.0028640161155366684,-0.0015613912211850677,-0.0034428392783612707,-0.00035385980742710834,-0.004109896699768024,-0.0012579908737986832,-0.005790500213064814,0.00021009516246542524,-0.0015691254669802535
0,0,1,15,17,-0.017352616767517263,-0.006016242877429855,0.0064311280657526355,-0.0005712619839805314,0.00996817755386971,0.011276520948299628,-0.0015853013777462558,0.009884083434948059,-0.00016776695476892843,0.00015696652038453126
0,0,1,16,17,-0.007653228311929708,0.0036604291467276858,-0.00205834482681253,-0.00038925189687479586,-0.0030109830346180242,0.00612830062568851,0.007573930536826839,-0.008949026539602698,-0.0003361968331626809,0.001955669471301024
0,0,1,17,17,0.004335355828258169,0.0005380952315744815,0.002944162627740679,-0.0026790633680219157,-0.0030747256739421113,0.0006751635290185405,0.0018608277984399572,-0.0001684874722048473,4.851701014951946e-07,-3.546167264440903e-05
0,0,1,18,17,0.0003882751830159422,-0.005014093375444207,-0.012557614351961142,0.008726078046109977,-1.4652050712306175e-05,-0.012554691374755506,-0.00912957973421691,0.015865883325547725,9.332876004599507e-05,0.0018765856305186612
0,0,1,19,17,-0.03543838841042742,-0.0009033026237163795,0.05133781158362639,-0.0474105140599237,-0.01282824518031026,0.03347529101163753,0.0056957932254170325,0.007340262644841654,-0.0015479382570399846,-0.005036725792259475
0,0,1,20,17,-0.014109125042928147,-0.0036199883690406945,-0.011312872294827086,0.004694903282206614,0.004089623088056594,-0.0019505063090290067,5.4245422364503154e-05,0.011105037542386313,-0.00012440067450517279,-0.0024286341032683308
0,0,1,21,17,-0.007151425012004592,-0.0008247206291547942,0.014302385351579142,-0.008977031414892965,-0.003536610551765425,0.0012781870007823048,-0.006842005072110879,0.009974113882111025,-0.00019028327323799055,-0.002034876465571692
0,0,1,22,17,-0.009828412311440776,0.003449293614928427,0.0035496584293037777,-0.0046221260603535414,-0.015098626990695245,-0.008169539729179933,0.009783601813703203,-0.0013619795061167598,0.0001964131340726784,0.0008372754302289694
0,0,1,23,17,-0.0035571432476463835,-0.007076903690706142,-0.0017331888450894998,-0.018628266175972377,-0.01734006902946931,-0.007516077480286948,0.01772211238731916,0.007568976421288902,6.508391089492512e-05,0.0031100992056893447
0,0,1,24,17,0.01632521048099622,0.003674276091926183,0.000244273914934659,0.011592950123277643,-0.007052848266618931,-0.007569338192669,0.007589131818017048,0.0013658855747653556,-0.00034219491897914,0.0016126816721883119
0,0,1,25,17,-0.014483977676539046,0.0004675957656110602,-0.006885264851363093,0.012759391704310901,0.010787025082726014,0.002212787689632204,-0.015010421048737331,0.0038090344271063626,0.0006032926626206068,0.003568732398604446
0,0,1,26,17,0.028030401933560073,-0.003994424871774341,-0.007017870375957151,0.008318091090885786,0.007342308175919368,-0.010779608635372891,-0.002081467902838883,-0.02837474555463438,-0.00028484459059951973,-0.003006261890671549
0,0,1,27,17,-0.017972540926079247,0.0006119621934810554,0.0008136692368163926,0.0005805598167697342,-0.005697118201010161,-0.005288461437147814,0.00107377138899676,-0.00770743469104405,0.0004305102361178167,0.00040796331809433246
0,0,1,28,17,-0.005780020079810676,-0.0007830513723654876,-0.005688723837511246,0.0017296726578810405,0.011656409016810946,0.013008649819759585,-0.01648841543688395,0.011226945599826005,-0.00023386025093308157,-0.00041372112552184637
0,0,1,29,17,-0.003950614919676502,0.002403622734850709,0.008526372203741016,-0.0018656612271426478,-0.0025363657544532083,0.0014728902014667933,0.0022731495621338806,-0.005135811173262749,0.0002114768165236619,-0.0005123580056662529
0,0,1,30,17,-0.010681722743981858,0.0020741496213893935,-0.0017029528135184477,0.00023910952704934692,0.00023568289217122042,0.004817783025449164,-0.0019278089375207674,-0.0005224624697322571,0.00016868960443335474,0.0010797367421697013
0,0,1,31,17,0.00016748050744986543,0.003476682234571808,0.01711484841251438,-0.015320111767672142,-0.0103278186571658,0.00478287727242616,0.009633113195105021,2.1505991242169944e-05,-1.815376550621794e-05,-0.004240772132944268
0,0,1,32,17,-0.0020304012122496803,0.0022900859447419313,0.0032877234711315923,-0.002751631951824348,-0.004264747232535085,-0.006070388013899606,0.003583144215337701,-0.001333187763542918,3.759004684889486e-05,0.00017129577754519315
0,0,1,33,17,0.01440325631716083,0.0008100246589286428,0.0020180386279760884,0.0011379145120524001,0.005274758890582803,0.003608321811428104,-0.0025358283140315763,0.0031786781103106086,-8.383911367386177e-05,-0.00032099190129701127
0,0,1,34,17,-0.014665866444130114,-0.010767646482501987,0.0022698883385515465,-0.004003259710214256,0.008530254331398871,-0.010463903118131125,-0.011545194448004772,-0.012659279364731558,-0.0001794168391124856,-0.007047891512755438
0,0,1,35,17,-0.017737480097017554,0.003071194726166546,0.015623558180574038,-0.011666128129536631,0.00814778057910151,0.011060836126418096,-0.01328697178865511,0.0067617737588437825,-6.853642270695282e-05,0.0015973096705974726
0,0,1,36,17,-0.0030218055481572273,0.002957131896889446,-0.0008282774435944998,-0.0016939950951905972,-0.0020171599420089606,-0.003448657782838514,0.0020378699602054723,0.0005520269035548488,0.00016825435971967338,0.0007059148407291931
0,0,1,37,17,-0.01537945341954874,-0.0020465871316767033,0.007690662906967979,0.0004843928869712611,-0.014489074955961476,0.008067859955357286,0.0047233944994869706,-0.02702492119336002,-0.0008176420329778533,-0.002068511297727965
0,0,1,38,17,-0.00225466194130401,-0.0026146816904090734,0.012062156918966751,-0.01972046158953416,-0.017600964922986257,0.024825530794847443,0.009406864690956132,-0.012564175509101685,0.001196542379711502,0.002258670771370818
0,0,1,39,17,0.0031793193509691616,-0.0004314604064913336,-0.0004480541062050568,0.0014372160753910567,0.00010421484237008624,-0.002749882577986945,-0.0004896047974403231,-0.0007420431340631926,-3.0020215999726776e-05,-0.00043104596942472443
0,0,1,40,17,-0.0008736827339175479,0.0007050240651056093,0.0037980453321946597,-0.000992256687686805,-0.002019837706857831,-0.002334057304421596,0.0007945568864489772,0.0007421811011836529,6.641709633714292e-05,-0.00022763845444573712
0,0,1,41,17,0.035632853907151485,0.0032502529330415584,0.027496901483955432,-0.0058081363696879254,-0.002988557520213157,-0.012533684900280404,8.462256468264376e-05,0.01935595432624757,-0.0003935318420420776,-0.0005974772787842483
0,0,1,42,17,0.0089110973528642,0.0017521250138920845,0.0009241583690094574,-0.0009167912826914187,-0.007935653758466778,-2.5279913223586893e-05,-0.00433822570800035,0.007915074923231527,0.0006436800845245621,0.0038627355451329236
0,0,1,43,17,-0.019082987604716578,-0.00044651756348034144,-0.001192999946668613,0.0006033950491500451,-0.009652515516981682,-0.005018525818859649,0.010835046829003277,-0.008960143720198807,3.56568746241581e-05,-0.0001620608256044191
0,0,1,44,17,0.0003112384607863301,0.0025109498718465244,-0.017248959036917418,0.015025182412413223,0.014261415341068699,0.001078159326150878,-0.006342128225506288,-0.00857299058734323,-0.0005162935025362949,0.0014202641061577491
0,0,1,45,17,0.0011321509460583718,0.0010796339666156245,-0.004408859145117499,-0.004679758304836422,-0.016510198728965288,-0.02330290660520824,0.01231282430172434,-0.009856597452565336,-0.00022705913744072988,-0.002179802842489389
0,0,1,46,17,0.009861901659965965,-0.0021054886678268793,-0.0040261117769119625,0.004158657771507361,0.0006092108847427787,-0.0009619760698313517,-0.001108024682710178,-0.004580433609629293,-0.0002522880987056794,-0.0007978055579546484
0,0,1,47,17,-0.0038453760591291666,-0.000674560717243736,-0.00215808331191107,0.004682318690873322,0.0006995064632126825,-0.0011415640917754274,-0.0021072727475821723,0.0015774012043229836,0.00018002813417794866,0.0008030519952606769
0,0,1,48,17,0.01478503791229701,-0.004667440203431173,-0.004308456376740309,-0.0024894701885689596,0.01184913947095012,0.015089118314659481,-0.00920184224232699,0.002982046774635938,3.0503485883814224e-05,0.0019634843553233455
0,0,1,49,17,-0.005544004378661993,-0.0011288625994870774,0.0033894771428773767,-0.0012535655457037388,-0.00332856035350317,-0.00016728084051144214,0.0052833662599210155,-0.004238734455926829,7.471919760778546e-05,-0.0003729782000096462
0,0,1,50,17,-0.059869407293409595,-0.0031659099313033168,0.04138972259704632,-0.005555336987713564,-0.009484244479814117,0.014754952279343663,-0.012174512355582012,-0.010131515407176748,-0.0005108635320247791,-0.0026033086655670936
0,0,1,51,17,0.008274078849561786,0.002743246050133969,-0.0010507408516350542,-0.0013188357602933747,-0.006845487481244963,-0.00975051207464399,0.006443026855848905,-0.007776662859986969,0.00012743102223448322,-0.0002470816508418492
0,0,1,52,17,-0.05721621310002615,0.0032854155617097246,0.0008725899200906384,-0.021659250110975824,-0.015608254141133497,0.010251792004170413,-0.023205467512910957,0.01655588180020339,0.0013426088569010303,-0.00993654321500084
0,0,1,53,17,-0.00013347038302578682,0.00013205890157715153,-1.2188893851163709e-05,0.0004529048134562804,0.00047801953065661706,-3.7341910459650353e-05,0.0002331966734123981,-0.00023160569089154267,-5.144925459869334e-05,2.700023344888873e-05
0,0,1,54,17,-0.0018855685805915384,-0.0046331399562987196,0.00702148513556054,-0.011954194005333176,-0.0071550290857203365,0.004065393268843752,0.006567563455796253,0.0022363186813307376,0.000440205479197553,-0.0017163462471080778
0,0,1,55,17,0.01188592420425279,-0.004450263363452653,0.009745859154429437,0.0030339204365425927,-0.008454657516580526,0.0096945945451278,0.009203115982137891,-0.002102512506684291,5.948325790964607e-05,-0.0027234607756590383
0,0,1,56,17,-0.04020781751554564,-0.003540532094495943,-0.028824127997942088,0.002707323503347892,0.016493889697934364,0.008529690991413165,0.004211769686592146,0.003373614322919204,-0.0006226444369086677,-0.004146706553161672
0,0,1,57,17,0.00018060355893843256,0.00016955303914477558,0.0003162591082463264,-0.00014513798088977984,0.0003887127667587331,-0.00032371642540979435,-0.0006324975509459764,4.413521320084868e-05,-4.526613110764065e-06,0.00016856890601666546
0,0,1,58,17,-0.00704237896005736,-0.0037486957789837475,0.00841339248564516,-0.006587224668194049,-0.006098278668120624,0.009788583775027407,0.0004133628447882236,-0.0017895236071251736,-0.0003108589093067962,-0.002587733672392481
0,0,1,59,17,-0.04254272580914219,0.014045448555618725,-0.001654944503869966,-0.0016015424983360541,0.02690518961343225,0.0306939548592609,-0.020543289507499743,0.047310938481816694,0.0011331561980733476,-0.002134746595130731
0,1,1,0,33,0.0002801245518922498,-1.8403615259501132e-05,-0.00015179702760583974,0.00011059791221042768,3.7397838939767714e-05,-0.00020169131572852535,-7.949619092547047e-05,0.00022215313596145122,-1.9896575568070563e-06,3.510091411845571e-05
0,1,1,1,33,-0.00019782983380729895,4.8002338785067144e-05,-0.0002813164126478579,-0.00037337291324647607,-0.0006559168044775758,-0.0005028808821254243,0.00024150327220448875,-0.0004471817705331381,1.1926571143097635e-05,6.135769403942248e-05
0,1,1,2,33,-0.0001418081651620319,1.0387836971774714e-05,-7.68714290200294e-05,0.00010054477384355666,0.00028850392273906583,0.00015408769009256446,-5.007686903538587e-05,-3.6523030145279606e-05,-2.359839154302133e-06,2.7867915893400377e-05
0,1,1,3,33,0.00012382498961488445,0.0001916421696532498,-8.516941366489829e-05,0.0001901961225647311,-0.0003417340216246401,-0.00034182093949311704,-6.324005511165676e-05,9.764021599060272e-05,1.3517632651149782e-05,0.00010652036983621313
0,1,1,4,33,0.0005808856327953522,-0.00029018898809254906,0.0013625531363516254,-0.0009647021041324397,-0.001473439187548157,-0.0007941887266069974,0.0005629462589083925,0.0008094391817456426,-3.7063358625212906e-06,-3.159579475035883e-05
0,1,1,5,33,0.007014511606721736,-0.0006040636605585884,-0.001557351588273546,0.00047981845899479044,0.005542421681247498,0.002637464041668188,-0.004646871042516487,0.0014349435733206147,-1.3762699844570402e-05,0.0006864275814157568
0,1,1,6,33,-0.0001602140688129171,-0.00017942527766664915,5.813394082435767e-07,-0.00010109556532934167,-0.00013088397616602596,-0.00019635757837807162,0.0001826127812400708,5.835665448864628e-05,3.6964715226803783e-06,-4.533326838841016e-05
0,1,1,7,33,-0.0008943412585250149,6.578285596864914e-05,-0.0001360182902908822,0.0034800257137587052,-0.0027850316416244726,-0.0004362504355060089,0.0030864133497353987,0.0007089727736298264,-6.823351460154114e-05,-0.0006320500928862204
0,1,1,8,33,-0.00010991163178378394,-3.3229304672142744e-06,0.0002443518078399873,-0.0005086436279147275,-0.0003545375270988041,-0.00024087355697584198,0.0002284738716287416,2.648507440522431e-05,-5.40691673357155e-06,5.631992552732103e-05
0,1,1,9,33,0.0014633419892029938,-7.085025807603548e-05,-0.0010474131013441077,0.0009074882304399615,0.00045470882414322866,-0.0014265205281886897,-0.00042861379096793806,0.00046752906883498746,7.936137348124834e-06,-0.0001894283261603317
0,1,1,10,33,0.00043144117615365174,1.6571525064964842e-05,0.00010041276258532579,0.00028067381683282935,-0.0005987250825777861,-4.612957167870628e-05,0.0003744889179968504,-0.0003486228088981272,1.2020848735611756e-05,2.1205522463685117e-06
0,1,1,11,33,0.0007246278191051092,2.492467377487082e-05,-0.0001434714561456786,0.0001833482193317322,-0.0005823447389206835,0.00013273998910086368,0.000671636692540947,-0.0001925668901012308,-3.970372059407516e-06,0.00015198963731445267
0,1,1,12,33,-0.0058799085095834515,-0.0010024474005778442,-0.0007930493889522028,0.002622123025185245,0.0006487368454209329,0.0008797279331300097,-0.0007390889950324558,0.0008941088891477756,-2.163821369209781e-05,-0.0005175140913803081
0,1,1,13,33,0.00210718822262182,0.00016273189314127814,0.0005722875280287714,0.0003209307039181175,-0.0008109359825581655,-0.0006254397452234718,5.7707255973792755e-05,0.00029409845214565486,-2.219248330028191e-05,-0.00012296284601328314
0,1,1,14,33,0.00035880073769390525,0.0005779864671915653,6.458111829400724e-05,-4.771902317202312e-05,-0.00041229342841857995,-0.00038595059927709537,0.00038606332373912385,-0.00022828614676020177,-4.974285889747134e-07,-5.405383890874545e-05
0,1,1,15,33,0.0012812473336608673,2.498998263114491e-05,0.00045419753247611197,0.0005666215553111212,5.430050945175779e-05,-0.00023380750275284719,-0.0009239006592225595,0.0011862390141976619,-2.5152520082878072e-05,0.00011049142029541837
0,1,1,16,33,-0.00014063923002497963,-6.261562812478225e-06,-4.956145469396228e-05,-6.166345258151465e-05,-3.562249064131702e-05,-8.799992319051028e-05,3.865228482277221e-05,-1.6532173468103822e-06,-1.5597522198223668e-06,-3.2793233555661494e-05
0,1,1,17,33,-0.0011233067002266058,0.00032468742524322083,0.0007800432792719299,-0.0009003890733622048,-0.0007329692498613272,-0.0001019590973018798,0.000828009445883681,-0.0005812428501604238,1.2698873909690965e-05,9.994092230656304e-05
0,1,1,18,33,0.005591072012993653,0.0032577604475190728,0.0015956168176363501,-0.005252693484583841,0.00020098229872780366,0.0007785768081664426,-0.0003074462418416713,0.0022709990500656865,-3.655970706124811e-05,0.0006620948849664726
0,1,1,19,33,-0.0001120067739943197,3.081062857817453e-05,2.7506785114428728e-05,-1.3159763398784837e-06,-4.4196408169444406e-05,-6.1292104067555385e-06,6.469091501061107e-05,-5.6207628456213325e-05,-1.9152786548972412e-06,2.648693400118123e-05
0,1,1,20,33,-0.0002886208006902909,0.00012196928137975071,0.0005535861177863936,-0.0001809984118895435,-0.00037623161431365245,0.00032358240875001424,-8.633463765025981e-05,0.00021068648274951213,-5.2564379001651935e-06,1.9930440210097965e-05
0,1,1,21,33,0.000433009677861584,8.897903380668391e-05,0.0005277488310264539,-0.0005253281750814883,-0.000137971195664826,0.000914536749913396,0.00022621632197090963,-3.5884273331380903e-06,-2.231377898986598e-06,9.444051174090174e-05
0,1,1,22,33,-0.00010142195612010394,-5.849459843525574e-05,1.4877776052197615e-05,-4.636729501791526e-05,-0.00010656070317723294,-2.275081679083074e-06,0.00016714674047955437,-4.2006940306863186e-05,7.240004411080035e-07,-1.785597271566545e-05
0,1,1,23,33,0.0011855571932961294,-0.00012458421212785522,-0.0006219131763581227,-0.00021931171193332352,-9.325428596361195e-05,-0.0010095874367282982,0.0012220914907079665,-0.00014127200793511628,-5.486288252588284e-05,-5.4196238043568886e-05
0,1,1,24,33,-0.002050752341837777,-0.0007885728675852951,-0.0016579830041430074,0.0003391765507091695,0.0006255529193437578,0.0008547054604088012,-0.0006660981267283028,-0.0010237931009733367,3.2126316769162405e-05,-0.0002836047756369372
0,1,1,25,33,0.002167571326096879,-0.00013877429459151254,9.574428376659588e-05,0.0003673250777687779,0.000347620180041601,0.00018252767992057992,-0.0005924829846071811,0.00043958408962947916,9.940136983144157e-06,0.00019451139829608426
0,1,1,26,33,0.0001642461620159053,0.0001080695286883939,-7.939218030084427e-05,0.0003748580836306984,0.00029107089468598414,-3.869554070335045e-05,-0.00027143728438995746,0.0003339614214599332,-1.0151379692919435e-06,-8.148961222566736e-05
0,1,1,27,33,0.00014742237391335161,-0.00018453843205651758,-8.156118361743674e-05,-9.985830927119542e-05,-0.000175132001686208,0.0002782801994431674,9.291708214420317e-05,5.681545820033489e-05,-1.2508472037195037e-05,-6.097081768112021e-05
0,1,1,28,33,-2.6533284358001055e-05,6.072527637332672e-05,2.6991174411963377e-05,0.00039939703131722476,0.0005778221838866377,8.404497889022202e-06,-0.00048236411462022357,0.0008801106288147513,-3.495715720698155e-06,8.480334894350748e-05
0,1,1,29,33,0.0013753721842432115,0.00037129285071724297,-0.0003425617764498549,0.00012936152624850006,0.0002141155290197054,-0.00021629539765854599,-0.0002668012884911607,-9.049788023135181e-05,-7.864384151506205e-06,0.00035277458685986407
0,1,1,30,33,-4.2632614853578514e-05,1.228528350462559e-05,-3.663502052622163e-05,6.616251613119968e-05,7.032454345667362e-05,1.7624357990742427e-05,-7.357734334944068e-05,9.55001553832631e-06,-6.766685850900039e-07,-2.6972179021304686e-06
0,1,1,31,33,-0.0017721045269528245,-0.00025617152435716644,0.0003579364396585682,-0.0003892439882468622,0.0007601798203517433,0.001698010139109567,-0.0016194440643727255,0.000945751169551222,6.675525459675303e-06,-3.8282678112751664e-05
0,1,1,32,33,-5.8898284354112763e-05,1.2373539480512719e-05,-2.0478900007791752e-05,1.8660025734477823e-05,0.00028265992307989105,0.00022026027096175242,-0.00014795717368074626,-6.238957600216911e-05,-1.6408437233433168e-06,4.239853392510134e-05
0,1,1,33,33,3.628303525206188e-05,0.00010035412407078515,-0.0001942109618697651,0.00015262460689308886,0.00023514646735701194,-0.00023032391642584043,-0.00010230583742843771,0.0001356229427654834,-5.59125882668426e-06,5.527011012041106e-05
0,1,1,34,33,-7.355359930443117e-05,-3.4052248032661e-05,3.710298404516407e-05,-6.473649766506352e-05,-4.843102173661759e-06,-2.43270492203273e-05,-3.0958137384931716e-05,2.9309621739248193e-05,2.3028078107498033e-07,4.120261469844498e-06
0,1,1,35,33,0.002440621765888694,0.00032512579461169974,0.0008107794445953244,-9.877528325176104e-06,-0.0014873745481596983,-0.000680182065370991,0.0004996614076295489,0.0004452120312706984,6.162506899088608e-07,0.0001848223745417469
0,1,1,36,33,-0.0011389813423588893,-0.0001223986675630855,0.00019306472963491464,-0.002049894884736516,0.0012985464834517407,0.0013345484723508473,0.00021921367165636126,-0.000441012417350473,-5.802877246862879e-05,-0.0005971154932563822
0,1,1,37,33,-0.00015435949737179665,0.00012403165833055818,-0.00023549521126306906,6.119981075906373e-05,-5.025236871427923e-05,1.9739357366814633e-05,0.00021709378779100758,-6.990132940951457e-05,1.1292815513630513e-06,2.524537922806661e-05
0,1,1,38,33,-5.0172035898752565e-05,-0.00011161784983414458,-0.0008790117259502026,0.00013257308166516192,-0.00020118266466145142,-0.0008523837995902692,0.00034312771607050404,-0.00011427138774743715,-1.7992214570154453e-06,-0.00011889505474551787
0,1,1,39,33,-9.44540733589926e-05,-2.530055779020779e-06,-6.3761972326115e-05,5.447313064553382e-05,2.466402500080004e-06,-0.00016870053143064215,0.0001448623157912164,-6.782974661108837e-05,6.145512036660146e-07,-3.070771817630956e-05
0,1,1,40,33,-0.0003551919767558308,-0.0006740846668850365,-0.00200214267719357,0.0005460269033360447,-0.0008878620944591228,-0.000594964679220566,0.0025930354690491147,-0.0010232194739324505,7.583863733681405e-05,-0.0003759685390105592
0,1,1,41,33,0.0004912755322462638,-7.344495576266565e-05,7.715721060377003e-05,8.305073161779399e-06,-0.00031511753876821923,4.645292273492588e-05,0.00016556179512417334,-0.00019943042531875556,1.102665876777016e-06,1.4086126250697626e-06
0,1,1,42,33,5.477838387540571e-05,0.0002630353055137068,0.00016786513406327118,-0.0002890083689466534,-0.0007626153875138894,-0.0005752293174201636,-5.843572795872025e-05,0.0006708097398732314,-7.115518854938259e-06,-2.5211829190170536e-05
0,1,1,43,33,0.0004974205647334824,-0.00013435519215156732,-0.0014376768463134361,0.0005878115827444995,-0.0007436572418402023,-0.0006899026061697939,0.0011133059394586534,-0.0012181890424474416,4.240498905207831e-05,-9.977498484674388e-05
0,1,1,44,33,-2.219497677954522e-05,4.461590611506689e-05,0.00016379221473038618,0.00011060245552473913,4.459053078945683e-05,3.9556946459279534e-06,-2.076032094481982e-06,-5.3026802434816046e-05,-2.769229123576787e-06,3.109146173907295e-05
0,1,1,45,33,8.578825956204331e-05,-0.0007404001722952947,0.0029179728780935523,-0.0028786678260534883,-0.001531617084095336,-9.581550486233171e-05,0.0014394988060752846,0.0007894784985357611,1.074024784836597e-05,-0.0004284551252571529
0,1,1,46,33,0.0004498036401031844,0.00029970041671540835,0.0003451487890831368,7.651552930734162e-05,-0.0002786472019914872,0.00013701835574707279,0.00027425655213138923,-0.00030351581944964125,-1.6120899423030914e-06,6.667854866366013e-05
0,1,1,47,33,-0.0003491140078052519,-4.4908339433829e-05,0.00012704158749594045,0.00012935104415960245,0.00011138982810490568,0.00016445828247300305,-0.0002362302454564399,0.0001797603740038898,3.4104057438248595e-06,-4.858576499603935e-05
0,1,1,48,33,0.00020464093077573724,7.352981916488673e-05,0.0002489281465467873,-0.000126756690472409,0.0002486373765448547,0.0003804573442478191,0.00022346177712987114,-0.0007563459764719618,-8.551629119759765e-06,8.570166310304219e-05
0,1,1,49,33,0.0011440944361028208,-6.241575948997143e-05,-0.0007168499890918541,0.00013124425879303836,0.0005376895842811725,0.00045440140889720825,-0.0008766507878504476,0.00010745601001165188,-4.038632503065759e-05,5.739680418826114e-05
0,1,1,50,33,-0.029883434496451568,-0.005098953658040282,0.006838228141675267,-0.009026549137745485,-0.012524643612098152,0.002709682979435885,-0.004426157147579434,0.0069132821204202066,-0.0001712619031391061,-0.002093074789008004
0,1,1,51,33,0.00021606546676533107,-7.49279395695023e-05,6.169057327187167e-05,-0.00027753025131862553,-4.976206406861824e-05,-0.0001616285230432817,-5.0074879249553816e-05,0.00019930025849667764,1.6501621082757241e-06,3.514926902617454e-05
0,1,1,52,33,0.00010492550465345722,6.517352986622825e-05,0.00012645755642344244,-0.00018533886887083445,-0.00015152852586257707,9.537680166151146e-05,1.7321696174114896e-05,0.00024358543696229596,3.0994868460971945e-07,-2.1215576561328258e-05
0,1,1,53,33,0.0011785880908646439,0.0009562032135064722,-0.0018521630342695813,-0.0003502626741956725,0.0019452338847141546,-0.0009592231712743809,-0.0006149289281106288,-0.00014870235553536134,4.203250917457663e-05,0.00028484884407263837
0,1,1,54,33,0.00015031268244305405,-0.001504368938986519,-0.0029468329097858573,0.0007205702743761771,0.003069970765448486,7.986858029266515e-05,-0.00380175528461909,0.0017782584861476478,-1.1802065496619902e-05,-0.00021847300323185476
0,1,1,55,33,-0.0002884259885853162,-0.0005942959113338668,4.48043455353409e-05,-0.0006186845479668085,-0.0019624745098255746,0.0001276541491723778,0.0024428435930115185,-0.001877818743058864,2.3300963842704546e-05,-0.0002701003318348456
0,1,1,56,33,-0.0009624963880400087,-0.0003539076703380398,-0.00046396793054473634,0.0011961670752037475,-0.0011390370713875244,0.00040731835305017676,0.000976940453072435,-0.0010099291888046712,-2.3563140842897964e-05,-0.00018999754539446325
0,1,1,57,33,-0.01779220319304674,-0.0017581609273852577,-0.00044837543148760133,0.004268234679138946,0.004183634512610762,-0.004614787488053055,-0.0030732743644407263,-0.00735221449579025,8.297506395723606e-05,-0.0013751642582556548
0,1,1,58,33,0.00021458000636384898,4.4043857994682644e-05,-0.00018060166271630326,0.000120235802213265,2.3218508199537042e-05,-3.15997182948376e-05,-1.9192384794872603e-05,-5.754464752864916e-05,2.4520173464632207e-06,1.276632674804651e-05
0,1,1,59,33,-0.004644645530639459,-0.000201472003780523,0.0008446743185920847,0.0026143005954360862,-0.006327276384203831,-0.0006933603659846725,-0.0005264474750695003,-0.00047204447865278746,-0.0003395162201297192,-0.001257258163915603
0,2,1,0,65,-0.00014110307634561433,-0.00014490464626001743,-0.0003016167112185051,-0.00010795472266561583,-0.00038647103125078814,-0.0004204767151508215,0.00016338517770619166,0.00023632371533200555,-1.9178697369621334e-05,-3.616336435271863e-05
0,2,1,1,65,0.0005376347149235758,-0.00032780009695266313,-0.00011298130042152473,0.0008287211488751374,0.0009505825530317591,-0.00019394893455201368,-0.0004368778549030611,-3.5942473264454985e-05,-5.105080094039691e-06,7.053297327848852e-05
0,2,1,2,65,-8.741171975613218e-05,0.00013031272393716168,5.181973450204185e-05,6.738690659143125e-05,2.9516489431912418e-05,6.541103080498581e-05,-6.078084268554384e-05,8.715068180173365e-05,-8.995152803299984e-06,5.10046065610048e-05
0,2,1,3,65,-0.00014352203816874652,3.2910584440332516e-05,-5.888177507241918e-05,-0.00012575778791912293,-0.00021248742369940016,0.00011909079509223794,0.00041067164523565336,-0.0002456319668789873,7.768344341801931e-06,-1.9154367372951748e-05
0,2,1,4,65,-4.294467909470639e-05,2.4925934741183063e-05,1.4266977469034259e-05,-3.060493228034701e-05,-1.2795856363240962e-05,-6.399170884988793e-06,-2.0428096102515182e-05,-6.125471886868592e-06,1.142620286860499e-06,1.615782512158153e-06
0,2,1,5,65,0.00210791328118963,-7.312553672713862e-05,0.0004038005496300096,-0.00011319518617979188,-0.0011476156653680305,7.883975289646008e-05,-0.00015365704252580877,-0.00016070556569607023,6.649952384680669e-06,-0.00019575935574481744
0,2,1,6,65,0.00019520319292622891,3.628990014382004e-05,0.00015091694382425385,8.637519518069211e-05,2.9312473967484675e-05,-6.318189891979361e-05,0.00013119859569617925,-7.110530285897935e-05,-2.034462824545984e-06,1.1844300713182437e-05
0,2,1,7,65,0.00042685586385656963,-0.00012335576750166274,0.0004747532719484197,-2.9966776789527654e-05,-0.00017115882220467693,8.008851014652155e-05,0.00012684313638696996,0.00013611147988253043,-7.96036945086229e-06,7.748952440921453e-06
0,2,1,8,65,-9.195880962618097e-06,-3.088324698897134e-05,-0.0013399922435232054,0.0008441169432958954,0.001182078184128482,-0.0010397501709700164,-0.000264126670119721,-0.00043472234841001223,-0.00010482763152628128,6.273115817511429e-05
0,2,1,9,65,-0.0007107122661189879,-0.00045926248032225945,-0.0005390586827597939,0.00010494907117380852,-0.00034347736678262165,-0.00043429973224537834,0.0006792822241320312,0.0002333895993929355,-2.1203972257211044e-05,-5.58344546999964e-05
0,2,1,10,65,0.0008730007059070887,0.00013125877456055478,-0.0003388698056403387,-2.6362551624266125e-05,0.0007070196498414931,0.0002515140208097248,-0.0001320631388060056,0.0004196892445234375,-1.4648055481651311e-05,0.00021248531842727104
0,2,1,11,65,0.0004494914115180686,-4.717643949650431e-06,0.00020666277375439842,-0.00014145273988289535,0.0003414943351898109,0.00025982981306567994,-0.00023438404745478774,3.961038228437218e-06,8.996303018534516e-06,-5.684015632904407e-06
0,2,1,12,65,-1.1009305878533139e-05,9.981493479970456e-06,2.5899054272221192e-05,1.2062424063903554e-08,-1.0388431864962361e-05,3.0655574503111625e-05,2.1325289830019823e-05,-2.4619905719036313e-05,8.501799651905028e-07,1.09198973213332e-06
0,2,1,13,65,0.00011789729335176801,-7.109567667284528e-05,-0.0004203849105505992,0.0002198260763975723,0.00026142232980307665,0.00014521669118230197,-0.00030560297652386533,-0.00019466403197474752,3.506773384109626e-05,-7.2541852346062e-05
0,2,1,14,65,-5.802165301032112e-05,1.637639597654502e-06,4.480785565710771e-05,2.92624130328718e-06,-2.708337240100805e-05,-5.70490925112371e-06,-6.00333057130795e-06,-5.551701804991694e-06,-4.5188231575803787e-07,-3.1583446836375345e-06
0,2,1,15,65,-0.0007705541138582309,0.0001542111314113989,0.0003804499143908422,-0.00023819159929323224,-0.0005650371437087152,-0.0002957599649511464,0.0006339314755842367,-7.80046172809244e-05,-1.5026516928248302e-05,-9.380325407249409e-05
0,2,1,16,65,0.0011016718848560721,-0.0003555546201086278,-0.0008851479317211143,0.000492718583008374,-0.00044097173834974844,-0.002305176436040407,-0.0006291493621829326,0.0018834541770234717,-1.3509494747585027e-06,-0.0005855391154623123
0,2,1,17,65,0.0006971189058998216,0.00016558263620710637,0.0009400922603933776,-0.00048818063148178397,-0.0002619734975649604,0.0005013988668565275,9.960212773599405e-05,9.823590942682003e-05,-1.7374550792340097e-07,5.17253516519977e-05
0,2,1,18,65,-0.0003451850217394211,-3.159304117495434e-05,8.04300048538436e-05,6.120800353732668e-06,0.00010652103197435885,-9.356174127013929e-05,-0.00025368116952463826,0.00015944656344898746,1.6921479231226636e-07,-6.674540544412333e-05
0,2,1,19,65,0.0001865286292492594,4.208222861042157e-05,-0.00017510661543974586,-6.297418494183235e-05,8.83662666767064e-05,1.5035167508402495e-05,4.007709422821765e-05,7.289354872384739e-05,1.1554703227665912e-07,3.3711611441625355e-05
0,2,1,20,65,0.00020582570992618457,0.00013539786182902591,0.0002907591849290609,-0.0002724843594021475,-0.00024965693645393475,7.901571202278698e-05,-7.143230164851909e-06,-1.5902240187355906e-05,2.546136021706447e-06,-3.2712010965879284e-06
0,2,1,21,65,-0.0013956666499933836,-0.00014579584176508873,-0.0007739993577296816,0.000653028141238219,-0.0003250817390401435,-0.0006557539008868217,0.0004910145285213142,-0.0004954262745195481,-1.7441241948994356e-05,-0.00020589151081496548
0,2,1,22,65,0.00034652117902483643,6.662418120619314e-05,-4.4183461856996983e-05,-0.000189996306764301,-8.960393205425199e-05,6.166935955150827e-06,-1.4852814539237669e-05,-8.846899702439192e-06,-2.027445401365923e-06,1.743096114951167e-05
0,2,1,23,65,0.0010727195074017057,0.00016865990877104516,-0.0007090373938100199,-0.00013593915901092396,-0.0003875558676763906,-0.0010228664596460923,0.00040983424599457907,-3.799630863109867e-05,-3.416237021770948e-05,0.0001761168698234608
0,2,1,24,65,-0.0003100294082401471,-0.00012792499608349608,5.393764358778103e-05,-0.0005570496809022054,-0.00020634741936627048,-0.00015566924716948482,-6.886566871035522e-05,0.0001741112259955174,7.82756933718334e-06,1.8704631295204453e-06
0,2,1,25,65,-0.00022519812777304873,-6.239456434314154e-05,-0.00024076958630319273,6.845436884788452e-05,-0.000114189747891695,-0.00012854361196068187,6.259414085440006e-05,6.635418620280835e-05,-3.5597074558896667e-06,-5.220613376278099e-05
0,2,1,26,65,-0.00025395113877703526,-2.7382440250739367e-05,-0.00010181362655549768,3.943943171832932e-05,6.43646308750388e-05,-0.0002387722706626528,0.00017814229304632316,-0.0002985044118566224,5.291184961484055e-07,1.4066315810015174e-05
0,2,1,27,65,0.0012559625026697442,0.00010749995498366387,4.842485487999651e-05,-6.504336370458855e-05,-0.0004866086836297187,-0.0001977084443958174,0.0006427052293590113,-0.0004657931161065527,-9.001000102676403e-06,0.00015777314199551864
0,2,1,28,65,-0.0005790304290765175,-1.0773862919495088e-05,-0.00020189404156542055,-9.295251302151989e-06,7.239409388841424e-05,0.0004100652425618716,-4.42303856627454e-05,-5.401713260844859e-05,-1.283850023865491e-05,-2.9361854445879006e-05
0,2,1,29,65,-0.00027893328440865503,-2.2024192674720536e-05,-0.0001919074023506144,0.00019506308717272343,0.0001822233701234753,6.539958159078709e-05,-0.00015834238251783884,0.00021494492891252267,3.569823555193674e-07,-2.020435057370278e-05
0,2,1,30,65,-0.002117202314706445,-0.0003032834575193224,-0.0010550603459449086,-0.0009347669771437806,-0.0005958131721119502,-0.0017264685880823533,-9.786430208692374e-06,0.0008947298591504097,2.628990935730536e-05,-0.00010497565883351645
0,2,1,31,65,0.0002461824129648308,7.768934234760699e-05,-6.327799180164332e-05,-4.586783254269364e-05,-0.00013609699304126594,-9.343504869141488e-05,0.0003078617084455265,-0.0003531615325973963,-1.4564324365527592e-06,2.6507586146824598e-05
0,2,1,32,65,-0.0014061282343147876,0.0006791193429692623,-0.00022649617452440387,0.00040151646400411045,0.0006770030806537488,0.0009364009624421767,-0.001273310547602427,0.0007529433230836143,2.3030133632369237e-05,-0.00029849982873314746
0,2,1,33,65,0.00032942166196817915,-3.159014018140124e-05,0.00015851809351671303,-8.57197024486617e-05,-0.00012398114464489925,5.672251086398246e-05,0.00031560339981721554,-0.00014142352963969165,-1.0520224635809993e-06,-7.737565509354677e-06
0,2,1,34,65,-0.002275276231146628,-0.0005793212660451548,-0.00017870967870344125,-0.0002489562702937674,0.00023921467741905484,-0.0001118520965641562,0.000818593592224486,-0.00018076417456939597,-2.4876044481199266e-05,-0.000279558083583395
0,2,1,35,65,0.0008549031044409346,0.00018332890624125998,-0.00043698781177602065,0.0006337172444591611,-7.572905137797871e-05,-7.005198345354324e-05,0.00016260799598448222,-0.0003492843204910179,-1.561241850951273e-06,0.00010121633121332661
0,2,1,36,65,0.00046439791050354,0.0001014506225820779,-0.00021675446605654646,-8.050776438420328e-05,-5.4118155277547174e-05,-0.00014223998526050353,5.5946830533573965e-05,-0.0002466915827274222,-6.505687898470017e-06,-2.4254576713383623e-06
0,2,1,37,65,0.0006169502931236443,0.00016513179351194414,0.000231048101188004,5.8055024768364516e-05,-0.0004913291251094771,-0.00014869390994180876,0.0006605758056718283,-0.00039156197071052185,-2.0415155688775315e-05,0.0002500514978015193
0,2,1,38,65,0.0005451997151435701,0.00015059631283800693,-3.519196840717925e-05,1.7192371862537664e-05,-0.0005020291825012095,9.325484279947368e-06,0.0004327832996359521,-0.00012264517658278892,3.5400297936036083e-06,-5.6316852065218716e-05
0,2,1,39,65,0.0031970479060962906,0.00013144856312650207,-0.0003516995898154299,0.0008461922967461621,-0.0002730681928515178,0.0004671915802299577,0.000676972296135904,-0.0014240436708424723,-9.191279796042325e-06,0.0005333259700504804
0,2,1,40,65,-0.00013188543532267953,-0.00016918034369602499,1.9804229351509684e-06,7.428680681406135e-05,7.037455349513536e-05,4.544435085756712e-05,-0.00012121277106440783,5.914306696023425e-05,-1.0567576503387418e-05,-6.424641921259375e-05
0,2,1,41,65,0.0002393356967134037,-7.665611875473785e-05,-0.00017516724733423824,-7.331613629512855e-05,-3.346845155318977e-05,-0.00020922403007845184,0.00017680024468411616,-0.00015830229458512968,8.60095917816263e-06,4.041351302376671e-06
0,2,1,42,65,-8.59142376575127e-05,2.056595317423518e-05,3.716520244107223e-05,-2.2435091712810728e-05,-9.37138036430445e-06,2.7917484461775967e-05,1.4626337693775304e-05,1.3019556733663758e-05,5.135824624978183e-07,1.959115601261423e-06
0,2,1,43,65,-2.1083042041414327e-05,2.0689281963246684e-05,0.00015591000302462595,-9.182397525774884e-05,-4.740795575874414e-05,3.0207722790550912e-05,4.076783457395419e-05,-4.812554016142254e-05,6.399791031727065e-06,2.029105485670046e-05
0,2,1,44,65,1.0047024464040425e-05,-2.2726374704992168e-05,-2.7965693243117683e-05,9.420800083907602e-05,-5.394023446650455e-05,-0.00015992307515524053,-1.89006970039455e-05,1.765251986893868e-05,-3.6083489231937736e-06,-1.557628042753258e-06
0,2,1,45,65,0.0005162514079167747,3.557777691642213e-05,-1.553993907352341e-05,0.00010106440301908153,0.0003056067494962243,-2.1729898764392044e-05,-0.000272115477251831,0.00018386849081510067,-3.2250080309888146e-06,-2.6376921502690702e-05
0,2,1,46,65,-7.296277996519369e-05,-3.9371186266982795e-05,5.191959904939014e-05,-0.00017056623862827296,-0.00020230962312872588,0.00011476674528284819,0.00016512496274099947,-0.00016788618181022696,1.2153691038121098e-05,8.161815799999752e-05
0,2,1,47,65,-6.417169134681884e-05,2.2927953149011984e-05,-7.389417166137863e-05,8.113052415982032e-05,-3.0581569684301595e-05,-2.151412101153623e-05,6.057168086320465e-05,-2.2370268301126844e-05,3.981936900888954e-06,1.0200571039007327e-05
0,2,1,48,65,-1.9413029074523552e-05,2.3656997748598336e-05,-5.652503680693867e-05,-7.992734195877836e-05,9.502435649093312e-05,2.2381022642352157e-05,-0.00010729750074105927,2.742168945787583e-05,-4.900018408569505e-06,1.645014964703431e-05
0,2,1,49,65,1.2106003133555782e-05,-0.00021948484554760897,4.19703596134261e-05,-7.008320308970339e-05,0.00017018765812413868,0.00017386946062041458,-6.563223313375806e-05,-9.990408538117252e-05,4.533973142036117e-06,-7.879946309614971e-05
0,2,1,50,65,-0.00017852493791577415,8.881842200982406e-05,-0.00021387275683898204,-0.00010299892431345786,-0.00052926460226375,0.0001901785665012974,0.0003939146128407639,-0.0002739913409237864,5.17234396981933e-07,5.4728544408114585e-05
0,2,1,51,65,-0.0015451793758401193,-9.338947762806161e-05,-5.231000954449621e-06,-0.0002034656062590892,0.0003805463355760297,0.0008428129873133799,-0.0009282764394224118,0.0007052912368728822,8.782953788681817e-06,-0.00015078991745446951
0,2,1,52,65,9.437244228254077e-05,5.1193210346900904e-05,0.00012250302291925207,-3.8317292414412894e-05,0.0001789298553882745,0.00015417605795605454,-0.00018866485117183338,0.0001283546826682174,-2.6928397616366088e-06,-1.296069110581749e-05
0,2,1,53,65,3.00235397583729e-05,9.986836863486487e-06,4.574511893538699e-05,-2.5771226535243195e-05,-4.3207688569641126e-05,8.365984314032937e-06,2.341822459235719e-05,-2.818960691588392e-05,8.467517117291159e-08,-3.093009290685589e-06
0,2,1,54,65,0.0006040333455156244,-7.364672902005356e-05,6.189883143518913e-05,-0.00023541406114630374,3.636880037718039e-05,-0.00030512998744437406,0.0001805042719662231,2.0728509461545835e-05,4.0952755659324805e-06,-2.1648822594391433e-06
0,2,1,55,65,-0.002186678544946981,-0.0004836998948220543,-0.0011258404133318196,0.0006199725619520029,-0.00025700654199525754,-0.0012441624332991297,0.001411121278638013,-8.552120535341271e-05,-5.433547050690559e-05,-0.00035205173595474244
0,2,1,56,65,6.336266113351217e-05,-0.00010719482389325106,-3.684090148098796e-05,0.00010693647014822445,-0.00010178775412435104,-0.00027151675726421365,0.00017007282765599805,-3.3132165299596075e-06,-1.304323554964762e-06,2.049044607275206e-06
0,2,1,57,65,1.0682768170914033e-05,-1.538514632982099e-05,-4.155937340301463e-06,1.2056149700516605e-05,-2.6664434519591556e-05,1.7827589212284372e-06,1.9944944739934028e-07,-2.3418718403370722e-05,8.515098257833604e-08,-7.567137111837987e-06
0,2,1,58,65,-8.069647584488712e-06,-1.0630477946933686e-05,-1.4813329196890556e-05,-1.8551595247293953e-06,-2.3845038519978767e-06,-1.1726833677431004e-05,-9.86572072334285e-06,5.972266725466059e-06,-1.4446586821078483e-07,-1.722756796695303e-05
0,2,1,59,65,0.0006521061576383901,0.0002980551895964302,0.00034777945834220636,0.00028960419795217657,-0.00035473371546819503,8.69851114395153e-06,0.00021476745492825524,0.0003118953711983324,1.2646789728447962e-05,5.102886522116596e-05
0,0,8,0,24,0.004249729200181311,-0.00017263966938187625,0.0008189218702477004,-0.0011327498809306994,-0.0024607754207299926,-0.0020989330877505766,0.001326241154000383,-3.5819867711648495e-05,-6.021873052379014e-05,0.00030937879624973186
0,0,8,1,24,0.003373343350028618,0.0009167252173281121,0.004061347603602214,0.001836851994462535,-0.0004389982565545648,0.0024033209485668267,-0.0017051866725044272,-0.0019577199793608625,5.51765711595025e-05,-0.0017009339046814133
0,0,8,2,24,0.002472199307442361,0.0005588734533280131,0.00028786214862625264,-0.0014207208590033401,-0.0003787829123799889,1.1757957672022944e-05,-0.000635198172643277,0.0002712503117081598,4.038937168165943e-05,0.0006964589283087264
0,0,8,3,24,0.0020815927080482504,0.0004270466423399602,-0.0033046116322949237,0.0003779020382313748,0.0010497566606431246,0.003931046684871877,0.003072176582056896,-0.004193495760506275,-0.0001018891865088686,0.0026142020270311585
0,0,8,4,24,0.008452016848273057,0.001986505817383001,0.004112219442397803,-0.001812281237609432,0.0007976836995243006,0.004393576990077161,-0.0005577211849237911,-0.00362516559644879,-0.00013953999139473122,0.0005955087495211628
0,0,8,5,24,-0.00033146078485798557,0.0007192994700166888,-0.0019815774567489503,-1.6119118321168983e-05,0.000718363240745168,-0.001571035430844427,-0.00023869036815384487,-0.0003874033659161647,3.236323760580648e-05,0.0003666136322372318
0,0,8,6,24,-0.0019091524003342513,0.002020942703005972,-0.0013847350642985283,0.0012814222509902177,0.003655383414053983,-0.001819531359782005,0.00046666238904189946,-0.0018171877713648189,-2.6070961983442828e-05,0.0005514353416427978
0,0,8,7,24,-0.003248426662717228,0.0013276096325650698,0.0014590797519636793,0.0009642141233459358,-0.002894953993596531,-0.0014737239324612227,0.002242563175717387,0.0015661590913032025,-0.00010591913626238793,0.001271043836124359
0,0,8,8,24,-0.0034830376690238485,5.446094220502959e-05,-0.009742024191637633,0.004071948141763015,-0.0014768492923759719,-0.010404351417124709,0.003947898472637731,0.0004875001707418833,-0.00016569735572486338,-0.00020809341320622945
0,0,8,9,24,-0.00018801595750042967,0.00012839855088552272,0.0001283211011289334,-0.0025615763283338144,0.0018382666616975464,0.0008035020886567113,0.0011871533320047592,-0.0015050141176306349,-5.853124400304616e-05,8.975896148572733e-05
0,0,8,10,24,-0.004734227202049007,-5.068602519817114e-05,0.0005302636765585506,-0.0025352808719108053,-0.004459038794664222,-0.002212062091308367,0.003790706163106516,-0.002200426399966292,0.00017187955582616865,-0.0015493861223856561
0,0,8,11,24,0.0036715077772712327,0.00034845833322721205,0.0023875041624833527,0.0006498649905196945,-0.0007837240617312918,0.0027749233842661804,0.00045841564645051404,-0.003143363079071536,6.426353054109777e-05,8.071678906868335e-05
0,0,8,12,24,-0.0054685063993357725,0.0008057792163065848,0.0028639834358182023,-0.0023291030274479887,-0.006353775996422616,-0.00021703567291698269,0.01005494059456057,-0.0032927035285724997,1.5798297926487242e-05,0.0008025609687361413
0,0,8,13,24,0.0034430493638273356,0.001918357374452627,0.0008206693278905117,-0.0025446442967212582,0.008330696003165255,0.003089977675699146,-0.009047056368577295,0.009161611006615663,-0.00013428676095085686,0.00032643119852520655
0,0,8,14,24,-0.0016227260464633203,7.459989876362245e-06,0.0011623128421392327,0.00022291276011078803,-0.0005736222024600044,-0.000513679098851853,0.0003018850189330098,0.000609523534989237,-1.864408433081581e-05,-0.00014151441214947853
0,0,8,15,24,0.0136095903805834,-0.0028870445839228806,0.008461327508184985,-0.005316720075603863,0.0008236152375502337,-4.4491595352481525e-05,0.0037817750853208947,-0.004008562481552554,-0.00026429947808604223,0.0003181254154620643
0,0,8,16,24,0.003912675600304393,-0.0009925478539320963,0.004390170486792664,-0.0012195627084075247,-0.00019552772581394662,0.0025024026630049855,-0.0009770735559225664,-0.0011497974808801637,2.9160657578576313e-05,0.00069820763923299
0,0,8,17,24,0.01644449020839868,-0.0011683321405150488,0.004331802872791006,0.0010725570658461387,-0.005152436443933668,-0.009610272805865116,0.0065125838969685365,-0.004214829444717182,-0.0001425102202748892,0.0010019803283049685
0,0,8,18,24,-0.001454587841703274,0.00021534294588363483,-0.0023449138630697204,0.0005944603740467953,0.0011976344262007985,6.52813154613949e-05,0.0027393497516351468,-0.0025200047099668108,6.776583224721365e-05,-0.00010435966557565009
0,0,8,19,24,-0.004664009478084229,-0.003323774691469642,0.0012054100891753794,-0.0016652759616682664,0.006615371298285762,-0.00018693338368583616,-0.00464473178527509,0.006277121201212332,-1.096264599325622e-05,-0.0019400120289305685
0,0,8,20,24,0.009821758190407134,0.0006688545365810043,0.0014854183842604538,-0.0014738917668107776,0.0009491806666045798,0.0016541982935194973,-0.002051955400963587,0.0020971866420492315,-9.658166530517616e-05,0.0006544323426578854
0,0,8,21,24,-0.0020712501749720717,-0.001855394869914078,0.0022612030317728125,-0.0012657118252734966,-0.0019138356768927853,-0.0009590978966090365,0.0012597531842122073,-0.0011111726098633249,3.663377244670487e-05,-0.00020733999933228447
0,0,8,22,24,0.003226072221494303,0.0031273968748201523,-0.001077769317746537,-6.115550029260966e-06,0.00219617618531601,0.0046609477680697245,-0.002251385680225676,0.002689462932235492,-0.00014454181757136828,0.0010727042640552532
0,0,8,23,24,0.007879874646343722,-0.0006149607850475497,0.0027535227408409866,-0.003034195285980103,-0.003014526381485605,0.0030777648822274415,0.002577339464211825,-0.003369511363357486,-3.0636048446152834e-05,-0.0002598064204171256
0,0,8,24,24,-0.018629273881583933,0.0018597246776325604,0.0025646604114922585,0.0021273802343622396,-0.004316981417921827,-0.005311785716178319,0.0018474226956938,0.00581240397265285,-0.0002995167647027343,-0.00034287706216583856
0,0,8,25,24,0.007370914064381948,-0.0002614338056240705,0.0011863060526232498,-0.0030751876122427605,-0.00410296303564338,-0.001748416978906911,0.0019198387599472613,0.0007358768060663645,-3.828856356333804e-05,0.00029582110472269025
0,0,8,26,24,-0.010722052326360188,3.525977559902375e-05,0.0015925593378349808,-0.00048800685713726,-0.003740892292451781,-0.002578249540222484,0.004063687961882308,0.002248545326786804,6.154278990234083e-05,6.723725974417694e-05
0,0,8,27,24,0.003899753843216295,0.0005561030539556018,0.002404923322208404,0.0025040870026206887,0.0014392260036965373,-5.7827524353624824e-05,0.0009753518124788468,0.000765996054363253,-1.8883213290424895e-05,-0.0013006794302867952
0,0,8,28,24,0.00803626506316705,0.00338005867392443,-0.0011745103743205994,-0.0032624390362673795,0.006696539865109867,-0.0035303603655745574,0.001380587366379308,-0.003874350172681021,-0.0003927417306078461,0.0015062321191508547
0,0,8,29,24,0.00012040501333211977,-0.00012990699440341443,-0.000520629414893135,-0.0006671126154865605,0.0005604021564583871,-0.0003069967063770798,-0.0005492846009201261,0.0009157412692467331,1.3995804095280275e-05,-0.00020574473882262938
0,0,8,30,24,0.003158368846146408,-0.004260925359657942,-0.0008830837249264072,-0.002531232462447389,-0.001289829133545527,-0.0013362773466376486,0.005773193469080442,-0.0033990329579954215,4.939615979204393e-05,-0.001057681998996484
0,0,8,31,24,0.00020978850753425554,0.0006084109732336731,0.00043160436000014193,-0.0026993252731184487,0.002793287124923326,0.010759777015511647,-0.003413853192799129,0.0018267161089205856,9.848636998759165e-06,0.0014996334760122253
0,0,8,32,24,-0.0032833799114561947,0.0050423119540421125,0.011666447885562857,-0.00468478930829521,-0.004101322263675319,0.007852065667796481,0.0031799500148348456,-0.001367792920455823,-0.00018776387205054042,-9.930440858789869e-05
0,0,8,33,24,0.00383842903160954,0.001415168465004484,-0.002537372678074174,-0.0006314441670623956,-0.005270606105462215,-0.0016724285968235538,0.005100754050570911,-0.003332793691276948,1.2123272164538715e-06,0.0005023622562537848
0,0,8,34,24,0.001993493095052536,-0.0006953844303467175,0.0026042649171226853,-0.0009252197135538069,-0.003050739719319991,-0.0006784374075546136,0.0023239593455764394,-0.0013360702322752654,2.068843174612021e-05,-0.0004833152574961387
0,0,8,35,24,0.0009252795659818425,-0.0008630013191064371,-0.0013596465534163455,0.002377946879518174,-0.0006842798469044485,-0.005415756690372652,4.821129426252174e-05,-0.0031235753886116567,8.220684975818846e-06,0.0006719959446185266
0,0,8,36,24,-0.004810941136139883,0.0018094430212449684,0.0061051622337666995,-0.003632740064290157,0.0024730670616907634,0.013817780897948813,-0.0073501437235369,0.013110155021011972,0.0001290947909070398,-0.0005305151778447786
0,0,8,37,24,-0.01417402403951147,0.0005971098074821153,0.0013670090376519067,-0.0018253290005564415,0.00030746913860875945,0.0015411305880501818,0.0010932005211841365,-0.0039399266959430235,-5.7758280447673797e-05,-0.0013582067270882562
0,0,8,38,24,0.001924882688102206,-0.0006444268592029615,-0.003303155598947923,0.004325765743570262,0.0030566664648931825,0.002487465360511401,-0.005553804990009707,0.00162140677431024,4.9271469481520754e-05,-0.00036935154189917437
0,0,8,39,24,0.007404600705297995,-0.00028049724587928855,0.004977955239685417,-0.0066984717545012324,-0.0024905413226489048,0.0029647110634283803,0.002298168607875492,0.0053382510593017445,-9.405932664124986e-05,-4.173259661650452e-05
0,0,8,40,24,0.0008471418208268295,0.0002944959741448905,0.004443892483118489,-0.0033812699110923306,-0.0019942738953761235,0.006328809034343798,0.002208773896103572,0.00046842635964202024,2.3320618117010142e-05,0.00025370926718129973
0,0,8,41,24,0.0061256549145837875,-0.0004745762952592837,0.0015373364948364661,-0.004699031467442794,-0.003310759234099842,-0.004704804666843405,0.0036325430408054443,0.00034749942634442615,0.0001678349168148375,-0.0006041855210283082
0,0,8,42,24,0.0021481553897368354,0.0004794404169566171,0.000937336312837535,0.0012497290332852435,0.0007225608572792232,0.0075541904322279675,-0.0018315348866350667,0.001407383032384045,0.00016942716436649577,-0.0007797841013079574
0,0,8,43,24,-0.013053289996226887,0.0005341054544742037,0.002563143521364584,-0.003307293880006478,-0.0025456841113257658,0.0007939851778013203,-0.0033639833961408563,0.0018378388612925083,-4.5172873506123045e-05,0.0005172649306206627
0,0,8,44,24,-0.001865165198825238,0.0008706936149510602,0.0004435035149435284,-0.0008144656443290102,-0.00022436605061680972,-0.0004218707144103563,0.001509435634608023,-0.0011093618194524136,-5.146087533833109e-06,-8.837643699918785e-05
0,0,8,45,24,-0.001105681063512306,8.328864465239358e-05,0.00037137084316291117,0.00046787690126604995,0.0002355459593390786,-1.464410824818661e-05,-0.000124617277582379,0.0007541890785110205,3.635780480610177e-05,0.00011677816384368246
0,0,8,46,24,0.0059792344542187225,-0.00012103998857672439,0.0013390112878205551,-0.0037137438185808162,-0.0003500396181498036,0.00017523275238566104,0.0006297481406490962,-0.0013928913838161037,8.270022377301852e-06,2.6765930673722975e-06
0,0,8,47,24,0.0007080481307770144,-0.005742699992821269,0.0064231469563732855,-0.006981587260421919,-0.0029706586712341474,-3.466539874463984e-05,0.001387835824956649,0.0012881676045042602,-3.063960544560304e-05,-0.003518400570748065
0,0,8,48,24,0.012676250208984632,-0.0007868567622096197,0.0023030123670624,-0.005889130760594082,-0.003650577928333207,-0.0008699655126709837,0.0035921165917252758,0.005158950410332521,0.00015601889519151188,-0.0007580521039264558
0,0,8,49,24,-0.004869401949872003,0.0001562559212832022,-3.284770464629493e-05,-0.00025367316887330276,-0.0016133364770330243,-0.0030438955635059797,0.0017755160939584983,-0.00013736676608968993,-5.3631104798520524e-05,-0.00030786275768445137
0,0,8,50,24,-0.0038016695056643014,-0.0014859099435736935,-0.0013491046408182648,0.004172281430666056,0.003957737306758717,0.0005884736889278853,-0.005124440913220797,-0.0007744280265960162,0.00012447433683454137,-0.0028251582525316054
0,0,8,51,24,0.00023033389093851447,0.00044620438187740064,-0.0018067168441564508,0.00201803855916675,0.001958181290568052,0.0006142752802914638,-0.001464450437525269,-0.003791164780390254,4.17531593070273e-05,0.001350528315768706
0,0,8,52,24,-0.0006972228530564145,0.0005729239796091482,0.0010985656826935498,0.000442971092562589,0.000919638163237321,-0.0006977319569529322,0.0028879530805495913,-0.004140939143978449,0.0001828520496607085,0.0011158956083596131
0,0,8,53,24,-0.0015866482285154485,0.0007809000511079451,0.0004943858701048462,0.0022532736868993166,0.001436763987736549,0.003899776086181199,-0.0026871439438201396,-0.002964480809328045,5.572699520042222e-05,0.00112941410537194
0,0,8,54,24,-0.002096911041667005,0.0005473904532013881,-3.4261134584554604e-05,0.0011390096150805948,0.0025764736192731776,0.001178019349698062,-0.0008661555507795332,-0.0013634967612876248,-3.071931630091089e-05,0.0003749226806227096
0,0,8,55,24,0.0036828162071615165,-0.0003159271513436906,0.002322271028381161,-0.002788030628691286,-0.0019222531539969335,-0.002198589214840236,0.0026167128624748188,-0.0002750628580747137,-3.7198491821844866e-05,0.00011492691686627767
0,0,8,56,24,0.0007873597006630255,-0.0001604281007694395,0.006038335701462109,-0.000798183434055205,-0.0019001376723690587,-0.00015210925301442724,0.0008099243555407354,-0.002713052133749347,-2.5267139791444388e-05,-0.0005231741875404283
0,0,8,57,24,0.01075918214774271,0.0004367839976774044,-0.0028484801095666383,0.0038264187739199874,0.0005996866058986311,-0.0019412752719435938,0.0023600484199895744,-0.0072120749595433195,-6.206754869089083e-05,2.3213223213517232e-05
0,0,8,58,24,-0.012972417616235271,0.0002838483445736055,-0.001615019046858145,-0.005483890351950026,-0.0008486340261936046,-0.0007985694351084482,-0.004933192439870135,0.01612463222652673,-0.00025953098270519245,-0.0006081173342505104
0,0,8,59,24,0.007656410854789011,0.00122731259887361,-0.003036512215128006,0.0019466116601251158,0.0020271945315771234,-0.0008737795347341388,-5.033307224101347e-05,0.0024962862402711622,-5.104697200608395e-05,-0.00011627543111905993
0,1,8,0,40,6.270303386810103e-05,0.00020906646640571182,-3.270826915362884e-05,0.0004155466914076543,0.00026678276822177967,0.0005313280551866286,-0.0004086960131506656,-4.682219242745442e-05,1.0156807913319996e-05,9.33680072200488e-05
0,1,8,1,40,0.00016231383801777635,4.9346753456738344e-05,0.000280701413786571,-5.028288951543325e-05,0.000517095373682223,0.00035805791449907543,-1.4690188978210396e-05,-0.00018087572813124328,1.1296423331720584e-05,-4.633359515250723e-06
0,1,8,2,40,0.00019522781671238174,-0.0001042511439673086,0.0004418922810516795,0.00025997482230511224,-0.00031990335102057395,-8.533252154583209e-05,7.438812550588084e-05,2.553044763900267e-05,1.399743203523746e-05,-0.0001786302234203934
0,1,8,3,40,-0.0001248853290182613,-0.00012122183281167226,-0.00029684887632403043,0.00031077726595321256,0.000457907478870344,7.566136952596763e-06,-0.0003498161811627242,0.00015734387220479884,2.124506881105142e-06,-3.7327512660810325e-05
0,1,8,4,40,0.00012373525676863566,3.61480117685196e-05,-5.3955256872487996e-05,-4.893697061599273e-05,2.991915791073553e-05,-2.992180248745668e-05,2.5993537809910833e-05,2.2728349146734876e-05,-1.3996811401471933e-06,5.0296395095372035e-05
0,1,8,5,40,-0.000527903884789301,1.815798492765348e-05,0.0003241728488937869,-0.00013064084677289503,-0.00016801858699454605,0.00011515207033288517,0.0001533260463237702,-0.0003196332573356652,-4.452287424699203e-06,-6.431065774050572e-05
0,1,8,6,40,0.0013708290154035014,-5.4256690323748926e-05,-0.000782308999818174,0.00017506263612166264,0.00048752684600894216,0.000795934729020305,-0.0001320947546619424,0.00011339322329772249,-8.165771093553852e-07,0.0001310718176278237
0,1,8,7,40,-0.00027086500862548673,-8.251216466363491e-05,0.00021773463910490658,-0.0004982920807953381,1.6905953962345297e-05,0.00023470746589152264,-0.00012615015921401058,-0.00016795834664898123,6.057079707808532e-06,3.8790331910824684e-05
0,1,8,8,40,-0.00024763396124298184,-4.5856203931847764e-05,-7.583652138327362e-05,-5.953352001286624e-05,-1.366636943327484e-05,4.898874728083795e-05,5.18167592768108e-05,-7.289088899602217e-05,1.7683781852566711e-06,-2.965876452614917e-05
0,1,8,9,40,-0.0001035845456909373,7.195605384169398e-07,4.26444194985019e-05,-3.8036712921199004e-05,-2.6479938148103946e-05,0.00012478272443368582,4.821318161941017e-06,0.00010234921464619622,2.6134506167903373e-07,-3.617692671769962e-05
0,1,8,10,40,-0.00018968700006804842,3.285003863509505e-05,5.488931330294458e-05,-4.395248366186615e-05,2.8091422815606446e-05,6.111145039187125e-05,-1.0436379197255898e-05,-5.528462300327574e-05,9.049008727725911e-07,8.022360939079541e-08
0,1,8,11,40,-4.068142529570275e-05,0.00012676107332950805,-0.00019413154084284683,1.0651205129685831e-07,5.745646203720945e-06,-0.00010508632777427329,-2.5430065903857162e-05,8.625773369121889e-06,3.7554422115361494e-06,3.312865429457139e-05
0,1,8,12,40,1.870401231403041e-05,-8.335707998731662e-06,-5.8110426129690925e-05,3.581191057065486e-05,1.7007652694427455e-05,-2.772807510829775e-05,3.0032558255410364e-05,-1.138184477358861e-05,-4.815190508570215e-07,1.2928875880520963e-05
0,1,8,13,40,0.0001480891034275532,4.52673635601416e-05,2.783005900990932e-05,-4.686867027102705e-05,9.40030881391551e-05,-1.6507148509066237e-05,-0.00012134508721522491,0.0001131163063126993,4.650933580866895e-06,9.785554105251566e-06
0,1,8,14,40,-3.850046096972578e-05,-3.3349629113586863e-06,-0.0004795570704391603,0.00035430849441830535,-1.922189118887013e-05,-0.00019201961456038013,-9.666663078077662e-05,-2.3109414333785606e-05,4.519127030011063e-06,-7.095747201667656e-05
0,1,8,15,40,-0.00025118988585415546,-0.00018773492620046078,-0.00054231067031633,-0.00015844249268654002,0.0009107956291234502,0.0005936070652504692,-0.0008598090878723559,0.0005047579777796229,-2.2844111165189996e-05,0.00015833918513337257
0,1,8,16,40,-0.00014398302388539128,-4.319976112637364e-05,-1.715694576338717e-05,-4.5963133379746206e-05,-7.116620775855389e-06,-5.71854987055611e-05,3.32581425214228e-05,-9.16826168858466e-06,-3.385555450950229e-06,-2.155586552202243e-05
0,1,8,17,40,7.22818661701997e-05,9.407591344710409e-05,-0.00027504071727234216,0.00018416480681130316,-7.320045503002857e-05,-0.0004437820094917525,0.00018286482336446185,-8.894999523389499e-05,6.153457936466025e-06,4.717936863623631e-05
0,1,8,18,40,0.0001236196772623121,-1.8659382221413982e-05,2.0526040904679918e-05,-1.861004072130529e-05,2.6118944462813776e-05,5.7267261683877156e-05,7.458151189113974e-05,-0.0001368671014829876,4.59251292530415e-06,1.6372595631943526e-05
0,1,8,19,40,-0.0003295298348848673,-6.976907789413945e-05,-0.00010606106121132237,0.0002602855200996038,-1.070566021891263e-05,-7.746558423541596e-05,-5.683566354193261e-07,-0.00023754520791066116,-2.4764372508770102e-06,-7.354005381172442e-05
0,1,8,20,40,9.515595598600814e-05,2.415034327759155e-05,-7.324008487523699e-05,-3.4743996154993416e-05,8.3858860419642e-05,4.251764083573398e-05,-3.652588598177321e-05,6.218998918054872e-05,5.726137153730543e-06,3.196374236438367e-05
0,1,8,21,40,-0.0002264714995064175,-1.5297456388752968e-05,-4.406880280867697e-05,0.0001287166909422223,-0.00011981371500709812,-0.00018489603315777442,0.00019479363412773523,-6.929894014899929e-05,-6.251388339984937e-06,-2.1512957260731003e-05
0,1,8,22,40,0.0007157070588444498,-0.0006840646074320863,-0.002000294972229817,0.0014213094264933375,3.6959823277682175e-05,-0.0009456912577151134,-4.0515122874667554e-05,0.0004586656079670828,9.811352975292028e-05,0.0001339377166930713
0,1,8,23,40,-3.365220194400389e-05,5.808348585675315e-06,-3.0221392756177052e-05,4.036004808338397e-05,-0.00015057067651428897,-7.261027604643224e-05,8.582241260642261e-05,-4.279401584424724e-05,-1.8474855954504816e-06,1.9576981078353123e-05
0,1,8,24,40,0.00044446853482295724,5.8518122982116235e-05,9.408887675404055e-05,0.00011829781133853335,-0.00011712785492965243,-0.00019886730860033212,0.000447512485765716,-0.00029654732139534565,-2.8406589875309604e-05,6.270909619041468e-05
0,1,8,25,40,0.0007509040211054263,-0.00033151751520554053,-0.0004839190448127634,9.064962500923025e-06,-0.0005210153203128252,-0.0011950915959999175,0.0006159825468353287,-0.000601247817402502,-3.5998223674506004e-05,-9.108040805637482e-05
0,1,8,26,40,-2.1289805329907e-05,-0.0001487142497961376,-0.0011436548021425356,0.000815758354616758,0.00031502712374503506,-0.00023754449229513187,-0.0006925130831150476,0.0002595121332368967,3.399042441479935e-05,4.96426618301045e-05
0,1,8,27,40,0.00017849173461948628,3.559577460185072e-05,6.250585557731462e-05,-1.4789177297483349e-05,4.5213531075122236e-05,3.8178015948529714e-05,-7.091665853501379e-05,-2.473730206281564e-06,2.5713990848782128e-06,2.3118335122584988e-05
0,1,8,28,40,-6.054441047478863e-05,-5.845622457322101e-06,-5.589036856963068e-05,4.8492138572787064e-05,1.2448329721192598e-05,4.6268342622239795e-05,1.560881748239902e-05,4.282244043602421e-05,1.7829888447936926e-06,-1.7698042437891318e-05
0,1,8,29,40,-5.210907723990094e-05,-2.3635701610093628e-05,-6.256079460528706e-05,2.8386822771787e-05,0.00013484673703670862,9.958580602233392e-05,-9.180905881665153e-05,9.243600542504463e-05,6.400910464018203e-07,-2.139056826183383e-05
0,1,8,30,40,-0.0019314186870965481,-0.0008327850051980372,-0.0008244645719440611,0.0023704210332325896,0.00221224416553103,0.0002546794369203085,-0.003648309957469499,-0.0003232252728462641,3.415276843926993e-05,-0.00111934091246444
0,1,8,31,40,0.0005525866386701447,0.00010486364431833328,0.00044036084805887854,-0.0003880531324295133,-9.543030896544561e-05,0.0003958675690739582,0.0001669715508292434,-0.00013329909746511242,-9.229183794974658e-09,0.00013322427660944302
0,1,8,32,40,-0.00017032963360517038,3.98393841604538e-05,2.0049899549779128e-05,-2.9974549542547486e-05,7.132102232546114e-06,-4.397386731298108e-05,2.336605286350185e-05,-1.3871519111057489e-06,-2.497211521769743e-06,5.401540776648775e-06
0,1,8,33,40,0.00024030917783986964,4.4449732167943e-05,-0.0006318393640474988,0.00046587402246626747,0.0005630455397720918,-0.0001576562517781289,3.585417843678386e-05,-0.0001092709836656767,4.662118212815066e-06,-5.514167830952809e-05
0,1,8,34,40,-6.848451875821803e-05,7.497071810957634e-05,-8.789328548897725e-05,-2.8496970275734896e-05,-0.00011525941172240059,-8.734168392115211e-05,5.206334930312707e-05,-5.052498299664287e-05,2.28686832812103e-06,5.552137935615893e-06
0,1,8,35,40,-0.00013665273650978165,-5.122304388182627e-05,0.00010541476321903476,6.050868253003931e-05,0.0002725949390090278,0.00022321229072069643,-0.0002547119328121369,6.95560305396075e-05,1.340359275303647e-07,-2.3096762592231208e-05
0,1,8,36,40,-3.940352476860677e-05,1.774780852494774e-05,4.604752276488921e-06,-1.821018923669571e-05,9.992403742787241e-06,-1.5816889616100772e-05,1.6059619705248275e-05,-1.8852778112515313e-05,-3.021484757599759e-06,8.613212764245734e-07
0,1,8,37,40,8.881582451686399e-05,-3.562528008410512e-05,0.0001585147764139235,-9.915968483855978e-05,-0.000246445963218035,-5.343667559558498e-05,0.00023199685260465001,4.268862715738773e-06,-6.594508631435421e-06,-9.598696170082128e-06
0,1,8,38,40,3.715086764938777e-05,2.136880163530827e-06,-2.6403265219861682e-05,4.740632649868086e-07,1.2233115870420624e-05,1.1076371030618368e-05,-2.609238900941046e-05,2.3553675306251944e-05,-1.861595586368795e-06,4.931063394223636e-06
0,1,8,39,40,-3.7747198802247023e-06,8.752880478986372e-06,5.5460809427624286e-05,3.789417281828189e-05,0.00018421774159668532,0.0002866035906311256,-0.000101883829323828,0.00038197303838742635,-4.61038353877887e-07,-8.62699505487649e-06
0,1,8,40,40,0.0002600959418195227,1.6094302329233336e-05,0.0003243099903301646,-0.00019016814256471725,-0.00032411595033702065,9.177494875516603e-05,3.336657085056744e-05,4.5365103541239205e-05,-1.0909260335154535e-05,3.401480814765462e-05
0,1,8,41,40,0.00013979182517918283,3.0768472787396026e-06,2.7597840792936092e-05,-0.00022430422579169758,-0.0001379076031853082,2.83976023850289e-05,3.6675922764167307e-05,-7.035247141395374e-05,-5.703516379767243e-06,1.8570795200179935e-05
0,1,8,42,40,0.00018623807686057636,1.806817850407572e-05,-5.7203383185444774e-05,7.4160579460882834e-06,-0.00010483125931047663,-7.767058402969932e-05,5.980544814111473e-05,2.99982873284485e-05,6.487201363758605e-07,-9.290517720463348e-06
0,1,8,43,40,-0.0004315932156608542,-4.375044501319536e-05,7.774350024387908e-05,-1.3751579933845044e-05,-4.5241781062184855e-05,6.254205709321801e-05,0.0001499727543856565,-9.158904431162289e-05,6.602766274679839e-06,-2.831683773126341e-05
0,1,8,44,40,0.0006089350549445503,-5.5031604226429804e-05,0.0003700974038836301,-7.700561217412916e-05,-0.00041468711481791126,0.00014073301142959716,0.00013883997522108377,0.0005246756727132441,7.219666537002743e-06,3.0746246420217395e-05
0,1,8,45,40,-7.51344255426997e-05,3.3009542655466144e-05,-0.0001970031450667116,0.00028896524348661083,0.0002451225162586511,-0.00011110309417632769,0.00011328559829081345,-0.00022572141740866486,-3.873174558972398e-06,6.384364398209746e-05
0,1,8,46,40,0.0007910417523824861,0.00021779978980290124,-0.0003975452727697692,-0.000312196304953841,-0.00010644168270487238,-0.00048265300572938896,0.00033121272914263006,-0.0007664121610745214,-4.830607730534439e-06,0.00016076152550663226
0,1,8,47,40,-3.6958101807823e-05,-1.4169025911706272e-05,9.511887339355945e-05,-0.00029225853467265044,-0.00018421630824141269,-5.2470019564663526e-05,0.00011007734961964202,7.13319370611052e-05,7.630885441070175e-07,-1.5435803766032888e-05
0,1,8,48,40,2.668917218064088e-05,0.00011443109171642906,-0.0006132077082973725,0.00024240196368725025,0.0002988556756871575,-5.850669446145592e-05,-0.0006970586739522572,0.00020468149900671804,8.682296131546674e-06,-4.2014525120199495e-05
0,1,8,49,40,-0.0007609356088733673,-0.00045372903492141894,-0.0003645832564411737,0.00012015963635707847,-0.0004648752324200547,0.00012116502125300338,0.0003157744427370895,-5.4376625384031354e-05,2.4400306685872922e-05,-0.00013347929334916108
0,1,8,50,40,0.000166701842377673,0.00010604203790992329,-0.0001963522063919998,-1.217262945067757e-06,0.00016382070367043766,0.00011733557507249768,9.479848616176483e-05,-0.00021659734829928605,8.369564696021494e-06,3.621390515467155e-05
0,1,8,51,40,-0.0003808452762910769,-5.4447027005637204e-05,-0.00014319374909990885,0.00013855604501485973,8.573363461492925e-05,-3.1725132077164566e-05,-6.0068236155669416e-05,4.6385060421835894e-05,-3.4506475698698704e-06,-6.987534154836915e-05
0,1,8,52,40,-0.0002530225726864948,4.8501852923741877e-05,-8.600638598559435e-05,-9.253421671855135e-05,-0.00011354622888333743,-0.0002730190860583337,0.00015457881199649388,-8.273903959829062e-05,-3.0208596287948437e-06,-6.200113568887754e-06
0,1,8,53,40,0.000880269687048538,0.00019245225187523515,0.0005099451233570336,0.0003884994201645316,-0.0006538971399023312,-0.0006686874010333884,0.0006588756497927044,-0.0003978714962128708,1.1961534244903256e-05,-0.0001241542157617234
0,1,8,54,40,0.00031745808179307325,4.0792207133684884e-05,-7.35141367349842e-05,0.00010185763040899429,0.0002530884689237841,0.00016362996184203466,-0.00011611552034413689,1.831118037317873e-05,-1.18201279140642e-06,1.7421720457121717e-05
0,1,8,55,40,-0.002560302361561359,0.0005367042125984437,0.00028193412828436974,-9.842125247666047e-05,0.002254422100134319,0.0019659116659822835,-0.001567549653134518,0.0003030967193525826,2.935177411454577e-05,0.00046199962740756714
0,1,8,56,40,-0.00030232697140511374,-2.6015856554100388e-05,-9.223904652852352e-05,0.00015208835834211557,0.00015508827680367533,0.00011452264250185861,-7.82665350188229e-05,0.00010080163294893431,-7.971605367453982e-06,1.8637005984667383e-06
0,1,8,57,40,0.00012918246247866627,0.00014205626185265693,-3.48172289159819e-05,2.701218242760194e-05,0.00010838688654721749,-8.9933207129285e-05,-6.682218228166598e-05,-1.9980457671621472e-05,4.196869967301741e-07,8.99088778771824e-06
0,1,8,58,40,-0.00010546661264128034,6.787617186907702e-07,3.0632045396344453e-05,0.00012110360570287946,-5.492134826900277e-05,-0.00011726800181405438,9.430603362056513e-05,5.399291365565811e-05,-6.97079849821037e-07,1.950461125604192e-05
0,1,8,59,40,0.0001667175787626107,0.00011367194658078606,-0.00018614347140045225,-8.977276522948765e-05,-0.00019321603365659985,-0.0002498990211494193,4.8306938292273666e-05,0.00017758366940588772,-2.122205088025748e-06,4.389456937511085e-05
0,2,8,0,72,-6.798800447893456e-05,-1.020994721822972e-05,-1.2061550100072675e-05,5.942153234433354e-05,1.8233466438745334e-05,-6.41306643439329e-06,-6.225047956587855e-05,9.761278330866462e-05,-1.750925615660729e-06,-1.8517473279970952e-06
0,2,8,1,72,1.5790441205439767e-05,2.172260157103602e-05,1.3927646890035497e-05,3.225235147339547e-05,-9.763152513733958e-06,1.2259194943194998e-05,-1.816001693063888e-05,1.3862561262321006e-05,2.40028780871555e-06,-1.7181854351385336e-06
0,2,8,2,72,-0.00020889458604273812,-2.1215441459378316e-05,0.00011438395662584198,-0.00037749407782182605,-0.00019931655592549645,-0.0002279049254740689,0.0003540661530389633,0.0003683184868974939,1.0730955649190767e-05,3.664318721884234e-05
0,2,8,3,72,0.00024591877812690305,-2.1178180452070387e-05,-0.00015808719618563686,2.001030641934927e-05,0.0001504184227122071,-0.0002129562569331084,-0.000177437981615573,-7.714292051920257e-05,-6.64328762262681e-06,-3.0235643939032282e-05
0,2,8,4,72,1.451061535209989e-05,1.985291097905076e-05,-3.544658487874591e-05,9.842695942461444e-05,7.302721501952574e-06,2.66681976051827e-05,-2.4827605063752788e-05,-3.918719549825632e-05,2.7910770321908246e-06,-8.489061300119567e-06
0,2,8,5,72,-7.148833388661392e-05,1.876622820353516e-05,6.565801947773582e-05,-5.547720747094936e-06,-9.261533414088297e-06,7.543382984121187e-05,-1.8912461119980742e-05,8.387504983972949e-05,-2.108319778574823e-06,-3.7657732449453704e-06
0,2,8,6,72,9.583476735987962e-05,-6.342296128103793e-05,3.174679537047414e-05,2.9358022094799293e-05,2.058689856120872e-05,-5.1292192558060815e-06,2.9657528395236495e-05,-9.658208770786992e-05,-2.7223502615905377e-06,-2.125325965324458e-05
0,2,8,7,72,4.5068201102362433e-05,7.833178772014754e-05,3.668699506532023e-05,0.0003656618154017768,0.0004127086724670967,4.1191943833928764e-05,-3.292735371272615e-05,-0.00033548935645420145,1.832319710530055e-05,-9.627296967818714e-05
0,2,8,8,72,3.413276353702276e-05,-4.2917894146628554e-05,1.672252901991737e-05,1.7911771958974283e-06,5.5868299790665844e-05,4.479177491347598e-05,-2.2293109771222827e-05,-2.9361343100761126e-06,4.367155956090596e-07,-1.2364033667245846e-05
0,2,8,9,72,-8.946171210420918e-05,-2.4813085298030284e-05,2.884990128434053e-05,-2.2335209599364915e-05,-1.1794580023691602e-05,6.874572408159052e-05,-1.4736688721077482e-06,6.565232104367527e-07,-2.150946422785855e-06,-3.7738801526353535e-06
0,2,8,10,72,-3.432889407925796e-06,1.0269131410292688e-05,6.23356405795561e-06,1.9159599032504645e-05,7.337173457553086e-06,-1.0826850846553726e-05,-7.375791897294047e-06,2.2688753182893336e-05,-4.774096118827305e-07,8.149186818374577e-06
0,2,8,11,72,6.240920327256362e-05,-4.424229023097195e-05,-0.00010087773816186104,0.00013527413630426126,-3.604951879814236e-05,-6.224404842911843e-05,3.073483282923985e-05,2.818218720177778e-05,5.012302841071045e-06,-1.1290556852965356e-05
0,2,8,12,72,1.7372526893082152e-05,-6.829038866395876e-06,-1.0612457123753878e-05,4.569312484272102e-05,1.1408421067666428e-05,-2.5430894893794622e-05,-3.101921862663133e-05,2.039067911339529e-05,-1.425671867384905e-07,-3.936241842002529e-06
0,2,8,13,72,-0.00015701667662115543,3.4017243026032556e-05,1.9331233160693472e-05,2.6558518473680857e-05,5.677150443559801e-05,4.1289265588673826e-05,-1.143622673495441e-05,-8.46032202498518e-05,3.989847190705666e-07,-1.1340135453317525e-05
0,2,8,14,72,9.541496558515678e-06,-1.6841563648565274e-05,1.0717726301832947e-05,-2.3614558461472286e-06,-5.596600233903531e-05,-3.5200829392400186e-05,6.779920694897843e-05,-5.882467630467567e-05,4.330381690298999e-06,-5.562458125133087e-06
0,2,8,15,72,-0.00029666689073873647,6.612532470898556e-05,1.2372504826816224e-05,-0.0002186845443344127,-9.612477184046848e-05,-6.764898030953445e-05,0.00018661328881879627,-8.839026321171505e-05,2.9556693285131305e-06,-3.934585792872681e-06
0,2,8,16,72,8.345515449170436e-05,-2.1118953654951506e-05,-2.550172405513399e-05,5.233801733146655e-05,-8.470713754896222e-06,-4.043256936580001e-05,-7.855247269080244e-06,-1.259187283213519e-05,2.3376823486289717e-07,-1.0965517457253122e-05
0,2,8,17,72,-0.0008058486069622252,8.241888272516463e-05,-0.00014588928069744428,0.0004950755149464326,0.00034690860758578756,-0.00042812977386070373,-0.00021565024844385434,0.00023004942559424024,1.3342803861926978e-06,0.00010726560336480113
0,2,8,18,72,0.0002583515440555932,5.009468490788861e-05,-0.00019270723267814696,0.00013279981255330376,0.00021309702357980457,-0.00010644085237617736,-0.00017803841966286104,-0.00015773902704771888,1.8332220507059726e-06,7.181231238714573e-05
0,2,8,19,72,-0.00013078149373063565,-3.858233132683905e-05,-9.111259215626042e-05,-2.2766345073134203e-05,2.7723909907995086e-05,-4.554942972450363e-05,-1.9549971943046336e-05,8.273027973911774e-05,3.0299783126581966e-06,1.9008953003429828e-05
0,2,8,20,72,-5.887491031621883e-05,-0.00032926640901848747,0.00010223620953261569,4.4062036586967044e-05,-0.00013018933816006525,0.0003272162917995159,0.00034152202200955783,1.0229481589657687e-05,3.6708912265400034e-06,-0.00012312457573983754
0,2,8,21,72,0.00015472477381816457,2.8517920068938055e-05,1.8374959040648868e-05,5.231323499864525e-05,-7.017584963814276e-05,-0.0001378876969978405,4.456746636883057e-05,-4.5326661982862054e-05,-2.183110958135408e-06,1.1051177088009599e-05
0,2,8,22,72,-6.884364096666171e-05,7.385610824343038e-06,-8.658059886415755e-05,4.362032891412592e-05,9.563327616923456e-05,-4.9645803921161916e-05,-8.465676696888583e-05,0.00010893016470654456,4.6275499950681657e-07,6.112437658007167e-06
0,2,8,23,72,2.863088802550727e-05,8.07590097456743e-06,9.973890542702733e-06,-8.504034395993922e-06,2.4856820989656623e-05,1.8315164180860926e-06,-7.033543407288832e-05,4.7631631000002796e-05,-8.613209325634726e-07,4.240104779027485e-06
0,2,8,24,72,3.072598100812349e-05,5.343761792610316e-05,-1.8107413460145967e-05,-4.0160544043941294e-05,5.0873528669461245e-06,0.00010201017234552103,2.8605691994180786e-05,-0.00028116398889604564,-3.874965970683825e-07,1.5351014272865038e-05
0,2,8,25,72,0.00023489920962192355,0.0001882019960467647,0.00013736453237525915,-7.903549806329776e-05,-2.0330935845377704e-05,0.00011696235535710973,-0.00016415333956387317,-4.1121143359290207e-05,2.6157823367731665e-07,0.00021339569759590532
0,2,8,26,72,-8.977361911340813e-06,-6.881001530887183e-05,-8.640840668099555e-05,5.568190611793989e-05,2.231625425989984e-05,-4.791343206912847e-05,-2.6714840401939685e-05,4.4613806265786e-05,-5.352954846088377e-07,-2.5458416980597108e-05
0,2,8,27,72,-0.00016480306942213087,-2.6865100730892436e-05,-1.932368965356866e-05,1.0899846641706627e-05,-3.38999176691102e-05,1.3130730335201972e-05,3.884112144271663e-05,3.068178645172372e-05,1.937340803728801e-06,-1.2304516160780522e-05
0,2,8,28,72,-0.0004534207452197028,8.138751942038023e-05,0.00011216279172615816,0.0003193610408279741,0.00021457545234424252,0.00037220305814333,-0.00019714641168733482,0.000122263575917137,1.4985532008434558e-05,-1.0142199036083527e-05
0,2,8,29,72,6.0245669007380666e-05,-4.264409292713344e-06,-1.117862763745154e-05,-1.8305975176001428e-05,-3.525650763020501e-05,-6.119120275048498e-05,6.764711009023015e-06,-8.435294893686384e-06,-3.5050281516769e-07,1.6967252468990235e-05
0,2,8,30,72,0.0002442634050643808,4.069753318951515e-05,0.0002711212082353377,-7.781715463737058e-05,-0.00017781405273169796,0.00015679251301355246,0.00018728382836327693,1.685422276851041e-06,7.461089568924138e-06,3.649094533408422e-05
0,2,8,31,72,3.180939875720621e-05,-9.234256966730883e-05,7.140324687724005e-05,-0.00018920143012814115,-1.4530193036544255e-05,7.903391667090384e-05,0.00010217103602073133,2.023550940977616e-05,1.2309981288989967e-06,3.523007488198478e-05
0,2,8,32,72,0.00017396453282512753,0.00014568991925533874,-0.0004520912172947206,0.0001193910041321386,0.00010344084605549904,-0.0006299993424013817,0.00030098350370323624,-0.0005741143391796627,-2.240093107059725e-05,2.158497787449617e-05
0,2,8,33,72,-2.6014040104999358e-05,2.085849818565561e-05,-3.796608888443762e-05,5.065371899351757e-05,-4.355619850815072e-05,2.239192416136386e-05,2.817552306902306e-05,3.2251009169703144e-05,3.357101090625061e-06,3.5579868206201627e-05
0,2,8,34,72,-0.00018912009310710854,-0.00015518323239516367,0.0001410068337202789,5.064782424097975e-06,-2.8774735762602604e-05,0.00019584794346165876,7.88493668867938e-05,-0.00016106782379424187,1.4858978333123312e-07,-2.8138251074061536e-05
0,2,8,35,72,-1.1382170788934553e-05,1.80978250510032e-05,0.000167045496913902,1.328394149685731e-05,0.00010996044230145352,5.546809457242551e-05,-0.00015744830931369773,0.00016459418596547024,-4.353053671205504e-06,1.6222524703101902e-05
0,2,8,36,72,-8.785939987402885e-05,0.0001460435958074779,0.00021401312384709936,4.8751403344519e-05,-0.0001588891540123919,8.359636989209584e-05,2.1146319124921222e-05,0.00022883622043773095,-1.014176228400488e-05,6.490839329662698e-05
0,2,8,37,72,-0.00034402747906159053,-1.694203838162074e-05,-4.902331416984416e-05,8.044622708494565e-06,-0.00011213415252251467,-0.0001632617602946423,0.0001791684100937093,3.8866965774036336e-05,2.402434801686357e-06,-2.3760565430961597e-05
0,2,8,38,72,0.0024462316715335346,0.0006147864677410615,0.0008863916763788824,-3.2708071410846514e-05,-0.0016378601138138734,-0.0012862557422161122,0.001459078846851132,-0.0002761954732574245,-2.506916022251053e-05,8.644519676073015e-05
0,2,8,39,72,-0.0001224730160317629,1.1818698488130309e-05,-0.00012887807093890283,9.81845914569984e-05,7.053268021991163e-05,5.4883826012906325e-05,1.2541979314401183e-06,1.2173835010195686e-05,2.891373910806042e-06,-5.724603368872096e-07
0,2,8,40,72,0.0005651488560972736,0.00011983715488484678,0.00014566901013212736,-0.0002075646079036298,0.00019636422755355725,-3.650488650750733e-05,-8.656954729586316e-06,-0.00020532486802976647,-3.7168427097317488e-06,-3.739604144869237e-05
0,2,8,41,72,-0.0003815058866484432,6.353350143544806e-06,0.00043588226845561436,0.0002177843950643955,-0.00028938400051458594,-0.00015170835888272144,0.00016926308978170253,-7.850314651070776e-05,-3.5232229644371443e-06,-4.0449453019711505e-05
0,2,8,42,72,-7.897374736030139e-05,-0.00011339553525541857,1.370290760519928e-05,4.381623773648738e-05,5.447503142709603e-05,-4.034564995520154e-05,-9.894634264480066e-06,-3.8334992342239654e-05,-2.2012074889986093e-06,-2.021933116828445e-05
0,2,8,43,72,0.0004126577715386786,-7.120804896471182e-05,-8.784977961684011e-05,0.00012241764366913762,1.0934977016357987e-05,6.455357857908531e-05,0.00010491601816660155,-3.23379404558658e-05,-2.9381565250984937e-06,-9.574067433013878e-06
0,2,8,44,72,0.00012347068611705207,-3.473214051876375e-05,-2.7837891373777125e-05,8.935222516849624e-05,-2.9073631766760597e-05,1.9776143972994193e-05,-1.988673529425584e-05,4.2497315396954135e-05,-3.2155820332372142e-06,-1.0616084799781276e-05
0,2,8,45,72,-3.776933429834619e-05,-2.5967724001640307e-05,1.893949658878836e-05,-6.772634251722585e-05,1.0659001679627043e-05,7.087576131411477e-06,1.8163755522265415e-05,-4.289388199036139e-05,1.4086001893075834e-06,-1.062127142917345e-05
0,2,8,46,72,-0.00028847648660193466,1.1460933062598709e-05,6.103170236313235e-05,2.380666532497974e-05,9.308934243569696e-05,-1.9768759494474017e-05,-0.0001718764529592223,-2.489140541178467e-05,1.3216553031180863e-06,8.647738809824998e-06
0,2,8,47,72,-0.0002592830402734719,-0.0001304407667729473,7.052408517261736e-05,-9.619784759645712e-05,-5.5136540090612155e-05,6.552674347877964e-06,-0.00010888927810554365,0.00014521297536027573,-2.617914506770942e-06,-6.302645316998669e-05
0,2,8,48,72,-0.0002131662967494837,-2.3044880705805103e-05,0.00038545639167334014,-0.00014742262332349454,-0.00026210831274006555,-2.441887349603891e-05,3.577950246835293e-05,-3.667887470403631e-05,3.824505672155032e-06,-1.4345268275458739e-05
0,2,8,49,72,0.00013853864063496712,5.576569730277371e-05,-3.534328427221608e-05,3.5380691131576004e-05,4.212608861048318e-05,-1.5246123025754393e-05,-6.923457045763174e-05,5.047507220202213e-05,-2.735661814266528e-06,-1.7779178970217691e-06
0,2,8,50,72,0.00027929964047271197,6.556171816188932e-05,1.7845672064858086e-06,-9.26384241294315e-05,-0.00015438037299771436,-0.00027956912723492845,0.00012411364049807894,-7.776755136799189e-05,-4.8036381048321466e-06,9.418939291277831e-05
0,2,8,51,72,-0.00033899340719491803,2.581813980821713e-05,2.7606992719086923e-05,5.0004877902627596e-06,6.343318025757658e-05,-5.85236072030207e-05,-8.841397197769897e-05,8.496916904935498e-05,2.2768624669673067e-06,3.545400573563693e-05
0,2,8,52,72,3.687029259167966e-05,-1.8988110028733722e-05,-9.397794441593597e-06,5.89866180284409e-05,2.8357757869651103e-06,-1.3108308284635454e-06,2.0756848726463474e-05,-5.1233517619379354e-05,-9.522038781739481e-07,-5.007451084799254e-06
0,2,8,53,72,-0.00012819065592718255,9.10258592969173e-06,-2.1646998673618102e-05,0.0001649810361530142,-0.00011739055005632738,-1.5135234660975137e-05,3.1935596614498715e-05,3.1661192514287735e-05,-2.518191983792976e-07,-2.8651271083122096e-05
0,2,8,54,72,0.0001574634642409907,8.757341036811428e-05,0.00019179129341363943,-9.897763344965644e-05,-2.0605527462914942e-05,-3.5395876333735e-05,-7.871345240605121e-05,0.00020396830517789143,-6.52275906833921e-06,5.17907930270634e-05
0,2,8,55,72,3.8495826946843735e-05,4.373114189562938e-05,0.00010171557468048375,1.1743208260939661e-05,-6.586880494704679e-05,8.92057092072455e-05,-1.5421897457070343e-05,-2.6268506190335114e-05,4.421182247809382e-06,-3.8906782929217575e-05
0,2,8,56,72,7.662793536752723e-06,9.036888999400993e-06,-8.076018726201196e-06,1.519461968091667e-05,1.602092310031061e-05,4.096094487712389e-06,-2.9589466566545978e-05,1.5800374188248276e-05,-8.332354547763261e-07,2.933639692721352e-06
0,2,8,57,72,0.0001011181155327453,4.020938555511073e-05,-2.946665161074494e-05,-2.5813366643118892e-05,2.385244624000713e-05,-1.0352943032071864e-05,2.960770888974453e-05,1.5525821586099027e-05,-1.6478466623518092e-06,6.433051465704569e-06
0,2,8,58,72,-4.17900139225134e-05,3.9797544813556274e-05,-8.702380153294792e-05,8.719974443177202e-05,3.5569737816949648e-06,-2.5539235930801978e-05,-6.454463842768245e-05,2.2426446427502192e-05,-2.213983648950124e-07,7.553286625608877e-06
0,2,8,59,72,-7.604191606221214e-05,-1.040552364144895e-05,-0.00019217301854004143,0.00015139412556533854,5.361177315807276e-05,-6.08169845569072e-05,-4.4469343088382815e-05,-5.625828345866561e-05,-5.764565376834961e-06,-1.162519252245109e-05
150,0,1,0,17,0.0027925182100285405,-0.002240087884644822,-0.001969476604190606,0.03448488855055945,0.02042996227153553,0.021358425933919865,-0.018925585354902297,0.0270445359233372,-0.0003768597906865612,-0.00038272935521874683
150,0,1,1,17,-0.0030234512451714087,-0.017456150977489687,-0.007436069431733063,0.02323964527459928,0.0012427773621803305,0.021026809826265057,0.015922004816107477,0.04385175582406374,-0.000617005720459172,0.0015453215560867252
150,0,1,2,17,0.0503440930056563,0.00760203721823675,0.013025639448526902,0.019400984208549635,0.02065739450465686,-0.005775306230162989,-0.00010321936608360805,-0.00858796247564429,-0.003163061287223206,0.008823623126536447
150,0,1,3,17,-0.07076111232379786,-0.0123356756630537,0.053285697172886906,-0.03842060831412077,-0.011137995428527604,0.004585684746226793,0.0025846685628935087,-0.0060268191304011925,0.0049374443882599225,-0.0014542497991656932
150,0,1,4,17,0.02389837622474943,0.035455943281323184,0.004462295804750503,0.015430635767265548,0.040982645306113785,0.015928945122689865,-0.028789196236149655,-0.009075663102511693,-0.0011646091835090416,0.00137856687385605
150,0,1,5,17,0.0010279145365001837,-0.005831323197506808,0.0038585039485639046,0.007527943293918122,0.02487486150753604,-0.02250085756593281,0.017878394051883476,-0.032510066270248404,-0.0013129713478605704,-0.0032908115042852254
150,0,1,6,17,0.009351926467531763,-0.0030636743670381344,-0.0009050301499922694,0.01423909284491996,-0.01028042196614173,0.005074776015372654,0.00853740554586187,0.0021634372762784856,-0.0011963845995652301,-0.003689973625313634
150,0,1,7,17,-0.04059379381798083,-0.005136815631326019,-0.029123974442568406,0.03038122721529484,0.02248298290645625,0.024619364302041435,-0.018771238785945124,-0.0018519971273884947,0.0021976347546754163,0.0018157094134767405
150,0,1,8,17,0.0818931271648638,-0.008497824673965435,0.04402604444337861,-0.03398381936577945,-0.029113836853830406,-0.020402212775996895,-0.026387090231993173,0.07921818636124828,-0.005490113132114487,0.009118665906563973
150,0,1,9,17,-0.04320149928598231,-0.007515996923123953,0.009115765258685994,-0.006993920156201596,0.007246788919807764,-0.012611663069418733,0.00994275021891417,-0.006230985908163105,0.0028225711322059093,0.0036355391213343424
150,0,1,10,17,0.08031026335439785,-0.008123925250149851,0.007493810463990036,-0.026840069495741175,0.0837970454030262,0.04224404163252027,-0.033791248564816634,0.05673942206666182,-0.005535229294978979,0.008819024344491328
150,0,1,11,17,0.032298561679856695,0.01159827018656386,-0.02652977777918825,0.003588973450452113,0.051812529841560366,-0.014568176966946011,-0.0612953799363802,0.0032522690909791213,-0.000792033820844655,-0.0025406254238151452
150,0,1,12,17,0.011383725856270253,0.0028793080656401206,0.02318487342016532,-0.02279978882961678,-0.021289383093282006,-0.008850978262413801,0.009621364645064905,-0.013532861387274013,0.0002741749350196807,0.003834661377269891
150,0,1,13,17,0.03149611642964686,-0.004001490658274055,-0.01248484994566876,0.013330803586900468,-0.011213576573228717,0.039631523253288295,-0.006139963412933209,0.02969149481847693,8.681653746466199e-05,0.003581460579296954
150,0,1,14,17,0.020574601993367376,-0.0014494100476509736,-0.0032414363242192316,-0.008965428247373026,-0.007958467833923124,-0.001558541529639921,0.011712385337241754,-0.007773808958345318,-0.0011813030956947038,0.0012022385292418294
150,0,1,15,17,-0.0007446435089843881,-0.0009804172818520863,0.001606375095247318,0.009022181708287873,0.0025352426768785437,0.00039659747416257357,-0.004321987492704734,0.012015902699366338,-0.00027764240772036174,-0.004439780791962508
150,0,1,16,17,0.04533961877234388,-0.009247953881686657,-0.0192280117564615,0.020465429987572534,0.008781401622645428,-0.005814553331122897,0.016183929937834584,0.006749885577791642,-0.002785216055294753,-0.00084688757367369
150,0,1,17,17,-0.0019213357867131436,-0.0367654903034511,0.02900371001205027,-0.016334114051177785,-0.005442849127523187,-0.013605612862219223,-0.010698830335334378,0.004570806078215556,0.0007249542847600614,-0.006013893713528886
150,0,1,18,17,-0.02045758508770724,0.002433845617245608,-0.0022724568572878635,0.005227767213369552,-0.03685147686154985,-0.009360021580897137,0.023131465873482658,-0.017943769675126876,0.0010536670638025577,-0.0012526624615106239
150,0,1,19,17,0.1311395039597717,-0.00039741666041995846,-0.03421001866706557,0.030058492140831256,-0.003995096380891052,0.0011158031451191598,0.043833227422319286,-0.04928793111509506,-0.006711782907164217,0.010582973558765502
150,0,1,20,17,-0.03770039887974902,-0.005448688161018052,0.0018481162621904064,0.00012621847365449395,0.02213584107118705,0.023755837895317843,-0.021003679336512992,0.023691778581793697,0.0030394074975700937,-0.00560924847483432
150,0,1,21,17,0.008586988649470847,-0.009979712981158469,-0.005219580377463638,-0.007119163871158297,0.012183452398472223,0.013147920833182126,-0.009602574691873386,0.007457814618727713,-0.00012037370982896981,-0.005090721762696054
150,0,1,22,17,-0.04143422998172063,0.0012354353880731793,0.01897712311205237,-0.04165374287258409,-0.0052694105752819605,0.023797962323528574,0.004712325869066521,0.0030353087820193148,0.0024351714508734114,0.01814364819913427
150,0,1,23,17,0.027909999608366213,0.006618693186441073,-0.00325569655661293,-0.0004345622853527064,-0.003036083029122248,0.00196714823465181,0.006404325944101172,-0.002543491433497526,-0.001588687656685027,0.003098637190579583
150,0,1,24,17,0.007580935752211483,0.00494261438848052,-0.006013868420629743,-0.0016306116194384,0.011136467421411039,0.007027788086260182,-0.006802193694982077,0.0046853778532198655,-0.00043035733426327296,0.0030472930327020355
150,0,1,25,17,0.03538708778022625,0.001849443203322523,-0.008899836044020249,0.0015644797574470334,-0.005518955183151361,-0.016187274704654416,-0.0021789578100813367,0.02499462383011922,-0.002201559386861188,0.007887448534396812
150,0,1,26,17,0.09194256316144467,0.020405470969968316,-0.028609048429717947,0.005237974770115213,-0.012028381193224275,-0.016427460832279812,0.015305466280017206,-0.026872345671984744,-0.005780372107637927,0.007326315910888718
150,0,1,27,17,0.01583510052028562,-0.021093158283456953,-0.012310281520864268,0.006306349256426552,0.017955934113350665,0.0106031909304954,0.001561794044204239,0.011715412180946898,-0.0008955587698378488,-0.00284448787614326
150,0,1,28,17,0.06911969243175337,-0.005618425279941579,0.0008621163746273799,-0.008935113369376895,-0.0013093940632148081,-0.04114783764778191,0.016019251020798722,-0.017112809236374,-0.006031590349562949,-5.925746105991069e-05
150,0,1,29,17,-0.026424365308188712,0.00020174007990779948,-0.004227605682471553,0.006278964036008023,0.010736128064489908,0.0024129942793064143,-0.005993144420591708,0.011757442133405988,0.002104793617002673,-0.003188414226213206
150,0,1,30,17,0.0008239858646830288,-7.854231390195268e-05,0.0006565996642365075,-0.0004911071785004112,-0.0006920875842946853,0.0002033272654480753,0.00018337933818621992,-0.0007038887514014039,-5.905716204146459e-05,0.00013545124181376847
150,0,1,31,17,-0.009141389132135953,-0.008623636784983133,0.00048131278191312676,0.007810850016896925,-0.001107515426721731,-0.015955059549935757,0.02706881433289467,-0.020218870282815663,0.0008579516501728224,-0.004102830397814456
150,0,1,32,17,-0.005359790453016475,-0.004787617458301527,0.015973603420097984,-0.012967461047035044,4.030842443319884e-05,-0.0142644113067762,0.007229573704796026,-0.01406259056113225,0.0010263727009814736,0.0012800270405775823
150,0,1,33,17,-0.056185919295567884,-0.01206796288122571,-0.025265366558060862,0.01626563627111723,0.002639708618558463,0.019288511149491577,0.0036889414657774195,-0.0013321582903353354,0.0041712622640607405,-0.0019737635705033064
150,0,1,34,17,-0.1428296350877067,0.0181877292542919,0.01449938160006366,-0.006767494051131633,0.02631773331635975,0.008295382767208532,-0.04941592672785402,0.021884559480236647,0.008716481562117849,0.008229278375832946
150,0,1,35,17,0.0023081691417075273,-0.02288305231270722,0.01395842965260178,-0.012508966262102739,0.07194771682597285,0.09879267146129513,-0.07846412836834803,0.06340143636435479,-0.0031413741319042203,0.00288698513479675
150,0,1,36,17,-0.025313247133723456,-0.01837662157801154,0.0023579335573721953,-0.0013324426688465284,0.0305947498762766,0.011971332539174024,-0.02383645183604596,0.011435534942026867,0.0013209556253898616,-0.005924877119421864
150,0,1,37,17,-0.034166133890523455,-0.010274892909300686,0.056276545773872706,-0.06762686429619329,-0.047294766817747726,-0.07785717924749092,0.06050293588286366,-0.019469634893563355,0.0025048110897575933,-0.002510404586679023
150,0,1,38,17,-0.0007685083558961691,0.000914165068280348,-0.0022789235975439344,0.0038927860719627978,0.009459985992679974,-0.012587607184969776,-0.001518489945037495,-0.0007365020748028511,2.4431805580780005e-05,0.0017683216464265165
150,0,1,39,17,-0.005858986422855536,-0.013102548978858417,0.023155742340808527,-0.027610339594992657,-0.005435547736959564,-0.01999033952929539,0.01070656689302557,-0.010489753842015231,0.0005457529169437119,-0.017797150196305463
150,0,1,40,17,-0.02318075571764144,-0.007400482090801469,0.04164194882456567,-0.008369079842403034,-0.0010618873658643597,0.0010606988264766782,-0.020857699262616713,0.026017351903989964,0.0032550615366129776,-0.00019372875861005512
150,0,1,41,17,-0.00544782049015043,0.00045980110950915714,0.0025111234972798866,-0.001953189740573546,0.001643868849355497,-0.001003908385483578,-0.004258157207487299,0.0013195163458500402,0.0004683979781433133,-0.00012385538763059863
150,0,1,42,17,-0.00013011755985056065,-6.918038781169516e-05,-0.000676761309678628,0.0018340973839551067,-0.001850900062781039,-0.0030415004215259226,0.0008578060972552097,-0.0006538122233595245,-1.135611028569694e-05,7.146463100818457e-07
150,0,1,43,17,-0.03157712963347612,0.0018597175017387353,0.009636109510798116,0.004703784314387845,0.0006071577841269742,-0.026866492738935245,0.033602849079889974,-0.029148224741853607,0.0019770434783789007,0.0025366048827863206
150,0,1,44,17,0.03540413571120631,-0.016465703539896116,-0.018206272079518453,0.028073296726182903,-0.055604150824481155,-0.04678637534754058,0.06307559981357763,-0.02678582529233377,-0.001330814475089086,-0.002249066976012573
150,0,1,45,17,0.005570175126794244,-0.026423228680638622,0.029504231074255163,-0.035829659197118155,-0.06175267508348073,0.05458018671135554,-0.029792402434390065,0.041757054708525795,0.00023599662519176805,-0.016217632506380995
150,0,1,46,17,-0.008416067646836946,-0.0031406179590258913,0.0035088076378274064,-0.009719061792202098,-0.0010223995654175604,-0.005036959963702787,0.00505582647686064,-0.003299768742209054,0.0006633526947233619,-1.5501448564301517e-05
150,0,1,47,17,-0.00918267144134529,-0.00497792581315249,-0.00824884269005683,0.008727081662633059,0.004719860166989928,-0.0011969676492867602,-0.0037491308837122807,-0.0011897954943459414,0.00043616969896149153,-0.00015039217573856005
150,0,1,48,17,-0.022683406990651758,-0.002024611814502129,-0.02265623861783977,0.02849848454887462,-0.01283903329055988,-0.03591116286092423,-0.00867471291048325,0.0007837629959768647,0.002337484180573208,-0.0019247023725301408
150,0,1,49,17,0.038538337807859605,0.007106316978214185,0.013729199479269004,-0.017827165001351047,-0.03305404045753604,-0.011184686695100666,0.01275710499509027,0.0022562707894822186,-0.0031279277343123774,0.0030906692569804134
150,0,1,50,17,-0.012696281566825816,0.006211815694269895,0.004726221363043838,0.01549575950373078,-0.006650559049856211,-0.03244655147385178,-0.001941576330251187,0.004193725017045064,0.0009911773931420068,-0.0003493481569447556
150,0,1,51,17,-0.004714886087821508,-0.001815569886350305,-0.013092904873219182,0.021048837171742305,0.014136351612507134,0.0013970124253877543,-0.012653734188352597,0.01491614509992593,0.0007294258348299409,-0.0003498893387414508
150,0,1,52,17,0.010947796470379401,0.013774550089975461,0.028855285140612193,-0.05214393064621075,-0.01679056579248341,0.012167752475181317,-0.0014651228981530497,0.00875071404054782,0.00025359955629326766,0.013745526958456216
150,0,1,53,17,0.047809395831177944,0.03167087950395693,0.029474179284533615,-0.04573005822770186,-0.024687503087285085,-0.010663742421645611,0.08701429569337499,-0.05110092643109086,-0.003105088435489596,0.030143686420676625
150,0,1,54,17,-0.02242403307394084,-0.0009450133942998122,-0.016886389170681144,-0.0005252572254900465,-0.012862905146118828,-0.0023917280040702303,0.016380218103970973,-0.005462896588165158,0.0014281962095044301,-0.002130032663009893
150,0,1,55,17,-0.017940241320486695,-0.007863280152624939,0.0012739979684183872,0.009101778026936612,-0.00555814202150645,0.015834326714047876,0.005321962272905425,-0.017420263447350773,0.0010527549862890848,-0.0035141629614599706
150,0,1,56,17,0.0009186070943635816,-3.431265316283126e-05,0.0020696254151649812,-0.000954417534314207,0.0007310224502618539,-0.00047315857900165066,0.00023535561709089138,0.0008919432105003951,3.4235794959377704e-05,-9.515852841749638e-05
150,0,1,57,17,-0.009175812036975792,-0.007855348006888018,-0.024251532571191323,0.015579303091077943,0.004572355040194201,0.00037398464911920316,0.00034514485567892954,0.011987320088780694,0.0011362285901655009,-0.0009008716417388884
150,0,1,58,17,-0.018739946571524172,-0.008736607721981428,-0.006729381455264865,0.01318073707693465,0.006393386200678241,0.005253985665864569,-0.0019380258055546056,-0.005323546052515842,0.0007122971474967744,-0.008530211185876798
150,0,1,59,17,0.031048442790587518,-0.00837112563294959,0.01667160161218188,-0.013593976336756205,-0.02722785470575907,-0.017012653568348614,0.03960622210552937,-0.018423873344930553,-0.0020802305449617855,0.001110749070467778
150,1,1,0,33,-9.736317813196902e-05,0.0002711351882511701,-0.0004327519032506758,3.09690928414018e-05,0.00013771428156068933,2.871827327472046e-05,0.00010419495426037218,-7.894245314106859e-05,-6.410881770454881e-09,-1.0357715825215203e-05
150,1,1,1,33,-0.0009532755737193847,-0.00010676419152724058,0.0036630175036834038,-0.0032949714455497645,-0.000551152626612218,0.0025362643381403264,0.001640650850167066,0.0005156792244450803,-8.518240216174356e-05,-0.0006091989600031027
150,1,1,2,33,-0.0008487244636927124,-0.000151545328617335,-7.345540183478036e-06,-9.16747902989098e-05,-0.0010562202474623942,-0.0009073275455902796,0.0011302473325922684,1.8465961748759557e-05,5.5669286711947314e-05,-6.232888771863127e-05
150,1,1,3,33,-0.0005973030095467056,-0.0009256731708929848,-0.0022348555490993515,0.0024988364222203094,0.0007462670449224158,-9.714735256882674e-05,-0.0027701274391850193,0.0026696113002783483,7.487150696916042e-06,-0.0002968072202664145
150,1,1,4,33,0.00030245265029562316,0.00020708150643548685,-1.395908489996782e-05,-0.00035507657321142013,-6.271853512161418e-05,1.3927166646983699e-05,0.00040348516999889173,-4.050863169676824e-05,2.8782403974258985e-07,5.779802793193258e-05
150,1,1,5,33,-0.0005346707554014658,-1.0244857701074584e-05,0.0007290856008922911,-0.0004738800815455897,0.0007833051431432843,0.00028519374545057257,-8.059246639629175e-05,-0.000577705285501861,-9.924415350585479e-06,-0.00036598975921190834
150,1,1,6,33,1.9193593687136806e-05,1.2168390440918174e-06,3.0069189141097477e-06,-2.1437292787004803e-07,-2.0031876769353424e-06,8.329727673826912e-06,3.243014725145931e-06,-7.4431066160122974e-06,-1.2574195322241827e-06,-1.947138451323294e-06
150,1,1,7,33,0.001039930453881049,-0.00029990318804030475,0.0022111284186367964,-0.00010877603387804229,-0.0018473025579671207,-0.0056198954630283715,0.002179373041594965,-0.002091170223034672,-3.882512904928538e-05,-0.00024649391224689876
150,1,1,8,33,5.1679860041125994e-05,7.891101201851145e-05,0.00018163336512550988,-0.00022949612169033724,-0.0008474973042708497,-0.00028271369719057743,0.0006826430386403629,-0.00030981940284767744,1.535373592410986e-05,-7.578181790388501e-05
150,1,1,9,33,-0.0013671366194037027,-0.000212579032132321,-0.0008548162491992034,0.0014859248666085174,0.0008319102254757106,0.0010160815782147667,-0.00030944485448668483,-0.0011246664225960858,8.646454681286809e-05,-7.875468502602385e-05
150,1,1,10,33,-0.0008881937571319806,0.0006884941077721237,0.0011434094056915615,-0.0005828626295608608,0.0006738049863183424,0.0008118177917897437,1.992387839342949e-05,0.00031390988862667053,3.136955226702733e-05,0.00023256958649762216
150,1,1,11,33,0.016756351699936268,0.004181864779472679,-0.015587461509399787,0.002838587790340895,-0.0007620269266964038,0.0018451205614867401,0.007894270095877043,0.0028361444446569424,-0.001114856558982607,9.0675548889591e-05
150,1,1,12,33,-0.0015500453316951886,-0.0002317573101603711,0.0010354835431856352,-0.0010888802332875308,-1.2309641866118358e-05,0.0006581822027970977,0.00030351565378277745,-0.0004272204260571348,0.00012553484927837078,-9.1007693576665e-05
150,1,1,13,33,5.32921148218994e-05,6.357458724674426e-05,-0.0011281385367825497,0.00039348479231583695,0.0005161653166148872,0.00040568554273280984,-0.000994609821758617,0.00036672115480888156,-6.810640033321124e-06,0.00014050164102120093
150,1,1,14,33,0.0007593591061486353,-3.003143598142667e-06,0.0011119283358250642,-0.0006308379403688521,0.00024873178234541943,0.0007243897067189099,0.00020759009149131762,-0.000507974305288523,-2.4203111007731177e-05,7.094368713322386e-05
150,1,1,15,33,0.0019005524805960942,-0.00022606865949555526,-0.00040320067350135315,0.0008983562248776976,0.0011231465859797521,9.074552843497998e-05,-0.0014483193886527818,0.0011728746302105662,-0.0001933302449881027,0.00014338745834234883
150,1,1,16,33,-0.010274835019819673,-0.0020637557832568322,0.015038850798446362,-0.01022374606891841,-0.01904286353697075,-0.00637733133924343,0.015197512263038025,-0.007500811328854617,0.0007430486658940963,0.001894487763286764
150,1,1,17,33,-0.0031341200871842583,-1.0509866053778795e-05,-0.0014341801401931984,0.0005668329192575163,0.0010085281486611577,-0.0003765567545208668,-6.978621800491158e-05,0.0008488966228876177,0.0001999984892522151,-0.0003061991390560499
150,1,1,18,33,0.0014287414387848137,0.0035075036261791987,-0.004927119898419961,0.013388956875332116,-0.004052560421068915,-0.0034809666678079585,-0.0030328529619701615,-0.0077215967954318,7.62719881868332e-05,0.0010866949008486605
150,1,1,19,33,0.0002888170220341161,0.0009163708064100164,0.0014238085159759743,-0.0016516990169161392,0.0011698548140213465,-0.0009906747547016926,0.0010383253543795824,0.0012918465980965856,-4.5879016316432217e-07,-0.0003168716165618
150,1,1,20,33,0.0005080448931958217,0.00023092295419754468,6.25270069660024e-05,1.9034279484299606e-05,-0.0004712702040128469,-0.00036709462502216493,0.00041839729137782864,-0.0004581971810685444,-5.1791236775153364e-05,6.786953633090931e-06
150,1,1,21,33,-0.002286240155908065,-0.00010211823557467531,0.0007975277330320643,-0.0001896322494385957,0.00018413980490795032,-0.00035893094424439067,-0.00018718315721290573,0.0004557398456832786,0.00016200325153094665,6.051189577248141e-05
150,1,1,22,33,-0.003916367236012401,-0.0012936679112993783,0.0012049577228973698,-0.0034046964011260937,0.0003431981705802647,0.0017695057774644747,-0.0015288367337411026,-0.001467344465647726,0.0001573534586578156,-0.0005246124780269633
150,1,1,23,33,0.006644944310543221,-0.0015952116537724477,0.0019843694597641037,0.0017472196233313216,0.0013713686261080966,0.006230713680780358,-0.0016902721195272618,-0.00041452680523805275,-0.0007316301941085642,0.0011433845308770458
150,1,1,24,33,0.0010564376005435868,2.799630170766038e-05,0.00039472046405409565,-0.00014519730693640518,-1.5545674491583027e-06,0.00023177702557261847,0.0003215075902370611,0.0001731050553995157,-7.217627238234249e-05,2.074938145422102e-05
150,1,1,25,33,-8.292314600360561e-05,0.00017951361070633583,-0.00048339984749710263,0.0007259435642668111,-6.147904020523996e-07,0.00012139864591077893,-0.000328814337158864,-1.5361171084307207e-05,3.979558242653006e-06,0.00013154188071783657
150,1,1,26,33,0.00013073537975771178,-0.0002815648454643566,-0.0017656443964695842,0.0019274516044489832,0.000742859466465235,0.00020377045885769797,0.0010902527809610845,-0.0009886237847587928,-3.878382412241977e-06,9.556030434964787e-05
150,1,1,27,33,0.002300179373318513,0.0005742253245007831,0.00021245888373218038,-4.857261768031531e-05,0.00036672191038700024,-0.0003660395496015127,0.0001163128181789056,-0.0012828084695824978,-0.00010478242737803563,0.00022558975017445115
150,1,1,28,33,-0.000688621504178511,-0.0017932031994525957,-0.0014412046634889963,-0.0008283802296308888,-0.0012293808227808508,-0.0018693345993759855,0.002184762672204908,-0.005154551261408354,0.00014534166370891175,-0.00020470324437150115
150,1,1,29,33,0.0008001374467525715,-0.0037938921529821566,-0.003770968448405207,-0.0010284419705875632,0.0007701063718424529,-0.0045400919621647355,-0.0006856454699079514,0.0033118576822997394,8.671678034688253e-05,-0.001084464715168278
150,1,1,30,33,-0.0014572693354180525,-0.00012619202308130115,0.0036143036346598673,-0.0018321996649884541,-0.005655281638597626,-0.0016531066618016938,0.004892410767700127,-0.00021262170763777942,1.762945724055003e-05,0.00010858893505825854
150,1,1,31,33,0.0022639508492058834,-0.003339151952532977,-0.009573812906418913,0.0029678470991828785,-0.008640057188046538,-0.0022949629657237776,0.0005295280155318222,-0.004090769718974456,-0.0002010416862694411,-0.0011374455549136753
150,1,1,32,33,-2.151358106082233e-05,-9.881246127543925e-05,5.439553820757983e-05,0.00011995199313940503,-0.00027748839816280416,-0.00021760095261333696,0.0001850037197914631,2.4784871930213935e-05,3.997824312772247e-06,7.770314979547615e-05
150,1,1,33,33,-0.01042660975175921,-0.005547496145446078,0.005951574646817634,0.003964479434462158,-0.005848068192576797,0.00231843838059653,-0.007364717942082545,0.008832015240484024,0.0006738712740349898,-0.00016505805131506658
150,1,1,34,33,0.0019156352794426278,-0.00014800981285231657,-0.00014222579324513839,0.00014488443354002215,-0.001036831311405043,-0.0013637697898770417,0.0007153310994712072,-0.00165556272385125,-0.00013897456666554805,-0.00014206826592803892
150,1,1,35,33,-0.00018391508662094015,-0.0015347372182116696,0.0013208241954776856,-0.002644497486143038,0.0014471286457843101,0.0024549575541151654,-0.0016817530487606182,-0.0014147898078152898,9.603868678852344e-05,-0.0004221807273912345
150,1,1,36,33,0.006446235875245764,0.0013194649649859408,0.00245681651700515,-0.0010565373967188262,0.0005992363620685451,0.0005730802822341898,-0.0011270200760676759,0.0026949416177217815,-0.00038265259193462933,9.756520262047543e-05
150,1,1,37,33,-0.000551024301382297,0.00016377071331252652,2.146731032663966e-05,-0.00047870601462597314,0.0009125365580326384,0.0014236697975785926,-0.00026734814610638474,0.0011204702138031307,4.5822271297140693e-05,-5.321097439433457e-05
150,1,1,38,33,-0.0010467622985270164,-0.0003984963090972623,-4.24928554603731e-05,0.00014900423107805906,8.792839324217785e-05,-0.0003917554298423331,0.0002309810416620086,-0.000449945183055808,0.00015489273380405193,9.080803334717245e-05
150,1,1,39,33,-0.00043865740179701435,-0.0004049096556753264,-0.0009810152292555234,0.0015462230150186619,0.00047452849224067535,0.0003183419175286263,-5.600615597478845e-05,0.0005498266459801268,3.528394028094826e-05,-0.00016575345315397464
150,1,1,40,33,4.42314868478683e-05,-0.0001462019494401046,-9.393935350823603e-05,0.0001476955135282404,-0.0003371356775417725,-7.61274765326064e-05,8.255855488629294e-05,-0.0001996949125039109,3.926197144824553e-06,-5.4522027619922216e-05
150,1,1,41,33,-0.0010899608680589284,0.00040982241660601293,0.0013570512765183282,-0.002390777778163004,-0.0017537449352121788,-0.0014475579191565292,0.00017937937933065642,-0.002088334963998585,1.3509586596476263e-05,0.0008579847444310886
150,1,1,42,33,0.0009557149275769109,6.889132507597432e-05,0.00039253394772475754,-6.229293495271859e-06,-9.306016414342206e-05,0.0004974972183078966,-0.0006986557151312696,0.0007268045639374254,-9.855617248909146e-05,9.425015449873644e-05
150,1,1,43,33,0.002446302185136879,-0.0003996852708428951,0.0008221277882867308,-0.0015470933212319896,0.0009762587276480831,-0.0001357048691669756,-0.0004628731747558341,0.0015661076668828245,-0.00011315548972418422,0.000191715240876899
150,1,1,44,33,0.0009508353789847534,0.0004365362885143923,0.0021693223326486473,0.0004146929194175023,-0.0002877438914776081,0.0004076035062616942,-0.0007612736656163761,-0.0010431774737185231,-3.232506592409482e-05,-1.3320313158591187e-05
150,1,1,45,33,0.03425346127998786,0.007979264900197796,0.0020659272218315327,-0.017302812832253336,-3.8070405631950785e-05,-0.001939588836913755,0.006786517529259141,-0.004283926323226819,-0.0021741448219610906,0.003512949067641558
150,1,1,46,33,0.0019350342227368272,0.0005180985832560065,0.00039789575577710106,5.9697423665596394e-05,0.0003458671140702459,0.0004926864999666138,-0.0007607049791870252,0.0002506757017553223,-0.0001200775913715037,-5.2940441343508926e-06
150,1,1,47,33,-0.010954631456183351,-0.004061164361438324,-0.0032724677046983,0.0025163867610707015,0.002077831565675089,0.00564838157183887,-0.002105198786894212,0.006862225625729633,0.0007823424287140576,-0.0006182432230324431
150,1,1,48,33,0.010764673644364236,0.0025174422026169392,0.005734540927427469,-0.008671206508603455,0.004441186997147976,0.0029010715233267355,-0.002536994910493509,-0.0033380450198004772,-0.0009352309709055449,-0.0004501312711885319
150,1,1,49,33,0.0009490666255837812,0.0019779490936122635,0.0007846119957785867,-0.00475016178975495,0.0001238222030230867,-0.002473523801401601,0.001183854133174528,-0.0022088907826635115,0.00025027314767768304,-0.0005134234220673591
150,1,1,50,33,-0.0011751406434040166,-0.00022721718108345806,0.0008299237388133126,8.609352111866404e-05,0.0002759667617472345,-0.0012399175232430239,-7.725094450587096e-05,0.0002575582304255325,9.895837331368713e-05,-3.614737908683007e-05
150,1,1,51,33,-0.0008753911748729545,0.0008160366507044584,-0.005110997288795641,-0.0034175928661139177,-0.0021933200763575153,-0.0006374560510607532,0.0017537396985566238,-0.0022301212021554333,7.263821986488683e-05,3.866978848104788e-05
150,1,1,52,33,-5.349646750363856e-06,2.8221655959332923e-06,-4.522596471227677e-06,7.815375819907716e-06,3.0704137208901534e-06,2.32991418651483e-06,-4.308158861627421e-06,3.76888083513383e-06,2.0352167392113683e-07,-2.3401050869868715e-07
150,1,1,53,33,0.0019421695498206865,0.0006425371130397044,-0.0003990582068520068,-0.0011219969479433999,0.0016180235590036623,-0.0005903317949903889,-0.001152774204299644,0.002843004891715494,-0.00020837323604945364,-0.00021886697812595302
150,1,1,54,33,-0.0005070838141298472,0.00011003419721147417,-0.00028028470383209016,0.00014674537486606472,-3.149644146205873e-05,-0.00015052975883203103,-0.00015486256010449067,0.0003964260113860161,3.230702312834741e-05,-0.00033182505293481685
150,1,1,55,33,-0.00015659620530379087,-4.868135776505735e-06,-9.181824699512277e-05,0.00015848677512574161,1.6582626780675773e-05,-1.2863944694796074e-05,7.068208603788325e-06,1.7633163728536634e-05,3.427701723143048e-06,-3.169007186852738e-05
150,1,1,56,33,-0.000856824716176668,0.0004854907510543278,0.00069692415962287,3.4781628146892266e-05,6.030569956768104e-05,-0.0006077420210141514,-0.0008010696069023992,0.0010421476253821788,0.00010032697360774019,0.000337847473578191
150,1,1,57,33,-0.0007259655940728772,-0.00026549348217937813,-0.0001975211569869536,0.00014835304519781115,-0.000701313972685603,-0.00037828874775753206,0.0002061617581157711,-0.0001185997296072753,-5.70067088829756e-06,-0.0001500560451067518
150,1,1,58,33,-0.00039988348561855754,0.0007529582153243503,-1.3965192690728314e-05,0.0003940160186245029,-0.0005607538764443489,-3.565254796996021e-05,5.198781346297613e-05,-0.0005787134162901644,7.208977835222671e-05,6.342021884851359e-06
150,1,1,59,33,0.0012518171409872198,-2.042896697023354e-05,0.0008708092632007197,-0.0006196652834562235,0.00044817631046293964,0.000480228594835977,-0.0012975052150179889,0.001369008315034409,-2.5930955949105252e-05,-0.0001320992587995963
150,2,1,0,65,0.0011810561303658067,-0.0005932062381044131,-0.0007290200661058499,0.0007022043374995032,-0.0002829892860372329,-0.0010687810000824202,0.0005679618774920858,-0.00035286198905611706,-8.121717741729497e-05,-2.8338687480940853e-05
150,2,1,1,65,-0.00025622868388906555,-0.00011779234777325015,0.0006029188856364044,-0.00012924734287878312,-6.684503479234305e-05,7.289636467072645e-05,0.0001393433432481483,-0.0004385726504909777,2.0219132048071314e-05,-1.5887525556573998e-05
150,2,1,2,65,-0.0006147675392768412,-0.00011882012772283149,-0.00041453700451733353,0.0008862526674768043,0.0003713234814099687,0.00027221456622149044,-0.0007598183079688811,0.000463800988813505,4.067010406411036e-05,5.220943198858306e-05
150,2,1,3,65,0.00039205737074520127,-0.000204512063179703,-0.0001475818738960373,0.00042377293503402405,0.00048789972288199295,0.00029756564269636516,-0.0004902737158072323,0.0002521069691252601,-2.1108796351915833e-05,2.4430725922971306e-05
150,2,1,4,65,0.004492027176686465,0.001746133906963712,-0.0023885967077830732,0.002330197531578645,-0.00015062120403942303,0.0012425149954511348,-0.002507510347867705,0.0027065128669310724,-0.00042160341488848543,0.000948711229839568
150,2,1,5,65,0.001674326727018788,0.00023425620837333585,0.0001847833029467862,-0.00018766571562646556,-0.0004653537879733662,8.400606249154302e-05,0.0006456026706731789,-7.639245242998506e-05,-0.00011447260852658619,9.05578308779236e-05
150,2,1,6,65,-0.0007498808394374427,-0.0009695048864692574,-0.0007909767622570759,0.0015868523044511524,0.00044854350758833283,-0.001730825376015455,-3.095679106721752e-05,0.0006402326981653323,8.33255436818277e-05,-0.0001693317915889444
150,2,1,7,65,0.00028424232341247836,0.0004016990941749409,-0.0001231388855380398,0.00021287010623297572,0.00028934738230654267,0.00020416963840132717,-0.000703357026239908,0.0002568841470638437,-2.9849677684715583e-05,0.0001114278799240201
150,2,1,8,65,0.00027260770250249656,0.0003152940298210977,0.00017702759115919848,0.00020559653014909254,0.00026972245962702076,3.7839086057705336e-05,-0.0009753233585180259,0.0003854312138816348,-1.2052562478574816e-05,3.414689823983876e-07
150,2,1,9,65,0.002034937634937224,-0.0010182101422611162,0.002887739553680899,-0.003987921720447354,-0.0037423172230866214,-0.0017283617709621141,0.0033641818979924707,-0.0021853769951716098,-0.00010072651013924328,-0.00034458042335486623
150,2,1,10,65,-1.1086204974068104e-05,1.774149787424232e-05,3.191424149985076e-06,8.190858193841011e-05,1.2737544681428458e-05,1.4902497748246287e-05,1.961551113719932e-06,-6.702295550640917e-06,-4.202616723696707e-06,1.6291172200294863e-05
150,2,1,11,65,0.0008267557282218201,0.00037290888010463655,-0.00014318906010598844,0.00031106122568331585,0.002875581101153523,0.0039033485587682687,-0.001375424311356383,0.0028366205575750753,-4.9264720005329136e-05,0.0004592299379228909
150,2,1,12,65,0.004091289965492216,0.0004272077266303058,0.0036751724133410064,0.0019825751399339332,0.0007693473894181013,0.0010342745888747046,-0.0014218856951416013,0.0019941468533686887,-0.0002117769640858748,-0.0007607388436917427
150,2,1,13,65,1.5303501545070106e-05,7.344971138991348e-05,0.0001334759938373035,8.363193646867127e-05,-0.0003695006693509273,-0.0008664803634902817,0.0008184593522306295,-0.0009361889880438113,-3.204592587556716e-06,8.756001752155938e-05
150,2,1,14,65,0.0002279902486213967,0.00011481210051609355,0.000567172409044961,-0.0007489289171530816,0.0003052419902939722,0.0005607143616467987,-0.00042577412234279645,1.8839421247619415e-05,1.7061177655131452e-05,9.075019156473517e-05
150,2,1,15,65,-0.0012263041088997604,4.643529232437397e-05,7.721311163651955e-05,0.00023450821409658516,-0.0004808406682353227,-0.00018127536857406217,0.00021143181570402558,-0.00045916723094577104,0.00010302177034462532,-0.00016308940249420956
150,2,1,16,65,-0.0006108994953274863,-5.659167828812053e-05,3.350767236696313e-05,1.6115483196553218e-05,1.4331171702466975e-05,6.12574622709293e-05,-3.876036635256959e-05,8.44181035218014e-05,4.5039299858342475e-05,-2.3102937444618405e-05
150,2,1,17,65,-3.207376728420082e-05,-0.00010222318729604819,-0.00019477596995056873,0.0001509368441556876,-2.0686979032180092e-05,5.430343294286087e-05,4.775527240907917e-06,7.257351944278905e-05,6.356261337983344e-06,-4.034447536219119e-05
150,2,1,18,65,0.0010638421204001147,0.00013463119110961383,0.0005025972422658492,-0.0009827572662837703,0.00025083194577068575,0.000116724225013355,0.00019022287239962388,0.0001766702622417502,-9.159347561116998e-05,6.772994102144905e-06
150,2,1,19,65,0.0005543663159845012,-7.271998866291639e-05,-0.000535103437464882,3.8063616776327803e-05,0.0005638319877690904,-4.107013094000588e-05,-9.040594342479288e-05,-0.00026291948932232926,-4.47381614328286e-05,-1.9499558391346215e-06
150,2,1,20,65,-0.0033199002267034275,-0.0026068363289979343,0.008713069293180043,-0.006225174724504804,0.008786337279733967,0.010859062306212114,-0.0027570524114591674,0.0012317509396949165,0.00017384844861019683,0.0011415883496290287
150,2,1,21,65,-2.0268772232851612e-05,0.0002153627305552855,-1.8282361999106735e-05,-0.0001689894054166151,-0.0003010490845408159,-0.00011437437690054659,0.0001338537984938201,-9.806070175489896e-05,-5.096008293905439e-07,1.0847000164702366e-05
150,2,1,22,65,-0.0011463427357210276,6.518773097873793e-05,0.000848984186657529,-0.0006801754624787639,0.0002954551319539857,0.0007918386438622464,-0.000698170107615012,9.795848485833003e-05,8.586635571518473e-05,-0.00022029185932396372
150,2,1,23,65,-0.0011475674931617054,5.1356446954224913e-05,-0.00012635334767870587,8.52374180682697e-05,0.00019841358490389402,0.0002282851677751629,0.0001377215011793239,0.0001314578450230534,8.297257777742016e-05,-4.902199641744668e-05
150,2,1,24,65,5.673550992557737e-05,-1.4370303809809968e-05,-2.1656509092358558e-05,2.4350044084649223e-05,4.337851478611123e-05,-2.3363286379866888e-06,-7.272717043215317e-05,8.497716267085627e-05,-4.378929290230323e-06,-7.785161148961885e-06
150,2,1,25,65,-0.0003077973657200696,8.607428844310323e-05,-0.0009414205537405174,0.0004054998535540843,0.0008112718027768773,-0.0002519058913556984,-0.0004050016091985653,0.00033896972115887285,-2.6447435401850387e-05,8.56204316316615e-05
150,2,1,26,65,-0.0003788562260297775,-3.345197877300014e-05,0.00014440740957650237,0.0007054780936119773,0.001546445967803776,-0.00039182173683579544,-0.001041199517497526,0.0008668672885628314,-1.837302334206979e-06,0.0004217750988934767
150,2,1,27,65,0.0014391218297323534,0.002331023917919045,0.0022393700069088403,1.3039423022212813e-05,-0.0038877658116619304,-0.003949327952838493,0.0016915343212833514,-0.0033756347417134742,2.0525476974268527e-05,0.0018395086598043569
150,2,1,28,65,-0.0033660477823615562,-0.0012945097639197457,-0.0007034506763783364,-0.0012877414208752405,0.0004052225486955929,-0.0018007518475387058,0.001861923901415362,-0.00047310995495915113,0.00026984104442445803,-0.0005204139133489733
150,2,1,29,65,0.00781198389711586,0.0028367939131894206,0.0009898161715190016,-0.0010497332932754477,0.002340046552909453,0.0006956836035541143,-0.0015376420880863413,-1.3767546762748708e-05,-0.0005788123027931351,0.0012450719229035662
150,2,1,30,65,-0.00016231245334960085,0.0001499896115623423,-7.194836855859396e-05,6.645893109289837e-05,-0.00021872927881754503,-0.00012476291687953987,0.00020069678493934978,-9.076731987243953e-06,9.030478746861919e-06,5.5085343498696736e-05
150,2,1,31,65,-6.79971416961106e-05,-3.7409738668341677e-05,0.0002558525395084269,-0.00013574338775704288,-0.00023985226906580155,-0.00025830305259456486,-3.557014157402878e-05,-0.00016736205848506366,7.919505451813615e-06,-2.48644653076687e-05
150,2,1,32,65,-0.0002916865234545567,8.186091910543388e-05,-0.00014058675445457588,1.250528172945399e-05,0.00015545723499528022,9.66534723170395e-05,-7.589578939002843e-05,2.8127244263288646e-05,1.8484944928447257e-05,1.8697173744822396e-06
150,2,1,33,65,-0.0010460494607994265,0.00047906347413165994,0.001145573617093778,-0.0008529017029505419,-0.0011604068826888674,-0.0014585608725907878,0.00039048815220036985,-0.0015623807771634234,-3.176959164131255e-05,-0.00038035140026965376
150,2,1,34,65,-0.0003642101414898349,-0.00019283830308833267,0.0012688836684946532,-0.000837385160626623,-0.0012884321089421061,-0.001508360483700204,0.0007391105322163597,-0.0005561137554078817,1.2191512068000894e-05,4.2567286805844096e-05
150,2,1,35,65,-0.00011430154683824107,1.1020577855810107e-05,4.114281119225525e-06,2.837140675751256e-05,3.730385693681131e-05,9.490803442662636e-06,-4.691549128259872e-05,2.871119026957736e-05,5.418000142318268e-06,-1.2640835867024038e-05
150,2,1,36,65,5.372792646444103e-05,-0.00022048644034522178,0.0002798264488108041,-0.00018096474821430698,-0.00020622515681783946,0.0007080921454744397,-0.0002956103742932172,0.0005941056065053286,-4.782018562881694e-05,-0.00010357306257119929
150,2,1,37,65,-0.00014477858746526993,-0.00030342852201969484,-0.0011486839115468488,0.00041583742033572934,-0.00018947194069226934,0.0002774128647752671,-0.0004929763761548465,0.000945268486851701,3.3162091039766436e-05,-0.00014290837022156342
150,2,1,38,65,0.00023017744218235928,0.0012074344071531424,-0.0003837354743511069,0.0005442517480721161,-0.0007126225326928964,0.001128018040289654,0.0011455055173883095,0.00022895503119229983,-7.369685154073394e-05,0.0003507480657815601
150,2,1,39,65,1.0297788093908263e-06,3.217023418176401e-07,-9.718695520364422e-07,1.562877548359723e-06,3.885131650586561e-07,-3.005135627651581e-07,-1.0961357319276162e-06,-7.960015670898478e-07,-7.100833393146445e-08,2.9381551850160594e-07
150,2,1,40,65,-0.000428057742824864,-0.00017651471454797814,0.00019673022506286444,0.00012959202196757114,0.00023474162247236722,9.96660447160375e-05,-1.3924664675679353e-05,0.0003007450208782131,2.0717143314005586e-05,6.568001746957069e-05
150,2,1,41,65,-0.0006001629673470527,1.3413336788521752e-05,-0.00019063669683471525,0.00012884727618906884,0.00045050256465421594,0.00026502681817969356,-0.00026967566800735856,0.00026088303097539684,3.4572119905754475e-05,-1.9537992799733285e-07
150,2,1,42,65,-0.0022140950480056616,-0.0006950458765243515,0.00020104439761850986,-0.0009968874223885654,0.00042125444960997585,-0.0009072459924098676,3.810226337221401e-05,-0.00022684153332190666,0.00012325222871975095,-9.134926784954938e-05
150,2,1,43,65,-0.0011514080344825733,0.0008989136221325734,0.00031318110840111924,8.04569238163132e-05,-5.949912817608037e-07,0.0007102094076787534,-0.0004900943158037841,0.0006788797365616781,4.199623721839887e-05,0.0005840120448836238
150,2,1,44,65,-0.0037162108973655752,0.0005953316789786271,-0.002596729242458467,0.0006361570662266817,-0.00038098510809960546,-0.0004399902128654853,-0.001391046283050401,-6.315172200709604e-05,0.0002845993574836574,-0.00011973778837483901
150,2,1,45,65,0.00030109881775780057,-9.976831517950474e-05,0.00040463915274887636,-0.0004430384155375227,-6.734682147270368e-05,0.00026722064479529775,0.0005306417180878038,-0.0004904252252452337,-1.1525819675859138e-05,2.3138593661400093e-05
150,2,1,46,65,-0.0013879163879626033,-0.0004603796170863981,0.00023882959481702173,-0.00015891093381769215,0.0008618980961656685,0.0001451731501757257,-0.0001364747882677177,0.00048535778218718927,8.943468819686047e-05,-0.0001124468795472717
150,2,1,47,65,0.0001244136814627239,8.640914045693785e-05,-0.00010537563160211548,6.020794500618719e-05,0.00011377313927101364,-4.0815405928268776e-05,4.147126985484509e-05,-8.198233146206494e-05,1.0218105240461703e-07,3.5360639412287265e-05
150,2,1,48,65,0.00010004573319839827,-5.55678857736602e-05,-4.625249556142759e-05,0.00012724055323019655,0.00011713753455877932,1.3046471431300361e-05,-5.2104238215191836e-05,-0.00015004479874801345,-2.701120131829161e-06,-2.2602306442120683e-05
150,2,1,49,65,-0.0001695462724007778,-1.3982500246085598e-05,-1.799827513910411e-05,3.141843281978505e-05,-4.949067066258493e-05,6.678489963302068e-05,2.1517546195776068e-05,-6.230194833420427e-05,1.0479484660584031e-05,-1.3697005581804885e-05
150,2,1,50,65,0.00042498668946006887,5.763164011935475e-05,-0.00010578199455117368,0.0001832803701524576,0.000307571253385332,0.00021400443179723702,-0.0003786676946342846,-6.726748367913871e-05,-2.9297514026717523e-05,-1.2750613462927087e-05
150,2,1,51,65,0.00015858375305033095,1.328310215075306e-05,-0.0001597368982819529,-2.245656834710249e-05,0.00012141184330729851,-1.4742182969323405e-05,5.040750426431373e-05,-0.00011486878414536953,-1.6765074586213036e-05,4.487282358979499e-05
150,2,1,52,65,0.00044243448165296053,-3.349700323876535e-05,-0.0005338569401689743,0.0005286950154485197,0.0005309288218580835,0.00026258119184479896,-0.0005048274133964099,0.0006637242052814052,-2.2570962358461437e-05,-2.3901689448982758e-05
150,2,1,53,65,-0.0035355078240387108,-0.000443903548392523,0.0006677167861573552,-0.0007634468966932962,-0.0004618382749975963,-0.00037772005250322834,0.001620286811489215,-0.002266899754789964,0.00020768273129358642,7.561189247176486e-05
150,2,1,54,65,0.0016180332421733103,-0.0006270941596858721,0.00034058008902314557,-0.0007785280977711209,-0.00022318228166708364,0.00017561515374793228,0.0008123380894656777,-0.0012884286875813247,-8.770681044372071e-05,-0.00020437245026838744
150,2,1,55,65,-0.0016674877755295378,0.0001073701080177697,-0.0008826000554879609,0.0004452822306808852,0.0003428532501449614,0.000607897561955129,-4.1886379476441235e-05,-0.0009241481813000613,0.0001416458246459591,-2.375633640775683e-05
150,2,1,56,65,-0.00020037213964367757,-0.00013084310210749076,-0.0001325100715903495,0.0002520581908838522,0.0002978315844169414,0.000524366697363782,-0.0006725274288666315,-2.274289976983622e-05,3.4984825095295624e-05,-0.00017538340158866525
150,2,1,57,65,-0.0002783648399223459,-0.00022407820489516876,5.312536653191677e-05,0.0005539922030382531,-3.661511265044744e-05,-0.00028415455075976966,0.0001067102681839169,0.0007276025244522262,-1.3088761953838373e-05,-7.614521170869674e-05
150,2,1,58,65,0.0006762908041403423,-0.0002417976053764795,0.0006345597998918673,8.670050178412859e-05,-0.0006962288343535433,-0.00043029626066399667,0.0008206715631968453,-0.00044122760297549515,-4.7337039669359395e-05,-0.00011171549117704666
150,2,1,59,65,0.0012650234279987262,0.0006777382884690152,-0.0005226432135632049,0.0007114964314527713,-0.00036729597949553623,-0.0006818571477542791,4.535490958950531e-05,0.0004006212576842678,-9.197931962353449e-05,0.00013626394293615761
150,0,8,0,24,0.029549957596970274,0.01356203392208909,-0.0066408327971837645,0.003835903550748479,0.012022786100074895,0.0031003051671643534,0.0026292831770887218,-0.006909545983621452,-0.0026519336370100927,-0.0008524277289084347
150,0,8,1,24,0.005403430298979934,0.0007657792821822772,-0.003991501360355512,0.0030929813299282937,0.001645199593185519,-0.0001692096760500441,-0.0018619246559957562,-0.00043934042816345107,-0.0002515426911408173,0.000907491472502614
150,0,8,2,24,-0.00037836922469718825,-0.0002669988126244975,0.007410523485846844,-0.010224527510080515,0.004230689302757643,-0.0021516990821204844,0.00438177090734343,-0.0019748652626617744,0.0003211542192639009,0.0019480579942720924
150,0,8,3,24,-0.022167796911582504,-0.0007152678551664334,-0.0052536180199787615,0.0002998365482418505,-0.002159668412173073,-0.0018695066486160827,0.0003388774990451492,0.004257517552672068,0.0017909416661973192,0.0018222098878853637
150,0,8,4,24,0.0019602552419089826,-0.003781944339832485,0.0021800801785921047,-0.009192299313349963,-0.005523553809629852,4.6099632340255645e-06,0.0040136908324871386,-0.003693577855814021,-0.0003076937987598719,-0.000364939843924089
150,0,8,5,24,-0.00409566204954531,-0.0039231339543004005,-0.004761393316132647,0.0015415488958062523,-0.006969199898555245,-0.00842591980203425,0.006555664995273617,-0.0008396424786731966,0.0005095548660244694,-0.0008031805680946912
150,0,8,6,24,0.027186985478335587,0.006063376573669502,0.004078050768191864,0.002299618773675311,-0.009999412144406,-0.0032094420461561274,0.0020560755106217637,-3.141996151454984e-05,-0.001841600000853293,0.00067109813478959
150,0,8,7,24,0.04370023681200967,-0.00925130430634315,-0.010958454298728874,0.0016227108508770432,0.006611922514831294,0.013282260176478865,-0.00927038406691927,0.015598770420196011,-0.003526486503082538,-0.0038048290869011374
150,0,8,8,24,0.013023897829706218,0.0030242396538498932,0.009318675756533643,-0.004355061333540036,0.003116104128509721,-0.0017846100928537102,-0.0006422465961793702,-0.008327298243219238,-0.0007032799379100079,0.00254651764736379
150,0,8,9,24,0.0035774401578641353,0.0009350090775733068,0.0011391232839542222,0.005695749117832145,0.0009714380433798101,-0.0020683668044010964,0.0038204949359859322,0.006097766770313113,-0.0004984605413704131,0.0009558444725592617
150,0,8,10,24,0.03600767513027178,-0.0025020423415347925,-0.0054341634084060005,-0.00861879249873166,-0.010903817810234426,-0.018562748565172843,0.0037593497350344863,0.0026039837082344054,-0.0023596098762287653,0.0005706542453097583
150,0,8,11,24,0.00018660806942839402,-0.0008564221608070935,0.01721706564168958,-0.005554037724155109,0.008224445200089569,0.006992679113565582,-0.012393103303881927,0.023159950608465048,1.6853408398595604e-05,-0.0014004437052186588
150,0,8,12,24,0.00020388910079142524,-0.00354295932108785,-0.003003531561439924,0.0028170250916626834,-0.0005991562825448313,0.006777332015874467,-0.0030251643337749425,-2.151694733401111e-05,-0.0002105339637362198,-0.0017794021651775928
150,0,8,13,24,0.015904160937276174,-0.0031188194025121917,0.006176126934420676,-0.0018225600870547774,0.004349668515675673,0.007090381720335384,-0.002496656770866139,-0.0018798683049907495,-0.0015783126730331116,-0.0018170259261709777
150,0,8,14,24,-0.01954506587559236,0.0010363355167000766,0.008316396153209272,-0.004997969556827789,0.009155949903628441,-0.003195247584614063,0.00025806731630854257,0.004370617227255177,0.0015504219835860353,-0.0006776394991920065
150,0,8,15,24,0.031094047012669226,0.0038508016138445477,0.020370096626387085,-0.000144057005905735,0.0020061060220289972,-0.019580018105821405,0.015285922183960552,-0.009278774813198113,-0.002373601886528072,-0.0005250587258803473
150,0,8,16,24,-0.0005067692455578662,-0.0023441701663490548,-0.010158025228638071,0.010748722612445485,0.006703980598855937,-0.0028261853450133557,-0.017727030646888402,0.017626114445600572,-5.266697861049533e-05,-0.00031025326348849266
150,0,8,17,24,0.035801386492084426,0.016717570293339732,0.000742282489009859,0.001060725785386065,-0.0031201341475157202,0.0061859532430496595,0.00046486206952833656,-0.012668551398968577,-0.001452470909913307,0.009257211413692422
150,0,8,18,24,-0.009791431947553322,0.007846490251642104,-0.007314253835012188,0.007018753737776752,0.029163757346042075,0.028065768579089084,-0.024696390740543972,0.02502443836673237,0.0016050700064114266,0.005834495353917129
150,0,8,19,24,0.019136742854682587,-0.000812134492949967,-0.01860235701535511,0.0032705029803316134,0.02176451357424336,0.011015706283394875,-0.027589443497931625,0.007669426831155024,-0.0016883170453801425,-0.0025734203434713953
150,0,8,20,24,-0.013067817651718909,0.012636873783540926,-0.002409983522359588,-0.012111195203928242,0.020076166644227712,0.010388784726209636,-0.0068594326922661545,0.0007344518802849418,-5.76550219325538e-05,0.006687936941130068
150,0,8,21,24,0.0014012466790296308,-0.000508347166615446,0.008465559982131252,-0.0056127684661050805,-0.008255730772951412,-0.012913010910147732,0.013185357446967597,-0.010200103122716669,0.00018030078072939397,0.0024939573190993092
150,0,8,22,24,-0.01569597774354342,0.003313855681086842,0.007278813885691865,0.005453755839402302,-0.014843999643235323,-0.0024761923772350183,0.011607260190878986,-0.003265814910327104,0.0011837980310597275,-0.0018966164402800985
150,0,8,23,24,0.005749815495357177,0.00723300116599313,-0.016378527114544864,0.0029078818278906048,0.005093037785868551,0.011225053806168846,-0.0001073336920686882,-0.0007610485278175005,-0.00035758958820915235,0.001742121634405853
150,0,8,24,24,-0.004299661060441883,-0.0021052273972224146,-0.005618367029834937,0.0024399208359233504,0.006497245266651751,0.0026616753260707885,-0.006090015110143021,0.007848493511356257,0.00047040293729521597,-0.0004725227043044622
150,0,8,25,24,0.009163909431402868,0.002358111387129773,-0.001830484619932206,-0.0010562381792850494,-0.003910382102513423,0.005298783306503186,-0.00167550825286803,0.0031951057711943967,-0.0006741504732621398,0.0007615824964373738
150,0,8,26,24,-0.0322711143796201,-0.00420950192059845,-0.009283938372671338,-0.0001955995776928512,0.010616749035805595,0.016676414955409127,-0.0059534243272243315,-0.0036309846183580595,0.0010881694383647706,-0.0005209518268813296
150,0,8,27,24,0.012582096976605318,0.004467027471901677,-0.013138642994385415,0.007892793136451163,0.0006211254667499717,0.0008970144892724067,-0.0073891436680422005,0.002151932788743267,-0.0009221133089652291,0.0008510447250467993
150,0,8,28,24,0.00013292878847773431,0.004113528152928024,0.00041493235322386847,-0.0003839386311373979,-0.0004610866435479854,-0.004101116231947827,0.00436648084870707,-0.0025029307786329164,-1.647773193232005e-05,-1.1279955089128334e-05
150,0,8,29,24,-0.005629328744229832,-0.0005830680876542061,-0.0029300782925329896,0.0038019973689450643,0.010136359018828181,0.010618287868742643,-0.012426273741610011,0.001284340247318568,0.00023179883560219466,0.000250770119205378
150,0,8,30,24,-0.013674484415419085,-0.0038498602928485463,0.0033791212063482797,0.004490220221278862,0.008285705313141701,0.002019338836323396,0.0008434032669803499,0.0008054817698143991,0.0009736445833306145,-0.0013204793570555711
150,0,8,31,24,0.007581228811553527,-0.007261815781514235,0.005784500162148473,-0.010836958629998922,0.0051945006740124295,0.0026268320045648003,-0.005718903282956916,0.0038470516733598407,-0.0005775642148619361,-0.0033069354434462723
150,0,8,32,24,-0.002671979418601763,0.0003585249480485728,0.005859334862903845,-0.0033495168354634435,0.0050343330791035815,0.007532003728796364,-0.0028732460181551686,0.0022222260309590187,0.0001496358729200281,0.0023249934967275883
150,0,8,33,24,0.003056626390779911,0.00186567354323803,-0.004918116561261602,-0.007164144116410555,0.0016620117344458155,-0.004652665271003676,-0.002588457121401219,0.003288885219069646,-1.4242075376272881e-05,0.0007716576247660063
150,0,8,34,24,-0.024842720589480463,-0.005804608429550014,0.00796568438642147,-0.010099022995232621,0.0030787767052016532,0.0089352472945458,0.009054422474020763,-0.024366371732358453,0.0014482957615224,-0.0047954495709036414
150,0,8,35,24,-0.010820765587556782,-0.0028348415828119275,-0.014736332337522251,0.01945880055119113,-0.009725999115969622,-0.004367264937437878,0.006201188926705222,-7.113886706512607e-05,0.00019266337906690827,-0.001633946904498887
150,0,8,36,24,-0.007459980897396063,-0.0021204303013339894,-0.007602365548182433,0.003899034955808001,0.004743162315879403,0.0017043588943767424,0.0003991319165364301,0.0032220728337862144,0.00040679174765672845,-0.0008620841946711734
150,0,8,37,24,0.003694624438288316,0.0010140794377572742,0.001315975160821606,0.0037282848993498204,-0.002056835520755808,-0.0008610342232802814,0.010377517978112078,-0.005515571478396502,-0.0003621543927188442,0.0034927182417554153
150,0,8,38,24,-0.0006691576358025841,0.006010771612981877,-0.004568670344039727,0.005631429194159794,0.0013310271973307128,-0.0022462474717904,5.500069292848362e-05,-0.0031989828840162846,0.0005101372744075993,0.0018039647615585342
150,0,8,39,24,-0.005455455837928543,-0.00022697032213286726,0.0030608884258470337,-0.005464544710243178,-0.0022975212339380923,-0.0023882842146757933,0.006046283770985228,-0.004190397866144973,0.00010281536882760515,0.0015769075069094088
150,0,8,40,24,0.008779831071978054,-0.0024388790763743345,-0.0032669289211646963,0.003374243377539841,0.006210611318456127,0.004939965477339051,-0.0034477777990018837,0.001882030853708178,-0.0006181875790435907,-0.0005884079567575337
150,0,8,41,24,-0.021539706934553007,-0.0005637426849192781,-0.014775716892683782,-0.0035119264399648734,-0.01085161723882432,-0.005892772674926846,0.006296836144637507,-0.0043518448570917315,0.0019466773752204903,-0.0004010548370242596
150,0,8,42,24,-0.0165524880051283,0.0020300846818715485,0.0012526301942640667,-0.008788080430171067,-0.0029215260242517736,-0.00938877407842602,0.00787754435392829,-0.003362889932247235,0.001026202082821442,-0.00018908904215627717
150,0,8,43,24,-0.017003330238094274,-0.0036531867332067003,-0.005047332767832252,0.007541545249233518,-0.014817478717572684,-0.004266121779506696,0.016424907022809417,0.0009583088962118769,0.0008683485146260885,-0.004544699215449956
150,0,8,44,24,0.00588512195276446,0.0032669419397698637,0.0014979599839756723,-0.005416064911902361,0.006729491454200044,0.0029447562805875326,-0.007028689362245166,6.772495968915021e-05,-0.00048008906115887165,0.0018866847328026302
150,0,8,45,24,-0.02310335951694756,0.013192789413921827,-0.0068518016714856095,-0.01656095362968887,0.022021034492358135,-0.005657276901887982,-0.002411795174317009,-0.010138475416135596,0.0012637690554942783,0.006571067040894213
150,0,8,46,24,0.020710480301462886,-0.002192629530613891,-0.010052348337277889,0.01630310281307661,0.0021598715226515196,0.02017244075897046,-0.0021967639547708783,0.01568179115850089,-0.0011428995020166957,-0.00018027939348281348
150,0,8,47,24,0.05502973930876025,0.0015230333394391103,-0.022180496091823203,0.030541839477975282,0.008772346966257408,0.009940373270128968,-0.02288855246853208,0.0343131117591445,-0.004297480594197648,0.0010573810787489482
150,0,8,48,24,0.008360879042942986,-0.003087792939192156,-0.016531971427672557,0.017181825753426097,-0.00451220595116328,5.370382681408985e-05,-0.00459840050566788,-0.0027713916348237186,-0.0004519090844114021,-0.003580384028742384
150,0,8,49,24,-0.026715580352169407,-0.007157613998188353,0.02112045853378012,-0.017934791230438504,-0.0030965823678736305,0.0056787356924423524,-0.003599001699651168,0.014129211100723248,0.0015256568361352698,-0.0060029033347368645
150,0,8,50,24,-0.005108848189269281,-0.0022414149780827872,0.008803724312305907,-0.008428592100278114,-0.005763596944464185,-0.003372377066707187,0.002242418649357136,0.005046055565770445,0.001023224463843069,-0.0012195150447038663
150,0,8,51,24,0.0028782991504329248,-0.0032055734935130344,-0.002512407919920144,-0.002322848717161159,-0.0008914545981714066,-0.0025558525680753523,0.010041140764840325,-0.00039412213280064874,1.5855594395420534e-05,-0.001002875523037251
150,0,8,52,24,0.003023088954635709,0.012774998541423695,0.007030464749374478,-0.0015924019628088528,-0.0037722509003789754,-0.010449528469608633,0.008794209508258596,0.006439037538137101,-0.00016425944377123085,0.0014710275964252809
150,0,8,53,24,-0.001093976468279894,0.004089901850768683,-0.022675671814887485,0.01395028850179673,0.00875186560715087,0.010764659664905687,0.00019117708503388255,-0.0069491853658115955,-0.00017557390545607144,-0.0003720478312782126
150,0,8,54,24,-0.011282096438096169,-0.011129990678875882,-0.015303675514857586,0.022576177653449638,0.020806327799941925,0.019391910745501888,-0.007322844875153634,0.009775250727834675,0.0008065305059965983,-0.005370348614839698
150,0,8,55,24,-0.0031781624862681204,-0.0011814964782579363,-0.01681679681681135,0.02510538824113636,0.0058939681770404425,1.8159921750774246e-05,0.001928035966409584,0.005755432390802949,0.00010810749160070451,-0.00013645167854731192
150,0,8,56,24,0.012106751775300788,0.005171664516285158,-0.02027770164059954,0.026298855002548846,0.018286661531105378,0.01214811717236466,-0.01356912153998891,0.01732781744932716,-0.00020106692769870986,0.002965143082589894
150,0,8,57,24,-0.003928824515773575,0.0011733997866849148,-0.0031241437325627867,0.0031062595828665334,0.0039746809003594315,-0.0018278248670359834,-0.003568292751324405,0.0028843125990678335,0.0002127859933287343,0.00045862580947778894
150,0,8,58,24,-0.012788290097101475,-0.00348963883728464,0.008424708923623656,-0.0033172533660467147,-0.006368932627374625,-0.017567593168422022,-0.006157936851987715,-0.0048186641194542315,0.0008726117724086907,-0.0006448168879527788
150,0,8,59,24,0.00010987761293691865,0.006149123002080299,0.0121285111833516,-0.007969804100275885,-0.0022274416237898723,-0.0017577939159402886,-0.00519343013653231,0.0006955458391363425,0.00017254074408578206,-0.00026824808240017263
150,1,8,0,40,0.00012898276768461792,0.00019803718084385248,0.00026588617199866185,-0.0005943213173811074,-0.0005340311538483506,0.0003740017228590008,0.0006641501114291239,-0.0006464305899873474,-5.018496427948405e-06,2.898407813499632e-05
150,1,8,1,40,0.004211962290935027,0.0012104922502654517,0.0013835437140099901,0.0012017643839514341,-0.00038037458318704456,-0.0012544261709444351,0.0010194629651013082,-0.0018042019231603596,-0.0002943123852288443,0.0006236296213958869
150,1,8,2,40,-0.00017238422700231694,2.3371566271374078e-05,-6.554154461240539e-05,-9.551095439202609e-05,3.096473000095726e-05,-0.00012016603905606464,-7.500840621208609e-05,9.921751408857577e-05,1.0071826681347657e-05,-9.137907301782478e-06
150,1,8,3,40,-0.000685956486548683,-0.00019817808510474267,-0.0007123004391585948,0.00013495730872509898,-4.968264999898793e-05,-0.0008067575949240926,0.0009969229819655001,-0.00024408940055597577,3.2364897334947914e-05,-0.00011802141632252372
150,1,8,4,40,-0.0003617132115738395,0.00015795264509425454,6.287129277943504e-05,-0.00012218103074411528,-0.0005055981863039512,0.0006030988190878079,0.0006091369020208894,-2.622716306783623e-05,1.756358083107476e-05,5.185107124951263e-06
150,1,8,5,40,-0.001746590704223792,-0.0016460955661276653,0.0001883764629699442,-0.0004864014838311053,-0.0016292490044119198,-0.0013407081822294342,0.000965468497636187,-0.002095444352185886,0.0001841220992565599,-0.00048102291365876215
150,1,8,6,40,-0.0006196893951939479,0.0005496463815755868,0.0007609629377486099,-0.0006229970988468664,-1.3733057160415492e-05,-0.0006779992609192193,0.000560821508763461,-0.001076670518585057,9.718188437946233e-05,0.00014126268128684163
150,1,8,7,40,0.00010259991890125607,3.5618660974416256e-05,-9.28683566091495e-05,-6.686526162697444e-05,-3.8338060464617814e-05,0.00020178073754122802,-0.0001112613365926173,-0.00013514439995561346,9.355094955227261e-07,1.3532108931653415e-05
150,1,8,8,40,0.0009428090796697082,0.0009527755935182184,0.0034428963157327273,-0.0010138676301442104,0.00024671754271082217,0.00021606325960854544,-0.0025128333822843794,-0.0003722390153106018,-4.737319478379398e-05,0.00015713690563113014
150,1,8,9,40,-0.0008199246636015358,0.00012595148673214758,0.00043691471699598954,-0.00027476836658271015,0.0001970418886026407,2.7147508818151095e-05,-0.0001099440418513747,8.538844259467357e-05,6.0860491182204004e-05,5.729918095968508e-06
150,1,8,10,40,0.00020759666288526396,0.00010034200431502446,-0.0003140988807735385,0.0004129869767140217,0.00029502271741306616,0.00020660447826755627,-5.5839522830478406e-05,0.000457890788573466,-1.441421653062269e-05,0.0002381136725793756
150,1,8,11,40,-0.0002921541840031583,0.00022758741745364735,-0.0004019833714873262,0.0008758686405797326,-0.00039370150882744897,-8.09790399379021e-05,1.8562241342440637e-05,-0.00015325646938076068,2.0030392722391987e-05,-1.873514142739912e-05
150,1,8,12,40,0.0019817176190408715,0.0003990038285952271,0.0011873669326245447,-0.001337664621208229,-0.0005234395659643966,0.0003487324623730344,0.0012153416293079755,-0.0016018723227641924,-0.0001074577351330552,0.0003235404388595813
150,1,8,13,40,0.00037090080749775027,-0.0004113642168882213,0.0012781606302388192,-0.000598628556821974,-0.0019421072481911306,-0.00018079988752892865,0.0002934448297867941,0.0003668773789666179,5.510270236608493e-06,-0.0004773577577453109
150,1,8,14,40,0.0003885807967583907,3.465769858233895e-05,-0.00043802416387400125,0.00021408858565740365,3.512507854101451e-05,-0.0008281427667683411,-0.0002568290874872304,-7.192472362443534e-06,-2.409793401934196e-05,-2.061222322472518e-05
150,1,8,15,40,-7.366460416822835e-05,-1.2860100606557867e-05,8.124896826479974e-05,-8.586195657252785e-05,-0.00013206964046585845,-7.59378305475991e-05,0.00011507050899781838,-9.518970365529262e-06,2.6147657568499423e-06,-7.562071949498019e-07
150,1,8,16,40,0.0015610810009242316,-3.8715407921912e-05,0.00019457379922908785,-0.0005722567640974922,-0.00040461096966518876,-0.0007626715090027739,0.00023417283758472455,0.0003483599134304471,-7.59684581710967e-05,-0.00011425052901376872
150,1,8,17,40,0.0010668314087449327,-0.0005398321125803498,0.0019104165540108297,-0.0018790762240630562,0.0007165829115866758,0.0013797953443327453,-0.00086735104734022,-0.0001829403590524858,-9.145288294811423e-05,0.00010122148695160908
150,1,8,18,40,-0.00011520343257239007,-8.324548754627903e-06,-0.0003183937416243156,0.00029887705887366627,9.158618920430046e-05,0.0002455604951687394,-7.467536095322609e-06,0.0001266689363294079,2.71097815357507e-05,-0.00021653846548890462
150,1,8,19,40,-8.228798091911927e-05,-5.614409360948644e-05,0.0006285526323750384,-0.000342807869113561,-0.00010953665839350534,0.0002595324348486733,-7.477654324642967e-05,0.0001831279518812776,6.148207695950785e-06,-6.499695235468253e-05
150,1,8,20,40,8.818998705103141e-05,-9.389718140257167e-06,9.009246936094946e-05,-0.00010484167695779313,7.503251302420926e-05,9.609280192015388e-05,-0.00012969719885448983,0.000129033472519783,-6.941168251671608e-06,-2.8161070457416052e-05
150,1,8,21,40,0.002020942290839579,0.000428915472351179,0.0004919010210786677,-0.0006768246714721495,-0.0007725929800790029,-0.0026463096397867742,0.002726118920394417,-0.0009532549557347038,-0.00020511669373722858,0.00015993085048325855
150,1,8,22,40,-3.232546722051072e-05,0.0002151059164148238,-0.0001789787167169475,0.0003260492447064615,-0.0002627700981733854,0.00041409271772689546,3.4669305120480995e-05,0.00019620663549236794,5.085637651295201e-06,0.00025132329701094765
150,1,8,23,40,-0.0012717285215859751,-0.0005458485839985217,0.0010494330165635233,-0.0016413730358577358,-0.0007805270645199155,0.00023249337847998795,0.0021971449503067684,-0.0009982967250910576,0.00012340440795268544,-8.147270715654431e-05
150,1,8,24,40,-0.000945760102455157,0.0002675939201107572,0.00026492271168122454,0.00039527020968097904,-0.001684949778118664,-0.0015544362705082386,0.000662021679850555,0.0003213976916190517,2.819058634945304e-05,0.00010382137379201035
150,1,8,25,40,-0.000709998706050736,0.000526061393686305,-0.0009180228500386374,0.0005208102659395285,0.0012933869222542817,-0.0002087309547980728,-0.0014015411270108546,0.0009226517137363206,7.50854926634762e-05,-0.00020844480473819002
150,1,8,26,40,-0.0008062262975939621,-0.0001829332520450701,0.0002392091898298884,-0.0003334838718731753,0.00022742533915700777,0.00017045338231002746,-0.0005776352864985607,0.0009043896786286896,4.856013101940381e-05,3.343875021730965e-05
150,1,8,27,40,1.7616471740393197e-05,-0.000104546128882305,-0.0002612310999061705,0.00014530166591363602,-6.99629478098536e-05,-7.657781353003999e-05,5.2331868341689546e-05,-1.8336243419874273e-05,-8.856345287316315e-06,-9.007950599485999e-06
150,1,8,28,40,-0.002160332937650953,-0.0001774900155648326,-0.000412929416954678,0.0003006331319321934,0.0005262745644770136,0.00012650496373018265,-0.0006113915260496255,0.0004665113507800896,0.0001275123642589596,-0.0002662677349317066
150,1,8,29,40,-0.0001975239391497303,7.459675107124376e-05,-0.00020809902099879545,0.00012418957076988844,9.188976197147578e-05,-1.0167777603719533e-06,-5.7625263665170485e-05,7.923307722832219e-05,1.5518121571898168e-05,1.9427196417196305e-05
150,1,8,30,40,0.00047490536486389476,6.855760759295799e-05,-0.00025746062496955304,0.0001041874420323043,-7.555995365622449e-05,7.807692381968696e-05,0.00016312443690429237,-0.00023643124445768714,-3.255193466177779e-05,-3.950825747560701e-06
150,1,8,31,40,-0.000274948857534615,-1.2023027082071127e-05,0.00015115100730865772,-0.0002597633315487386,7.015623002648284e-05,5.451972162183829e-05,0.0001487723055328983,-0.0002732371593469888,3.3605033707202856e-05,9.885751147493734e-06
150,1,8,32,40,-0.0007103713382246961,5.4189625872526805e-05,-0.0004872803899778422,0.0003374396341392825,0.0001091748419855274,0.0002531606652615173,-6.764271120856033e-05,1.7428561843643017e-05,3.796221161272066e-05,2.951247512331947e-05
150,1,8,33,40,0.00032684757493704633,0.0002853498845562755,0.0007301767854975891,0.0003008496656454943,-0.0004871679605967086,0.0005289058189361081,-0.0006051067670714899,0.0004499713606553766,-1.9376682086147026e-05,6.424850468233254e-05
150,1,8,34,40,0.00015622389195753966,2.3796763884709953e-05,-2.7215545091845385e-05,0.00031319693267764005,-0.0001378203500432905,-0.0002890756424004632,0.00019596969299985284,-0.00015343669812824018,-9.514465321465286e-06,9.022249856214116e-06
150,1,8,35,40,-0.0015807209261734063,-0.0002490513185026155,0.0009882116038197489,-0.00045068784411349315,0.00011920655891325591,0.0010865512656012123,-0.0012898890940180325,0.0007658433861707558,8.643913799197426e-05,-9.164098921385738e-05
150,1,8,36,40,0.0003176291848644318,-0.0001072863911905468,-0.00014438788716291024,0.00012435195161750268,-8.82775459758297e-05,0.0003694049247789167,0.00013003423848705477,7.676907636584767e-05,-2.7067205812615404e-05,2.972505021782824e-06
150,1,8,37,40,0.0006393198711664846,0.00011484156730952555,0.00022243077762015351,-6.290887986879748e-05,-0.0002524852225647791,-0.00010709957815089988,0.0005688242799466317,-0.00021808904745839957,-5.922687693407853e-05,7.793594319398216e-05
150,1,8,38,40,-0.00017867754753580985,0.00010624335661698745,-3.54821131847275e-05,3.085703616227737e-05,6.329497890188618e-05,1.8890727865338294e-05,-8.943091636909847e-05,-7.957947590234121e-05,2.175206405654901e-05,-1.3145618675485685e-06
150,1,8,39,40,-0.0003360919582232111,0.00014342918719282985,-5.94488243017251e-05,0.00013839602326607106,-0.00024238978512619393,-0.00011841801367472164,0.00039163595706497836,-5.5319021813979825e-05,2.0621288661421444e-05,-2.2736498227258272e-05
150,1,8,40,40,-0.0005415648186341527,0.0003827078682652441,-0.0008423622734028298,0.0008551529743347295,-4.002961336410315e-05,6.500788486330804e-05,-0.0003397508696791501,0.0005691573127496909,2.104945618876315e-05,0.00022957315531305198
150,1,8,41,40,0.00022599858283037707,-7.864589234992452e-05,8.608697204708355e-05,6.454669005271762e-05,-0.0003073002024809163,-0.00029630104999968225,0.00020770834967536334,-3.482867216287301e-05,-1.1079461859219811e-05,-6.01588556639808e-06
150,1,8,42,40,-8.766071022101352e-05,-0.0004231038251731749,-0.0004087174327066398,-0.000149663961304415,-0.00046414818304948464,-0.00015756583668362966,0.00025139797865566377,0.00029107452348020704,1.743652137755912e-05,-2.6588342324405215e-05
150,1,8,43,40,0.0021910690149627944,-0.00023584759703030027,-0.0011841696499024937,0.0016771295939135317,0.0009445953309099709,5.22177411430737e-05,-0.0015062416294281764,-7.432355943299445e-05,-0.0001570599505690426,-1.854484031198309e-06
150,1,8,44,40,4.416800946123995e-05,5.686965616593978e-05,-7.941972790007735e-05,0.0001502778969794139,-2.506493606967247e-05,1.569143511156191e-05,7.729501837807689e-05,0.00011338576714179804,-1.2125126645328139e-05,1.2857249742941069e-05
150,1,8,45,40,-1.228435352057775e-05,4.5437020627822806e-05,4.4070144573588185e-05,-6.230673053815201e-06,-7.044669302366335e-06,-0.00011531973815310736,-6.994786902340287e-06,3.5255109102001136e-05,4.858891559485681e-06,-5.828118715754382e-05
150,1,8,46,40,0.0001292408231117671,-8.059635872959644e-05,1.2781525806210541e-05,-0.0002724565775305222,0.00015922699899978957,0.00035926205556512575,-0.0001931250328107323,0.0003265507707010306,5.470574519899909e-06,5.42888654082582e-05
150,1,8,47,40,-0.0004288613231262077,-0.00020352846264845293,0.00040809536973250885,-0.00025637348678920606,-0.00036952355956079057,5.654820662553305e-05,0.00016529089655005206,0.00025023228064485065,5.492502868186348e-05,-9.059956568455306e-05
150,1,8,48,40,-0.0011982026462491458,5.291028473642387e-05,0.0004539345387934149,-0.000147947723911782,0.00011933992294955274,6.161443152389692e-05,0.00010409318704484585,-3.910989138250216e-05,7.860574150190573e-05,3.907869297481733e-05
150,1,8,49,40,-0.001602813849194758,-0.0007271963178267509,0.0019397774660189133,-0.002177313387799102,0.0016743783481239984,-0.0003117092018571334,-0.0010777975145595331,0.0025922233274577452,0.00011402448416262211,-0.0004797375125381874
150,1,8,50,40,2.6749672086988355e-06,-6.357244320194898e-05,2.5940101021121832e-05,-8.153864031105653e-05,6.183820777738654e-05,4.000161312979715e-05,-6.6413049987597555e-06,-5.4454525540777875e-06,-9.66324691000096e-08,-2.6793274240882762e-05
150,1,8,51,40,-0.0007870031620547066,-0.000254278190046846,0.0009852094889106502,-0.0015085711597057324,-0.0019788956045782456,0.00016289110994896727,0.00150008579549859,-0.00266583922989556,2.785091590224581e-05,-0.00023165567744604096
150,1,8,52,40,0.0021179701746315903,0.0001467587999219325,0.0013622103410377041,-0.000371235071797108,0.0013098308156685421,0.0014023211606992165,-0.002494502334264739,0.0013165370036934067,-0.00020756892649198552,0.00012592092934635856
150,1,8,53,40,0.0018886307036849947,0.0008002571452836216,-0.0019548587580583182,0.002081233956653695,-0.0017776347551608771,-0.001043715531149848,0.00013043307808158352,-0.0003106885407203325,-0.0001341109693462483,0.00044502006683025917
150,1,8,54,40,0.0003267627174006946,6.567723550024164e-05,0.0004159268315589472,-0.000575121794575986,-0.00018130838479218903,0.00017898386776698302,6.959687162573356e-05,-0.00035060833269008986,-3.357924715657126e-05,-4.464128091528471e-06
150,1,8,55,40,-0.00042724080952080673,-7.0353723187767845e-06,-1.1124421416337621e-05,8.515877268561697e-05,-0.000297329265408985,-0.00019738311031732207,0.00040219691255287046,-8.522430671177202e-05,4.0233002127947584e-05,-6.837525493558852e-06
150,1,8,56,40,-0.0018689216837983408,0.0006773566000357816,-0.001590984625707289,0.0023941100164228063,0.0004356404792027412,-0.002072745919729159,-0.0007386927283889686,-0.0012137495656324826,0.00016221431538038008,-2.121449892874663e-05
150,1,8,57,40,0.00014608039906398277,-5.173561930007042e-05,-5.330257582190949e-05,0.00021293149143377787,0.00015185702375226776,0.00011470528061056012,-0.0002660751394920294,-3.497991269775221e-05,-3.1191221223543045e-05,9.36323413486459e-05
150,1,8,58,40,0.0008462439364745473,-0.00014257981783120526,-0.0004048928971039003,4.1852366040781987e-05,-0.00023369008841172867,0.00019033447319293927,0.000278463993013637,-0.00016411707094625807,-5.997525903995848e-05,5.691776206406137e-05
150,1,8,59,40,-0.00014385314307323178,-6.544083477185957e-05,0.0002095140741804447,-0.00029619356953366013,0.00010403726938507788,3.497026014231159e-05,-0.00034215136856767894,9.972496981633711e-05,8.676056020111364e-06,4.513577564245366e-05
150,2,8,0,72,0.00015512118551625024,0.00021076800061199907,1.5793293877830687e-05,-0.00012632623459665366,-3.08627516569914e-06,8.497630376759689e-05,0.00013375342248724063,-0.0001051843723904329,-1.6931760885240716e-05,-7.043333400296483e-06
150,2,8,1,72,-1.1879158649768943e-05,8.499914230167952e-06,1.6521463147660685e-05,-3.698811540529037e-05,-1.6686455341110004e-05,-1.871599363077787e-05,4.063592104061629e-06,-2.7960933331304095e-05,7.893240738570496e-07,-7.372516445576665e-06
150,2,8,2,72,-0.0010198234223346486,4.320421465900304e-05,0.000180733904006108,-0.000564212462212199,0.00017634033132564518,2.586025419214124e-05,-4.3701888428455634e-05,0.00016812625666710158,7.492207916051232e-05,1.5909781831216988e-05
150,2,8,3,72,1.3856132660629878e-05,1.604420318780542e-05,9.704423268937179e-05,-0.00011139967580258885,-0.0001164682232468364,-6.523608840687065e-05,8.017947914398483e-05,-4.990693074059416e-05,-1.319246908185659e-06,3.885238464316209e-06
150,2,8,4,72,0.0002190394389887793,1.2412144389626783e-05,-4.495418962222096e-05,-5.781616101699648e-05,-2.121863859424989e-05,-0.00012179953267044881,-1.3899802566948182e-05,3.102651732065921e-05,-2.2424391230028738e-05,-5.396714528758803e-06
150,2,8,5,72,-0.000342231064511397,0.0002582211963700523,0.0002685494450766672,-8.132810727042613e-05,2.770346446648726e-05,-0.000622640808168651,-0.00013716192451036075,2.862855597785126e-05,-3.1596009728061605e-05,2.499694864442731e-05
150,2,8,6,72,-2.0668407985098443e-05,-2.088770619203198e-05,9.328929416979972e-05,-2.9517937889704023e-05,-5.099435233713411e-05,6.55659808139407e-05,4.334343182203812e-05,6.621393215283532e-05,-3.08922464577814e-06,3.661347110335146e-05
150,2,8,7,72,-0.0007673001047601408,-0.0005605192161049176,-0.0004277118537546799,-0.0004629052170902646,0.002803833080025007,0.001588611083481989,-0.001796346852217596,0.00016995546845434146,1.8823847179439643e-06,0.00015647016017023883
150,2,8,8,72,-0.0004135919026494433,0.00020224154531116366,-9.278477763936772e-06,-0.00016210414196159444,-0.0001324272937908274,0.00018556969438302906,8.824836690899417e-05,-4.743080929168789e-05,1.7922673465564253e-05,8.470869007739897e-05
150,2,8,9,72,9.104405619969578e-05,5.686967022825331e-05,0.0003633991341645037,-0.00029202761859035205,-0.00039297084921889776,-9.672329985686208e-05,0.0002142093847938007,-1.2785793288047956e-05,-1.4831591234493027e-05,1.665993120095939e-05
150,2,8,10,72,-0.00020850058333093637,-8.485337418413066e-06,-1.0628794880574021e-05,9.288579805778345e-05,0.00011407889758841656,0.00011534709641981539,-0.00014447316345560866,-0.00011104153301105867,1.627701292893056e-05,2.7650616636842148e-05
150,2,8,11,72,-0.00024329613295940395,6.53691201929211e-05,-0.00017034406647620684,0.00011391471564324666,-9.84014512252584e-05,0.00014188410277479356,-5.380192606867728e-05,0.00017400937273259797,1.364094720450449e-05,3.632358170589799e-05
150,2,8,12,72,-0.00013102094512449711,-2.307936912744422e-05,-0.00052858456320842,0.0005528006645704412,0.0001949700899947694,0.00022046966047856024,4.481840409057745e-05,0.0003807586777582614,2.518670956644144e-05,2.1246397061629313e-05
150,2,8,13,72,0.00047418522730868366,-0.0001105115919130099,0.0014828494507672257,-0.0006845156484238525,0.0004263068768976329,0.00040971919079499136,-0.0009526975711847739,0.0009334018618706293,-4.356592121748811e-05,0.00026194766908033444
150,2,8,14,72,0.0003550668758479836,0.00015406663778198034,-0.0002660770649417811,0.00014708861296314424,-0.00013374250444512283,-0.00013801110555783881,0.00013076342600049946,0.0004609371246523477,-3.6785740379902814e-05,6.693115275813673e-06
150,2,8,15,72,-2.3836269208582855e-05,0.00013647538715769197,-3.907723407519512e-05,4.7516629368727385e-05,-1.5279679071122312e-06,-9.987804516999377e-05,-2.672355865744292e-06,-9.224499222638799e-05,1.0056518142023336e-06,7.873964174273018e-05
150,2,8,16,72,0.00022308046373161323,-0.00010142986043848842,-1.204582374799467e-05,-2.2448756846651295e-05,8.80707248795757e-05,0.0002751228007475605,-0.0001348823541429257,-0.00024513462239246015,-2.2114719019904534e-05,-4.656354512480797e-05
150,2,8,17,72,0.000375574336005758,-5.357501313041223e-05,0.00025923086434766055,-0.00024319130100801753,0.00010109977162686969,0.00030945641143238973,-0.0001045252418350861,7.118626411859e-05,-2.790254449463414e-05,3.019780177484516e-05
150,2,8,18,72,0.0001324477474064789,-0.0001681535562904661,-4.892934399725773e-05,9.970918780270355e-05,8.847768965750905e-05,-7.39636336395795e-06,3.870472043341937e-05,-4.905011438377353e-07,-1.2556979493183418e-06,-8.265874516603237e-06
150,2,8,19,72,-0.002498849303997836,-0.0020451472942087387,-0.0011478666923533808,-0.0015002218022569938,-0.001092444213578037,-0.002907448790036906,0.004116420757890581,-0.0016068144596874934,0.00013965856338295015,5.832911054216821e-05
150,2,8,20,72,-5.039220937896074e-07,-0.0002456099845305673,0.0002923547730743782,-0.00015151853253125223,0.00013742170237262305,-8.26709892391792e-05,-0.00011678807335257939,0.00036267711725903397,5.2996622364948825e-06,-5.840668936582776e-05
150,2,8,21,72,-0.0007281554304408173,-0.00016916938817571937,0.00011398516317932082,-0.00034328029567823136,-0.00025721772176789086,-0.00021175759683354295,0.000219647258718228,9.421791536821658e-05,4.0247609031201064e-05,-9.605406978796192e-05
150,2,8,22,72,0.0022317128605673906,0.00010028372802122076,0.00036875535819325757,-2.480778988694415e-05,-0.00030257830813916394,-0.0001561818167789094,-0.00013065174488304275,-2.2715196157785505e-05,-0.00016699950395179453,7.83153499603732e-05
150,2,8,23,72,0.0004307987423585865,-2.8661370390554438e-05,4.6212993439509825e-05,-0.00039669613743049324,9.279169319993368e-06,-2.895800409853411e-05,0.0004382135947613839,-4.549209145164741e-05,-2.720030733883804e-05,1.374985597076623e-05
150,2,8,24,72,-0.0006939802868234497,0.0008754860801879083,-0.001803240749510144,0.0016744302761624891,-0.0002605380283764861,0.0008590392538472122,-3.866362539101822e-05,-0.0012027113865247074,4.1280745243131255e-05,0.000779290391457649
150,2,8,25,72,0.0005379995035881126,2.0086298223366714e-05,0.00035188872424588805,-0.0003276663135735674,-0.00026379883760066416,0.0002940789093151252,-0.00012320020295955556,6.675356441966087e-05,-3.928157345917356e-05,-5.07932348422413e-05
150,2,8,26,72,0.0006011878518813011,4.315664861430589e-05,0.00022863407273324127,-9.567775621070946e-05,-0.0005717217768146408,-7.768194576825957e-05,0.0003531959485202315,-0.00040501600435220627,-1.71225584092197e-05,5.496485835861377e-05
150,2,8,27,72,0.0008547070663250909,0.00011605909850509343,0.0005760213902068366,-0.001577169981367038,-0.0007615607540749264,-0.000887374012927249,0.00031312810094326387,-0.0008194043569149816,-8.521913171558327e-06,0.00026798657678477717
150,2,8,28,72,0.0001307216145866962,5.182972986739859e-06,-0.00011173476451469642,-0.00010567060797058839,0.00018322613331211068,0.0003144735298521732,4.818332306975324e-05,5.369889404678608e-05,3.3412369756564313e-06,2.4888061815917e-05
150,2,8,29,72,-3.5674206007748625e-05,-5.181493174327337e-05,0.00015187568422266628,-0.00021728788372417588,0.00019103147764767487,-0.00010001669419322784,-1.4353652639532996e-05,1.9537240347419047e-05,5.02106066417333e-06,-8.917656112464489e-06
150,2,8,30,72,-0.0037835377703758317,0.0004606071147713687,-0.0013449597177278788,-0.0018470922365396796,-0.0035273638172502765,-0.0012647408522055623,0.003289710978193345,-0.0005838448742941591,2.6373447683413493e-05,-0.0002172132115322297
150,2,8,31,72,0.00042895191673235876,-9.292511496950471e-05,-0.00031666699302512947,7.603832917922078e-05,-3.7308648674379696e-05,-0.0001451064885935013,0.00017545433872742362,-0.0004700797257440417,-2.3960655851460117e-05,3.629797117948864e-05
150,2,8,32,72,-0.00014665230848964344,0.0002023146918947187,0.00024259774300268381,-0.0002035456594758942,8.048904216946044e-05,0.00013047388037983333,8.37364500716696e-05,-6.733790915414606e-05,1.4657266651984753e-05,6.709546967728252e-05
150,2,8,33,72,0.0002225130521725816,-8.391939676337444e-05,-0.00023857434249268674,0.00021671883459047634,0.0002809805304704349,0.00013767188024764565,-0.00011332547613865027,-0.00011399580387449226,-1.2293505346482063e-05,-2.981520157756949e-06
150,2,8,34,72,0.00024648810644409134,9.642603940720188e-05,0.000510097955312043,-0.0005445907157702525,4.2432284661877955e-05,0.00012377476484092345,-7.144788222658745e-05,4.391479391836029e-05,-1.4928506170601618e-05,3.755140840612617e-05
150,2,8,35,72,-7.070745582427076e-05,-3.926796622123357e-05,-0.00017335057152645576,8.545199989169985e-05,0.00011989945090585494,0.00017450805000633054,-2.8113381023291355e-05,0.000534518971396967,4.692980121067721e-06,-9.247713463967626e-05
150,2,8,36,72,-6.294062603242469e-05,9.071602424209653e-06,-3.1335335725633875e-05,-2.316803808614256e-05,7.964996642385064e-05,8.137559210047793e-05,-0.00014869068694400265,7.857632108740536e-05,3.440418962873372e-06,-1.2789860819379563e-05
150,2,8,37,72,-0.0010270430202338012,0.0005215436220317971,0.0005049936970549185,-5.886970464998578e-05,-0.0017128601200181825,-0.0004038932907974547,0.0005601366401292092,-0.0007883742974971278,3.471979073893574e-05,3.709652161849987e-05
150,2,8,38,72,-0.0009231366175674206,-0.00012844489202586593,-0.00020832086588242212,0.00014409233268497998,-8.217946895035511e-05,-0.00021752851189274687,0.0002832018462419816,-7.606727862897886e-05,7.534043672658738e-05,-5.553229584530085e-05
150,2,8,39,72,0.0003649706511154457,-0.00013884439283538602,9.606235156727031e-05,-0.000264061391313188,-3.580089318258284e-05,-1.134141060178855e-05,-0.00013245140665009336,4.1345663127228616e-05,-3.476093121138457e-05,7.130166740389768e-05
150,2,8,40,72,0.00014352999762304436,0.00017619964633311622,0.00020285515611994374,-0.00016540987737861105,1.924269105561318e-05,7.121059417019569e-05,-0.00013308901680723014,-7.682912148529008e-05,-1.8459559817055214e-05,5.4632222408805384e-05
150,2,8,41,72,0.0004970118007247466,-0.00014833149823106375,-4.9802720329028733e-08,-4.164927190498673e-05,-4.439401890837751e-05,-0.0003417797927700679,0.00021782469115724765,-8.857790193459993e-05,-3.704305266203667e-05,1.36997276469562e-05
150,2,8,42,72,-0.0002738052735883095,-3.7106128964341546e-05,0.00013604943333578017,6.772007162045831e-05,-0.0003643198634933247,-8.049950952277298e-05,0.00043523902198683995,-0.00026123006934382543,1.8654928405131562e-05,-1.7170416934220567e-05
150,2,8,43,72,-0.00029750065248351483,-2.41652315072566e-06,-6.425274631622317e-05,-0.0002810435821478186,0.00025265320868240993,-0.0003273292954886299,-0.0002510548112185524,0.00016243894960000973,1.8077993894267942e-05,-8.544778069595523e-05
150,2,8,44,72,-0.00012352297227350329,0.00018828261382828173,-0.0001852656105984786,0.00023144715195328423,0.0003590102172182828,0.00018234876290620363,-4.408274236289872e-05,0.00018178410383219292,3.380582873202675e-05,0.00016746037916607736
150,2,8,45,72,-0.0008106666804434421,0.00010778160440444243,-0.00011402456698435324,0.00017413581009253668,0.00033786966470904104,5.160050004099015e-05,-6.87350708771301e-05,0.00041326082449956545,5.18113959968941e-05,-3.854974612670464e-05
150,2,8,46,72,0.00018125078191510465,-9.302904013821967e-05,-0.000114825113976929,0.00026466117422736406,0.0002202196539588276,-0.000135393414215805,-0.00025660884361476324,0.00038306461929686446,-6.1639087517854245e-06,-1.3050945838713075e-05
150,2,8,47,72,-0.00024738045060359806,-6.662450616979491e-05,-4.738701663126158e-05,-1.0581018349107728e-05,-8.535493692158008e-06,0.0001551379526838742,-3.2240406349883907e-05,0.0001345270305232731,1.90831166990255e-05,-1.8586603409934023e-05
150,2,8,48,72,-0.0002214038360192609,-1.4398444745630648e-05,9.636046892634873e-05,-0.00016449495156093983,-3.9410791233015593e-05,-1.6388115023040754e-05,6.602382468736423e-05,7.612430709194331e-05,8.982893785685298e-06,-2.2171909472885492e-05
150,2,8,49,72,-0.0006974994905373246,0.00015338112690598462,0.0001982323087193859,-0.0003556195898393073,-0.0005817730743463963,-0.0002105771803905016,0.0004099148916371143,-3.709215131914695e-05,5.370956097525856e-05,-1.16141598371265e-05
150,2,8,50,72,-0.0003910970169934159,0.0002055884791790392,-0.0001049853482528247,-5.174680198915566e-05,-3.008729379400041e-05,-0.00020307987813729484,0.00023629804214137206,3.404925740856407e-05,4.8886949850014187e-05,-8.860227445609377e-05
150,2,8,51,72,-0.0001534840141514979,-4.852531204375314e-05,0.0005343742737043205,-0.0004415336397158458,-0.00035273560659484273,0.0002600109664871064,0.0004467358081900461,-0.0003761149819575687,-1.0129682257646851e-05,-2.0430935577695684e-05
150,2,8,52,72,-0.00023499507348324886,7.031768166780706e-05,0.0001617507458057584,-0.0003006607435283785,0.0001961155969278058,0.00016365033255250525,-0.00027966421179636836,-4.545173061325512e-05,2.4148113904602035e-05,4.638786494326167e-05
150,2,8,53,72,-0.00024246349089926568,6.315298918887458e-05,3.1983999321454155e-05,0.00034638411663225673,2.0968570967686986e-05,-0.0002744160102859657,-3.7776957552964694e-06,-4.3628919352881045e-05,5.748712551163686e-06,-0.00010155480370496607
150,2,8,54,72,1.64573317110998e-06,-0.00012301526265083928,0.0001873533907293722,4.157531093483693e-05,-0.00022394131240390593,0.00047779536826256784,3.428109705636543e-05,5.098752365500161e-05,-3.647962092017569e-06,6.615166956616024e-05
150,2,8,55,72,-0.00023480390206932663,-2.448487881665041e-05,-0.0008172814557719998,0.0007330435172952672,0.0017537226261672646,0.0010030623004544863,-0.002039740661967782,0.0010109140132478576,-3.921979311513433e-05,0.00016125724569754178
150,2,8,56,72,-0.00022232983006467122,-2.531179977498905e-05,0.00017621532792489272,9.611587032182776e-05,-0.00013755173107743868,0.00012934451392968433,0.000423907711945189,-0.0003107861540264162,3.25070361397958e-05,-5.038987472225697e-05
150,2,8,57,72,0.0009915957789924151,-0.000177010478236321,-0.0005212644456828383,-0.0002664921479215716,0.00013438203708576092,0.0008826500179730016,-0.0008429823581337449,0.0008501396973889415,-4.7355812017990097e-05,-0.00010310263221023471
150,2,8,58,72,-0.00041110088843896104,-0.00023428097513920307,-6.096140704281742e-05,6.455477499879946e-05,-0.0002934114129237431,-0.0005092313524806403,-0.0001802940739011025,3.4606588684995804e-05,1.6763482610704833e-05,-6.15543048050061e-05
150,2,8,59,72,-4.782001269950868e-05,-1.2981918898557805e-05,-7.518128606202868e-05,6.462793250765988e-05,6.106509668692427e-05,-1.6856012993834726e-05,-5.761342940813808e-05,4.282226925442036e-05,6.051577578626504e-06,-2.6728039274798036e-05
290,0,1,0,17,-0.006002874484993832,-0.008054473450919614,0.05020952099763674,-0.05361906289163956,-0.03951707649622977,0.13226744709184104,-0.03210928161418815,-0.04052979724419319,0.002288646420527563,0.00538359746054334
290,0,1,1,17,-0.05663317255010698,-0.042045629781062695,0.04679678584720563,0.056243294292938624,-0.11151148107236392,0.1954710684879125,0.09723839599446232,0.037456307401651144,-0.007922003820576016,-0.006496386013461745
290,0,1,2,17,-0.06992072894117533,-0.10009656797422853,0.17251928483876314,-0.01882101338431485,-0.01874838180581846,-0.090454297416201,0.12417996799841599,0.16616701039746584,-0.004947141476576501,-0.0182515459291807
290,0,1,3,17,0.012352564156860575,0.01908207047156577,0.02434665829606645,-0.01630821605436005,0.07175938010356037,0.007093749461171731,-0.08492015590839383,0.06517100759491103,0.0006901413728444085,0.010854262920091876
290,0,1,4,17,-0.010158304304073261,0.006193729891863668,-0.035215417030910356,0.016427280206420095,0.0059632776166184545,-0.01143984090835614,-0.03029433031651558,0.0011319083483623668,-0.0007499892219108823,-0.0015042164601857739
290,0,1,5,17,0.11809770718688578,-0.029696696178003107,-0.05176579208688604,0.00706754436076223,0.02775812277273592,0.0430250366301814,-0.0014989990225979229,-0.034945226216526466,0.011858201731026098,-0.002802347197032043
290,0,1,6,17,0.13254779013920873,-0.11174543171856473,0.0045001558891426905,0.04352990704434482,-0.11892014669670764,-0.019935769868354027,0.1296599275556474,-0.11923594104476863,0.015330368315909119,0.0004713371734438111
290,0,1,7,17,-0.17231333363177725,-0.06559251639633487,0.04588175843963174,0.02125609425459238,0.12016587288829132,0.17805706911765934,-0.21319012538267162,0.036483246352663055,-0.012665378241381451,-0.021800733709829653
290,0,1,8,17,-0.25858511925305094,0.07892848255354368,-0.029859738647599696,-0.03252663775433479,-0.003836947970095802,0.00022037118775342137,0.08576614093781931,-0.18170303492737833,-0.03248946020397987,0.0105726517882843
290,0,1,9,17,0.05513623689812119,0.007282723495727296,0.03838993923039776,-0.013802393091335921,-0.0062187428508496505,-0.002809374255901527,-0.005165752897094054,-0.04222348880541027,0.00770358417332697,-0.003509093489978151
290,0,1,10,17,0.17305353074570123,-0.009645795293351606,0.07977434598216984,-0.04153055258705549,-0.012595660407403326,0.006215615489895132,-0.042001296144691495,0.007952332613370429,0.023330101077721713,-0.00908503251047952
290,0,1,11,17,0.2779180823284349,0.06028000843067795,-0.5363107512876416,0.3944488414773673,0.03154775155005534,-0.2605967689660579,-0.24010496719626417,0.25005127442208097,0.04409875157023394,-0.02250906358325581
290,0,1,12,17,0.09981167331096809,-0.05932623457587428,-0.16101463285233594,0.104123440370422,-0.0633422783628667,-0.08449605047456178,0.08167002801879895,-0.09551529267008352,0.01442764032608559,-0.042646600652133784
290,0,1,13,17,0.08588635134310894,0.0015538076180409202,0.1409998527729125,-0.13147735181730685,-0.1250677295908995,-0.048033370201764694,0.02491848598418151,-0.2538051352534818,0.0040574154196446255,0.008857332711988191
290,0,1,14,17,0.19889403782719428,0.05106775265771604,0.06542964288632305,0.08881368532664792,-0.07714807488811351,-0.19735076635359317,-0.05856088613530325,0.2528987547310666,0.027201917243039612,-0.015700265507133368
290,0,1,15,17,0.10046529078800051,-0.14040578772048254,0.07160274799195321,-0.030366834771465456,0.0857923719642178,-0.12885300372695835,-0.10435181818255958,-0.019250833514121952,0.01624289239680278,-0.07915784817044129
290,0,1,16,17,0.25488924344533437,0.11938122852987904,0.08617089234124337,-0.019569551362363193,-0.10570629802302582,-0.016509812664066485,-0.02940639782986073,0.03256397124696937,0.026073920408653313,0.0026604993446974648
290,0,1,17,17,0.17021646430045512,0.035809369892411715,-0.049917271896807336,-0.13050728040576023,-0.06335580355315604,-0.02954370288826909,0.23193998771665822,0.10707107032077894,0.023931606697337408,0.035136489826642546
290,0,1,18,17,0.03089707451953923,-0.048531165690232934,-0.09538297656231244,0.4229280295168764,-0.14159841603652837,-0.43820459914726007,-0.3799256455949385,-0.11528812365223634,0.000791717990526419,-0.004064998771418555
290,0,1,19,17,-0.07998783212797399,0.02042478607033564,-0.007194775008688098,0.00548462831227485,0.023436901843168916,-0.03715831816622817,-0.0009876237342474202,0.0044387778023446695,-0.012178996226012056,-4.4190162588854756e-05
290,0,1,20,17,0.0930421622287019,0.04169086171893919,0.08825623160291628,-0.015188069931994772,0.140709647613375,0.006358208358308295,-0.2789561839825906,0.14170001766055254,0.011134284020954175,-0.005947756878125102
290,0,1,21,17,0.39945429120276443,0.051172721281659825,-0.10922836945427755,-0.13226510302887057,0.33209048427381777,-0.03113239421257202,-0.33966353632403684,0.2800370112360641,0.058460897438184535,0.07095018737371489
290,0,1,22,17,-0.21563130050653373,-0.0402868685506089,0.0131653476562968,0.09137735676513939,0.011479752004140795,-0.05116909992448644,-0.06604353277956744,0.024886661005031587,-0.025431056562612873,-0.019678288518189948
290,0,1,23,17,-0.20212878034969534,0.024890425963691707,-0.07023654741672654,0.09009153099038739,-0.05086348988081079,-0.015821226387326796,-0.08468571681980114,-0.046398985583448356,-0.026461642871573758,0.02212959856886878
290,0,1,24,17,-0.5456616647790928,0.2837374527650168,-0.4532328435915334,0.5610386709456326,-0.042194706931364304,-0.18398848510245228,-0.22952940257794263,0.10215178666443266,-0.07100805228141197,0.05332541104845621
290,0,1,25,17,-0.012957068290629625,0.016357057422975205,-0.3123941605368223,0.1920293508031102,-0.0924023523008955,-0.0946904537223845,0.03220485328192963,0.17440580093214586,2.7215951328433347e-05,0.014289014037723048
290,0,1,26,17,0.3954985243563949,0.020848090772631566,0.0872223556760879,0.06799984879917545,0.18785485197186583,0.053957371166743526,-0.1921220457191157,0.07061348726749674,0.043641239923065796,0.013608728907681172
290,0,1,27,17,0.15206086692920123,0.09219000429477385,-0.3618742812851239,0.09773812773198241,0.1953598868078977,0.2906351204596843,-0.18280893715838512,0.17563927812690247,0.020009283959347073,0.11338415741358096
290,0,1,28,17,0.02237067044098747,-0.015604414920367625,0.17590450139026576,-0.13278987629748296,0.09187303590471783,0.24562194147948313,0.04234392800311532,-0.1727111193084616,0.004012715318729058,0.03220013323918692
290,0,1,29,17,0.08447520729009943,0.051928599125890054,0.04541894177686003,-0.06384139558414782,0.053835511484427286,-0.1424028257610824,-0.0647275850768469,0.03367671942261438,0.01303271265921203,0.029959716357104503
290,0,1,30,17,-0.2657072989641175,-0.04466362958863272,0.024613746933732413,-0.0818477489666628,0.11205208049072388,0.08710752973823382,-0.034022653190838845,0.1473859461580194,-0.035935208972182366,0.01078359669270044
290,0,1,31,17,-0.1534704616092037,0.010951275963844848,-0.16980330513435055,0.05281287413921674,-0.4319701652112464,-0.32252430345821287,0.42163966118117596,-0.4043283627131437,-0.01740020862518747,0.0733413354852524
290,0,1,32,17,-0.23762024360415146,-0.11908028787953018,0.08973743225280562,-0.05626782647782549,0.07566177877922288,0.06719217217752624,-0.14937670448721016,-0.15826110147661931,-0.0345063609590957,-0.0005854706174387493
290,0,1,33,17,0.07770973173750557,-0.030208251466451334,0.0056402375815621485,-0.07408089421491067,-0.07520659544387633,-0.04779913827127257,-0.012125176897959293,-0.09293983020336527,0.009193658920634862,0.005557926426506711
290,0,1,34,17,0.4223916081169142,-0.03914205814267914,0.22678526165457796,-0.2678650308954251,-0.01632415865250469,-0.009097537863967336,0.11216916600261909,-0.0312643898615261,0.056583839978668324,-0.035575700615117785
290,0,1,35,17,0.030174268952863164,-0.008694356814030735,0.007519851116904945,-0.016109153093916834,0.012341749888009219,-0.0027188402623340158,-0.011228705032132665,0.029131284715291163,0.003425809507315966,-0.002904230206915496
290,0,1,36,17,0.1995213764599208,0.04141947832914466,-0.024250619174375106,0.10076065906271003,-0.040458849368096704,0.21770684314801667,-0.004890878801319463,-0.036356022358819115,0.02728597543096285,0.004977496718198153
290,0,1,37,17,-0.019155477909017147,0.00667757366512209,0.008436358513112594,-0.011099239947173786,0.03824221864164747,0.0028421249722944027,-0.033899976417658816,0.028851135050157885,-0.0027465403195384187,-0.006631717176159894
290,0,1,38,17,0.006720906434124302,0.03064202457630134,-0.06405482905214609,0.023221320243018657,0.10509705829593387,0.0721094171460094,-0.04020973596357185,0.02895727698848569,0.0008532993027878229,-0.006356167090306903
290,0,1,39,17,-0.15048677090183138,-0.029998990615811048,-0.0826360378150308,0.025496435909965906,-0.035402443902284,-0.050796646428666076,-0.02344522885825466,0.025644704231333994,-0.022452742499619253,-0.004857746541550716
290,0,1,40,17,-0.048537226972617906,-0.14013227357865207,-0.11212808314850427,-0.022945966015081296,-0.04181841931012547,0.023280242675322988,0.06254261295093108,-0.22191755523662593,-0.005266319436971253,-0.05917113349420935
290,0,1,41,17,-0.31912945498942474,-0.015034470530372128,0.029500517325580337,-0.11921331515632416,0.04677943055017816,0.06043200815666534,-0.018590676081469488,0.020106241572196634,-0.04310258300915317,-0.016838592856787484
290,0,1,42,17,-0.0712513983501242,0.09859327361713605,-0.09095749945735093,0.10785123511897281,0.024279356763908667,-0.07306007104310806,-0.11025540367519175,0.04034589021582506,-0.009064567169123688,0.031094424445146974
290,0,1,43,17,0.1280135595058346,-0.059845488154911045,0.28019063704537894,-0.15765436311687434,0.01918149328670378,0.06792131916201914,-0.01677553059644087,-0.06275022428146813,0.010983770269391869,-0.07479201892117912
290,0,1,44,17,0.3767947367837235,0.130567340293335,0.2881335987263587,-0.17843711100161186,0.08056857493989819,-0.021682359655033692,0.1153869870644456,-0.019737181531003924,0.04504355602343314,0.07245653180975269
290,0,1,45,17,0.25419254990919243,-0.02222075532523692,-0.16472445860995588,0.09148361124986246,0.30111044039739165,0.07545249383146797,-0.30653064511913014,0.2828224947569252,0.029102624881897663,0.07416470737438285
290,0,1,46,17,0.2529788644030162,0.08434217380484332,-0.1111468840454823,0.04240067222937632,-0.1147761028044881,0.15897308750293826,0.1936607493385658,-0.00845285442110504,0.029717819222107866,0.03340832488754513
290,0,1,47,17,0.017682978109196452,-0.04016467577993489,0.060537772009634255,0.030329123862832826,0.08243697686306314,-0.030146845366418807,-0.024092017143964493,0.06196885480324196,0.0021517209150120585,-0.011556368106521895
290,0,1,48,17,-0.36540011968992164,0.043220665186938054,-0.26324018532535143,0.08167983987917081,-0.641935794891928,-0.20841967673605838,0.34339874603131026,-0.3408917713641271,-0.052628253295821915,0.011401114593968106
290,0,1,49,17,0.0024970091438425712,-0.018484060905575462,0.021584065662461068,-0.0013585627041040032,-0.022288747293750494,0.017987544311424675,0.03936124741979856,-0.003159406984355035,-0.0003299226339509563,0.001222723879023145
290,0,1,50,17,0.6958023316197073,0.018465515347522516,-0.25111376290473497,-0.18726645547515894,-0.11807548907249767,-0.2565279390071058,-0.12667348089893318,0.07003323513314885,0.08527817162492533,-0.03989205048887648
290,0,1,51,17,0.05343402959686519,-0.027547343067857697,0.05217499075840042,-0.015984389863757466,0.007540192566131776,-0.048389902123885095,-0.022284784500068006,-0.021993763831951674,0.007112852039776524,-0.015335666041401153
290,0,1,52,17,0.5879436625087151,0.012930693273244536,-0.17532568553778663,-0.23705818766602624,0.2381477786265277,0.3156776961419522,0.12365515111512686,-0.3763455270862871,0.07954094420574895,0.02849480093210265
290,0,1,53,17,-0.05121402673920546,0.053253326385289734,-0.034286605924067605,-0.05639761452225942,-0.019487337599550413,0.05072870642050032,-0.020146402217022002,-0.06291342267816695,-0.011371486893257657,0.008846142187743874
290,0,1,54,17,-0.5248122019104596,0.07899846764989604,0.17339241156792773,-0.11228039303625967,-0.287926007627181,-0.6127944817082484,0.10974327290838498,-0.16724111062995395,-0.06307798795173993,-0.0455985724182255
290,0,1,55,17,0.0241559468032246,0.1753104867970213,-0.1264480616436906,0.19654710634012582,-0.17723593491440146,-0.1573229273752369,0.024537804930341987,-0.11827693848070138,0.00670540967874501,0.011378684680514057
290,0,1,56,17,0.13029005992937137,0.004983099042414121,-0.039259502730591096,-0.02285569523216746,0.02954674143867829,-0.0013977797400885118,-0.006262776531962361,0.022374699135919572,0.01661509225640182,-0.0045202483331762125
290,0,1,57,17,-0.5026149844610976,0.10655450398293063,0.08286608032109657,0.013033523411755442,0.24224036474960128,0.07213253514863219,0.04502664008860638,0.25840153295897084,-0.0749916705277515,-0.02088559631975023
290,0,1,58,17,-0.1490838091004445,0.06878213262095928,0.047537956096191,-0.04550802055457624,-0.005106625217841325,-0.01096418028518194,0.08229959826023549,-0.07960704373329615,-0.019282435765899705,0.0008320400324733231
290,0,1,59,17,0.09319890934630502,0.025749237652812007,0.06524777691569357,-0.0886889251441771,-0.16094972419390652,-0.16635928290425073,-0.015001769295234538,-0.08775455209816674,0.013018793204440585,-0.034651008578654746
290,1,1,0,33,-0.001649772236686613,0.002231543225839887,0.0006362105157316954,-0.000798149824557171,0.00027602262730606165,-0.0011884103905154784,0.000796755743911533,0.0016778779046579854,-0.0002667966272595873,-4.031887062724717e-05
290,1,1,1,33,0.02004466346658519,0.0032533749192341856,0.019644913949103806,-0.033440390640506724,0.02434010272220633,0.019779178188098594,-0.008529779081448929,0.043984271511373026,0.0036637693348044406,0.001842213757220376
290,1,1,2,33,0.0311439832921753,0.00501740273470107,0.0036522202746669115,-0.013144538476100262,-0.015315974994530279,-0.012037219509845468,0.019110843290216308,-0.016978956429806694,0.004421284249801056,0.004256487319055997
290,1,1,3,33,-0.003061857353869327,0.00029709628221682424,0.003164883005530213,4.250650270356615e-05,0.001367513541452692,0.008115863415289314,0.010368803599163963,-0.006873918327377151,-0.0004877528679309692,-0.0008925151918542158
290,1,1,4,33,0.04260266782704695,-0.005785091019228127,-0.00015547969019983322,0.009691741364050096,0.0034885394097247525,9.109197059216362e-06,0.0003625855139615762,0.004828572569833896,0.006074596107727302,0.002817132740543609
290,1,1,5,33,-0.005036764715932011,0.0021738815210537664,-0.001000252556970154,0.0029323434115559386,-0.001991358400807619,0.013273738976541914,0.0038634267835610477,-0.0076111831100406325,-0.00024745890396814756,0.00046621555433906214
290,1,1,6,33,-0.0028380504561604015,-0.0001469256018857158,-0.0016033507874012802,0.00014093058378516094,0.000714452032414531,-0.0025021357117874237,0.00010514151924625801,0.0014410015495739147,-0.0003661942085090086,-0.0006464747407526754
290,1,1,7,33,-0.03179183292807091,0.0169530522477592,-0.0015330953704541783,-0.004109408171997902,-0.01055728535466553,-0.00146243227570885,0.01925454758019537,-0.0226866228115062,-0.004225221786832929,0.006854052366479199
290,1,1,8,33,-0.009782785374744205,-0.0013028086520784166,0.0001434067093226892,-0.0008556517838022404,0.004184178095611487,0.0018726140132407632,-0.006419619997949868,0.001349187052024152,-0.0013651698551212365,-0.00011000774498503692
290,1,1,9,33,-0.008318852134930374,0.0010350698937096631,0.0016845237819202003,-0.0005530639720600801,-0.0012377758530280913,-0.0010376837395635826,0.0009961994821358839,0.0033113876933915,-0.0009961482686088507,0.00030302841411530834
290,1,1,10,33,-0.029078169271421588,-0.0010561726744684747,5.990950050526951e-05,0.00210441470047531,-0.010113831581001494,-0.014043345393149533,0.0009497022751514442,-0.0013751096738491184,-0.0037657220805554447,-0.0011253332888483667
290,1,1,11,33,0.008266060067932507,-0.0011592786767705072,0.0019548167624865672,0.003589512287937175,0.0011717300097805947,-0.0010603755424986934,0.006666918037306243,0.0018950870107711886,0.0012641323162474322,0.0007525540723240635
290,1,1,12,33,-0.01700062297681341,-0.007395925287793094,0.0037616993430563076,-0.0005455563560887372,0.008310116158995967,0.0007706577717454802,-0.01058049397625443,0.009604127903405524,-0.001917101671351367,-0.0015886615587507444
290,1,1,13,33,0.005189808910699387,0.0009808416440731146,0.003559209750321522,0.0006263454750879357,0.003148970899611242,-0.0008749663869583252,0.002863698948754123,-0.00038163293545327427,0.0007207120463350522,0.0008973051886181713
290,1,1,14,33,-0.0034967327302097106,-0.00014167357639965228,-0.0002700036528772254,-0.0005401777824743702,0.00035980830781462035,0.0012372915740325894,0.0006920935859703332,0.001408187826500309,-0.0004346851822981721,0.00048769630468818476
290,1,1,15,33,0.0686242440477126,0.00011075583478543694,-0.02450247113298338,-0.0034102209922485523,0.0012383383729059898,0.013576467460328834,0.026295699046326098,-0.018677167485251518,0.00923499730700591,-0.0073650009771883945
290,1,1,16,33,-0.0025510329148723614,-0.0016506859834549317,-0.002848824061554321,-0.0021890891356234816,-0.0013219871976667867,0.00039443287299617156,0.0018110824575252363,-0.004479106164848812,-0.0003339394285562654,-0.001095073854350036
290,1,1,17,33,-0.004167181301238798,-0.0015320155724454238,0.0032283600200786653,-0.004107587648378187,0.0007142120858563581,-0.006587795839121125,-0.0028571002391869853,-0.0025005008017234755,-0.0005766766688707595,-0.0008852772933780318
290,1,1,18,33,-0.011197014971708203,0.0018966548669208355,-0.0066500608210856415,0.004299264708174607,0.0031766210681146412,0.0028849612740502006,-0.002060319013214635,0.005555887632245798,-0.0014683509762960208,0.00043639984173062646
290,1,1,19,33,8.861460155927581e-05,3.867480411022063e-06,4.376539359436044e-05,-1.8208851420882286e-05,2.708402018552341e-05,3.916082521920719e-05,-3.426609487887757e-05,4.431522448345761e-05,1.0887953604539957e-05,1.2005305715675549e-06
290,1,1,20,33,-0.005867231346567539,0.00536482368443817,-0.021673157913263418,0.0027772421770635948,0.006777668758998569,0.008883793852807504,-0.0016231861532545384,0.008406239466458944,-0.0010161146586745813,0.000680490136303271
290,1,1,21,33,-0.05984067653142094,-0.012265962192848793,-0.021169850772914917,0.025550727820498255,0.02410176679772696,0.055233553584044616,-0.01597501369403782,-0.03616922637995761,-0.006050699199687728,-0.004792150143702944
290,1,1,22,33,-0.06870107180664811,-0.012579219695644368,-0.05869028679240254,0.05425773798744471,-0.012528441375669627,0.005378898332570959,0.027425662812802235,0.010927477122689506,-0.010418346068763587,-0.014208980763096003
290,1,1,23,33,-0.0016142288734784112,0.0004881165917161692,0.0015997881020625865,0.0002437345199418848,0.0008571828545584409,3.118601148881592e-05,0.0003538997564889998,0.0017274618955578568,-0.00018445952879068481,-0.0002640255057426965
290,1,1,24,33,0.007600039800823198,-0.005063413056051645,0.011438517945477992,0.008777739888422273,0.011738415826114715,0.04187375129563322,-0.027865572545298378,0.028905645984810692,0.00020111075025281035,-0.0009772249289706936
290,1,1,25,33,-0.004310800178846659,-0.00010621924881638024,0.00406249166490378,-0.0029201361838837587,-0.002205340956148743,-0.005776102088774833,0.0015133239371067503,0.004267404456300511,-0.0003160198944592296,-0.0014798796495261678
290,1,1,26,33,-0.009356618366165989,0.004097780426336285,0.0073643378039953845,-0.005931413684725559,0.0016865760401122733,0.011050221467220074,0.0035668345825381875,0.0009067956858685067,-0.0013718790096278336,-0.0008799241825353275
290,1,1,27,33,-0.0024834984216217737,-0.005184706009763871,-0.009616631197563957,0.00981768385461366,-0.003994328407240272,-0.003719233883152312,-0.00285740333517388,-0.004540993041647467,-0.00010333844198331097,-0.0018190018836337358
290,1,1,28,33,0.011835548058320322,0.0008059590439446197,0.007833527244733981,-0.0027981513461731305,0.0017173281899488019,-0.002093623108927103,-0.00043559777421875884,-0.00029316699050288347,0.001540007530917024,0.0002985168626771957
290,1,1,29,33,-0.0046737462062223555,-0.0005821857493373477,-0.0009156034354622008,0.003129348651565898,-0.001096226799425019,-0.0011238431736300932,0.0006349853431491847,-0.004191073500918908,-0.000731389211033846,0.0002713999410075517
290,1,1,30,33,-0.031203494692250002,2.809080687026898e-06,0.008443394135862793,-0.0006825554046140374,0.019344615226398396,-0.022245795617091196,-0.004989857062907817,0.02337119705609184,-0.004794729581550167,-0.006537970279654028
290,1,1,31,33,0.020275604092985906,-0.002294919802537443,0.006818808005269957,-0.01841926433972188,0.01723769140874461,0.017313389652342012,0.008622330196643609,0.00425151411695107,0.0018153033184272701,0.0032597642955505225
290,1,1,32,33,-0.007041379167529563,-0.011236658097209348,-0.008588734322654841,0.03843431188807793,0.0318035886553371,0.009970501793027848,-0.017957790954709073,0.011321845012838443,-0.0019058864281673894,-0.007336966984435648
290,1,1,33,33,-0.017560474855285613,-0.000598170919056241,0.007973342676370464,-0.0063189750456634245,-0.006022001273943407,-0.006002453618476497,0.003578276673427907,-0.0014757591526239403,-0.002295977863811137,-0.0008993352016554388
290,1,1,34,33,0.0019914148198978817,0.0005235238040404765,-0.00031252719363550026,-0.00012591515724283924,0.0010112816941570413,-0.0008916922475221318,0.0001798363230721518,0.0031367858982994917,0.0002144568663137083,9.883958301256975e-05
290,1,1,35,33,0.023719578449310122,0.004734757548015584,-0.0029285400620530405,0.0012521231281262901,-0.0038079451912555098,0.0039782430433298295,0.01409494609658131,0.003107966074050434,0.003383911634237647,0.002326945457404549
290,1,1,36,33,0.014192952042263677,-0.004412396795174356,-0.008517444334617165,0.009378967068529599,-0.002134699493742859,0.013780761335991376,0.005000996981604544,-0.0025290866104071153,0.0013651623733738367,0.0002919347075414709
290,1,1,37,33,-0.00265889305600859,-0.0006721039767971899,0.0014034805292703566,-0.0007636120901799802,-0.0012314825327240173,0.002558801618679756,0.0013525394800992779,-0.0015278270171616656,-0.00039950100022284016,-0.0006844589207642348
290,1,1,38,33,0.0006473572903619313,0.0012095119658777451,0.015181823249623153,-0.01198620574846294,0.002083523138803632,0.004257520020272321,-0.007054225160443931,0.0030888512508712,5.929346187815227e-05,-0.0005171277590462559
290,1,1,39,33,0.00684233567607835,-0.0025402376055320983,0.004560115833113549,0.0026896372090914793,0.005180906430425114,-0.005017004942507578,-0.00712410742613803,0.0026410987847480553,0.0010288488738901978,0.002134563577767104
290,1,1,40,33,0.01803686695380876,-0.0031411727341624034,-0.0023795758742560175,-0.0029758095609541376,-0.0009423088764477884,-0.006939765969503895,-0.004877628866871588,0.0047822751640983025,0.0022928842372498173,-0.0004481397819397836
290,1,1,41,33,-0.012558940095201523,0.004172035265224959,-0.01125338861230956,0.006662616050343917,-0.004789057143908751,-0.01620741997730434,-0.027780742848936793,0.01722635466443632,-0.0019360207452738332,0.007827777168796962
290,1,1,42,33,0.0022143147043208185,0.0006025966577132302,0.0016088253760800724,0.0010151220446027519,-0.0013782718284211543,-0.003059648826709673,0.0009625461896506618,0.000810015514193795,0.00036166537671052584,-0.00024167666667816796
290,1,1,43,33,-0.0005799936419609285,-0.0011308072027209606,-0.0004882853055254038,-0.00033236345520327716,-2.113588243820216e-06,-0.0015881055127164299,0.00038282881726598263,-0.0013325519528566301,-8.48668501959227e-05,-4.019692947153852e-06
290,1,1,44,33,-0.006398110801726798,0.005071576610881445,0.004240214372365626,-0.00930272012070971,0.006019202622176856,0.019597118174683383,0.008713145170479553,0.008689089005133948,-0.0012350316436736985,0.0007454270776292862
290,1,1,45,33,-0.0016259904142379184,-0.0004060353048550537,0.0024826479831870957,-0.002626984503114522,0.0004597698368172928,0.0005724471923307635,0.000865061880379246,0.00029503708588801084,-0.0002213339820897434,-0.0001399084750859726
290,1,1,46,33,-0.02150009466865946,0.0006561032881627047,-0.001714219504181849,-0.0023628734892458575,-0.0011051124730022195,0.004424326329786772,0.00040109844208901716,0.001431950507826975,-0.0028644319261504217,4.991849427314382e-05
290,1,1,47,33,0.011211962749325781,-0.003923218566587514,-0.004884682681278752,0.010931635948926792,-0.021942791258538822,-0.018291951953178443,0.005999857443746616,-0.00536290917242831,0.0017271965026055824,0.0028893236069747084
290,1,1,48,33,-0.0008187832833189051,0.000913775942038422,-0.0007746621292501434,0.0020515170117950962,-0.002224688423500432,0.0025417246090761523,0.003076900008515054,-0.0023982162627289153,-0.00023699449432925432,-1.3697406948554312e-05
290,1,1,49,33,0.00230366282245792,-0.0004628788998962407,0.007460919236430119,-0.012765319959301519,-0.007756752300227906,-0.0012609484625733093,0.010626158971811777,-0.010066419226287015,0.00025287235175742393,-0.0001540935743665022
290,1,1,50,33,0.01121522098957452,0.0007846493402255423,0.003456600079923349,-0.0011268787399081007,-0.002183965876772929,0.006070454539615823,-0.00042938180016070137,-0.0005200933681020581,0.0016126101992583394,9.032228579949173e-05
290,1,1,51,33,-0.030998809573289005,0.003110799727281737,-0.0014867019151353247,0.004819061184666752,-0.002006177901615109,-0.002591764364056304,0.0017990369399711354,-0.004842468285469086,-0.004085994728306849,-0.0005587927759118142
290,1,1,52,33,0.02133421411788577,0.002040963690876048,-0.005658201294115141,-0.0024326978229424786,-0.0022008158704720985,-0.012063041436595959,0.000590236640112369,0.0003549830945487114,0.0029247346462500786,0.0009646196723634135
290,1,1,53,33,-0.009776474877464938,-0.0005772595963012321,-0.01018298627732864,0.0036302938347486814,-0.0004274693202931426,-0.002974453804950042,-0.00012290700162335467,-0.0009231116234138613,-0.0009884881556648248,5.5434686153273e-05
290,1,1,54,33,0.007239448352520104,0.0004736068628553733,-0.006012803695969168,-0.006209792806124116,-0.012817527868981219,0.0019452371731634541,0.019845076027057304,-0.0028260684127678634,0.0012925738231157442,0.005947197917710571
290,1,1,55,33,-0.01683639474070468,0.003514684825203799,0.010800195148647452,-0.02981443307916378,0.009088020547767597,0.004517801474275329,0.02096877913968866,-0.0033774134073522254,-0.0018791962385982558,-0.0011471990999386368
290,1,1,56,33,-0.0011513770717607832,0.00021387481856779454,0.00013066449886818085,0.00015193522164718123,-0.0002455461202983634,-0.00014813015513425655,-8.361933544910627e-07,-0.0005955671604934223,-0.00014149482665450444,3.228187453676462e-05
290,1,1,57,33,0.01165747074094185,-0.002816449022739789,0.03878888561460355,-0.044976460286623506,0.0172633879992486,0.05419463736990326,-0.021806348459959293,-0.006713623276696308,0.0007875868379246547,-0.00916227450263487
290,1,1,58,33,0.004905339933522613,-0.0037973651209343173,0.021090099192343423,-0.003413524138833042,0.00511422785498906,0.004134440453434096,-0.010739128501912176,0.005968782329049031,0.0005948646560050896,-0.000507780968358429
290,1,1,59,33,-0.02757211697982209,-0.0017110258650818418,-0.0007275967051218463,-0.006387909386587722,0.003774932636162186,-0.0007982151180210775,-0.007961447665761998,0.01323378782846803,-0.0038280263024020942,-0.0018994353986011231
290,2,1,0,65,-0.001542806384382335,0.0008960240352042867,0.004148392052731071,-0.0045423627070332335,0.00450465615471359,0.00045845667420787615,-0.002271318171322731,0.003179414454381011,-0.00027981806597769226,-0.00021754194455093199
290,2,1,1,65,-0.0015901785712190484,0.00013481180601019512,-0.002800426721271214,0.001449491997663955,-0.0007343865086961234,-0.00238858546284387,0.0003735352455448875,0.00035007658074944316,-0.00024095487221986774,1.9044012440455634e-05
290,2,1,2,65,-0.013800118236023624,0.000850020302331494,-0.004819401079254448,0.011341063020929874,-0.004502569875816514,-0.0033895713147987054,0.012162029965908825,0.0052217854786302245,-0.0017212659383309627,-0.00033376147625708864
290,2,1,3,65,0.00031180496878096945,0.0004403002331668385,0.0005953694711055803,0.0010889060083038588,-0.0015155886708656577,-0.0009238030413411271,0.0006295103053909225,0.00016115840071164028,9.867805223847896e-05,2.3689303672759644e-05
290,2,1,4,65,-0.011366880187534362,-0.003849171461428246,0.011574229321227938,-0.010076616738081782,0.0030855768680616703,0.005466181177611075,0.004354883437513041,-0.010012893897665362,-0.001798968316325199,-0.0035145007213995202
290,2,1,5,65,-0.010922214217964655,-0.00022799647781900507,0.002250826877703155,-0.003035159777008537,0.006096494969114645,0.00902821496571062,-0.004214483276708355,0.0004461020598621656,-0.0015010442971002764,-0.002097073665774204
290,2,1,6,65,0.00928961425765825,0.0032583539512821337,0.007742228741887837,-0.012692773876031946,0.0026111414736466995,0.01769142772303708,-0.006403270955861393,0.0036369996093746407,0.0009199781077324411,0.0029092109800836533
290,2,1,7,65,-0.0009406737522458076,2.1162267775306196e-05,0.0004158704709173316,-0.0005143015180817518,0.0008129415003927347,0.00038395865286615073,3.0126954269785356e-05,0.00046103372299904243,-0.00012458728456937848,-3.444991967334492e-05
290,2,1,8,65,0.0020015845803361544,-0.0001402708160986549,-8.694044601185991e-05,0.0012423041155791448,-0.00027589173904780137,0.0012424184757484171,0.0009167507621884297,-0.00131185961575891,0.00026943885346582995,-0.00028876440135488444
290,2,1,9,65,-0.0033349988935568687,-0.001016344844468923,-0.0016521442482377612,0.0013366521116697672,0.00024041782812965132,0.00038323042391129417,-0.000850894673020599,7.949992162024206e-06,-0.0004683919271036904,-0.00024752377931273444
290,2,1,10,65,0.0009985990113125902,-0.0005667077900835679,0.0003538920145601383,0.0004686259776124204,-0.0019596351570128653,0.0005595466504659348,0.0005928591307485764,-0.002259236287659875,0.00016687978127063522,-0.00011092824345706746
290,2,1,11,65,-0.003490894949868137,0.0001430570164515116,0.0017680326165152884,-0.0006561120969580572,-0.00042202793550132165,-0.0002915001257276304,-0.0008461869467977115,-0.00014160207767553224,-0.00044314868634288366,-4.160291898833726e-05
290,2,1,12,65,0.0008228230250344033,-0.01809153500839547,-0.0393077714625622,0.0181412992633178,0.008223178393564658,0.029314206478748227,0.0037370880789083295,-0.004902135902496459,0.001091755507051931,-0.007600042337213026
290,2,1,13,65,-0.013842964493377059,0.0007655761091214989,-0.0005860887661882951,-0.0010889799446510931,0.002042639454741424,0.003449854319304792,-0.007779054120722888,0.0028697658484778204,-0.0017667563374479656,-7.555206744842277e-05
290,2,1,14,65,-0.000396855519779162,0.000845114357260695,-0.003804273082576693,0.006688160604535565,-0.0018423006612813065,-0.0014198453606462504,-0.00011650426518929295,-0.0004649149377396043,-0.00013351260174120934,0.0011591691504102615
290,2,1,15,65,-0.00023513488665986965,0.00017552349927502057,9.344089068031917e-05,-0.00019754116940050553,0.00027717157785523306,0.0006517388041232935,0.00013735078456589088,-0.0003061869853508411,-3.4141807721391905e-05,-3.1466575809446395e-05
290,2,1,16,65,-0.0012000181320054792,0.00042436890193179905,0.00023319566710399624,-0.0014482055635726013,-0.0002702124851125107,0.0011216552433591788,0.0019126296295839177,-0.0007567225754370644,-0.00017481974386499344,1.1729308126543895e-05
290,2,1,17,65,0.006423322198578883,-0.0014050148882028056,-0.018346064189723846,0.026420170561774682,-0.019332269980566006,-0.008394303052400187,0.0033050971791662213,-0.0035200989903287176,0.0010942818887429314,-0.0031033116115527864
290,2,1,18,65,-0.0008014429926017939,-0.0002629885134897878,-0.00010674287751263427,-0.0013858514272446591,0.0009705414429422492,0.0024576669962742244,0.003885271976687339,-0.00839080062708893,-0.00014158952214909175,-0.0006312525398887736
290,2,1,19,65,-0.0017291980390553238,-0.006053575875886756,-0.014288829408327373,0.018427427288729998,0.0035210786516852994,-0.004088240631368735,-0.006642269853777006,0.004022822918828597,-9.429959206358635e-05,-0.0008884406760418897
290,2,1,20,65,-0.00121798500813366,0.0001466469790594983,-4.3885484026690437e-05,-0.00013816380138890165,0.0001621662477286446,0.0005673783144527307,0.00020361933660820376,0.00026530137253077474,-0.00017798515453448812,-1.342246414082943e-05
290,2,1,21,65,-0.013432850993144693,-0.003881842900281101,-0.004386725764375407,-0.0007536586408809383,-0.001990291369111169,-0.0036739269345550966,0.0012587934069015804,0.009108106123446272,-0.001592435067819398,-0.0015386729081409527
290,2,1,22,65,0.0012961001316741274,6.494657176681107e-05,-0.0014762206023001938,9.095934836523269e-05,0.0012405558244314896,0.0006762440722501344,-0.001093311577027273,-0.0010509505513934684,0.00010612242223400408,0.00014602379874693104
290,2,1,23,65,-0.00787777884126833,-0.009146831813651314,0.0049751067199115566,-0.003801999039805386,-0.005594662559695735,0.008636906814515441,0.008866347839886862,-0.008730313710066625,-0.00042911549141458577,-0.0033940562478436674
290,2,1,24,65,-0.00378561715079395,0.0011865803620321825,0.00033412404589269274,-0.0011385341651528225,-0.0008704606704192147,0.0011057965016642325,0.001837141240949801,-0.00045294464885411556,-0.0005589184515573502,-1.5496578264667946e-05
290,2,1,25,65,-0.007794259620588937,-0.00022665507337683827,0.0011159536959056897,0.0012264730659226053,0.0012042395878134194,0.004369430299554188,-0.0009794385395164918,0.0013731765486688918,-0.0010348380702654243,-0.0004902010351182743
290,2,1,26,65,-0.012022524792315348,-0.0015619547554051694,0.0033897229200239697,-0.003853149432139833,0.0035166626011798917,0.0015403712234125573,-0.0007286834263869718,0.0005934298368761928,-0.0015281150667543761,-0.0008712067272236042
290,2,1,27,65,-0.008982034212490426,-0.00028407141057220476,0.004447302156388908,-0.0024951478698222694,0.0026218523745467014,0.01780357886220883,-0.005207818961016993,0.002108279798567129,-0.0010413482504290697,-0.00030072611761000514
290,2,1,28,65,0.030531080440489185,0.01051962956719557,0.003856379679059223,-0.005056986408822374,-0.0028927584540408228,-0.01652641023271464,-0.0030776595793213053,-0.01044195660488936,0.004032297789536226,0.007173024356149538
290,2,1,29,65,0.00013846802968848893,0.003762180560649001,-0.0010104386017680935,-0.00034364136666863745,0.005197116279429976,0.0009377936040597441,-0.006236909220962691,0.0070981042602076185,-0.00018051383184119457,0.00017733107366054246
290,2,1,30,65,0.009557957909383167,-0.0018457225947273656,-3.233102248143982e-07,-0.002061009219240426,0.0006652365165692589,0.0009384015050171386,0.00012877266418221967,-0.0045500122373945675,0.0013581583613369447,0.00012316820823370008
290,2,1,31,65,0.0003161010021783417,0.00087451811735779,-0.002039040232070025,0.0020362708853468004,8.217472074549615e-05,-0.00086548859214518,-0.0009456523163191897,0.003090359365773666,6.983303178818727e-05,-0.00029308430057652503
290,2,1,32,65,-0.0011223455547436764,7.519555311855293e-05,-0.00123363148177512,-8.312584214081357e-05,-0.00021981406706252142,0.0003297369751409971,-0.0005413040663982708,-0.00043380342516748907,-8.505169634057434e-05,-0.00028155715739413905
290,2,1,33,65,-0.0020690602492233453,-0.0052210207431535585,-0.008234888316097616,-0.007542660359204878,0.012802099369091303,0.016633385283025236,-0.006237519542494265,-0.002654322800709691,-0.0007727675142543013,-0.0006871736719284595
290,2,1,34,65,0.0010711841275565007,7.884287274171873e-05,-0.0005041864697322349,3.2654662255117915e-05,-0.00015914350085693263,-0.001357603733220523,0.0005498618283767327,0.0005415840304737119,0.00011755315779028284,-0.00045699064429833176
290,2,1,35,65,-0.017126478151530365,-0.0017912661606035584,-0.006694772770505047,-0.0005243423266832897,0.0006412126845101472,0.004802217438992321,-0.006056089059546747,0.004503253335409842,-0.0021535322599528614,-0.001114836282040875
290,2,1,36,65,-0.0073404301347671464,-0.00021856769983834634,0.011296208098465097,-0.01172889980604471,0.0140900141510163,0.0038774704623666927,-0.0020137814792987653,0.010909819653835556,-0.0006112843251348176,-0.0021647641275106574
290,2,1,37,65,0.0025232027910835546,0.0015877002756526325,0.005197351933607757,-0.0038883135698630873,0.0027243326574056714,0.0014108900332353705,-0.0011460402566349274,0.00010096799749006473,0.00037257612828838047,0.0008178486398705511
290,2,1,38,65,-0.013712593587252882,-0.0002481447390462932,0.004891554162566012,-0.004722560806995548,0.008560247033903531,0.004339022192268276,0.007201707006581997,0.0020450936591657884,-0.0019163077960940881,-0.0005446216452148928
290,2,1,39,65,-0.0004949681819464732,0.00021657109695261094,0.0010379985625255164,-0.0008564827049698142,0.00019160121346735887,-0.0012331621285353218,0.0010737532339921186,-0.001016521426904948,-2.9164285357350434e-05,-0.0003002883813604073
290,2,1,40,65,0.002905338209141273,-0.00028909178808758635,-0.0008854422734116635,0.0005053407744424078,-0.0003589708285506952,0.001131891757832232,0.0001461012344483165,0.00015411737723684048,0.0003859243051450805,-6.721054723430335e-05
290,2,1,41,65,0.012635506159957701,0.0005345691860514149,0.005799861095131025,-0.004661257606304984,0.001602921000540901,-0.004013630698132919,0.0048846292501974475,-0.0012033300655293546,0.0019080809922661602,-0.0007175127260873284
290,2,1,42,65,-0.0024994048387701234,0.002030222342884264,0.007238765254913402,0.0005445337206679463,-8.02494866479296e-05,-0.00039264448016703454,-0.0013924378444324648,0.0010072325843651286,-0.0004149925060447671,0.0012977771039743866
290,2,1,43,65,0.0021635627264824115,0.003997657133778959,-0.0008198377304300252,0.0018044909652815877,0.0013815716017673823,-0.003785680802882994,0.00035395862797363823,0.004758077865738509,0.00046953332763279216,0.0011620077216441915
290,2,1,44,65,-0.005649802190296359,-0.0007892377527946999,0.0005094094520109316,0.003315441779007845,-0.0002558556426201421,-0.0016884993652719609,-0.00022921590330204813,-0.0019801640262208323,-0.0006734241228880213,0.00014781820884958482
290,2,1,45,65,-0.0059686163003246084,-0.0065756301572032355,0.009518281597530895,-0.0011452658624710398,0.008925299931497791,0.0032456397961394875,-0.007610411915339834,0.012779188445062635,-0.0008478562466047051,-0.00044321334455926114
290,2,1,46,65,0.0018877921376886607,0.0011317435268940197,-0.002447617577569436,0.002262951891027572,0.00046209908147856884,0.0012864024301323055,-0.00025096473478531967,0.0019521876521736965,0.00030022047064373603,-0.00033483322180319765
290,2,1,47,65,0.00017453885842166555,-4.5998472641129226e-05,-1.1832113985659582e-06,-8.988690412660614e-05,-0.001189928139230533,0.0002235886366582587,-3.9422034428144624e-05,-0.0008609968945995817,2.431422821339646e-05,0.0005037875491665173
290,2,1,48,65,-0.003194866569832096,-0.000625571785174953,0.00015262468245684548,0.006189662986595297,-0.005287483672922277,-0.0031307103914583424,0.0009416199477661038,-0.0010106080106597082,-0.0003601364467240601,-0.0010176341514886466
290,2,1,49,65,0.007300224482131233,0.011176551874089044,0.03173024222844441,-0.016615016223096902,-0.024410972443570083,-0.015340248400893628,0.03062572175058773,-0.0008324482286345022,0.0012894584263593472,0.00583722895711349
290,2,1,50,65,-0.0005550026229708975,-0.001390537438376719,-0.001382093434099188,0.0013327761644679075,-0.0020542008045201276,-0.0006727200837938865,-0.0010000469603539267,0.0024931809654640236,-7.158728578242369e-05,-0.0011841633012980599
290,2,1,51,65,-0.0011933404292514469,0.003458807875713439,-0.010927312339267144,0.006053027200876781,0.0002767406235836283,-0.007986461028192332,-0.00676931209176039,0.0047146040234205345,-0.00029357873344592223,0.002163575875374685
290,2,1,52,65,-0.05045475333077937,0.0024183835048432563,0.004323872287185952,-0.0036252033256766888,0.010379905886322987,0.011117360868926658,-0.022201252210287663,0.018099320625928318,-0.005776413123871497,-0.002061051847021505
290,2,1,53,65,4.84751013205249e-05,3.2831227264157907e-06,-6.065280996744439e-06,1.2253894147853436e-05,7.897202398830592e-05,0.0001429558322455611,-2.117972938188323e-05,2.5332209585610593e-05,3.097323690218015e-06,-1.47215009477374e-05
290,2,1,54,65,-0.005612703876230187,0.0033084228264177195,-0.0019359881878607207,0.0029435890251700097,-0.0016582912428397662,-0.00577868087656808,-0.0005650529918700342,0.00011181491963288475,-0.0007102968371486628,0.0009080864132709382
290,2,1,55,65,-0.0022603965925590084,0.00270863867738897,0.001018164702621177,0.0006045477182261532,0.002766337826182324,0.0032008366243278983,-0.0025216312764135117,-0.0006614810333538301,-0.0001830784562007955,-0.00019676943254290632
290,2,1,56,65,-4.617135304252279e-05,0.002546094893881161,-0.0033085952525230195,0.0029987428984846014,-0.0012113229904299277,-0.0014055388953098733,-0.002038138898636316,0.0052078785566735545,-2.1682792047466134e-05,-0.00021981757026947246
290,2,1,57,65,0.000884591434459602,-0.0002438630962206494,0.005591953794049059,-0.0006172055192902082,-0.0026533989813103537,-0.003062447819055607,0.007518427467357741,-0.0006374831446115242,0.0002649786624647751,-0.0006692788879166727
290,2,1,58,65,-0.0007338660865822056,-0.0006214479077495788,-0.001567006541843915,0.00037406627455243194,-0.00017392628132688486,0.0002791295628386235,-0.00039782779849954395,3.152027420122048e-06,-0.00011930020524880576,-0.0003570821189100415
290,2,1,59,65,0.0010828467625002291,0.0068001553258797715,-0.009576162755153108,0.00034104050031061734,0.00729447265991334,0.014970980717024502,0.00042592797877202577,-0.0041165918590943176,0.0004183615768277062,-0.0024009588666664295
290,0,8,0,24,-0.1291808567672379,0.01996926594803477,-0.012313802684767394,0.02150358391230006,-0.019142297055765,-0.01826782204750076,0.008662012692282776,-0.040484950740122996,-0.018570940941350766,0.02588835281649962
290,0,8,1,24,0.15363275579816346,0.02614743906049235,0.06011829016705306,-0.022741653470633783,0.004477383684218555,-0.08120721292552456,-0.01179409351826702,0.015264309070361077,0.020696457742371922,0.02012909254945043
290,0,8,2,24,0.011184202468170576,-0.013241239316732975,-0.036516389391583394,0.009774974251349246,0.013103813815798521,-0.03077437194686882,-0.027814850953694212,0.01166245576273832,0.0027093867739475604,0.005078665975002764
290,0,8,3,24,-0.2178361814035518,-0.06818773846190312,-0.1935406576201993,0.2015404100742549,0.2141025540991663,0.06339817131895215,-0.12147606092249993,0.14896244092739644,-0.03054612704783318,-0.0630773697812267
290,0,8,4,24,0.0009473025120448446,-0.022617432276986288,0.07782231200490675,-0.058255503550352514,0.012397960007676893,0.023481419597661812,0.00012255567535450138,0.0030308252267746104,0.0013154701877618174,0.019835201013828664
290,0,8,5,24,0.05777822215103853,-0.042994865482415545,0.10167668462312754,-0.05909473384128825,-0.03566447197599601,0.05399069899568659,0.09926546433293744,0.0010853245046021365,0.0031196941426073375,0.0052824881202873115
290,0,8,6,24,-0.08431407255450887,0.016480026899597086,0.006168955510099484,-0.01671766865147914,0.007072066227597859,-0.008293685901437024,-0.0016617163440586832,0.04573514592753115,-0.01237522157871607,-0.007635810923626023
290,0,8,7,24,-0.04278774409455682,0.05397355166858397,-0.023763663308187195,-0.06296646804480754,0.12029836844274021,0.10733851184760865,-0.04280760008404496,0.05094158262400595,-0.004839145607717645,0.0032684970582985955
290,0,8,8,24,0.1805108956418944,0.04368789432956008,-0.02334492366545695,0.09593493654296417,-0.03220332523988374,-0.05362779707789785,0.02065275921928132,-0.01970057071043848,0.025368320078331126,0.007086465309205494
290,0,8,9,24,-0.18306079850194587,-0.029463127103450455,0.005199163993162892,-0.11208426434098819,-0.0060148453406060134,0.047334774583658555,0.016484306983139102,0.09575998161591222,-0.02264165426280927,-0.011826243666229953
290,0,8,10,24,0.022451707731634768,0.018218763234508457,-0.0011451162181597193,0.009618109099826801,-0.039307983576223886,-0.024797809802283882,0.07974430088280036,-0.06815241592956658,0.003114920755469849,0.016013942317686134
290,0,8,11,24,0.14228481889029576,0.0079864541276981,-0.07078208859259076,0.027843880177604367,-0.007341235710807888,0.00961279611218251,-0.030180402210272354,-0.0028300682856729304,0.020594861946064327,0.024226405976183214
290,0,8,12,24,-0.04092245017560271,0.009340689604491243,-0.03644409690216031,0.03864480454072749,-0.029562463065320302,-0.009039244178586484,-0.008874910888154694,-0.01567395787024259,-0.008050189945735675,-0.002021830999858911
290,0,8,13,24,-0.13144822678408968,-0.015087038101320602,-0.10744770970351508,0.11401061818963545,-0.14815465212812962,-0.09924724931543351,-0.001821746484231332,-0.12435094648592387,-0.015124524523949228,-0.018033095560282597
290,0,8,14,24,0.06561924749206932,0.030004660189957913,-0.0495814373632668,0.09331269887946661,-0.046187244122501185,-0.01935941134682854,0.020964195041940047,-0.01297228786732006,0.011273535443319823,-0.019706991187522394
290,0,8,15,24,0.17758354243498123,-0.05603065783189475,-0.0016981776153942047,-0.09405545079953845,0.04952938923741994,-0.05301235068893702,-0.06372265681322567,0.003167870717511085,0.030953210524523107,-0.0024264859425067436
290,0,8,16,24,0.07796777330294674,-0.003998926272744677,0.027779059010053002,-0.09624316905400832,0.04913444008825124,0.051362023244371405,0.021370520214666913,-0.00869243428285741,0.008803351273957538,-0.012126216439190464
290,0,8,17,24,0.2077777460869256,0.02743930373329977,0.0344104435560353,-0.027153486466023505,0.04661161059377669,0.02615588512062734,0.06975770180669304,0.05532131917100108,0.02744127271795644,0.012550292628742604
290,0,8,18,24,-0.026026659794231903,0.004194652520103565,0.012432075789258834,-0.050804942217866085,0.03909997533863499,0.025017236029484614,-0.0661420831684191,0.005612202710244091,-0.0021933796720619834,-0.009557302928124721
290,0,8,19,24,-0.1315157849649456,-0.02613986984745173,-0.021162393448861894,0.028269755392968558,0.028706082648136285,0.048757780593021265,-0.06525499538039153,0.08042031809574998,-0.017289751885853046,-0.023532375264851843
290,0,8,20,24,-0.12613907634837396,0.011925287911820145,-0.07674298127854483,0.057923047156003944,-0.03169418233834493,-0.041847114908600214,0.01350386554500159,-0.011634709917842673,-0.0193219449448441,0.010406921428761231
290,0,8,21,24,0.005867808391093701,0.03416664460504764,0.16083038296248092,-0.1615044798651904,0.06596478437427893,0.027471773083664983,0.05037470891340646,-0.06606719648371108,0.0005468204410454232,-0.00432257106621829
290,0,8,22,24,0.007006006775893768,0.016743539036595624,0.022141194108395892,-0.05438467951924836,0.04514992891024301,-0.07608769089880721,0.023412239458514665,0.0004897729002823897,0.0008755282391860844,-0.0036912024100609303
290,0,8,23,24,-0.04093102992155035,0.019889634990479927,0.0034574813792689132,-0.036847770593384115,-0.0665619703449788,-0.17655779981236844,0.1365803217626925,-0.057154744207864205,-0.004907166703529928,-0.01707329626880731
290,0,8,24,24,0.012964032830803909,0.00600493692469419,0.012654911137775657,-0.007809015665697174,-0.045308227968621925,-0.006701211779128324,0.03195523378641715,-0.015072518430567321,-0.0002431526043205443,0.007916233340601767
290,0,8,25,24,-0.15679647107129047,0.0027902592988668495,0.007080905231946795,0.013543613312022473,-0.04777176627970638,-0.005770687831114004,0.016232878113136198,-0.027443875101366713,-0.020626641489233027,-0.007706369823233004
290,0,8,26,24,-0.09178962827562029,-0.012147612588009647,-0.01902487232665657,-0.033312438688878454,0.09049251539444211,0.07088542770338299,-0.054506420839876994,0.05189238125397002,-0.013128542368818785,-0.0016165400825945923
290,0,8,27,24,-0.02991830417654552,-0.05727200549764381,-0.036161386056509245,-0.044709530412658474,0.13912154507881344,-0.015182367040468322,-0.08962999446258299,0.10716714179825457,-0.003761231857703619,-0.007194256049568019
290,0,8,28,24,-0.06520349143149275,-0.004716566232585569,0.02585068265647763,0.11414163843262339,-0.1190623191235961,-0.10042137300238471,-0.014476066535098546,-0.08089296568403495,-0.006292156989018647,0.019781124484522426
290,0,8,29,24,-0.06747219762668948,0.005056967266322068,-0.05448556595638261,0.04544451982773354,0.026870468400131776,0.09267692274041125,-0.060061923486318516,0.031612527075163696,-0.00951207723045416,-0.017125764024330994
290,0,8,30,24,-0.10588566238921596,-0.014739350735508906,0.08329408465763462,-0.03584896754461497,-0.0380767066410978,-0.041608835286525814,0.022837823211914757,0.004453408969020483,-0.011614519707984541,-0.020679341704970326
290,0,8,31,24,-0.0015685613829884877,0.007273914656880688,-0.05276555985338976,0.06971273704268413,-0.016889349155155057,-0.03601056110149797,-0.028298436407744716,-0.003817523417699093,-0.0010733194081256313,-0.0019575991416580438
290,0,8,32,24,-0.008395233908802419,0.005485429338055425,-0.01939079050820676,0.030728917704875878,0.05030921356719155,-0.02148713760905218,-0.03740401662746257,0.0370952064646516,0.0006035985509841703,-0.006213577549279884
290,0,8,33,24,0.08590593094906951,0.02176159772877978,-0.06049660471350614,0.04268310827615464,-0.014659384002746446,0.048366127916388835,0.07816128417770625,0.030565521591373972,0.008887821386313681,0.008953169543607725
290,0,8,34,24,0.12787993759839894,0.011119480072034714,0.02684174043815052,-0.004630185772690011,-0.035875077272730066,-0.04682516617509144,0.033535482149465154,-0.04692496686184898,0.017663682726914917,0.015268934035399083
290,0,8,35,24,0.1020409543731804,-0.0031524931808105047,0.007049572407203419,-0.08950726227918923,0.1066984021494311,-0.018531955675644356,-0.15842644485092053,0.13709581500693044,0.010168785708087925,0.005096702528179229
290,0,8,36,24,0.07365223507701052,0.021979326918041758,-0.06106403086384792,0.07857179298969111,0.05153774488699897,0.002431119961549922,-0.01893308759834958,0.03276014356453096,0.009468037158528566,0.035388186624792206
290,0,8,37,24,0.12365424023664723,0.015587804624002074,0.0574922341229598,-0.0047132962258321,-0.0016930145068997267,0.005054460626959918,-0.04233100612160344,-0.04699800816229001,0.017068944046720824,0.01654048133016424
290,0,8,38,24,0.03501240340195883,0.0497636513594769,0.07705668156998739,0.11234805403846697,-0.05489046791355441,-0.03117468712146755,-0.05986243637276856,0.032498578710729926,0.005496654552112534,0.018110971497395136
290,0,8,39,24,0.19475229444428227,-0.034446385077165555,-0.035847616839342976,0.04168165789997618,-0.02379493046229316,0.040224633970569273,0.013551118638240323,0.005212182332327231,0.02470393306988974,-0.008064526532024205
290,0,8,40,24,-0.04962687143586113,0.058373095985228,-0.11956436638797564,0.14078534514441088,0.04861195221033876,-0.04199819613499618,-0.06220371071073261,-0.01308871405120133,-0.004659464916645581,0.0019432145845831924
290,0,8,41,24,-0.07352297944427111,-0.0016661029361805108,0.019732966945591672,0.03134262409111212,-0.08557053078832162,-0.1251739892926061,0.010881069334368887,-0.10879784834479916,-0.007342896694390458,-0.01724340624359639
290,0,8,42,24,0.08355666393538728,-0.006558801482328109,-0.04959809616872832,0.011524068581000444,0.014143269087669993,0.017651604961155854,-0.030035691489513024,-0.02574702124677009,0.00942535270309965,0.025371111941446492
290,0,8,43,24,0.1071821102493383,0.01825622369154537,-0.008995273619089323,0.01657754988920293,-0.032814264015187736,0.05532702869487883,-0.02473435811382291,-0.04974980670354173,0.013564798450597788,0.006210328401818429
290,0,8,44,24,-0.018932868780528803,0.0055094550320169185,0.005979363184291896,0.005314361013666706,-0.011790776794834491,-0.024890472282575488,-0.023218024031304824,0.012749606141740085,-0.0011819291735925656,-9.182863701585317e-05
290,0,8,45,24,0.018260561915482892,-0.035500648217565316,-0.028924569343161843,-0.008912074023690878,0.07782259547779997,-0.09352123550362498,-0.09690999835504553,-0.03949725255282236,-0.00044899018052907825,0.00929585515888975
290,0,8,46,24,0.1628206396981995,0.027904341548654427,-0.030184677365843134,0.005963849977597479,-0.04188794674036597,-0.016014687052231056,0.08787585496906486,-0.04614898070407819,0.023538142319802006,0.005389343832672116
290,0,8,47,24,-0.1491800239444814,0.006744677568797028,0.07804744739496451,-0.02955964311988893,-0.01146587854878972,0.10823006803236153,0.07424055729925126,-0.2578975688298931,-0.019121071898840974,0.012573027557162643
290,0,8,48,24,0.09942150055656329,-0.06623403016463787,0.0050242266627188205,0.0504262466604578,-0.021975672283470596,0.02431192285531808,0.009145587676558051,0.009198300061952762,0.01209763241982347,-0.00817930127208683
290,0,8,49,24,0.06390432880376362,0.004563597273187488,-0.04436026728223949,0.06395712662595823,0.05652057123191933,0.02824502848655017,-0.11651031440637112,-0.031494321287709355,0.009082729270906401,0.005805548734575297
290,0,8,50,24,-0.1354802227590001,0.09433736562339118,-0.06359535675332542,0.09892824193235385,-0.017135835006304438,-0.09231192356899541,-0.0358437239826644,0.002970212146163691,-0.011511428797130498,0.053900751152312465
290,0,8,51,24,0.0483481602153481,-0.01997606547141463,-0.012661047990307333,-0.001672697061443365,-0.0009078029676105465,0.03958133458545848,0.07893072429068657,0.024927059057300683,0.01061615103657977,0.030285674204911628
290,0,8,52,24,0.03275570746427291,0.013463682006503653,0.011771330001484247,0.02326635387587228,-0.045704728103764775,-0.017770051177751163,0.01778573417283297,-0.006177587086403586,0.004122796794274944,-0.00178881262382797
290,0,8,53,24,-0.1754368373820192,-0.0032024263309602596,0.04404865754273786,0.050615751245727744,-0.08775983315183727,0.04122574081864441,-0.026013256542456474,0.005751720691710543,-0.026809793092409565,0.0253888808657017
290,0,8,54,24,0.09223661178497185,-0.03389206596456743,-0.02733134107404009,0.04152681806268969,0.02541356882866748,-0.02125465516688175,-0.06027694508282007,-0.0226735639660722,0.011315351050816146,-0.012070558651680887
290,0,8,55,24,0.08230391756184943,-0.025298269002348644,-0.0481293698194451,0.012609926904569739,-0.03438018525110478,-0.04148069019601645,0.012875745660113463,0.003585382132025111,0.011215573479501683,-0.027065149532871244
290,0,8,56,24,0.11359582714760613,-0.021453033902036043,0.033134636561471864,-0.009248672891513973,0.06660929726065722,0.05221102321970006,-0.09574322793607323,0.0324940009908947,0.014164654763781929,-0.05281287451172441
290,0,8,57,24,-0.015231790470643589,0.016677280387347292,0.09341045074822588,-0.1757777909858077,-0.0032547176697956537,0.03727498982242609,0.10553850025319278,-0.045072900447899494,-0.0024025685176597075,0.03053610368499418
290,0,8,58,24,-0.03650852475302879,0.0013401434780814648,-0.04498773820050252,-0.01389857221709501,-0.003060794871499257,0.03607324872914567,0.047141564910378235,-0.05626870099446802,-0.005804804392179019,-0.006038314546823595
290,0,8,59,24,0.10611814407394882,0.024373485330858424,-0.07788049576208711,0.12975949809573434,-0.08475635544550437,0.0014565022306463789,0.053877721810431906,-0.020238259689975786,0.013899121392150264,0.00782700041806609
290,1,8,0,40,0.0021041530420045865,-0.000417859022685937,2.4275605372210728e-05,0.0004972745627253444,0.001621763934881767,0.0017292407747936554,-0.0006603076666698847,0.001280342480602225,0.00030347259512769235,6.974336808398762e-06
290,1,8,1,40,0.001986834581575841,0.001105686733325546,-0.0012692162403073312,0.0003376668586890538,-0.00571220215600202,0.0003125038711669967,0.0028306150221849686,-0.005052348900769443,0.0002113140710494552,0.0009988015723419996
290,1,8,2,40,-0.007365407523049306,-0.0007838359373134191,-0.0012235966891961092,-0.0002155601479982922,-0.0028058037453910817,-0.0027427447022534074,0.006008134601923412,-0.0030709108187786955,-0.00099151918963643,-0.00014003844396863604
290,1,8,3,40,-0.007483440241488714,0.0018179485197092277,0.0132741846070674,-0.011054777184833574,-0.00041523110811786043,-0.012524093602946177,-0.014643117560017613,0.01088704405199645,-0.0014233254971623155,-0.0022107724531087993
290,1,8,4,40,0.0025000460339946948,-0.0016590527101721176,0.0013862998571241444,-0.0006648025708005625,-0.00039910574549234404,-0.0006750943895046747,-7.868988318122864e-05,-0.0003620277115389493,0.0003711712664591606,-0.00023562350690416783
290,1,8,5,40,-0.0008127009180803107,0.0006748191379202445,-0.0011837467934404274,0.0016393021942497968,-0.002134793750493815,0.0005389154980243139,0.0008696369259496205,-0.0017163283650416506,-9.15113347480886e-05,0.00011859948015947577
290,1,8,6,40,0.0032466935293270667,-0.0013060402336460717,-0.0030707899138874,0.0031578099370539784,0.0015773015311183031,0.0018276867650259768,9.216940288638985e-05,-9.340239677512493e-05,0.00032503052231986,-0.00040219962082936947
290,1,8,7,40,0.008118287995928567,0.001141050402006972,-2.018335360311576e-05,0.0012766461290162332,0.003735881717678088,0.002781855339825135,0.001575972310695367,-0.0018080140085164034,0.0012324014740127845,0.0005788794764267613
290,1,8,8,40,-0.002087648468426557,0.0008290414504901948,0.0005035411125164672,-0.0004706295457367735,0.0008335089968624209,0.0003191608807552748,-0.0002314152074588454,0.0007571974841192235,-0.00025015723611482163,-0.00041467718086084964
290,1,8,9,40,-0.00045511248194874386,0.0012199045288148267,-1.9414291765536523e-05,0.0005079189301227678,-0.0011239166411680201,0.0019604836087254818,0.0013827076808099767,0.0007255035902958064,3.353249866238523e-05,0.0003295184803005809
290,1,8,10,40,-0.001715489127232386,-0.001812796570330789,-0.0022795709257164534,-0.0001449975103795173,-0.002911018878392331,-0.002355600702579127,-0.0026060540394145636,-0.0010500131008528194,-0.00038364379294289263,-0.0003976227787627743
290,1,8,11,40,6.969417182810765e-06,-0.000350896247902879,0.0022058322089115634,-0.00035029432249111114,0.00035612726049724186,0.0004423277495892782,-0.0009970278089822986,-0.0001819369191608188,-2.3725432678349767e-05,-3.794239723145434e-05
290,1,8,12,40,0.008395990648589046,-0.00040533784809600973,0.0020727354176341127,-0.0008770959182128725,-0.002460913587540681,-0.0017133074330633155,0.0012823784743798252,-0.0012205150986590691,0.0010714929184607565,-0.0006386296389912084
290,1,8,13,40,-0.004944403646164712,0.000854525133100579,-0.00028608319979728583,0.002825074375792383,-0.001867466620815442,0.0016682325498729575,-0.0009779140478862003,-0.0013165436371407834,-0.0005959344524742963,2.7965868876845985e-05
290,1,8,14,40,-0.006177498768641335,0.0027856817499699125,0.004737363483369685,-0.007967227969859244,0.0047149398244186675,0.002518293916644947,-0.005353379608687948,0.001703588776430799,-0.000841086885343719,-0.00038871648339647345
290,1,8,15,40,0.0008732299574939825,-0.0004700981463088802,0.0036074415747005153,-0.0016006484761692558,0.0004844815318074197,-0.001641785417362924,-0.0012855628076258703,0.003478737336200996,0.00017283409298413506,-0.000433885508141541
290,1,8,16,40,0.025576428051858384,0.0023692389009829463,-0.00054252699528193,-1.0523594980502713e-05,0.002459289260278735,0.004814410388071253,0.0005380590433737989,-0.001935981132358591,0.003673064766139659,-0.00018702832487344162
290,1,8,17,40,-0.007736090416096022,0.0010470895869688192,-0.0034148916441455175,0.01065981317022329,0.0001808608005052384,-0.013250565896725432,-0.002997002317948234,0.00582065478932711,-0.000955839677379193,0.0012383640665198199
290,1,8,18,40,-0.0020913992693430677,0.004667750047378265,-0.006340656508074116,-0.0013766399279673438,0.007150966539444863,-0.0013404842363629336,-0.0011619750633406277,0.0020401944779832224,-0.0005371579376690469,0.0022236837097037486
290,1,8,19,40,-0.00259570159087142,0.0011371501396191023,-0.001179604567798183,-0.00016190299381511113,-0.0008729821586831644,0.0013570270973892072,0.0004142284081193611,0.0006269189306474729,-0.0003451369610140385,0.00046607309420893276
290,1,8,20,40,0.0020770151144576658,-0.0005689180979998249,-0.0008927373159548145,0.00025981651623341675,-0.00017062587243726318,-0.0011148638670591977,-0.0005994665816673972,0.0006417373451749078,0.00023559035784037776,-0.00010361955613521513
290,1,8,21,40,0.002410285156142629,-0.0005527806938943663,0.0027245836827979575,-0.0011333531320406862,0.00214424432150107,-0.0014947464435946319,-0.0017981357911079658,0.0004365900303204528,0.0003172033226717435,-0.00029996735129660687
290,1,8,22,40,0.004332255274266268,0.003149555541308153,0.0029722748074277276,-0.004642682434309703,0.004583037316353358,0.005918127977865552,-0.005236333968266672,0.004480321853662471,0.0006049346488418216,0.0014800434623663155
290,1,8,23,40,0.013691709848896115,0.0037201985505648156,0.01714861924218554,-0.01958829569731829,0.0036031858762785697,-0.0036542370066503663,0.006444103757897751,-0.008422180911729863,0.001504923885976423,0.0023219934002427613
290,1,8,24,40,0.002979885041947139,0.0009430046497563314,-0.0028106512272659014,0.0033975736448070924,0.001335510264724927,0.00272444497474811,-0.002268006278309642,0.002574239046054817,0.0004362725125205575,0.00025496018861647296
290,1,8,25,40,-0.04028942472121865,-0.008172037689517932,0.007098536602778784,-0.0010258976109658046,0.0017987003604543648,-0.0035248150856785113,-0.009283741356333006,-0.00033117907523434894,-0.0053937727335542866,-0.0009554021009328678
290,1,8,26,40,0.0008074118001599074,1.5744085092794373e-05,8.965496406495659e-05,-0.0003543086381413562,-9.954953793374447e-06,-0.00011840813476575375,2.4224814850462432e-05,-0.0007042815765425172,0.00010296594721123017,-5.250849093950428e-05
290,1,8,27,40,-0.006812226559082632,-0.0004726239629371631,0.0033723184038554773,-0.0017898398239948512,0.0012032825312321685,-0.0008103563278012454,0.0004090714395926163,0.0021230475848989052,-0.0008595175361814298,-0.00010258378868163438
290,1,8,28,40,0.008611553372480986,0.0011807117521062042,-0.004750867705165966,0.004366867603660162,-0.0025155322782438073,-0.003899162115436245,-0.0069140328403645085,-0.000546917286417585,0.001112584440832766,0.0003759340886668068
290,1,8,29,40,0.0024242199830720396,-0.003095338127363209,0.0027723453604256197,-0.0007740853761126222,-0.0019289068498528255,-0.007962601937254532,-0.000907576355216931,0.006241047842406597,0.0002088734214115077,-0.0008044596987125427
290,1,8,30,40,0.0015230523094860926,-0.006776536320855888,0.009391585348971327,-0.01011822647346701,-0.005029341145268273,-0.0024570755822042093,-0.004016471739870764,-0.0034926224665402174,-0.00020133158773524715,-0.0020035004138668584
290,1,8,31,40,-0.009784549133319984,0.0028958214793565577,0.001319631182334756,0.002309173521486016,-0.0009913497376998147,0.001108853785537332,0.0011536460272924094,-0.002798549664544685,-0.0013924547685712756,0.0011929232620016019
290,1,8,32,40,0.0012180585396868973,-0.00043059222571374835,0.000756925432432909,-0.0019280255997932753,-0.0003374036976479596,-0.001290456915204913,-0.0011359125066748082,0.00013811068600297406,0.00011709136536005855,-9.21168954862062e-05
290,1,8,33,40,-0.003823786120187132,-0.0019960483150080143,-0.004511933866090759,0.0001076822449911914,0.0026466658600732356,0.0002468522293817642,-0.004142892073426611,-0.0006165909038505405,-0.0005856986728094694,-0.00015158976464375477
290,1,8,34,40,-0.0009994609455696185,-0.00019571018093973036,0.00020472706682500097,0.00018305942473474752,0.0002706887707446549,-0.0001138022208542177,0.0007052466478383747,-0.00020867469826063302,-0.00015562248655318908,-8.746968182084719e-05
290,1,8,35,40,-0.0015715602548888696,0.0006937856756386962,0.00017031596658158884,-0.0019967817946208526,-0.0005139404223002792,-0.0005893320100533285,0.00045350651882786566,-0.001185948496742998,-0.00017418972517998724,-0.00021251362179203299
290,1,8,36,40,-0.011618388750672169,-0.002029361053840415,0.004732581792397349,0.0005969653138059018,-0.0018441559140060643,0.00027375609526911925,-0.0011105610779385338,-0.0037509591870979317,-0.0011129683013523111,-0.002343302801647064
290,1,8,37,40,-0.0004883714246425364,-0.0006712410043038815,0.0008110491670515367,-0.0004315339570526714,-0.002103689705524232,0.008146321186836513,0.0057340193130812084,-0.0015093929406202022,-2.361250816752217e-05,-0.0003008144065504314
290,1,8,38,40,0.001519535679701791,-0.0021240012300909657,0.0009922121068190173,0.0004245186832675515,6.742094506964819e-06,-0.0031241363634100573,0.000541731530854335,0.000427649156855243,0.00017318079777418977,-0.00047629963235509506
290,1,8,39,40,-0.0061402880956048945,-0.000457588570234745,-0.00014122395588211988,0.002328889662854049,-0.0024733688211742997,0.00034364735348483373,-0.0007635626623551558,-0.0001689503868681358,-0.0008850685953131494,-0.0005478745275371907
290,1,8,40,40,0.002401452534406804,0.003233272854064226,-0.004079072278334383,-0.000336783890597304,0.0011001808042127269,0.00582674267085653,0.00021412059467478572,-0.0035701559735232483,0.0003258195762831386,-0.0011767039884407182
290,1,8,41,40,-0.0029108921294396743,-0.003486773300397531,0.002332580540128112,0.000634579671669354,0.0020345618841640864,0.0020323473649930365,-0.005323205549082311,0.0030612350165034174,-0.00042435933740849754,-0.00025927866029917053
290,1,8,42,40,-0.0038225781221925,0.0007025714273919011,-0.002244867932096678,0.0008819575284205368,-0.0038368890531035663,-0.004122740567425782,-0.0015880092247874714,-0.002124218130470048,-0.0005429315183212607,-0.00041660052001503867
290,1,8,43,40,-0.005957232488197974,-0.00015635426396741315,0.00601215838251499,-8.081487743290645e-05,-0.004308174823970359,-0.006927233540253756,0.0018516067521595506,0.0004252111712752849,-0.0006588883516854383,-0.00023872075780746784
290,1,8,44,40,-0.008736863547286967,0.0007958086723838208,0.00809121633056742,-0.004600672834218288,0.007580932238576348,0.0017915436080357203,-0.005318772460253871,0.005565834899431004,-0.001282581047992352,-0.0012764695711223405
290,1,8,45,40,-0.006727597597438661,0.002858653755261446,-0.008791149418434079,0.005197142340756938,-0.0012021631281854506,-0.007431427413929979,-0.0010555208057866964,-0.006127541197634936,-0.0008832786607373799,0.0023654111898389466
290,1,8,46,40,0.0036817084571253884,0.00026559237896903095,0.0007250483240000842,-0.002255945721550314,-0.0008277000101134206,-0.0002812472249815009,0.0021468459222480497,-0.0016828459170154428,0.0005139088256315178,-0.000445495638554684
290,1,8,47,40,0.002082087668687526,-0.0005130768077482726,0.0009939260841280643,6.008382571149392e-05,0.0011475882365363245,-0.0004447667557656256,-0.0007158796116353311,0.0003149958169001972,0.0002688981095002721,8.0041964520039e-05
290,1,8,48,40,0.0031128220162539156,-0.00236823066744994,0.0017701157452768323,-0.0005535684103753411,0.004438908055980419,0.0021414200157199893,-0.0031910733824574793,0.00401745443266366,0.0004114069072732537,-0.0007869161272224157
290,1,8,49,40,-0.0012497497989178916,0.00036436613267419414,-0.00017951515340911383,0.0004956565803556711,-0.00040437302964279524,-0.0011109828560005352,0.00021194485884571692,-8.055606731801717e-05,-0.00013185731491140588,-7.498346139881801e-07
290,1,8,50,40,0.0005473231752222428,-0.00042973619766810997,0.0006912530173513009,-0.000784700935083059,-0.0002583369536618375,5.698019610832476e-05,0.0002121515203809353,-0.0010676861335544097,4.346376295480602e-05,7.007123721574919e-05
290,1,8,51,40,-0.00029755648385489325,-6.716033285566485e-05,0.0002522191645695197,-0.000651358814097922,0.00037303820190704004,0.0001293242357615825,-0.00010395138338084744,-6.95518901023401e-05,-3.387337316530597e-05,0.00011649578231212772
290,1,8,52,40,-0.032973806460732856,-0.004107207643346148,0.008513849636820215,-0.014303765201154155,-0.003310561849176814,-0.009393397533765429,-0.002343707635347515,-0.007314762786285776,-0.0043705595292171,-0.005842018492258736
290,1,8,53,40,-0.0021687224873589645,0.0008235998263366512,-0.0005092777296680608,-0.0010854910450311798,-0.000296300501814428,-0.001618151045737069,0.0003388872569084926,0.0010885462402032025,-0.0003559243098263249,-0.0004861823966875674
290,1,8,54,40,-0.002997294765343924,0.00019576017416191515,0.004964231602599964,-0.003122144697701581,-0.0009393768431683863,0.0013601727127597095,0.0027287092923561854,-0.0009307393837937735,-0.00042703662422276635,-0.0002746673011520149
290,1,8,55,40,-0.0031484099108102883,0.0008529568494803146,-0.0016298173963888085,0.0014225560877780307,-0.0009962102739990582,-0.00032413660880431755,0.00035211632796228415,-0.0005710634584103007,-0.0003762733066603874,0.00020958807395099526
290,1,8,56,40,0.0024487029824018913,0.0005301138072697938,0.0009465905105714482,-0.00014624906242569703,-0.0015288255892812097,3.0355435951491164e-05,0.0024517153968373093,-0.0022818506909298123,0.00035376675318562697,0.0005928206585114878
290,1,8,57,40,-0.0018844635564159587,0.0004945949504645047,-7.045620392873858e-06,-0.0002516696835919076,0.0014482712999582396,0.0015390417650419106,0.0010086984030686637,-0.0005005951754937283,-0.0002232537787879713,1.9584554804864194e-05
290,1,8,58,40,-0.0009038576321819856,-0.0001635870415343467,-0.0006060170646054028,0.0013431488380393165,-0.0032181896511779395,0.0027325823331226283,0.005490613514273947,-0.0041220951008076705,1.7168731048709218e-05,-0.0001281412042061424
290,1,8,59,40,0.01278246847884127,0.0007721514940383623,0.004160886529968027,0.0003357759345942663,0.004651535863212782,-0.0009468635165229579,-4.927285562430616e-05,0.006308998413164864,0.0015966622286314148,-0.0006794422298934082
290,2,8,0,72,-0.002487158406252525,-0.003663865542022915,0.0034478099479789293,-0.004289060683304212,-0.0007419889055759152,-0.000988730222064913,0.001095170079584448,-0.004643586277789205,-0.00032263795557615615,-0.00024908587646200596
290,2,8,1,72,3.8435443024351004e-05,0.0006207473232519596,-0.0014049406136574702,0.0010684066763512804,0.0007735480753598574,-0.0012882423602285323,4.493415533934307e-06,-0.0004001018767086667,-2.56892338546575e-05,-7.761885542086727e-05
290,2,8,2,72,0.0012550419839280598,0.00016026980201319286,0.0001511415972061339,4.4237990630352465e-05,1.5832027807139397e-05,-0.00020254099732646915,-0.00014762183563825102,-0.0002860734577228044,0.00015266754549691236,0.00019268954237895152
290,2,8,3,72,0.0009684731937358852,0.00021927761658781513,0.0003325737056046121,-0.0005273760858420425,-0.0025850858465036736,0.00037090094648814347,0.0018204376672167973,-0.0015114914542115197,0.0001977808202930038,0.00017023509587658822
290,2,8,4,72,0.006963947396690854,-0.002453509201472523,0.008341385279089208,-0.002740037497812,-0.0011034395149118117,0.0011295925290440343,0.005116750822929882,0.0005230976831346847,0.00098259285575735,0.001350897745787214
290,2,8,5,72,0.003518760377494097,0.00032313671574455143,-0.0019111230662681457,0.0020720331133255846,0.0015931561363330972,-0.001086412201208897,-0.0021872355498599554,0.001188483891990043,0.00042611898311818724,-0.00047098109101133625
290,2,8,6,72,-0.0005998498429117521,-0.0004157693333885649,-0.00018787168698862654,3.920641839009936e-05,-0.00035818442093006825,0.0004269418869673139,0.0013803670414534546,-0.000765799218344633,-0.0001160978396360154,6.326327086524452e-05
290,2,8,7,72,-0.00029452074638567136,-2.9822952949213233e-05,0.0006069716580263196,0.0002940948519797709,0.00012636726271967854,-0.0002627276785092715,-9.518306927727311e-05,0.00017443209510756906,-4.2522873310325054e-05,-5.542783983328661e-06
290,2,8,8,72,-0.0004610798124310372,-0.00024845279270366234,0.0007090331109838538,-0.000928385788931686,-2.206804176142763e-05,0.0013030037346042252,0.00036933670300922045,-0.0004476914404481419,-5.571397468957968e-05,-9.376104040820589e-05
290,2,8,9,72,0.00010279266298413286,-3.681578073567093e-05,0.00083614539042621,0.0017920106382664992,-0.002999955230537461,-0.003290356852061416,0.0007854571722086587,-9.600305999463783e-05,-7.518885896482837e-05,-0.0002452444494818415
290,2,8,10,72,-0.0030354893070149995,-0.0004543921179000186,0.0008012889833431906,4.6830685401345757e-05,0.00029482974431469,-0.00043990915574708574,-0.0007840923805103718,0.0008216679740761578,-0.0004047450649624208,-0.00015101873918121588
290,2,8,11,72,-0.0008426991330449113,-9.754426235937416e-05,0.0006415456115587486,-0.00010438210592242226,4.4575348750126264e-05,-0.00029665527030242367,-0.0007724457540559395,-5.701873205044901e-07,-9.22979361966644e-05,-9.387605476894058e-05
290,2,8,12,72,0.004203517745265708,0.0014208464358842336,-0.0005932728464878765,-0.0013484497987431546,-0.0003076446673061854,-0.0026776457722706482,0.0032297796133705006,-0.0042366574453728345,0.0006271285430025289,0.0001248653109515435
290,2,8,13,72,-0.0006466503866911534,6.55758197096305e-05,0.0001641886076590069,-8.462561678125795e-05,-0.00013665119655877306,0.00012386071575767318,-1.4217459048063914e-07,8.612896486135448e-05,-8.386119836624781e-05,-1.9107166565443396e-05
290,2,8,14,72,0.0019586482871163454,-0.0009312237771541874,0.0002608611643911455,0.0005249907173973163,-0.0019261974038805875,0.002704985791253568,0.0039701038565746645,-0.0029568339840123402,0.00035352241506412196,-0.0004948906440907647
290,2,8,15,72,0.0017906895010467846,-0.00010451189142290927,-7.800622517585936e-05,-2.4175376413709425e-05,-7.542873990722864e-05,0.0004813301073689342,-0.0005496898999734923,-0.0002729872120811884,0.00024799736733685984,7.473105682694036e-05
290,2,8,16,72,0.005574873543150526,-0.0005589241576583708,-0.0017736509823183682,0.0011474938685141034,0.00048129326050349577,0.0003009300046267814,-0.0017335852629865357,0.0021651292200338314,0.0007515076402134103,-0.00019860726530453084
290,2,8,17,72,-5.245061202605966e-05,0.0001006722595161208,0.001432091878852752,-0.002079824572710718,0.00038733177983361433,-0.0008923032458846541,5.0032023785829085e-05,-4.670481416427321e-05,1.0765329050845046e-05,-6.394337394040512e-05
290,2,8,18,72,-0.0007164670081151749,0.0011081705606169245,0.0007691962649961149,0.0032508442161291347,-0.0032627168706669514,-0.003237683119455074,-0.0009661226695202036,0.0009954592815608716,-2.169413071571586e-05,0.0006208833512220798
290,2,8,19,72,-0.0025230792881727596,-0.001340981228203076,0.001787841126644279,-0.0009235949195332189,-0.0010425903406079981,0.001317263657880617,-0.00029173670843016226,-0.000922768714824986,-0.0002981757619086688,-0.00042556018527262847
290,2,8,20,72,0.00023698502291120665,-1.4475374501442233e-05,0.00011871672157180871,-8.475166602578971e-05,0.0002082126479862519,1.9912619241449786e-05,0.00014080232266199338,2.8793787365774678e-05,4.3268750015383756e-05,-4.5397783411876724e-05
290,2,8,21,72,0.0006195467928166046,-2.255047835042403e-06,-0.00019034240473910516,0.0025134483735614354,-0.00022573849615902967,0.00012874168124638724,-0.000716835613384278,0.0005368164711495135,5.909104700095154e-05,-9.646189295251935e-05
290,2,8,22,72,-0.0012229640190655603,-0.00033566203134230074,-0.0013495054059474855,0.0008188649320644442,-0.00039930696778691125,-0.0010049889257255577,-0.00033413669064108394,-2.101880052333739e-05,-0.00014495216004775646,2.3030788653101075e-05
290,2,8,23,72,-0.0013866512849819751,-2.483347791792828e-05,0.0002522547923332187,-0.0004353366238080533,-9.175947210660237e-05,-0.0005091723391816358,0.00030273878379700434,0.00011708461010915325,-0.00017058768880260625,-0.00010662424749482611
290,2,8,24,72,0.008677114103789215,-0.0012650173012721418,-0.0030321534764031232,0.003030200353807684,-0.003278693966905739,-0.00029787845871537884,0.00023138262931782054,-0.0012390211588304083,0.0011774205873506883,-0.000726733050324166
290,2,8,25,72,0.0005213489522902086,0.00012435922581548975,-0.0005891602395479987,0.00045898751461359935,7.197196972514914e-06,2.374217615819156e-05,-0.0004439863654856245,0.00020734391687212794,6.681887489894226e-05,0.00011252524428514966
290,2,8,26,72,0.005738007578178593,-0.0009773903762145388,0.0008416162503903043,-0.001202794895517677,-1.0622390734787036e-06,-0.0005599791040665269,0.0027069361474071274,-0.0019322684855167195,0.0007363859216183409,-0.00014714005820785285
290,2,8,27,72,-0.0006763868950126182,-0.0014003116472547374,0.0021375452739620664,-0.002240403116543989,0.001822603374963899,0.0007421520579881794,0.0008522027067391985,0.0005409334021079053,-0.00015329217347258558,-0.0005589695945110515
290,2,8,28,72,-0.00024989063959024454,0.0013487609897573447,-0.001564057185546369,-0.0007709248239478685,0.0001227238104242436,0.0006526615551483236,0.0011659998977095523,-0.0012876846037207415,-4.138071569787401e-05,0.00023326208170343035
290,2,8,29,72,-0.0003753422293016524,-9.065528925032427e-05,-0.0005041278165146582,0.0003736991778263846,-0.0008169799982236984,-0.0006941677039746499,0.0004628081772157153,-0.0007319298238045381,-7.319964735936407e-05,4.512409557314529e-05
290,2,8,30,72,-0.0005381702662298829,0.00010576203930742779,-0.00038533162924206794,0.0008667601782837602,-1.6756499021914055e-05,-0.0008499804675279395,-0.0005586152350280206,0.00020226717021840302,-6.392244338466808e-05,-0.00010932406494423616
290,2,8,31,72,-0.002451139083619692,-0.0005839332181977227,0.00036103128193975946,0.0006971459733833907,-0.0010681313170798224,0.001368691013812827,0.0009300929571514314,-0.000867626203895793,-0.000343040050886704,-0.00026818929376959134
290,2,8,32,72,0.0016449775931190206,6.286182083179695e-05,0.0032563163864619852,-0.005439456878685493,0.00608190798356962,0.004635004811325699,0.0035900697425883133,0.0026315363065745516,0.00029167204423447435,-0.00025101351603285416
290,2,8,33,72,0.001610501614507316,-0.00019218590444307452,-0.0005214917798659516,0.0009212748957598501,0.0005936633334533177,-0.0008746777399956566,-0.0013962270764657388,-7.109132491847853e-05,0.0002024170595917353,-5.346671167253596e-05
290,2,8,34,72,-0.00028512797608004154,0.00011953588999410943,-0.00019574700264824438,-3.862365316605824e-05,0.0006343828356244854,0.000622589998787712,-0.0007032899660081225,0.00040888716882983876,-3.6374965458092624e-05,-9.342478324492383e-05
290,2,8,35,72,0.0020848919582469577,0.00044509530349377255,0.000819807553296559,-0.0009779136755581508,0.002022850873019015,0.000792035109983331,-0.0012197697568249908,0.0015528066775470782,0.00028871449271111483,-0.0002995437282074468
290,2,8,36,72,0.0029160087766687114,0.003275354504214668,-0.009324149487617731,0.006011948308267667,-0.003543505281148756,-0.001735137425518245,0.0004868416009767416,-0.007782352867245338,0.0005255202974094349,0.00032217976698818094
290,2,8,37,72,-0.0014110447825108918,-0.0003456086103685381,-0.000496016543613821,-0.000214252442455519,0.001414140678593009,0.0006573788305760277,-0.0013745838896994504,0.0005278348624477494,-0.00015928573115986933,0.0004557477165333417
290,2,8,38,72,-0.001025233354525818,0.004462153118587232,0.0005838524724001249,0.0026009214640477546,-0.010259199510822412,-0.0025836167832290827,0.010094561878618138,-0.0067674593253564995,6.428303057482424e-05,-0.0005189734746951604
290,2,8,39,72,0.0006775753918974497,-0.00015787933095930498,-0.0003918642467661017,0.0012281896129031928,-0.00103783980762788,-0.0010891337495332301,-6.00938324151244e-05,0.0013463407509658719,6.541043561811927e-05,0.00019068177870327634
290,2,8,40,72,0.00045516848381055893,0.00036623988670780514,8.39697596208992e-05,-3.295906438954625e-05,-0.001078606460104848,0.0006434932324604243,0.0002850597206431367,0.00012503966386880332,7.745151655351597e-05,-4.909214561259668e-05
290,2,8,41,72,0.0005170955952910961,8.767382994774644e-06,-2.7043645876602992e-05,0.00029552886934739993,-0.0006413419589768992,-8.705939935342864e-05,0.00046771110831449403,-0.00043755662492327775,2.3433738347069212e-05,-4.598000269753576e-05
290,2,8,42,72,-0.00039512915331755183,-0.0005465121617485035,8.073124155338082e-05,-9.723128089626689e-06,-0.00055667878440237,-4.796090904949761e-05,0.0014324580383435312,-0.002179232611455059,-7.432975688808575e-05,0.00025130877317232255
290,2,8,43,72,0.0005240854629588018,0.0002573397041086393,0.00017015108335951997,-0.00034776064354485696,-0.0008057027679509193,0.000472964452550146,0.0007073341350064412,-0.000344462610643797,6.515064399883582e-05,-4.1090797033267485e-05
290,2,8,44,72,0.0010426605077230417,0.0003597383876241505,-3.268410323628297e-05,0.0010641230301765784,-0.0003274753887790639,-0.0004429978215425574,0.0008198684807018488,-0.00048680942688097593,0.0001134455982608535,-0.00026091910034509045
290,2,8,45,72,-0.003432235170805676,0.0008435816812466605,-0.0008266848806539814,-0.0005581239889350244,0.0001343004332179065,0.0003375093434911016,0.000187912590310749,-0.0005568290526554943,-0.0004177884248392031,-1.309051249941957e-05
290,2,8,46,72,-0.004385066670544405,0.0001122712016362428,-0.0021576595005914113,-0.013604260162788092,0.015675570198124215,-0.0027757518460727977,-0.003160146434791348,-0.001994497846478065,-0.0008910657623038181,-0.002109688601474418
290,2,8,47,72,0.0004686542285962713,0.00022600506067519793,-8.683651089599059e-05,0.0003903031361013814,-0.0002732191206121071,0.0011748583199199761,0.00015293763459398168,4.302384614911149e-05,3.8282000733084434e-05,-6.950458982738537e-05
290,2,8,48,72,-0.0019625202175713977,0.0007136889712426546,8.733953605553088e-05,-0.0002562953129410383,-0.001348916223442905,0.0002843457544941278,0.0009386806347098869,-0.0006581062138917811,-0.0002451404651869197,0.0002926036574082392
290,2,8,49,72,-0.0004077117288263073,-7.448331898231162e-07,-0.0002762162405097636,0.0007315768411379768,0.00013691059742519158,-0.00014416136798113565,-0.000998295022154832,-0.0004352018136713228,-5.371454189985652e-05,-0.00011694213071677756
290,2,8,50,72,-0.0016735851861475993,4.5269988449175527e-05,0.001362474311505693,-0.0004700056216912881,0.0007965909775400638,-0.000986038074033408,-0.001055741347024259,0.0010447467552422355,-0.00022062933418476712,6.201369075322153e-05
290,2,8,51,72,-0.0018936201117611333,5.534478288396274e-05,-0.0004331565519619501,-2.798908803113763e-05,-0.002353794710595259,-0.0014071414053368828,0.0015299361575129013,-0.0022241826342549683,-0.0001995674224463658,0.00017811751578725816
290,2,8,52,72,0.0032268036035254227,0.000781898511695988,-0.000301383894472636,0.00024794364685671406,-0.0010482703496457707,-0.00018149505612783992,-0.0013349559679575293,-0.0011706956539415977,0.00041960950010804367,2.1774792859535863e-06
290,2,8,53,72,0.003243697889700599,0.0018245191865381473,0.0005953189519771604,-0.0006091871189584908,-0.00011293708726526133,-0.00028948094931941,0.000744041026124377,-0.001189683639407778,0.00047610494801384563,0.00022782189802857147
290,2,8,54,72,0.000587591754548145,0.0005410187859763869,0.0010524418028945264,0.0018278243330085591,-0.004921892577432346,0.00046779012070332157,0.00041180628299077054,-0.0005669560174609174,6.809832164492335e-05,-0.0009331836273277808
290,2,8,55,72,0.0022969358250249493,0.0011733268011583776,-0.0011644034684593688,-0.0008347304554925663,-0.0004969220257431562,0.0005666441872696545,-0.001146777621481354,-0.0006741256476717659,0.00027495155405225026,0.0011240363792328792
290,2,8,56,72,0.0009789513177871916,-0.002674656009631709,0.004053072988707354,-0.002703829585654212,0.0012380037603601565,0.0017922455488609632,-0.0010859049228835569,-0.0022838004799465485,-3.108063327230373e-05,-0.0005213636604761002
290,2,8,57,72,0.0005546079613478532,-0.00013345946599191394,0.00022796810447503826,0.00012711037365600094,0.00019153186542028588,0.0006193259748034272,0.00019841799742799528,0.0001557084313078111,9.198712559468446e-05,0.00020011428499009979
290,2,8,58,72,0.0004695701710082708,-0.00028325828059545886,-0.0002952152028955125,-0.00033408696883687746,0.00047188368851931977,-6.641857716917905e-05,-7.893745135371035e-05,-1.8792583801436344e-05,7.240037425916897e-05,-0.00013713913947346385
290,2,8,59,72,-0.0008938064793303341,0.00016300199619555426,0.00012230135535667394,0.00030475467166847346,-0.0009203590828357381,1.5715226600598672e-05,0.0008179289748319713,-0.0006697120753891961,-0.0001422713167542575,0.0002929338344499344
350,0,1,0,17,-0.02753850394560566,0.0070110060541480725,-0.024749130025843218,0.011639608845285879,-0.007596454066543354,-0.009642567732607235,0.009701558024249823,-0.0022194979757459497,-0.00041629517840871983,0.005054160271347141
350,0,1,1,17,-0.01154047882042643,0.02652914456146575,0.0014998023598879408,-0.005291968579672343,-0.054219445207941114,0.028864667419487847,0.03431236961645136,-0.07206663528418787,-0.002921371007467191,-0.001099458756845499
350,0,1,2,17,-0.02774969135606509,-0.0006726195577956894,0.0028478356366522226,0.004294330151537007,0.014775408110265021,0.005050402113555554,-0.003920752313827262,-0.0010835107924580636,0.00038875669282427275,-0.001052615236162812
350,0,1,3,17,0.0026421582863882668,0.002722934243793594,-0.0028748451818598497,0.007173752320612994,0.003860196016720263,0.01205459293022744,0.004949727629226382,0.0012352514470211065,0.00010412753051682397,-5.329638697305922e-06
350,0,1,4,17,0.0005811248827227749,-5.581433923389728e-05,0.0003527856035831902,-0.00020007412006033134,-0.0009292762223141923,-0.0013559147250226165,0.0018520674030945193,-0.0013207717695509894,9.723608203006441e-06,0.0001524949108461789
350,0,1,5,17,-0.015029224108152744,0.04651996635916384,0.050205232264216686,-0.05646038070403934,-0.05887800428763566,-0.03348630738813382,0.051073512703890454,-0.04767498517954417,0.002274348370669396,0.0015920623483617678
350,0,1,6,17,-5.61311584541775e-05,-9.002179859864228e-06,-7.128827357633643e-06,-3.664270127859089e-05,-3.808201103374106e-05,2.7815067946020836e-05,-9.307125528958983e-05,-1.7456795377147642e-05,-8.151283774474495e-06,-2.1977542264973545e-05
350,0,1,7,17,-0.018778535209547243,-0.02392428659578392,0.0008117522814945812,0.024524933620443966,0.006551726724286514,0.015045490233725124,0.0161776556856477,-0.004876791283514664,-0.00033342552376402405,-0.010347150233396897
350,0,1,8,17,0.021011655780312655,0.005645952830468904,-0.009254187730929009,-0.014740909808485613,-0.0006703307541098888,-0.00810188181492452,-0.021959092446193065,0.0008920535239630361,-0.0017552339683008877,0.0013017925003295872
350,0,1,9,17,0.03257125674071612,-0.023143656606691168,0.024667043153534733,0.008261810778680942,0.006776758189153623,0.008220577285267894,-0.002916356398629346,0.061280520604098755,-0.0018543223653213676,-0.0034993167715736363
350,0,1,10,17,-0.000852867164448046,0.0008186467269532176,-0.02833624087302153,0.005767672566711191,-0.0064877040499467025,-0.0010579451368249167,-0.006273415691764575,-0.006647837184235923,0.0011502931183547643,-0.0011102494406128574
350,0,1,11,17,-0.04962223146717024,-0.005881931100225865,0.03893635794148557,-0.034336887225048074,0.0034550028404769124,-0.016629552937564965,-0.04247803700153755,0.06067727954311562,0.0005421663478337176,-0.0012936407605712353
350,0,1,12,17,0.1167609991856496,-0.02972756960944232,-0.06361612037721597,0.019045173694125613,0.03484739702414982,0.03214087773539476,-0.000987296951864061,-0.010804451181681812,0.0038977926116969524,0.0007375243358136424
350,0,1,13,17,-0.030306012467362076,0.003562366544984039,-0.024858507348694964,-0.011103475517039675,0.03724462645698938,0.01606060265078857,-0.02761315696839322,0.005161016287790784,-0.00027874455469143996,-0.0011060672314233229
350,0,1,14,17,0.04936984098262656,0.012952558175334628,-0.025472053205434282,0.04541112798571983,-0.02475865330098707,0.013708891796447546,0.02018621060188557,-0.005200076536036793,0.0016159945494030653,0.007173843408469978
350,0,1,15,17,-0.01676540631762864,0.02989283406968534,0.014226079870535053,-0.004149849944018828,0.0022552227453363407,0.018628494953851167,-0.01449263796013418,-0.008245946602087405,-0.0009233597049061957,0.006177103315051309
350,0,1,16,17,0.018249576101572657,-0.02187988795159303,-0.06326009959664988,0.058505582873118724,0.0512576043984557,-0.006442017188421498,0.013894810673205298,0.05624815374954712,-0.001823981447568458,-0.00623356459963401
350,0,1,17,17,0.06772812351928725,-0.020685053895627737,0.002143941704530609,0.015769282402638588,0.030832932780096748,0.010670834750930943,-0.01177661826045732,0.03526400466521987,0.0035376543564308686,-0.00261676108130705
350,0,1,18,17,0.016359079488192388,0.0015228734116001935,0.007218723926361352,-0.0020746741290268867,0.0019732980973648485,0.007670391975327485,0.007073720967871793,-0.00030327435022739973,0.0011146945428219888,-0.0003083386447453243
350,0,1,19,17,-0.04677873131067466,0.007712926850042483,-0.006942465439640063,-0.008763391684896028,0.012806140644978243,-0.01119301151780582,0.008842463380556043,-0.006244863079733127,-0.0007896256966043622,0.014559902913800308
350,0,1,20,17,0.010719842433123841,-0.0006523207230628305,-0.002242021047363622,-0.0038424536520538766,0.002135589969672292,-0.0001567731092313935,0.0009559327613852032,-0.001093009379048889,0.00042816656402108825,0.0002211737639215371
350,0,1,21,17,0.00046003033887113514,-0.004368171920599551,-0.011762870405133628,0.011879596990349914,-0.014231680740407069,-0.005727516293054345,0.010483371763212117,-0.011368177483705992,0.0007718345931628271,-0.0035164049541756455
350,0,1,22,17,0.020937479860256254,0.00820510292426875,-0.03170788898656905,0.002315087203593778,0.010462884149169406,0.0035516530224333656,-0.03118500878921783,0.02438768995466201,0.0006662227640013592,0.001359532002345208
350,0,1,23,17,0.01877526840208515,0.0007696188264555321,-0.008549774122118771,-0.0012729114036945477,0.004574581342089491,-0.005785211363401945,0.003311102493520621,0.002445207728865545,-0.0002919277124242351,0.001686557547054873
350,0,1,24,17,0.000795590454685928,-0.007645717494224896,-0.0037484560235367275,-0.011582833470591612,-0.0059968223736236925,0.00981431396804051,0.009869525907103986,-0.017169571537139657,-0.0012554196047337412,-0.0009633992570010866
350,0,1,25,17,0.04094855694445324,-0.002920159594931979,0.04326812595830651,-0.11883099078123663,-0.012924920166860442,-0.046741022140875686,-0.03272936501833951,-0.040916448209932656,0.0021462332012776417,0.01387459993429519
350,0,1,26,17,0.002784215231227037,-0.0014615118378499634,0.0004601592414369881,-0.0007475256268324826,-0.0009718150782459866,0.0018086046253350042,0.0004229589251023976,-0.0014037507625131946,0.00018705825304465002,0.0002712246192116347
350,0,1,27,17,-0.04011950880851488,-0.023322894475477814,-0.05374733453571229,0.004831810608660251,0.027576042456743576,0.04940290206791601,-0.015991798237007672,-0.03358945146195388,0.00016409510658160504,-0.005725198678689807
350,0,1,28,17,0.006117336944290374,-0.0012945259062505344,-0.004807153056379954,0.001137777710762673,-0.0006532833067627547,3.612513602339785e-06,0.002118497671184535,-0.003568246661635529,4.9993943045584725e-05,-0.0015237677649099833
350,0,1,29,17,-0.010991889634977626,-0.006926190226785042,-0.010727459055594593,0.013133174015020458,-0.02259738104853891,-0.018060412579612925,0.011881454864651394,0.009189323822589312,0.0009326291736074417,0.0010702219512560064
350,0,1,30,17,-0.004391663634402374,-0.0014922367924236908,-0.00392767093855322,0.003020376237253548,-0.004183817301390134,-0.0016595935592865537,-0.0023295898447575287,0.007078280865878554,-0.00014949516138759242,-0.0006125929445424342
350,0,1,31,17,0.004130005586517428,-0.006298044144045739,0.012088824945199526,-0.020721595147158992,-0.002330035936125975,0.017597664123306572,-0.008932352187026243,-0.018518097044700227,0.0017202762981736192,-0.0008192784147380076
350,0,1,32,17,-0.05132796109666201,0.004831643344705023,-0.007874364937223087,-0.02299353792349155,-0.0018554007436717215,0.010207545310113624,0.005693170735441069,-0.052426513225856244,-0.0001600096935334938,-0.0010519974707034361
350,0,1,33,17,-0.027410753871624637,-0.0012170572212983895,-0.01564406466226312,0.037798992870934904,0.001091504199024844,-0.008399721216943984,-0.004425539523214823,-0.012262574175637364,-0.0010646944575314079,-0.001714106846828612
350,0,1,34,17,0.0069808995227507295,-0.006289113401872537,-0.02127781682251266,0.011345876008275312,-0.009050770632241776,-0.003819941049768476,0.01100847159515576,-0.0008601177672830997,0.0009495344128960934,-0.0037019552312193365
350,0,1,35,17,0.016078916458991916,0.00258843564274071,-0.0023439943049594256,-0.0012200551735655402,0.00394963605887568,0.00013286341706135162,-0.004555258164288248,0.00794434932664129,-5.894369224491483e-05,5.001057170499685e-05
350,0,1,36,17,-0.015789364232791415,-0.005091891439701989,-0.011102682718411163,0.023920709917902034,0.0029916000075446425,0.0017275277735590848,0.011604550274437837,-0.00934748347393848,-0.0009164792445696729,-0.0044936940216209215
350,0,1,37,17,0.014898687355256814,0.015728230774568926,0.04451808023252388,-0.019769409649147574,0.019393865184880437,0.0009835567183833598,-0.015561190582291183,-0.02452960247135883,-0.0027485014438975008,-0.0030806920024167585
350,0,1,38,17,0.045112648640866684,0.012113204785683368,-0.001978330238376072,0.03176921383367295,0.0419715041480271,0.01879980455700821,-0.03272261635304062,-0.003276010159987936,0.0008833716627435512,0.002693483312357017
350,0,1,39,17,-0.022575761853122565,-0.008403516187192315,0.024584428377394954,-0.025672320039410904,-0.011249707691717133,-0.002178023470594712,-0.002677751188537365,0.01294212461099205,-0.002537144137717756,0.0015977402566364324
350,0,1,40,17,-0.02525788822083807,0.0014436358155651596,0.007408345355019792,-0.0001084304736150065,-0.004824829090667719,-0.007602191122559821,-0.004387367778801493,0.0033244183387701716,-0.0007043272278372772,-0.0015836783815793977
350,0,1,41,17,-0.03794186694495052,-0.03786838033420906,-0.0427273639190811,0.06970095252441566,0.03394186128032017,-0.0005941752280791172,-0.0033057131519189905,0.0021564694882614654,-0.0003713163080508127,-0.017120298679297173
350,0,1,42,17,0.0009284320853579715,0.004823281687331156,0.028462224417566847,0.011831507385322456,-0.015630863381766377,0.009635050450552659,0.021944207804463503,-0.007658796474339231,-0.001569027469003756,-0.00010664120781261881
350,0,1,43,17,0.008355168667410385,0.01011793599988126,0.007463930797264737,-0.032362466070024964,0.010981815602387956,0.04015533210547276,-0.07097791495976019,0.009903031015640955,-0.0010857056616850424,0.004061432701957423
350,0,1,44,17,0.004628927165940624,0.014430894396646769,0.017954964022332768,-0.023790387404588186,0.03694220272840976,0.04576656064329348,-0.05947199359414638,0.01148851025678225,0.0008050349543509397,0.0024358053284169795
350,0,1,45,17,0.015131408737364621,-0.012087747608393396,-0.0032093391332582476,0.015668585781272747,-0.007880928519223389,0.006852693992484137,0.0018112154091614653,0.0007188872437969032,-0.0003460953947655578,-0.0039164155879924745
350,0,1,46,17,-0.030612476367292456,0.004340907196966958,-0.04678255499433131,0.05459238407594929,-0.0219229409064364,-0.0084134229226263,0.01735437375290204,-0.03103072916285466,-0.0024435978578757926,-0.004753444514519872
350,0,1,47,17,-0.1112600602678529,-0.006157335952484016,0.007838830697601308,-0.050872698075480845,-0.04022450223814528,-0.04746951399974001,0.00925990167178302,-0.021949102712924853,-0.001701467940299774,0.009989149143798014
350,0,1,48,17,-0.020818094975752915,0.007676334491647925,-0.012636722100954982,0.013296774161841567,0.0010289763715854874,0.02639715269418327,-0.009241522929338037,0.0014143629711193474,-0.00023119683768791033,0.0032714750255419876
350,0,1,49,17,0.0037356516306565088,-0.0010379608741807073,0.005982765181512722,0.009202322229574646,5.990373401849315e-05,-0.010510783879886158,-0.004115971629027982,0.024528729986195156,0.0004557767888968318,0.0001284428529042305
350,0,1,50,17,0.01460989207174105,0.0010304407425759843,0.006779027808528774,0.0022678912921790424,-0.0023650915104470346,-0.01148563633511634,0.003537680884461541,0.0009671033952886443,0.00013864058249470174,0.000262003437699784
350,0,1,51,17,0.017193124891348353,-0.00013095486352333814,0.023809000446977646,-0.022821117525046043,-0.022387563132907667,-0.007327487042840095,0.0065446524147805335,-0.013511775669562982,0.00038204331777762587,0.0012739848762956996
350,0,1,52,17,-0.017087402395592297,-0.0019502589424725924,-0.00937174714381052,0.017115829247194302,-0.00875883244267211,0.0030289922238375807,-0.0028479954947281025,0.0010480629815423908,9.395112150053204e-05,-0.0037774370695573
350,0,1,53,17,-0.01510624561025685,0.00875899644408899,0.0007774650265548498,0.012692583601382333,-0.0010533910366081348,0.010953739705900719,0.011906269311580552,0.008047805272751079,-0.0015284700349071443,0.001833386722563794
350,0,1,54,17,-0.019503251261199516,0.015877978962190807,-0.06161790694684094,0.026203397808284044,0.009940656646039835,0.012394997164620902,-0.024324288324762737,-0.020603338624671633,0.0001873899712340474,-0.0036206555680191824
350,0,1,55,17,-0.0058243482306280505,-0.0010682442807806577,-0.03827384664416112,0.005576175898381588,0.006078769048541677,0.010772875062710529,-0.006425268075610599,0.01395956124802386,-0.0006766098734783141,0.005643843650205264
350,0,1,56,17,0.05463448495033861,0.009320360578894802,0.018022845220810244,-0.01011751392744246,-0.028835886103623434,-0.01309187557161266,0.014547419120138232,-0.017634419982904714,0.0007448679629094044,0.0021443898262334914
350,0,1,57,17,-0.023427675576522703,-0.003277937213798543,-0.0040319153580273305,-0.00706072743773685,0.0029767373994429563,0.004996061509990757,-0.004218547657316482,-0.0002755078599843776,-0.0006666705162248271,-0.0020641600817098114
350,0,1,58,17,-0.004681170002032825,-0.009532861342579748,0.0014101224461653436,-0.004526446808409492,-0.0021259636342444857,-0.004717230951674333,0.0011771803982963997,0.002400045743117325,5.925022703251996e-05,-0.00012050989675873687
350,0,1,59,17,0.018084253516220047,-0.0023503780613011857,-0.0016370906066678081,-0.008621074000031453,-0.0017904509373069374,0.027745420794837692,-0.0014273744920695285,-0.005706601932721942,3.807738887384051e-05,-0.0013099250425439824
350,1,1,0,33,-0.0007609324089459139,-0.00021263193428119775,-0.0003079034394570481,-0.00033162616697110075,-6.70462898007823e-05,0.0005183724564999632,-0.00012682480793216146,-0.00044936995361160345,3.5794673663318567e-06,-6.330045263605674e-05
350,1,1,1,33,0.002678065584639409,-0.00017335749560541938,0.0001360444044091556,-0.0009393386569745497,0.0016497083404542437,0.0013592810182069509,-0.001534859437512751,-0.0015835690731619723,-6.1127956039280554e-06,0.000421836700639028
350,1,1,2,33,0.0011072508726553934,-0.00018134651075195796,-0.00023236691406739544,0.0002877693843859736,-0.0004444990619220951,-0.0003728251791815636,0.00014938186109255498,-0.000445554547097825,-6.774598990599577e-06,2.3712245072538895e-05
350,1,1,3,33,0.003229485713215188,-0.00017754659146673648,0.00040237074312240653,0.0009343729319924406,-0.0030634831827297893,-0.0015670627587985233,0.0034933712387730203,-0.0005068763525674501,-0.000131097342308847,-0.00024152435157268683
350,1,1,4,33,0.0012716982885984727,1.3299771788711107e-05,0.00018562808067386648,0.0009300398395324227,-0.0011485862314941579,-0.0005857342520495577,0.0011191341097828607,-0.00043108366730487143,3.185144929673983e-05,0.000115754554907816
350,1,1,5,33,-0.001879306334625305,-0.0001748011045369166,0.0013720098425190933,-0.0012926189566660991,-0.0001841583280233031,-0.0014239948521053778,0.0006134566892004306,0.0017623789433597185,-0.00016443555306135032,-0.00010822606429553155
350,1,1,6,33,0.00012030657933364746,0.0006046654227659098,-6.340568558985809e-05,-5.370897653515602e-05,2.3337499727069354e-05,7.18806754919936e-05,-0.00011394642789413722,-1.9436657052053917e-05,6.815696756721547e-05,-7.2328187676055e-05
350,1,1,7,33,0.002755356670907059,-7.727076974638654e-05,-0.0016141686020280993,-0.0014037119867744377,0.0007068859327376263,-0.0025178434774668504,-0.0016915136061744537,0.003624009268147592,-0.0002769934505122825,-0.000630781467043528
350,1,1,8,33,0.002888566222782579,-0.00024593910135672627,0.0010511488867842543,-0.0002477644500880956,-0.0003135738848929048,0.0004906826100254287,-0.0018513490530993738,-0.002478963765614124,0.0002571134709162066,-0.0005323847530130547
350,1,1,9,33,0.0008979202278225114,4.8749199273562356e-05,-0.00027465015416019566,-0.0014616277731433998,-0.0005719490263914505,0.00042315924058526107,-0.00030031131614264276,-0.0005069224572611447,7.458408507071939e-05,-0.0002326857095216965
350,1,1,10,33,0.0021501586508510064,0.0007787568455932342,0.0013277963317885279,0.001987540737859247,0.0025985904320454823,0.0004019817086538864,0.00028477733587717877,0.004580416816486393,7.420187906603899e-06,0.0010508169422688196
350,1,1,11,33,0.00017631435884713187,-7.906744748132698e-06,-3.707420518285921e-05,-7.824699736613602e-06,-7.721765158503892e-05,-1.823851875248638e-05,2.1204289150591253e-05,-6.128805131041649e-05,9.782138109907248e-07,5.3966360748783735e-06
350,1,1,12,33,0.0014828164068466092,0.00022889225429884955,0.0012200489793969527,0.00039304792831796036,-0.001001503511475219,-0.002403622804234787,0.0011000247799694753,0.001981856648135557,3.603283619974118e-05,-0.0003637459564760869
350,1,1,13,33,-0.029944366617537015,0.0005765526642580949,0.008140913353048045,-0.0036675361588472148,-0.0015962637141883004,0.0018189073103962302,7.837394765478314e-05,0.0006136650115375304,2.8148736890909775e-05,7.129165879210441e-05
350,1,1,14,33,0.0006785509216574719,0.00017930136418626376,0.0004135655882606932,-0.00013159338773841145,-0.0003984912013917771,0.00030749159634022776,-4.935123807899575e-05,-0.0007317330458009378,-1.1124046581094061e-05,4.1630635330067804e-05
350,1,1,15,33,4.9451696752313144e-05,0.00021143984362411632,0.00015806198254182926,-0.0001316253984408443,-0.00011790789190456391,-0.0005694233606359488,-0.00014700287870245024,0.00017621372271647167,-1.3087860970248097e-05,6.236290890193415e-05
350,1,1,16,33,0.005476542638093876,-0.001299105354055015,-0.003397192190726602,0.001706450679768618,0.003015944953255729,0.0033096120536788274,-0.0029520476541523935,0.0009350363869247186,-0.0006846383666967451,-6.087497405586153e-05
350,1,1,17,33,-0.005850649724697334,-0.000619653456955536,0.0008323921807520458,-0.0006839191302375538,0.002159403835774356,0.0013843630938447636,-0.001302032428688213,0.002022041558142631,-9.353846818593883e-05,0.0010511036225681583
350,1,1,18,33,-0.0011725241466189248,8.340228070963247e-05,0.00019576414321947148,-0.0006584837386198014,-0.0008069590966396987,-0.0005374553912937952,0.0004604920740506134,-0.0008539363886384297,3.108438897621998e-05,-6.525157852303115e-05
350,1,1,19,33,0.0021052279895759462,0.0018736750048907063,-0.00015277743564834855,-0.0012618759483775325,0.0003975827516405855,-0.0005526369114013398,-0.0020588599246976922,-0.0012316568645933416,-3.842032997582565e-05,0.0011342156000945845
350,1,1,20,33,0.007428179155776552,-0.001069309322598541,-0.0003815922151980605,0.0010288779937948466,-0.0023216885256955437,-0.0069880847796218205,0.003769172134740708,0.0037510951522226593,5.411481297659245e-05,-4.989748703519237e-05
350,1,1,21,33,-0.000838912285968886,0.00023415673608681058,0.0003402703136480714,-0.00028068993199661436,-0.00046408033662367405,-0.00010714691353687979,0.0003684931182150896,-0.0006642699987794997,-1.222243677546351e-06,-1.2811993402892513e-05
350,1,1,22,33,-0.0019829389676363583,0.00019309953522870984,-0.0009544441812713495,0.0006671466786976777,0.0004628122961009288,-0.00016277399067108733,0.000400440553367302,-0.0011463570088022898,-7.440755616814594e-07,-0.00018332002298490044
350,1,1,23,33,-0.0010734974044413713,0.0010194529962721524,0.0010125718982787457,-0.00102946942906888,-0.0002490369796027971,0.00016746035521174467,-0.0005557261395039361,-7.365696945700418e-05,-1.4160981048963377e-05,-0.00014596410096694425
350,1,1,24,33,0.0018237541538131507,-4.608374416253801e-05,0.0010014957572596658,-0.0012091151426338008,0.00023580353729649796,0.0005006941688929317,-0.0012246965865402347,0.0008259863093194897,-1.6831108954731446e-05,4.9115580725268376e-05
350,1,1,25,33,0.0028871374288780604,0.0005627362472397183,-0.0014112625381956664,0.0019786698037175567,-0.0023347107830875404,-0.001194452581599159,0.004602994937125467,0.0004116069326745302,-0.00022700938285664398,-0.0008368684574444061
350,1,1,26,33,0.0011826843619420894,-0.0003627824274471727,-0.00025709001239858,-0.000514993275797407,0.0002663303318807659,0.000414425069694688,-0.0002491886134007462,9.070868355386386e-05,-1.1009621408725728e-07,-1.4188706646506969e-05
350,1,1,27,33,-3.06684978605655e-05,-8.551878558394978e-06,3.8279731460542225e-05,6.9005984395958364e-06,-2.7241060154576804e-05,-2.6023507227396842e-05,2.7938460194993646e-05,-2.7249607874966018e-06,-2.0902582264486462e-06,5.0541786317089606e-06
350,1,1,28,33,-7.470996131092692e-05,1.3457479515820112e-05,0.0006157409879902878,-0.000860325687596376,0.00047639699626000827,0.00021524240891522903,0.0011158718206848584,-0.0011089971423958243,-8.856129879418335e-05,-1.1080955883777382e-05
350,1,1,29,33,0.0009787432822231873,-0.00019671733683259668,0.00047784126760511055,-0.0002489052981838945,-1.3069261067501725e-05,-0.00030337020400344306,0.0005128233788209996,-0.00010856557061367526,1.4356331691764693e-05,-9.792060919203622e-05
350,1,1,30,33,0.00013984297915567716,0.0001857459771015454,-5.24934362813093e-06,7.929189966568831e-05,-4.4752822312666285e-05,-6.361506689239412e-05,0.00011048733857510299,-0.0002488336962361429,1.2550810701992894e-05,2.4019942043900964e-05
350,1,1,31,33,0.0010539309022220792,3.0518798718970196e-05,0.002075147933058386,-1.661312781988337e-05,-0.0006899583490099025,0.0006299784230483446,0.0010877125205546179,-9.711049091251176e-05,7.152963127065203e-05,-0.00018255874752799551
350,1,1,32,33,-0.0035008233549095303,0.0001868927874725059,-0.0009533977453952252,0.0004081204788986348,0.0006814164614208073,-0.0015136158305775573,0.0007673288569873695,0.0006399323125617597,5.145853653994675e-06,-0.0004688861501590389
350,1,1,33,33,-0.0001050457979069242,-1.6438656376522962e-05,-0.00013251955652149745,7.272416395016581e-05,-3.936670590931618e-05,-8.891582141115402e-05,7.957101450149198e-05,0.0001445978391426635,1.9954448397553733e-05,1.514697362972814e-05
350,1,1,34,33,-0.0048996129799275465,-0.0015633724659701305,-0.0012785375405048695,0.000259658776929334,-9.225364337573619e-06,-0.00029501459229575754,8.898963997888675e-05,-0.0022377150596457917,-0.00011792549726413969,-0.000421672245279319
350,1,1,35,33,-0.0007138816250793473,0.0004535075132051439,-0.001974802210797591,0.00391982521530772,0.003746222882079542,-0.0011365677028472659,0.0001872375171134313,0.0016055371182674173,0.0002387664606092971,-8.563389357347007e-05
350,1,1,36,33,-0.0009063744440281785,0.00031752121252210806,-0.0002219648090700194,0.00019401500604116436,0.00019380170546853104,0.00040761102272605666,-0.00047443477987597183,0.0005802185299762315,-3.3703158434313016e-07,-0.00012039998465838757
350,1,1,37,33,-0.008866839670566548,-0.003360845563505037,0.0008720254555338416,0.002059216241314209,-0.0031313653582901546,-0.0054065942480008245,0.000493900991872785,0.001984892784418702,-0.0004919845918583935,-0.0015240791350989327
350,1,1,38,33,0.0009311988760115952,-0.00029047173606230344,-0.0008495346904719188,7.132651831348951e-05,-0.000292510978656706,-0.0006870043363003641,-0.0003198470009559165,0.0004063303472254253,-3.104280165234171e-05,0.00028740798821587637
350,1,1,39,33,0.002263922768163882,-0.00025010620717429025,0.0012608493413419953,-0.0009414336598756458,-0.000779288508173159,-0.00024669698674667853,8.942157429036462e-05,-3.0466022863086935e-05,9.723353501107054e-06,8.523710996945807e-05
350,1,1,40,33,7.403300618777372e-06,8.720207410031549e-05,0.0003108819610335466,-0.00016485531346981634,0.00045370003598043404,-1.617470306457936e-05,-0.00016349969208677418,-3.761831619717085e-05,-2.7813091069981476e-06,2.886400582627405e-05
350,1,1,41,33,-0.000822785268357739,-2.1377190997462748e-05,0.0005408347084078628,1.6267023331585116e-05,0.00048643340412872737,0.00039383675538534006,-0.00014684354969225923,0.000669077926879778,-1.977906329341685e-05,3.407540216266996e-06
350,1,1,42,33,-0.01005085224983422,0.00037351433227820465,0.004346320270362691,-0.004652456625713725,0.007846176739547246,-1.5303235896653034e-05,-0.004623477952396447,0.005446602592212653,0.0003903835706955158,-0.0007492775723531129
350,1,1,43,33,0.005047252358049884,-0.0018208260381407408,-0.002651951257911071,0.0011218165545471674,-0.0024377627132646704,-0.0008759917868868192,6.334264156408988e-05,-9.02477809102831e-05,0.00036355843581424764,0.00037148618649132317
350,1,1,44,33,0.007473144377184554,0.0010804120922844184,-0.0018770443990350318,0.005726479045697618,-0.0022307084776717273,-0.0015259116352950711,0.012298724955560345,-0.0026400911882969386,-0.00014220761558781538,0.0005384813810086375
350,1,1,45,33,0.01395267776044299,0.0015671690730446974,-0.010041588622659909,0.0027603013918480373,0.009885851863378783,0.000352738993375477,-0.009360487000929051,0.0057463755446932096,0.0002896763392188799,0.0023213177956249117
350,1,1,46,33,0.002330973136206125,0.0011004348376786768,-0.00016041046744028585,-0.00025693656905012645,-0.0013689064493096037,-0.000545957790638228,2.4539773735019925e-06,-2.4357305775440186e-05,-3.4657179019376157e-05,0.00043258303526936555
350,1,1,47,33,-2.338066213336036e-05,1.3598462050131733e-05,-3.3887754951923203e-06,9.030121190067926e-06,-8.091207032699323e-05,-4.6868302871690705e-05,4.977144465227436e-05,-5.855508241548824e-05,-1.028760230811632e-06,1.1180169043875714e-05
350,1,1,48,33,-0.004480291446726099,-0.0002198108537570048,-9.59639324640507e-05,-0.0013516375842924997,0.0008443924472336732,-0.00047026881911697014,-0.0010238139846764742,-0.00031922697242807197,-6.919026571870432e-06,0.00014293804211806
350,1,1,49,33,-4.509886825361725e-05,9.331206288148875e-06,-0.00011125290735839687,2.4881851446676542e-05,6.910719106835696e-05,-1.6445683719167348e-05,-4.1779957732233195e-05,3.359721504817798e-05,-4.6506573837390645e-06,-1.4569098590314507e-05
350,1,1,50,33,-0.0020423968685884006,-0.00024743904598906527,0.0006158782564382746,-0.0016644700493679701,-0.0013580523044271894,3.066074567306923e-05,0.0003911922326741078,-0.0014240294936993083,-7.825361419550481e-05,0.00010588835640189065
350,1,1,51,33,0.00595213348625341,0.00012906717771046634,-0.000501408660214123,0.0013179709929258211,-0.0020849779766018324,-0.0012675721125419038,0.001905637908046034,0.0006108253885072282,0.0001310431893191181,0.00023560422186186196
350,1,1,52,33,-0.0015893629673247552,4.138506133875669e-05,-0.0007759755412864506,0.0013617150128442364,-0.00021943002134193238,-0.0009328654788652478,0.0012150437867277989,-0.001155499636378853,-0.00013950711829549973,-4.874134497979886e-05
350,1,1,53,33,0.00015265874496334098,-0.0012515814302700783,-0.001874760687942728,-0.00015075343853353842,0.0012901154400733698,0.000666486910223483,-0.0008397403382911728,0.0014810236461493854,-9.281628959034323e-05,-0.00035821259838515615
350,1,1,54,33,2.8237517741914287e-05,-1.3411157108423404e-06,2.679950330137239e-05,8.276099131479224e-05,1.422527859172507e-05,-3.667420524153156e-05,1.0653156239677848e-05,3.8839968086449145e-05,-7.670995578982542e-06,1.5085148918092092e-05
350,1,1,55,33,0.00038154169385420315,0.00033267883154103193,-0.0003891124756861415,0.0003656355584454078,-0.00022576219833241683,-0.00017154341338766602,0.00028788435712383406,0.000146618069701788,1.0505246527303468e-05,-5.302806234776444e-05
350,1,1,56,33,-0.0003620425182021644,-0.00016769880106681442,-1.4747914867047822e-05,7.198585708191169e-05,-0.00016487040131430285,2.395836443323161e-05,-0.00011532000091161311,0.00022272832448617003,2.8787883879964095e-06,-3.4673533507606655e-05
350,1,1,57,33,0.00016696199559252994,0.00033493774736155724,0.0005101943575160353,-0.00029197667439860754,-0.0007281589571132149,-0.0004131328350202486,0.000575294421487914,0.00023763744405861598,1.5106600775480715e-05,1.463985391007935e-05
350,1,1,58,33,-0.00039265219918682926,0.00036676476857022683,0.001589577460627006,-0.002320317871730882,0.0014954005523132542,0.0005951911056709194,-0.0010403527722266004,0.005268065962697075,1.5208616212380026e-05,-0.001020601855339087
350,1,1,59,33,0.00033049987628919805,-0.0008488886308611703,-0.0004866474699266627,-0.000820316403853039,0.0006086048342671439,-0.002361835540592165,-0.0022694615252835952,0.003379595313865411,8.638774793225004e-05,-0.0001621490518745968
350,2,1,0,65,0.00011613930890324339,-7.459596418692012e-05,9.649178506305942e-06,7.089575459851841e-05,-3.440727973942505e-05,5.7014036191015286e-05,6.08579897901291e-05,-7.56103593289537e-05,-3.95491954947994e-06,-1.300343313219404e-05
350,2,1,1,65,0.00013147502178264398,-0.0011731254267925647,-0.0019739322852006303,-0.00039996000351718246,0.000675871081831592,-0.0006412801630582201,-0.0014643659683543661,0.0013912730659368813,4.922120450834733e-05,-0.00010314985998183817
350,2,1,2,65,-0.00031709911206446057,0.00022576279653495628,-0.003680482396308948,0.0012341466520542981,0.0015262125646049683,-0.00042451709304093294,0.0006418984129792224,-5.107618518451138e-05,4.237418395672167e-05,0.0002608840966169939
350,2,1,3,65,6.466007827128714e-05,3.295476444318374e-06,-1.049030013763538e-05,3.4748521507492674e-05,-7.148500693413474e-05,-5.218975394024247e-05,-3.461145492570857e-06,3.3169115278190484e-05,-2.1195230730739396e-06,9.42690256990596e-06
350,2,1,4,65,-0.0077409254751636064,-0.003818683470695153,0.008385136909307759,-0.00744335845643382,-0.002967178501896734,0.003954691449731643,0.0020886461627016026,-0.002246228627307688,-0.00031039157733802784,-0.00041684626602699
350,2,1,5,65,-0.0002507270394489921,-0.00018766206146869426,-2.0671045673861793e-05,-0.00021311933993160725,-0.0009876932112136685,-0.00020802799568149277,0.0006967322461056374,-0.0003805860997579602,-2.0110247592900117e-05,-5.9988569248431875e-05
350,2,1,6,65,0.0018565794652853804,-0.0004938034120067759,-0.0003304795117354475,8.074195483171211e-05,0.0008669485972592252,0.0006775287244247921,-0.00030122170450980093,-8.882676154363662e-05,1.3451453758448947e-05,-0.00017763378352316685
350,2,1,7,65,-0.0003085337805905531,7.071758828697962e-05,-8.708888323974132e-06,-0.0004692151072712156,-6.050312163784767e-05,-5.0362218910900546e-05,-0.00019013009947416168,0.0001482759086053824,-4.824940521941019e-06,-4.553831368717516e-05
350,2,1,8,65,-0.0015584065677783925,0.0004833164001899208,-0.000527796467199338,0.0011791309035054265,0.000651892813310521,-0.0006507939665538764,-0.00012734380530033052,0.0005451003884880141,-4.156235295064688e-05,-2.7868180193210364e-05
350,2,1,9,65,-0.0001760564308616902,-2.134325439685331e-05,-1.253410494271549e-05,-0.0001822071367244847,0.00016985556383888517,-0.00015607208939548108,-0.00010151349111986288,0.000171569439785262,-6.403827720833608e-06,-4.9604665561352665e-06
350,2,1,10,65,-0.0012719410494889927,0.00018486921175362673,-8.945344700161616e-07,0.0003464604200956653,0.0007147721381219519,0.0007690175228454714,-0.0003158373782441395,0.00028225489562348603,-3.4315910256591333e-06,5.572955347619037e-05
350,2,1,11,65,0.0009014544713467393,-0.0003675169410573278,-2.7748136982062018e-05,0.00032610641660883,5.45722782443217e-05,-0.0003471216117226089,0.00040966177494254917,-0.00016571326901409966,-5.281677427823766e-05,0.00020278625481519037
350,2,1,12,65,-0.001560710153272353,-0.000390959507934904,0.0005468007662488964,-0.0007655139193602413,-0.0011895024305189745,-0.00032690492879914235,-0.0001663346873488183,-0.0007466332606502654,-1.2870579665585882e-05,-7.723663586729586e-05
350,2,1,13,65,-0.0009689172428017031,-0.0002795524814496003,0.00023466718542189266,-1.3493545553046771e-05,0.0005283338393249559,0.0002542072841694739,-2.425618872341907e-06,0.00035937545858727226,4.930098169519044e-05,-5.947884321192439e-05
350,2,1,14,65,0.00025647584484292775,6.22775015994701e-05,-0.00011915783265954689,-5.592708706004831e-05,-3.1321984218886045e-05,0.0002871157676713667,0.00011448214736415207,-0.00020931591180738004,2.158349610629883e-06,6.173287366073021e-05
350,2,1,15,65,0.0004504098417125172,9.811307140831055e-05,-0.00024081591591827966,4.762175954447676e-05,-0.00023150934540919885,-4.53476198925766e-05,-8.755749998245144e-05,6.337586155271488e-06,-5.845851752603469e-06,0.000117225506636319
350,2,1,16,65,0.0012139283312259243,6.629306579533404e-05,1.1797556960170164e-05,-0.0005399257573683812,-0.0003105396844315973,-0.0002630608346301864,-0.00013345456069304947,-0.0003305111099070298,-3.85291786294012e-05,8.759183222421317e-06
350,2,1,17,65,-0.0018852154768509105,-0.0005931402318467188,0.001590989909461561,-0.0017910749528483795,-0.00016212157248913787,0.0004995256719412437,-0.0008950268451127324,0.0002522364665658763,3.914519227962176e-05,0.00024354335949946883
350,2,1,18,65,0.00014000494636574916,-7.147807440701935e-05,-0.00027418851642902094,0.00017784242316510064,0.0003267237719528218,-0.00018233516948697922,-7.080729713711757e-05,0.00010892851038887716,-2.9758351944196156e-05,-3.792176052951066e-05
350,2,1,19,65,-0.00022148272520997595,-5.225505644497911e-06,-7.511779823028564e-05,0.0001672923188767331,9.63145524377653e-05,9.311719757975934e-05,3.626764620076819e-05,9.858557751873892e-05,-9.629273123861181e-06,-2.1499907172840112e-05
350,2,1,20,65,0.001395420571304904,-7.651656452542502e-05,-0.0007678826281665998,-9.030654351265627e-05,-5.774882038148377e-05,-0.0009925860520176536,2.4362153885305992e-05,-0.0015608978518137505,-2.4559544668891135e-05,-0.00011379062453489975
350,2,1,21,65,-0.0013859798295900944,-3.468807681146988e-05,2.280813660763751e-06,0.0002970077089817197,0.00012753326709032256,5.804534614422136e-05,0.00015663951728886339,0.00045401492946145564,4.635358631984112e-05,0.00015162053050312582
350,2,1,22,65,-0.00018598570847242727,-7.666226035930946e-05,-0.00011808554717680576,2.6438945157677336e-05,5.9720236849595455e-05,-0.0002087496366968213,-0.00016535381717003845,0.00010281303342533259,6.664126363144615e-06,-1.6804538674620816e-05
350,2,1,23,65,-4.659040006450436e-06,8.581502062508185e-06,2.619131902304406e-05,-1.415500673134764e-05,0.0001320417670557103,4.463936803304593e-05,-2.4208383875351705e-05,-9.683679810207418e-05,1.8614594640231224e-07,-1.9887059219281908e-05
350,2,1,24,65,0.010608857937736136,-0.001271302196670874,-0.0014190119260961635,0.0010320320222514984,-0.002020541266230933,-0.002744925248487779,0.0029673377174981885,-0.005098921179660593,-0.0001377101659110485,0.0010477563689453215
350,2,1,25,65,-1.0783466026905139e-05,4.059982219447603e-06,5.806545406594077e-05,-6.215893902555863e-06,1.3138186440888902e-05,-5.847812195290912e-07,2.269229265913149e-05,4.0611184763486155e-05,1.0071346902736341e-06,-1.8810803049787843e-06
350,2,1,26,65,-3.739574796000444e-07,-0.001505374072621031,0.003124350588519332,-0.0008115022678962415,-0.003603817923507998,-0.0004966103622172653,0.0018799593024278693,-0.002525740376087863,-0.00011875273561250299,0.00035932274756433555
350,2,1,27,65,0.004242430846108482,0.0006584962059979437,-0.0005063544734920249,6.475888947218046e-05,1.010381113789524e-05,0.000438396886298728,-0.00037287241842357406,8.360149296126953e-05,1.9906679388232194e-05,7.769082239856888e-05
350,2,1,28,65,0.00025716029883737725,-2.0477979448242963e-06,-2.5616237361386412e-05,1.5544502245090107e-05,8.274028255011865e-06,-0.000122953087862331,-2.1558747132567842e-05,8.022364312957811e-05,6.844358781481921e-06,-2.4452940410755286e-05
350,2,1,29,65,0.0012318010796824013,0.0005409795891077583,-0.0015079138801284472,-0.0003690023957376933,-1.919349368030564e-05,-0.003129024373523752,-0.002686493512624283,0.0009778706233896162,4.979525896816306e-05,0.0007061789496799763
350,2,1,30,65,0.002027175578605082,0.00328606025333242,-0.00036806060082628767,-0.000812100643114714,0.00253990177154974,0.0005122740475213968,-0.0004569023393453106,0.0018316274247972514,7.146590892918141e-06,0.0017471666092434143
350,2,1,31,65,0.00029123514077054565,0.00020815210254098907,0.0007108182548851001,-3.491247519983578e-05,-6.654547395925259e-05,0.0004334162011166271,0.0004705249441993836,-0.0020581903909466857,0.00011858664368344009,9.552736400161113e-05
350,2,1,32,65,0.00039763477444074516,0.00020484399538487372,-0.00010113659008138466,0.00020287399259517536,-0.00026134051543975754,-0.00027166384021388653,-0.0003616994992679763,0.0001874505427841544,1.5542957977082905e-05,4.6211458539453805e-05
350,2,1,33,65,-0.0007056522986084379,-0.00011261306719522409,0.0026930292553226667,-0.004286651538138793,0.00290310605003816,0.0050010094529508555,-0.004510537921267634,-0.0036808412291367363,1.3010599972888858e-05,-0.0005881009128556514
350,2,1,34,65,-0.007140419529363755,0.0013361906036422854,0.0002056265241955205,0.005554387517903054,0.001883943890628354,0.00226405151727619,-0.002235351939120469,0.0018685036192157309,2.1019924038994802e-05,-0.00035406684741096306
350,2,1,35,65,-0.002215152710579311,0.0001712941369668174,0.0006436343686880529,-0.0006229433113946482,1.819719166509695e-05,-2.329016140240697e-05,-0.0006578387090089508,0.000776093693472446,-4.431997793131502e-05,-5.565033147014698e-05
350,2,1,36,65,-0.00015690011198409563,-6.027899051740894e-05,0.0005276530010827466,-0.00021131883961478365,-0.0008860564244666868,-0.0005948433663141653,0.00035027388349650725,-8.715543996331815e-05,-1.439685797817507e-05,-3.358211657714455e-05
350,2,1,37,65,-0.00022337038440873604,7.796062193501556e-05,1.034869424772242e-05,-5.725870968319648e-05,5.0111384044383976e-05,-3.436298131088115e-05,-0.0001642638212661284,6.144624973844835e-05,-2.2106571704175493e-06,-3.4855281463029995e-06
350,2,1,38,65,-0.001048177120411082,-0.0003775566697360358,6.517028827500466e-05,-0.0003367844563484035,2.669843992219523e-05,0.0008350534362171292,-0.0007015790544342867,-0.00012294916642233795,-3.6578760732452876e-05,-0.0001222025177529067
350,2,1,39,65,0.00042519276999244536,4.180481735388811e-05,9.255686696814059e-05,-0.00025709798949009627,5.893703635281563e-06,-0.0002775442828567183,-7.467713085519252e-05,0.0006789650876411097,2.2209827481570552e-05,-6.467371834808603e-05
350,2,1,40,65,-0.0011786902387162254,-0.0002757901347319748,-5.7347895513488076e-05,0.0002775909094265126,-0.00028570092137047666,-0.00016625857858347675,-9.510972123659143e-05,6.972534212831139e-05,-1.3620300983654523e-06,-0.00016177052955344866
350,2,1,41,65,0.00011626734881777266,-4.484944250519849e-05,-4.952726906162917e-05,3.943985983987274e-05,0.00013029465693284244,4.568083660084697e-05,-6.052110610386863e-05,2.7513607296800673e-05,-6.949063288322494e-07,-1.0566941588720632e-05
350,2,1,42,65,-0.003581513175503544,-0.001909070676749593,-0.000526042203521327,-0.0003050310253219807,0.0013977347074339938,0.0013459692353461985,-0.003008462822146433,0.00032230211873926555,-0.00028141489391251374,-0.00018761271427990666
350,2,1,43,65,-0.0006913621102780814,-0.00014898189144328281,0.0005430794354749684,-0.0004042824026879093,2.3633714649693107e-05,0.00044881552800678514,0.0001231381607499927,0.00038040858762761605,-8.306116851258841e-07,-8.937838991554591e-06
350,2,1,44,65,-0.0005518856573716221,-9.565064771886812e-05,-7.37873717115316e-05,0.0001652437788660915,-0.0003070323253899874,-0.0002492437120845206,0.00022551419974683158,-9.255190250921477e-05,-1.353256293440352e-05,-7.857163610877908e-05
350,2,1,45,65,-0.0023018923911795864,0.00014509376764804238,0.0013758786097126442,0.0017806921594603871,0.0038002893941199863,0.0024002070070201923,-0.0025481774270670926,0.003077926994478694,3.452380718256846e-05,0.0001981456875645661
350,2,1,46,65,-0.0035040943394134957,0.00032692115343192513,-0.0002718311349396677,-0.00015255693004206155,0.0015923315151798161,0.00215512688836578,-0.0009109929372559985,-0.0025515388462548287,-4.060390556874985e-05,-0.0005453265847802592
350,2,1,47,65,2.953536858836152e-07,2.7792430174067233e-05,-7.020561768425727e-05,9.837694027401418e-05,-0.00012364379580827618,-0.00012728030680053695,4.5299216474301024e-05,0.00011089064054815058,8.913841691976985e-06,-1.853949764898567e-05
350,2,1,48,65,-0.00014042078464555983,0.0006415837997486881,-0.0008480668789843214,0.0012747502841640704,-0.0016913324656249726,-0.0018419416701416173,0.0013990469717377865,-0.0009501100551329649,-6.600876285227679e-05,0.0002652809603179258
350,2,1,49,65,0.0009993839341616963,0.00010209149889993057,0.0014640774315109264,-0.00011445974492764073,-0.0003717124152533622,0.0009458522231377028,0.0006120416872413761,0.0010829117701133303,-5.369481229646409e-05,0.0002954890206435833
350,2,1,50,65,-0.0005690410919761418,-0.00018216897719275377,0.0001529462285044236,0.0005967918244742711,-0.0012967526034185315,-0.0020228185487526735,0.001329182351785383,-0.0005606979546556253,-2.5459099530705615e-05,-8.534720609867728e-05
350,2,1,51,65,-0.0006817646826566615,-3.775415496290557e-05,-0.0003635626499917717,-0.000148695628994169,0.0003203938779654498,0.0002928532748026727,0.00019252747338303867,-0.0002591611767844289,-1.526529989627998e-05,4.5084636999628755e-05
350,2,1,52,65,-0.00016554190352980849,-0.00018668804947938718,-0.00039887074847359263,0.0001937582688031764,-5.878334118112682e-05,-0.00031675088341732614,-8.513038068351324e-05,-0.00015638938644476418,2.1088358843766952e-05,-0.00012355771982349226
350,2,1,53,65,0.0009187436513648325,-0.00025512941074632453,0.0008539345180653221,-0.0006592228117947058,6.841263023755292e-05,-0.0006032999910724996,0.000590110120496524,0.0004612993069667134,-1.8047846838760166e-05,-0.0002672000664971325
350,2,1,54,65,-0.0010602293571249316,0.00015164149417249033,0.001507252462251743,-0.0010127857950999576,9.345123400549335e-06,-0.0014248473388714664,-0.00018797858249199487,-0.0027339396219876405,-9.810870424633643e-05,9.30217682344063e-05
350,2,1,55,65,0.00016506195647812032,2.5712793520318702e-05,-2.116811508911657e-05,0.0003377592958842083,-3.7589698219439585e-06,-0.00043726621535371827,0.00019016655760849323,6.134708700264746e-06,2.2482527040166368e-05,6.446064546396742e-06
350,2,1,56,65,0.00010695811198459468,4.263495150525046e-05,-7.978128658455052e-05,9.237629933494263e-06,0.00029218592181760075,0.0004780362554523247,-7.780733823804582e-05,0.00015097675506261843,1.591566653502957e-05,5.386542154256803e-05
350,2,1,57,65,0.0008405906378649945,-0.0007971802946805409,-0.0019430319572325465,0.0013113381905654274,0.001660158723666931,0.0006920370371499542,-0.0017024963225132704,0.0010129212526267463,-4.799140617388932e-05,-0.00027988675245796824
350,2,1,58,65,5.683690290252367e-05,-0.0001320073707151253,-1.0963769088880414e-05,-3.9730244799625985e-05,3.09859061952973e-05,-8.012337935385262e-05,-0.00011845697148844171,0.00029330872547412803,-1.965066717770848e-05,-3.832898197851547e-05
350,2,1,59,65,-0.0001758063648780811,-6.77723242002304e-06,6.126671022182191e-05,-4.3761310014901205e-05,-2.138769640003323e-05,-0.00012082259863285129,4.6598720292013334e-05,0.00016264713925163597,2.526142257740482e-06,-3.284918167179921e-05
350,0,8,0,24,0.008731973056196532,-0.0010204010536747922,-0.011879663674774317,0.00864569428527975,0.007766863689397679,-0.0014012854818414545,-0.0031789705471302276,0.006526445183831875,-8.998171794436197e-05,0.0010113468650430964
350,0,8,1,24,0.006562744584071405,0.002713584448533493,0.005943459678258304,-0.0010329439492488236,-0.003280615795942473,0.007979231612436334,0.005293584285696144,0.005033286911428805,0.00010217793977058184,-0.0007698409995047992
350,0,8,2,24,0.0026253692872020935,-4.368425723883483e-05,0.0005721261479569234,-0.0016730403827138213,-0.005122184042060647,-0.0030716478832631356,-0.0004331328234894997,-0.0016174658893613064,-0.00010917289867289725,-7.120829867623035e-05
350,0,8,3,24,0.031048321082860965,-0.0029969221762655043,0.006205703083167506,-0.004857437949560649,0.013239281144408071,0.007958283439065884,-0.002829695015011958,0.014573522735252042,0.0006957979161604565,-0.00017763873901898374
350,0,8,4,24,-0.007118502121297309,-0.0019886797068365135,-0.0026476277329299668,-0.005334799339622965,0.0003992188373393153,-0.005167266552251506,-0.0018001852163988508,0.006539784153278298,-0.0002543474227149189,9.195480136111949e-05
350,0,8,5,24,0.024469085787874392,0.0006246491501214898,0.017882121167240327,-0.014598296317369808,-0.0032274045061057633,0.010995795760070487,0.00831206434682595,-0.01492027614504333,0.00047761603914453195,-0.0007735946099913229
350,0,8,6,24,0.0005601511126038425,-0.0009216713683965112,0.0022888644764103095,0.0010282172283558348,-0.0002384378485256139,0.0005577451237286684,-0.003184356631115227,0.0022397804398456103,-1.3736947841233447e-05,-0.00036911628240398367
350,0,8,7,24,0.0017939785072731808,0.0016104420855207126,0.0014507411015869805,0.0008013889953066978,0.0009329517216432421,-0.00041499953735619035,-0.0023783164953589224,0.00550150926184151,0.0005557817057242539,-0.000251365212335533
350,0,8,8,24,-0.000926684733849082,-0.010672961309047357,0.0032764560175796904,-0.006655669638928095,0.007357384981380386,0.0028354825156224383,-0.006809646696703656,0.0024935566918601873,0.0006206121595024855,-0.003074886916346522
350,0,8,9,24,0.013490472781963329,-0.0006993775871679302,-0.006491991189300788,0.004084602647560852,0.0015167903130138636,-0.0029096757382127414,-0.00045081651599903174,0.004712587588745463,-0.0002871997845615263,0.0005100946290962978
350,0,8,10,24,0.0006545031913659309,-0.0016603738096747436,0.004521323220980788,-0.00283119115504582,-0.002236226143513712,-0.004569814535781663,-0.0005482944090525486,-0.004943951173099544,-0.0007576506324679459,-0.0015870488064687294
350,0,8,11,24,0.0069869761755862875,-0.006118589843036204,-0.006720241922449488,0.004859795629866527,0.009454062671159365,0.0043660408864037385,-0.006432541086812187,0.0068728097199751365,-0.00020790192727247137,-0.002611721951872119
350,0,8,12,24,0.011559821234344438,0.012169898166594868,0.015285654852724163,0.010027858275682732,0.018500938128126018,0.007473574858961237,-0.018673162175294755,0.022406266402213028,-0.0006062311317372513,0.00473386548116202
350,0,8,13,24,0.043371904881503505,0.0027938640111060987,-0.011799969455603219,0.03110682826694407,0.018285566457517034,0.013684555162870357,0.005807047369963378,0.001133563827267002,0.00041326715310750046,0.005228338150682554
350,0,8,14,24,-0.012515599130198628,0.0003585652556339254,-0.010507117912029781,0.007956376591810027,-0.008625366276269475,-0.0006805491494514793,0.0054239584547081865,-0.009158669687116273,0.0010723748368875491,-0.0016625624312930996
350,0,8,15,24,-0.032774378275898464,-0.019369918429054403,-0.003938450821604643,-0.011031399754394138,0.0023098045561424103,-0.0006734696427743172,-0.005430199367512185,0.006424990981222932,-0.0017653425690652633,-0.008250293750670388
350,0,8,16,24,0.006385996681513404,0.002480508840177764,-0.008935523712923646,0.0034364831098459233,0.00414177355910732,0.017334645006148834,0.005332737512353428,-0.01308902205666459,0.0005529194176446435,-1.2550094316235547e-05
350,0,8,17,24,-0.005160143446716135,-0.0007474206037723691,-0.003231071039168864,0.0005458671453753859,0.003379101763377683,0.0019339006859647137,-0.0023287122565893797,0.0029234090871982274,-6.143273780811104e-05,0.00018907889394013808
350,0,8,18,24,-0.029448521821514195,0.000772400708647553,0.005630690950641894,0.0012428776734339977,-0.0022944810213535124,-0.010621373356407372,-4.1012788934865346e-05,-0.01233094026103937,-0.0006398954118499991,0.0012941089868862186
350,0,8,19,24,0.013504873000918878,0.003557437047658501,-0.009274495386553035,0.011257441539424025,-0.0022556761245201063,-0.009503895510788394,-0.0018759200502767367,0.009459858681968495,9.730131653355059e-05,0.0031046808800337575
350,0,8,20,24,-0.001809028764996784,0.0013346153948253926,-0.000362392153488353,0.0022350290701701257,0.009958602067774195,0.008177457918251316,-0.004893641972414608,0.00336449392338741,-0.0003207623728985076,0.00015016581814683745
350,0,8,21,24,0.0010126700857391886,-0.0025016123844408366,0.004096499638996537,-0.0046267646462375715,0.005157721224138093,0.007674744824775411,-0.005666632984720145,0.0027901095387551306,0.0002862645783804975,-0.0014099946755520099
350,0,8,22,24,0.030968757373519007,-0.000678012951333894,-0.00626099568169461,-0.005363788940421645,0.011825488894465415,0.0019305348069018034,-0.018977817264128036,0.0025698416624695894,-0.0008592693654050857,-0.001001440824592666
350,0,8,23,24,0.002693742233632508,0.0001058100964881325,0.0002713738472019528,0.0006922779578971371,0.002917536997430206,0.003680022922330573,-0.003958717540292395,0.0007113393380035399,0.00024835518917207917,-0.0003123775571226428
350,0,8,24,24,-0.024930164128155217,0.00024613223986748225,0.0006403352772509272,0.0013746463786858832,0.0038662942170054346,-0.008413465461112489,-0.004301709106434791,0.009446265139386383,0.0006388769531280784,-4.531092742261051e-05
350,0,8,25,24,0.011116570589344213,-0.0005588934475803517,-0.007103520270889183,0.0054449389015241495,0.003810146981802611,0.004091394954867212,0.0008341341928447025,0.0013303304563186946,3.834629921766093e-05,0.001806986389711026
350,0,8,26,24,0.025879709439663216,0.0016617041945754959,0.0012364368421813924,-0.003438772973004359,-0.000446224478115081,-0.008086778546300855,-0.0039137005001272035,0.0035730298036646367,-0.00010546608116751478,-0.0004235247826625964
350,0,8,27,24,0.016979275265389303,-0.0033051251678388057,-0.0034220584019422984,-0.0006798241446535408,0.011980349857885153,0.003930307010049621,-0.01156177245389112,0.0045604884375617105,8.037056025522122e-05,-0.0017979284551608674
350,0,8,28,24,-0.017673997698124916,0.004691382665836481,0.01559816758758178,-0.0017137356473368314,0.011722774656456367,-0.013350225712373692,0.011110433664569389,0.009375261300075918,-0.0003566008259536663,-0.0002067317740332452
350,0,8,29,24,-0.01101735930270193,0.0026512813382838273,0.002876023598156803,-0.008694585888709198,0.015167907584094344,0.006839880718096059,-0.010330057622043722,-0.0004199947429007959,-0.000316188297332289,-0.0001588287016397622
350,0,8,30,24,0.011294550934477695,0.008757993284362404,-0.0021467107882004923,0.009235665974694558,0.009363099764106715,0.0010957079900519437,0.0037346207974948724,0.006506224181273,-0.0001472953038695048,-0.0019231736913998144
350,0,8,31,24,-0.012739033118543372,-0.0034950146060676052,-6.323851163302519e-06,0.0038512562685894705,0.00959389558473592,-0.009006066543306762,0.001308427278849912,-0.009840848863300139,0.0006342033022246644,-0.00020186927257097618
350,0,8,32,24,0.005275753707045116,-0.0010221970790524454,-0.0015207012490607856,0.004941231398704458,-0.004777072456722502,-0.008195216270778561,0.0035904696239355124,0.004769794613674772,0.0006752164486604207,-0.0007636210326183522
350,0,8,33,24,0.010397847962938958,-0.00024011350420453145,0.00824104381164472,-0.0025481878932185225,-0.002908715700973792,-0.0023915881673029485,-0.0005963789374043675,0.0013545789675050443,0.0006221856496767117,0.0010179155307215248
350,0,8,34,24,-0.0061454612403284755,0.0012000356540377763,0.0020041407249594707,-0.005292174241111559,0.00712480282953246,-0.00020701305186598444,-0.006595595286517727,0.013535662300111682,0.0009469128347457445,0.0013515387497067834
350,0,8,35,24,-0.027657696735309933,-0.0035747732117298566,-0.0014083053456232556,-0.005852768052289364,0.0032865838132671837,-0.0024106144568051074,-0.0039038725039408882,0.006550414211006701,-0.00039656583794499224,-0.0014052472843617595
350,0,8,36,24,-0.0049708323445966365,-0.0012131797432983781,0.004824953540456764,-0.005649200271982681,-0.0032130523411816234,0.00017669137673622824,0.006938592244026915,0.0005746308098579585,-0.0003446625964534153,0.0007427400756029264
350,0,8,37,24,-0.02540615634724583,-0.002786212316547137,-0.009469047046049667,-0.002611426875009937,-0.004273390551643336,-0.015818499414394116,0.005725450248667877,-0.014269763732559403,-0.00010107543169722512,-0.0008678295783533815
350,0,8,38,24,0.01835908932954348,-0.0032139709924367647,-0.0003911820053666259,0.02379078767442951,-0.0007348740518946166,0.007129219137037566,0.005660789267553166,0.002813550471004622,0.00021197705417868725,0.0014260922390234047
350,0,8,39,24,-0.06694001022212383,-0.031777077560309244,0.0028947280175640085,0.008043962568763146,0.0006801645600011702,-0.02020803221175313,0.013377028506366732,0.0051748121294141235,0.0018485352725508488,-0.014104369262014062
350,0,8,40,24,-0.010359461620639002,-0.006016935946024378,-0.0018723008678649764,-0.005936428692781238,0.006984601763421558,-0.0011833675821237976,-0.0006044097389550193,0.0039421706227573215,-0.0004990520258842369,0.0008916432609583772
350,0,8,41,24,-0.004132273176522788,-0.000588737597435766,-0.004063833876161663,-0.0013097338011848257,0.005889872051083585,-0.0032874012240459633,-0.002818081937989058,0.011238460493009892,-0.00012611146671880234,-0.003218562092415192
350,0,8,42,24,0.005863002668392064,-0.006567708477309407,0.004718417301722199,0.00475639313775359,-0.0033838233223167607,-0.0033378808646432555,0.0024321141224087207,0.003566469290471987,6.221495804463821e-05,-0.0009178042016894732
350,0,8,43,24,-0.02428236894029755,-0.005138775240470031,0.007876151765452508,-0.0050353577175269865,-0.0024620220698960164,-0.0012135056891463944,-0.0002511700915727701,0.005394081459333466,-0.00030333056871762327,0.0008752075694307964
350,0,8,44,24,0.006847597944738179,0.004827118897220117,0.00036434286534549874,-0.0020001529706560797,-0.004570417793584387,0.00022637253778540114,0.0003631159121012099,-0.008652983399120573,-0.00014179849540550365,-0.000124498509293485
350,0,8,45,24,0.016022679628955677,0.003800336391460887,-0.0029381729802191708,-0.005062066413472129,-0.00720030541484198,-0.00433128005885716,0.0006016064760295948,-0.002269946194785272,-7.884093691334741e-05,-9.883451741330465e-05
350,0,8,46,24,0.021245086606568844,-0.0014450206879170547,0.017955793086429108,-0.017893660909976378,-0.01304812035221972,-0.0014035765853701834,0.004485188898846921,0.0007203780748813032,0.0007796114348781647,-0.0013437695712762649
350,0,8,47,24,-0.013616364016476076,0.0018465943150512184,-0.001208392501923252,0.0010782371733684864,0.0002929849500662706,0.0014448232228038529,-0.0008727624837343117,0.0061876796854011115,-0.00013528225673673327,-0.0006958910365345722
350,0,8,48,24,5.983182399584854e-05,-0.0030653741311453026,-0.007540337412958386,-0.005857497685436463,0.015965769052547287,-5.1696133242885205e-05,-0.008174577887040504,0.014436783517950623,0.00010887720427236715,-1.9245338385892857e-05
350,0,8,49,24,0.0195301116249867,0.0021728521052307393,0.0019020184979276914,-0.0012756569955699125,-0.0013796397156142135,0.0009126209702842946,0.009659590595284866,-0.005919847725105132,0.00014939038596213677,0.0013852544908724766
350,0,8,50,24,-0.01019000166291825,8.434133677830927e-05,0.000456507125155199,-6.695874496323584e-06,0.0017597484645524514,-0.009854753265460195,-0.000884104938559417,0.02018454015749765,-0.00028841018345573976,-0.0028722601501949482
350,0,8,51,24,0.03710861914920051,0.0091215283961837,-0.006183476468845919,0.005090127947825485,0.001967680841601858,0.0016811163173005165,0.003561592718611441,0.01614223567556553,-0.001092082142435817,0.00407302161908302
350,0,8,52,24,0.00048078264686173943,-0.00406605210430247,0.000858980813693186,0.0002214616839175085,0.007180833166711474,-0.003153346414425134,-0.0023303699973816197,0.017105061120701398,0.0007270032854488381,-0.00017259080195417172
350,0,8,53,24,0.006816458152553814,3.749748765954366e-05,-0.004484657635874325,-0.003046669170583131,0.013307040029671167,0.002505627434425433,-0.010852800046368861,0.004257055545290761,-4.988805613306737e-05,0.0032234888609098873
350,0,8,54,24,0.016701337319177306,0.005653198170594687,0.0003525845748183229,-0.002442983549173723,0.014971827580452138,0.017296211807120966,-0.004837965142303148,0.007668699390789802,-0.001141201596115438,0.0003786393501469535
350,0,8,55,24,0.011138803541831298,-0.0037424098386666604,0.006454181644798549,0.013307800626920547,0.0032714488776489402,-0.0033600123243522945,-0.0022518404690197702,0.008914094876087884,-0.0008591980389865277,1.1867677269744668e-05
350,0,8,56,24,0.0019843826878940514,-0.010127466229546345,-0.0020493220397929616,-0.006729502502959416,0.010209104388261565,0.005380476052728587,-0.02161319798394108,0.015246493824965056,0.0015819257232283252,-0.0011264497083216594
350,0,8,57,24,0.008442651156798887,0.004308054182949515,0.007538958161000519,-0.008854094297791878,0.0001972197443903508,-0.002816764766919707,0.0029382997285526307,0.007234306648717628,0.0003311610081940751,0.0024227763591835585
350,0,8,58,24,-0.012644167599769695,-0.003341590585600392,-0.006340789918612418,0.010868210283459469,0.0011460102471460645,0.008737792848366677,0.003490758278651227,-0.007878195654103155,-0.0005351334443584385,-0.0008475339442121572
350,0,8,59,24,0.0031903159294126475,-0.0005467459884048775,0.0012147260548587286,-0.0027289633617749607,0.003109187722189289,-0.0016322660683146272,0.0007028149843409427,-0.004513579744244304,0.00017795197981730556,0.0011768086264910861
350,1,8,0,40,-0.004128465196553637,8.271490825890066e-05,-0.006140299594422517,0.002171483393531089,-0.0023465091690092724,-0.004460634363499689,-0.0014747635189398586,0.002581616719695016,-0.00024105309018763226,-0.00036513016055320915
350,1,8,1,40,-0.0014940530857548472,0.001664236446048072,3.298848078641428e-05,0.0017741930685516863,-2.7862718516306483e-05,-0.0018428451369406505,-0.000792597467798292,0.0007721389245452175,1.648822677138784e-05,0.0006422582503304622
350,1,8,2,40,-6.425232197780521e-05,4.6925803227868064e-05,6.215040355597246e-05,2.7727330291507083e-05,-3.361512420771412e-05,-4.0995490394151945e-05,6.278713802764661e-05,-2.5664802480971275e-05,-4.2579829034190976e-06,2.3429949226906064e-05
350,1,8,3,40,0.0004620606598719258,-6.62340539516635e-05,-0.00015249670144624328,-7.137436605062363e-06,-0.00025807626648044696,-0.00013859841028575836,8.389397028028364e-07,0.00028442554558615486,2.3132435651114228e-05,9.415300773323631e-05
350,1,8,4,40,-0.0013689612961294952,-4.2355405388772624e-05,-0.0011060391526636103,0.00013013377788726236,-4.02096714452348e-05,0.0009151656307885462,8.197911150508618e-05,0.001656464919482514,-0.00011571957715543246,4.3411597316209876e-05
350,1,8,5,40,0.0008433112076144215,0.00014685848684797357,0.00027325806088617004,-0.00011637962427825758,-7.872864041975073e-05,0.00015154081040761512,0.0001702255721358289,-0.0006553723159003618,3.010162154649788e-05,-1.815432050428176e-05
350,1,8,6,40,0.00037754760515943927,0.00017707833515313132,-1.1927673582479391e-05,0.00012980234994483574,-0.0003140129491337045,-0.0005144714859660819,0.00017475439898184968,-0.0005685686212538466,-3.73353508276333e-05,0.0001940415385002477
350,1,8,7,40,0.00011469416900763086,0.00011796257685690848,-0.00043445591679352764,-0.00102701376249799,0.00036997746175146726,-0.0004261927996367757,-0.00033722872359864684,0.0011589491659154995,1.883249298022299e-05,-0.00029835891382951497
350,1,8,8,40,-0.00040174969109225717,1.1656250747955917e-05,-9.298491887975027e-05,0.00010376247767184603,-0.000160415724891481,-0.00031654156101117804,0.0001604304083770562,7.318889126093711e-05,-1.7208369649468155e-06,-3.5511050031491366e-05
350,1,8,9,40,-0.001440157935210417,-0.00041385771341997913,0.000352407261507561,-0.0003926757521817461,0.00025754346541984025,0.0002652542069038686,-0.00019921245065823994,-3.421016814704895e-05,-5.6161749857420995e-05,-0.00011583437919272143
350,1,8,10,40,0.001877672504051327,0.0007666308271490866,-0.0002784857033866791,0.0012984800345298394,-0.000341305096389901,-0.0009103144707089753,0.0003730872341488965,-9.732886709877629e-05,0.000155323161499181,0.00015873683267508953
350,1,8,11,40,-0.0011914438314539586,0.0006752561795649981,-0.0023783580671201243,0.000593868654912797,-0.0019835528026845278,-0.0002570521892657084,-0.0011175208792715578,0.0003470422798167612,-0.00011361428299933771,3.4706194904679665e-05
350,1,8,12,40,-0.003451385711391718,0.00038054296335023757,0.0004631319161872973,0.0003444721094760333,-0.0010217758996327294,-0.0018783238789699423,-0.0006619358252159871,5.644884364671728e-05,-6.912944323859583e-05,-9.446261859788031e-05
350,1,8,13,40,0.0001412590264614856,-9.99483201275913e-05,0.00026703415838783863,9.253754848883483e-05,-0.0006014954261999415,-0.00042093314227151864,0.0006894247534909317,-5.660487873216723e-05,-1.5460683251027897e-05,0.00012851327669587053
350,1,8,14,40,0.00056019456217268,-5.237415449153806e-05,-0.00014033893670722185,0.0005561349279062482,-3.778349348214131e-05,-0.00021632036708957316,-3.4750921177117636e-05,0.0005677848646739767,1.959909129412033e-06,-3.585556866601679e-05
350,1,8,15,40,-0.012820693399008772,-0.003395071358488721,-0.0055182042995852035,-0.002354990494674757,0.004056140794979011,0.0003140443152886852,-0.0032865136454699483,0.00675337416619484,0.00013170096771144502,-0.0015757503622965182
350,1,8,16,40,0.0016930239487837554,-0.000541190624422646,0.0009955432457525169,-0.00046305915694495436,8.26713192408201e-05,0.0009929347109681557,-0.0009010957193142119,-0.0005545569156366937,6.138826694661381e-05,-0.00014444814409956598
350,1,8,17,40,-0.0006445988163977963,0.00031403723784632,0.00044874032786373826,0.0011138889798022783,-0.0003985966222479916,-0.0008635888217322002,0.000829259185170431,-0.0005475049595917954,2.3535854976219323e-05,5.5470075782779136e-05
350,1,8,18,40,-0.0002053023670460396,8.281424049749443e-05,-0.00015591394591011807,0.0001622031918455707,-0.00047048039836478236,-0.0003094826695362355,0.0004334622732762597,-0.0001836477679130575,1.9954289348353104e-05,-6.848265797265955e-05
350,1,8,19,40,-0.0007642797756646548,-0.0001714763180043083,-0.0002699656695222998,0.000296991477791471,1.4853223389437809e-05,0.00029178214553293247,2.0927670864166937e-05,-0.000174303376022922,-6.944895607847639e-07,-3.872189797589216e-05
350,1,8,20,40,0.0014667817238986412,0.0009253284366196353,0.00031261906331041473,0.0004992457499678536,0.0012221517616345158,-0.002057144942827315,0.000995059889006914,0.0015565841653383808,8.061398098207248e-05,-0.00048022431819843214
350,1,8,21,40,0.0006982686298148116,0.00011177403398053665,-4.4766198649940056e-05,6.876767900837251e-07,7.418898311484421e-05,-0.0002280374810025049,4.3415515999756625e-05,-0.0002629984703203926,-8.489650073010038e-07,7.285315368811278e-05
350,1,8,22,40,0.00014651951403223029,2.4190197876365023e-05,0.0003321070766269252,-0.0005029823058945619,0.00044575348569986825,0.0003611981959699737,-0.00027490251923864627,-0.00019652332386345533,-1.3515233706866836e-05,4.63213834974118e-05
350,1,8,23,40,-0.000261104201043854,0.00011317015843123917,-0.0001399597006234392,0.0004006259770886973,-0.00018238831237006974,0.0001414379416704626,0.0004103763055574939,-0.000257429022247195,-2.494227630598198e-05,3.995064192409733e-05
350,1,8,24,40,0.0008347591471231492,7.842970582933586e-05,-0.000943749719551673,0.0002670292658021281,0.0007376701547188376,-1.513857513737245e-05,-0.000490899309318299,0.0002595345708470372,-2.804451554217199e-05,-4.996096086105633e-05
350,1,8,25,40,0.0004065626660087302,-0.00022855630477892653,0.0004575763816147255,-2.1090214492357337e-05,-0.0007588620430191852,0.00022549968450354596,-8.212207676969264e-05,-0.00047723545950391393,4.5451270352272276e-05,-0.00010823412027667148
350,1,8,26,40,1.3410979480021337e-05,0.0003045796220599498,1.8672750502261917e-05,-0.00047412518450917215,0.0008967421094046279,0.00014065577478334008,-0.0008463291391599556,0.00024207997789932808,4.5445241859976324e-05,0.00020832462546497508
350,1,8,27,40,-0.0010934286299991343,0.00011831785653035245,0.00019736381506485755,-0.00019477322884761973,-0.0002469430164908894,-8.16577740089301e-05,-3.3821010343911315e-05,-0.00014569625186715117,-5.969759779291304e-06,-4.916070387900171e-06
350,1,8,28,40,0.0005464559437291156,-0.001085751655132582,-5.702328098954436e-05,-0.0009762848875904762,0.0014862362752117862,-0.000679741392063137,-0.0017092168979771962,0.0021575046303256326,1.4626453541548165e-05,-0.0007236695906405831
350,1,8,29,40,-0.0009893745325255197,-6.396214713008583e-05,-0.00032136631300579957,0.00015281482350748836,-0.0004777004654307562,-0.0005270368151250383,0.00013823389730810876,0.0002124499724405591,1.2468756351872209e-05,-3.6763366699657896e-05
350,1,8,30,40,-0.00016617897198245517,2.7031927281908616e-05,1.995275604096657e-06,0.00026327578123808176,-8.925787993839955e-05,0.0005260761750238239,0.0002962546323712588,-0.00036886210675556106,6.688782135342738e-08,6.134699825008167e-05
350,1,8,31,40,-0.005726934308654212,-0.0004444695583532943,0.000704030165478981,0.00031599626408721464,-0.00021676425729480622,0.00024283064058074413,0.0009316521736082926,-0.0006717618943423006,-9.15224115862913e-05,-0.0004034241199961941
350,1,8,32,40,0.00015317126353541153,-4.096437492163437e-06,-0.00011706900640940397,-0.0002941225622723626,9.692273236140282e-05,0.00026144441045918384,-0.0003319719139786951,-3.481398845158522e-05,8.762023122447019e-07,-5.542120520246532e-05
350,1,8,33,40,-0.0020473373035572173,0.0014264827231403221,-0.0021855633926363693,0.000863387439377018,0.0004163908837596207,-1.6525010773584195e-05,-0.0009385745131466586,7.408638128945846e-05,-3.862189537864484e-05,0.0007352096459674446
350,1,8,34,40,0.0001573598854977719,-3.494667302661218e-05,4.0964284240935764e-05,7.496480003925352e-05,0.00015730869582374088,4.7580141229445776e-05,-1.7434844960133221e-06,-0.0001588087065398412,1.5471127745458023e-06,9.387139693846126e-05
350,1,8,35,40,0.00030481703839656016,0.00047803367068637015,-0.0003850773571868483,0.0010892610379555335,-0.0020581208842429047,-0.0005012623171505503,0.0021971550520146843,-0.0006466196883452843,1.346995706533323e-05,0.00013756229807477123
350,1,8,36,40,-0.0011604523775375292,0.000129540192505869,-0.00032879354036100336,-0.00011700270296788584,-0.0005027373849307077,-0.0006263542202723315,0.0002564772449492569,0.0008339606338359084,-1.4698086405684285e-05,6.463991159933487e-05
350,1,8,37,40,-2.2433483533763166e-05,-0.00030288333691201483,0.0002123115146549502,0.0003466313318566158,-0.00047580003048348804,4.036484689398771e-06,-0.00018556330944791388,-4.006594841923292e-06,3.8573625899786824e-05,-9.215595629710982e-05
350,1,8,38,40,-0.00026831446215492465,0.00013369462876590407,0.0007756435099877413,-0.0005926845815400711,-0.000605811776675844,-0.00038423422306675274,6.869342377320857e-05,-0.00011441585883746589,-3.6508852262535484e-05,5.3911748521483795e-05
350,1,8,39,40,0.0007579938126538765,-0.00038924972798364205,0.0012223722536084548,-0.000457584403175924,-0.0012563164637251047,1.1352923885840941e-05,0.00042428060477050047,8.380128589325676e-05,1.3008490678731772e-05,0.0002940381709938499
350,1,8,40,40,3.210123144367974e-05,0.00022127696665255635,0.0005515906137658142,-0.000315342560037229,-0.00010695034759147437,0.00028806264367752595,0.00028434767265041953,-8.710801125783424e-05,-4.2595655857967885e-05,-1.2660733499591145e-05
350,1,8,41,40,-0.0020084909798103864,-0.000928928730543459,-0.0005874114551409422,0.0024342196998189554,0.0002784497910824317,-0.0013894897612769434,0.0014085604379463516,0.00018914798684074548,-6.786526850836272e-05,-3.848022943057732e-05
350,1,8,42,40,0.0006322894437776854,7.7049746844796e-05,-0.00014456481986096972,0.0002915115585972192,-1.5133009049522991e-05,1.0593783340311367e-05,0.00021843447189279314,9.29698656492449e-05,3.9095440575233506e-05,7.393236830813176e-05
350,1,8,43,40,0.00042494885374283486,9.482897789759888e-06,-0.00026285910058117056,-9.596748949494761e-05,-0.0008855808048838019,-0.0003512470075711238,0.00023955979904055852,-0.00045155042724239164,-3.8915254751177126e-05,0.0001044602326661001
350,1,8,44,40,-0.001556034663210246,-8.991045275117502e-05,-0.0012688113549892126,0.0007100964687080242,-0.0009874776641270256,-0.0010112040188235884,0.0005964435322986198,-3.502463015109578e-05,-3.760038825304942e-05,-9.236765217147925e-05
350,1,8,45,40,-0.0007021938880667677,-0.00032115091396720885,-0.0008361482209791888,0.0004417158954881404,0.000655167579866668,-0.0022911262327257975,-0.0018486543643097303,0.0018327566667193222,-9.275710327320109e-05,-0.0002670542757143657
350,1,8,46,40,-0.00027838881892639324,0.0001272470128618452,8.565579827551492e-05,5.400153637817811e-05,-6.416539680591783e-05,0.00017094850818295595,0.0002361009600593879,-0.00034038992655685703,-6.809384573977914e-06,5.67010787061809e-05
350,1,8,47,40,-0.0010286569124830056,-0.001182750424007236,0.003726803407029376,-0.0007567790476306459,0.0020446163007087487,0.0023871813595712104,-0.0027059267508971942,0.0008700148829000447,0.00028639583376586386,0.0001061040168747381
350,1,8,48,40,0.002138193496710716,0.0006680028165876353,-0.0022766005878784765,0.00028018056581960655,0.000922902178937667,-0.00019958133189366977,-0.000519021278304123,0.0005564346802637281,-6.635888736683803e-06,-0.0002331405663163176
350,1,8,49,40,-0.0006458914627050977,-0.0022029406991741756,-0.0015742770402933826,0.002135011090099909,-0.00010366894829574298,-0.0025435878102405933,0.0014137736334014213,-0.0018052977821147198,-0.00020310235985492535,-0.000436795210493595
350,1,8,50,40,2.0837317172595754e-05,7.846672704887753e-05,8.861672829736548e-05,-0.00013852018620788545,-9.844965500716631e-06,3.178940751306136e-05,-5.176500275077357e-05,-0.0001264160754309846,-8.860715902170844e-06,1.6547072483212106e-06
350,1,8,51,40,-0.0016255789845214786,-2.2007549596993595e-05,-0.0007721182528774285,0.0005485980908617784,0.00046849113570754175,0.0002963737724740275,-0.00020446168530833823,1.8894440031707316e-05,1.655454951085528e-05,-5.357879445126984e-05
350,1,8,52,40,-0.0006436213802864531,5.299153634454444e-05,-0.0003036552878162537,-0.00044004767947179675,0.0005424947317243024,-1.8022250485785865e-05,-0.0010976586866188517,0.001180387394443199,-1.8008613033561456e-05,-9.702861622778059e-05
350,1,8,53,40,0.0009226432534633481,-0.0013709339444332893,0.001528641522353834,0.0036495706442853065,-0.002781004633222149,-0.0015283103247978745,0.0020070237247107724,0.0017497035105008116,5.9575042096193364e-05,-0.00024277272569631477
350,1,8,54,40,-8.585476809978815e-05,-4.652622317925814e-05,0.00024296311928351943,-0.00026291083694127127,-7.23763021756441e-05,0.0001540086381654111,6.689689140615701e-05,-0.0002629384818164781,-1.1768100397516282e-05,8.87273426299175e-06
350,1,8,55,40,0.00010581893092078548,-1.3749235646685243e-05,0.00027476259403453956,2.0338020277631114e-05,-5.8816919043402396e-05,0.00032704961543099094,1.0365290647327239e-05,4.256347426716747e-05,-4.73298137826205e-05,-1.4021214698320942e-05
350,1,8,56,40,0.0016201470213073866,3.119639753638677e-05,-1.8069049278624807e-05,-0.0005270194535017174,3.249620319881316e-05,-0.00014060963984150626,0.0005319784664642033,-9.36473416285195e-05,6.747040632963678e-05,5.279702763723491e-05
350,1,8,57,40,-5.294780490496379e-05,2.2035537196579102e-05,-0.0005494033845098708,0.00047646280877233576,0.00022661620703383478,0.00023340369184827922,-0.00014024254041733334,-0.00013402085551190334,-2.3772710375059254e-05,0.000170867426289126
350,1,8,58,40,0.0002932418245746336,0.00020644504089315158,0.0007942882404926942,-0.00036476804217122215,-0.0008718275511207619,-0.0005269758228812255,0.0008148410954355499,-0.00014987280419744115,-2.0084386718084367e-05,-6.956377359122981e-05
350,1,8,59,40,-0.0016007024030350362,-0.00013099450371083037,0.000499332730717771,-0.0003301124053459168,-0.0009320656883844631,-0.00038134840354436486,0.0009636725462900012,-0.0007138080774301536,2.7747797848297626e-05,-0.00012458257109660746
350,2,8,0,72,5.405631129135624e-05,-3.9390660173519984e-05,4.475519245686636e-05,-5.459919632044451e-06,3.5988724407702134e-05,7.020860435938488e-06,-8.450124164207469e-05,7.501991318206425e-05,-3.276414663774894e-06,2.6493930250047235e-06
350,2,8,1,72,3.865234670684064e-05,0.0002236196674799954,0.00010184948048978313,2.7451875087248302e-05,-9.269411135986294e-06,-0.0004774573795460607,3.7445392115556596e-05,-2.435555275727159e-06,1.448962027766073e-05,-1.1178181729746335e-05
350,2,8,2,72,0.00012069409344128671,-6.379116682518177e-05,-4.413817237162667e-05,4.336557158014335e-05,4.260134875792104e-05,5.7573652983384546e-05,2.733880935957101e-05,-0.00012822951784385327,-9.022817438838566e-07,-2.4649669906526608e-05
350,2,8,3,72,-4.73388350361724e-05,-0.00011097999780893458,-0.00031137993826478545,-0.00012995265592260369,1.3919078301201833e-05,0.0004040105490984878,-0.00011259131322799093,-0.000116831943484481,-1.4509405900054466e-05,-8.593511551329939e-06
350,2,8,4,72,0.00021431474881207995,-3.376565445235462e-05,-0.0001898482544345349,-2.2211713529144477e-06,-6.303132142922518e-05,-9.252166415445993e-05,2.0552561943594856e-05,6.701435385386272e-05,8.205902405917254e-06,4.608710774544079e-07
350,2,8,5,72,-0.0002706490321347027,0.00010152298157900298,-6.576159649766255e-05,7.006151938241242e-05,1.827386675704385e-05,7.6629207925622e-05,0.00010422407446300832,-0.0006996730567088417,-1.340673914685262e-06,-4.745085909203558e-06
350,2,8,6,72,4.203100872353427e-05,-1.5634282141021507e-05,-4.6979133196068e-05,8.322339770275754e-05,0.00013796967127979062,1.202533397424875e-05,-6.378128813857477e-05,5.972434325355453e-05,5.6137611711984355e-06,-2.5493808617482533e-06
350,2,8,7,72,-0.00037677838868903113,5.727339761368371e-05,-0.0001903342812138517,-0.00025185710635507944,0.0003720480177742906,0.00013636151864114754,-0.00018985266406341012,8.128685930013132e-05,-6.3230868823540624e-06,3.857624912127582e-05
350,2,8,8,72,8.919116372484527e-05,-0.00011826482608515859,0.0001519159397024881,-0.0003249491160978111,-8.673382586651971e-05,9.4464291177169e-06,0.0001956083186749378,-9.427603825254399e-05,-2.2846842871815404e-05,1.377883211057891e-05
350,2,8,9,72,0.00016792644493584158,-3.889366947798606e-05,4.168255536538478e-05,-4.5390651738365415e-05,-2.5725119174674396e-05,3.719202792465585e-05,-2.300814738614991e-05,-5.8779873892003684e-05,1.5823211221092497e-05,8.477251058466017e-05
350,2,8,10,72,1.2735353172567484e-05,-3.109978381362359e-05,0.00011895916643323657,-0.00013166059578022317,-3.896633066149556e-07,-6.669249034659771e-05,-6.720516423593818e-06,-0.00011760632682507349,-1.5609354109744344e-06,-8.095117998099742e-07
350,2,8,11,72,-0.00010540013383185463,-1.4115300467075472e-05,-4.6975862631681246e-06,-0.00015852141333680625,-0.00028726667668359387,-0.0004124121050243264,-4.3461069103663075e-05,-1.5268213982670603e-05,-1.2024139384277334e-05,2.9706094595764124e-06
350,2,8,12,72,0.0003143788555820726,0.00010433750871438304,0.00013263249194592496,-0.00029267163702756415,0.0001480537007065335,9.334766573423465e-05,-0.00019090373225837207,0.00015693315437073565,-1.4441328887027986e-06,2.264675094005371e-05
350,2,8,13,72,6.546364597904573e-05,-0.00015454327626196858,8.373479688621019e-05,-0.00023786147684783706,-0.00021431131377318432,-0.00014764185707407708,-5.28157841040767e-05,-0.00011982188772861444,-3.307947250774198e-05,-2.2164462258433788e-05
350,2,8,14,72,3.0104210528338003e-05,6.013658491209715e-06,-2.925704470661195e-05,-0.00020236585333130997,6.505798517670901e-05,0.00018717100662814646,-0.0003042606111238462,-4.15054564586036e-05,-3.621472256544887e-06,2.3077484658562313e-05
350,2,8,15,72,2.0969382796262714e-05,2.0983089131972736e-05,-2.02082566734991e-05,4.800200838734348e-05,-4.1937457365114e-05,-5.414731626332226e-06,-1.5026179339379876e-05,-2.7994448884207562e-05,1.7034995514169236e-06,6.8566348924484045e-06
350,2,8,16,72,0.000230051967257583,0.00018041948262654525,-0.00025800286952923823,0.00040743970071986646,0.0001800231884697798,1.0775018992630511e-05,0.0002237869501500427,-0.0002235860646166215,9.861487220299544e-06,-5.784934652000441e-05
350,2,8,17,72,-0.00013094665808111212,2.971817839481755e-05,-3.289212891980985e-05,3.611654083817185e-05,8.089997606516997e-06,-4.817723770423337e-05,1.0304631305978991e-05,3.813231419124008e-05,-1.5436888700166423e-06,-6.158107486170784e-06
350,2,8,18,72,-0.0006164010623239095,1.5976071213403695e-05,-0.0001287453148868013,-6.231524121939265e-07,0.00013242169407813424,-8.010774911782174e-05,2.1126780100674122e-05,5.43599560575158e-06,1.3365067619988146e-07,6.71747608658038e-05
350,2,8,19,72,-0.00028521537456606416,6.454000448666976e-05,-7.660066654867858e-05,1.2404823706043666e-05,-4.868007135329003e-05,-0.0001306260649757086,-7.186643511090516e-05,7.37586360445193e-05,-2.4370899177401853e-06,-1.6713748800588437e-05
350,2,8,20,72,0.0015707246722540765,-0.0002772455911902395,0.00034086676129277405,0.0036155974583366485,-0.0033230302814989195,0.0014360705954082407,0.0011859296048011684,0.0003382816311417271,6.966171821523446e-05,0.00013538519452941446
350,2,8,21,72,-0.0029767081889672197,0.000539563652137011,-0.0012750208782004568,0.0017168651291003113,-7.057412871906623e-07,-0.0007935569930689656,0.0007968999332626883,0.0002523929128832932,6.716810724695621e-05,-0.00030036204862916166
350,2,8,22,72,2.5090622137051076e-05,5.495478755331929e-06,0.0007924908307329144,-0.0003354219396791656,0.00031022590360687354,-0.00037005760429836197,-0.00020696484447419353,0.0004154682168668809,6.532053730678806e-06,6.671032687578702e-05
350,2,8,23,72,0.0002574400220643546,-2.768535489639604e-05,-3.114339948674843e-05,5.076625123162827e-05,3.297062876817462e-05,7.703207383705189e-05,3.1253285497716404e-05,2.413000425880077e-05,-1.1986344432422567e-06,-1.5510601235392736e-05
350,2,8,24,72,-0.0008597136025737932,-7.126031131488638e-05,-0.000805961831962266,0.0005429723567933349,-1.766920572012994e-05,-7.970451686677274e-05,0.00026494524152315,0.0002142238801526901,1.311524481294459e-05,1.2615701373446362e-05
350,2,8,25,72,5.4761476473089296e-05,-0.00020262867680040212,-0.0002086984242461728,-4.7282833412986435e-05,6.247163678483513e-05,0.00010152659552599384,0.0002611009646383094,-0.00011914209657938143,-1.899871146929564e-05,-7.089814471245302e-05
350,2,8,26,72,-0.001291997552248356,-0.00046321403147330924,7.559786836764629e-05,0.00017152812913541786,-0.0002345503851686694,-0.0002059643873192759,3.665714371100674e-05,0.0001099919849219014,-2.809556084709651e-05,-0.00017763034739127663
350,2,8,27,72,0.00021047776853361854,-0.00020336217283033515,-0.0002887199639748847,0.0004020417311363572,-0.0002449478972511685,-3.466178765564218e-05,0.0001057986462995573,0.00025070770841456385,-2.689629619029423e-07,-3.125422351789395e-05
350,2,8,28,72,-0.00031935684456950653,-0.00017137563721075327,-0.000202857802217333,0.00021445334213401337,6.83816761220453e-05,0.00020897576996628032,-0.00015740356307571002,-0.00023778603323981832,-3.6406548837521095e-05,-6.027406623030782e-06
350,2,8,29,72,0.00013631263316372214,4.384682392610367e-05,0.0002128526540684424,-0.00020297186374706238,3.5756246825879005e-05,1.5759396050030576e-05,-2.5170821072738253e-05,-0.00010656662118373165,1.1340279653698385e-06,-1.665653838615907e-05
350,2,8,30,72,0.0010475420107559732,-0.00016645305501920436,5.0582081815029806e-05,0.0002250343405177115,-0.00019006704653502305,-0.00023531294537835272,5.0926397819490505e-05,-0.0007084825447536676,1.1616548128941555e-05,9.556173477874923e-05
350,2,8,31,72,-0.001161915052309147,3.188706975415718e-05,0.0001230852345135634,0.001542195146981481,-6.343547304233759e-05,0.00048622302435903024,0.00026626901423767763,0.00038842620909665046,-2.2255605397434745e-05,0.00024220541534117945
350,2,8,32,72,0.0014722978303007824,-0.00028547545079293335,-0.0011052927566529648,0.0001299002296988999,-0.0005498421276968939,-0.0005154700118685119,-0.00019659932588057846,-9.4689249865131e-05,-5.272545781088044e-05,-0.00013078928679309554
350,2,8,33,72,0.00041889024217947157,2.3549006510702487e-05,0.00026938838708397513,-0.0003422006150348998,-3.9015622887221896e-05,-1.89377923823603e-05,-0.0002634803310633848,0.00015775109133405986,3.665123467502403e-05,4.7471359652752146e-05
350,2,8,34,72,0.00014806139169184243,-2.681114817389973e-05,4.229834710298899e-05,0.000251171083149921,-6.437934234922621e-05,2.3700888985983463e-05,5.833447674779433e-05,2.3142589454046544e-05,-8.18289602427249e-06,-4.072100377287968e-06
350,2,8,35,72,0.003153372095150652,-0.0005770993638844338,0.0018359735911375019,-0.0004940381146161301,-0.0005474770166893409,-0.0016102754155710702,-8.676983994319252e-05,0.0018427718656895483,2.4910400207319318e-05,-7.266337512074381e-05
350,2,8,36,72,-6.603778348407663e-05,-1.7081770414292625e-05,-0.00013353044492123983,8.099389227733077e-05,2.8061584838579734e-06,3.4439884356656245e-05,-9.457232668243278e-05,1.1500867124969806e-05,-1.4631436155699945e-05,-5.172299234878399e-06
350,2,8,37,72,0.0006705079930937976,-6.223962026846185e-05,-0.00020077634913586923,0.00039379452463378926,5.808090638244261e-06,-0.00017113497160543408,0.00020674759545165453,0.0003199152430306923,2.497478370527358e-05,-6.835860514467791e-05
350,2,8,38,72,0.0006471824051368141,2.7548914886121795e-05,-0.00012026857882589193,-7.691424678708742e-06,-0.00013511833162994474,-0.0002018749362546536,-0.000253340349023394,0.0002955369096745925,1.1766588895920918e-05,6.0003096580788846e-05
350,2,8,39,72,-0.00042481741510531673,-0.00015115080119367324,0.00034316245781379083,-0.0006333862946367002,-0.0004803427785343541,-0.00033339405942631,0.00029063694559238433,-8.525896000108796e-05,-1.326565440983818e-05,2.8027209168241397e-07
350,2,8,40,72,0.0006281361088836763,-0.0001692144855286182,-0.0005540214998509356,-0.0005423740113415019,0.0008683472113063062,0.0005618296586713504,-0.0005642335118449808,0.0006802273343531664,2.2734858546678906e-05,-7.923243623587035e-05
350,2,8,41,72,0.0006133765762499917,4.430571278260738e-05,-0.0007122575805820046,0.00012282898703328462,0.0006997333275901429,0.0003982596086724311,-0.00037854975290321557,0.0006253593122817452,7.389153670756091e-05,-3.116119469187193e-05
350,2,8,42,72,-0.00010486393205840522,-9.969385380705444e-05,-8.627622320346088e-05,5.092426276682552e-05,4.054779224748683e-06,-0.00030260782006175536,7.17780720998412e-06,0.0001194893916579372,-7.406073591960492e-06,-2.1557739503365557e-05
350,2,8,43,72,0.0002348689549146939,-9.472279085934254e-06,-0.00034801244950956995,0.00011906942316766041,0.0003001670524267476,-0.00015489746817846104,-0.00014925239101089657,5.301529394715707e-05,3.552888405946815e-06,6.2966557086701784e-06
350,2,8,44,72,-5.066205097872868e-05,7.4469585279077026e-06,5.182791611650618e-05,-4.471711084007508e-05,2.2539341624896702e-05,3.5175074217218782e-06,-7.502894488080867e-05,-2.5940992007164255e-05,2.2969625184659194e-08,1.678904090991503e-05
350,2,8,45,72,3.0345150545119673e-05,0.00029010488686365945,-0.0005503571299479258,0.0011460093538586075,-0.0003736165676079779,-0.00039121675056561097,0.0007017375368941358,-0.0005084062441935747,7.821346852154315e-05,0.0002026306352594754
350,2,8,46,72,0.0014096363864279917,-1.1678353809074045e-06,4.4545202012607625e-05,-2.867245860766807e-05,0.0005568834779021736,0.0007369496873489581,1.936348070556823e-06,-0.0002968678833536478,-9.312648110624516e-06,-7.701859883568605e-05
350,2,8,47,72,-0.00046339426238341816,-0.00018694894331480744,-0.0004075701590138506,-0.00010110245598286135,-9.798974036685035e-05,-7.132142551645705e-05,-0.00020960143106672665,3.96107341655934e-05,1.0353162104965804e-05,7.983280527336769e-05
350,2,8,48,72,4.946166545460169e-05,6.970658765079636e-05,0.00011951059334563377,-8.817022553519072e-05,-9.301581986648135e-05,0.00012065357066779425,2.2455614123697758e-05,-0.00012143685867501509,4.173458065091038e-07,8.003932257438789e-06
350,2,8,49,72,-0.0004844284020068826,8.233663862570744e-06,0.00022928385165550767,-0.0003094407606702127,0.000749035877668,0.001033274675874823,0.00028617806906476253,-0.0003873343893303379,-9.174242507010966e-05,1.6504270172489547e-05
350,2,8,50,72,0.0006205300222308438,0.00011862573027364322,0.0002606480027220171,-0.00019915560890117277,0.0001346197009065055,-0.00012112082824122545,5.167126220980846e-05,6.3709760602736734e-06,-3.6861650400178764e-06,9.183194819353876e-05
350,2,8,51,72,8.16488405012139e-05,0.00011336813307866147,7.768143617385375e-05,-4.446124471878251e-05,-7.354951317038749e-06,-0.00019684669645390014,-0.00013891646385312092,0.00012621622237203543,-6.20691920833043e-06,6.300700048313328e-05
350,2,8,52,72,-0.001499426704664201,-7.057631792752645e-05,-0.00010312141056665416,0.00039847052023384423,4.655418197564869e-05,-4.122934046699706e-05,0.00042232354655644556,-0.0004273240670688677,1.047149406612454e-05,-7.216379384279507e-05
350,2,8,53,72,-0.0006884271114066041,-5.05643960654216e-06,0.0002978174727849339,-0.00011026133517867673,-0.0005201944216990642,-0.0002269755773720682,0.0003328514510692849,-9.158730620030168e-05,1.554501899871636e-05,9.813384656708218e-06
350,2,8,54,72,-0.00020006789122880902,-2.1985284752717608e-05,-3.3398359131564976e-05,-0.00014925295321246458,-0.00024154879872725606,-0.0004692850598083551,0.00015297745840749927,1.5040496100056724e-05,9.865446496121362e-07,2.4126196294780932e-05
350,2,8,55,72,-0.0005764765244503211,-1.3611519963377793e-05,0.00033933842713169444,5.780420513484787e-06,-0.00031602858974623876,-0.00028786737375010625,0.000248473767446184,2.349319378937089e-07,1.744814127225631e-05,-1.588352796010288e-05
350,2,8,56,72,-0.001361729857722413,-2.3899650473969782e-05,0.0002514654142434751,-0.00019664450427104717,-0.0002843373945682399,0.00031037523459122784,6.14454292750507e-05,-0.0004333058209393874,1.0029506674141352e-05,0.00012206023739948745
350,2,8,57,72,1.1700556784923217e-05,-3.052132984721404e-05,2.554226325549985e-05,-9.996128654113255e-05,-3.489833789526849e-05,-1.8057335291319882e-05,-5.950792058875394e-05,4.254335421382437e-06,-1.9901769528429194e-07,-7.446047094806802e-06
350,2,8,58,72,-1.8502207269602869e-06,2.0288816106949007e-05,4.3640531956339454e-05,-1.2911402554852498e-05,-1.9906666194377104e-05,0.0001301563120123273,1.8818695985001427e-05,1.272421768775676e-05,2.65733669484999e-06,2.2531476279839137e-05
350,2,8,59,72,-0.0014340544206969303,-0.0001616725026108338,0.00034936786350657967,-0.00018090742709073437,-0.0002677089553926562,-0.00025783358501954817,5.641536337814561e-05,-0.0009703662932810152,-3.144992937092251e-05,-6.683723061101551e-05
