n,plugin_error,debiased_error
32,0.022636196040910328,-0.00509199091325363
32,-0.051589653280825154,-0.10384188148417839
32,0.08045794464859152,0.014363465661022978
32,0.15143076773608616,0.08972166499321971
32,0.31703517187665636,0.26325146333396815
32,0.053591628781125,0.0063687630329691824
32,0.14241429384525933,0.05663054900849185
32,0.2804419430091328,0.21170123785810918
32,0.03749126114600576,-0.03732876767331983
32,0.1918639354126101,0.14438159549635238
32,0.16742514334965192,0.10209437984984787
32,-0.06790791787888939,-0.12150429145433178
32,0.23067827046550332,0.17204924002726368
32,-0.12186255213646313,-0.17209305639373068
32,0.1240646802106749,0.06111158849830345
32,-0.04447932928677467,-0.10653175539136706
32,0.2311432307244468,0.18707399413888165
32,0.20059601733645044,0.13672195052452646
32,0.20080594877803332,0.14332235873546323
32,0.015265881365180367,-0.042954284373794394
32,0.21732006596115166,0.16913707917162119
32,0.29902125579639777,0.22534403734254832
32,0.08331298161779749,0.010215814715523575
32,-0.006411980773923465,-0.0509198144500167
32,-0.12242547703637346,-0.17980136340213335
32,-0.17730259053989136,-0.23901887890851356
32,0.053725706868747114,-0.01035772977442495
32,-0.13328652006318226,-0.1760305124433913
32,-0.19665779033689,-0.2410150214470849
32,0.17545594397270398,0.13228131970367035
32,0.1550437766123029,0.09743910739695999
32,0.15746013136674458,0.10693395469874017
32,0.0386887570186456,-0.015133504900612715
32,0.08909377265897173,0.011665175770264047
32,-0.12670815765926685,-0.18663968932272984
32,-0.11456337573540865,-0.1774665193182605
32,0.02150128468475604,-0.02351474002839582
32,0.18399929195448134,0.13999664939574014
32,0.04199619996059195,-0.017582100176581128
32,-0.04928442362465507,-0.09471991111517858
32,0.19710986916062861,0.1277743880265087
32,0.09352586446460037,0.05665238370280268
32,0.083707510056867,0.031488334651870675
32,-0.23841266924138785,-0.2824355674362311
32,-0.1055657644681956,-0.15951606438762678
32,0.2207374680910102,0.1700895458921759
32,0.10338266222311004,0.039624073092565326
32,-0.05102095221790459,-0.12693045608752368
32,-0.05493977908392017,-0.10641818758221394
32,0.26705550184314725,0.2177093392616361
32,0.349489944710846,0.2725918912237774
32,0.035749299794116896,-0.013298419696839592
32,0.2021847463895498,0.13983904732139835
32,0.11158155471538506,0.0523509789571347
32,0.26481358038590525,0.22347520887866917
32,0.039008112513185755,-0.015862828987543265
32,0.02581475181227305,-0.015269898012414074
32,-0.07953544654330158,-0.13375995035006105
32,0.25993384623843346,0.19983941440955094
32,-0.11495749577496989,-0.1674487287332449
32,0.1713431472864741,0.11308795801064647
32,-0.15735602974465102,-0.2001179602257394
32,0.3653092006715894,0.29656815769621053
32,0.15419478772544531,0.09108316179894621
32,0.009542490989260244,-0.039967817820564855
32,0.1321763797246513,0.07316807033994854
32,0.001049884026147918,-0.06966066563496232
32,0.2515849324092709,0.19876904337321405
32,-0.05880641856253516,-0.13468593580817628
32,0.010366986302034809,-0.059822554656118465
32,-0.23051112850308228,-0.2808301464158863
32,0.11421770427821515,0.056709786758617986
32,0.1424197631473127,0.09142637267584713
32,-0.048799781392646124,-0.10514942131367688
32,0.013311004754340161,-0.03004666836748815
32,0.19866008637014793,0.14011694879257114
32,0.12275193693516168,0.0635539036977612
32,-0.06339980934373252,-0.11304477279881908
32,0.18568345404007375,0.12563315841617878
32,0.3489196052752876,0.2994581233784442
32,0.054783177718162546,-0.000404293339511419
32,0.2466508440152248,0.19533283193235257
32,-0.14632574519598196,-0.20064666001147785
32,0.023755882077543755,-0.023764565385839043
32,0.06353781792476415,0.02122600174300454
32,0.0854786576261018,0.009446963560023836
32,-0.16257974126839886,-0.22350531094465378
32,-0.1640801967569504,-0.2271894092871406
32,-0.00947710652732403,-0.06795961149883378
32,-0.25005847951233506,-0.30174464574462684
32,0.11487555994458248,0.07974612773816314
32,0.09582220465766228,0.026312401123748885
32,0.2019264278938369,0.1589233930349731
32,-0.08690686774289241,-0.13512173265152333
32,-0.0267686481156304,-0.0738495103596098
32,0.25284178224060533,0.19866667294003731
32,0.21275457712167395,0.15856948082132732
32,-0.09565286217291796,-0.142675723244387
32,0.13730079882817076,0.08688718650728872
32,0.07980851244643644,0.028854665990610262
32,-0.057068663012614596,-0.10618897217216183
32,-0.1003728295478844,-0.17010420222469055
32,-0.24686518364413604,-0.28942925283545906
32,0.090440338527705,0.026635560688757665
32,0.024017527352156287,-0.042735913750674814
32,0.1712252934421657,0.11289498481819232
32,0.2746456185234268,0.20943240684685432
32,-0.1403136374378816,-0.18936858372380783
32,-0.1335258311286684,-0.18292403523945341
32,-0.013675618404863199,-0.061657336446442834
32,0.0314323791035217,-0.04275386277158427
32,0.09465080674408438,0.020656034175845273
32,0.1765844530401917,0.1332955920606535
32,0.2151025120544034,0.14903864321386734
32,-0.031171345157173402,-0.10464235607883621
32,0.006110019302178138,-0.06158914830242751
32,0.01658691846216187,-0.04654386772188562
32,0.018242458009465223,-0.03719322913983464
32,-0.13904027471470004,-0.21214336593818903
32,0.11403788403294873,0.06737363735727836
32,0.4602439024298793,0.4129663273170309
32,0.22353922742218774,0.16686032744320073
32,0.23767750208867927,0.1853940958332822
32,-0.12890422837293752,-0.17696656281860085
32,-0.17612438152178908,-0.2492991035423649
32,0.22164799283445707,0.149262622484516
32,0.30782734981340293,0.2543031793651506
32,0.24266559401457083,0.1870894105777649
32,0.048851920415336314,-0.016612935860525424
32,0.21840953406083347,0.1641178921176794
32,-0.12040346896526166,-0.1844232727421805
32,0.3478201817325996,0.292773525038411
32,-0.5388123834714709,-0.5846095275530495
32,0.11184950154055734,0.045912058878226025
32,-0.08662766164855012,-0.14519670166072862
32,0.2736228053647651,0.20807302644848652
32,0.04225762630859842,-0.009682052748863579
32,-0.4574856753653087,-0.5177837212932956
32,0.08817217812039563,0.028649777295740142
32,0.030646435796713056,-0.02946194528652507
32,-0.03172053219313559,-0.0937264165430397
32,0.3034945447021598,0.2350799981588519
32,0.002344795734059213,-0.05666430901006575
32,-0.1987875358596984,-0.25074136332657965
32,0.1268660271283299,0.08766064552321945
32,0.3703329806368158,0.33177835248000814
32,0.18799870730424534,0.12781798662797966
32,0.16888647116439032,0.1159578971439233
32,-0.20777228735448086,-0.2619318382827667
32,-0.12841057685823037,-0.1698503710847234
32,0.11490089791399166,0.053291051495417796
32,0.30143432407630527,0.25555538820865714
32,-0.1685397855711201,-0.21361407187116152
32,-0.04079437791709656,-0.11835572984624537
32,0.10846072191244832,0.037424845284922625
32,0.0647956486498446,0.014401525578689622
32,0.3143379197893155,0.25056888681795825
32,0.001015873913431442,-0.04181944161384815
32,-0.09114135031925097,-0.13147480676010603
32,-0.23662616242674775,-0.26718622358806277
32,0.1575140727974021,0.1092974030621478
32,0.08403044756816874,0.02537623032305686
32,-0.06825367991649461,-0.1345012610519971
32,0.06301128663511085,-0.004389375865937795
32,-0.25005537630461716,-0.282733507008628
32,0.18655869761347627,0.1306511317853884
32,-0.004654455831949622,-0.06531598278395429
32,0.28795513430199876,0.21847233662287652
32,-0.015259620642433747,-0.051787475130658955
32,-0.013188727827321889,-0.06905143834748395
32,-0.06719011012511655,-0.11701077588837294
32,0.07229022984982414,0.004524478934749054
32,0.140098616767713,0.08528940530293155
32,0.3211361808567261,0.2755919787242879
32,-0.004336228156681998,-0.06076584463339535
32,0.13805020249007477,0.07072547613649116
32,-0.04793588186039116,-0.11141269727704861
32,-0.1128334562765636,-0.17736059220553488
32,-0.03801447237652644,-0.0885277946291565
32,0.23883801298725155,0.19385689602049622
32,0.21424364140323865,0.14916901775370556
32,0.16872305103614776,0.11771284430596413
32,0.1748483067393813,0.11162764947733167
32,0.042382853887083516,-0.016015941746394424
32,0.0912839442072037,0.015710803249969485
32,0.24155324215998314,0.1700949657625756
32,0.004494081188302579,-0.05442931710544785
32,-0.15408449206313635,-0.223661057137749
32,0.04416931705145655,-0.02066311546129146
32,0.18453935907906777,0.13839028101235856
32,0.23648279276332979,0.17187541857259175
32,0.04074239678276914,-0.01761116186630668
32,-0.1261733683099402,-0.17089435745822415
32,-0.11808209816975007,-0.15419679683502613
32,0.2938834704436161,0.23958217099964157
32,0.13112754163292956,0.06834393480479961
32,-0.0017885157204146629,-0.04482271112571806
32,0.16963919479795403,0.1117552333861736
32,0.027652561268331988,-0.026939693903851092
32,0.24834178538833757,0.21035679298557913
32,0.24734002229131818,0.18598214681548758
32,0.31974620284849803,0.25284812393810546
32,-0.21177899520337484,-0.2793487120539544
32,-0.08846828232663334,-0.14741614686652443
32,0.17827901513074657,0.1397853837135617
32,0.23951813729367694,0.18940491724179892
32,-0.14296643014040322,-0.21031096741627553
32,0.061181303865941616,0.0017877853702153446
32,-0.06074961384025235,-0.113002280191485
32,-0.04206816633065741,-0.09283690577321235
32,0.18053589228823558,0.13483917091041547
32,-0.11104095490146332,-0.17393553827570474
32,0.24873351967606344,0.19404390652243647
32,-0.03259986788906588,-0.09164177044332189
32,0.06338896305168479,-0.008196910760814802
32,0.0032350265094355235,-0.04296010862633587
32,-0.13278153970352902,-0.20012856564324535
32,0.18553266718872757,0.11965198276358607
32,0.16021822974275296,0.1046010105891147
32,0.11071453883315968,0.05611844830922336
32,-0.26084216879639743,-0.30906740285747153
32,-0.26739091158678807,-0.32327119035322266
32,-0.3012283231449918,-0.3686943078073293
32,0.20178947800557107,0.14423286548002673
32,0.1979079367997993,0.1475157221668944
32,-0.00994308355438589,-0.0548948740788161
32,0.31976740290362965,0.277548586419662
32,0.01827545015588694,-0.041130315389769245
32,0.09386166832370185,0.03394196990889026
32,0.10204608635400031,0.04890651860272471
32,0.06579499035073677,0.022100865259331137
32,0.28726308589117283,0.23054062912867318
32,-0.07095065195334499,-0.13148461267984973
32,0.3025864730598529,0.24644177913714355
32,0.2045721816295884,0.15830062896363922
32,0.15898148304731502,0.1013343274457163
32,0.23741060408331177,0.19421667175554663
32,0.08770815097997603,0.029226255008210633
32,0.06647572072788238,0.011379081625009613
32,0.1118415532173817,0.04383902739561496
32,0.04455458685439789,-0.008972631718319246
32,0.16122237350255458,0.10905702635269016
32,0.2677924704116849,0.23423344487304448
32,0.30099114879023187,0.23745909516609237
32,-0.1311824747355767,-0.197500827805084
32,-0.13335518320125822,-0.20013901728567324
32,-0.0666598008821806,-0.1340167749428678
32,0.1085627343169055,0.05255980117642034
32,-0.032371956103302124,-0.08166309329552623
32,-0.30186489385510046,-0.3645627246605627
32,-0.18786219444380406,-0.23217204779775888
32,-0.09656100707384202,-0.14761002404795337
32,0.20278965934481136,0.13613027749100265
32,-0.03527178628537936,-0.09563193343104198
32,-0.024756607831323052,-0.06923549280313862
32,0.2750792969954489,0.22172633039532647
32,-0.06302518209187963,-0.09955718648839701
32,0.15742541700099927,0.09665343246417119
32,-0.12157633682063829,-0.1830869134085309
32,0.12710649511102473,0.06495314509092154
32,-0.1013778971833123,-0.14685798001016726
32,0.2108914810774511,0.15979310502744543
32,0.09422876691754228,0.06280172930361588
32,0.05737111485764895,-0.004256575906663562
32,-0.0750032903604792,-0.13295844927114675
32,0.1479848031551126,0.07062015310589953
32,-0.021999010312471146,-0.06622810961062392
32,0.052811085715121664,-0.012660024814203141
32,0.2539230595340432,0.20522269577500069
32,0.2812642966454158,0.23072190821076405
32,-0.0710947445610225,-0.1238774559367139
32,0.34192770354984564,0.30602120739253075
32,-0.05611911244871148,-0.11845900679567772
32,0.06197336600565845,0.018429112377479406
32,0.1843812678537879,0.12971929941428512
32,0.3341051127019004,0.2805510675069384
32,-0.04377541695018633,-0.09797678083986627
32,0.05724817719307179,-0.008013566073342193
32,0.2945307468703979,0.212570971244551
32,-0.05892971695401161,-0.10539517134788762
32,0.08000961745650476,0.02162771118024015
32,-0.09157264468241816,-0.14427088075725997
32,-0.02488768176101691,-0.07848016740667657
32,0.11638441813780681,0.0450472605987669
32,0.06340708549962071,-0.009881214084122736
32,0.22691532621568383,0.16393607547608685
32,0.44337040931359445,0.38750192387243293
32,0.18742417968372876,0.11634343852951451
32,0.2119764704081571,0.16276953149551437
32,0.2273020888421829,0.19110376931681267
32,0.014230869498495335,-0.05311899915724538
32,-0.13373326486941306,-0.20385708645077355
32,-0.07155703773389976,-0.11820995672034385
32,-0.049380133365024614,-0.11231938987612822
32,0.03710388576986923,-0.002098743420059057
32,0.31809761078576376,0.259693336366917
32,0.196176000986149,0.1453371824879816
32,0.3057914301267362,0.23201684014670104
32,0.2463882800659028,0.19892511962477882
32,0.10609646476579954,0.045085010958886784
32,0.027113628361874254,-0.037957683869911996
32,0.0902080775215845,0.024080856333548672
32,0.16296988918699834,0.09480820456377953
32,0.07075287902310712,0.020148424087129246
32,0.2661339659068516,0.20878964877271816
32,0.11905816610134129,0.06861418255071511
32,-0.11575641900452999,-0.16702265302511976
32,0.36995986095044203,0.31041402020271364
32,0.16650412417802102,0.10916698483621662
32,-0.10239501988594701,-0.1629631100710261
32,-0.043799163507138306,-0.10322134272259098
32,-0.08625951428425338,-0.14112646455858008
32,-0.0309221589654593,-0.10018847312095519
32,-0.03882307069144603,-0.08894182669073158
32,-0.025911593183235715,-0.08855004377425951
32,0.1860317456306672,0.13313245990695072
32,-0.08614457765021155,-0.14807730944968928
32,-0.14632167321473177,-0.1940090331134837
32,0.22032076222948888,0.16844299988112682
32,0.026687977859275958,-0.02769546775100895
32,0.21104459658922398,0.15633688197122303
32,0.03421485234808591,-0.03602079610950415
32,0.03043131892573009,-0.019921312146195747
32,-0.005056773995622321,-0.06267114875974494
32,0.02424296068803672,-0.04309527952246245
32,-0.11923849809706205,-0.16335602652899162
32,0.30797925126454634,0.25795627455098563
32,-0.014076922357421418,-0.059324407751938035
32,-0.12219476549845854,-0.17672553182252443
32,0.03812208579999987,-0.002589556725775155
32,-0.15804600853819273,-0.21573710236770693
32,-0.2988410500911828,-0.3613390867485675
32,-0.02693002317884874,-0.08263394599267909
32,-0.013215058370533717,-0.07267995981182662
32,-0.04219408404964875,-0.10355440949518918
32,0.2351372473747338,0.18205178926251814
32,-0.15618266956572135,-0.20243852962440861
32,0.1702136941105093,0.11381191773459082
32,-0.19687809013219276,-0.23940722813802523
32,0.20292284553106527,0.15584154163311964
32,0.16049950353748693,0.1241056196960248
32,-0.004212325476097567,-0.07167451474442477
32,0.31941075525031565,0.27176474014615676
32,-0.2758770142760345,-0.3311642236259869
32,-0.09945903362410946,-0.14922650475469212
32,-0.10243559503808142,-0.18169734307616317
32,-0.04315709875849566,-0.11511600402904437
32,-0.12410382241772716,-0.1774806822768891
32,0.016398489971544916,-0.019164593470314684
32,-0.02635959251073955,-0.0876430543160161
32,0.22383025754861058,0.15895228411482182
32,0.07108777640546077,0.02944570637869487
32,0.08334016291928453,-0.0021034999576785007
32,0.16148452867573565,0.10583567354616202
32,0.05066822841978774,-0.011984152137235471
32,0.036387157894697764,-0.015400718551968506
32,0.029781373571945435,-0.011517158996123322
32,0.12795307671719908,0.07504850135008789
32,-0.0068192898112309774,-0.06538195751463055
32,0.27411683747438026,0.21876386832647382
32,-0.09152081478567076,-0.13584611473671865
32,0.17040104186638277,0.14324459365216097
32,0.08817441318554281,0.033369039567736236
32,0.09625400534957879,0.03900495706445889
32,-0.2451196424995323,-0.3173755292729272
32,0.21474280008924457,0.14990088854117284
32,-0.09924097575244312,-0.15145665500594596
32,0.12052232541596725,0.07346440300976365
32,-0.0887403665122008,-0.14150509539294465
32,0.1317837663127756,0.07211338286212943
32,0.2678595767187612,0.21940819672872885
32,0.19626239690256914,0.1370794224544089
32,-0.04857466995931509,-0.12527206992444845
32,0.19520433155604283,0.13020243134424442
32,0.18052298352309365,0.12298613275688292
32,0.18440152282176397,0.1377045980764549
32,0.30389946032250076,0.2484252752493054
32,0.2227988594194999,0.16227451198270454
32,0.1203071626791799,0.06745202625115954
32,0.22616337904342593,0.1846695620338195
32,0.22740641661632838,0.1584995762853419
32,0.14616961100181308,0.07324347736933517
32,-0.01866857182916115,-0.0785107247073748
32,-0.03225790420395319,-0.08014428052867167
32,0.05445668469406778,0.004787738078375903
32,-0.07887529366632345,-0.1325850463100034
32,0.15198339256326648,0.08997290359008842
32,0.38091116197043723,0.310177555120751
32,0.13594922293793493,0.08030888042061607
32,-0.02373257208114099,-0.08053708029563289
32,0.013912333386832454,-0.028183840276982897
32,-0.19884827360661128,-0.25650602860640637
32,0.10408577638661448,0.048976880857126315
32,0.09282251504553868,0.05088903375371234
32,0.07060606894376192,-0.001139371728733296
32,-0.18662855190260452,-0.22742086274104611
32,-0.09204607690734368,-0.14355787243882406
32,0.1396967316018069,0.08396955789905519
32,0.1482623264123099,0.07057359841974631
32,0.14646261810222233,0.11014210519338458
32,0.0810825466526966,0.013620412866804932
32,-0.10415110543202277,-0.1706393137400949
32,-0.15882689349587875,-0.2149611601576782
32,0.010633361310522504,-0.04286554463407627
32,0.19540351160293595,0.13734645903300963
32,0.05355846741348613,0.0023144859762660452
32,0.07244160820265438,0.012631244038842748
32,0.11638337918404434,0.07088166229133225
32,-0.01014959836376833,-0.05179283275721913
32,-0.2219513129190441,-0.2835518742802533
32,0.052369163453145295,-0.017890945718576856
32,0.15526151536847205,0.0831344880691996
32,-0.0904230184866408,-0.14948344162452343
32,-0.0731137642840935,-0.1458357183957671
32,0.17398642518068136,0.11418141929832376
32,0.39532567450106176,0.35257780244366393
32,0.15985408957495734,0.09944628406718786
32,0.0554297183830722,-0.007819770166140383
32,0.12445609497566418,0.05353860124991516
32,0.06840098087504898,0.0028299902569979274
32,0.288368000916902,0.2254894876395413
32,-0.18140636738800814,-0.24376345818805106
32,-0.18713763974269967,-0.23390064126159418
32,0.21977850017633033,0.17720868797045058
32,0.137759567068167,0.09754167455938761
32,0.05792854789894486,-0.0024845508713041142
32,0.25914766676527484,0.19681924287959746
32,-0.0461600536282018,-0.09342122688180532
32,0.1310408334672088,0.07916806848543384
32,0.05423132106839956,0.008344555026650158
32,0.15869075883982214,0.10460530014000397
32,0.10071814937754281,0.0537936682854645
32,0.036819885111504136,-0.01834850136704186
32,0.1977469140880636,0.11813338332408513
32,0.02202647109908079,-0.0568970914819954
32,0.05868268863012838,0.014689232833203059
32,-0.14556676232442373,-0.21133673216615181
32,0.04607496331823607,-0.013958501821776437
32,0.08172646505330067,0.03825020306356225
32,0.02119218200578804,-0.029461289322409157
32,0.1019661288679154,0.037749059564260556
32,-0.015309435317722997,-0.06173549515435256
32,0.2964340395460093,0.2346029730783517
32,0.1951357949330485,0.1457726431618554
32,-0.3308796659509442,-0.391449457009027
32,0.06084957910798772,0.009015482002430852
32,0.12257903534032394,0.06846834756510073
32,0.24042627609770545,0.19142256708891997
32,0.173167409980246,0.12666652074785506
32,0.0008901380005420512,-0.0739306496950225
32,0.014961770075699987,-0.04748190132385016
32,-0.08838139700825431,-0.16113377707345777
32,0.2956071421854913,0.25294483773687465
32,0.3266561518869116,0.25385502698055146
32,0.15950729603417496,0.1072805885783113
32,0.12821086718073788,0.08672466112118521
32,-0.24024761666105254,-0.2918716450572373
32,0.08250111364471197,0.0469859205730056
32,0.39425400264482274,0.32657422706298206
32,-0.053148781064678186,-0.09411097762413323
32,0.12518419133498,0.06117684197228895
32,0.043111245377459084,-0.017518347232471587
32,-0.013471508862537451,-0.07919247549768071
32,0.22047594910258045,0.1699501438259569
32,0.06997977975995345,0.03061050930161152
32,-0.1502207832815718,-0.21285041173129002
32,-0.016290471940269946,-0.07105018579550842
32,0.0890144837799724,0.053833594288125286
32,0.2912379819329765,0.24872826153860345
32,-0.009022705625825078,-0.0660546985177819
32,-0.20186984110244502,-0.25104316170989377
32,-0.046624362221598326,-0.09901521618812559
32,-0.010835814546749756,-0.07073835721666216
32,-0.23031444098891043,-0.2828197138059084
32,0.09642986087081279,0.03642510382959635
32,0.04255177611918842,-0.014845178249763613
32,-0.027171508007717504,-0.08462791014817012
32,-0.04542220301316091,-0.11176121952595613
32,-0.0930244751603786,-0.14736141601320646
32,-0.03169190707833275,-0.0897389887139528
32,0.004867236650342555,-0.04155888245660644
32,-0.38945808292318995,-0.4443178280148374
32,0.06073011232403186,0.004191619391199497
32,-0.04140310919906787,-0.0989656021697552
32,-0.27771269518212705,-0.3432209737454265
32,0.07783289836402973,0.010161548696535239
32,-0.22494318875721056,-0.2672761510347363
32,-0.22371707014173303,-0.2866747042663784
32,0.07981987253370809,0.007844136019978798
32,0.209802255062231,0.14884583202406892
32,-0.07893306268286843,-0.12385118783804355
32,0.04390614106008228,-0.012416508337530552
32,-0.09458744786606765,-0.1635083135918048
32,0.05933000924472903,-0.017164953917548298
32,0.031673652214926185,-0.024061145748836832
32,-0.2826286512959629,-0.34818536605581646
32,0.18989506670297535,0.12534800442107702
32,0.2701737534374798,0.21220712855369023
32,-0.13445780663642065,-0.20156709532758468
32,-0.05544867121975133,-0.11099052179024577
32,-0.10633538377306156,-0.1541715055243521
32,-0.027690816179254563,-0.07374080336619437
32,-0.07320469015823777,-0.13674196457918159
32,0.15676488545916906,0.10818057590337121
32,0.30339593145145666,0.23853399068567455
32,0.167936222399322,0.10784185712684108
32,-0.1259539300150022,-0.17251032039304906
32,0.20834890959514557,0.1734133608028257
32,-0.07655093445961819,-0.1428095966293863
32,0.10032945326631743,0.055054923373764664
32,0.10549056354076064,0.05371591558246769
32,0.003342154033177447,-0.043984975852495445
32,0.05546641992830054,-0.015262794606188013
32,0.06100632462256417,0.003561292072504607
32,0.06930453557892347,0.02192578853025251
32,0.062372458799494435,-0.0024201301594942715
32,0.08366425531221827,0.021695595041165194
32,0.04663370239302739,-0.022732833098552285
32,-0.15485805659959562,-0.20758964095911464
32,-0.02381250082189329,-0.08158827147037717
32,-0.011882251068443761,-0.0731914840044729
32,0.0535046890156155,0.004349327991997498
32,0.2469407233710697,0.18191211446314554
32,0.16829245697551648,0.1103992407515611
32,0.1168741942512202,0.05572248669115615
32,0.013077378679286489,-0.04888831305537
32,-0.16356937762708235,-0.21103483483816135
32,0.17235343119891872,0.11741304524809743
32,0.14307933199925255,0.08107912777288678
32,-0.05986730896614967,-0.12306638078491183
32,-0.06125794326081696,-0.11029281925135881
32,-0.27693147004350105,-0.3376110774258912
32,-0.07298205342310132,-0.12362105797158573
32,0.17565908989492468,0.1108975792738442
32,0.4584517481120615,0.39577865081451763
32,-0.2520696395935825,-0.2968042005890644
32,0.18072214780041168,0.11128372932960379
32,0.03174768956561519,-0.018553259642438535
32,0.2510495951411778,0.18106193672320575
32,0.1628693079992502,0.10472734781971388
32,0.07249712469791675,0.01914142979333533
32,0.2413865929540337,0.17786791625006576
32,0.0700282991237775,0.007189093095170962
32,0.2999003829020594,0.25733747995831674
32,-0.09038339718708122,-0.14072066085351603
32,0.11190849745720527,0.0694732697096282
32,-0.13429669370558256,-0.18276206186670937
32,0.06228629355725751,0.01108808107629694
32,0.23542769179555006,0.16388729974181565
32,-0.12060611112724429,-0.17520729116541997
32,-0.044077737658574145,-0.09766004966358832
32,0.05034565219928916,-0.010595611997169796
32,0.06612877624330549,0.012563983002621126
32,0.20904334063637625,0.14392007580938343
32,0.19549706366494907,0.1318495721993725
32,0.10097476565597202,0.04610501182868537
32,0.01821652395021578,-0.020340950537408697
32,0.1928547562860557,0.12284777518161422
32,-0.07052192843789423,-0.13472637461001064
32,-0.10276818288528211,-0.17377770492909766
32,0.013521017191795437,-0.04285766627071724
32,-0.3811380344559697,-0.43624692705765855
32,0.06574870968605173,0.012803630244695552
32,0.07154734557941012,0.009769981009696949
32,-0.1855853894099583,-0.23787467294441614
32,-0.0784023439022129,-0.12486994345400854
32,-0.07325023418544013,-0.12192842735229986
32,0.2713904198308185,0.20461953754526868
32,0.3774829871799304,0.32893733992662993
32,-0.020375868234299044,-0.08859252658340794
32,-0.095029641151201,-0.15079288318889617
32,0.17412440284203862,0.1064138070762694
32,-0.3974929466627552,-0.43482629639954196
32,0.05536580811945818,0.0007760223971297608
32,0.1551231677389044,0.09411467865305373
32,0.13932086219530299,0.07666023548534373
32,0.18687307976823814,0.1330797338348118
32,-0.025331461709144965,-0.07899244169989655
32,-0.1927466273055431,-0.2566374858734924
32,-0.1341031120323134,-0.1919834781544615
32,-0.039040872389443315,-0.07633419694560362
32,-0.23666610226013543,-0.2930134740968581
32,-0.014505269432330492,-0.08153542213272236
32,-0.06342641748533484,-0.13735256724838857
32,0.2317189953789222,0.1692517598325834
32,0.007325550770343192,-0.05241494439029776
32,0.2198598947350467,0.1588430729080535
32,0.07571361479453326,0.014468801584281765
32,0.238124038517109,0.17888513620519214
32,0.1316933792458292,0.08929652433822527
32,0.21815754438191864,0.15864503748698106
32,0.03730583130210713,-0.008572130397500266
32,0.15800031020962185,0.10110387782825009
32,0.16685424243546115,0.10402159660616966
32,-0.21070999376524732,-0.27510972387174176
32,0.11701300196734815,0.05096754618555849
32,0.22292880086908068,0.17285230955844894
32,0.23330232700035208,0.17941945793092323
32,0.125804717457848,0.07314814723731677
32,0.011801231400428547,-0.042432114089808015
32,-0.18067460620506673,-0.23850968842808792
32,0.02068959217847821,-0.027904780630615744
32,-0.03947114253582523,-0.09544492140570893
32,0.43740350868368444,0.3868694960414358
32,0.007629058918873222,-0.03093385483767308
32,0.09052835176184065,0.02192107046509001
32,0.18270209067647641,0.11388569234222773
32,0.19480662765108664,0.12950805835714335
32,0.1275499143132272,0.04510722719463395
32,0.1505026232527618,0.0778776413930321
32,0.2526189188166162,0.1880838360334422
32,0.147367486013032,0.10283645060399932
32,-0.1364933697440726,-0.18616862897739675
32,0.12686293501122664,0.06448510428617882
32,0.0228628642572542,-0.05094771759325778
32,-0.0003082133387501962,-0.06327810737947737
32,0.33349416137244775,0.2852821965095688
32,-0.2888721055939867,-0.350222394728316
32,0.33351898651938877,0.2832987580165032
32,0.0579736611531248,0.0036269558372743482
32,-0.1188130120904452,-0.1616762136681968
32,0.014358678113381484,-0.03190801006701588
32,0.195515472225475,0.1343197217230488
32,0.13611137745705132,0.09484475619529803
32,-0.09485915637838133,-0.137961209637393
32,-0.0284805949882338,-0.0794660070887192
32,0.16443221213632647,0.10625214679330913
32,0.02834033114609613,-0.02694092356096406
32,0.09233958366918066,0.042393855883834375
32,-0.08597172437876371,-0.13016011184546777
32,0.09775894428795767,0.04830317546337898
32,0.18634810472486812,0.1336341293978967
32,0.15614542118793945,0.10631208433339406
32,0.031479785539297145,-0.024085073906889853
32,-0.2969715621345752,-0.3523684979862073
32,-0.12879005187601095,-0.20952388495446922
32,-0.03565340693144009,-0.09713681281564501
32,0.18933738006689355,0.12383635206369098
32,0.11841168778349026,0.05873418122878582
32,0.041896917215665574,-0.019175215849459026
32,0.21089373538448325,0.1471233535353052
32,0.1084730505150509,0.048667021713017455
32,0.23543996675992246,0.18855829421054954
32,0.008490171373337407,-0.04119851468177488
32,0.06285523870127518,-0.003151914851405202
32,0.12831285557757283,0.07675288011783538
32,0.19537387804903955,0.14653809961656256
32,0.014382122580842371,-0.032385351190796274
32,0.1954566158404178,0.13015972686512117
32,-0.20021630497706724,-0.23706985935710323
32,0.0295409022569616,-0.01168885020240279
32,0.1509020408226857,0.09435157626781548
32,0.25273862470215497,0.17702310460926424
32,0.08709016459166746,0.03383530783514288
32,-0.07447265555550164,-0.12508106110330852
32,0.046200939057719936,-0.022217401681877413
32,-0.002032148189810956,-0.062179528101023784
32,-0.1390449725050929,-0.19723795935460736
32,0.4143197520545802,0.3443691081241859
32,0.02422832824246901,-0.03267819209393735
32,-0.149034688115743,-0.218991511540933
32,0.03794218847558867,-0.01970463351548163
32,0.012314173212843449,-0.04609330972122688
32,-0.09937498332605071,-0.1664273912007861
32,0.07369059551974716,0.02843261713608025
32,-0.01619230709243691,-0.05984346839157639
32,-0.05435207420981181,-0.09576386891398497
32,0.009091209185362326,-0.0340814326985881
32,-0.02407328985739443,-0.08707930772655348
32,-0.14868094921070701,-0.20887509882028638
32,-0.1725897170977672,-0.22499732699144848
32,-0.05617814900701762,-0.10894211666703063
32,-0.18881994435755659,-0.2384870490926368
32,0.17624280110427187,0.13100056852561032
32,-0.22588127825512166,-0.28977743986268834
32,0.050768114832701716,-0.012725019346230937
32,-0.013283877343988837,-0.07635056391508216
32,0.14412910986771693,0.0829756589912573
32,0.18945157932890772,0.11196299049306985
32,0.13729675736000752,0.09008697948192607
32,-0.0059485444751722905,-0.0544533459051314
32,-0.047588709382756,-0.09833822641180856
32,-0.19561657125657758,-0.24912836539324668
32,0.040781747115254174,-0.014547305674362077
32,0.04564420948402115,-0.0161735656114102
32,-0.012279605257263293,-0.04419934449952195
32,0.11638406915797811,0.0637462029307937
32,-0.05802540426676034,-0.13686289757500936
32,-0.06232069401148005,-0.11048565758663692
32,0.01959839258655499,-0.03332638803259785
32,-0.011223661122394701,-0.06072139112897523
32,-0.21279713702344705,-0.28072253704741484
32,0.008396709372878397,-0.04381050283541321
32,0.17662731233896006,0.12544594031025974
32,0.06140834545125823,0.012745888721969634
32,0.10087934465581366,0.04262700160354532
32,-0.1320494332865545,-0.18979324167959
32,-0.050708540676470515,-0.09480818953084458
32,0.14373969795969183,0.09542027798179903
32,0.06245626182137726,0.013209021884964756
32,0.028134159360671818,-0.01207857947986124
32,0.45861382733546424,0.41181591966603287
32,-0.31254933159956333,-0.38646935247983427
32,-0.00217968679320496,-0.05328852842989251
32,0.08796157503361074,0.043246037022055595
32,-0.03422821368182416,-0.0937071540804012
32,0.06867154529261199,0.01994683379147233
32,0.05884570341621037,0.009069385886759873
32,0.07364532246749783,0.010021485177972245
32,-0.0731022550280408,-0.12317698813556976
32,0.09178338797288171,0.03393479985127079
32,-0.2376748774006182,-0.27619712669935703
32,0.2616640099449356,0.19398770894384126
32,0.1597836667596157,0.09920616053376258
32,0.10509877224495129,0.05480000867853185
32,-0.23088140584515662,-0.2913566529699425
32,0.17867246397104947,0.1112284892235254
32,0.2246344299048974,0.16654396453300985
32,-0.26400115168469573,-0.3213216006023444
32,-0.3194735885892515,-0.3674784472311675
32,-0.17088713782182036,-0.20702700027203133
32,-0.000388055311269786,-0.054897627480615274
32,-0.0512936606655745,-0.10174112695863236
32,0.11841090628775136,0.06127662088386204
32,-0.09487310295073564,-0.13811268590701603
32,-0.04419239010496756,-0.10463205880062232
32,0.10752348910315818,0.0556903607766992
32,0.1799741900740594,0.12983547040283744
32,0.14140607245674303,0.09823421495403978
32,0.08132911021346184,0.024883911698101835
32,-0.04624267133713511,-0.11368279457800384
32,0.19065125227544183,0.12883736908027948
32,-0.05079683084674819,-0.10624054192057386
32,0.06403566774664621,-0.010710865573105466
32,0.25895746731270647,0.19564156481987288
32,0.24466073909280045,0.2070213537131998
32,0.03879409770484732,-0.02471403489227819
32,0.10706172208325232,0.06057086329000494
32,0.3538869542384662,0.2831045084689026
32,0.15027953016291357,0.07530505212354155
32,0.0678927048872911,0.022341709743773475
32,0.09765494514379353,0.03388384308401016
32,-0.09301385866031203,-0.138895998557296
32,0.22814938718347838,0.16331632070544327
32,0.17795835423146672,0.1279812266624038
32,0.09704300757554513,0.03874959219425678
32,0.20633435705921216,0.15196711075420527
32,-0.020585413240639172,-0.07704750426256746
32,0.14665857804030663,0.08996251387930182
32,0.05323418136194913,0.0011263691761990713
32,0.2392676369701096,0.19040130191566623
32,-0.24104867898457424,-0.2982128627736984
32,0.21430283514786147,0.1584855973931631
32,0.10221093772313422,0.07052559809125564
32,0.3476381053138799,0.31001099368250357
32,0.2922586577752772,0.23057718194725668
32,0.18641106040244232,0.12533701339150788
32,-0.07978030588039292,-0.13269707594026242
32,-0.05917835658278753,-0.10908950353852742
32,0.13379873533727854,0.1080017353144786
32,0.04042828816145938,-0.019302437116099525
32,0.27878922575707604,0.2268079317552854
32,-0.18126366134768063,-0.22318995269270592
32,0.04337675036379274,-0.012137410934190518
32,-0.17151213789614628,-0.23259406040051608
32,0.1776072977563597,0.1393233270171585
32,-0.02884875422412575,-0.07882326546666024
32,0.10375032808183599,0.04309168206533931
32,-0.000447599530228604,-0.0511323567608285
32,0.09940214769273631,0.05329718669019595
32,-0.1881690614524094,-0.23795991733274743
32,-0.2665865255465056,-0.3232495085577697
32,0.2858378772994345,0.21548158576061555
32,0.16179397397193002,0.1078048219170728
32,0.018200760600342758,-0.02487005770351608
32,-0.02520235393434872,-0.07811502275686111
32,0.0684868089463121,0.01872593807358397
32,0.202613739969202,0.1409556239368261
32,-0.07303018830508418,-0.12492835044825562
32,0.006284559125735001,-0.04881539658159606
32,-0.04188884428574435,-0.11289856035310059
32,0.07048849542741664,0.008557846767220989
32,0.3315037988335939,0.27514336872132233
32,0.05451502922443302,-0.00032250989196969115
32,-0.18298223204762207,-0.24916352236882774
32,0.18987494172313119,0.14369786761991116
32,0.25983087143279576,0.1997687255727026
32,0.09508098278970517,0.041459903110360685
32,-0.05428855341933081,-0.11308148209534319
32,0.2162898620365356,0.16075244952199713
32,0.27499416189642517,0.2079291578658033
32,-0.07464415044500994,-0.13005968037411597
32,0.13330926723793218,0.07706162928826699
32,-0.07687225660586589,-0.1324560851270894
32,-0.028108224313884544,-0.08170121953511855
32,0.14839527328913943,0.08765795150792716
32,0.18991887182675532,0.13282898869151155
32,-0.05237392048987899,-0.11796311512667923
32,0.13016157629615405,0.08068156912235419
32,0.14404469125078662,0.06756329218520385
32,-0.022100696264063746,-0.10198127691738212
32,-0.18293762316440704,-0.2247434716965408
32,0.08664590617010176,0.02009524564637577
32,0.051805192909630315,-0.012230500144481626
32,0.0968139632547354,0.028432078460583654
32,0.15202540396868297,0.08563090248538446
32,0.13278918320186278,0.08335953194474605
32,-0.10959330447813714,-0.1714983849190164
32,0.029324806321943175,-0.02863893601824763
32,-0.10860514895213147,-0.15819760920410164
32,-0.06737619807875472,-0.11928115057314703
32,-0.09461296826943849,-0.15505237042761555
32,-0.0539511944628826,-0.12019761884013519
32,0.07046322862906607,0.013936879395227086
32,0.0822071028943378,0.02401705516114666
32,-0.042196983553133005,-0.11260539716813867
32,0.06267732919341146,-0.00916883973974758
32,-0.2235386608026231,-0.27233663915781403
32,0.23787630225396966,0.1760531969137215
32,-0.02541406210654229,-0.08272619797252534
32,0.3252507485625778,0.278870075860242
32,0.1256785664149131,0.06682345670623419
32,0.1560726420451392,0.09611819141975536
32,-0.055197015589506515,-0.11341100754580108
32,0.14731260636604265,0.09772791493186367
32,-0.1614203530906827,-0.2064977819520587
32,0.08915327503934328,0.02910760434012072
32,0.07491002410661118,0.022613870086877874
32,0.30921071768869873,0.24767082239145116
32,0.04871618157774671,0.0021032527860161965
32,0.3329565593869504,0.2727366846832812
32,-0.15756935002904332,-0.21883123472488936
32,0.3112840352976674,0.25870924948797375
32,0.27453984856771435,0.21213627488640613
32,-0.13524468536415907,-0.19232051482608103
32,-0.027443146480527092,-0.09437282151937854
32,0.0097344988094627,-0.03705914151041012
32,0.1360807509014505,0.07074782196532647
32,0.25758574151111563,0.19366617399370784
32,0.08194082069983782,0.02418063197588821
32,0.16730575960811628,0.10046045633889095
32,0.102229959924579,0.049257813998385414
32,0.28507693145394225,0.23417020829031637
32,-0.2916092642549229,-0.3463354977351513
32,0.0011325026812649686,-0.05577766472719009
32,-0.17546345511781916,-0.23091638493280636
32,0.2269530302675949,0.166654938158108
32,-0.02805324065114362,-0.07553147372552349
32,-0.10172360883538178,-0.14473487871356738
32,0.08139384465978866,0.03234842031583868
32,-0.09154407554623728,-0.15623071194701466
32,0.1914105110463003,0.1145175220052363
32,-0.22271066505300172,-0.28016383843406245
32,-0.050859857582029655,-0.10412501562262089
32,-0.08618005091771813,-0.14566184496189277
32,0.21240614485346182,0.15783969090274502
32,-0.011668403442223085,-0.06992372016651488
32,0.007772925507027295,-0.049458533531015314
32,0.03557252307940567,-0.02269946034694731
32,-0.12206563066506948,-0.17656542488868457
32,-0.09654262283204368,-0.15526276002338807
32,0.2600250486419527,0.18536212201782903
32,0.2954528738499696,0.23008393151019052
32,0.26587318669025467,0.22346352098155559
32,-0.05999906349076539,-0.08773923167241826
32,0.2944297550896781,0.22865434689606806
32,-0.006031443857068108,-0.0574418766710495
32,-0.0583463955563116,-0.1207466968647739
32,0.06375108745199848,0.018743428916906557
32,0.041842249562932476,-0.017844513379606686
32,-0.21095472060560308,-0.27216581950081586
32,0.2189730949730952,0.16336259713852824
32,-0.22631323851558213,-0.27745120720935423
32,0.3270326459291701,0.27159143754933096
32,0.17706112595145157,0.12116344405529539
32,-0.1712768209093654,-0.21398775291921754
32,0.10762375175119904,0.042348490740130085
32,-0.02121284308474347,-0.06452137418860843
32,0.20037384735324854,0.1489795320065877
32,0.12821591630077162,0.07773481712793967
32,0.12505808554987657,0.055212044412088046
32,0.03823712032633575,-0.016545400180907555
32,0.17676447486724828,0.11879099438456903
32,0.20974638967465514,0.16422417069394818
32,0.07673272693348893,0.02766174017661377
32,-0.1864844634137553,-0.2489344953611791
32,-0.08482807979980544,-0.14433708921254068
32,0.11091321559674022,0.05433062167487046
32,0.15988683260810738,0.1083456011895903
32,0.10193800084136445,0.03847280883068599
32,-0.08442460187320161,-0.1357784200205427
32,0.23511922023799486,0.18052513107358809
32,-0.1656970475029288,-0.23107816999635436
32,0.14489931239273673,0.08108201384369457
32,-0.11087544606383115,-0.1633530660870623
32,0.11842159450595807,0.06478621693543313
32,0.03196031629092577,-0.03402247815577364
32,0.05461138640886004,0.0031358362296796116
32,0.24275526504056716,0.18300927211751333
32,-0.04960355452745807,-0.08755318489158054
32,0.1321863528421801,0.06649559940008787
32,0.1877607606694886,0.12371033794575742
32,0.3583297872250732,0.31452416496555974
32,0.029374322169922418,-0.03574201266831606
32,0.0019038031172465275,-0.058132618528178026
32,-0.04960705783618119,-0.09609731613963113
32,0.13507890779684167,0.06675271930679999
32,0.22427561588152028,0.16054457325646493
32,0.18437277657682988,0.1368145692331349
32,0.1270073817588862,0.07152849360564939
32,0.14590122920426846,0.08379872097217195
32,-0.13667450058125996,-0.17953911218563254
32,0.034645164077030555,-0.019785124783759378
32,0.2421594448979894,0.191626364941826
32,0.0617699663687315,0.005353170528900053
32,-0.0056961597154676635,-0.051651141359456476
32,-0.14154354479773457,-0.19514493226667845
32,0.23090174319803075,0.17037965977795583
32,-0.06799551694913158,-0.11711523401977447
32,0.10802452714889582,0.047724023282149586
32,0.29463281474556985,0.22961315124214404
32,-0.16541553705668294,-0.23022035250128137
32,0.059103720175780194,-0.014748184693128275
32,-0.021497952907543638,-0.08203288759429472
32,0.18796460235688556,0.13330821960079303
32,0.21455357247099255,0.1503248588235368
32,-0.06028862093055665,-0.10908139748595258
32,0.09174807850741667,0.02874334017088953
32,0.11620903961859125,0.06601551909312758
32,-0.15324914711835674,-0.22076544817684046
32,-0.017500452957679602,-0.06952617636389291
32,0.04587672340208293,-0.010707105165774111
32,-0.20126287523067682,-0.2459178894474385
32,0.16208168962245478,0.10927720063691321
32,0.10337123160206846,0.0585235130904555
32,0.16818127929034726,0.11452029769139188
32,0.05023250770344839,0.002371629644966289
32,-0.0004819944266867271,-0.05428681383324918
32,-0.12216765182509542,-0.17838120172788124
32,0.04248351080985946,-0.011573126191204264
32,-0.12139161094342021,-0.17613204604413907
32,0.043796245529340916,-0.003065960726071959
32,0.33836653552593593,0.28330326336259043
32,-0.20394019294055382,-0.2661304526341627
32,0.06516167828665731,0.011962988069011471
32,0.24754833646094326,0.17920131989423865
32,0.0010766743976459159,-0.05990523321046454
32,0.0402344468883743,-0.002298310808557691
32,0.3098950245084449,0.25262997745097965
32,0.060776801065747066,0.004829114114119015
32,0.08501685913224838,0.020390001160870252
32,0.045388669011551974,0.0035561166172104475
32,0.04290306196957938,-0.017854230120978587
32,0.08064469483555786,0.02046999283176809
32,0.13934696006526553,0.0784728474476894
32,-0.20229989459277442,-0.2550012673443389
32,0.10397855706950204,0.0654819102003793
32,0.13808886925221925,0.08269059268757267
32,0.23429605137960813,0.17327715383869152
32,-0.11509452063563241,-0.1797258151871004
32,0.2772600524906597,0.23131716520140605
32,-0.12472673672432377,-0.18077742992313026
32,-0.10048483046464163,-0.14485440651324843
32,0.10425578131412822,0.04397172781159664
32,-0.0845522594356613,-0.14150185064586807
32,0.3771806444722981,0.32891089628898723
32,0.34437859654327746,0.291852196307864
32,-0.01577386249520324,-0.06748064306043172
32,-0.0337725971358801,-0.09233118471311835
32,-0.09656552096781251,-0.1527388538775739
32,0.06349160536016613,0.0060170616958827305
32,-0.13372092245819428,-0.1906582700736618
32,0.1902557086748003,0.13922907359106057
32,0.2476805792880185,0.19773344277528931
32,0.1982886338039907,0.13952712192161693
32,0.09084280442141474,0.031120817067426865
32,-0.10755011700646588,-0.15882010694216758
32,-0.01650250554461119,-0.07424508658162887
32,0.16109305679167957,0.08398546971701443
32,0.22786207915839313,0.17452626734177817
32,0.24456380436916053,0.19436924737247369
32,-0.008948989383964157,-0.06576741280313225
32,0.12701716714284234,0.07524703132830679
32,0.027529235607654856,-0.016490205546099146
32,0.15351627452019684,0.09529524635927261
32,-0.09953496976228488,-0.14740999753888484
32,0.3637251038583312,0.30604240923547005
32,0.2028073055575927,0.14166194039580388
32,0.12761221533611594,0.09043587689899996
32,-0.19869855727099345,-0.25399856740152393
32,0.3049684603798067,0.25161457018899885
32,0.2132235606560992,0.16176072012964354
32,0.3857877363312589,0.3466171464834628
32,0.020159544379071748,-0.041973733116751455
32,-0.14949713028431205,-0.2062662627793816
32,0.0996407334450346,0.04599763235740045
32,0.10463253240803155,0.06503105571492512
32,-0.24687149433324967,-0.3053010598696629
32,-0.25338523614734154,-0.30498865277829307
32,0.14601722380143395,0.07576018581625504
32,-0.16883342467921497,-0.22360974500239914
32,0.05086448182816339,-0.014616296060869394
32,0.20133910539548577,0.14222855616808266
32,0.11430036568000218,0.05109615988944327
32,-0.060344736856150716,-0.11392479327637461
32,0.4127362810861584,0.3429439472241644
32,-0.021231821042045185,-0.07780777238883857
32,0.04964294939008851,-0.015159661411340064
32,-0.05486195386703824,-0.11756792685514372
32,-0.13519865405611642,-0.19203291878376602
32,0.24069080360548273,0.17368617862968355
32,0.11897218619158284,0.07436596690593394
32,-0.19641048305528622,-0.26954113951497594
32,0.042509841553820815,-0.010798052411545245
32,0.07033698512282988,0.00724219537106674
32,-0.11505850725878247,-0.19148969129826504
32,0.23407318321176002,0.1517841983873625
32,0.14709542405263892,0.08908645160690937
32,-0.07986827434808252,-0.12115026179779992
32,0.27416842900741295,0.21890704494561747
32,0.016412455107626733,-0.03370121353630762
32,0.39676917116862503,0.33219685971079843
32,-0.19083825691981873,-0.2285537953353402
32,0.2605883238527597,0.21280164090871795
32,0.12728017983552092,0.05372546329934941
32,-0.07845259273005234,-0.12633984086374422
32,0.38247339581396184,0.3318736763702154
32,-0.26651206009701256,-0.32831579091264435
32,0.14697463020013007,0.08095787354767375
32,-0.07291727177575918,-0.12115426711105165
32,-0.2249478366983769,-0.2952452461940127
32,-0.07711492311844054,-0.1306907327275405
32,-0.14811986256292903,-0.21061510516620144
32,0.2819750465675364,0.21253944620995763
32,0.3956327345625374,0.3434073176935352
32,0.08468863601401194,0.01580828420324265
32,0.011794039240894172,-0.03290007797776506
32,0.13057524353437394,0.058113198806945376
32,0.0725374958773411,0.015675915608019397
32,-0.12274846524832794,-0.18259859824725655
32,0.21652202038116158,0.17645333934935864
32,0.36597359371007604,0.314265729650028
32,-0.10431939653676098,-0.17253399118079063
32,-0.18513970039273553,-0.21661442065551964
32,0.20260656282567485,0.15222609332018538
32,-0.03414590547090923,-0.09565344552523497
32,0.1636018131542561,0.10270754885765737
32,0.10209044321878008,0.04992265708271176
32,-0.04945736930285294,-0.09736150262874071
32,0.21400891007856987,0.15108331067026842
32,0.13614152720020295,0.06104939042748664
32,-0.15259747187614803,-0.1974952151882233
32,-0.12977309852505636,-0.1873237892128055
32,-0.044857236797674505,-0.08793306760406028
32,-0.21043775821776642,-0.25327413876365135
32,0.10364293117279916,0.06030774403348754
32,0.13391899958840375,0.06541518077665442
32,0.06907340558166786,0.014157746408665628
32,-0.05337605882083779,-0.11398850355713597
32,0.1968702893619962,0.152711780441606
32,0.12347412627296134,0.058681873876243795
32,0.09106112087627322,0.038929088968443604
32,-0.13599826487092864,-0.18648754299231354
32,0.16570390612054103,0.10774299208490284
32,0.21161510631984565,0.15321597141634286
32,-0.24687299787438874,-0.30107994709955277
32,-0.08678161175146609,-0.1553043324876759
32,0.2547778839498777,0.18361328589492149
32,0.09158666748357919,0.02535917943589744
32,0.15228614079109576,0.10123047888145248
32,0.4020407487306617,0.3430553218518248
32,0.06374782992124028,0.014652837348294812
32,0.10090333635106125,0.045969619710476806
32,0.2595289772846537,0.20501802422606324
32,-0.06933374268255232,-0.11961696583951315
32,-0.1681403896346021,-0.22759044931569314
32,-0.0022315196603737153,-0.05872542067554154
32,0.04124067688221206,-0.025153174042881754
32,0.17393541511107286,0.09925474194001932
32,-0.10219956904525124,-0.16926412733709595
32,0.17099420919339386,0.10256834487770866
32,0.013307839332450278,-0.03153284851813709
32,-0.12727627696689897,-0.17802148157557346
32,0.1716535548266625,0.11386492572625345
32,0.2416228661199324,0.1735474759715518
32,-0.04058088846411623,-0.1050868824361963
32,0.0032193697493919093,-0.06121412539146692
32,0.10899350168922334,0.0673794060419512
32,0.2038219231351795,0.12967596234256712
32,-0.03063015090512622,-0.08150572740600154
32,0.05412854911399545,0.0028378359529251385
32,0.09776729478206353,0.03436044488736967
32,0.009282554572399682,-0.03390114649440662
32,-0.05067709796135039,-0.11138144523552562
32,0.023954136636023304,-0.03837621325256263
32,0.0161257834160648,-0.03332108331223288
32,-0.008654829447739487,-0.05898119608140795
32,0.19802305070148535,0.13548802180872893
32,0.09739032231056083,0.03949483228439993
32,0.014438377282685932,-0.04000410922406433
32,0.045171699656569364,-0.022758388346512615
32,0.09668061073315654,0.05048813213224296
32,0.07020623966443901,0.0203446365752335
32,0.09328540007612557,0.04375689167910585
32,-0.14913792705200085,-0.21436559089586993
32,-0.07913314726168269,-0.1434757878970484
32,-0.1109545212911281,-0.16057229723215166
32,0.08196876183860696,0.010115872190749553
32,-0.07336081854300619,-0.13152656062436346
32,0.06603573537283425,-0.00015297376308587296
32,-0.15807531849903728,-0.20983794341812598
32,0.05051553101427009,-0.02453990966202768
32,0.07512513104771695,0.01098909800505471
32,-0.039803339941384075,-0.1042174963161045
32,-0.15905780444404444,-0.22347035078057859
32,0.07283024023800827,0.03369099737816472
32,0.21355352928703258,0.16544195747898577
32,0.10083490309794335,0.04444932422199194
32,0.14019978698214403,0.08048822626431634
32,0.1495149786052467,0.07972483318869023
32,0.3347892973543712,0.27275477093770123
32,0.07452284001625825,0.000556962767417235
32,-0.09238891661460263,-0.16124620120862154
32,0.14902922218455067,0.07263848450211591
32,-0.03513918291884788,-0.098154695351158
32,0.1889407877276506,0.11655543387873507
32,0.16518119005879167,0.10007309780895884
32,0.19785923750915685,0.16096070498555476
32,0.004784129245225366,-0.05361071579257881
32,0.10129522720800327,0.057882279878126885
32,0.21810288913443848,0.17360067631113002
32,0.0509505875652046,-0.00159753797371881
32,-0.06323785289675693,-0.1277208836303385
32,0.04223726844458209,-0.00472813072974354
32,0.06313259281194311,0.0019658558363224166
32,0.2764893077350587,0.21709947280625702
32,-0.03746983401936671,-0.09592456477509687
32,-0.022780127710949172,-0.07481790223860113
32,0.13664011267786308,0.07894346956487464
32,0.14926079068707448,0.09233062903926509
32,-0.22259824111498855,-0.30048154893551443
32,-0.1253810246501189,-0.19476812275133978
32,-0.08739954621208457,-0.17337572485292502
32,-0.06602589184696256,-0.13581475481808153
32,0.17237218985276098,0.10094520915708988
32,0.05780610664914265,-0.007399001133576277
32,0.06440412903759152,0.010473851920532018
32,0.07486262808414595,0.011726251764579587
32,-0.029932918536127895,-0.09423772174290418
32,0.09967011169284928,0.04430078469528381
32,0.06133075144015243,0.02288309188089971
32,0.06039367771921772,0.002469659844376193
32,-0.009730059584145523,-0.055776707503521705
32,0.130315879891368,0.05600536146291735
32,0.069940357570343,0.021255158706877608
32,0.2290830751970952,0.17533252238407054
32,-0.08755736432113526,-0.1490668963245012
32,0.13679516002900277,0.05861449425092319
32,0.04684308240519264,-0.006367433501899666
32,0.015286829566613924,-0.038640503508047375
32,0.012468174366562945,-0.035325433557701735
32,-0.07199560330006671,-0.12123426368422302
32,0.12397463616978516,0.07244154009896825
32,0.125064148314948,0.06910472428425285
32,0.1232751916578772,0.07296503057543219
32,0.2449558575824104,0.1856200742289677
32,0.05589616779941681,0.023359692597617776
32,0.14675083506430836,0.10440453759799112
32,0.35185350869090365,0.28064958460783057
32,0.13297502945104617,0.07148062014343282
32,-0.22345013932141738,-0.2878192986740022
32,0.0072003392782914455,-0.05868806385848241
32,-0.10305223683425907,-0.16492996937954962
32,0.11314929515927424,0.06485373141266376
32,-0.26240354086429263,-0.3197823529321317
32,-0.08819199433577635,-0.1386583122084517
32,0.21879858718654405,0.16280180464767108
32,0.11252427406362259,0.05851006110480694
32,-0.06859535969142933,-0.11740838001404846
32,0.19556588941345804,0.13946881729637345
32,0.10615195941734884,0.04838620549175521
32,0.28377925275455046,0.23129098165942047
32,0.13383964396039955,0.09838193837803294
32,-0.019975919181307478,-0.06042307915686723
32,0.10734928865253751,0.049904556112770504
32,0.28135757069337103,0.21780998153544634
32,-0.05872984417791138,-0.10533377792627541
32,0.04398665198495855,-0.02779561287593363
32,0.09854011213826924,0.039653656311993635
32,-0.08981092549088077,-0.14972336089204052
32,-0.09178909868656898,-0.14307017066782574
32,0.043570469003126666,-0.0024562982111182574
32,-0.14666461261578545,-0.19715968242072304
32,0.019015376736232104,-0.03923904515844151
32,-0.019372629407306108,-0.08131095150951151
32,0.15444919060310253,0.08981233752918111
32,0.2229579069465712,0.1565075638910179
32,0.057331608573467696,-0.006193907923421227
32,0.043413536558894184,-0.017437048293259483
32,0.2728713579213417,0.24674319893793045
32,0.24191574991805181,0.18925273765452483
32,0.22138718924213413,0.14564528992633313
32,-0.1671196595594877,-0.2284984770642699
32,0.5670484500757191,0.5220328171686068
32,-0.25412003287852464,-0.3101293607915784
32,-0.08208260661252725,-0.1397469571844514
32,0.14042334845249144,0.08371077510705432
32,0.07165912702955396,0.024240777629421895
32,0.18964794203000407,0.12953657508379873
32,0.12441109033559056,0.056888192719394715
32,0.2468111260397649,0.18410222617315325
32,0.004464351732456295,-0.04892492314359281
32,0.02832925893457766,-0.024656037981017176
32,0.1519576222480346,0.10528282718927623
32,0.04829822233106723,0.00705088795668013
32,0.3172823801778469,0.2713917796696443
32,-0.049802541991560256,-0.09576996199561566
32,-0.2885237294762941,-0.34516279180785786
32,-0.010283274861204839,-0.0565723288689875
32,0.08410284785591698,0.03911588882634787
32,-0.06947283034031226,-0.1374799781885434
32,0.10676699580239518,0.05959162591090439
32,0.023450265590767405,-0.013979800077088267
32,0.35082157785525286,0.2936812049053196
32,0.09936393808893235,0.039371467470725674
32,0.19395619277852333,0.13997602195366848
32,-0.03990584208994019,-0.09300197650762865
32,0.26557610179647645,0.2014822710052135
32,0.1895250221962001,0.16198202059136063
32,-0.006587566417981694,-0.06037816006949026
32,0.17466206066237383,0.1239311388851258
32,0.087562336316731,0.024519902196765364
32,-0.155986775856649,-0.1992134111039856
32,0.041402932298037765,-0.012784517140311313
32,-0.07617345423893535,-0.14689936308162121
32,-0.004742929997697376,-0.08598808585168988
32,0.10596035936812159,0.04167321014434133
32,0.14863035332183344,0.09991947714446953
32,0.06701646002403672,0.002811022565605059
32,-0.00994529980493497,-0.05793868626797544
32,0.20685590050219987,0.14910495135056306
32,-0.24390191225087518,-0.31192438373886966
32,0.19051993180000032,0.1263028896349811
32,-0.0984004184002194,-0.1470802521681318
32,0.2362911374043079,0.1840529130834075
32,-0.12029844554355673,-0.16640288427517885
32,-0.09067991102228401,-0.14415256310900565
32,0.14619972585593194,0.09403444213347406
32,0.11079182548629013,0.04756392359275552
32,-0.001316877956891338,-0.051281631788604176
32,0.21100734186832765,0.15377030161148358
32,-0.4405484448304119,-0.4891233464149696
32,0.12535774681279271,0.0703840186468695
32,0.1908989933615421,0.1342297426066154
32,-0.026898851069278584,-0.07580407404273048
32,0.16527854735485376,0.10705868801955282
32,0.18200551416665406,0.11747559282781433
32,-0.22179281091858657,-0.29050194406587165
32,0.02368726537136734,-0.03384029877394917
32,-0.18676932146290545,-0.2452845348546885
32,0.20106314455608848,0.13901216624146523
32,0.03192693110593231,-0.03133532330960692
32,-0.030048610084124905,-0.06767511835941703
32,0.2719841220257701,0.21550272279630306
32,0.30718642941224644,0.26708358844648555
32,-0.014278833349349263,-0.07792899101453288
32,0.1217614338945156,0.07150248246406005
32,-0.16129776501319937,-0.23234034409969354
32,0.45257336684433297,0.39407594100813187
32,0.030166533269833706,-0.015344046574825465
32,0.016151819748723928,-0.040992007663257
32,-0.014470244076320748,-0.08020845243947555
32,-0.08351239625213452,-0.1289886148669141
32,0.17758063835158472,0.12242852051361447
32,-0.13136368040731755,-0.175189692526825
32,0.0651714212645314,0.023373394185347784
32,0.19616701526490993,0.14284688539004214
32,0.3855523099872539,0.31432533367928
32,0.1991476186444196,0.12995295846587768
32,0.065762647177953,0.021718133067132717
32,0.004826921693639907,-0.05202363242864927
32,-0.03348611243742999,-0.09586685481372598
32,-0.06223597329954689,-0.13900886376127825
32,0.13246257785066,0.07915581049050563
32,-0.0027019332349455527,-0.05029909856660836
32,0.30702975530386006,0.2385979886721316
32,0.1531043040698053,0.10884344775151716
32,-0.1653791337739951,-0.22482469578019842
32,0.18843937097016578,0.13439976073321297
32,-0.0033020664458878746,-0.04699223094151922
32,-0.048626822446093676,-0.1061093595125569
32,0.3590181361197167,0.30585584101878865
32,0.07629448232543284,0.036151963403709075
32,0.3569471126119805,0.3185725401056598
32,-0.023570021686805886,-0.09676899913701548
32,-0.25005133174905225,-0.3113805743782511
32,-0.01947244892653399,-0.07413348689713084
32,-0.03335925043394311,-0.09403518769540875
32,-0.09538625079762914,-0.15115912385403713
32,0.10343508488906089,0.058581372491888384
32,0.17958233828959463,0.11621885990833375
32,-0.06601939551673369,-0.09645516578630409
32,0.17648442521150814,0.11458799118323698
32,0.04058000553277996,-0.018113123674464437
32,-0.20897296701863524,-0.2738401964693573
32,0.061901759369517195,0.0068457845889113855
32,0.256040127625409,0.19489099762884016
32,0.06301131779924862,0.020785638023177344
32,0.09932820404671644,0.0429621157350315
32,0.09707393203935705,0.04469580946111962
32,0.2480957609852616,0.17549443368034473
32,-0.08172086781076404,-0.1383346695165456
32,0.05393868511127636,-0.005963176542706006
32,0.10455592308788525,0.038650278845055286
32,-0.030537794748468905,-0.08918374114114891
32,0.1480756941414076,0.0975724751322497
32,0.27137094034992676,0.21825645691992618
32,-0.02978283597260073,-0.08248321530668423
32,0.14066675307870297,0.09123560540436088
32,0.03859366621512467,-0.024233509750666404
32,0.04765986717116305,-0.005162704373287086
32,0.05193246006478319,-0.0033570914884820113
32,-0.09165699174331154,-0.14950279118346327
32,0.008253925104175053,-0.03649709482862634
32,0.2970800540790936,0.24504502095331065
32,0.07510403959340678,0.011577469275700192
32,0.07540707292036519,0.0318472412114848
32,-0.06939377787342638,-0.11338590344272387
32,0.029337031924421275,-0.025382146858043964
32,0.0052224761437734135,-0.05070099404707312
32,0.12696046952345535,0.060623422928885506
32,0.1797310788926227,0.1337581141684207
32,0.14507123591054488,0.09454783218406099
32,0.3645023609190465,0.29242091047261126
32,-0.41361915621657164,-0.46214604276818183
32,0.335692561535812,0.27385659686606073
32,-0.10507655238274394,-0.14050915679208925
32,0.02354606148147098,-0.028257611105094838
32,0.018634930974898323,-0.024863482948150883
32,0.09131444552286555,0.0278182501926017
32,0.05022422821633116,0.00328963386029435
32,-0.022952156427514414,-0.08105695237159027
32,-0.08076899811348898,-0.13963233268375164
32,0.22359469061721998,0.16424722412236809
32,-0.015325500482707921,-0.08480569628438145
32,0.2810364831388941,0.23453226928177057
32,0.1733355591178623,0.12325602593004609
32,-0.3705473981579952,-0.4284747497455502
32,-0.099316608008987,-0.13227442650508892
32,0.14072884983743777,0.0971003783817706
32,-0.09633720973565546,-0.1507915431537608
32,-0.05359325491146266,-0.09093701723231656
32,0.004234526054208931,-0.03831096192267458
32,-0.012874247019038665,-0.06472201621766094
32,-0.0459463649782223,-0.11568297217099677
32,0.17421727412902116,0.10719102824245558
32,0.07045653715336453,0.01035522447072923
32,-0.24580128085557293,-0.297287081833462
32,-0.03058292378279176,-0.0713145018638866
32,0.12686317263396912,0.08657456295988203
32,0.03169994675011423,-0.027997586657433238
32,-0.09537191358022468,-0.14663320598434332
32,0.360702673239979,0.3072944056381401
32,-0.007072362254654296,-0.051654361960381534
32,-0.02430664433371038,-0.08772609762399547
32,-0.05904751476598619,-0.12085433214880259
32,0.07379978467885667,0.00809495419191314
32,0.24603629110986897,0.19183587564129728
32,0.1384703989658978,0.08198590538827982
32,-0.07053593009698533,-0.11811156797326772
32,-0.13939815097294772,-0.19656781836706427
32,0.01182955933765134,-0.03973448233851645
32,0.2986112339445221,0.23690372792426423
32,-0.0022849029086232098,-0.049324822080163366
32,0.1174793109176166,0.046049552262504345
32,-0.04035485139603717,-0.08703804006365246
32,-0.009956909065767738,-0.07009804735168079
32,-0.00033772945177862335,-0.05709038778398201
32,-0.11480309704976838,-0.1535431775191307
32,-0.07880750002637826,-0.11658203347540624
32,0.11625216347354012,0.06407297512052379
32,0.037580161393982625,-0.02143761148827833
32,0.02282279348530669,-0.041805621590524644
32,0.13345952270377132,0.0685587457813071
32,0.0920080051726117,0.05226609780813346
32,-0.37529723468839454,-0.42842831188962077
32,0.07944440131590219,0.020059170347741573
32,0.1243875480807754,0.06539375322844893
32,0.007892648172713068,-0.047308176101180044
32,0.33851360060695784,0.2880543941870202
32,-0.21968307483346647,-0.2809874864402694
32,-0.12935836918655408,-0.15851818000206602
32,-0.05596141336458077,-0.10316209663617987
32,-0.05156378694430469,-0.1093803025440167
32,-0.040437032150877184,-0.11295836342851678
32,0.15971207224616818,0.12024905740932906
32,0.12699417407157426,0.08807501503718146
32,0.05477810164966507,-0.004081790979111433
32,-0.03199045991332278,-0.08400066699146141
32,0.21641977419518427,0.16953652244071998
32,0.11522364154268555,0.056162931450637776
32,-0.04048730759603858,-0.12151332466835307
32,0.16768903528547224,0.11508439999517289
32,0.10399414119012579,0.051215336693344105
32,-0.024001465284187173,-0.07909975347824694
32,-0.14975847972590095,-0.18520819227105298
32,0.10346069868614666,0.045735622942436716
32,-0.04233562417399611,-0.09393040241841455
32,0.16294719902589844,0.08246660478428963
32,0.1593083274953559,0.10688484422908201
32,-0.02838634584616745,-0.09948881445245555
32,0.13072359013110285,0.06945992731686634
32,0.25832468892162447,0.20883130229552632
32,0.0016281893063802566,-0.037386421501292455
32,0.2436961542139619,0.20493089347684784
32,0.08507148533002823,0.025342695040137198
32,0.16468083311660014,0.11671268203856694
32,-0.233339340349015,-0.2883115354005121
32,0.14166190189131472,0.08147223014936572
32,0.08409310593787239,0.03937907356516246
32,0.20233559146601926,0.14745104577295415
32,0.19802883848640646,0.1510789373976325
32,0.27454290233159756,0.20828478035005976
32,-0.06464806669832884,-0.11886003193650607
32,0.14648174155113985,0.09766784116450516
32,0.07804145096705395,0.01673258800581401
32,-0.025824976343479633,-0.07563105932734598
32,-0.046984880509839844,-0.10911490191016332
32,-0.14634462833065476,-0.20978188569271403
32,-0.11408306195670215,-0.15793264311582828
32,-0.18595098953679612,-0.23847282452498242
32,-0.3614857757913553,-0.41472958751469285
32,-0.15248237237139606,-0.21171238147035246
32,0.0937227633605518,0.04518105642061543
32,0.09449757444263535,0.04965945838051339
32,0.028783448517950894,-0.028306834708256012
32,-0.03008557968074438,-0.07268476874922719
32,-0.08176026606941234,-0.15167027853794574
32,-0.23092142720912145,-0.29166824344835607
32,-0.07568240953040262,-0.12006566584149181
32,0.1269803597659755,0.07385185023697555
32,-0.07844252356511688,-0.12365382734407798
32,-0.009268394623341059,-0.07875815334109554
32,0.11553653041551121,0.04864289110557862
32,0.04793784538978063,-0.0014593670646446677
32,0.24432643352993727,0.19212878285763474
32,-0.12478406097612232,-0.20642332733967586
32,-0.09420419220263498,-0.1335282620225841
32,0.09667822010781096,0.023167939627462386
32,0.07035464617843978,0.03891121960200572
32,-0.00847140295490234,-0.07665646434342765
32,0.07850956723438035,0.03640278151089471
32,-0.0988093661635861,-0.16277167453434999
32,0.058244849979360636,-0.008609709932064058
32,-0.030340154637610584,-0.08523210330500836
32,0.3023747532534031,0.23833382031384714
32,0.3248343940601213,0.2784721993155716
32,0.18105043765988355,0.11755184651516398
32,0.011394654891604517,-0.04968460196097124
32,0.0817344485688532,0.030959658124667833
32,0.3056458414316033,0.24626762458118961
32,-0.022794230682586625,-0.08842298606258797
32,0.039648766906527966,-0.012962458564084622
32,-0.2075483999879242,-0.26682459067414593
32,-0.08417436209826429,-0.1284936776230155
32,0.03991900285659894,-0.018553023215121978
32,0.03616613066758567,-0.0333616403410098
32,-0.023188864305604073,-0.06502133834262042
32,-0.07680586490104774,-0.13067654933589828
32,-0.16223316231945956,-0.2171168449069536
32,0.34845021449447716,0.29451354268563273
32,0.14365585001315867,0.07394585198230602
32,0.090888058789453,0.03135453282576767
32,-0.2246207849825332,-0.2723347717681636
32,-0.208232990192537,-0.24630767397911804
32,0.02115954789980512,-0.03189943411664059
32,-0.01571152948888782,-0.08632788642886963
32,0.16682041769856587,0.12457111983174757
32,0.06669659819961121,0.004747885912177119
32,0.21534222831925237,0.1589892332108384
32,0.13114661932788146,0.08020855052505799
32,-0.04595325752294849,-0.10244076456368806
32,-0.020141680519607075,-0.08051502269169009
32,0.2998636390917628,0.24574160877592816
32,-0.02485189734785892,-0.09102601077107747
32,0.21691402805026944,0.16520101459010622
32,-0.2289047014259971,-0.29768613453867787
32,0.24374343194142695,0.18388121217028436
32,0.06529527457970108,0.000772245669439453
32,-0.05681302146573858,-0.10129596474806157
32,0.024613321050606374,-0.028760011338396174
32,0.14697373386739015,0.08708882598290929
32,-0.18784582280281342,-0.24222891760909027
32,0.12229072282175907,0.03527417848988612
32,0.05417452979293885,0.00903506366367307
32,-0.048349157462410475,-0.09595570768443495
32,0.1057695973601363,0.03648426096522711
32,-0.0008081746805010948,-0.062148633597816916
32,0.12940294391961177,0.08031989770058406
32,0.1805406760872465,0.12063361779933207
32,0.04990997858873708,-0.02288388151033033
32,-0.08189718451518835,-0.14959772419021383
32,0.11483439641856502,0.0698490493080276
32,-0.1309810712035568,-0.19073038963934746
32,-0.17202326727668288,-0.20938329044901316
32,0.14623409555356087,0.08477226194953563
32,0.2855875962138415,0.22999686996673302
32,0.23043485525291324,0.17984888788270664
32,0.06222889859765912,0.01393418977216132
32,0.33328282780380497,0.29956098593218355
32,0.060125066920924175,0.010234798957053703
32,-0.029856241268038652,-0.08354549681986007
32,-0.12163413744800511,-0.17465279931690778
32,0.2567738037471618,0.19883047163315132
32,0.2377026183456304,0.17600210300751357
32,-0.014556448697822189,-0.06030241612355314
32,-0.060150095705390816,-0.10320190920596989
32,0.12348552011922104,0.055129851446233114
32,0.02984682599934041,-0.024656809680439762
32,0.09395028395959276,0.03749408825175943
32,0.12503882212784273,0.06482518330453607
32,0.1795946331005493,0.12573727277311048
32,-0.18219801322040682,-0.23697752906526554
32,0.06438797801953572,0.019971418787037898
32,0.04731605793381444,0.005892496323685492
32,-0.05581837806269102,-0.10200923301006765
32,0.003457117043461355,-0.06853752845963956
32,0.0004986163192591264,-0.04107497194897175
32,0.14702830990437882,0.08294716897423776
32,0.1464411575046472,0.08422094586423873
32,0.0646369812927085,-0.0030896968205839648
32,-0.027002376186392507,-0.0931316523913307
32,-0.06563367750670218,-0.11976649332615796
32,0.17189904602676181,0.10391352872825627
32,-0.20787990030105732,-0.2523923005984217
32,0.21927049398033888,0.17673861387766637
32,0.21097009492957136,0.1547010797214528
32,-0.09566249782316916,-0.16570011852393224
32,-0.04085355137787605,-0.08574454268222792
32,0.1575926728484291,0.10383439508755815
32,-0.007050975410187843,-0.05040695549134683
32,0.01730843150987743,-0.030881247200402806
32,0.31733811213251345,0.25617346702231664
32,0.024310195279105162,-0.05218027709772627
32,-0.07041705425329542,-0.11800840639122795
32,-0.20289287849865634,-0.24781365495324453
32,-0.08325759787389658,-0.1434117705455476
32,-0.09351250795286553,-0.146202903964943
32,-0.1727342420273656,-0.22583862988010708
32,0.14486603915077195,0.07713568626650141
32,0.0341382405968062,-0.013597835361404131
32,-0.07297182221602172,-0.12845668296026225
32,-0.04479961399393445,-0.1093906510347113
32,-0.06354069417499769,-0.12489858079642002
32,0.07876088561540212,0.02321195463276776
32,0.1896469031016303,0.14355240040168854
32,-0.11206499057388558,-0.17450925500839998
32,-0.16176690330031573,-0.22626326352679618
32,0.21421639282026966,0.1570763283292977
32,0.09156900976724075,0.04266579224012057
32,0.0702766121373345,0.01660979165862092
32,0.045029098538448886,-0.029904302812029215
32,0.3951118835032866,0.3362297342603085
32,0.0457307962554831,-0.00016964015704762359
32,0.2103103432528099,0.16387577933498926
32,-0.069123530152856,-0.12473945636495826
32,0.0024960502015596298,-0.05460293318404352
32,0.1307002453029154,0.08841511431213817
32,0.07228201930945455,0.011660531255530071
32,0.13447531329444734,0.0800449340481319
32,0.20212217210668243,0.14633911944733574
32,0.20673187914043883,0.12741142959534552
32,0.43752231804274405,0.39723560754923765
32,0.03128532444901394,-0.027981897802630273
32,-0.021780653029496444,-0.07867839806019206
32,-0.19184163111134225,-0.25531759496666095
32,0.046010811584827116,-0.02061315333133157
32,0.18565795006576163,0.10756184243854544
32,-0.02771001719631705,-0.07335938013806037
32,-0.12590608582903834,-0.1853440147216058
32,0.4183109689701397,0.37155478113979273
32,-0.03524983199498899,-0.10132952011639523
32,-0.1605553684441719,-0.22884538016849892
32,0.1547349051716757,0.08623763223380404
32,-0.019503064820972693,-0.08428201866924273
32,0.16809466284349334,0.09255096195507656
32,-0.08960114063776642,-0.16383427305581655
32,0.21986959932760602,0.16830224782502118
32,0.01761089443804076,-0.03216581264854784
32,0.09877235760328124,0.032671053578864406
32,-0.01359760603018606,-0.08317707853476969
32,-0.025776323907198417,-0.09742821622554632
32,-0.08553749345401906,-0.12294285511320974
32,-0.032827851837019084,-0.09141377739230866
32,-0.032815906432824726,-0.08525005346257647
32,0.16523775480077146,0.10545684023721086
32,0.34649143505156327,0.29585367059606577
32,0.21638934006915805,0.13693694049614774
32,0.036796081631948585,-0.04487796241653774
32,-0.32344958169749544,-0.35444521645777805
32,0.06287584788767064,-0.00028898264997445633
32,-0.04693970601498715,-0.09891107201050175
32,-0.014118573051036976,-0.06312872303864936
32,0.19207918798266005,0.1424856601347127
32,0.1581466508580311,0.10845306604293253
32,0.1661389214083156,0.12491639361722745
32,0.4247676047845735,0.36038601910062634
32,0.168383080053286,0.10617861132749024
32,0.0730126937842388,0.00043831524503468167
32,-0.10272180297527134,-0.16183145272257965
32,-0.18502778866841063,-0.2590689146906066
32,-0.15711269069690004,-0.21534190213866022
32,-0.00033206281066811005,-0.050460570822296213
32,-0.16151499881589942,-0.2250704712127537
32,-0.22741666263326335,-0.2771208254738151
32,0.13875659334055407,0.08848607975593575
32,0.13994380443198656,0.09470135874068891
32,0.35723883061818457,0.2878425782982746
32,0.2528602301738035,0.20733876377198807
32,-0.02196932006724317,-0.08381152140752957
32,0.14837815966719964,0.0884251013661162
32,0.21593320289966506,0.1437316361591056
32,-0.1308236528803517,-0.19023461176937617
32,0.050578928977737636,-0.015556213067351443
32,0.057898785110574946,-0.006444713758164855
32,0.05962409891913528,-0.004145176031806974
32,-0.004483311122481459,-0.06804204092089211
32,0.03790711823598775,-0.014361680250897069
32,0.2273833140439278,0.16860951912288674
32,-0.11807664327889233,-0.17769313937698958
32,0.2992011695612155,0.24755358547957257
32,-0.04218363478998921,-0.0912538345905593
32,0.13043323060691242,0.0585483078697463
32,-0.027837051287022407,-0.08167456874813384
32,0.15618279485276593,0.10646192284756056
32,0.06996760067453694,0.010044355205408528
32,0.08574892235785997,0.0545449742771425
32,0.09268588326716215,0.049442344631490276
32,-0.06205560033155516,-0.14408563686079623
32,0.12484987010424647,0.05673541950055494
32,0.17729637654806768,0.13203510738509533
32,-0.0690967310746099,-0.13627711592381775
32,0.06942716893839734,0.008236139982314261
32,-0.08054628742880604,-0.11327405344413127
32,0.017659410794317876,-0.030058248744154026
32,-0.06253438209452977,-0.11009263027039395
32,0.2331487811199297,0.16760357903108597
32,-0.1328489206753986,-0.19863796465123026
32,-0.0251124956969091,-0.07072904641499117
32,0.06474610081765536,0.024723054506330666
32,0.1605601042094163,0.09793931038750275
32,-0.03784398355990437,-0.11151874680751561
32,0.15899601095788846,0.08955722338760613
32,0.1165488119339097,0.06284627652691516
32,0.053211474511031365,0.0037931500030887744
32,-0.016651020724059273,-0.0684731079643468
32,0.27617067684791746,0.22884133292618974
32,0.055010233481082305,-0.006075290976783887
32,0.20473692861369747,0.13391796678062923
32,-0.020030099561919312,-0.07743864716052773
32,-0.11272016418431702,-0.14805683947711634
32,0.095122700655007,0.05561287724749653
32,0.11183881196483741,0.06016700169592604
32,0.1484894667703292,0.09570625730293442
32,0.17903313358517098,0.13394553017458105
32,-0.1853910058568252,-0.24388877883479237
32,0.19242989195329657,0.13765322161337562
32,-0.08397483143122192,-0.16420036708562602
32,-0.030097806103937252,-0.07344602424796504
32,-0.017358360979915666,-0.062330113597661
32,-0.1191470627357934,-0.183894112662417
32,-0.14623505215313942,-0.20033218675220602
32,0.06040909236187525,-0.0026922810325378244
32,0.19499529652246167,0.1442450098360299
32,0.2313615994857024,0.16957475950751094
32,0.14346057076953173,0.08702761868389702
32,0.21151419263781485,0.1626308346721162
32,0.05524899449085863,0.015311854271789826
32,0.018503791218699273,-0.03535319631254802
32,0.1336784598436171,0.07523809868268344
32,0.24441527094417098,0.2081898809241946
32,0.005871998386093424,-0.04593357898167677
32,-0.1839661165124572,-0.25236458130724526
32,-0.02964640521282047,-0.07993550256830478
32,-0.0410500117882755,-0.09063114392628108
32,0.12402424414800656,0.07099171072361848
32,0.26486365071009826,0.2148400449597751
32,0.004893466573787031,-0.04880472270542824
32,0.02152266837279254,-0.036410725923794574
32,0.06476856749690202,0.008505855149699315
32,0.07665262626775832,0.027028824090004233
32,0.23979443062095945,0.1744974004244147
32,0.22193200668238738,0.14950737120852337
32,0.04975537127200241,-0.01084742711666481
32,0.09962667895953775,0.056160814884643195
32,0.0008431545427773357,-0.04932872219901652
32,-0.042773907146814005,-0.08711870373823988
32,-0.053666524281071826,-0.11572487388633679
32,0.03406033681824844,-0.02657553022582343
32,-0.030500880231084493,-0.06880984592120282
32,0.3063208803428403,0.25814643956422784
32,0.1667830265076829,0.11228169860543752
32,-0.1847903940699582,-0.2432906844294906
32,0.3781447550038241,0.32358878748275016
32,-0.04547365841989631,-0.10315901940151029
32,-0.09638876017777764,-0.1592781205602996
32,0.38638338143201206,0.31947150767061033
32,-0.06273033541940032,-0.12855108109546998
32,0.11374162166619012,0.055344863437504166
32,0.02029291831819574,-0.03969170950508916
32,-0.07720661447860161,-0.13499295169224107
32,0.1546597951953807,0.09194468508555592
32,-0.10825603976433307,-0.1675124254669525
32,-0.051039255584076515,-0.11378197607326357
32,0.13849780320389643,0.0842919846693016
32,0.296230688557167,0.229511732428701
32,0.08527969952366471,0.038414723327602984
32,-0.27169695651446735,-0.337149339908918
32,-0.012009216748540052,-0.035280716578346194
32,0.1627628848881279,0.10723145649801386
32,0.19319355384067577,0.14554859101985068
32,-0.0645526405427066,-0.1224890220016312
32,-0.2894287317874086,-0.35095611553840356
32,0.04107788560831355,-0.02295168744910364
32,-0.16377798725241488,-0.2199796648724466
32,0.28100007722740356,0.20848756660824258
32,0.10558641782224293,0.05489948092627289
32,-0.0831383090613168,-0.1283604144985882
32,0.12613766463908188,0.06664679518138206
32,0.26571387470628843,0.22618076919580615
32,0.13626967667533724,0.08242801237397662
32,-0.06816642219610708,-0.12423008665737728
32,-0.13339252280172326,-0.1687541797904542
32,0.03606529523233265,-0.010908710262694687
32,-0.009912965520317896,-0.07992839941918445
32,-0.08396090974361292,-0.15335479226240645
32,0.15978737766448065,0.10243658529118999
32,-0.1338191612729217,-0.18729910791933407
32,0.024014115417573256,-0.025335660730844034
32,0.19864533572652548,0.14540480228451363
32,0.3498474655393909,0.28378102078551276
32,-0.07699865297374159,-0.13333649663681757
32,0.22465338149975816,0.1649937604490816
32,0.18410663503554175,0.1391179839114342
32,-0.09856849303852433,-0.14699019016905618
32,-0.13169998952620898,-0.19810301794457263
32,0.08812797190465876,0.034890533139657565
32,-0.05227021336899973,-0.09852275325945997
32,-0.03563040937295048,-0.10297461811477798
32,-0.03295504598559751,-0.0911226664627588
32,0.028578479022584924,-0.014531216815999448
32,-0.09052813979417867,-0.1487739133820452
32,0.10775300844689067,0.05120659506833136
32,0.1359828525468349,0.062477422206172306
32,0.22122965024809688,0.1706924853150596
32,0.015949412216518577,-0.043311368577768905
32,0.03334171415527781,-0.02624290880989444
32,0.11637360465097685,0.05474128383683852
32,0.14490337056294916,0.0812444659087102
32,-0.17848967178539124,-0.22068353845562017
32,-0.07120542538586405,-0.12028030631109426
32,-0.11261332348639425,-0.16875796402231336
32,-0.09253312801691266,-0.15830182371905888
32,-0.12747486079087444,-0.18727131754670528
32,0.23399513698662328,0.19447084701053957
32,-0.03528606888536617,-0.07680103184646919
32,0.32237964348535736,0.2615283279133606
32,0.25451888813201035,0.21911037572164932
32,0.0598937114907927,0.011121402608843367
32,0.0015615783040318632,-0.06233324636203963
32,0.056946699820668134,-0.014680128079260668
32,-0.130183214650615,-0.18267670537161923
32,0.20748937794118288,0.16415289962945195
32,0.07690273844674483,0.021773242799000392
32,-0.05464179751839676,-0.1020113976741765
32,0.12076476776153316,0.06966888698180662
32,0.280337659297248,0.2239051172838486
32,0.1364913360428603,0.09916224526240452
32,-0.18825189253801133,-0.23545303766499434
32,0.15106257799438533,0.10364382714289727
32,-0.11966427072491403,-0.1733295987308228
32,-0.07415496130417348,-0.10898127456318524
32,0.15572320099559306,0.10118763260218505
32,0.3378374502678945,0.28545927913684593
32,0.15876461901267963,0.11099270301605585
32,-0.02869682572118526,-0.0749898838004171
32,-0.11724625693406443,-0.1750928901743707
32,-0.0048660192038045835,-0.06487029072549544
32,0.25259985358383247,0.22026337813143343
32,0.13555286088603763,0.07887478718701763
32,-0.2373469484705178,-0.29724562250835584
32,0.10843836628454911,0.024821037820014658
32,0.04569118214865958,-0.017056648436119093
32,-0.0957549320845194,-0.14513624338486092
32,-0.12777211739425715,-0.18042740311106417
32,0.3126089950564704,0.2591988209900062
32,-0.08569826477039705,-0.15254414060885196
32,0.02467898600180657,-0.05166014938199315
32,0.04593610633326306,-0.015835842868388905
32,0.18434063119014638,0.1466356897758247
32,0.19366732031739747,0.14104040947574298
32,-0.14439420904865363,-0.19050979124882073
32,0.03958671358815802,-0.021737503721418527
32,0.015931617096841988,-0.046813624909886276
32,0.04325634501013975,-0.00985055883102004
32,0.1545484538624496,0.10395028497564746
32,-0.00013864486252318509,-0.057602655934634706
32,-0.11900537818948204,-0.16344353725637817
32,-0.022614019881172176,-0.09156928219132449
32,-0.2488135147665403,-0.28823388950827233
32,0.13487516066799637,0.10932869214942292
32,-0.2570646364756993,-0.29851001880221906
32,0.009236655094793489,-0.024738362097989464
32,-0.24875824131308055,-0.32324905566908513
32,-0.16561011298717865,-0.22528572178450848
32,-0.009224717110255298,-0.054541544100043804
32,0.08964404069172266,0.02148487447554337
32,-0.016769066293306545,-0.06293172221979348
32,0.12150193732457132,0.05275518503748999
32,-0.23869116100509144,-0.3014580763895364
32,-0.10763605707840818,-0.17290538808207573
32,0.031642234891321064,-0.011771173024382742
32,-0.011402676675265067,-0.0573819731940306
32,0.03302286405608351,-0.030995382947635097
32,0.07688334994315693,0.01617872716208607
32,0.08872456361103281,0.033787495209675944
32,0.12038048779135196,0.06816691640048655
32,0.05454847930435808,0.0025637162143827275
32,-0.02137756211588676,-0.07372502521525937
32,0.13725245026479466,0.07181192576171064
32,0.20403670028264492,0.1452222227141809
32,-0.0389675649697912,-0.08826942557440365
32,0.1811002996385957,0.13937386123076284
32,0.22216984046071558,0.1726782643572869
32,-0.14979993334772412,-0.20396328525465948
32,0.018901582892008773,-0.04491055375476716
32,-0.02183362737233807,-0.06805528174175957
32,0.05701524579416284,0.015119447282167686
32,0.2931330935356254,0.22492766288916116
32,-0.016143981787509643,-0.06978845422905972
32,-0.0613928825866506,-0.11960993979300222
32,-0.026984375627198243,-0.11729169753640839
32,-0.045376723594716284,-0.12345148476816359
32,0.30989527030850955,0.25217473426220144
32,-0.08710868686357803,-0.15387973512499414
32,-0.06689120246523683,-0.11976710230350662
32,0.17527617501882714,0.1252985077835847
32,0.10739779153345003,0.03608830794293405
32,0.23878667725176456,0.18790618729546243
32,0.19299415012250692,0.14343872964973464
32,0.12125338836631588,0.05781427005530787
32,0.11313907970852627,0.05107176791909185
32,-0.05008548034332205,-0.11742640177821423
32,-0.11226304658898628,-0.16280070318175754
32,0.16138111665137383,0.10453529911701703
32,0.07153848901388576,0.008648497997868765
32,-0.01436898813949894,-0.0829079981796862
32,-0.1437990610980569,-0.19757879291951258
32,0.1464273307535368,0.0865911924464628
32,-0.06837423917719404,-0.11774493926863727
32,0.4142291733892413,0.36513549194407996
32,0.09961916220666361,0.05308191130648937
32,0.12289841387181094,0.05510422486921629
32,0.136107627939608,0.0833658987771781
32,0.18298762614130254,0.1365907242893935
32,0.2127353208520239,0.13717580056041317
32,-0.03246989589471733,-0.10047031889901537
32,0.10127210995825969,0.05063037581351659
32,0.2186057533094657,0.158011593701269
32,-0.027164539366937634,-0.08526551490071838
32,-0.09796992276523464,-0.1603666654784035
32,0.1376652226392801,0.06534776424502059
32,0.00730376641096403,-0.04330950789366844
32,-0.11622725571501996,-0.16851148702345203
32,-0.12539915867301776,-0.1818640534843617
32,0.341377117304489,0.2905107038515053
32,0.009471368839315597,-0.04670431218055193
32,0.15016784002490952,0.09892301493473427
32,0.3277507996135712,0.2788986898568267
32,0.06726870985019567,0.023332794345446717
32,0.4295231191870376,0.38429424955340336
32,-0.21014476397992984,-0.25982034573729346
32,0.13394826399443155,0.07135189598224823
32,0.047748335216923676,-0.0072463652922281074
32,0.3659408754912084,0.3241625461867435
32,0.047649387899262485,-0.003841272439242538
32,-0.1808743159168795,-0.25221466258972036
32,-0.004561351994787077,-0.06432246344780329
32,-0.2328577235610584,-0.28907047143446873
32,0.14042943201647268,0.08545512902536795
32,-0.005292797148287232,-0.07753346717948367
32,-0.030474221209137897,-0.060561082330743476
32,0.06568318504940529,0.013565498640532525
32,0.2846943243830163,0.24619850653024694
32,0.008877573294933938,-0.051124011075859954
32,-0.036754339856003126,-0.06966597933142665
32,-0.2304636226721577,-0.29476506461254903
32,0.07879794679939234,0.0394117213477726
32,0.21553771943697547,0.15022074254900203
32,0.14349120206845295,0.07731682992213479
32,0.08345307410667985,0.03238592538212276
32,0.18403484580795676,0.1387521790089012
32,-0.007776676835748009,-0.073965140756791
32,0.04439014924486134,0.00880281845657932
32,0.15062171550511189,0.08813681960965986
32,-0.08594867855672444,-0.12970742291941073
32,-0.05194313649511345,-0.10271090441676911
32,0.20803778378102283,0.16471143298163188
32,-0.08850838744568379,-0.15446425806127756
32,-0.072071734449978,-0.13936485434473128
32,0.2590379019841536,0.21059969565901954
32,-0.06784031474993785,-0.12442360833617366
32,-0.026257842336919024,-0.07182366591450923
32,-0.014340099630079317,-0.06967989803187669
32,-0.012019590468897834,-0.07687710002803316
32,-0.09419753757416643,-0.15971290384548376
32,-0.04405896257025338,-0.082973066836811
32,0.16938587441327885,0.11427373409277636
32,-0.13300214667125787,-0.18125921719660895
32,0.3909968525488455,0.3122048270913769
32,-0.1851101835526287,-0.26116546575356414
32,-0.1260990803261191,-0.190210408823032
32,-0.04482637900665892,-0.1064696968929249
32,-0.09910914378534708,-0.14957161198461283
32,0.23042678897677776,0.17209116480157832
32,0.2307750808559293,0.19810824243410513
32,-0.16941674085542802,-0.22590983950943597
32,0.11422777708443482,0.041803693196107494
32,-0.03152553767202987,-0.07449337712675885
32,0.2705475749273338,0.21362885242404134
32,0.07815160132378779,0.03673723256935585
32,-0.11005744161718711,-0.16329971457024778
32,-0.04481498002503281,-0.10001796402661528
32,-0.03856203238952005,-0.09049788193414882
32,-0.0928912954944251,-0.1419492858029373
32,0.1741474363044762,0.09737465727172906
32,0.0006166597342555646,-0.06381112126235994
32,0.21003857942547816,0.14758338959613343
32,0.031593371979790175,-0.01369815087438564
32,0.059870643792606926,0.022126108755112117
32,0.24552091059014386,0.19346129939090678
32,0.27903309712262875,0.22327977454701692
32,0.06387424838195543,0.007308026868937112
32,0.003492877723500154,-0.04928878728025826
32,-0.05256185347164283,-0.11645459542181191
32,-0.03871052969187616,-0.112449707830588
32,-0.05172273737791849,-0.13288655219246082
32,0.06358173708340914,0.02290000598235986
32,-0.03296024380031465,-0.0923178922218757
32,0.0835201696156001,0.029074743496600275
32,0.12459964062085,0.08276175039042938
32,-0.07868082396755138,-0.11633709588023489
32,-0.11896851515496548,-0.16943877049092726
32,-0.13243442167552544,-0.2059505260701035
32,0.2891611794536046,0.21555570488368198
32,0.25444733490440957,0.2031435415534853
32,0.06395502477267112,0.011752697823738667
32,-0.02836120402212511,-0.08340484831589429
32,-0.053085836231128,-0.0985676184883254
32,-0.11316822181051495,-0.17330444724159322
32,0.017012905307809523,-0.04266461341317107
32,0.05858660244718972,-0.00018892045488477782
32,0.05993194278948216,0.003222152132221434
32,-0.126997304738991,-0.1900195084548935
32,0.0929885265339831,0.03866885766178535
32,-0.06613551046360816,-0.11232287975458066
32,-0.0056663477943813545,-0.05097810486054272
32,0.05802770860737139,0.0060599270892436885
32,-0.0003283589994634295,-0.04858108602919137
32,-0.06104378831889534,-0.12696242661510704
32,0.249295898984292,0.18208910012127283
32,-0.03652483543643853,-0.08227189189266337
32,0.03821193337462575,-0.01742955562255044
32,0.33258289912332345,0.2905015766997516
32,0.06791580338746589,0.0013592543764652798
32,0.12005436518620055,0.0496333034868669
32,0.008692207281954412,-0.045898774675475096
32,0.09129983540307834,0.039713121996444056
32,0.09747294560344127,0.04451124493021713
32,-0.07099204074127768,-0.1415237535028952
32,0.05393525108147251,-0.015161115499085553
32,-0.01761564250370523,-0.08039836425192265
32,0.08450409779849916,0.029003094700510212
32,0.018447046616171414,-0.028702532637374656
32,-0.01202551785360012,-0.07898986324473933
32,-0.05730367521192187,-0.07407871477468886
32,-0.10916842553702494,-0.16257953191717045
32,0.02763554823084452,-0.03999029275064464
32,-0.07155850647036094,-0.12989860476540943
32,0.042001335842335175,0.0046089913571224495
32,0.013766837738310722,-0.04495650878967511
32,0.09824020000839656,0.04045779934460014
32,0.11907719856389914,0.07419818356747093
32,0.1883167110245076,0.12809586939379974
32,-0.050955718046398146,-0.11118036567878292
32,0.20285162618314628,0.14277441290860676
32,-0.09836161727283704,-0.1578704887276427
32,0.37492647707743415,0.31984787088341565
32,0.09293337464212875,0.02533089438317987
32,0.10436098760444873,0.03546244163774487
32,0.2287026882366165,0.16280690206701204
32,-0.014262997198404515,-0.07612220144883497
32,-0.03418651056544075,-0.0773818351138007
32,-0.10364866535354622,-0.16423190994645998
32,0.05421198444324943,-0.012042396996759908
32,0.11947209768128136,0.060101522562570286
32,0.09078259158175178,0.04069023999133525
32,0.02420399185369798,-0.022043319530927585
32,0.1373474929208412,0.06484581567151926
32,0.048139702071081536,-0.01915640171957983
32,0.023183205037971333,-0.02725191565691737
32,-0.01775934457809547,-0.07009999737941941
32,0.13326283167094793,0.08334671646663466
32,-0.22627610065960635,-0.2710393437852534
32,-0.018654286833386602,-0.08142679730429708
32,0.21982258641991753,0.15329260392945693
32,0.18033469179940903,0.11664506552829373
32,0.16681090705918195,0.11260727365727857
32,0.29471639826151835,0.23834043868896376
32,0.18154508049488854,0.1174774181663823
32,-0.015117962545935448,-0.08127466479078638
32,0.1692331725543677,0.11721436007529545
32,0.04865179955086868,-0.01897317135524229
32,0.33228515389524,0.28694415346739083
32,-0.1657137288895506,-0.2072283225473094
32,-0.14201049999309168,-0.19554070112779226
32,-0.16302659247958468,-0.21331994937051166
32,-0.06379074782683414,-0.11533724396863554
32,0.14986742310057594,0.0963687148904751
32,0.17601935025251075,0.12240987066471293
32,0.2508300760989694,0.18036853838664507
32,0.0834864043464954,0.03293140129210559
32,0.10670250557893285,0.06669532813029716
32,-0.03193480402950155,-0.09390836499780186
32,0.07930369746406563,0.022085715398764194
32,-0.10962002648946773,-0.15802703415181707
32,0.014403876010676886,-0.04572567481060891
32,0.12599570112955844,0.06580810143506621
32,-0.14282081715988365,-0.19343446944583104
32,0.10494060673295752,0.04441785901102402
32,-0.11342672641776624,-0.1658976886636207
32,-0.05094898015436283,-0.11627077410727837
32,0.056452890458967564,-0.00663375763088897
32,-0.019882694178051885,-0.06380513736837534
32,0.29060956608005223,0.25184599459606544
32,-0.13105500232803785,-0.19601050861734512
32,-0.024801472915462364,-0.06860676300055679
32,0.332023122283761,0.2599519127495156
32,0.08541960071368876,0.03586858366783169
32,0.011156721622498478,-0.047506719968269495
32,0.1503887016811309,0.08904299788905617
32,0.25811677215736956,0.18715838715769478
32,-0.15066197718831653,-0.19385293860864278
32,0.22561682842716452,0.16998036352397788
32,0.14088801971145654,0.09832974487058593
32,-0.0680885033769485,-0.14436767353697194
32,-0.24751199750233951,-0.2993438233596859
32,0.08868112206786555,0.027014681084344627
32,0.23980165610248566,0.18580546726794694
32,0.13935649700483382,0.10028210429786227
32,0.21708695632661185,0.16125214327465714
32,-0.11444686615278066,-0.15770429516618134
32,0.10328990167078239,0.041791918291266605
32,0.18907650779420054,0.1347900747613477
32,-0.1780508751695234,-0.2124172057123068
32,0.11864052493020222,0.07076643163415797
32,0.041701419745054036,-0.006036681794124199
32,0.44456484116748,0.37641050991008945
32,-0.121011600933488,-0.1639406370412907
32,-0.10835741946163602,-0.15293863216653808
32,0.12722303745969227,0.06426396868436085
32,0.06462852537082464,0.01028536903326327
32,0.22459112570933354,0.17349668992654838
32,0.08751806862047545,0.032890536762195
32,0.11228642238604575,0.051110856743376565
32,0.04144754815878987,-0.019352455727032203
32,0.06643667572656198,0.008622823063465845
32,0.13267204131494764,0.06736556908896074
32,-0.13551663233726036,-0.1788445374611185
32,0.15663241471491401,0.09310857129817912
32,0.024327520718464446,-0.02291791419716338
32,-0.03590800670863076,-0.10552209388559836
32,0.23302189043319627,0.14815162320884329
32,0.07043652878869161,0.006983190282513263
32,0.350226154217497,0.292237432870812
32,-0.058424020848966474,-0.11002706480462043
32,0.0985698832951733,0.049358654141280045
32,0.3434816450270613,0.26903687981273944
32,-0.07328132969627682,-0.12457075279429464
32,-0.0036706491118884688,-0.04724877078412992
32,0.2045837572381733,0.1593476243653656
32,0.05068599493080089,0.0009680131848761042
32,0.19940415100528724,0.13154803450290137
32,0.16407395351872128,0.09284408078130363
32,-0.1498254914997858,-0.21449364171529897
32,0.09864276156476665,0.032620097174944185
32,0.15235314322419674,0.09053705804930195
32,-0.004276360644362265,-0.045385892681190254
32,-0.24596058705660478,-0.3043827331604191
32,0.0435215925107878,-0.005928528517356368
32,-0.0655020867064372,-0.13429328937729934
32,0.058147759577931224,0.010642131467593074
32,-0.0642748092514061,-0.1450184667936389
32,-0.029876010007696463,-0.09026418055811425
32,-0.046413112870730855,-0.10217695952437678
32,-0.05885704700361416,-0.110705560256458
32,-0.06565544469005063,-0.12997142526657485
32,0.04601433126173593,-0.010253992737855877
32,-0.24712883795795842,-0.3131490884914989
32,0.05541504700119121,-0.006626055089493488
32,-0.21903417162307087,-0.2832950513214809
32,0.033980046458939706,-0.018134704555823
32,0.28727447360649455,0.2433457367998631
32,0.0003567504931176191,-0.05168610822497821
32,0.1568624605203805,0.08978133967951413
32,0.04850765957608261,-0.010614192489028729
32,0.09721079388380999,0.03313259468330043
32,-0.11588219757229107,-0.17458395254973794
32,0.013413379303464035,-0.057656491530922394
32,-0.028768241953071483,-0.08714459282753134
32,0.24475817983689935,0.18314881923685405
32,0.0181414512722472,-0.06309294435193968
32,0.014469478485066023,-0.0514365925179911
32,0.17858506362647047,0.1133785637353511
32,0.09623931895092835,0.04104652355181371
32,0.12387598642085912,0.05674722978138513
32,0.057562855146226055,-0.0026018293949605087
32,0.06856446465695049,0.01420642422231072
32,-0.0592118658716535,-0.11905798410830548
32,0.3177720791393083,0.2474633026084005
32,0.1388118414928527,0.07625623907125606
32,-0.02635384609865804,-0.09206605200242135
32,0.03101758525105569,-0.03899469240014164
32,0.19065394381403827,0.1337162347154504
32,0.18255003177990686,0.136202514796059
32,0.1122563467953514,0.06544363772719242
32,0.08455328787344202,0.03959667302935954
32,0.20681231623629653,0.15797372440463014
32,0.10217625081358445,0.04108864976873572
32,0.011398765492041885,-0.04700113173815079
32,-0.05407658551682726,-0.13604688669348058
32,0.2081092897394698,0.15673498927880797
32,-0.06517246372641744,-0.12028761694496587
32,0.10225443237416681,0.048289396881208924
32,0.07877094590576322,0.026175732491015624
32,0.1001208488443886,0.03882612253463913
32,0.12463546814210053,0.04895213275731081
32,0.04215066002198292,-0.011085934416783016
32,-0.14092884726803306,-0.19425850303811976
32,0.014726540855892312,-0.029243680133408223
32,-0.0009496616483968823,-0.06293641000873584
32,0.03711038688022178,-0.031712137165765875
32,-0.0913505697542617,-0.16983393416370157
32,0.044036185283078344,-0.01204429015166808
32,0.09107123298848424,0.0446279591766266
32,0.013446090512984565,-0.04734024670352405
32,0.17581564135286648,0.11398299761902891
32,0.027118858818551528,-0.024851061539596153
32,0.031306047715245255,-0.017953967539123428
32,0.06976964180585421,0.002954076132690553
32,0.18545614168049634,0.11205866292969663
32,0.0697927856645878,0.0131657911952352
32,0.1473205345589887,0.06504631141425998
32,-0.1447656600121005,-0.19988182874998342
32,0.07046344605918675,0.009796432565552626
32,0.07597100213586311,0.022083215326066108
32,0.13233291212474146,0.07715107858518766
32,0.22031565911530498,0.1580224118046854
32,0.08478675486215764,0.03113396024397702
32,0.31817775760435324,0.2732463979604552
32,0.264483078029435,0.203911963839908
32,0.09805389241433898,0.037188192245015794
32,0.1281649380777931,0.0736038193580763
32,-0.20730543589478354,-0.2709258821763673
32,0.31748536999597304,0.2561720130266771
32,0.27037501630124167,0.20922553803587368
32,0.07149332979247713,0.03575326045450966
32,0.35565188797005715,0.305041904214217
32,-0.009575186086319187,-0.07141281366740537
32,-0.058861837307995435,-0.10323665565034124
32,0.14592751843575097,0.09803343140650372
32,-0.09686351065807686,-0.1471801612376571
32,0.014011971924165811,-0.05854557008560918
32,0.16910018152377732,0.10243427731645943
32,0.039977321103332686,-0.006261533692642651
32,0.16253885118375316,0.11427254599707054
32,0.2534906276256655,0.19630123160044682
32,-0.16970406291184786,-0.2239778785675467
32,0.061935774680423716,-0.009270594230402385
32,0.21473311322905614,0.1593689650475038
32,0.26626955170664485,0.21427337931337748
32,0.1761881713331363,0.1124436996715063
32,0.054570394370369035,-0.00701813446380023
32,0.2474790558952305,0.18865840319516275
32,0.013593139207553062,-0.047489420939197835
32,-0.07900374670738325,-0.1253110860168828
32,-0.13856723334950588,-0.1965234003765159
32,0.10410449460809562,0.03124828693482168
32,-0.09255700539565132,-0.13587369834538143
32,0.1975459688238959,0.13924088466748558
32,-0.13668452537393605,-0.19759789954408324
32,0.05516861049212768,-0.00032209004281580356
32,0.02245969225852784,-0.016118579144497547
32,-0.044546430449179,-0.11527824048784707
32,0.2106232058267195,0.16387674084147713
32,-0.11691799073003156,-0.17800739159448511
32,0.19183440553996717,0.16244849014864876
32,-0.06289582391259951,-0.12559626701044396
32,0.04145384206139724,-0.009852363747632709
32,-0.0749674158546978,-0.1329563327214705
32,0.03281741054006321,-0.030645412533146343
32,0.1059131669855134,0.059343855330328765
32,-0.06349749591541082,-0.1201075363444975
32,0.25419532955257224,0.1946985434346687
32,0.11696735744366199,0.05931935303345304
32,0.21598020666584433,0.1575743581144458
32,-0.13390618507622576,-0.18987249571391912
32,-0.4166874074634044,-0.4693566893526844
32,-0.05793679892472897,-0.1227395688549901
32,0.07050674381366623,0.010767719771066164
32,0.2734310857123234,0.20641801915197727
32,0.21001275067822028,0.13992613183677954
32,0.3063873369522407,0.24754483347140982
32,0.042748186407074895,0.008579368350239258
32,0.07387488256120084,0.015270462774651605
32,0.21164498718129837,0.1718047274605901
32,-0.027406937998549485,-0.08082351551775518
32,-0.018946257907295816,-0.07643802730136956
32,-0.007782184746883969,-0.06559001850970536
32,-0.02859477660479781,-0.08408335791115562
32,0.3005938712670628,0.26574872893317586
32,0.34728466779693373,0.2848373412168675
32,0.05115489219596153,-0.007766312474868586
32,-0.09560859009747369,-0.16156696182369656
32,-0.005974900944466455,-0.05921869530229523
32,0.1417761226807756,0.07649354955693366
32,-0.03020934521486618,-0.08097658158470422
32,0.16885075885249218,0.10006810720194187
32,0.1432839402651937,0.07239592706324816
32,-0.1405051571367545,-0.20693166499787166
32,0.0792232288869123,0.018485180840563498
32,0.1489094217349068,0.09538461638816559
32,-0.2032906238150536,-0.26358858131967555
32,-0.06683392867163851,-0.13617264103500837
32,0.08303345973723936,0.016554428076961447
32,-0.01154472732422529,-0.07074969763363653
32,0.02280854921779446,-0.027459703875052255
32,0.15145875501799483,0.10267497877705017
32,-0.07075449763570085,-0.12336673670075765
32,-0.3093691064758443,-0.36834717122570265
32,0.0897722898774736,0.043318587782365636
32,-0.10007197213935831,-0.16337598025535865
32,0.1221785574546464,0.05778006784684253
32,0.03694733427449648,-0.029254823766739046
32,-0.018358626051815263,-0.07008382076315489
32,0.08216541897692059,0.018318800547564684
32,-0.024436212033014104,-0.07703820853077592
32,0.3452012859773203,0.2991233495155598
32,0.03817302437182457,-0.019835441622950034
32,0.17880926471527686,0.12539424305694907
32,0.22430502116150358,0.17201402430774054
32,0.10351040618155266,0.04215435924289751
32,0.058759399986597016,0.011336609959671229
32,0.12971859109085976,0.06771838865119251
32,-0.01801097826374276,-0.06238635211890675
32,0.03475073596213396,-0.005858875432673938
32,-0.08280901350671116,-0.12516521652702745
32,0.023751068331988312,-0.034394080632244584
32,0.1002272715842672,0.04143253846453143
32,0.21861925080916494,0.1636168949116939
32,-0.08333315069519798,-0.13539539415566476
32,0.01805403488172963,-0.03330007785376543
32,0.3005208456073853,0.24437528136545866
32,-0.3119073570755021,-0.34572330715926186
32,-0.04997360007917756,-0.11343215991590716
32,0.15287074689861874,0.07740816954650681
32,0.07051723085005585,-0.01217397590740682
32,0.03230844250475384,-0.03320142420650729
32,-0.01042036745797742,-0.059912180026873596
32,-0.18993294624911974,-0.2351692196286004
32,-0.08366565189307318,-0.14503564459062718
32,-0.08721076623229035,-0.1444781131305617
32,0.2014889241733751,0.13681442983895714
32,0.15079285241991885,0.08824211486224459
32,0.11637353399323774,0.054039166492653
32,0.21377792022074477,0.14767869270194384
32,0.08953082760965697,0.030919357141687864
32,0.07343681144780778,-0.0011192658942197897
32,-0.31272434432910845,-0.3597911881307769
32,0.36242613729795375,0.3169077451499612
32,0.020677352136517224,-0.05609038072517997
32,0.24725247642045273,0.18571907386775593
32,0.19632777291495668,0.15228415331817308
32,0.0586099363527367,-0.009445324212594586
32,0.013561368201798096,-0.05023109771227513
32,0.10861965027459614,0.059660144741337906
32,0.03754151534428385,-0.017372221017746436
32,0.35197526676452423,0.28807469139572256
32,0.0941610953206638,0.03052612614684802
32,-0.09181918311382986,-0.16815070004467852
32,-0.034792575410919735,-0.09598017505062423
32,0.19744745879997833,0.14195109339869666
32,-0.0233938563320909,-0.07572229393140462
32,0.0012009018998819787,-0.05612362839542484
32,-0.0730573732984312,-0.12140296564091252
32,0.12471235019639187,0.0878736208592657
32,-0.03109776959685745,-0.07165670918981554
32,-0.0980762709234792,-0.14064905475981265
32,0.009312234920068385,-0.053650645769376115
32,0.15547921213883525,0.0998468982470106
32,0.3836449597678127,0.32257860214640893
32,0.12173326739491247,0.0714919187728138
32,-0.11675318816331831,-0.1594886228778914
32,0.2627342917668087,0.20539983138379087
32,0.3183206322248819,0.25921322280699227
32,-0.08656080995895804,-0.1547958720134241
32,0.10961199925836723,0.05426754181892618
32,-0.054932342622938723,-0.11045311212093367
32,0.1228604052372862,0.06348000836383799
32,0.019020701477057034,-0.04255462495165574
32,-0.04053449455554786,-0.09007901194232615
32,0.2711008054588054,0.20896901003559326
32,-0.025174556709063378,-0.07109499344335923
32,-0.0626943112927682,-0.09315455438451697
32,0.2242278919242054,0.1600509191386173
32,0.35945838536235614,0.29326139666517587
32,0.09033470661768556,0.043489365222083964
32,0.0019315184640172345,-0.04114844967143266
32,0.44243234716529395,0.3810826689392017
32,0.16778291373611548,0.10145857166730937
32,-0.04971683137239952,-0.09419339735183413
32,0.03971570239483968,-0.022314664681006624
32,0.05245238913740047,-0.0032384853793539503
32,0.08181628200290064,0.002640954539350149
32,0.2180271964031552,0.17124653923951577
32,0.13971563046890462,0.08519797342686836
32,0.2393527059101505,0.19148791351445565
32,0.10163691126717683,0.06476835269048087
32,-0.12769140398807372,-0.18345349428015117
32,0.2767136178313749,0.2077586901063086
32,-0.1675362110355944,-0.23884558500681838
32,-0.09903374029552192,-0.16630059270940056
32,0.002161167791673191,-0.06369025172499143
32,0.169574601383576,0.12279521653064635
32,0.06681679508632943,0.01358325833393087
32,-0.11817091088957643,-0.16883468349701408
32,0.26391942115156036,0.21604026870948506
32,-0.05770754850330789,-0.095088364739212
32,0.1842581249134259,0.14642100368998295
32,0.1687231714275455,0.11083996400233614
32,0.06973273698072813,0.007057549101293692
32,-0.11003680731234294,-0.16969572087738233
32,0.17042681402513865,0.12752152586455695
32,-0.029716885370142,-0.0782003940902572
32,0.043873580516692934,-0.02734330984547867
32,0.09893612938925916,0.03793754649633718
32,0.22558470497392052,0.176343798414693
32,0.1729027344465836,0.11149473358014478
32,0.25448743193284623,0.1834713230432436
32,-0.07778084200799984,-0.13223300338977317
32,0.14234124408834375,0.07088216755373128
32,-0.23139436405562064,-0.28897293651835987
32,-0.19991359325667585,-0.2666559925890445
32,0.17687839601198746,0.13907777768426582
32,-0.04848436372786574,-0.11574346775277156
32,-0.008470707393270993,-0.0811494648139322
32,0.07044993922078358,-0.006561119455607778
32,0.07202447450578009,0.022065896425970177
32,-0.2096979727050484,-0.25643896332499416
32,-0.08330333444533727,-0.14342390816664596
32,0.15518476706361145,0.11670277653503075
32,0.1859903541516283,0.12151596393758374
32,0.053405867190986445,0.00921207619815001
32,0.16316101752577267,0.11937856660170049
32,0.1195687333896212,0.05690265024023927
32,-0.1238014611770255,-0.1818997720458223
32,0.06892326888860056,0.027355391066242296
32,-0.06819074095197675,-0.12233537015160773
32,0.17202667542420996,0.11213715098017002
32,-0.18122680000509356,-0.23111960476815485
32,0.06707298505675091,0.013902714585778408
32,0.09621959751033876,0.03315983281874341
32,-0.055444126181104114,-0.12109533442080334
32,0.1110893380062769,0.06694249211928349
32,0.11390443012552881,0.07303543653759464
32,0.07895690394545324,0.026872388114179246
32,0.09213016006061808,0.042233773652101125
32,-0.1924286141443957,-0.24179899485478526
32,0.03233691241953485,-0.019406126964720827
32,0.02324543993233036,-0.03123651781988035
32,-0.050009839549957635,-0.11110182145236402
32,0.10739549924299313,0.0492745242308843
32,0.1325290742354584,0.06505514220326902
32,0.27780955309817884,0.21585306077259564
32,-0.007364021331023762,-0.059275623142192146
32,-0.0007259556479635165,-0.05234464387456966
32,-0.09042578494113157,-0.1595527123406602
32,0.3229201261914905,0.27404591772881276
32,0.12879507900490056,0.06418563776534153
32,0.3554365256100546,0.3018638453061056
32,0.1864031444334599,0.14783724488912992
32,-0.11469782436080928,-0.16196722390964197
32,0.07322883791248241,0.02061035353990498
32,-0.2863505351810667,-0.3201107772026594
32,-0.06114090254138843,-0.10819025314718111
32,-0.004158989215430953,-0.06092511212084978
32,0.1712804007008078,0.11826070613958078
32,-0.1488688939965685,-0.2087667644920601
32,0.009077975988452447,-0.05793977926963634
32,0.07436391037891771,0.005769834034188737
32,0.08915567439381417,0.022595902209646967
32,0.04711615504440281,-0.01402150745743258
32,0.27614391161520985,0.21531629403964386
32,0.036494394755510806,-0.020003893897928504
32,0.005337445493280357,-0.05139063322183235
32,0.1452496544402186,0.0776858437427167
32,0.1863217063085159,0.11910962515392304
32,0.20562474066493414,0.16671948890299276
32,0.07708633670272241,0.01078530161991148
32,-0.2617972992361173,-0.3100841752011222
32,0.4042519583489053,0.3448941902214085
32,0.11841881370100343,0.042607723686553745
32,0.1807222589861605,0.12575212445310507
32,0.13574181409856917,0.08452671991095045
32,0.05685688227612029,0.007010059272274161
32,-0.05758139401515827,-0.10384083469498956
32,0.4190253840325909,0.35470786505337965
32,0.19745706019906334,0.14522961888706248
32,0.16794482418027484,0.12413974257616572
32,0.11884000221981056,0.05225979705745826
32,-0.07533199578875205,-0.1461910876527993
32,0.3349643989947096,0.28463963306808
32,-0.018305455623153832,-0.08204542792491182
32,-0.20334677632631687,-0.25937049669328616
32,0.13240998187930159,0.0667725824910016
32,0.03391250890312497,-0.02687330345017369
32,0.27124369231098183,0.22462659991941764
32,0.11616077944407993,0.06570676877433335
32,-0.21028546880503676,-0.2668465752119831
32,0.14246599138011778,0.1022292915863327
32,0.3236138557965805,0.26591085821429633
32,0.07052129704888699,-0.007638548017795899
32,-0.058928906688287985,-0.12936030399407294
32,0.19275766140385658,0.13771526717780208
32,-0.10609943409178074,-0.17275474988812173
32,0.19311255886115436,0.13096164478731048
32,0.18985674986594098,0.1240291627529923
32,-0.1535027769076246,-0.2366622334535269
32,0.028266691374070785,-0.049275385974615116
32,0.07175540859183044,0.020290547867220954
32,0.10295573436036626,0.06215954999725937
32,-0.054015418907173096,-0.11736486684083858
32,0.031213182557020824,-0.04059533259076553
32,-0.12190351834030355,-0.16332147684586834
32,0.1832298616374472,0.13722919447857979
32,0.1088971672191143,0.04812424162305168
32,0.14736493523554267,0.06342899131398627
32,0.10913996889293148,0.053833975721546024
32,-0.055461821478034856,-0.11567888888908284
32,0.0036979333929447744,-0.047884892680539304
32,0.20941444977732854,0.15474747689566976
32,0.15589268344556234,0.11809578667364701
32,0.10755850731587774,0.05528586590742085
32,0.18824873104726708,0.1196492221755337
32,0.18297956979920377,0.1117230801945111
32,0.20693117813185996,0.13578104629117965
32,0.08883875161578664,0.021258937621173146
32,-0.03876460889409039,-0.09034624146355363
32,0.28853538592924793,0.23136863737755925
32,0.10338634619135417,0.035907906906190945
32,0.0770106553291412,-0.001392811274688377
32,0.15882356447443752,0.08322471693370276
32,0.14335254842846218,0.06920194758310882
32,0.016054468031641456,-0.036447243383215144
32,-0.07815130000933229,-0.13415855094568602
32,0.18371238921590444,0.13897408323467092
32,0.021021207216735005,-0.021093180389473665
32,0.020341059031200703,-0.025810410499224834
32,0.006403452429256329,-0.0636855924356004
32,0.1102998310535987,0.061417609685985586
32,0.16293948669996644,0.09963166285794883
32,0.1402458812159622,0.09270838064714665
32,0.22273448508643617,0.17762002062407883
32,0.11636272829704591,0.06443636831181937
32,-0.00841180607470704,-0.06775289660790856
32,0.2625031790054318,0.21599670784761033
32,-0.022342228671061837,-0.06647269958086804
32,0.26291626339981183,0.2011980111793536
32,0.21435349129432263,0.15786571214840112
32,-0.006141567284761451,-0.052605547829991994
32,-0.004700736937086114,-0.055237080466952304
32,-0.032376881299453264,-0.10025156445291505
32,0.019659801071560734,-0.026638996301433182
32,-0.08596164700233266,-0.12976130223395516
32,-0.16933041318242747,-0.2066943335029357
32,0.21969681328934149,0.16338922550369933
32,-0.17412593221691539,-0.20764879564050492
32,-0.03620070312245316,-0.08870104212442126
32,0.24427280055961004,0.18366603544520693
32,-0.05333223037490881,-0.10726569650185008
32,0.07839603702118098,0.0050558367991143105
32,0.26328013555173985,0.21624044035436646
32,0.09666399088819061,0.03743144498412743
32,0.015264073249291965,-0.03131526887269925
32,-0.18290482677660647,-0.25064642871400505
32,0.05780418209392696,-0.0066442880273683835
32,-0.16249049823995226,-0.2235150518182519
32,-0.09925641991509354,-0.15612620832943264
32,0.1201848846979357,0.05097352078288975
32,0.15322942022228941,0.09639270789489357
32,0.40321086919677857,0.33201979371899065
32,-0.07403625756154164,-0.1265719416882483
32,0.0683257081031543,0.029664004381486586
32,-0.19718536395791786,-0.2521845618077039
32,0.05867366792835993,0.0013556976076249394
32,-0.2408616847368304,-0.28900338540364034
32,0.06979645695629483,0.022101276286263516
32,0.06875868574282268,0.01792804822798305
32,0.35981557538382186,0.2985474324264263
32,0.08760504705492761,0.03470749647390964
32,-0.02333042707442723,-0.09301351090384014
32,-0.09249628758771783,-0.13582384456336033
32,0.11887855406894293,0.06686021512953993
32,0.30250539552258,0.2401463515178897
32,-0.11433741687894622,-0.17990311404471873
32,0.17543184550204755,0.11889790851620502
32,-0.022717909459607222,-0.08661665234012378
32,0.20926599307156385,0.166269490489313
32,0.010841162041981711,-0.056380128771174154
32,0.01761428454399805,-0.04594688838275407
32,-0.12833904027207615,-0.18461023473492338
32,-0.24002763447218792,-0.30167188267549544
32,0.26632215132803977,0.20139519759586505
32,0.2112391125958672,0.1462730668725682
32,0.07112614701496545,-0.0063599150991683895
32,0.14420472580498517,0.0798486006972206
32,-0.08873492507043107,-0.14103124644204085
32,0.08572905407039838,0.023605401865567754
32,-0.0793844073628408,-0.13447804876948444
32,-0.0991733153931399,-0.16594446940662216
32,-0.30502428959986616,-0.37249185027129933
32,0.1321367255740225,0.07435583999818784
32,-0.02670498591340642,-0.07807304783986357
32,-0.05031222924784534,-0.1061606375061494
32,-0.21701932390394985,-0.2555590419835374
32,0.08189532523961235,0.04340715433206249
32,0.19905175025410143,0.14163481880535816
32,0.03041711914756018,-0.00043908149487992265
32,-0.023868486125405375,-0.08192552845494083
32,0.21557902244137123,0.15418797728516603
32,-0.020448139168115664,-0.0907645307561129
32,0.09580517029551366,0.04415692881052441
32,0.1969934931128557,0.15175554912496642
32,-0.0701088808556195,-0.13304619366737808
32,-0.1378065859784719,-0.2030536757581924
32,0.1070461970098589,0.034645550150633087
32,-0.09501171928524704,-0.16043662489798644
32,0.09523696495259332,0.03379189960995793
32,-0.31239468271126614,-0.3759075896440795
32,0.08136593287145338,0.012910444806369548
32,-0.04289994566199362,-0.09631862352113235
32,0.04451608719124195,-0.02574597993239952
32,0.027514271470182927,-0.018682693079336066
32,-0.04065655750703212,-0.09563231789355603
32,0.16642873103195027,0.11142199966772154
32,0.0053520086907027364,-0.049104432162597966
32,0.05271750892646637,-0.007209716573559954
32,0.10753466237112758,0.05323067074613724
32,0.10029362740842956,0.06060419617128027
32,0.18426695933351395,0.11931773445458121
32,0.026771848469371362,-0.03911731748752273
32,-0.09340487041429552,-0.14288520431842894
32,0.14448481963346355,0.08755467360324481
32,0.1175357861963196,0.0671484502164224
32,0.05938416709572142,0.012293489442407324
32,-0.06056839446566775,-0.10060157231183331
32,0.162409363770827,0.09387422806461915
32,-0.20825837636519762,-0.24862020537329438
32,0.1639345687598423,0.10583501881680885
32,0.10778103555634982,0.05707392539302619
32,-0.0461004288208674,-0.1024999192295869
32,-0.04404599256794378,-0.10272010242315593
32,0.22271420020712934,0.15370550236284758
32,0.11143630429041523,0.06660317737825672
32,0.05735192809837464,-0.008173739014426196
32,0.016882818348797624,-0.04081996939536592
32,0.09066239425589878,0.03715567457544139
32,0.01718981179104523,-0.03476803833243547
32,0.23612059895681664,0.18211620839736048
32,0.16078366298127406,0.09238565219864553
32,0.019392278185801304,-0.05091922865357473
32,-0.231802136548895,-0.29076357552972504
32,-0.0707412107059141,-0.12888460217896286
32,0.04437826311885745,-0.02466038740478127
32,0.18594981458790377,0.12831498288684856
32,0.033547083683461654,-0.050037358031991774
32,-0.04879427919545115,-0.1055420703734703
32,-0.0686439688055383,-0.11698429045466352
32,-0.026139532940572918,-0.08693945669111508
32,0.03226402308353549,-0.03808519364608054
32,0.12425330661791417,0.07382883982449917
32,0.20632713935372332,0.14841113234373143
32,0.08207336227512735,0.03241006593451656
32,-0.07714222533446236,-0.1388067081062384
32,-0.1525887647507972,-0.21653662170924298
32,0.0334777179032103,-0.036240931327773174
32,-0.028856466615263476,-0.07439116170839427
32,0.09457678029059352,0.036124998295124666
32,0.21801490943965612,0.14479452063678672
32,-0.17425911758263574,-0.21741498583808627
32,0.03461355564917984,-0.03003929811889694
32,-0.2989330887027567,-0.36254218235274466
32,-0.18511455901133705,-0.23281295612366948
32,-0.10251061763077962,-0.15304134585410395
32,-0.02821612704057125,-0.0870096226324828
32,-0.04992300794723875,-0.10242077788287318
32,0.24466265851058683,0.1746132663272752
32,0.04492113751603222,-0.029093615773418458
32,0.009320117852412657,-0.04999361505209343
32,0.005696455410252821,-0.0454095599545663
32,0.33659410533464124,0.2910766232740735
32,-0.02051166068556559,-0.07792105515454045
32,0.11783892113534361,0.06241470457817133
32,-0.18984238298484496,-0.26010042922312243
32,0.04216222472860259,-0.026781007232025922
32,0.04965860846984671,-0.005262065099995716
32,0.12545995656989178,0.06908350629678645
32,-0.06974645854318651,-0.1263730600703878
32,0.13041695327574537,0.07810059276383441
32,0.02889111427306551,-0.027107332357101666
32,0.04436873730791063,-0.005129641292981935
32,0.024362262999993944,-0.04372663127731685
32,-0.04717711757846493,-0.10310517602362118
32,-0.1709886362839372,-0.22379967464852366
32,-0.06360266854885999,-0.11133497767657768
32,-0.04934178352680374,-0.10734422152365886
32,-0.09924981208836953,-0.14060837825561595
32,0.2609864746438642,0.2070803045854906
32,0.0398004647455128,-0.04277886840918088
32,0.07744050126564928,0.01605307072954104
32,0.05932366983437143,0.0012976261734373162
32,0.2577361569462963,0.18340820162806998
32,0.15167122018582463,0.09686596030973577
32,0.11288742740914454,0.04588899736566188
32,-0.09660372026119063,-0.15793086789947292
32,0.016967170984339253,-0.030930006183950864
32,-0.14446607604178313,-0.21811387763685794
32,-0.004960691556942343,-0.05614120649490972
32,-0.021492799515392902,-0.07876839752476655
32,0.011176052480201037,-0.04241850267085606
32,0.16605648118348443,0.10041179233794145
32,0.17341084768553944,0.10954074551471155
32,0.24822650011525332,0.1935188030611656
32,0.25496767882261856,0.1865699394506754
32,0.10651051909700687,0.059900324348479306
32,-0.035351242854796794,-0.08658891230014681
32,-0.09581964507341645,-0.14339820719538676
32,0.26447062270191596,0.2132182395375813
32,-0.031697084131663,-0.08484698732774382
32,0.09661704237497587,0.04798853350375809
32,-0.07814008861155597,-0.12742426740967805
32,-0.05204049231537361,-0.11204160110129519
32,-0.014265407352207826,-0.08207709684282449
32,-0.16184776057430517,-0.20791850406777304
32,0.28393870680009997,0.21879537807044608
32,-0.07087659471419105,-0.1346510845313304
32,0.13513912278366108,0.08187871137196939
32,-0.15541725124033318,-0.2211362075741902
32,-0.20195790585529894,-0.2559938121045575
32,0.1572755760536047,0.11107405651176167
32,0.2477671734597265,0.20056642134354424
32,0.03313362405495979,-0.03423247596649076
32,0.1295497377363683,0.05600490798410479
32,-0.34252473006953654,-0.3928499787645906
32,-0.003139516510064555,-0.06320806806389884
32,-0.0773726463666854,-0.13117190019602415
32,0.17654865464320518,0.10308471981784612
32,-0.09345652428964502,-0.170178277341585
32,0.07425785373375265,0.025166284148420204
32,-0.00011642998761635104,-0.059675559870333184
32,0.1417764664585655,0.09417032686998145
32,0.3053146225655528,0.25813254160633575
32,0.024818022883359103,-0.02966776289113815
32,0.22802152557760397,0.15615874067436303
32,-0.1311984786934559,-0.179035945121032
32,0.003906613837098505,-0.0644838636797877
32,0.29419795586195946,0.24170081122001358
32,-0.1151537360978388,-0.1646286580767753
32,0.16232749121360163,0.10954108328138373
32,0.24267026407893139,0.1893248841693102
32,-0.14017203340241702,-0.17967998274545788
32,0.027476071492487653,-0.023309507083983994
32,0.1835627559739033,0.11883793658269143
32,0.15270238129649777,0.10066254019058413
32,0.0949937849788936,0.041536151940939514
32,0.1154401444475614,0.05201727624940933
32,0.06419141901874637,0.007377055690059919
32,0.10598245280587654,0.058036472175009124
32,-0.253785800222298,-0.31228494959574954
32,0.1268286575880368,0.07709386588766715
32,0.055556320526456926,-0.0037300957076013552
32,0.25004186229859154,0.18295416649660673
32,-0.11016913416063873,-0.15188881004666083
32,0.2421640855887332,0.18740623870711898
32,0.004999113496466978,-0.0675970139432937
32,0.037477849010988884,-0.025162740262638872
32,0.0319281438552147,-0.024648022527545665
32,-0.10107158448923187,-0.17022048002499054
32,0.13205792617720308,0.0635228933168221
32,0.03451487324594915,-0.019153195619053043
32,0.07776711574917788,0.028932361951973684
32,-0.028120332856758745,-0.09457203975866935
32,-0.054880060493887606,-0.11159479026004077
32,-0.3182608082317711,-0.3765002474519062
32,0.016083402039133332,-0.046373464850023305
32,-0.163733682977445,-0.22085314807326162
32,-0.1093905184905784,-0.17337285127337618
32,0.15882129117207394,0.09453570850200893
32,-0.01019832010594618,-0.07256195468188648
32,0.12534393664172044,0.06108813521498613
32,0.21962584721701123,0.17034338631424634
32,-0.03850942958376602,-0.10301583307220835
32,0.05367725122242878,-0.0016070118907690056
32,-0.04498845723458428,-0.10457182555360828
32,-0.05367663088058816,-0.11189040764279806
32,-0.25328696228890035,-0.3125256346339527
32,-0.20746721880541677,-0.252959425165493
32,0.1475498991176783,0.08005189189397427
32,0.06535457310579945,0.0034681405850542912
32,0.0868835212953431,0.025535194371576087
32,-0.30091491551065175,-0.3411610664402119
32,0.19747572653896978,0.13128137259399825
32,-0.05199891504970816,-0.09627813502279026
32,0.18111497337254973,0.1204677075898341
32,0.13490421174802086,0.08227538283158359
32,0.036846339064547484,-0.01205983676109973
32,-0.20092485224351092,-0.2524669256646237
32,0.07702253235197148,0.014995268558474273
32,0.34065745593996016,0.26831237909797373
32,0.3208396150404104,0.2675366111821756
32,0.2617014880333763,0.2003684733049173
32,-0.05629299628158824,-0.10730986389051017
32,0.2354732529078351,0.18388563533503605
32,0.18898402861732239,0.11512771343227762
32,-0.3664604665643402,-0.4236191319069112
32,0.13762248755185796,0.11035550687906365
32,0.021273236250665017,-0.04135944477917086
32,0.11703306149432319,0.05800160107265506
32,0.06381165060477301,0.015460315120199408
32,-0.11304714509765196,-0.16547554476517967
32,0.2037814301358351,0.14206539127962342
32,0.04288927488467448,-0.023393369467121616
32,-0.08104834151229917,-0.13602315199229253
32,-0.18399502337640256,-0.23268802075757358
32,-0.1486759183573758,-0.19771524408485583
32,-0.15962677168613476,-0.22207087411436427
32,-0.1068919944605865,-0.1515834209993634
32,0.02232529397263322,-0.034547764367270084
32,0.058017839709147256,0.004814412633083909
32,0.3152217252279927,0.276648024260348
32,-0.2601930625595511,-0.32269330999460893
32,0.12904388861053767,0.04354646577594956
32,-0.24334447487544786,-0.28785339463633997
32,0.00321658250030582,-0.05703016708987346
32,-0.057442223528627434,-0.1231166716643699
32,0.11065000497505822,0.08744565243865526
32,-0.09623204720310757,-0.16606578674948613
32,-0.030887381039436668,-0.08796873903207098
32,0.12290990630576099,0.08409239913751293
32,0.08950090623296142,0.012419072319023783
32,-0.22173449156540512,-0.26046927614131116
32,-0.014520062591828198,-0.0695096905810964
32,-0.2514765229398844,-0.3127842918658266
32,0.08634127369926708,0.03150891299068209
32,0.15376179486316105,0.07615906591719124
32,-0.05622831615021612,-0.10113223394819593
32,-0.013309178286156909,-0.058694410512958095
32,0.05374973055049875,-0.015169213764980594
32,0.12686633056941182,0.06934504935152042
32,0.14249535750832848,0.0772270119493702
32,0.21453409796548023,0.17263243609321471
32,-0.13273136980367195,-0.19472355304074054
32,-0.07344767832696253,-0.1285757914559419
32,-0.09979561680938259,-0.17007220492886357
32,0.020424727545382715,-0.01988082831382071
32,-0.1729055973477298,-0.23544408986304502
32,-0.09705483448974628,-0.15449693425052435
32,0.1985027898622425,0.15296154720680416
32,0.1029233792632635,0.04695686339348487
32,-0.16604602940043467,-0.22882788518181776
32,0.08084560923666267,0.03138132474555988
32,0.005259408246510278,-0.06653736395748522
32,-0.0645870364978427,-0.1255510721649139
32,-0.0550580489293887,-0.11764925993132902
32,0.21783527348215498,0.1580796787142698
32,0.15284119032232296,0.10999462495264972
32,-0.026017327331739948,-0.0803875042195234
32,0.1563790883897324,0.09812348842805302
32,0.1269707502966299,0.0788118639701837
32,-0.0389274732571015,-0.09925731980078761
32,0.362589831892914,0.32009610481790357
32,-0.12782241859152832,-0.18139778076508759
32,0.3449715948585232,0.29220555431562284
32,-0.14090320686958718,-0.20899616970521284
32,0.04684130554307403,-0.005387439432685437
32,0.0919489801250713,0.04504457854914473
32,0.21502713785208422,0.16210761027204473
32,0.16123297090668315,0.09364095053813187
32,0.032691898334859026,-0.049752774755747964
32,0.05751931219952394,-0.011305073490465223
32,0.025223534037319917,-0.020608334506435066
32,-0.2506179635727984,-0.30253144992928005
32,0.5828212970772289,0.5063477503301226
32,0.1809938167954877,0.12577143243092975
32,0.0008203564457592849,-0.0443152754516119
32,0.07792043607124105,0.030608251082990978
32,0.04150006256816674,-0.01795769289485316
32,0.333715730918202,0.2725919385035243
32,0.08305462087099741,0.01425461798998795
32,-0.11366033708743012,-0.16422660181184678
32,0.05268345482794834,-0.005070912099705449
32,-0.09979223395479048,-0.14465396936193248
32,-0.12313339138779905,-0.18081218706615496
32,-0.003617806508241006,-0.046991749669951344
32,-0.2064428025143842,-0.2722218216471817
32,0.0938278033632321,0.0388623327956687
32,0.1072045347695611,0.06417186241504935
32,0.13422053721930366,0.09522997109285697
32,-0.029295672709177156,-0.09657479954289683
32,0.04666376848642112,-0.03182794582924914
32,-0.09990821186020982,-0.1794278830285708
32,0.10774264328622901,0.05608135975830608
32,0.06431649504926729,0.01478190255237738
32,0.3182367489215376,0.2597066438153695
32,0.04262513826929559,-0.009958242554151842
32,0.1415607672927211,0.09283641013861493
32,-0.06711172148229938,-0.11288941039589045
32,-0.06764020249242197,-0.12791941243843413
32,-0.022329407797897827,-0.08771202250328652
32,0.21498607315080825,0.14088532247315216
32,-0.02631729898876639,-0.08590199592514919
32,0.3821319609577292,0.32513675948403425
32,0.031218661446702323,-0.032929005781308085
32,0.1114738061251061,0.04947763255657328
32,-0.005869704142162868,-0.06843519529127773
32,0.22374829717769312,0.16357285482156464
32,0.033705167433123906,-0.012099853914032899
32,0.29356344134440054,0.2415549889274589
32,0.03006315294995965,-0.028767040200700034
32,0.07225725255499832,0.012253283083558775
32,0.03228769346559884,-0.012598875378434737
32,0.42158769854977457,0.3620193099444428
32,0.030073901168257422,-0.03900234335904007
32,0.05705415921597695,-0.010589089359185178
32,-0.04525157878185576,-0.09895780230411916
32,0.28429441622445467,0.2284960670548944
32,0.03050912745218154,-0.036578784556798805
32,0.11227922832018394,0.062320004010896546
32,0.002723810342869337,-0.05841296314902833
32,0.1644381679833598,0.12264648284026286
32,0.026599829134684894,-0.026086917020715306
32,0.18824273763412508,0.10628207488959823
32,-0.07863658854217448,-0.130161595036424
32,0.022632841353023958,-0.029610487077585512
32,0.16547675346492902,0.11209315062183306
32,-0.19896176789867587,-0.24719168920524617
32,0.08324937416579387,0.033090000400605
32,0.055823619774836075,-0.015013995952825099
32,0.04565607884855932,-0.025480149905894423
32,0.21093289875653548,0.1642616123707687
32,0.028836016342225268,-0.04213304311967181
32,0.12367780338517526,0.0853411213732524
32,0.0539389674368686,-0.001207280140551159
32,0.17145786308718652,0.12167901446018597
32,0.24613933703625696,0.17951767765507526
32,0.1536428159922681,0.11332357060047543
32,0.13466895018648112,0.07132467917612484
32,0.1340174045506743,0.07727133936784275
32,0.23594562152941095,0.1927714734214359
32,0.2915667199793422,0.24612508815219386
32,0.04183890585230299,-0.005894698635320161
32,0.226909010885241,0.1855865762371462
32,0.07279858117026977,0.003298330678916772
32,0.0638470131395159,-0.016665356176568447
32,-0.07939967140845644,-0.14001931771052323
32,-0.10499117546051506,-0.16043990026123744
32,0.08209012630174423,0.009295349806768993
32,0.10276558016286269,0.04530587110925871
32,0.125785987506626,0.08286506911522701
32,0.034583490100912884,-0.017100145487230822
32,0.1747071304953896,0.1336976493547682
32,-0.009171420107043082,-0.08109824332802995
32,0.15975987633769978,0.09978035206434593
32,0.24027305267349658,0.19187727943810456
32,-0.07820484345674361,-0.13406516129182322
32,0.2868863350009914,0.2333134039703028
32,0.002218487431140781,-0.04183863232492613
32,0.15474935430958742,0.10127989943666932
32,0.12189863047913257,0.08572971005422864
32,0.09986261753842357,0.04102190756980728
32,0.04337623212123287,-0.01148867146016691
32,0.018951911822334133,-0.04305439755680274
32,0.23999650089648455,0.17030976517348756
32,0.06593596069974189,0.002814711618061627
32,-0.1397729417952433,-0.18409671113585796
32,0.10056226160919152,0.04852450400556285
32,0.3716064382424222,0.3227084706410192
32,0.07273913448545327,0.02699160774149162
32,0.14336117695682643,0.0929712038687252
32,0.07152426731431277,0.02603132771559441
32,-0.02978999448811548,-0.10693854037787598
32,-0.051939552784444065,-0.09756166522825016
32,0.1813651047505455,0.11473107391097365
32,-0.02217238747701089,-0.0664347514223469
32,-0.11178336435779462,-0.1698490227270943
32,0.06616688994468306,0.01635881751989987
32,0.1287711129292894,0.07566231463549278
32,0.18043369315413432,0.1208075505834762
32,-0.04392010634725574,-0.10275423087399127
32,0.18697824520456024,0.13533654715050175
32,0.06541360260597467,0.01242257807633207
32,-0.07385456114171635,-0.1316494485934519
32,0.07956959970547373,0.021839839608143063
32,-0.07092685232897233,-0.11456526854562454
32,-0.007027375502628164,-0.06700151467456467
32,-0.03413506528292448,-0.09472624304853261
32,0.38755480637831946,0.3263827899125065
32,0.10260274786944007,0.031384497269115796
32,0.12677118194797482,0.08701289221019431
32,0.06098697596018793,-0.005985180381528565
32,0.12262934777055406,0.05735479872790844
32,-0.28697014411345595,-0.3324545701817926
32,0.14291879518965295,0.08639603535696522
32,-0.07737872904727999,-0.13731864233434643
32,0.07151633976303146,0.027311168275990227
32,-0.10984898845194685,-0.15487309923947834
32,0.3658040057778718,0.31825480472656015
32,0.09400493174077224,0.03387882969227479
32,0.022562915357029756,-0.028057644231737733
32,-0.19324216091338023,-0.22734469066865995
32,0.25992946353044705,0.2040619799403645
32,0.4855633038618103,0.42260167532892107
32,-0.06404131561015963,-0.12079875598257667
32,-0.015519703100695004,-0.07211626007432381
32,-0.05799844117527936,-0.11839829203604701
32,0.2223641599981691,0.16301416175534017
32,0.1814375135857808,0.13072381712063413
32,-0.06864165108190862,-0.10703429439883377
32,-0.11187557573804224,-0.18183490080435186
32,0.23673790370874387,0.1850231029909843
32,0.2192991708817595,0.15820568822451925
32,-0.048366730065353525,-0.09628161618620773
32,0.2474652757467895,0.18871142626116238
32,0.02927322810984012,-0.030142767060774067
32,-0.09444291860721449,-0.14813294750293465
32,0.20746204444533928,0.14071506033681153
32,-0.10249181728899698,-0.15934558551049338
32,0.15184263109788015,0.08420551423000783
32,-0.1646535557517706,-0.2150874981199386
32,0.18474846650709326,0.13084341681125217
32,0.2195072445310982,0.17008789752073789
32,-0.028559705054084616,-0.07967558801399194
32,0.17119203398385868,0.12157784038499048
32,-0.04783228242864623,-0.10556672797999544
32,0.16902249046338008,0.09619620898855213
32,0.14977453124359613,0.1008184953298204
32,0.14077043707756148,0.07368284559937671
32,0.035367820376904224,-0.022357000360177015
32,0.042171210454580554,-0.027376111304439288
32,-0.1626093276310066,-0.2076025251899067
32,0.07607138244681488,0.015051953823894237
32,-0.1625118245656868,-0.2163756387895083
32,0.20523323488712036,0.14917363408194956
32,0.07167214390128285,0.003465121013864647
32,-0.05019800619976822,-0.09870268342632071
32,0.08947556795014994,0.03777791599227465
32,0.05097149795226519,-0.0123121963641315
32,0.27158599314065873,0.19797091631071312
32,0.17032390794712288,0.10248499756601176
32,0.0037199706217005968,-0.05742935966883478
32,-0.002787639225978411,-0.07069470757954932
32,-0.07824612556964639,-0.14219243789321345
32,0.11267575711741912,0.05037184199056621
32,-0.08823610039668256,-0.13663338428023974
32,0.1670798161872185,0.08783903684135957
32,-0.08821020354248699,-0.1408373552712145
32,0.05106299836887207,-0.007971043970440461
32,-0.09726691527894654,-0.1561396854073191
32,0.08353067096526628,0.03382598239356854
32,-0.3041935185498901,-0.36100868228727456
32,0.2543915285826966,0.2193362277349699
32,-0.19617089548642672,-0.2520851137923694
32,0.19844328904089753,0.14705995474270933
32,0.2506137542107996,0.1928947714358405
32,0.17533397370315212,0.10688992941683823
32,-0.10886857978636827,-0.16438606182193177
32,-0.044261558804798706,-0.10767452111284065
32,-0.04668646397263865,-0.11304743156491648
32,0.008882489191543441,-0.042607804890953394
32,0.23900933832756038,0.1726714431877689
64,-0.023907925335502678,-0.05684665765978353
64,0.09327287825584935,0.060427285030968336
64,0.014457525964559126,-0.015669447465554154
64,-0.003919087032686341,-0.03410095135263813
64,0.14718218570850689,0.11300781199018622
64,0.2660321875998228,0.23334258197413965
64,-0.1135741359025203,-0.14555397438854356
64,0.08970122637827033,0.059841370219804235
64,-0.07827549375251663,-0.10862449414556952
64,0.022465890114502618,-0.0028339629704302594
64,0.005501552989921443,-0.028605001350079207
64,-0.014898519731651128,-0.035592775097169016
64,-0.057426604814184545,-0.09010431406298769
64,0.11778651513060073,0.09081095129543265
64,0.1764042363338328,0.15515660877909082
64,0.07540406843393122,0.044107158563636784
64,0.21611332920761,0.1784962750723615
64,0.03329522685023667,-0.006256742786327707
64,-0.008788195158329348,-0.027609376689909315
64,0.07007356890436761,0.040475994766698
64,0.11753672224537054,0.09986622540494322
64,0.12826025886637077,0.1117220894549717
64,0.10168634715967845,0.07284998492394512
64,-0.04256481090973996,-0.07783628034949075
64,0.10460260902056956,0.07505949942738943
64,0.04525210993372053,0.014650979727485303
64,-0.02176716146981289,-0.05015276513636324
64,-0.08118243613056214,-0.10639084609834731
64,-0.050052011338790836,-0.07390154955801853
64,0.0469712866376798,0.019696042778213796
64,0.09702133405829855,0.07678716456158913
64,0.18278557880003815,0.1572296679807687
64,0.044614045388873036,0.022469112566129823
64,0.007271889016150723,-0.013270246123082363
64,0.05775344063646165,0.03219044850737435
64,-0.06654284176383835,-0.10249673419116201
64,0.025755587104088484,0.0029567368671329364
64,-0.03223389804645732,-0.0606806972461546
64,-0.020951800281842237,-0.0467611787042706
64,0.2706221720942928,0.23785535546815534
64,-0.30092540911648924,-0.32664072386044346
64,-0.0066840857603827075,-0.03474415005972936
64,0.02482176609471126,-0.011940938670607193
64,-0.05777794233642175,-0.0942179067158826
64,-0.006586173903888104,-0.040673675040707735
64,-0.004350679770239896,-0.04207366589238365
64,-0.07384525639399764,-0.10166004611088447
64,0.004962890472802017,-0.020748909757029643
64,-0.08648217896920046,-0.12452412585778033
64,0.0717633969779613,0.04364623967750153
64,-0.02390440256796683,-0.05278066422280231
64,-0.1211503639080207,-0.15036943932093622
64,-0.04755916392296661,-0.07728153225418971
64,-0.0652014485044572,-0.0982777319891075
64,-0.06248144369708081,-0.08615000756212238
64,-0.0371225376664312,-0.07154192400043652
64,0.033876453386422645,0.010531771743864549
64,0.03200039498996282,-0.00039378713151089206
64,0.052117378239684264,0.0224543191437635
64,0.04361885326931564,0.006574330985462173
64,-0.15340487696175226,-0.17943250248116785
64,-0.024821763852971968,-0.049318728905374254
64,-0.03706756185685073,-0.06132158807399135
64,-0.04169766362390459,-0.06655688933504611
64,-0.05885499380862713,-0.08890088713203692
64,0.034541736169796,0.0019021029014392732
64,-0.10388074948368636,-0.1325775186199139
64,0.13205306136372646,0.10071023470361357
64,-0.05158821376500411,-0.08307717322736574
64,0.01216144738591457,-0.024311459448497608
64,0.0833744315598664,0.05996374431796586
64,0.016067286647798162,-0.003371786974805835
64,0.19533260847649675,0.1667928901413483
64,0.059637949530598144,0.033294160702822706
64,-0.031505267266077996,-0.05885883988132645
64,-0.052936939140102945,-0.08327624312148857
64,0.16810481513045167,0.14004540602434273
64,0.22761468247881317,0.19659612460584747
64,0.03448391691366365,0.01078461917161233
64,0.18458681443852915,0.16368156264242278
64,-0.1498320980539895,-0.17665744236378567
64,-0.015289975611447182,-0.04865490933256206
64,0.19609589578786252,0.16761729258842356
64,0.0620831662816434,0.027705713827372358
64,-0.0023725281947485355,-0.03923692533306661
64,-0.11219909621876922,-0.13747434526663754
64,-0.05255771877110077,-0.08107310706821957
64,-0.08821815056052701,-0.12182473892246004
64,0.05089691630957027,0.019862460570814755
64,0.05039230967851449,0.009347879609593435
64,0.11218787298886052,0.07301683442657109
64,-0.052727711006269384,-0.08875040586194627
64,-0.024293719429931915,-0.05813210366543159
64,0.05328454299139901,0.022919571005960704
64,0.20228474487076192,0.16820263883979342
64,-0.047626386191651604,-0.0842670651815739
64,0.03952819746281189,0.014669788536184503
64,0.06815821712748887,0.03756413806792219
64,0.11874686461511613,0.08966434708552379
64,-0.024600129123841907,-0.05583154131352963
64,0.10764447643775094,0.0792037836237004
64,-0.07463770578309986,-0.1016933637129746
64,-0.02642808807827135,-0.055511406636290506
64,0.06461700086477573,0.03740808958732389
64,0.0017471416376224624,-0.021988388534942338
64,-0.06804120733520141,-0.09101924070084333
64,0.1905214984881432,0.16283420930578157
64,0.028005443338214475,-0.00021925533861771873
64,-0.1386171044984471,-0.1674751364282444
64,-0.0016466362112915744,-0.03796061222940866
64,0.012841607731503946,-0.015086133476271357
64,0.13597130692619613,0.11101172122588349
64,-0.12230844635851129,-0.14655850620832406
64,0.10315006950186018,0.08275090773305466
64,0.2626202521510665,0.2416625731761694
64,0.12146156805673008,0.09941145003006507
64,0.21168583010278647,0.18567742941804527
64,0.2203987898283572,0.1908672414128087
64,-0.000249232175138947,-0.02212624286965842
64,-0.02782232811089952,-0.056355427135161895
64,-0.02644763672733874,-0.0603808994323366
64,0.007500838289483447,-0.01924533198373235
64,0.008129162622378783,-0.030629037795549763
64,0.0979280243561515,0.06473893872518288
64,-0.0784961868285387,-0.1145341421008424
64,0.15347799570355086,0.11909719768431554
64,0.049529231408288354,0.026602507603119885
64,-0.03528283505372842,-0.04717323814412383
64,-0.15729000693558476,-0.18817148566853628
64,-0.19086595651025065,-0.22270276409932158
64,-0.05679734943821951,-0.07905348136504053
64,0.03815332156221679,0.007460451989835359
64,0.025813508083612158,-0.004328565919141103
64,0.08380805028828148,0.05985541516153736
64,0.017176829261879967,-0.014653001852695524
64,-0.11194243151110722,-0.1430862111535
64,-0.008621340332257865,-0.04075019994320245
64,0.010293416376867426,-0.01749907841828746
64,-0.022746445658810732,-0.05399631771450425
64,-0.016271389378052614,-0.046181538267993316
64,-0.011485541505853125,-0.03122070392530285
64,0.009139298465358214,-0.024900796996093988
64,-0.13755323447084505,-0.16611466729941005
64,-0.05275567711328849,-0.07608384274426222
64,0.2116063502561341,0.18195799849625566
64,0.14960152451206182,0.11762166001287405
64,-0.12370729576744438,-0.15065673048532657
64,-0.02926538063036599,-0.059657214385983426
64,0.06803575139464973,0.028026706744036012
64,0.11754372714955968,0.08890487986117296
64,0.20447488346013803,0.1735295665070266
64,0.03854855117134126,0.005541555968167133
64,-0.19207496440841745,-0.215273386057014
64,0.2111754711045845,0.17846601241715038
64,-0.07232478046213181,-0.10392175805404091
64,-0.19064176963830765,-0.22650797942939588
64,0.12256465573260883,0.0907476069774043
64,0.06584537714242883,0.039593642849613475
64,0.270913361199656,0.2451174393594427
64,-0.07935899679995934,-0.1016126333823566
64,-0.0040724511519120155,-0.035333629924052035
64,-0.24458140995326427,-0.28349596370833785
64,-0.019124470469966404,-0.04542292354604499
64,0.026441935916920456,-0.0015085944843486465
64,-0.06887032621476258,-0.08838335318249929
64,0.26853882229110587,0.23498324981224966
64,-0.06233179972478059,-0.09985857121590186
64,-0.04907366053365575,-0.08382198745261932
64,0.09188225274923661,0.06292451776914054
64,0.012140962252697785,-0.01936954959445325
64,0.12321234888502958,0.09219185957735337
64,0.04701386552672976,0.022386179482510316
64,0.163564640764792,0.1375996059072025
64,0.058403971283744915,0.031093080598199263
64,0.21909510944011085,0.1868753891483132
64,0.022187976058740844,0.0011448700061024164
64,0.07503040893531066,0.044907543640677616
64,-0.040039868473777385,-0.07094670780708434
64,-0.06661404471785826,-0.1015575581187309
64,0.012779835293996344,-0.005551613305282643
64,0.08842080170342154,0.063952430689041
64,0.06115002848275214,0.03664041705962595
64,0.012288388779150394,-0.015576635333452604
64,0.14565435481755845,0.1207720574493179
64,0.0007449589698254044,-0.02714218771074761
64,-0.00934183259503063,-0.042079046419619404
64,-0.03572186254192322,-0.07029587124996584
64,0.13763518176999473,0.10108982821459583
64,-0.034353774599964804,-0.06310683161552971
64,-0.025497696272187176,-0.05459814976148136
64,-0.10462229335635403,-0.12777649907712713
64,-0.2010572219578483,-0.23210542222031344
64,0.20765653426512581,0.1791832343305309
64,0.042643419455688,0.013664787111141607
64,-0.052907782969815076,-0.07549180560083762
64,0.013309760768885848,-0.016190158321469417
64,-0.10134152234978067,-0.12542115084833716
64,0.08280487731587233,0.06538484372041237
64,0.14635684638053442,0.11734254410888673
64,-0.03521823213631525,-0.06035705718921197
64,-0.21362613466634592,-0.24207451639514802
64,0.033695024116339456,0.0023836831707023665
64,-0.00040363029160389585,-0.02681055729629178
64,-0.0160712348562283,-0.03976827405530914
64,0.09406771291408572,0.06400982786038772
64,0.06135865593134521,0.033728267576325244
64,0.029103969367910598,-0.0026263253520245056
64,-0.00865432601958055,-0.04806687814171151
64,0.011688843472642985,-0.012799303049079058
64,0.04967383878523851,0.022494491312353482
64,0.1338670585037734,0.0927156054190666
64,-0.06368623382106448,-0.08921418710062701
64,0.09446131046339795,0.06680303724355502
64,0.25158571808544944,0.22574236452774304
64,-0.014221234006684513,-0.03886547306529442
64,0.09363630811479334,0.06659175877647122
64,-0.025804739382998265,-0.05743943583278727
64,0.025066962485261468,-0.007176655586395686
64,-0.05408323017635863,-0.08191379358199519
64,0.14265373282804278,0.1129325861185449
64,0.21393661267910052,0.1908027144975431
64,0.11636615952370138,0.09587847066449601
64,0.10102795232913692,0.07622601144986652
64,-0.08266425960943385,-0.1052533736532309
64,-0.01375686334604076,-0.04295844058055853
64,0.14990095740873005,0.1252554417832173
64,0.0016141665872203004,-0.021957850331800977
64,0.01193316206853512,-0.011610211336731402
64,0.002192352146830112,-0.03159607476382398
64,-0.06911086403772942,-0.1047601335023211
64,0.10120206811025118,0.07730851730081595
64,0.1444794989236739,0.1121080031013158
64,0.05165223739369462,0.024823752312823966
64,-0.1362765147552702,-0.1641917055097375
64,0.10129596198925023,0.07321085428700075
64,0.09315530258989896,0.07230969625648093
64,-0.07549884795684136,-0.11179831786545674
64,0.26927316742516366,0.23823857754630579
64,0.10557806528363495,0.08011211231042875
64,-0.1724713775408567,-0.19926310314402113
64,0.12743294725008875,0.09813829313465178
64,-0.03140456774459832,-0.05818248685931143
64,-0.018880309132591644,-0.03909174035191526
64,0.14249504947717212,0.11624160554274937
64,-0.22132878857865557,-0.24468155382734
64,0.034616469436242414,0.012274750921067945
64,0.024431963589216232,-0.005130079027248491
64,-0.1669443397819078,-0.19075927548672564
64,-0.013335493473869364,-0.03893287637802073
64,-0.07834737806987335,-0.09655387304219376
64,0.023652829608270642,-0.003156005171295606
64,0.10645879319176915,0.0758208109802932
64,-0.0043251366341302555,-0.036245045245814234
64,-0.14010918100690883,-0.1660055760497629
64,0.07638601639511833,0.05486438332691346
64,0.1335467964367199,0.11141957476000125
64,0.12461228599806812,0.08957663089671125
64,0.02386941002953563,0.0001555372814239231
64,-0.03619222479987588,-0.06978898988004079
64,-0.050261331032219914,-0.07329063752738102
64,0.02793125560144999,0.0029128814601406816
64,0.02710585657791631,-0.0011279446018963024
64,-0.07117437094317464,-0.0989082330290485
64,-0.032313868452084615,-0.063508348536784
64,-0.046140697374054185,-0.07035791789094725
64,-0.09029772907232653,-0.1118769456622784
64,-0.1996489685446402,-0.2391813703280357
64,0.23481635983885235,0.20788497553801294
64,-0.019537748280731793,-0.04988149290360788
64,0.14527930100946523,0.12173833123284566
64,-0.0715054486138052,-0.09655609856034536
64,0.13916504798144774,0.11625228738389376
64,0.13019152220421842,0.10420752270545225
64,0.12670889703271787,0.09947209552269548
64,-0.02445685079525506,-0.05479369061276518
64,-0.18089076514444902,-0.200945454547667
64,0.05891041563439631,0.03264947907791155
64,0.15059568563092435,0.12321885375724101
64,0.003850786522277272,-0.01995362540638762
64,-0.07045790183865386,-0.09054193530749638
64,0.049615293020423556,0.021107674012196653
64,-0.03884157728873833,-0.07241537806570364
64,0.016126747612069836,-0.01307099896710956
64,0.08493880602198561,0.04801397779210398
64,0.06914593195457663,0.034736227324791535
64,-0.07921456656887677,-0.10881786388363535
64,-0.04324887021974355,-0.06705883540765767
64,-0.11927778674531919,-0.14826858556604655
64,0.10093659758334089,0.06545029585657869
64,0.08957429547642543,0.056948868579261014
64,-0.009609811669321455,-0.03458638677184167
64,0.04522634076644022,0.0035926074832112187
64,0.0008089894513430007,-0.031031916981076157
64,-0.0766167490681191,-0.10164378430896959
64,-0.016420715005699582,-0.040896249639026716
64,0.10179535889669394,0.07450459710134116
64,0.0623910149196768,0.03149436237197395
64,-0.03215147603335994,-0.0546558146326826
64,0.16924816469316778,0.14297954255882078
64,-0.1292369479313677,-0.15754649116369246
64,-0.0011554698056376878,-0.021904813995933914
64,-0.039330101436299336,-0.05768870297704709
64,0.018227032792037523,-0.00848638032624388
64,0.008498288842082202,-0.01242190317920977
64,0.16019764706027367,0.13374470659330223
64,0.10819002661045346,0.08343764948482407
64,-0.069254260968305,-0.0901519513688655
64,-0.1082216439062586,-0.13362338579009014
64,-0.02979915040304365,-0.054476725854411656
64,0.0852365073813402,0.058538571768948
64,-0.07703673113909604,-0.09777971683618253
64,0.07695577852115476,0.04793527127197972
64,0.007388631870792917,-0.028470439498245126
64,0.11242175220447553,0.0824109897073359
64,0.011022834192720321,-0.017942189193506763
64,0.013011743191330027,-0.012026057213110064
64,0.22940795030717148,0.19312665552065916
64,-0.12200587281373843,-0.15103633215192075
64,0.1508159794258867,0.125151932162255
64,0.07619861978604081,0.05266500447277217
64,0.14030759691990652,0.12224481346469346
64,0.10603588694105975,0.08810809829029825
64,0.09746997687150188,0.06028079043775286
64,-0.00196201476324781,-0.03435442976420128
64,-0.09851603047992236,-0.12664269437664705
64,0.060141216458364566,0.03625399857746575
64,-0.08072284114599537,-0.11196175863060503
64,0.06384448048047331,0.0423032121228295
64,0.056138546497974784,0.02674321384726308
64,-0.0807328868761395,-0.10198739061216316
64,-0.06765927434515795,-0.09389849039231463
64,-0.1005567141355474,-0.12963287884371372
64,0.007055829987165696,-0.02288649840924456
64,0.060514713100042694,0.0359864095264828
64,0.11128111618064424,0.08012782852659078
64,0.10632095037856287,0.0726122334997627
64,0.04969763936633098,0.01302186775724784
64,0.1156675306279989,0.08689054910482591
64,0.09480310996870062,0.06996624061224538
64,0.13332571452422465,0.10117685642632063
64,-0.07842713388908579,-0.1095549273285214
64,0.002687452518305433,-0.020114185208140456
64,0.0050744196147260445,-0.020074003128770945
64,0.007586397835592951,-0.02198639415420317
64,0.061938135654421356,0.031264804765622434
64,0.01567098222952068,-0.015401188958082734
64,0.08946885432603163,0.06398037156597591
64,0.035050617206280776,0.00954699672110998
64,0.06264508146070702,0.04731003420789226
64,0.14127489025460566,0.11179143689466692
64,0.1406693465168975,0.11108000781486399
64,0.14386222835090917,0.11506227038753264
64,0.2484473886042597,0.21581832898962833
64,-0.004625935696876804,-0.03972097218710402
64,-0.010133063020587585,-0.03455368772518963
64,0.0963967118695232,0.07072876453507293
64,0.13439320844062946,0.11157276233699681
64,0.029613419520173323,0.007892404988127044
64,0.06619170219216092,0.03898755180657548
64,0.22509225859236864,0.20233736592408053
64,0.06592593138011088,0.036439452654220605
64,0.06835289826127844,0.04003010268428231
64,0.1695905009532363,0.14430514747255313
64,-0.09828457156052278,-0.11888532011042707
64,0.019318685068955233,-0.012718649483023703
64,0.011367019206276585,-0.022228664604605652
64,-0.046232003531010146,-0.07526313923364442
64,-0.10760203215827863,-0.12515496213562322
64,0.027092866768714252,0.0019214536951291383
64,0.046014957948645796,0.02090678369383553
64,-0.032213667509211896,-0.0689835511733009
64,0.054842935990698505,0.023335494129370304
64,0.05486976815839334,0.027320665277013434
64,0.22821126380066997,0.1995534120576556
64,0.05370110387067295,0.03472825554519704
64,0.04476250755022637,0.014305292028093664
64,-0.059391210051569054,-0.08982567274913061
64,0.11535167843944655,0.08890792597812863
64,-0.2550790125408333,-0.2868057079205194
64,0.12354367143801465,0.09240135853061998
64,0.014474331991005673,-0.014382752538811105
64,0.2130225848008755,0.1877584290498257
64,0.03667388309883535,0.005785608963308375
64,0.09940087904693745,0.07537589631650271
64,0.1576951908466025,0.1265716727224086
64,0.2555076810964571,0.2254086618581857
64,0.1798510608129788,0.14670890702982237
64,0.020369730273128384,-0.01102536302835283
64,-0.09713603840625668,-0.12573363409295613
64,0.12072002061877146,0.09497383045062174
64,-0.009588059968562546,-0.04189345486367185
64,0.02027134134563008,0.0016877914739569233
64,-0.17227265095724134,-0.2017310800189064
64,0.14762030778248142,0.11992663876148285
64,0.12157319475876543,0.0993084128919351
64,0.09913886705778424,0.059839007130196076
64,0.0004486661172346529,-0.024275635415462682
64,0.09895164474003465,0.07227593902529644
64,0.07244887392523941,0.04361581956906363
64,-0.10371391914331896,-0.13245575116954855
64,0.22074208037484927,0.18886750881073983
64,-0.204481545154349,-0.22807397189530237
64,0.04862949277739809,0.01916781295003006
64,0.036264497581176836,-0.0022326977778016066
64,-0.01958670759980974,-0.038771984142404126
64,-0.021511117543722535,-0.05158407857955155
64,0.11160103349444667,0.0715203824271412
64,0.06863984420629654,0.04097600399671919
64,-0.06141925344284521,-0.09241434019062922
64,0.1878278204120038,0.15490976276799734
64,-0.1577537696825076,-0.19369479670233397
64,-0.08132740295710317,-0.10422972070560532
64,0.09294012835599524,0.07035838250233234
64,0.021795952535946406,-0.009213603377562107
64,-0.10058808405081726,-0.1282177129035894
64,0.06808908929757507,0.04037986348580408
64,0.23330956267365727,0.19353319843344424
64,-0.1306056801416669,-0.15170618265297026
64,-0.05033467534791336,-0.07726904815072294
64,0.17413505023547798,0.1495241891175368
64,0.0442145755521674,0.01905014020033602
64,0.14965850207977677,0.13114027829701852
64,0.07767233159398856,0.0581753152643959
64,-0.05052709092159924,-0.07118820968557121
64,-0.001431059688053904,-0.027758443183507564
64,0.15727791403194963,0.12361184660437946
64,-0.0928500924919386,-0.11927650287886887
64,-0.10177180764541605,-0.12976948124557702
64,-0.06506456045409209,-0.09094439623999767
64,0.07751876479513731,0.05646697068935219
64,0.09173159599404695,0.07267230418516596
64,-0.16804481545792427,-0.19261285121155539
64,0.105242256670463,0.06723491143067106
64,-0.12054827772799387,-0.1467371657660153
64,-0.0060088292102477014,-0.02962229152883139
64,0.16734329203651005,0.14358884073007822
64,0.09088468962378066,0.06821849571123534
64,0.03734364485550046,0.007717446133311656
64,-0.0024633243607490862,-0.03271782137337176
64,0.04907520126817566,0.01829261999023174
64,0.14075188973381808,0.11951094759467645
64,-0.1167252319090391,-0.1469162735006963
64,0.16203674704060395,0.13577180641033132
64,-0.06434759758072056,-0.084893124564276
64,-0.06759182822372611,-0.10124048967700866
64,0.01153532732782625,-0.018947073587101848
64,0.01692271316454541,-0.01532985194367531
64,0.050414463181140345,0.025912982503809856
64,-0.05396893279721082,-0.0848104007988249
64,0.11895403904208396,0.08539609159167633
64,0.014412595093252378,-0.006770024913607897
64,0.09340094433817264,0.0633259418390395
64,0.20245153174075986,0.18059576202260658
64,0.05901360550740842,0.02093351706377322
64,-0.09003941865318582,-0.12411749748795081
64,0.0023065505161830036,-0.02291234925504948
64,-0.027097278477279108,-0.056437918415708166
64,-0.04699525122729242,-0.08468742952772002
64,0.04100115548440392,0.01033290379003482
64,0.07952616265531698,0.05183979469097699
64,0.26599178940451224,0.23634233720939218
64,0.045137164934989704,0.019882438325362184
64,0.18292987018388435,0.1504261085123419
64,-0.22315027001335863,-0.24207928733453868
64,0.05430571742140383,0.02771560178602439
64,-0.023522293870464284,-0.06048754561353614
64,-0.3905086116556305,-0.41184489451559525
64,0.05113268190906972,0.022220025241899255
64,0.07612464316071998,0.05408397228536105
64,-0.036282878659173234,-0.05784257258222891
64,-0.0924332221006377,-0.12401498606528522
64,0.09750275768848543,0.06320897737656467
64,0.02637475036582332,-0.001326295359668439
64,-0.060502747045901695,-0.09137725457986018
64,-0.06988623131207056,-0.10247275173221143
64,0.0013617821972986,-0.02886961143689082
64,-0.16090921419844112,-0.1862734519263602
64,-0.08216239281530674,-0.11039742643083716
64,0.07808974145944553,0.04999898965450661
64,0.009767200658577724,-0.022149112929942538
64,0.0586514818855714,0.03610751492311487
64,0.12922653923356803,0.09450540457907847
64,0.029163929558896073,0.002860828137244864
64,-0.06891887469018726,-0.10192264476847235
64,-0.005335307021970881,-0.032588886779919723
64,-0.03756704736972549,-0.06276977735482647
64,0.06836413593052837,0.040284759159086414
64,0.24113925210399262,0.20883596043765068
64,-0.10791280651314472,-0.1341789614580432
64,0.034470437049221925,0.010206866820687333
64,-0.04175811512958466,-0.07712492485563
64,0.05651377212454978,0.01755833919176253
64,0.03766770018219073,0.013705905458962386
64,0.052097435146287285,0.021505807028669277
64,-0.06656884997542578,-0.09474310775849204
64,0.08353195769761607,0.06284077200709115
64,0.07415528086217665,0.04603712205374144
64,0.08433396202240334,0.057584063798104324
64,0.14754779889023434,0.11735779488812287
64,-0.10324176434311816,-0.1309157720844375
64,0.037881385831876835,0.009806301256803596
64,0.21893806457947745,0.19014226524642425
64,0.06224545929123221,0.030848432896662392
64,0.004240510088228511,-0.016195526289074835
64,0.15922071711149793,0.1310568996833575
64,0.13433487984713127,0.11481408292107714
64,0.021077009074077002,-0.010198921967969177
64,0.27031601311483483,0.2461712429684691
64,0.10885701155605226,0.07686654560499923
64,-0.14444814559273805,-0.17501202304406696
64,-0.016626489348793516,-0.05004415891799341
64,-0.002136043529614051,-0.03769453368274883
64,-0.06557819910893403,-0.08874716693416212
64,0.10449928239783352,0.07864353904741433
64,-0.014647553107641098,-0.03412747395353238
64,0.16769039348846376,0.14128919325068318
64,0.07903854910702546,0.056808105105116524
64,0.09077271264396897,0.06851135967107036
64,0.05097803815637936,0.021420616685623672
64,0.18256511473158427,0.14699338111395294
64,0.12962116156222508,0.10519501541270587
64,0.05361646757680749,0.027034671021196943
64,0.06726870284042452,0.040669128451285175
64,0.09808666075182154,0.06452138211952124
64,0.07820236487745397,0.05920050968088281
64,-0.026303434625927158,-0.05171422226702477
64,-0.022052111602507807,-0.05253446487751173
64,0.08046446669859869,0.052039232782063016
64,-0.14521468956328198,-0.1710749498722965
64,0.08468830904056385,0.06360891176530287
64,0.11086496407649421,0.07991195852087896
64,0.3085727830425264,0.2848105934753625
64,0.27580005170593086,0.2375542150164222
64,-0.01750843470976643,-0.052291551694656435
64,0.058478014036253134,0.03105487793892736
64,0.07148790907196717,0.04599060191530174
64,0.07516064455313343,0.056012300231478185
64,-0.0035751667830112854,-0.03459427555260114
64,0.020319087067479258,-0.012126022028063288
64,-0.046699991072163494,-0.08086314459540433
64,0.09942386283378996,0.06960843672836048
64,0.01389551242817555,-0.018389668724775987
64,0.12346769156506993,0.08963475303033813
64,-0.14250266125264544,-0.16392650249502239
64,-0.08037433036610087,-0.10414876223655989
64,0.13225820382072256,0.10460606235638997
64,0.13433218466717728,0.10339864587401765
64,0.18218813495488345,0.1527764196705998
64,0.0027987244376178055,-0.016553248553970723
64,0.010931524374358903,-0.021355489134828598
64,0.01835917851396557,-0.00851669419735579
64,0.050402506740987785,0.024322647364657113
64,0.0946258693053526,0.060657629211053776
64,0.11802362869637079,0.08912241776279278
64,0.0706454668931335,0.05453603188354855
64,-0.16442077061863086,-0.19153328110662146
64,0.12116512957924103,0.0978073313096382
64,-0.05045662685811181,-0.07310229297066134
64,0.13126878739813158,0.10122749393320124
64,-0.02534215581835081,-0.05205428110559496
64,-0.04006306582485797,-0.06713475208446923
64,0.15829376548517132,0.13240906887560727
64,0.10645160445053187,0.09011654717255463
64,0.027722760207058272,0.0016326383751647522
64,-0.10974589189167017,-0.13520015621721249
64,0.2225909938010559,0.1943134223526098
64,0.023704332441579934,-0.01773174648133924
64,-0.06470573354525261,-0.09178111831627345
64,0.024502057724385184,-0.004966010199432824
64,-0.04511890164043664,-0.07383219267165209
64,-0.012959312709845738,-0.04590802269305727
64,-0.21086259587154876,-0.23192523400911805
64,0.08216358001476837,0.052231896779835585
64,-0.17084037898713186,-0.19430179204476872
64,-0.03017779091937417,-0.0494592584418545
64,-0.022806908223911793,-0.06001769076691604
64,0.038748870643840916,0.013330958713011931
64,0.1510067201308704,0.12545848664791542
64,0.04085317924140658,0.015392067287854805
64,0.10070138033123471,0.06570163928934597
64,0.14030465459643976,0.11036073051167411
64,0.002797553292448296,-0.029160602224062693
64,0.032792706884433365,0.007545430232406614
64,0.14612138924033774,0.12040723298356931
64,0.16677913465402067,0.14930419223091168
64,-0.0208571579217941,-0.04260137255772001
64,0.065458853951196,0.038580040033420915
64,-0.08542036510007411,-0.11519359631124332
64,0.09293470268822518,0.057821359697390995
64,0.07535779893668904,0.04494644970804401
64,0.06998797320171052,0.046044462645212614
64,-0.13377492167060007,-0.15586362850112734
64,0.10117200030373846,0.06468799490225419
64,0.09814363687496491,0.06598650899970071
64,0.028424888188666675,0.0035395787271980117
64,0.12211563710971679,0.09457535064419859
64,-0.0003979182165443351,-0.030382813508742446
64,0.004884886274225675,-0.019621593609902066
64,0.09528121103968717,0.06762341022498708
64,0.08010749321888438,0.05088710695391091
64,0.06226162008059655,0.03188237587946219
64,0.031421238038886024,0.004115112692977041
64,0.10654678531540668,0.07567865717089078
64,-0.14770174939122194,-0.17819295250137251
64,-0.10467369311743746,-0.12889131834013107
64,0.0054893897542130365,-0.02077959880731256
64,0.255038642543513,0.21935091440963334
64,0.003713437419438248,-0.028689379439603147
64,0.15425441402980616,0.11849875260219228
64,0.07955604618346868,0.05238969350665251
64,-0.03490407652001326,-0.06357734694491568
64,-0.03198461135718872,-0.05546924733633052
64,0.08476984867577747,0.057320784578355766
64,-0.036488208510515596,-0.07143375383083417
64,-0.007461146803419805,-0.03716685364208033
64,-0.008199047996375164,-0.029556258557331516
64,0.0468353728845598,0.01279213016377223
64,-0.01739883619376459,-0.04310522568723324
64,-0.15825292819891268,-0.1833661158375469
64,0.15972635074383562,0.1289878240934888
64,0.09254756031283967,0.06080867818855934
64,0.14000840310850754,0.11359741887803282
64,0.013848806831672333,-0.016769333393593377
64,0.04544425874764646,0.023363106075621143
64,0.17223738612768041,0.15298712937629572
64,0.1684700081870662,0.1458997136894163
64,-0.13852207479612366,-0.16924817789848468
64,0.2149583029386673,0.18707035001449973
64,0.1327212409731156,0.1066762656830485
64,-0.12422214804522858,-0.146088196886622
64,-0.06429645135272344,-0.0987379257574324
64,0.0851253745175517,0.0525267907938719
64,-0.04706094999504723,-0.07469380761968075
64,-0.1013350935857727,-0.12509263532111398
64,0.004043552069227185,-0.02667115674388848
64,-0.12845648898241013,-0.16230984669015341
64,-0.09584247584725586,-0.12967625589778792
64,0.1130924710550239,0.08608799479906543
64,-0.06983009918651112,-0.08962663175948199
64,0.04058128177581771,0.012121927537888988
64,-0.1331889267697015,-0.16290695733902982
64,-0.03513991143124284,-0.06800230363000137
64,0.2097425351208682,0.1841632827600474
64,0.10549284848679924,0.07712758706364842
64,-0.14518163676790014,-0.17047320242580866
64,-0.012240863735941188,-0.041976885163235556
64,0.02262265437466543,-0.004914095567901955
64,-0.19550043012578644,-0.21855504399763148
64,0.06395093843713529,0.04004352638142361
64,0.07789478123761195,0.05754668047291428
64,0.07634008681046245,0.03779554412862274
64,-0.08139840751612004,-0.10452368968335074
64,0.17589382030539563,0.14934681648548215
64,-0.04255773885994907,-0.07568815938886475
64,-0.24163789801404556,-0.27685048672025747
64,0.028857331201945002,-0.002796986483509234
64,0.08998108080650874,0.058850759456312185
64,0.03229292240689374,0.012046804559285584
64,-0.0750743142894914,-0.1083012585341282
64,0.06117445369246638,0.030234423811907718
64,-0.05181347633281297,-0.08976007476264936
64,-0.04272970771900653,-0.06861180220141083
64,0.16137008628465027,0.13371265336809562
64,-0.030950590616598883,-0.06524944867082744
64,0.1493765502313577,0.11206876156797235
64,0.09320305886863306,0.06502613224974152
64,-0.0847195278697061,-0.11066560214225879
64,0.08579564101104348,0.057239671265480296
64,0.0093936118068918,-0.015277440431052669
64,-0.009329306679200844,-0.033698223902031255
64,0.08573450805013466,0.05773421276917173
64,-0.01393238111657591,-0.03965659880608641
64,0.1797242321278924,0.150200112196405
64,-0.008190994463699475,-0.03443144043881796
64,-0.004606989803000061,-0.024045811718272636
64,0.1354225759399355,0.10617942007212294
64,-0.06565478549648263,-0.09451595620830916
64,0.11934559918914195,0.09075197172692478
64,0.0650677523224229,0.04556324457847227
64,0.18737995102864152,0.15909558081115643
64,0.1153569513440052,0.09111679837316905
64,-0.06953358606061982,-0.10479838769571775
64,-0.00015729980775697205,-0.02102254015861188
64,-0.08015781476379435,-0.11065315198427267
64,-0.18885520184551424,-0.20759759064134486
64,-0.0914997312430858,-0.11626655878637526
64,0.10324095930158,0.07308906558173045
64,-0.1140342622627537,-0.14204682930702195
64,-0.07737449224108062,-0.11846101720619795
64,-0.039536713016687874,-0.06444374614089082
64,0.021757122788300387,-0.00470950079108684
64,0.14002694683381417,0.11559890260505529
64,-0.06834722362203038,-0.09292380019407182
64,0.13387532738752134,0.0984887442941052
64,0.21495573589490907,0.19067519334873523
64,-0.06859396671960882,-0.09540908104512852
64,0.18570770182835233,0.15478199134389775
64,-0.09561971730974461,-0.13368965819042966
64,0.044984837709688974,0.009754522641019947
64,-0.035014917943183566,-0.07036886006914767
64,0.035471254160867105,0.016425719617213008
64,-0.03344748341525844,-0.05823870140814935
64,0.0738738671918564,0.0437092016779525
64,0.10669027148123228,0.08008067093375598
64,0.17044469275881696,0.14807987689068364
64,0.007235422390420132,-0.020012169014958614
64,-0.1476778081420776,-0.17446910226276321
64,0.1670220267397638,0.14407455657675033
64,0.009278500060411143,-0.02009302623081055
64,0.09325590505343812,0.06392324905568542
64,0.09664512467172909,0.06843559181838166
64,-0.07823777346032545,-0.10984854768468844
64,0.051709101076404806,0.02510975187992953
64,0.02976003601915761,0.0012060342972357585
64,0.2778272039476885,0.24346791112138028
64,-0.22802734233715222,-0.25530546972730706
64,0.044153731873783464,0.014339465443751864
64,0.024052567096441102,-0.004548556566963069
64,-0.05927793686371924,-0.08948883980829564
64,0.22738370481010212,0.20048192573831086
64,0.12566273951335788,0.09728577844180603
64,-0.004619295419004965,-0.0321023752496461
64,0.05732703234768449,0.030800994123183656
64,0.1032931126158268,0.08346026008750201
64,0.017293677455593293,-0.005646805318336612
64,0.011120966603600513,-0.014642598524016837
64,0.12037513867142441,0.09760748930111168
64,0.04206744957773084,0.008120243781809033
64,-0.29020312104303814,-0.3245646850088407
64,-0.11423086870355786,-0.14213364293318054
64,0.0522316526522878,0.033189284366050564
64,0.014124188955935035,-0.023355820280465178
64,0.1306496871225013,0.1033734472063716
64,0.04863208419937576,0.019507947232026812
64,-0.05392319360871273,-0.07490097971205878
64,0.06581075477883969,0.03126363595493431
64,0.11909256258112705,0.08292796999337487
64,0.02956927504063922,-0.0009223548585972074
64,-0.05491162924972143,-0.08276375213163956
64,-0.19252563377005763,-0.21437053584906607
64,-0.0919693068190574,-0.134867724293397
64,0.03678346069144767,-0.0006759962839549272
64,-0.042478578979469994,-0.07428407303482348
64,0.23528405193105745,0.20774125715658315
64,-0.023814770375482797,-0.05200126167042207
64,0.11606494197278688,0.08615447762111889
64,0.10972164710149362,0.0771249586412111
64,0.2184045412484052,0.19370453624020373
64,0.17130885056833706,0.14735735270951372
64,0.11477808744403789,0.09067548850230372
64,0.10152466946050281,0.06820028035364045
64,0.23549532883731378,0.1999037199868811
64,0.1730926412951868,0.148400115575349
64,0.08180610742004507,0.05668513424106297
64,0.16274321220799132,0.1405472887510823
64,-0.011834907772926728,-0.04020810919642204
64,0.029390647962466876,-0.005483761461718417
64,0.16790174538093622,0.1464020931171101
64,0.07862375161233798,0.042215777658489995
64,-0.19170381425011254,-0.21791900237978806
64,0.020685129911552302,-0.012298948696252643
64,-0.07223502268975052,-0.10189142762466702
64,0.07312481313752761,0.0462500168741703
64,0.15746766492487857,0.12954448175227623
64,0.1477208059739255,0.11301424064649573
64,0.14821734734289166,0.1204431861059238
64,0.012233643373281478,-0.017383390064022675
64,-0.05879451173416678,-0.09741399280900465
64,-0.09151433274331716,-0.12683823117705073
64,0.03097987383814932,0.005333021398131688
64,0.2902504676925733,0.2687100338623792
64,-0.12724947573790651,-0.15267750212847103
64,-0.18402725509280382,-0.21895514781873215
64,0.20138952392319248,0.17222189120349568
64,-0.03887827586397341,-0.07841785273050084
64,0.09477292353323402,0.06909009741393995
64,0.20794096937937018,0.19222602130740657
64,0.02324157780251085,-0.007335028527172771
64,0.018873364121150316,-0.010597916732042356
64,-0.06202208842109447,-0.09156372818510872
64,0.10727222961467059,0.0794482196392331
64,-0.11669775125613246,-0.13849102939090446
64,0.0029922749089439926,-0.030921509153099103
64,-0.06570938017472011,-0.09428249191622545
64,0.07131032055321657,0.0408146208837572
64,-0.017027849514947013,-0.050570647397846835
64,-0.1165140255571363,-0.13879868559192415
64,-0.04009326063188656,-0.06621830229860987
64,-0.02354497553938223,-0.0441243788441148
64,0.3693108185354989,0.3408064903438169
64,0.048538791711809415,0.01974406275592716
64,-0.028795222872961546,-0.05526683541999944
64,0.18015741828316306,0.1388730512139849
64,-0.10840646675446114,-0.13573118640304538
64,-0.15323756326145277,-0.18266345048613092
64,-0.028051283873642974,-0.05605073170860647
64,0.04042483028150695,0.00228207159221272
64,0.06392955764706215,0.038550447819308165
64,0.2011088737179389,0.16939503422091357
64,-0.06155571063260562,-0.08395078977136561
64,-0.10941841413061659,-0.13904961365838342
64,-0.02990695667370702,-0.05432940131867914
64,0.0771601211755154,0.047035730225925776
64,-0.06367111476143633,-0.08839103853952551
64,0.12413151129343641,0.09435075631246831
64,0.08261054044406752,0.056509283426931345
64,-0.1218436550509096,-0.15130213468282222
64,0.023414226126486526,-0.005321135360161655
64,0.205059556670592,0.17270340322651218
64,-0.14312998719061404,-0.16776834181649108
64,0.024210918683271354,0.003717515341462252
64,0.10649003832278653,0.08093425355095923
64,0.045086145229156216,0.01291230683001593
64,0.14162889178847643,0.12513782154750247
64,0.053714497376919745,0.020655028278669496
64,0.09571628549599792,0.06806952660914622
64,-0.1167747970775363,-0.13779178844824735
64,0.0740786293462769,0.041983561941999925
64,-0.07226871205517094,-0.10091928369039371
64,-0.044508640944179556,-0.06914422228549572
64,0.04697602021925018,0.016341517102524072
64,0.055787617973880654,0.0362095480466289
64,0.07145835894456787,0.04448678170654591
64,-0.04631883330874592,-0.06670635550810444
64,-0.024282152460976314,-0.053977867262446744
64,0.09277621318210855,0.05803507367149857
64,0.17678313067880286,0.14666559676708363
64,-0.05598124065334481,-0.08827694303417283
64,-0.02540141661266232,-0.056741591208155084
64,-0.06290598597491837,-0.09784486474599069
64,-0.09412946665691696,-0.11864183767267839
64,-0.13012587179243917,-0.1659674897908835
64,-0.09851244837084272,-0.1247608522156079
64,0.01400703666810238,-0.017658472341532838
64,0.018785572712071763,-0.008498197613112213
64,-0.05835381420688701,-0.08663335733026045
64,0.049996884715838574,0.02342958870175993
64,-0.11005333342370821,-0.13320124730514982
64,0.001062593453941385,-0.01990620373856483
64,-0.04155435101485622,-0.07076103017005958
64,0.052306171711178684,0.02770945041993511
64,0.08209435591696063,0.05427635720040852
64,0.007885531217704578,-0.01910025535353843
64,0.09089657277429747,0.06374503791724756
64,-0.1622318043822949,-0.17964243489976933
64,0.002724783014269261,-0.027654759135801565
64,-0.005280938617326314,-0.0360733260086073
64,0.02442005994604851,-0.0015363898488531258
64,-0.2228225887350589,-0.2497177446437608
64,0.05204108429623083,0.024864377757703005
64,0.03613925149413061,0.007910551008389777
64,0.08565809466607116,0.046900138968272664
64,0.12344977599872237,0.09493605353438844
64,0.12383382719747821,0.09575867222625706
64,-0.017584716628543773,-0.05038375172439452
64,0.19778682257531383,0.16713158019225766
64,0.08688116694305886,0.0661366598180897
64,-0.05729667818845896,-0.08146811528016307
64,-0.09608097410784894,-0.12322787863611706
64,0.08807271118320265,0.06159484438106433
64,0.009346920859970465,-0.02619443376361852
64,0.17819027000200677,0.137301249999556
64,0.03080242614892381,-0.0011353218187594716
64,-0.15079387229996755,-0.18604327183859803
64,-0.14661660340215182,-0.17651764298850275
64,-0.06653653999329573,-0.0876752838674203
64,-0.08378116826211279,-0.11473308935939536
64,-0.014542072744455514,-0.03974706681660478
64,-0.07212616357492868,-0.10028544488032975
64,-0.004603286465050427,-0.026258627736452933
64,0.1426417620636698,0.11165810118907887
64,0.0388333934523416,0.014427501308268087
64,0.041260814694784875,0.010375276419573642
64,0.14538276056382843,0.11925760622892417
64,0.00198197022004587,-0.021754853661064888
64,-0.09506633513348162,-0.12979229449885787
64,0.06952620944264415,0.05271194342177782
64,-0.013100020320620742,-0.04565208140363841
64,0.06168727129773288,0.035457285774694536
64,0.029155287320219214,0.004095823709634183
64,0.18581364722410482,0.16309881112363184
64,0.19256873174838957,0.1568800377905581
64,-0.11975436712116105,-0.13357847716459725
64,-0.13841328352984328,-0.15848514458083207
64,-0.01414747209999001,-0.03213260482066432
64,0.2991235502281255,0.26934108961734243
64,0.15059827522706698,0.11857936427969124
64,-0.09545152771089188,-0.1247986731908397
64,-0.0932556261961976,-0.12843979104996067
64,0.0023773815215738514,-0.029437327364098265
64,-0.013983956872822667,-0.045658561985712165
64,-0.07951094568247175,-0.11801779088658731
64,-0.045449846956370776,-0.0676408206528033
64,0.16065169772275706,0.1343024404310625
64,0.01904851597753665,-0.00845057977347019
64,-0.040376511123367376,-0.06511030858236155
64,0.017360215331286455,-0.005284521351224258
64,-0.05208810385675072,-0.07834626135171568
64,-0.06777410586365112,-0.08734864642769502
64,-0.16974957486329995,-0.19604382141862517
64,0.1056333486311472,0.07483232580399268
64,0.11392662427718686,0.08482156571894989
64,-0.03109466152994067,-0.06013462579633433
64,-0.1551903744273811,-0.1788418330713612
64,0.032223987846509705,0.0021136693852505384
64,0.13465154686044362,0.10420391052866756
64,0.04503981780651162,0.01739433054082823
64,0.10325876493662939,0.07573020786846785
64,-0.008807944576565419,-0.03542285923124183
64,-0.049200832239318926,-0.06939050800591512
64,0.052964299580773755,0.024609829091873592
64,-0.07934367225797956,-0.10259457352871809
64,0.08983591623800419,0.05918742711594854
64,0.014599005637407292,-0.02023283621152505
64,-0.08068138243597467,-0.10433591877917131
64,0.1521598803771082,0.12461762205723709
64,-0.20751236480457236,-0.23030103816360797
64,-0.11908610402492487,-0.14317794396742767
64,-0.14236874132764682,-0.17919636847823253
64,-0.06540638076638461,-0.09353959925153299
64,-0.12012460670803016,-0.13874368262739772
64,-0.1277900524453504,-0.15179913948668383
64,-0.08304378240294102,-0.1156723514726768
64,-0.2798175720940171,-0.30431372531624473
64,-0.2404229689475903,-0.27214150223884376
64,0.11873288793090148,0.0856352892264452
64,0.1498491749642818,0.12590436352946205
64,0.03680553234611078,0.011636513420081374
64,0.002445283438770207,-0.014621088575862806
64,0.01704300535229597,-0.016485470343980457
64,0.0261819293090792,0.0004316544184370108
64,0.09385817788658984,0.07334214092851615
64,0.07405955403054282,0.04210771649129347
64,-0.003925664075647151,-0.024950725281956354
64,0.104759106730342,0.07171659750444803
64,0.07185883031236523,0.036647534562833484
64,-0.10616928985986684,-0.132009072561108
64,0.1669514625950535,0.14002787980278936
64,0.11566152895087417,0.08332551609734412
64,0.16975295890541792,0.1402218428100373
64,-0.09665161736440853,-0.11880921761670832
64,0.04089979785491449,0.009679304267931343
64,-0.017610559405736415,-0.04596723080277648
64,0.03396574645664824,0.007560161714041669
64,0.21244017918278985,0.18379100842735702
64,-0.06427782080013561,-0.08087534986780354
64,0.03842774311323599,0.011115765308683079
64,0.05303666265886464,0.026320305087051188
64,0.009886139310295472,-0.017469452479524694
64,-0.010755017831943658,-0.034364457271962134
64,0.0911482277186027,0.06298665339250809
64,0.09187550574322695,0.06892449810591766
64,-0.2217729482067383,-0.2481111053261369
64,-0.08577286462070483,-0.10996283128151951
64,0.012232566950517165,-0.017031606420133627
64,0.009418525898230723,-0.02053644928215148
64,0.1363081295562391,0.1201727781582102
64,0.06877123087041936,0.03694167397950726
64,-0.10077494900030365,-0.13398502953671276
64,0.10320411961805448,0.07735447938344753
64,0.12587098611686826,0.10638904574045444
64,-0.042415535145917116,-0.06415509847774609
64,0.1194421163225074,0.09299338318918099
64,-0.05533549770777313,-0.08250176431116435
64,0.07677774023335177,0.050341825907617654
64,0.08119049502990366,0.053279527982090236
64,0.011312115286810975,-0.01780976652840449
64,-0.027692352174679413,-0.05443725276180511
64,0.008929789317370707,-0.02957193318736706
64,-0.01098401760754425,-0.0402852640555334
64,0.029857687738769567,-0.005132313755490059
64,-0.07766521741325516,-0.10328170545862458
64,-0.08544799256258506,-0.11406242669723277
64,-0.03034192219436288,-0.06253682998826388
64,0.03274433196350396,-0.0019757908003850133
64,-0.13826332507381595,-0.16599456111458827
64,0.05853599286897504,0.02998456811492628
64,-0.01673618844274588,-0.04716499713216826
64,-0.08513450202952544,-0.11808000300030091
64,0.16325911750944472,0.1326759617234537
64,0.0380699739907891,0.010557500896790861
64,0.056142419686318,0.03334922157941783
64,-0.15660952150749063,-0.18479421506612906
64,0.10285575435270483,0.08112342854291571
64,0.19228135488021875,0.16051061888256107
64,0.010486407114740581,-0.01324993722006329
64,0.05206103659123845,0.017573646387560482
64,0.10574968675307633,0.08095966147278771
64,-0.03536487074496075,-0.056320418351977763
64,0.021635470169721227,-0.01592310191178392
64,-0.12941091233920077,-0.15355545564500434
64,0.09821722276114336,0.08055646985788673
64,-0.006821045691794259,-0.029204558933025815
64,-0.09519084716860388,-0.12763454831043453
64,0.0907088980162774,0.06291111173640845
64,-0.20720955977032893,-0.22938910121424616
64,-0.13537707265785076,-0.16065351313553167
64,-0.06844729423101914,-0.08734247177538224
64,-0.26376719935286624,-0.2946561162287128
64,0.1481786808762678,0.11950693027392273
64,0.1309576332682077,0.1038186051589805
64,0.13086449453846888,0.09938034691188308
64,0.10217117753692445,0.0735324525355664
64,0.11318264848834819,0.07789372129309668
64,0.11549835896633726,0.08581534672826047
64,-0.06850611473612378,-0.09672367742769428
64,0.10191988039649452,0.07689262155882981
64,0.08674669850252897,0.06007661988110907
64,0.045879741273142594,0.021115310538128207
64,-0.03156345295178775,-0.05616708493764999
64,-0.1517488111932146,-0.17544631844090525
64,0.03377795964888247,0.010566092390629
64,-0.14525187432550596,-0.16245452032809676
64,0.07784010108570838,0.06080269764509527
64,-0.04598796886868434,-0.07870349297566903
64,0.04218513189049322,0.014894520587685645
64,-0.09326417576438417,-0.12107657739380911
64,-0.08658755093766113,-0.11142687774875704
64,-0.08579103063168281,-0.10964943191729176
64,-0.09387648070943905,-0.13107939872720448
64,-0.03606343240246318,-0.06736675322338342
64,-0.10383195049651872,-0.1299734772743938
64,0.10352960879675438,0.08477858038232838
64,0.017578695957697232,-0.013554084400106636
64,0.12717014879314742,0.10283977737456668
64,0.0029497962038042558,-0.02580299444131695
64,-0.1573209538850649,-0.17724815529297105
64,0.058724217518759336,0.03266815801456319
64,-0.056996460737465504,-0.08149102237031786
64,0.031023804374256225,0.005030929882812452
64,0.018596409597256558,-0.011544953591519247
64,-0.09194539077951736,-0.11918975333214177
64,0.04753134657813102,0.008172197893838662
64,-0.011710358252489284,-0.04063555082665432
64,0.10084439541014761,0.07796187329721771
64,-0.11120877226907666,-0.14923061180888203
64,0.09552347737258288,0.06767088417180694
64,-0.010203179948751917,-0.03303661264005714
64,0.005990561642787162,-0.029876604290970832
64,0.011581829934318943,-0.013659269507686311
64,-0.2578410254004581,-0.28932787854657316
64,0.012198384352635594,-0.02055125186039264
64,-0.1628160727247528,-0.19432642387589594
64,-0.06620833973120716,-0.09107600531925736
64,0.18752112877267552,0.151607614960023
64,0.1169955397036912,0.08628892453553921
64,-0.0689265303028116,-0.09620024189186566
64,0.16879361953431388,0.14120019463300576
64,0.12638415690574717,0.10368492836079751
64,-0.12254044458294161,-0.1512907459621592
64,-0.11803254956500708,-0.14619843170406338
64,0.09180561965341599,0.0672556608395849
64,-0.0323890582883577,-0.0568579570123835
64,-0.025513149505756783,-0.0540652939101694
64,0.19285954821007673,0.1560125948958257
64,0.03630641603801227,0.0038984105366517974
64,0.027617843503723427,0.0053206265717864465
64,-0.006539697939633049,-0.03601250753022778
64,0.029711358053736425,0.009342785300718914
64,0.07938295138356205,0.04850789051903942
64,-0.07153712418555846,-0.10653114152759624
64,0.05251683475214358,0.021556058931180455
64,-0.09270249677140285,-0.11894606191622986
64,-0.06363612666074708,-0.09388107666249718
64,-0.14155558894576098,-0.17150354558498074
64,-0.01839757735100067,-0.045941805389182966
64,-0.10644617737223444,-0.13210523013283937
64,0.04779285335989247,0.016871707099190114
64,0.12604382653097362,0.09664871388887347
64,0.06164064532372876,0.03828249546388207
64,0.18993331677077557,0.15297961560435486
64,0.09247090232173266,0.05787354957574026
64,-0.12439824133132982,-0.1569234646783958
64,0.01779936817813127,-0.005192286545122549
64,0.08517832447387402,0.054532967327134474
64,0.05614272327772518,0.028697678063747345
64,-0.15217156947865518,-0.1701101755234994
64,0.0754033288352911,0.04109185250901515
64,-0.09720893937666053,-0.12964028534764188
64,-0.17086014394844024,-0.1895458448274095
64,0.054289652115224185,0.01960850611936682
64,-0.13870413505443968,-0.1653163134500235
64,0.07020882341404427,0.04259837693084162
64,0.06503482525635679,0.03592433352033164
64,0.24663065955423874,0.21588639491226153
64,0.12097451225203465,0.08798410455364197
64,0.05180162418331219,0.014089194240363756
64,-0.09242490428929767,-0.12737540847278034
64,0.026796997631880315,-0.0019849325639356707
64,0.2249894287757757,0.20277594995246967
64,-0.053725777568663924,-0.09077157163831129
64,0.09747333365450833,0.07097156991808612
64,0.10056336233187552,0.06611297972565983
64,0.10676808245645814,0.07785560933100188
64,0.11428824267329646,0.08748150006831551
64,0.049400675853907894,0.018280830556318073
64,0.023924200323076295,-0.0036565068393865086
64,-0.11052691243892893,-0.14347853059794824
64,0.06939789953217534,0.05236456268109013
64,-0.2649606094438692,-0.2945988711513809
64,0.1561096147343632,0.12184248915154366
64,0.12386515006896498,0.10124102918867467
64,-0.1312222023446143,-0.15823579724597092
64,0.05003448907129576,0.016762100821000103
64,0.011397625063621075,-0.016626590464554114
64,0.06946190110679396,0.03732917531922475
64,0.142182570692648,0.11248383458896133
64,0.05193303021237344,0.01921295617731872
64,0.05667877314571418,0.024411410047967985
64,-0.014160499237080515,-0.0376060581826988
64,0.2636697114623933,0.23133299982389993
64,-0.09623001722304586,-0.12754652763422547
64,0.026173226466267796,-0.009289789955297112
64,-0.08067233021934217,-0.10519612109047305
64,0.0904047157337931,0.06210958049191895
64,0.20371578590295553,0.17333150360473
64,-0.10061876594850944,-0.1301664499188896
64,-0.043554832966090695,-0.0670478012648632
64,0.03579461209909851,0.00964862323248672
64,-0.02802066571900169,-0.05561417328887197
64,0.01862654899556221,-0.014205061509449834
64,-0.060518759336009975,-0.08641198053548865
64,-0.08158092284857049,-0.10756603237841483
64,-0.13558444471003522,-0.16646687493761075
64,-0.03223394110934541,-0.05068660506257833
64,-0.041171414358617264,-0.06898869196765456
64,0.08460210436429133,0.05438620177531028
64,-0.04457206133055647,-0.07115297673076226
64,0.10177230768089368,0.06988962418855976
64,0.04558693395451885,0.0179625356075499
64,0.3049062117500599,0.28398687797083205
64,-0.010185058287302817,-0.027949467881153434
64,0.04274926168996518,0.020169223627039656
64,0.1933057490986933,0.17009697830814569
64,0.03898870039974228,0.012572845157122259
64,0.1201529887838913,0.0884920655768558
64,0.02925532981300183,0.011056288814425663
64,0.04916657962319526,0.013477855314691534
64,-0.008911029125652448,-0.041098965876417315
64,0.10728810707743247,0.07780694925153075
64,0.27753524507402155,0.24393020719695385
64,0.0028126647168575936,-0.026821785080154592
64,0.1584877990807982,0.12329419884007425
64,0.19491308404114366,0.16284357856697623
64,0.277893981379949,0.2619157620797607
64,0.06588922784573936,0.03181887633498276
64,-0.10135650099067817,-0.1282753696908911
64,0.019101998559612532,-0.007528674299029259
64,-2.1784427655713312e-05,-0.02559383635165352
64,0.18622773712555157,0.16254018923537833
64,-0.03166332947730882,-0.056946169793585355
64,0.10781496727358436,0.07979188927656827
64,-0.10520613164445375,-0.1365573828291044
64,-0.0418269630597734,-0.07276802003540933
64,0.07067838767575885,0.042612512427774196
64,0.12212136010201108,0.09227018890018174
64,-0.027397625726617247,-0.05495131429857514
64,0.06685495778604483,0.04252748579259058
64,0.09369857220189953,0.06803089768794823
64,-0.0827159279480672,-0.11134250029978154
64,-0.05673929333272648,-0.0752207427300629
64,0.012312095631984654,-0.01901043156211968
64,-0.08526697635122948,-0.10457180301691893
64,0.14388514196717445,0.11743428337912315
64,0.02490569739146581,-0.010553744566561218
64,0.08031967401519063,0.05159276071648927
64,0.16152951066524684,0.13309476937684345
64,0.1424179021062943,0.10697261350188064
64,0.16784795669956482,0.14069763033658306
64,0.1522388674585325,0.11860242393538128
64,-0.07236735237892628,-0.09744000774292588
64,0.10320299163611629,0.07294200555265318
64,0.2394866215615053,0.2129919743423721
64,0.0025539808733166525,-0.02497697315779035
64,0.06635819766955253,0.03465962942026973
64,0.04201249831896031,0.017259982970620036
64,-0.02770588442913574,-0.06216532276963471
64,0.08771139360736019,0.05609507219861992
64,-0.09043760867731965,-0.12232508449516521
64,0.1825809813050881,0.15287755495119887
64,-0.17631237726711013,-0.2037051609898288
64,0.15073214407294117,0.11533543181889289
64,-0.06449517636496499,-0.09120102102069666
64,-0.009798027438307155,-0.03869484010940655
64,-0.23608502292730132,-0.2657642633544034
64,0.004953470459360454,-0.033331189645396886
64,0.13715880622508375,0.10802561615737499
64,0.17742803277156577,0.15034504624745776
64,0.06330086861816087,0.035631173623588586
64,0.0196977383872613,-0.008617627946766349
64,0.11180063433819537,0.09285429214711566
64,0.163878432101431,0.13910369904538972
64,0.09206086124214913,0.06345097655935705
64,0.05374708940401979,0.03334034931630747
64,-0.08923675429560435,-0.11299452807007504
64,0.019876283417048224,-0.011969198012124593
64,0.21072487704148818,0.18126432323435876
64,-0.04216842018812089,-0.07425927978737384
64,-0.09106995278436558,-0.12102592156500114
64,-0.031037323502440428,-0.06229223611850104
64,-0.15427355451783692,-0.18520130680694194
64,0.09711803410847603,0.079401833865198
64,0.13516920507749458,0.10457210415468238
64,-0.037198921135907226,-0.05990017417636545
64,-0.07078838903899742,-0.0928519338943169
64,0.07307286223790133,0.04050496609888116
64,-0.013239807114601376,-0.04448685088011978
64,0.005206443767359348,-0.02590559946368093
64,0.007921771168612202,-0.024881354896793106
64,0.06916224932004211,0.029839581976362606
64,0.13176389166122554,0.10218033398624266
64,-0.009873953443170769,-0.04520215163851832
64,0.10493267729611971,0.07616622582176091
64,0.30851344959191035,0.27865057169071655
64,-0.024982343540236096,-0.05004924867244459
64,0.08179124242962882,0.06630625490983982
64,0.16728275860166514,0.1359114131619525
64,0.24857459552583078,0.2213511624234759
64,-0.0061040300480876275,-0.03800282866448995
64,0.1836756394542008,0.16398571350724495
64,0.21575058273503905,0.19303956070655542
64,-0.08229544859969679,-0.11240227206217646
64,0.16470191916415472,0.13455470038825373
64,0.039225848889416326,0.013309653115709974
64,0.026734386853230707,-0.003231388024734272
64,2.576328562825525e-05,-0.03760360008101965
64,0.13577055043681524,0.0976312324970558
64,0.03983118316738654,0.004708048819672739
64,0.15944920756905806,0.1319451281453345
64,0.07974829023862884,0.050373947406576636
64,0.0036650331149479243,-0.019788585669830272
64,0.00298748502043944,-0.03491464397057403
64,0.09877267572645415,0.06677954538079423
64,0.029082634791801565,-0.0013295199337313712
64,0.044219756686528555,0.023439875193147774
64,-0.0332280955583969,-0.06304023836407219
64,-0.15744445466315854,-0.1853172811899745
64,0.1809635089998562,0.15698188325442247
64,0.061135950827670704,0.03479598878696177
64,0.17150465677298593,0.14565694660448353
64,-0.05867550383870679,-0.08418802581710894
64,-0.06502747296379946,-0.0901574940845265
64,0.0820619378561876,0.05441999178845175
64,0.08589248311616177,0.057976688469159265
64,0.37883858481659766,0.35909839288527706
64,0.13756847429560476,0.11248637036910653
64,-0.14719736616587742,-0.1711370167071027
64,0.17522072840001918,0.15595968591528814
64,0.050860883247766164,0.026262366243036128
64,0.10801331203251746,0.07640723946795991
64,0.22561679091203696,0.20088229078710979
64,0.17415634717108902,0.14450689038230652
64,0.027242806861483837,-0.007606814610191026
64,0.03062448906678139,0.0003703095980001625
64,0.060041286219705114,0.04094260326544208
64,-0.09813675094242025,-0.13025016799494704
64,0.03481426699640583,-0.002381783565585993
64,0.03422077277399377,0.005421156406437144
64,-0.029021402138484587,-0.0685682603953493
64,0.017891766596301817,-0.018533871125168633
64,-0.026867664151866033,-0.05483373731795865
64,0.010285109395450187,-0.01854780026406122
64,-0.06629380619759234,-0.09423141230563553
64,-0.028235049797933898,-0.056874039803577525
64,0.24707922266964416,0.22027474088255267
64,0.11068839038714268,0.08352525973046304
64,0.141027463681696,0.10969507843880472
64,-0.1158317154384223,-0.1426687846474412
64,0.02120793649397479,-0.012990290708727037
64,0.29898669723455945,0.27594423400070106
64,-0.014054674447515847,-0.04499900259169576
64,0.04418900861045605,0.011779830481505604
64,0.17581229874533205,0.15375557677249546
64,0.008668385848442983,-0.020857332602365997
64,0.28334771251788565,0.25410971455954207
64,0.05712403284422385,0.028777619940546117
64,0.02691456771462336,0.0026977682120402635
64,0.032179668757809365,0.0007459958527241684
64,0.14377749070007445,0.11929722590828723
64,0.23403934618699268,0.21015618870108527
64,-0.010666338576843681,-0.03687429135256959
64,0.038355430965281045,0.014930723020283254
64,-0.12622071228797654,-0.16064511879645582
64,0.23251823895636098,0.2076426275837842
64,0.1620251575028821,0.1465982221278484
64,0.16442077402196348,0.13484513339803178
64,-0.05365912185042587,-0.09013608390636035
64,-0.1477543985542636,-0.17607915255178289
64,0.09462078174553418,0.06562974419417095
64,-0.034463333567879895,-0.0698441008385432
64,0.05082590029913775,0.034123405634945314
64,-0.11579831317494127,-0.14627079575814933
64,0.053533865751735576,0.0260982124062632
64,0.05066068993432238,0.016075961138961425
64,0.16874815603994314,0.13562350884305635
64,-0.06930180099552219,-0.09538897363579785
64,-0.051824508975424066,-0.08447957409761325
64,-0.006812798969423772,-0.0355714920633568
64,0.006313599650004498,-0.020829998621597512
64,-0.1512212744464484,-0.1874461509110592
64,-0.022672163691307368,-0.053407117091200884
64,-0.013601978720582109,-0.031827832141963996
64,0.09756851646670034,0.06534424131324917
64,0.04146312229820748,0.00981591654692121
64,0.12294462607742068,0.09516101312614317
64,-0.06019723161922608,-0.09543458441376979
64,-0.056162279163328,-0.07509933954920084
64,-0.0037292921964555137,-0.03745900467498037
64,0.09483249373964336,0.06744852164436282
64,-0.23749975646285076,-0.26006411504523375
64,0.13767312330176334,0.10054992702138982
64,-0.019666801288180658,-0.047753668724510756
64,-0.03152975325927304,-0.05745969497923964
64,0.10620352263872485,0.07438535901932425
64,-0.06737967298833308,-0.10037473786413148
64,-0.047171864116159534,-0.07753155473754597
64,0.02269748156184298,-0.005742269492393481
64,-0.17439307983664476,-0.19841145608758068
64,0.09101494936734272,0.06353927805908582
64,0.1290354990413623,0.09941960242654285
64,0.10917391645153435,0.07612789710356216
64,-0.1177035899129586,-0.14516056288868512
64,0.05849124182537979,0.02928698677605407
64,0.021242874937451584,-0.014804212395219951
64,0.04137721739301009,0.01277996860604047
64,-0.0028849026038546,-0.030914908967238697
64,-0.0016764411008912128,-0.024134276578950453
64,0.15402883467635292,0.12387236623018244
64,0.15315726599756235,0.12601217740069542
64,-0.061104378168460094,-0.09244518025048831
64,-0.10277265369624411,-0.1247243296401278
64,0.07653768966349084,0.03934954638336158
64,0.06277428466132712,0.028320278329910964
64,0.012177920759373018,-0.007483244177227011
64,0.0032987170840592106,-0.017510836374801997
64,0.08029473700960427,0.0560562065495524
64,0.04978496706781105,0.017619973647908016
64,-0.01060831172186466,-0.04284636504200556
64,0.1492630998051781,0.11249312075278567
64,0.05033850358135894,0.031311267738115156
64,-0.08838013427247399,-0.11257835932744253
64,0.2547250039972923,0.22741977233381844
64,0.06576266054316882,0.03586463354225855
64,0.13875313230537772,0.11339530970070971
64,-0.07901716721458757,-0.1052061965610227
64,0.0012046805882182099,-0.029657422480192652
64,0.1364935733616635,0.12287682550981022
64,0.05461613009144145,0.024097904578327778
64,0.23991298302536884,0.2088870342978431
64,0.11320613368793425,0.08615520140900629
64,-0.07932014900553297,-0.10534094900961644
64,0.2023605832194461,0.18444559854265646
64,0.05404617341652096,0.030958561121893713
64,0.011191373041326502,-0.011603901841482245
64,0.009734441256071591,-0.018318195319058317
64,0.05002412420309926,0.02526722022960526
64,0.18675411777538214,0.1659896011801823
64,0.047852393759322154,0.015495145435471591
64,0.0429773606065344,0.02994437185355292
64,0.11580413405643813,0.09396114576594311
64,0.16912191809823035,0.14036100284947067
64,-0.018028109341184706,-0.0471156887890718
64,-0.007720517825917095,-0.03868105785618953
64,-0.031030546330260145,-0.06049953387917023
64,-0.05843187221659424,-0.08292637885907778
64,-0.0403849866233329,-0.06468627890466627
64,0.12293068604743157,0.0964640051104339
64,-0.06563543359635149,-0.08982725156683241
64,0.02815153767064066,-0.0024065027484156953
64,0.07412714155376321,0.04931203447210575
64,-0.01135239397248422,-0.04380306104315518
64,0.04577254604978154,0.014820079025970101
64,0.18064474460717578,0.15584786624035435
64,0.1592662558845928,0.1246293001828192
64,-0.03766085259968671,-0.0644751861340298
64,-0.1006653013619847,-0.1247454406919355
64,-0.1249247336961945,-0.15368884654371762
64,0.030989405629129718,-0.0005293184438998622
64,0.18435370160691916,0.16619390997085076
64,-0.0071886558076094675,-0.03167362762415177
64,0.07578918955432884,0.048333894480187545
64,-0.1364432935507608,-0.15370553147642824
64,0.00025163809144129745,-0.018707214414440843
64,0.07988644579062265,0.051066847187811015
64,0.0821799343981468,0.06239012018577417
64,0.09085807555371234,0.06594546539734625
64,-0.14043992874761108,-0.16418977755225134
64,0.012554497628041172,-0.01615992884455575
64,0.26072530914631237,0.23023968563018277
64,-0.03921699075740076,-0.0751263620606446
64,0.016273485306667,-0.0036027586056507355
64,-0.08628748208714193,-0.12018087991216303
64,0.04966020607217164,0.02223695461952857
64,0.21711151051415695,0.18698915219200068
64,0.18331501551584167,0.15153389712687365
64,0.008284862669368287,-0.026658877874712383
64,0.052093948376779,0.02468890634929599
64,0.11223559725729054,0.09175436468252157
64,-0.07342063146591449,-0.11111742600863905
64,0.15888930001924045,0.13486619351120982
64,-0.03396017590896194,-0.051011555010162746
64,0.010273735329229206,-0.01881399305766901
64,0.0701019535312829,0.04279894662652045
64,0.18451251663180396,0.1618890239237451
64,-0.07179482098492268,-0.09936717129891887
64,-0.009326359387641314,-0.04183401900718692
64,-0.1222258952419693,-0.14911894019580596
64,0.0035807283949471636,-0.01816514262059321
64,-0.13097105776948542,-0.16032764541355748
64,0.08086551153544835,0.052141832510584796
64,-0.1244652847318311,-0.14978531380229182
64,0.2508248625474026,0.22478340257074442
64,0.046947689375543555,0.027207374284169417
64,0.10726221907354555,0.0795393046390504
64,-0.0024767691952256587,-0.03192529147181128
64,0.09241881059725693,0.06355370168769897
64,-0.0631132486180731,-0.0916153226006628
64,-0.12237149381356921,-0.1465093187745835
64,0.16014942794350812,0.13907842216063176
64,0.00364560098447525,-0.025804451951859764
64,0.012356974618583316,-0.015562106155168398
64,-0.18496106677843607,-0.20496855907176717
64,0.059952937332384215,0.03643903439299395
64,0.07291232674995984,0.04237982425195691
64,0.13228757597825996,0.10688468957927716
64,0.049384623188406584,0.03143282365721484
64,-0.053441316127298355,-0.0699715408575372
64,-0.06669745572897101,-0.092623508508336
64,0.045503504672288086,0.014678338490792475
64,0.0033271011079553103,-0.031951680636162216
64,-0.07853605531028335,-0.10332123640800123
64,0.05263315580775729,0.030196041397482054
64,0.082280021685258,0.04909689664315975
64,0.10733054267310455,0.07565291500384147
64,0.19288288172531248,0.15843186429192851
64,-0.14092615349261162,-0.1656432452591542
64,0.10051539453558117,0.06992414518397605
64,0.03939395532566592,0.013657722524963223
64,0.0353352879727431,0.00474967629353823
64,0.21625390386872484,0.18643458653702644
64,0.004919419414764592,-0.022746662461687328
64,-0.01795627334420863,-0.04321640867057469
64,0.14488292762755245,0.11053772410119872
64,0.19663150339390761,0.15948908219694752
64,0.026273455162135306,-0.0006886535832231755
64,0.15769427294657928,0.1252132302085716
64,-0.02563444894611544,-0.05184014298529216
64,0.27626228568856587,0.2463016748941897
64,0.05108288159322466,0.029372828598697998
64,0.08072653621572196,0.052817007727596565
64,-0.11010274191691932,-0.13766771344910922
64,-0.059926906934969826,-0.09486340658665965
64,0.07046851111860791,0.04423566014837027
64,0.04857685791811439,0.021175938058504595
64,-0.06541390157644339,-0.1010074849783808
64,0.09419179433440633,0.06135937307893058
64,-0.0405269510181227,-0.05604596726925437
64,-0.05659984508347726,-0.08459447626782673
64,0.1999239270574436,0.18117264582821896
64,0.04110682281410355,0.007271530705651785
64,0.10950956420377894,0.08371831010898217
64,0.09210721897268209,0.06855828978240691
64,-0.0020447079306031846,-0.027982904952371435
64,0.04053936759515725,0.013624699935946782
64,0.1787466715512362,0.14478925082834343
64,0.1526956837343782,0.11689915852622906
64,0.06714926585047964,0.03423860477813245
64,0.21927649244343245,0.19126698824786853
64,0.058310522471241744,0.021362948353341293
64,-0.10642799888573962,-0.14466651012776183
64,-0.08634681009989126,-0.11451833003949058
64,-0.021347368908540387,-0.04889913128429152
64,0.013005215937647752,-0.008591717975182156
64,-0.07064414109031342,-0.10430010665770034
64,-0.01903257649408996,-0.044030196292598245
64,-0.022537728589794692,-0.04520528823181719
64,-0.1360623676714927,-0.16591773820452654
64,0.010792678193726035,-0.020547601439038166
64,0.07349558359513947,0.04235849922677265
64,0.23836592760081682,0.20773907563776955
64,-0.036248812408306075,-0.0685137050697574
64,0.025100491044785234,-0.005349873291467244
64,0.01870329402762283,-0.007904507761752055
64,0.08463782461574926,0.05769071187307184
64,0.04931012933854462,0.008115999371596294
64,-0.03707355617231767,-0.05794577281144819
64,-0.10746199027506459,-0.14177174113375823
64,0.09416139086624514,0.06974401125588575
64,0.09157688306150474,0.0634926977957086
64,-0.1637460313092704,-0.19104556066991618
64,0.3155815254221806,0.2862498161914118
64,0.035839397012858654,0.011747741973475556
64,0.05723938413268914,0.031196446852434667
64,-0.03561258604617745,-0.060677821881622074
64,-0.003640107786701652,-0.029274835756152973
64,0.17047861266241143,0.14147200350892358
64,-0.07443761245609865,-0.10794129366584682
64,-0.10674708755338758,-0.13572388933875573
64,0.005467272032347814,-0.02242984376700402
64,0.17164681187942127,0.13718527719225543
64,-0.07417683910303435,-0.10388313601645277
64,0.026041882043223052,0.0012091290591516035
64,-0.11804447473406599,-0.14810236967966145
64,-0.10804297062239904,-0.13832186911755073
64,0.08418286507350198,0.05944476342363869
64,-0.03472330696541398,-0.06714674786577213
64,-0.16803458663928034,-0.19874790539169415
64,0.0461980084173797,0.02853523107127587
64,0.10131327545031305,0.0680260265122391
64,0.013132145336125889,-0.008955046289140511
64,0.033658087864448016,-0.0010538469757341296
64,0.004516071476217021,-0.0349293614415635
64,-0.06797519561898735,-0.09362153913463017
64,-0.13079095415282466,-0.16334220185570691
64,0.22442135651302536,0.18833961131175597
64,0.2562775506631481,0.2272025586314777
64,-0.008803590837167807,-0.04389431039994085
64,-0.05100651681876228,-0.07928196575219887
64,0.062838479106883,0.04204204621399665
64,0.05438235712640449,0.02884405329083145
64,0.11475170924026529,0.09515339128357742
64,-0.03803811796367096,-0.0641825883041029
64,-0.05824802228350939,-0.07491843078502486
64,-0.04702609828998361,-0.0739858989904626
64,-0.09709219403534436,-0.11758025096890906
64,0.1481350207759004,0.12947090846934445
64,0.09801573348139953,0.07499731426975736
64,0.05427670935222734,0.024521080704610565
64,0.19637978271713058,0.1717662822959099
64,0.039522589416086606,0.013665847452333901
64,0.03807687571416024,0.010946187244899042
64,-0.15812820551734363,-0.18029484189167944
64,-0.05821397733609068,-0.08296137540326454
64,-0.043578215394626196,-0.07736579625290402
64,0.10265340957919805,0.07998959283243728
64,0.011417476849283847,-0.01743112767052102
64,0.06564817754511393,0.045676998816770564
64,-0.062366313432639764,-0.0923675636434862
64,0.20415135063859297,0.17185063912499327
64,-0.10216945785695364,-0.12982032920466896
64,0.017940470146859955,-0.004428012852275842
64,0.08569911334019703,0.0597440354851011
64,0.14092761697378947,0.11285847732747017
64,0.09765405888572393,0.06839744392214764
64,0.11029977930428464,0.07644417854101754
64,0.14415654645328752,0.11428966092892362
64,0.036049942545127944,0.006861140964988799
64,0.036456196632591475,0.008981076724853265
64,-0.0186854987868994,-0.04810246365342846
64,-0.08018593227214588,-0.10991386459272395
64,0.11714746408150206,0.08587091634741911
64,0.0335866084149718,0.0026775013608151266
64,-0.1674277156467895,-0.197345111214971
64,0.23551076419021072,0.20608474522408454
64,-0.0070941765791809885,-0.034537389268424146
64,0.07531734448023847,0.041985333532638336
64,0.05194766781082194,0.010620254107647553
64,0.08196533090946806,0.06176752996689233
64,0.01324141055115835,-0.010340607473771357
64,-0.041789824215569316,-0.06938829882397651
64,0.18287293992493608,0.1573992194834703
64,-0.13971527470198813,-0.16397283709723232
64,0.0687008526061989,0.040257628401001666
64,0.23223364653050488,0.20833988935828912
64,-0.008916455208291985,-0.036098240291145445
64,0.03363403283936711,0.002653823014062584
64,0.17463596807128717,0.14297605751877068
64,-0.01521682790549106,-0.035950279944062524
64,0.005382903483582724,-0.03167398006260164
64,0.02655971633868509,0.0014117270106953073
64,0.12090213345521122,0.08472881871812404
64,0.09253242525145094,0.08107188969757112
64,0.16619614489159457,0.14281749030675667
64,-0.0779464253077658,-0.10206434683683935
64,-0.18235432577435334,-0.21462656475541567
64,0.07864431249343468,0.04872054358475325
64,0.05464060668083148,0.01645486008255015
64,-0.09254033474102596,-0.12041817804253513
64,-0.09755398091890305,-0.12377922860281187
64,-0.03662845336658577,-0.06312041569022375
64,0.12596340978351178,0.09597353235458211
64,0.00969999052683862,-0.020641773844630007
64,-0.16621154206014727,-0.19702054558657972
64,-0.023026819586252856,-0.053592247052637654
64,-0.15128884302353834,-0.1823254859395188
64,0.020313674657994052,-0.004628185102348359
64,0.19907143228247343,0.17690105161638664
64,-0.06869024959439218,-0.09484896156550543
64,0.16050253418744448,0.1401596011301645
64,-0.057169052016772914,-0.09032163003570765
64,-0.1648358841613985,-0.1966797469947831
64,0.06122685519816684,0.04026395667655075
64,0.21871783607474932,0.19306735437596262
64,0.13490767699379042,0.10612490254708667
64,-0.00797079539276252,-0.023785187559572152
64,0.1275670049660828,0.10595539916120472
64,0.03602753137841713,0.010052466668063254
64,-0.058614494967839936,-0.08757089357818837
64,-0.03916805045811833,-0.06280894839582107
64,0.048462700841081396,0.022908284536845125
64,-0.20331753913619824,-0.23641279316582967
64,0.2075904577313223,0.17843699467552238
64,0.1945162941901531,0.16281743074004756
64,0.19288697437021757,0.1619639607709114
64,0.12700981444596454,0.10146806430415384
64,-0.059652785004408626,-0.08637333953823245
64,-0.10636503130256691,-0.12956467075494166
64,-0.06693458203402636,-0.09902176465240348
64,0.033313757017251755,0.0068281130593007555
64,-0.06932324671237278,-0.10273748633297303
64,-0.11716404062917507,-0.13828301641779567
64,0.0008556333969322316,-0.02894643790952789
64,0.04738627500692827,0.013098974117244033
64,0.27968085121827974,0.2446921236169009
64,0.047838319540419894,0.021084519679209712
64,-0.05497308730168887,-0.08753286129469606
64,-0.001476460155663939,-0.022510403847912197
64,-0.019012310490213458,-0.04854731969896481
64,0.05847046254260341,0.03068655059069042
64,0.11447400454988793,0.08658897819019368
64,0.21387006022071048,0.19363716158380923
64,0.07545643398718505,0.0461114437290287
64,0.09076343333539277,0.06434115787288158
64,0.24859868849871564,0.22388643588614526
64,0.06170167418857492,0.032925254907578194
64,0.013077217664782315,-0.01607686777982953
64,0.16625607399349468,0.14399579472600216
64,0.11549363886764435,0.08824523295010328
64,-0.006606088988506509,-0.0412566670112709
64,0.13557261348760147,0.11133225610828529
64,0.07201714981986623,0.04860060309426212
64,0.04362669533169772,0.01585702834927133
64,0.09339990322338582,0.07190401286291442
64,-0.10311247417930791,-0.1263791425768489
64,-0.16606192121145197,-0.18764989398476117
64,-0.02458815719738988,-0.05523343012590293
64,0.08499250786992013,0.057775863281075424
64,0.19547361043404737,0.1651696617073119
64,0.04897690006247829,0.015382408896527477
64,0.10140320470244996,0.0707471529513447
64,-0.04992009407932352,-0.0756892394863245
64,0.10851482605708346,0.08208354186452488
64,0.25819338017417953,0.2311697088188221
64,0.10643599351662819,0.08097397107170129
64,-0.13172421570939147,-0.15686150466695065
64,0.14594725483966492,0.11034457423489791
64,0.025169977305575464,0.0021032865232155085
64,-0.014127512971412792,-0.04911208116137167
64,0.07372235189478682,0.0467578638211224
64,-0.25135632185971113,-0.2722309112145779
64,-0.06606334965321098,-0.09883208313835262
64,0.07388211283027873,0.03972418706669284
64,-0.07539406204731958,-0.1130456805021216
64,-0.111545159072027,-0.1397228886725917
64,-0.011454968766143103,-0.034218741950729104
64,0.10979450034691068,0.08361732698472196
64,0.15563693909325332,0.13188555589405798
64,-0.12552273170018274,-0.15132753734761956
64,0.08575283867797306,0.060903195066514315
64,0.04064908030784464,0.009752846777846214
64,0.009981276627681779,-0.017877473154320256
64,0.2857721533349385,0.2639814578367429
64,0.10442803996617894,0.07104872503912246
64,0.12805897659187299,0.1016740230878615
64,-0.07657689871633477,-0.10052800257355671
64,0.09852169252989146,0.07055356419745423
64,0.022718717226813567,-0.011652341350617434
64,0.02799494891671911,0.00874343147981782
64,0.09071260476328663,0.057180790438888573
64,-0.06455704586965771,-0.10217097516744406
64,-0.015551070856394955,-0.041120651253756746
64,0.10062892769980208,0.07439257730683446
64,-0.006214326299955941,-0.04604466557648407
64,0.05131749650877476,0.02239965092714702
64,-0.09578775916848459,-0.1314620858485957
64,0.00928568435430177,-0.015225130426461786
64,0.06758498383440209,0.03905700320488176
64,0.13533726452498857,0.1009396463415066
64,0.10464819472982406,0.07452626424391673
64,0.023926025832246012,-0.0022450570723034913
64,-0.07148421809925909,-0.09526998637112094
64,0.017751159264371374,-0.014101205806197614
64,-0.06042250479771094,-0.09258104256737681
64,0.0191091838085114,-0.006105328959168155
64,-0.07726464836407076,-0.10332499690603864
64,0.046850503507046504,0.026405599847653283
64,0.13975062923355558,0.10287317410344127
64,0.01391750035407785,-0.01943097842280206
64,-0.12026862641834046,-0.15018852748470024
64,-0.17297430660584612,-0.2021849562719564
64,0.11368329873681932,0.08512908697052918
64,0.0652928759656009,0.042424788352103504
64,0.12737586044447696,0.10233118356236398
64,0.05988293979302928,0.018489705065457274
64,0.12115704001072186,0.09095287288275927
64,-0.07922025757707618,-0.10542739347058716
64,0.13674559043392226,0.10917230088403868
64,-0.19622668702943935,-0.22102583891554253
64,-0.03951914774703047,-0.06380981063232655
64,-0.009676123879488685,-0.04191249553877929
64,-0.10249132205011519,-0.13239284597565842
64,-0.12514440925162923,-0.1612407430291808
64,-0.0005044058024040177,-0.03269330976626683
64,-0.05247967317894259,-0.08470199792918637
64,0.022417298011543907,-0.0013007486687304226
64,0.15780435141685073,0.13916488895717
64,-0.025023142107746643,-0.057905329544263806
64,0.291797727689797,0.2691571343907631
64,-0.03580922587438623,-0.07117711851474301
64,-0.025039259492376065,-0.05546513105789752
64,0.22303787218432908,0.19548606575801547
64,-0.12063723432236984,-0.1484867389859576
64,0.07366299158455158,0.044504900845187156
64,0.10779109387939062,0.08115772874459898
64,-0.007056210558228582,-0.04294732125548112
64,0.03957419756592828,0.018950019545945385
64,0.16763283408192603,0.14386443172888846
64,-0.013757857004129181,-0.04129017975520338
64,0.19530344330705224,0.16814651924771268
64,0.14073587899438394,0.11870915734137405
64,0.1350753881268208,0.1034215918375046
64,-0.014226751780059055,-0.04502043412589973
64,0.12298363729794332,0.10079388133160222
64,-0.02209556277470015,-0.0494050680558028
64,0.03719708709945668,0.0022707876828640394
64,0.2487336495953381,0.21939228914608572
64,0.10179852633961622,0.07077249111921913
64,0.128127312974401,0.09703336565535498
64,-0.028393605971229086,-0.05146994436517682
64,0.05954231705123647,0.0332928156795933
64,0.08224173963500864,0.054516379456418185
64,0.08968167915459585,0.060718896234206454
64,0.018312892889867594,-0.012609826845441263
64,0.17862654583903342,0.15560646554329532
64,-0.08334669217318702,-0.11097166231066835
64,0.2566695766254358,0.22422638709019022
64,0.009017567518461334,-0.022927968269915555
64,-0.107303265531497,-0.13009868623360293
64,-0.03274434464000381,-0.06437937017411954
64,-0.07444880901942441,-0.09927225823261426
64,0.13421748312253928,0.1042738142106398
64,-0.01628998133913656,-0.05637121827960556
64,0.06119272911485385,0.03309613022100333
64,-0.037769471028188895,-0.06829372780718113
64,-0.07446195033070024,-0.10681818181774538
64,0.09145678753542946,0.05609306940890668
64,-0.002366593885607393,-0.03247910373455987
64,-0.18977476152427586,-0.21828114912647548
64,0.16866445178189698,0.13683053151247454
64,-0.044278080848018875,-0.07656328851975347
64,-0.09115243621167485,-0.12786855403648212
64,0.044226722881438196,0.02649492256125424
64,0.07993901381802992,0.053148345090576254
64,0.045880676248666985,0.01140714747677607
64,-0.05824392814775187,-0.0896122760218181
64,0.04721042855460089,0.011985905044275214
64,0.10704309609121226,0.08172178012272485
64,-0.04327841177546571,-0.08219157502128116
64,0.05774968616139731,0.027822837223075048
64,-0.2140931603625337,-0.2446424423396515
64,0.15606798869879107,0.13122905796846523
64,0.04252815839491286,0.007515909838467116
64,0.005681730957563025,-0.025954965287270926
64,0.1916439986760185,0.17017176345818813
64,-0.034012851656261334,-0.06531076444646439
64,-0.026828421767037314,-0.059706181127100966
64,0.1693617197311436,0.13986859931560985
64,0.006122951882878369,-0.01355459375886009
64,-0.10527823673774522,-0.13540335166444095
64,-0.015294781408296099,-0.04288493859326986
64,-0.0172008828287743,-0.03567924716091081
64,-0.21967157987281585,-0.24122357661859148
64,0.03822737943803112,0.007493061721380867
64,-0.11973681282198534,-0.15103660960180626
64,-0.0661893347846747,-0.09569159736228239
64,0.018960952623450655,-0.012944504342166763
64,0.03246665991934339,-0.00045557961888104126
64,0.07944078266388549,0.053832897989951056
64,0.2002245994159973,0.16666340584820222
64,-0.08796967788541565,-0.11829787104876055
64,0.030517234320311948,0.002964956977856037
64,0.030089915369492515,-0.00042154074292949373
64,0.06170665918391932,0.0350617781368503
64,0.049569374611917294,0.024789009129445483
64,0.10500598815981027,0.0711256781377757
64,0.04838564242669907,0.02904565811795612
64,-0.1170249191245134,-0.14251200174008116
64,-0.11855288499602346,-0.15167425102272714
64,-0.0504185733789575,-0.09115825392532567
64,0.09331339387932464,0.06662428388262076
64,0.09591406180692003,0.06317107498392016
64,0.08871325136836411,0.0632873610397045
64,0.09228105732207897,0.06478398693243426
64,0.12186534704568902,0.08540059276049033
64,0.13378288817593637,0.10694802801267106
64,0.04118481844667665,0.015767436030637738
64,0.023413959901021797,-0.004203300698953527
64,0.2435292625408793,0.21913506204536054
64,0.04749290166283504,0.019385469538753364
64,-0.035166720624180525,-0.06294105285154478
64,0.05150767882920532,0.025396065116430888
64,0.1786077968211141,0.14400879767166047
64,-0.11641955691229255,-0.13784512462434628
64,-0.003391851687779668,-0.026494931806996747
64,0.05139480345691877,0.01865541281984745
64,-0.03579859003514846,-0.05994133487362513
64,0.13739541095528823,0.11127880895132697
64,0.05579687070304651,0.024483781614459132
64,0.10195464520134484,0.07879804154369568
64,0.06788440524408312,0.04085177349947622
64,0.037945746027513105,0.0010331497818929503
64,0.009942070860497088,-0.015844497301595428
64,0.30668301957010996,0.28477858715449694
64,0.15379183773620758,0.12348269309065524
64,0.19273434105992887,0.1639502829397546
64,-0.014300898184984312,-0.04168164864217061
64,0.16588604086141961,0.13443417645146588
64,0.056784609295330524,0.023846258025839562
64,-0.0741208974725921,-0.09672331325435013
64,-0.01679283192627723,-0.04946221167057224
64,-0.046852338958838446,-0.07681521841348349
64,0.1363104159146648,0.10933041671600191
64,0.0426017485099644,0.01623325492465677
64,0.12235700779117692,0.0997430428182206
64,0.001536502339331669,-0.034162754102001314
64,-0.10090619239261328,-0.13943260087690212
64,0.07220703983491955,0.046688831073203374
64,0.1429251569094891,0.11715077651268962
64,0.1694618280169154,0.14294159692296077
64,-0.06800326916285626,-0.1012989693802906
64,-0.13009900784692563,-0.16523154226345266
64,0.061963070765365225,0.03512382841272782
64,-0.018363426162751495,-0.04390026701749755
64,0.1914986833613997,0.16224396081873388
64,0.008699856418272478,-0.01291595800437323
64,0.11275413476082025,0.08615391824828295
64,-0.13054464723266657,-0.15818149888068556
64,-0.00719555825091267,-0.036093711635353465
64,0.13796180147885112,0.11461261470705003
64,0.14861509757990615,0.11631358598575264
64,0.07810621436324444,0.05982381507511436
64,0.007115624229310891,-0.018308097287673075
64,-0.0868751431272648,-0.1181895082090687
64,0.09794023411134573,0.06430233901175125
64,0.0958714015628917,0.07012574379705278
64,0.06123403919758552,0.04116066149351261
64,0.04277753631303144,0.021146967295193386
64,-0.01685893160228158,-0.049638337624890894
64,0.0459795867426227,0.023902404184131476
64,-0.07925004247008238,-0.10722838684521452
64,0.21753505849238292,0.18973229296303012
64,0.1452696790400821,0.11653072337007103
64,0.1884613110823961,0.15315116307496562
64,0.07153705232752877,0.042719644726359085
64,-0.04248159156576847,-0.06996386876488159
64,0.05712885220656422,0.039980164733313894
64,0.02100119524097882,-0.010726781854688228
64,-0.027914659012611198,-0.05146945347605392
64,0.16755587628037044,0.14278514573517137
64,-0.18241682867110753,-0.2061233589327592
64,0.26077527291811226,0.22679114246128557
64,0.009459115231257698,-0.010126741986176857
64,-0.043995164848270873,-0.06957184765978774
64,0.08809255212647521,0.057739721813904354
64,-0.123175065285559,-0.15089774292341235
64,-0.03827139249555095,-0.06403444834346139
64,0.06800102432220889,0.04487919976012106
64,0.045308090841949034,0.017346591997004335
64,-0.05663952975065517,-0.08347874481642431
64,-0.0005065310828422098,-0.0262909967481339
64,0.15385526367329178,0.12834816000365207
64,0.048275981485869424,0.017451762506012047
64,0.0947633342971988,0.06451712509005536
64,0.18953996893138486,0.15316767892578903
64,-0.08420492637368898,-0.1105158044296391
64,0.08579838697741976,0.05833834261950843
64,0.08938697294877646,0.06459403663422897
64,0.045979967009180556,0.01873910099450765
64,0.02817723873931488,0.004046156463825223
64,0.13942893288807884,0.11734867036093083
64,0.08947062448227922,0.05756049506424643
64,0.0370545801390858,0.018769686170222788
64,0.05216384422049669,0.025099673796635913
64,0.16828323870355893,0.13459445657942687
64,-0.16254062754672433,-0.19204330345077272
64,-0.10585654402926742,-0.1322648305492905
64,0.1296184108352058,0.10243122237050867
64,-0.008494361870477918,-0.05215140874664831
64,-0.005516860476071139,-0.026726172389268832
64,-0.10704982677662062,-0.13949086026737723
64,-0.16682995696774505,-0.19444685367953587
64,0.07148822384115971,0.05332379401201354
64,0.004302969359906983,-0.023913290058580283
64,0.1872534931615653,0.15685590801400523
64,0.050755567631321497,0.02295676019970938
64,0.028562011386322028,0.003585137472319977
64,0.14095419944362636,0.11278194672757319
64,-0.019402018153311107,-0.04593065459161094
64,0.10568319582586766,0.07795925708140772
64,0.0693722535402933,0.03802799628137793
64,0.10375055055153698,0.08198528715516423
64,-0.09222919165289861,-0.11934997097709105
64,-0.21764288888939545,-0.2446206527198033
64,0.01922859660054821,-0.00762437858157522
64,-0.14009418027380677,-0.1664167696746866
64,-0.08648532156963679,-0.12227856798626241
64,0.19237929285365202,0.17138884097768653
64,0.14883794618167584,0.12275673657684966
64,-0.11285254568831676,-0.13939515133595026
64,0.009705974865775402,-0.02793631097177285
64,0.151049677608238,0.12393405096069182
64,0.128662155476078,0.10080756178546707
64,0.046501224812757314,0.020033458225524103
64,0.0929965476638705,0.06432530454113172
64,-0.27698788129275353,-0.29796086778515807
64,0.10460545534632598,0.07610606332701775
64,-0.011246653617944913,-0.044998559561771956
64,0.19513085760171162,0.16383669266216966
64,0.08454838042957852,0.06721489017700849
64,0.04914319151772367,0.020928734794635195
64,-0.06416862280519708,-0.09192222507922293
64,0.024501240495646892,-0.0033602195466143625
64,-0.03805044640693578,-0.07074424940558671
64,0.007653520015312221,-0.021740812121684716
64,-0.11460027215241642,-0.14547370166113344
64,0.19688957512836708,0.16459003130077604
64,0.008409745701399074,-0.022544031653041252
64,0.07542752932033453,0.04898347304725542
64,-0.18168723976903944,-0.21258265127998238
64,0.010198453192464707,-0.023172622228164574
64,0.16617319804617675,0.1308936405065853
64,0.005760556191165445,-0.026691069226618847
64,0.06617093358826615,0.04467787210434482
64,0.06818672401446585,0.038531652807806016
64,-0.016466233551121368,-0.0565521215275539
64,0.0016095708073155524,-0.03484851663057653
64,0.04276733385481951,0.01330014820013059
64,0.13960321260061442,0.10949663786805702
64,-0.06687681959572006,-0.09421723953019517
64,0.24864384137427514,0.22159580813733032
64,0.11698103328305715,0.08808951633342438
64,0.12281821019344358,0.08839333689315493
64,-0.06594132222397381,-0.09017937240414486
64,-0.07355095410463836,-0.10576855312004235
64,0.06804352257968088,0.042971174060066564
64,0.09232728480859403,0.0538738170450872
64,-0.04117905238138303,-0.07192655220656524
64,-0.15585117529048675,-0.1781873341000309
64,0.12498387238455216,0.0998969470177587
64,0.11287643095644878,0.08686861839749799
64,0.32398854960559526,0.30289692005103824
64,0.004935976264095088,-0.026931848620987686
64,-0.2076231941177484,-0.23718288742852958
64,-0.16276819669705045,-0.19205472651979288
64,0.03094121598649946,0.011047784888530476
64,0.0022292532687120947,-0.02456680194881855
64,0.3268909647114377,0.2964605059185172
64,0.008981698187341347,-0.01849282150020498
64,0.017341484328723955,-0.009363609615326673
64,0.13995197001264265,0.11123062669355427
64,0.07109321921489853,0.03335435892767741
64,0.022384836184141388,-0.002925177035548898
64,-0.03151516887236783,-0.05516479513591621
64,0.13051398978275236,0.10442118256853211
64,0.04662306476421524,0.019468364774180902
64,0.12381298417463277,0.0939497739196285
64,0.05420014627456843,0.019080427399598587
64,0.20821424554660423,0.18515694312567282
64,-0.16102539530061544,-0.19152680501504024
64,-0.09929625344860138,-0.1345196226753319
64,0.1228580799025843,0.0914061316526314
64,0.024452327143167307,-0.01555396475456633
64,-0.07052433435328304,-0.09840618092303427
64,0.19887812563074908,0.1804925629030239
64,0.03888333136063915,0.007743128090619056
64,0.02408664683156375,0.003970031491440984
64,-0.07599786122625968,-0.10546463743428014
64,0.17964380144904096,0.1538604913733141
64,0.1675408587788721,0.1354040559656578
64,0.13078312111697016,0.09395745278374529
64,-0.015351236585295192,-0.04369330487146489
64,0.06602452732358682,0.03514086242016362
64,0.00396228124951109,-0.026494492163006256
64,0.22606282538062233,0.2002810972279649
64,0.032660014483606614,0.013697667392771729
64,-0.029290276192486975,-0.05385509365022634
64,-0.10510703692696693,-0.13395072423782534
64,-0.023014195598282827,-0.053486903667823604
64,0.1068427940852838,0.07292170895802508
64,0.11437139840579585,0.08801573049373085
64,0.027607997295671927,-0.002488694840446337
64,0.1233027643227172,0.09838160033795257
64,0.0036481989373094437,-0.029429730962797218
64,0.11794878451892782,0.08841823123939846
64,-0.08324727876754223,-0.09904398727099217
64,0.08087747653312288,0.056874580477088876
64,0.11497973262752387,0.07982971214896589
64,0.11909596868042877,0.09271020410042213
64,-0.08921001058007572,-0.11702735525821972
64,0.06268862943511977,0.031296182815086504
64,-0.09497443270697281,-0.12137544524697003
64,0.097428761460216,0.06729963392571109
64,0.10916718142436238,0.08245456196919004
64,0.0607812535386798,0.03356784162092269
64,0.0007223340991119875,-0.04015541221138913
64,-0.0035772818109305327,-0.028385942577430878
64,-0.13399801128697708,-0.1566128157067238
64,0.017281891273373984,-0.013821512682839154
64,0.06176891160889225,0.044748062155211266
64,0.10334198417212942,0.07434597555603628
64,0.10295301531595186,0.0796147704288866
64,0.17895329167128787,0.1465558081309119
64,-0.16067331581588884,-0.19651867397442455
64,0.1364241614021096,0.10395616795611767
64,0.0026300189919274963,-0.026668419292406598
64,0.1329016318396749,0.09948052105334343
64,0.011654697748009313,-0.02211820389090946
64,-0.13716515380226235,-0.16876156710611379
64,-0.09291298188890129,-0.1201088313450569
64,-0.03415547229745958,-0.07201302770620865
64,0.16731416929389126,0.1465315794488063
64,0.1739386937309872,0.15782936178588586
64,0.09114364063789698,0.06358705585896202
64,-0.034755009137401593,-0.0634351188579852
64,-0.08188655759886981,-0.11157415194811499
64,0.13159312129917372,0.10556677289134392
64,-0.028619882464448243,-0.04956376953917202
64,0.026710508382845777,-0.005982295176808039
64,-0.07169466498934196,-0.10595171023190836
64,0.1330265754842926,0.10711558760531753
64,-0.07003963088672271,-0.09265878238750724
64,0.1275747666497154,0.10760764201403356
64,0.004410467104008775,-0.0160807052798132
64,0.04356812532112725,0.02314331112743445
64,0.13843777503617033,0.10760560467431252
64,0.10153540239435094,0.07622671682236398
64,0.09740225349909654,0.06660705733610778
64,0.24710590190226273,0.22770350336268025
64,0.09610268677415562,0.06958867551832415
64,0.01487088875011866,-0.010421214501520115
64,0.03660920297794257,0.01622503498773009
64,-0.01810605793508946,-0.03278552504582127
64,-0.0300332286161879,-0.06880962059514545
64,0.08036045327053382,0.0603439558409532
64,-0.0029929763843900004,-0.033529684425394
64,0.007716834102709291,-0.013312378261086999
64,-0.03062895465914317,-0.06262461118469814
64,0.08809135508074267,0.06143110404904495
64,0.039450433203013224,0.00937569032379948
64,0.10740891758106769,0.08366954795135678
64,-0.02903805676983262,-0.05303156340411724
64,-0.012959368067514243,-0.0409530935933195
64,0.02314173578547435,-0.0063634260473517945
64,-0.1613382813620639,-0.18941479907876463
64,0.16007589130410443,0.1282134922540305
64,0.16306186087400737,0.13450341047706144
64,0.056189171192977616,0.02393371618230755
64,0.2564536441619733,0.22819872074987063
64,0.1858012041379497,0.15391928624526513
64,-0.020723092641497853,-0.048902906991239226
64,0.06778113065177632,0.029935502161464567
64,0.11136080312466029,0.0815194474492657
64,0.024626259414501195,-0.007683996618851552
64,0.04642271780114143,0.02339027620609302
64,-0.05483247022050608,-0.08216875028338588
64,-0.01351171408602575,-0.04459251145907933
64,0.10356689625814691,0.07223997123412262
64,0.16212520064771113,0.1334003478542673
64,0.048276104284417753,0.02029777312970238
64,0.035827527245218704,0.0026144237476022347
64,0.029950950812714316,0.0005049073593478282
64,-0.07464097352155474,-0.10585717095589275
64,0.18268649732989511,0.1560940359835254
64,-0.16751055016095362,-0.19670943824310294
64,-0.20181285485093248,-0.23344083829457163
64,0.1150193028135012,0.08462257751388763
64,0.00872822756125391,-0.01102633473365211
64,0.23133013171763633,0.20491919939106046
64,-0.18923267113596667,-0.21443834996812014
64,0.07185250201473564,0.03810014626474639
64,-0.14351157049584556,-0.17068421864107639
64,-0.12473487765186264,-0.15869046012589838
64,0.11606287406979804,0.09267537556463828
64,0.0021264467241908225,-0.030810335655494014
64,-0.024913102684639143,-0.04886830758170052
64,-0.041521717600012886,-0.06228200716269794
64,0.08318034674951985,0.054554768364295625
64,0.07283471948921422,0.05436993714611443
64,-0.019105355648256106,-0.04086117783651816
64,0.17865024285384584,0.15830489121886154
64,-0.0653561664559576,-0.08323021364311162
64,-0.1304512410972687,-0.1676182814050617
64,-0.088466446290494,-0.11388657748452308
64,-0.11052819525086865,-0.14349419631509341
64,0.047259884740371516,0.0165566254380613
64,-0.019032935532030837,-0.04565905460733888
64,0.09571847874090694,0.06918533881320194
64,0.09824372677248255,0.06717817634786005
64,0.00063441178428425,-0.021701409468527888
64,0.17976993096816024,0.1478599859462843
64,-0.059531240849009515,-0.0933065750291639
64,-0.006747921242611754,-0.03875682105466233
64,-0.03578728286898608,-0.06868224056934008
64,0.23883129480126503,0.2078568008516089
64,-0.052698144044215633,-0.08063204836491272
64,0.12707328230599207,0.0976997804746143
64,0.02387085143488865,-0.0017248338326111279
64,0.06278116185660998,0.0234344009853647
64,-0.06332064058863995,-0.09305585931445026
64,0.07165698789550823,0.044616213149325845
64,-0.044209612704222634,-0.06360262882782564
64,-0.041178838273864704,-0.06250398054050332
64,-0.20087394820932747,-0.22497604242078992
64,0.04507344212455794,0.010445686996758463
64,0.19586513518075283,0.1818977217446655
64,0.09632980587809276,0.0778718480312931
64,0.10083845655249274,0.07444536504284122
64,0.08588320202258032,0.048219658396201404
64,-0.08304797047487605,-0.1129953051561064
64,-0.17164158821603417,-0.1893994174257841
64,0.12233773934458209,0.09185829505491155
64,-0.0786472974282571,-0.11000578006473666
64,0.06910655594761661,0.04296584351050764
64,0.07746379817731008,0.04646707373407627
64,0.05705408083489466,0.023006413284085203
64,-0.018250720329306136,-0.047117236291593145
64,-0.02071645147994694,-0.053378823206137904
64,0.18662671026591277,0.1563285494357401
64,0.07451318688325775,0.04203653136775082
64,-0.1682796223630854,-0.19941949085794614
64,0.21591504139455903,0.18088619319677873
64,-0.08798460022945748,-0.11701436141929883
64,0.21965126590684464,0.1900530480931742
64,-0.06680425697254977,-0.08468839261504241
64,0.026983465213825164,-0.007358175707837644
64,0.07040925215340182,0.04729323139827446
64,-0.12058621860862273,-0.14563131969080434
64,0.06398502250638072,0.03962640679138213
64,-0.0023579244391542242,-0.027554517586735938
64,0.12823359515359306,0.10008524582674111
64,0.09197155646624083,0.059491098484082794
64,-0.07850216178406066,-0.10422346220116319
64,-0.06369896047337564,-0.094117556280995
64,0.19273554144112087,0.1674986277469282
64,0.10123125888467827,0.07323546349793358
64,-0.053008447996927444,-0.07723139903831694
64,-0.12761954341173726,-0.166339888455173
64,0.021475558209135437,-0.011107772087344148
64,0.16626824407725277,0.13925633856197522
64,-0.039148073703349884,-0.06430695118433666
64,0.08884926726246184,0.06357034932620464
64,0.047139662546473116,0.023040354842469357
64,-0.041184863261658655,-0.06728744580328028
64,0.047905107017315984,0.014256160275656016
64,-0.021626468643760777,-0.046448807105838874
64,-0.035259942902329644,-0.0680080055588585
64,-0.043828584169029294,-0.06696552865775701
64,0.05377606551353431,0.016930866234236175
64,-0.06290882200083542,-0.09190428186580085
64,0.19000239670168567,0.1576309286592092
64,0.011660792838401157,-0.01567114906019218
64,0.015642042051566052,-0.019778205583530273
64,0.0775949248860675,0.048191852072022645
64,0.07983177150158544,0.04949501755955249
64,-0.2769646645332663,-0.3121002708908819
64,0.10592578506414657,0.08232761651231951
64,0.07009245860605018,0.047328962895925475
64,0.04080377304847771,0.005755193580356255
64,0.03361029602032972,5.466684341065564e-05
64,-0.015266401920839001,-0.040063654569996665
64,0.017977785045875605,-0.011711329106644519
64,0.012820369477160531,-0.012857566329885495
64,0.05526786266476935,0.03126869262142251
64,0.024188722981729915,-0.007051381588492778
64,0.012932728059319665,-0.01944648763561041
64,-0.014406952292924269,-0.0504457083967535
64,0.035709737261625185,0.010384212715714658
64,-0.03244666516383121,-0.05842115555398786
64,0.17751929728201005,0.1529052683029824
64,-0.014699555736020498,-0.040307272774478764
64,-0.1074329711127136,-0.13030351785884148
64,0.0139900937421501,-0.018698392463522173
64,0.02982924486990146,0.00482770062545268
64,0.12450559488803908,0.08776188884662989
64,-0.10529859549868253,-0.13245336880099273
64,-0.044314900729900686,-0.07715783053757863
64,-0.1407171694002659,-0.16464093204375302
64,0.15714229098855542,0.12617021355172647
64,0.1305013347167499,0.10713585157873756
64,-0.06222709348110589,-0.09086899506552021
64,0.09442440853913397,0.06418464524579881
64,0.01817037455729298,-0.0032195670984144775
64,0.13993235284509736,0.09600705010100291
64,0.07209599956167045,0.04134034875320752
64,0.050700432598919376,0.023142831662104124
64,0.15311024068118212,0.13247374964936448
64,0.0017597099626301405,-0.020507009628294437
64,-0.018871811955978868,-0.048751116933895944
64,0.09465032445865523,0.06158097874005475
64,0.0308859526938724,0.006901606280000028
64,-0.13783881431669387,-0.16461257288807574
64,-0.03003181637905733,-0.06397427922150367
64,-0.01703530315179297,-0.04117040321504695
64,-0.11946695012181924,-0.1364115374610994
64,0.012578638036206347,-0.017927682723399674
64,-0.05590565882539611,-0.07625770614620658
64,0.20656666488402747,0.1831550322554562
64,-0.08098767409001145,-0.11208029856697682
64,-0.06406272248727102,-0.08949052047119682
64,-0.09754106011536112,-0.12703698743322173
64,0.021351408873364452,-0.005149381868704284
64,0.08932568635307508,0.047174718273887806
64,0.2712248658538868,0.24609242536479065
64,-0.1756674008782942,-0.20705084885934422
64,0.04503439073657589,0.015728668649981348
64,0.11900268645221806,0.08810379731783707
64,0.07723832586067786,0.051331003724467805
64,-0.0005800134857972261,-0.02718607445923077
64,0.02267603973845933,-0.019835107609057823
64,-0.12039948243517912,-0.13965052215411772
64,0.2140044201447036,0.17850757369216402
64,-0.07586632840862811,-0.1145562890507612
64,0.07355160440154312,0.040483206768058166
64,0.1480813186412347,0.12588289762480614
64,0.006062790290877196,-0.015787129126933308
64,0.29312053566560065,0.2659553694877555
64,0.03193283851830231,0.008267108764808184
64,-0.034553112935446106,-0.06617647366661789
64,0.03141357043152865,0.0030523617193832786
64,0.1099939799277247,0.07543375716709011
64,0.0436821071206861,0.007589101607918425
64,0.14797687756558092,0.12242711649934529
64,-0.10580784485904321,-0.13063538945320474
64,0.017876156829867484,-0.010017224632379751
64,0.006952889859437483,-0.02141958154225071
64,0.009676180341434415,-0.0053559012717241394
64,-0.03453106492298108,-0.06699619804369877
64,0.14644374332561666,0.11442388831576084
64,0.09304445298532366,0.06976019999681193
64,0.16972631047315806,0.13320198379405696
64,0.03355647534852868,-0.0029114370226094866
64,0.00546634505658633,-0.017085999217539394
64,0.13574898255802642,0.10166001227601823
64,0.2455356126140677,0.22167183589987277
64,0.19864144384303134,0.17042640660204683
64,0.027582493403616293,0.010237085067836715
64,0.18554239012304036,0.15423546292748508
64,-0.05352963411244599,-0.08459179236795877
64,0.013462014850418869,-0.007276019229048802
64,0.1535114981249271,0.1297360336411944
64,-0.034629063025375106,-0.06256539388803783
64,0.042918489368996005,0.01378215055696963
64,-0.04624311065668918,-0.06558221379068846
64,0.03187366455256091,-0.004790250328527201
64,-0.03050725673128868,-0.05759826944229107
64,-0.2882702635513571,-0.31273706610254515
64,-0.30731995358329967,-0.3289088174818827
64,0.058642205918678136,0.028810320815366552
64,0.10705845840953737,0.07523669386699117
64,0.21104470590694796,0.18791948160089295
64,0.07729877831284593,0.04363027960070509
64,-0.04858593095396574,-0.06957385746013156
64,0.04998560933638285,0.02006523507174568
64,-0.03474868843802653,-0.0630749962092299
64,0.013012729963411407,-0.018616206900136323
64,-0.04606887079934707,-0.07540883064381176
64,0.023475340226061014,-0.004621766243271264
64,-0.0797389646245038,-0.11792955014363932
64,0.11305752743669523,0.08941925795121247
64,-0.1457449148143808,-0.1753538196354541
64,-0.0035159397473173426,-0.0325303388243523
64,0.01238758763681791,-0.014983110117700538
64,-0.154436257453532,-0.183765155824079
64,-0.007266315830257386,-0.04019272016618036
64,0.031368857627705915,0.004580744063795994
64,-0.0740233954964925,-0.10313310724074792
64,0.0477187282000599,0.016221876062145424
64,0.09006105074324416,0.06044676667025245
64,0.22268625911487622,0.18967063510543553
64,-0.04118115125768185,-0.07239099978575558
64,-0.07313073816808463,-0.09983622043574697
64,0.17052638471559417,0.14297091497949305
64,-0.1689058761753045,-0.18972411039017284
64,0.10718924174868255,0.0833488019944641
64,0.085450373310417,0.05412412408471645
64,0.028458925584737393,-0.0016384902870500984
64,0.008474169459684044,-0.02012955572203967
64,-0.06003243985750045,-0.09254654142812402
64,-0.07327285965589897,-0.10333194076736879
64,-0.04622329830618088,-0.07136034370632205
64,0.08933073999353852,0.05256160357864609
64,-0.011283658136036767,-0.04234325451430904
64,0.08414084937181582,0.04860100382960414
64,0.06413444513643635,0.04188796583679977
64,0.042189455412389554,0.01047161207637548
64,0.0014673736446779162,-0.020268395891451796
64,-0.02320955938023489,-0.05257357316511513
64,0.17652205700598295,0.14620561469964694
64,0.023310026013736884,-0.007725232554781747
64,0.125586885056376,0.09312633433283929
64,0.15710247057858212,0.13346342486825652
64,0.07978770545356595,0.05217106600873761
64,0.14732192558747975,0.11943317323359731
64,-0.13115104545319167,-0.15703246607749516
64,-0.10204256256376693,-0.1300106856466408
64,-0.004257183023962274,-0.02904796942753385
64,0.024304005096284886,-0.010903224134413969
64,-0.005136275356094899,-0.03275945924820456
64,0.05796236577772218,0.03380860762100707
64,-0.16191463750944207,-0.19140469214392045
64,0.09162894040196018,0.06380630595785247
64,-0.021913647581042306,-0.044069427509225434
64,0.012251191923064952,-0.010622277920556533
64,-0.10429077891344768,-0.13040526844692213
64,0.16215146015042953,0.13428658421313527
64,0.00486549081444404,-0.018868283195730973
64,0.11378408301862813,0.08802069854821742
64,0.010916394264213036,-0.020742417210426467
64,0.08789145192901388,0.05671732827993514
64,0.056035324654639285,0.019900354341845283
64,-0.02682110988749753,-0.06044388649010363
64,0.020103396260545248,-0.007533031258760703
64,0.04782034598943824,0.020036279704989057
64,0.12443027838431214,0.09952496557718798
64,0.16338330795561956,0.13470254193118064
64,0.0018679455739130657,-0.017089396229765408
64,0.04375607934185033,0.021960860676422556
64,-0.039118437073367984,-0.07285965252043974
64,-0.09805635974646393,-0.12024541726342297
64,0.1438264581186452,0.11348042590921242
64,-0.13651859308087172,-0.16755361179322392
64,-0.02476656315904152,-0.05878838274363496
64,0.2249725626069235,0.194146980873737
64,-0.017087302011820904,-0.040610506990801265
64,0.4078759893800555,0.3821962734047713
64,-0.040514925312699235,-0.0735369712265253
64,0.02773853308370916,-0.0028901312298823534
64,0.017073321711615852,-0.007265334520769884
64,0.04110059211157363,0.007977664836264053
64,-0.02027286188523869,-0.057899127678901874
64,-0.05892740638701416,-0.09259275857122451
64,0.005116511855102368,-0.02791851990689348
64,-0.034070517900098685,-0.06969908683974091
64,0.18465999183796705,0.1516405858924595
64,0.20549005159346195,0.18252694539432673
64,0.1289496240162729,0.09941189691329871
64,-0.12855847775486617,-0.15796179491369983
64,-0.05986823491817406,-0.09016187618597826
64,0.3279346959814881,0.297100819724015
64,0.24535139780290166,0.2251557989887804
64,0.05268977160072863,0.023873022420571932
64,0.09147293064727618,0.05695197539365293
64,0.17653387770224455,0.152691352575338
64,-0.016548607436802865,-0.04267688019906013
64,0.3330617394099216,0.3060836373512494
64,0.028426247993814213,0.003773824705325224
64,-0.024177861274396695,-0.05633463487873952
64,0.20545433811855446,0.17557053182344945
64,0.15021431295813276,0.12001759458963618
64,0.05645558705163234,0.03208682253732331
64,-0.07868220242487822,-0.11048931272095858
64,0.06287996679978397,0.03537107902865
64,0.1673752005211661,0.1314871162056836
64,-0.15199763459580373,-0.17563513259813301
64,-0.09851358453867154,-0.1269598677526072
64,-0.0650973322905753,-0.08951877446557782
64,0.07568281697645868,0.05601121944684612
64,0.023555871486998725,-0.002451244994867985
64,-0.10113152498861833,-0.12532800756494883
64,0.13213049888962575,0.10739806634574472
64,0.3315928804127391,0.29917339826241435
64,0.17015907130319124,0.13928950262471124
64,0.17350837630539268,0.1461760648111387
64,0.13546271136486981,0.10756584225960658
64,-0.0411324809190346,-0.06980966885878231
64,-0.07401637796145161,-0.09987428068685039
64,0.11081196418454059,0.0794898727081021
64,-0.11692589149894195,-0.1528152247095122
64,-0.09187788392439339,-0.12184067896806983
64,-0.06287507679551718,-0.09394201108015127
64,0.06114582111642547,0.042283571220525284
64,0.08692102038226907,0.06235456174844661
64,0.08761364686521539,0.05566059147853786
64,0.0638356416483642,0.03370034597402055
64,0.011867284109555676,-0.012399883571990789
64,0.21789701955857516,0.18682739015262234
64,0.15201549977983814,0.12715217450357735
64,-0.009555210418126625,-0.035954298365433235
64,0.17177042427189543,0.1383733041338268
64,0.06446807556892431,0.03890558645697828
64,0.06439577416909265,0.039365503642850075
64,0.049001202842792524,0.02428812549848791
64,0.026308814417812132,0.007317592861631916
64,0.058625067289887534,0.037660463451898274
64,-7.819883173942888e-06,-0.024310345673024814
64,0.08554768044020494,0.05233383140948422
64,-0.00828871260836056,-0.03822400772881335
64,0.11115963796158229,0.07736927974909308
64,-0.0022964593679735135,-0.03280325031359693
64,0.01633617978395624,-0.01569065321506863
64,0.11467542371873113,0.08478176014352284
64,0.09407210942104954,0.06862981761849657
64,0.11083814350533155,0.07967724077262395
64,0.1479091108872183,0.12277892486962699
64,-0.11199422749756899,-0.14030880522708228
64,-0.008024694539336297,-0.03545948069056276
64,0.11584859222103122,0.09936879922057923
64,0.03511671769810287,0.008366053056018896
64,0.2312480258847433,0.2015291851224878
64,0.10902464493697678,0.08420782865137016
64,-0.028528687657679963,-0.05974174547088423
64,0.10312867583517521,0.07658907472485477
64,0.08724033461627106,0.0599554115119198
64,0.05606606891480287,0.029775669851249797
64,0.11388531757862502,0.08537179975751147
64,-0.11787650117572052,-0.16299880449975773
64,0.013947246546892833,-0.015738841501697354
64,-0.017673277485346195,-0.03955220873169768
64,-0.12865940627338124,-0.15912295438843232
64,-0.014598158948323559,-0.04776536713503471
64,-0.0009563694144698043,-0.01938330272326072
64,0.10108899314392522,0.07366313477725428
64,-0.1930774548496949,-0.22855397851897305
64,0.009696519702785233,-0.024840423781123278
64,-0.007268722169030906,-0.03588451154778716
64,0.2066067465113371,0.1805185306625679
64,-0.01815699883022731,-0.03999588381225261
64,0.08348168663611638,0.055170338129202634
64,-0.05406456032826318,-0.08046733353733554
64,0.011924664967313259,-0.008270486413595624
64,-0.14267324650885738,-0.16551592505496476
64,0.03497671472302971,-0.0009284520961860832
64,-0.007371234283976014,-0.029402084893001112
64,0.12610210546024653,0.10466305217958899
64,0.04761741082021298,0.016820174491458673
64,0.15403942897222483,0.12592237428227154
64,0.06962640816670801,0.039304560960596646
64,-0.11611592913081964,-0.14131411728102306
64,0.018356541007693072,-0.0029448383224635055
64,-0.024383917101118924,-0.05797764188523291
64,-0.045777141403819,-0.07643783129703602
64,0.0356624860714122,0.006116400000191757
64,0.0974593732176629,0.06211825867714621
64,-0.01017666963838676,-0.038203044195896596
64,-0.13702152291662223,-0.15659652837435417
64,0.00485315725872254,-0.01692658214438364
64,-0.028306810127882,-0.0618092233615386
64,-0.004333269013970631,-0.027422943838704694
64,0.11054527824370336,0.08071216452396318
64,0.042721746652870096,0.010506302568810855
64,0.020680223921311025,-0.00972074083858343
64,0.02518442482973121,-0.0063737683156177005
64,0.09863072470096851,0.06781913204609402
64,-0.009063806250807382,-0.042372835658920416
64,0.24648083488410283,0.21764369084832363
64,-0.00691521438566034,-0.03158365745224845
64,0.030450127390629633,0.007975797596605827
64,-0.07228575598954173,-0.10109978738338427
64,0.109769351237546,0.07900403285684632
64,0.04007982289448564,0.012098770895906608
64,0.10603853461256779,0.08169038682086377
64,-0.1859285594060234,-0.21058370055475817
64,0.08350576206042065,0.05965329488614496
64,-0.033304351966112866,-0.06652006651770115
64,0.1553600734817731,0.12882810654160998
64,0.10974408713924849,0.079676080479672
64,-0.14970539961368273,-0.17584886808090183
64,0.07124426206335865,0.035511187390320775
64,-0.006574615854323673,-0.034192756922978795
64,0.1739950509201505,0.1514452970886611
64,-0.1645016169100193,-0.19569686475119683
64,0.05535584703339502,0.021497176757611536
64,-0.05673086775174657,-0.08961454999435686
64,0.12231744943139061,0.09912064795118009
64,-0.03700656356722826,-0.06293332942127805
64,0.15069468893935672,0.12031514174432195
64,-0.042663352686303224,-0.06468100662285925
64,0.16087017173575985,0.13222228388848062
64,0.002790782258715374,-0.026966592834516412
64,-0.11345144657204626,-0.14470342133344488
64,-0.05474793445799547,-0.07858801131967902
64,0.015029292622184942,-0.013469674104752527
64,0.05493058088390029,0.01773556270132598
64,0.046152212411004256,0.01761884889626425
64,-0.08803021432398461,-0.11259533529995647
64,-0.023751930648033603,-0.05588137051082975
64,0.14746145564673402,0.11956669497495759
64,-0.028832950490226217,-0.052006097454524614
64,0.2383429596571081,0.2130416686107866
64,0.03759011280743291,0.011236009253227541
64,0.06984378895275922,0.04861707252450781
64,0.11141916675002422,0.08402428569444514
64,0.09713545078349656,0.07032492418597303
64,0.006894543031767564,-0.027256795605946293
64,-0.041858321831928946,-0.07246840423589213
64,-0.0737527359186656,-0.10336500847708607
64,0.25231003842167904,0.23051401644394792
64,0.03782271547122529,0.015838467557167946
64,-0.06547787380284803,-0.09300707467459735
64,0.1960690950871436,0.17319092968514488
64,-0.2259116694744148,-0.25856463989121675
64,0.08036352006135788,0.05119378114711032
64,0.10729167669888445,0.08799800994272938
64,-0.005941053008247765,-0.033046280576608356
64,-0.05310392392201441,-0.07758854675916566
64,-0.27448939401363914,-0.3075628443584024
64,-0.0052965242390664025,-0.033978962754139974
64,0.09992428603789966,0.06731264689450756
64,0.20098503175105847,0.17006808765658038
64,0.02704791778844312,-0.002688880878675304
64,0.16625501168573292,0.13453027772346576
64,-0.016237632225572562,-0.04520560651394273
64,-0.014123855708928934,-0.050118256822495655
64,-0.08819154579022087,-0.11177285710734286
64,-0.1283943889143152,-0.1615811297417311
64,0.03585181719815178,0.00752128747229891
64,-0.016265336032497635,-0.04739088703419847
64,-0.057515553992535995,-0.08271468678064792
64,-0.047355608530093685,-0.07115349749221145
64,0.07721644717216386,0.04660458527292932
64,0.06770345340548273,0.03967565739621243
64,0.14939044545732644,0.11783538943961508
64,0.038137024331776626,0.0143648909312456
64,0.026590013848668326,-0.006971773842100737
64,0.10448036784185594,0.08066616534122467
64,0.1029190047571798,0.07254430430219871
64,-0.10075638568050793,-0.13458786425438357
64,0.08982549209425378,0.06849678351518351
64,0.03699801117285134,0.006926600093167257
64,-0.09518605370925409,-0.11845516039399434
64,0.2442605659322727,0.21613186117244326
64,0.022178753401554285,-0.004139114547978995
64,-0.11131962483558044,-0.13972945029784528
64,0.07838217369897366,0.052713566384017085
64,-0.17809886750783027,-0.20703681154259726
64,0.13335298376954624,0.09441134496176701
64,0.17145723050860523,0.14570745248983724
64,-0.14159339544627247,-0.17476542044247265
64,0.059446887791111014,0.0398228779881763
64,-0.1077164116654899,-0.13411538973237208
64,-0.03855552518810901,-0.0669056219372054
64,-0.0029652323382267642,-0.03583867797958501
64,0.05534388877810875,0.023817575757333564
64,-0.08129902738410066,-0.10447950052657512
64,0.05401993930996635,0.026400577318947238
64,-0.022254297351965935,-0.05360449010954971
64,-0.023489849452382472,-0.04871959536703413
64,-0.021463627198585744,-0.049235697982479454
64,0.0607878996056041,0.03506366924057508
64,0.03314419928678003,0.0021802575552767323
64,0.023118474622830287,-0.0023987020652521673
64,-0.06084019327755019,-0.08863446596083019
64,0.07471425365510542,0.046349487229874364
64,0.2523766360867496,0.23032964983707166
64,-0.04132407611624628,-0.07319513609610628
64,0.1578190791633905,0.12328806151389676
64,-0.08363590004401622,-0.11979613531987188
64,0.1557751929552545,0.11977638920705008
64,0.06447703483986944,0.03777867688903769
64,0.1661000794405894,0.14001723777085778
64,0.19453717642912843,0.16353588205176967
64,-0.05845410751857211,-0.08739503354872019
64,0.12726759559256612,0.09493826057416138
64,0.11800481131943302,0.10070476702769576
64,-0.016018030279010942,-0.04863944220640243
64,0.16745886752500844,0.1416094950245554
64,-0.030105190024408812,-0.0601752747050609
64,0.029960903363232094,-0.0018433380142482414
64,0.03483827114635807,0.012165632192034648
64,-0.23442790746382397,-0.26138511278856646
64,0.2529932283981399,0.22277490161741592
64,0.1473672725418413,0.11224568832802467
64,-0.03278052827467798,-0.06459871294948749
64,0.08406877531070062,0.04862249058051871
64,0.053254456289429264,0.027734543703740178
64,0.1847265156377465,0.15451884968610358
64,-0.014000825399852646,-0.04199388164417939
64,0.09470917762909198,0.06343977058358097
64,0.024726457436085925,0.00047584787802101847
64,0.04986083797134605,0.023597210366281707
64,0.29041161129043763,0.25780536053264896
64,0.12488090814334957,0.09426798149994692
64,0.11743194265564821,0.08421082882355707
64,-0.07942386095134657,-0.10946907621332441
64,0.17418367064407753,0.14590192629554938
64,-0.05421641031819774,-0.07952888937255642
64,-0.09363421292868973,-0.12434878807783623
64,0.09419583186634178,0.06751083276173914
64,-0.039020577320023064,-0.0656389840548307
64,0.024350506424664575,-0.0005542152870954276
64,-0.1888589202810451,-0.21442478169690948
64,0.04209519062006717,0.012075703099270252
64,-0.04309833265159713,-0.07210258707131184
64,-0.011413871752209537,-0.048366010709611496
64,-0.0007921304839419996,-0.029669755345748117
64,0.08848724541096115,0.05586078384974458
64,-0.07724994270329943,-0.10793582460277379
64,0.11863207879607268,0.09438402059557488
64,0.036250936622778895,0.011430323967651868
64,0.08687095871683254,0.06827000775141578
64,-0.051627120902542956,-0.07042289874590052
64,0.17483152429398335,0.15852263363256341
64,-0.03226595830035678,-0.06722181764616086
64,-0.037241782700279724,-0.055678049865215906
64,0.004270715230110134,-0.025599144457509382
64,0.21633594649727755,0.1832772204763204
64,0.07438584101749063,0.05456518361959256
64,-0.10836827966252688,-0.1428929421504171
64,-0.02608023003613774,-0.04612358474228728
64,0.02309546341084784,-0.005819618064248799
64,0.005162061915391258,-0.01788686946765683
64,-0.04427287109355138,-0.07530507776433037
64,0.20930817003527097,0.18594256423872607
64,-0.2691791842345291,-0.29514346985190587
64,-0.002616411304343591,-0.035617729567829604
64,-0.018315047366325943,-0.042320203711881554
64,-0.05653756390045733,-0.09617854107822482
64,0.08833854332822894,0.05742043847294026
64,0.03307635222833788,0.005605432276632294
64,-0.15037438092901678,-0.17964367604423712
64,0.09463824633109769,0.06930033675877106
64,0.16156283243910013,0.13576461432362202
64,-0.10034129896626953,-0.13002919895820575
64,0.24346605307795183,0.21339922142099105
64,-0.046554742788895986,-0.07637922384434676
64,0.1295707272435916,0.10297982927369836
64,-0.11900813227316887,-0.1467048657859084
64,0.036112923261374996,-0.0033372774270943317
64,0.2079733192884377,0.18295828326830138
64,0.21009725597939727,0.18161731757203675
64,0.18734574101111973,0.16094859254936583
64,-0.023206760627773215,-0.046447675396930455
64,-0.04969136943645114,-0.07375094212852007
64,0.08624982960420652,0.06114995541076246
64,0.1310942806036633,0.09909264439746662
64,0.006420745508350423,-0.019725578156001455
64,-0.12182630623648533,-0.1491340258108767
64,0.07277268133803805,0.04417759784905956
64,0.004720223001671187,-0.025878485962316955
64,0.10965454359281873,0.07439661702820577
64,-0.0010027734162769142,-0.019056937644640726
64,0.1570639505951063,0.13321534696012832
64,0.07140572670262113,0.04465401063920671
64,-0.013039870724619262,-0.047368045853212304
64,0.1365877609506228,0.10589312044870441
64,0.08548041347397145,0.0544867339373859
64,0.03168055404801701,0.001581080322852868
64,0.09067926023759448,0.06298393385147882
64,-0.009841231426306496,-0.040204699686872514
64,0.03697106832567082,0.008572289750844064
64,0.05249194928158801,0.03170203614097816
64,-0.020073281484762007,-0.04830077157575391
64,0.08592206256409401,0.05802704985907464
64,-0.0876158929862248,-0.10832873597602644
64,0.09730498473140609,0.07306704033121825
64,0.26139924464311276,0.24458261775378182
64,-0.2769068944794998,-0.3058746858174076
64,-0.14897160269604914,-0.17140312793514118
64,0.10970274842234878,0.08153132835563165
64,0.0689348235354651,0.03973568138011896
64,0.15331656696084034,0.11726125861199116
64,0.010107634082309302,-0.015363049560419173
64,0.1337661981684824,0.09862560921807711
64,0.15668539803582565,0.1330358321719322
64,-0.027994279854553827,-0.06397034824808245
64,0.059092265441533454,0.03659737982109368
64,0.15755791569984495,0.13013539502794763
64,-0.030111161516661933,-0.05549825230697436
64,0.1327674115846998,0.10468232530213079
64,0.042821576500977065,0.015018534416044282
64,0.027716384508055525,-0.005147460112596647
64,-0.0380014055432098,-0.06199305174156239
64,0.11726624041576122,0.08002918490096161
64,0.12700429925910656,0.09681315465526968
64,0.08661875023498161,0.057125228693418295
64,0.13196039286259137,0.10055488665496187
64,0.005510360529383418,-0.021810817525685477
64,0.12130871717076747,0.09477948220042293
64,-0.13504651994842987,-0.16729739124754162
64,0.14025562054118462,0.11963325250141382
64,-0.03358913417181647,-0.06755848470978704
64,0.0033610011665965445,-0.025054216660167217
64,-0.09462848647632505,-0.12392838160091851
64,-0.11071485071841214,-0.13780841208606748
64,0.11380459869575626,0.07959547429668928
64,0.0472773319444692,0.02188409145571979
64,0.057581519142214654,0.037525274068056336
64,-0.004648899379200433,-0.026603283127797417
64,0.07789852444883216,0.05114665688016168
64,-0.14894383588481153,-0.18007126372970106
64,0.1102686063420037,0.07971154828565524
64,0.006334631846903804,-0.02250439981764718
64,-0.1311128259081431,-0.16486074879486184
64,-0.028281208751193443,-0.054456851188662336
64,0.21491585430269972,0.17849659929522793
64,0.0606370475198687,0.03549699196106809
64,0.06800817603280723,0.041192648207318994
64,-0.05267211466805405,-0.08757680231421927
64,0.0159343922016405,-0.003407578057209981
64,-0.0700156230027329,-0.08248138834393165
64,0.23139407376419158,0.20140383349810836
64,0.07619971909264828,0.046235513879021195
64,0.09959159452703664,0.07978445385866001
64,0.02482561873578243,-0.0076620445180462515
64,0.007343403746543353,-0.01346049278280359
64,-0.03581938030497284,-0.06690717399172585
64,-0.14663578773484182,-0.17424666954152745
64,0.09448381332922567,0.06417450134280944
64,0.023811054592313863,-0.012367063477612128
64,0.04200990591934717,0.020037625987140595
64,0.11763716751871262,0.0833921831233117
64,0.10542321948134031,0.0757280358358578
64,0.11848312684917034,0.09088307137771606
64,0.02258945879086305,0.0021521943209737993
64,-0.0776391634776869,-0.1099523033436638
64,-0.05657403509036196,-0.0723093949613281
64,0.061707278019033696,0.03654414165703862
64,0.006718531378853865,-0.017245156332044598
64,0.07448959827636276,0.043312194407715054
64,-0.02320947396396561,-0.05604817787039296
64,-0.13620700775593386,-0.1607708048560017
64,0.2031912296680119,0.1778384039041983
64,-0.11054408011045552,-0.1368349398496843
64,-0.10387324133636722,-0.12941120817589474
64,-0.014474406678551321,-0.038531539032151674
64,0.14001001286525988,0.11156604702209066
64,-0.0068520372717678635,-0.0256984004710602
64,-0.019515621598654054,-0.05148729704260868
64,0.03572531606722251,0.0010896720610156785
64,0.1654162163600416,0.13715717526463228
64,0.2587540218647996,0.22626041026117988
64,0.13700850873530585,0.11243530178732503
64,0.07012112340781501,0.038652298915615335
64,-0.10291366080865427,-0.12561028395274998
64,0.10502314994465162,0.07785192221144299
64,0.07247951977692635,0.03647235574032537
64,0.2359774506542504,0.2066028924598579
64,0.043321986719254635,0.006140016472431009
64,0.09277052017469006,0.058067012729607126
64,0.010153164042318141,-0.022912654971536717
64,0.04775003169404374,0.022379813915134106
64,-0.02271775138992882,-0.04811609879273876
64,0.023218849046731882,-0.01275209676675787
64,0.040592628983667334,0.016626346710013173
64,0.01621975910889767,-0.005900558064791062
64,0.09834700447644978,0.06896824239800414
64,-0.13230257043425908,-0.1604008947892554
64,0.10722642239709174,0.07389054211731805
64,-0.15932444071113233,-0.1907123991490363
64,-0.0037713773347571866,-0.02598275341891343
64,0.05082983574477512,0.017696141374746566
64,0.07617591037082727,0.04997563040600711
64,0.027825068984914714,-0.008889616839743875
64,0.0021866480182468617,-0.02318747390198067
64,-0.09432453784004008,-0.12036510749314994
64,0.048476414090726616,0.025640628021799783
64,-0.1986734283378063,-0.24012322705811426
64,0.03860201889253634,0.012016148249822556
64,0.005519743050895254,-0.02191073997473003
64,-0.003339849920559801,-0.028559229418295973
64,0.047811404873942975,0.013787814664368458
64,0.07815616276056053,0.05181872356055073
64,-0.03628574186515182,-0.06122266417864802
64,0.1830256230206198,0.15375489303855566
64,-0.06801962355155694,-0.09493451167105954
64,-0.16902681585644752,-0.19020274047576857
64,0.2734604238996516,0.2450915571293169
64,0.05469977096393014,0.02702332624274667
64,0.05470913588815629,0.03108855303489494
64,-0.0701005336200512,-0.09558581900812507
64,0.006140048523595454,-0.02220440692562292
64,0.15193977444086287,0.12736588177541336
64,-0.15134002667916518,-0.17179260942568617
64,-0.15739257791665517,-0.1959463601565261
64,0.06470317807329296,0.030265207443947395
64,-0.13161926074202251,-0.15819124101277982
64,0.24442085772186622,0.21398858818469918
64,-0.0427583706434036,-0.06370989179043596
64,0.028215330085228585,0.0011462497851923992
64,-0.08400009765960309,-0.11438018494014901
64,0.08759722796525254,0.05038492462987043
64,0.14539148499373516,0.12327645890327504
64,-0.002879550237558981,-0.02400538750936282
64,0.020051080499462526,-0.018191055102669496
64,0.03992313838125611,0.01206209709069006
64,-0.16241773299218393,-0.19692984706629146
64,0.21924135890723234,0.18389465646595443
64,0.07111457213130445,0.04559757623457139
64,0.10271518974256871,0.06962908297841569
64,0.06033057231930078,0.023371620515768687
64,0.047475977085978616,0.023792314081060584
64,-0.0337235133600024,-0.06126342120650213
64,-0.02638562583242865,-0.060702905201974466
64,0.011340658253165659,-0.0008007046121865091
64,0.13959629769228704,0.10622670980009669
64,0.22326497935898731,0.19637946340256945
64,-0.07456034060271471,-0.10194431328238063
64,-0.05337078980990523,-0.08450903979732766
64,0.025681593771895717,0.0021156908333630486
64,0.0715415679955575,0.047005188019350164
64,0.09244357725861646,0.062224014863317634
64,0.03749704082672545,0.007160817184409585
64,0.10781482135142068,0.07506562929478833
64,0.1515104001627205,0.1248919773461446
64,0.13247560306395195,0.11214397201133225
64,-0.08035235775845784,-0.10971822558201372
64,-0.07530165603195271,-0.10602215028836731
64,0.0286998922705875,0.004391609496709137
64,-0.0023956833721458515,-0.022734517873027493
64,0.19863185942601697,0.16940654993847787
64,-0.0998934099774404,-0.13089862846012296
64,0.07293430619791286,0.03937873603699199
64,0.29173716298091207,0.2738228700785857
64,-0.03293207659515157,-0.06166114518489957
64,-0.003725456556857576,-0.041633361632352706
64,0.07624232230646194,0.049530516104399236
64,0.12943684046291665,0.09699011689693865
64,0.07344115280417496,0.049090176812953024
64,0.019146490939590588,-0.006836423429709859
64,0.08738605486128531,0.05601740775825642
64,-0.15711097843239474,-0.18586177296636344
64,0.05278698321263764,0.016282482815771604
64,-0.19290292728372652,-0.22077369012172798
64,0.12775564851931637,0.11360887204047126
64,0.005532592783569379,-0.023780448406307608
64,0.11199900900107335,0.08786070457879763
64,0.0964996538918706,0.06448105364482026
64,0.005137742170730597,-0.024246118418130458
64,0.1307129972295879,0.10365646050345395
64,0.07209561850629076,0.047617340255628526
64,0.07425283171303404,0.045961885128898206
64,0.10406688835576688,0.06559609201560718
64,0.007106134199372338,-0.019112930646793203
64,-0.001850479101566771,-0.023752751694518848
64,0.004708057596864157,-0.01982300954697991
64,-0.02059470466026503,-0.04687361987373567
64,0.021464750661355114,-0.0024158127734608126
64,0.006318765324839715,-0.026090125034670786
64,0.17863158912198424,0.15144243788793504
64,-0.06777853451921795,-0.09399308057283262
64,-0.023707919157779256,-0.04717024151689392
64,0.0849112849015578,0.04552076583234471
64,-0.002199057320200204,-0.029638171773143263
64,0.0293117939575534,0.0013805155087063259
64,0.024649514390209126,-0.004577394807104673
64,-0.05445167135221213,-0.078672149527382
64,0.12594503999832068,0.10064328569230713
64,-0.09180661394093537,-0.12641802418301934
64,-0.1962348713279443,-0.2199297328136166
64,0.07363958155445799,0.04813925859673479
64,0.08760353332167564,0.04878939353341771
64,0.22609601885376324,0.2022566021727003
64,-0.029787896479142262,-0.05851165873222558
64,-0.0855765793436033,-0.11336302322676489
64,-0.11747958890442384,-0.15046542706710003
64,0.10182677460803596,0.07368747708234169
64,-0.0362385277046941,-0.06867898689150198
64,-0.048068584233357914,-0.06890295255876622
64,-0.11437824909196487,-0.13874469699144854
64,0.14233828537283272,0.11971126530431991
64,0.17263282778305783,0.14175215715277162
64,0.03153348724663818,0.009003357174721893
64,-0.014983473202072883,-0.04195741930439956
64,0.12070569439272866,0.09020813721136628
64,-0.09740198176107456,-0.12104828860750677
64,0.04749562726331252,0.01352244866547081
64,0.18997178303879397,0.16708503655642165
64,0.09186065791557047,0.06187392682404974
64,-0.03872566008500933,-0.07163101197790839
64,-0.06863980940111841,-0.09819659586418372
64,-0.09244745775221314,-0.11614103529936887
64,0.13227605761994238,0.10459827208803946
64,0.033383001172497706,0.0005474977612659471
64,0.11560664815648464,0.07976136453402516
64,0.043050788513849525,0.009674866761653855
64,-0.05976826209094982,-0.0954647323778286
64,0.04988967151768281,0.01671473787190797
64,-0.1017548725419955,-0.12793082335526368
64,-0.012765186608891255,-0.03628378916902797
64,-0.036384212592694476,-0.05530465947105789
64,0.1178355209702821,0.09234863511770036
64,0.025093110493979665,0.0004141573494169659
64,0.0375212710315298,0.002491581094227313
64,-0.10361040013451589,-0.13535329932207374
64,0.003779810734533484,-0.032949009354151515
64,-0.061867279457432534,-0.09856371069216713
64,-0.037033972228799894,-0.05692721241251236
64,-0.0406761828660161,-0.07621463372127435
64,-0.19736231784481892,-0.23467232902097204
64,0.05426918236010758,0.02522263562428051
64,-0.036054999527332376,-0.05536102180763325
64,0.2584439796656815,0.23312822551126827
64,-0.11658572419437818,-0.13737102953102232
64,0.1660443192052274,0.1370464079057772
64,0.0608740374313938,0.028532368445836842
64,0.17760611113782893,0.14382254260743993
64,0.0626071245538306,0.03164305132391776
64,-0.11031460168377555,-0.13329028538623527
64,-0.07780006877271739,-0.1144143257880566
64,0.06084037669707515,0.034927720529925876
64,0.07141185380093784,0.04538618229255781
64,0.09701720846190559,0.06571799385051053
64,0.022626764524628584,-0.005015223515884015
64,0.14635077501613453,0.12166002033337425
64,0.14515652650495497,0.11177796717754368
64,-0.05458472966525252,-0.0712347757057969
64,-0.03486116953326385,-0.05673448859195751
64,-0.0647257435323485,-0.08835037502968385
64,0.15396010551905842,0.12481249593614391
64,0.09690034542902942,0.07256732725550391
64,-0.013098047067016505,-0.03444223250182732
64,-0.14979647172238048,-0.18359178510256224
64,0.14160531930484827,0.11971755143081914
64,0.12966139392830872,0.09733282403487248
64,-0.05588748265672755,-0.08113279818533509
64,-0.20496536898600648,-0.226079728261325
64,0.13627663723207478,0.11430132611818017
64,0.07023334872359777,0.04908414654010734
64,-0.01901365308743963,-0.04532299808682855
64,-0.024827535808416457,-0.05107315958720415
64,-0.0930848338736518,-0.115931566802567
64,-0.03976726952974874,-0.07017982197868577
64,0.06326387370400394,0.04665301886278972
64,0.12919256261006978,0.11088043713042656
64,0.1153980051623516,0.09047223602179205
64,0.10482674084792504,0.08324814743655135
64,-0.02206078967318642,-0.04880396291693834
64,-0.012546523865943737,-0.04243719258152889
64,0.15434858824759962,0.12221154378181281
64,0.15909376778211154,0.13400033505909287
64,-0.015376671438149858,-0.05221516312903496
64,0.02562840727169552,-0.005652928176041405
64,0.046195924216656414,0.016906334003788992
64,0.08256347632596467,0.050748659851908906
64,-0.016773391747473665,-0.053706939164247014
64,-0.0648566699374159,-0.09134688995955376
64,0.01931507121694659,-0.012008786543515948
64,-0.039123332688404566,-0.06490907059946793
64,-0.012151457083398876,-0.04869847519412551
64,0.13963853498847406,0.1178884450794962
64,0.08130923345587088,0.04705758451700309
64,0.13328794710947084,0.10422533290115382
64,0.01495336512024259,-0.01726246681580007
64,0.051217028646007856,0.02182878582984743
64,-0.07215695314455206,-0.10234748058977489
64,0.13560877549473588,0.10598085620715686
64,-0.05052828253698577,-0.08206846091611614
64,-0.04392403816885371,-0.07079075933804807
64,0.029270358437229138,0.0001638499297200724
64,0.11572165113857585,0.08339526088330113
64,0.12859658756887676,0.09445142748743868
64,-0.07076502053057188,-0.10105218292314216
64,-0.1002863044097505,-0.1302154548466012
64,0.23106507420928274,0.20460621218320735
64,0.05766810233968628,0.022270124332708807
64,-0.06690880997811333,-0.0944989185609133
64,0.03713782633448509,0.01093206559199772
64,-0.027134135261201897,-0.05221915834663016
64,0.07135980795718677,0.04247220882059105
64,0.15317107919510825,0.1276980120400793
64,0.07138557579833166,0.050992403344507164
64,-0.04318698841543839,-0.07543827341200238
64,0.0719373452519409,0.04216992248960372
64,0.04362170752100264,0.013159032915308622
64,-0.22588580125201912,-0.258646196698083
64,-0.31815558814695055,-0.35060588556325234
64,0.1963343643840501,0.17310864267884635
64,-0.05916096506413243,-0.08574793231609446
64,-0.13115942823435323,-0.16890270266964946
64,0.10767395102803962,0.08648462491279746
64,-0.005530088079732376,-0.03183364864780114
64,0.01807190490914562,-0.010491262525318734
64,-0.08243177430261472,-0.11820823662362706
64,0.1669043806073775,0.13825887899669737
64,0.08067117578602351,0.04986373806741434
64,-0.08570902274689668,-0.11022918452200547
64,0.033834226215334995,0.0031440060040333617
64,-0.037517481190349256,-0.06392324841005764
64,-0.028659314876599895,-0.049162189848493854
64,-0.09458632738374767,-0.11793984089412757
64,0.00801631626838134,-0.02617334824429729
64,0.21925074070841116,0.18754223770618345
64,0.1266450626158509,0.09287977261547126
64,0.005244350004448839,-0.012203972968809207
64,-0.040331562624014716,-0.06708403745244296
64,0.08778991599726788,0.056022005617442805
64,-0.014625058042725958,-0.05241409458834351
64,0.07846668904524251,0.04227832370511614
64,0.0343334666507325,0.003631473075542957
64,0.10970124251717822,0.08312990639695023
64,-0.018733146310264515,-0.050153058489387614
64,-0.1180438177036846,-0.1462865434415493
64,0.08129420989663777,0.04948910715848065
64,-0.09671249322602499,-0.12452390285212084
64,0.13017710233051255,0.10164586682898374
64,0.05477671505064369,0.023138766214732875
64,0.014355044573934439,-0.012887354924332461
64,0.09157748329520404,0.05827979421639706
64,-0.019644057628350198,-0.03476252688789555
64,0.14575536549906037,0.1175857381044903
128,0.04587285443673861,0.03556919063251468
128,-0.008368937650247932,-0.024192490036240133
128,-0.022886407747586324,-0.034451037324145894
128,-0.023321092889865058,-0.035618238797658075
128,-0.022305106093718663,-0.03712117948014931
128,0.06540635452209187,0.049446410367463445
128,0.04543114277695959,0.03182360378402521
128,-0.13060367324005373,-0.14450132960307432
128,-0.0442531224819977,-0.060063341948390525
128,-0.010652324097761012,-0.025864215961009962
128,0.22147869086340638,0.20645778249742758
128,0.1467133158123422,0.1281495380521081
128,-0.14620156485423408,-0.15864343175838036
128,-0.08092118018901046,-0.09938181954642805
128,0.049226670175356035,0.036224511769753776
128,0.09829450298505055,0.08672683201970816
128,0.006401776226630185,-0.012214863540279619
128,-0.13890688514746113,-0.15547353625003985
128,-0.044099698080470484,-0.05936859870353822
128,0.018245262996524958,0.002150719478472507
128,-0.014885992503352874,-0.027973699595932267
128,-0.009022137232006677,-0.022220551689242807
128,-0.00844027356714011,-0.02433326455355017
128,0.03610288031428882,0.020146130789234107
128,0.09406634151446275,0.08016056198861116
128,0.015310702821898281,-0.0023808278262312244
128,-0.002383185947733235,-0.01374463105745749
128,0.055850574682763776,0.04307997860733298
128,0.012320858036824811,0.004336693869271102
128,-0.0722735224532084,-0.08073667185474764
128,0.1113421482675076,0.09787265491819436
128,0.06020140158800391,0.04545475904668039
128,0.02618813643196216,0.01156954370142771
128,-0.1101773330796777,-0.12647745338281247
128,0.10954935535289351,0.09412354342781387
128,0.016114300054598296,0.0022113831064938805
128,-0.10131330135794958,-0.11602873097942368
128,0.07479569895846455,0.062489251560810255
128,-0.04569742619372141,-0.0568412647452608
128,0.020247939529529968,0.0071968044880156845
128,0.03502684192398786,0.013234452586388445
128,0.03100615675191476,0.015062792353333743
128,-0.044058401083666154,-0.057221937473794615
128,-0.026884360535997687,-0.03950248615712221
128,0.013403653450538677,0.00021026566520687684
128,-0.05061026254052786,-0.06573605652296699
128,-0.002925773866393089,-0.01769576612456808
128,0.11501386132177221,0.09689516709256757
128,0.06785194044902182,0.05765932842143534
128,-0.04009026417825867,-0.053682787508209984
128,0.05592570597737273,0.041452245048016756
128,0.11361752512989759,0.10197691025366146
128,-0.003536715696838333,-0.018366919312823138
128,0.05936141764592412,0.04676513268091681
128,0.0350147657522053,0.019744503739510588
128,-0.08351522258771965,-0.09545087174186229
128,0.049320913795973864,0.031190020737444257
128,0.10356361839874356,0.08514962541874799
128,-0.015099181289474517,-0.024585179026731296
128,0.13643973271738746,0.12374777138218401
128,0.017693392522770635,0.0057001519787509
128,-0.06786163247026211,-0.08145087570724463
128,0.02641055467371234,0.008561729967692722
128,0.004831152224081203,-0.013733685220175651
128,-0.06890624544671159,-0.08491352621605724
128,0.05971821865861282,0.045984477141212565
128,-0.0656166272723992,-0.0816148838685169
128,0.08855420395157337,0.0711354838387771
128,0.06283035123644493,0.054759442256936464
128,-0.051325026678785246,-0.06630462281563998
128,-0.055133787280370716,-0.07068318376091165
128,0.006984162140518058,-0.005622498406129717
128,0.06453965293125069,0.04867049345076502
128,-0.0050526564873556445,-0.01755563492610407
128,0.018138571854375563,0.009182224606321676
128,-0.05319731990703602,-0.06919470365227892
128,-0.009602867300586682,-0.026446192163645077
128,0.04567319523257396,0.03095754580372806
128,-0.06640709129260719,-0.0790231767840559
128,-0.11868894645041433,-0.13217397223752214
128,-0.07538502862538238,-0.08575283409236162
128,0.08914190224395019,0.07358478874685681
128,-0.01904889376694091,-0.031582251292973706
128,-0.029103153125719983,-0.039523249447037445
128,0.10198711507539321,0.09176171128065863
128,0.012635440118173469,-0.0011022749732324533
128,-0.0027719849688968012,-0.016762068076752734
128,-0.07493838433029487,-0.08575383413267418
128,-0.027004753020068106,-0.04430280434650802
128,0.08812968600608156,0.07399197342610625
128,0.002378396421440443,-0.011684709027502016
128,0.09211845738634566,0.07719412214138838
128,0.09682664923010925,0.0832704248417569
128,0.10488651016563183,0.09163315670956546
128,0.04155544485763346,0.029706769851840398
128,0.20586066193290692,0.1915523747217867
128,-0.08778778107755714,-0.09808770094642683
128,0.09947349360240804,0.08417313427105372
128,0.006881467989421852,-0.006700524538392705
128,-0.05844761712714741,-0.0729989486584271
128,0.22296356380929777,0.20567447769235153
128,-0.056451747914953,-0.07042982285584398
128,0.0868111732852958,0.07355279467816067
128,0.05681384971458381,0.04142944216863781
128,0.03613944733213992,0.0207507043216954
128,-0.0388901164656813,-0.0523034862485009
128,0.08118962599486074,0.0673318280120021
128,0.14308311571207494,0.13299589322679278
128,0.07429377885576549,0.06074553313564979
128,0.1290127322041394,0.11242386158760925
128,0.07283429399418245,0.05662890385559022
128,-0.06348463016107858,-0.0789050982150572
128,0.004646464821743357,-0.009478432535986736
128,-0.05089910096978617,-0.06593126269223926
128,0.08433602588425387,0.07164733579539351
128,-0.06385248262901916,-0.08103273547516832
128,0.03456723892797636,0.021228683253456004
128,-0.15340413873091585,-0.1679194053984302
128,0.126703901514645,0.1136782455869732
128,0.09303868773168095,0.07631470737133761
128,0.03607349252896114,0.024889032758134255
128,0.07029499638255937,0.05942025850824717
128,0.017484490766637217,0.006114868655373529
128,0.044697517429405476,0.027627156378283335
128,0.03300684967652362,0.021295989501219026
128,-0.011832020732994553,-0.027345211323436425
128,-0.024512896999026035,-0.036106151128689534
128,0.046634860015264845,0.03675609243652861
128,0.09214136514030996,0.07637973405895049
128,0.03706371746925374,0.02230230395746885
128,0.05276704453589487,0.03740297075290949
128,0.02118930595688928,0.007790486827985332
128,-0.042181550550627334,-0.052028696654746576
128,0.08995429692665108,0.07819938848811597
128,-0.01851421914667578,-0.029445284512933434
128,-0.004482033799733887,-0.01588849698747813
128,-0.0038031057357588716,-0.018029250575890055
128,0.03362708010675486,0.01917349235472976
128,0.09841353851759899,0.09030809372946474
128,0.07581070274215668,0.06117030317462413
128,0.0388270833527008,0.027562185552932328
128,-0.041929950209209255,-0.053558752745801186
128,-0.013996520563280823,-0.026319053829353012
128,-0.14581669907661898,-0.15962249144019314
128,-0.0020724297669147407,-0.015227323483034128
128,-0.018832743425844678,-0.030180760993954225
128,0.06774695181993401,0.054413621347791874
128,0.06742055191565705,0.053354457820660506
128,-0.05205612390345543,-0.06881758182312836
128,0.02724858487236098,0.012608646567400905
128,0.21663318525664715,0.20330819764383384
128,0.04514777922603086,0.027464330327121644
128,-0.11432593844503725,-0.1292386762124228
128,0.029746717048600158,0.014278051478718468
128,-0.05930290947664363,-0.07302880885316432
128,0.05652161819696311,0.046669326571508185
128,0.09654417263243759,0.08233277313848214
128,0.05358435869803019,0.03528946186090581
128,-0.0859447839204619,-0.09919009861001515
128,-0.019588979326400302,-0.0319223207215929
128,0.1758515275850639,0.16246398490055697
128,0.0073048608245678825,-0.009056207474298972
128,0.15140359769610462,0.13638686506201175
128,-0.033305895024739796,-0.04506138058618636
128,0.016348186457617153,-0.0015002302394826472
128,0.06619937392735004,0.04952987244897006
128,-0.015540395597997636,-0.030217579003533168
128,0.09097154125999313,0.0760662075743167
128,-0.03675658200110926,-0.04738913788926857
128,-0.06885664889967258,-0.08422254616537522
128,-0.09625741702652335,-0.10822130061687152
128,-0.09388329965296871,-0.10912480798325458
128,0.03829347348071366,0.023438614582711403
128,8.663292913835274e-05,-0.016862189530685023
128,-0.01959411508803527,-0.03429634366663903
128,0.0673042902286548,0.054253415557543705
128,-0.12075867306099958,-0.13520752956326865
128,0.11458589053219631,0.09707364695941773
128,-0.024022285226669438,-0.03824699768401685
128,-0.018977296325913273,-0.03366283068361203
128,-0.018572222935968108,-0.03106946221982504
128,0.1163372695390345,0.10331376843719725
128,-0.023490557202543505,-0.03709667353151325
128,-0.018497265004122354,-0.03334322916260751
128,0.07010411228284341,0.05547078611281092
128,0.0002867813305545974,-0.01527241414004854
128,0.13389605321152748,0.1204098188320602
128,0.05322461810721968,0.038336739552994714
128,0.06303606678962265,0.04676481210295974
128,0.13254225979300965,0.11497304193990715
128,0.14127729323483257,0.1258418887118778
128,-0.051888714853883244,-0.06487610107602809
128,0.10460178264645165,0.09127706565532862
128,0.025947838321900896,0.011275419951867371
128,-0.03660054586601896,-0.047813664999164895
128,-0.033765673187407585,-0.0480197638225221
128,0.04799607517167048,0.03416836327623107
128,0.09542568987509897,0.08224286071673287
128,0.042797719092661946,0.028101138717640584
128,0.01945768689129468,0.007823560891474513
128,0.07415199261763,0.0649579302715877
128,0.16186431346392577,0.15164796217341497
128,0.1212703613024419,0.10743665119555496
128,-0.003262255464346442,-0.01700258390364301
128,0.09166337510950112,0.07717627873476124
128,0.019728884786442913,0.006652910462801698
128,0.12036853343427317,0.10695200881009398
128,-0.06692370360450489,-0.07790974200744183
128,0.12790534121241576,0.10862369391114685
128,-0.04659516701346966,-0.06071252883642969
128,0.1652375178848477,0.14978907485007825
128,0.04689976642354615,0.034066529268383605
128,-0.11041983474126121,-0.12256970636542841
128,-0.1485338108499497,-0.1621001502800497
128,0.18160776516371196,0.16869879894199552
128,-0.02514978879834301,-0.03717570980743817
128,0.07015163476834874,0.058783348564223736
128,-0.11899689706035044,-0.1330043482809748
128,0.15499603218444064,0.14027354338722992
128,0.2543466875388119,0.24192439436920393
128,-0.06507727826096243,-0.07800162641575875
128,-0.04772275028692058,-0.059708924784448725
128,0.00843294714908882,-0.009080154952650799
128,-0.04880931272525452,-0.06372731732271752
128,0.1547749328175982,0.1396947234688785
128,0.056516240151915864,0.0407529370171511
128,-0.02994417591242332,-0.04208254841391762
128,0.13576652429097985,0.12227331427691207
128,0.05914780070314357,0.04841051166396182
128,-0.019675344808703643,-0.03289476737591218
128,-0.06770567428049518,-0.08067282113196161
128,0.14498867928833264,0.13094018277651315
128,0.19025547187900876,0.18248872382415166
128,0.04155024281333175,0.02863237765940274
128,0.06388425090119404,0.04762245539548071
128,0.038012571893252134,0.0234301928226201
128,0.047465888897979036,0.03389426460401468
128,-0.063341984720857,-0.07891776598125572
128,0.11370459966412755,0.10187022681842756
128,-0.05542412024806209,-0.0704204921896277
128,0.08015186348756803,0.06482282258131156
128,0.030603934044797387,0.015647032276168482
128,0.08201698800017793,0.07034005379851138
128,0.03598258201923826,0.020768275718992313
128,-0.03664392499329622,-0.05258123727994013
128,-0.021871380148161423,-0.03887144203441978
128,-0.04171450696945955,-0.056046021334739626
128,0.012336932462446215,-0.0006646376342540061
128,-0.09924316562859709,-0.11150424451886554
128,-0.03933934178926812,-0.048936188324240626
128,0.11931439418954165,0.1103746008737187
128,0.044241315949356985,0.027841297299060763
128,-0.01344213475156586,-0.02731255514978953
128,0.0517187399703225,0.03486206689483612
128,0.08952863451882792,0.07396946626590256
128,-0.06195936836326765,-0.07626505610116185
128,-0.03907295222502932,-0.04820843871930114
128,-0.01338074087630009,-0.026640133129231414
128,0.1259373459218645,0.11186250555991611
128,0.0058709165524225004,-0.0114088935978372
128,0.05464948857045948,0.04011417207229384
128,-0.1075019854371857,-0.12363978315058455
128,0.14180297977456408,0.13354463403437317
128,0.1065904144342919,0.09296828856061695
128,0.010363289292966482,-0.00444913048166079
128,0.053914775127122894,0.04147779974160021
128,-0.0588120669650436,-0.0695805284519202
128,0.04447577224544891,0.026388579355104025
128,0.18139147214807688,0.17224962307934805
128,0.038665610969024544,0.026199767717090927
128,0.06306889583864,0.05282617013210317
128,-0.0018346444660143901,-0.015380188670822026
128,0.014336696155308193,-0.000881088355825399
128,0.0719492264590188,0.05542455156231568
128,-0.0005106426131087916,-0.010293298009605989
128,-0.0292968114263904,-0.04514856425422048
128,0.12617484422709319,0.115943813055223
128,-0.06274060630550898,-0.07877984084131712
128,0.08835118494381061,0.06923541931870358
128,-0.07406396162514356,-0.08952277912257145
128,-0.03862469288040621,-0.05337362782828753
128,-0.04163671336677366,-0.05835759585022815
128,0.0741528580895981,0.06090089933769721
128,-0.006005068671530001,-0.015808851105863997
128,0.09127377272777631,0.07252478117560973
128,0.09987300955373918,0.08642764218809368
128,-0.11730102477994825,-0.12986647257131323
128,0.08626307666535199,0.06969206561314756
128,-0.020783234389696925,-0.040283380010244896
128,0.02845363555635666,0.011270691960283408
128,-0.01921321137647175,-0.03391537918745846
128,0.0052202092472575234,-0.012594620028773096
128,0.00374286732279,-0.010429033977829905
128,-0.10683594813052094,-0.12480172112635823
128,-0.0826919009456964,-0.09790222541454158
128,0.15815066098058356,0.15059594159171547
128,-0.013761023491249191,-0.02973865158800576
128,-0.021069006746006425,-0.03400185969026659
128,0.08091318014799215,0.06237900460993023
128,-0.09694159561689059,-0.1125983132256993
128,-0.0490352769364501,-0.0582424615766346
128,0.043290557568931354,0.02813408295000147
128,-0.09740062371927494,-0.11021962736621599
128,0.12476266296017541,0.10947319533789263
128,0.060099834719625156,0.043530364266639365
128,0.132887496274481,0.121961019725155
128,0.09121947849912299,0.07346592425272197
128,0.03044740309835431,0.018988263392841154
128,0.11632562221260262,0.10117966628066227
128,-0.09086545173587945,-0.10517955423602782
128,-0.08099106912999376,-0.09382515191794477
128,-0.050298075203021875,-0.06261721557523692
128,-0.016704750116354805,-0.02883378012006188
128,0.04205774812165225,0.02628136833477107
128,0.06217311261700498,0.05022855612572652
128,0.1307802191293455,0.11682239651984544
128,0.032069094804301534,0.01967021619319237
128,0.12337386984634496,0.1131184131960799
128,0.06681091566725544,0.046372345825579586
128,0.024945871990072144,0.01076456410767268
128,0.005787565632833114,-0.006937955055166645
128,-0.04859386376538022,-0.06473632898024706
128,-0.009650158243088736,-0.023583581901130968
128,0.11867226739070075,0.10238370784515255
128,-0.0018240356907123778,-0.018654789902965263
128,0.03427837609326262,0.022802754117403234
128,-0.04133816818611624,-0.0570575775490651
128,-0.006021966179346083,-0.019686884055603815
128,-0.034362761440363765,-0.0484186266387126
128,0.12204542477172947,0.11020918407955099
128,-0.061534113110811695,-0.07782219621234537
128,-0.027012843783294938,-0.036857101764391276
128,-0.0009226130076644412,-0.01692085851205244
128,0.03727216278968093,0.021433964102775316
128,0.02892079521437002,0.014768701669607809
128,0.006655971025580021,-0.00897104372718649
128,-0.06877257901056971,-0.08290915470960553
128,-0.009997810227292014,-0.01948215744170939
128,0.044129824043942,0.028903325893064102
128,0.06052506452227718,0.0448864937853905
128,-0.0042000887287202415,-0.0183580947045619
128,-0.13740392336324075,-0.1503331526269206
128,0.023207865203904166,0.005542219179517138
128,-0.04753846699930231,-0.06197110691049573
128,0.07372202563441371,0.058094469310690455
128,-0.09132231869026036,-0.10573819690665515
128,-0.06526036982257544,-0.078007978202632
128,-0.06882557932884176,-0.08545804670844942
128,-0.10389453978947916,-0.120180784135201
128,-0.005003944381836767,-0.022031677809854378
128,0.006872967255416251,-0.005688410044831338
128,0.024196504021837595,0.0015446840119051064
128,0.16884222451797287,0.15359256649659975
128,-0.0817158424988243,-0.09192157361284753
128,0.12830238013981926,0.10840114250676963
128,0.01635936835527918,0.005432079369151521
128,-0.03774022986557063,-0.05099923852379612
128,0.12647670676680617,0.11195195324120061
128,-0.027437944468635067,-0.04332238061762084
128,0.07957764398068606,0.06856698790969146
128,0.033344865125703504,0.017357246034387375
128,0.09921976878000943,0.09042248545166237
128,0.020880511473268526,0.0045930891263293305
128,0.10611199459733861,0.08980242785689524
128,0.01679628926342447,0.0077900438876807865
128,0.03806910779842487,0.026922585668253396
128,-0.00925980234183843,-0.024685646501045044
128,0.07718651476788824,0.06386565813923495
128,-0.0688605655060186,-0.08120115701568126
128,0.041768824369234625,0.032019446256067396
128,-0.0669092160482348,-0.07700806184801035
128,0.042560000654484176,0.028442241226069587
128,0.007780537613402083,-0.00323970664787121
128,0.025252430407508242,0.009483834743577058
128,-0.02001320670677109,-0.03359839756941152
128,0.045909665911450626,0.032770223717457414
128,0.053982559355132964,0.03640726782194548
128,0.1635021690382607,0.1510786832848176
128,0.16640270728982803,0.1519864706340774
128,-0.008507194841643584,-0.022459705678020858
128,0.06149910883551468,0.04801160777231922
128,-0.06389875713631321,-0.0737369810348959
128,-0.04782380352215487,-0.058757082420342666
128,-0.03878756273696071,-0.051045573925602716
128,0.0797602884592763,0.061841518337409085
128,0.09214240140473134,0.08423886014448984
128,-0.03237168374749205,-0.048357101239467015
128,-0.06954997781306071,-0.08253059660949691
128,0.014259589245254722,-0.0024233675025343016
128,-0.08143531437674717,-0.09449199488878707
128,0.08459870714402246,0.06896267447059995
128,0.03410254604422236,0.02047877755601779
128,0.12389255193787901,0.1081193484858955
128,-0.03078687828945087,-0.04572811550505779
128,0.09086785255132862,0.07856666633375992
128,0.055561391728958576,0.04267140476900094
128,-0.06426124650870718,-0.0782837207611376
128,-0.04862379616597995,-0.06320159743325438
128,-0.05553162837029302,-0.07080964873921264
128,-0.06200694261328993,-0.07754523558391002
128,0.09358938085309004,0.08092937015881357
128,0.03896322883475056,0.025712021475172597
128,-0.024576938819643845,-0.036388296579073665
128,-0.05935342103112212,-0.07285734256488374
128,-0.03811947777722535,-0.051495609381876195
128,0.0980340980006314,0.08183782963004155
128,0.07299426313490831,0.058182099908629714
128,-0.06455227574305161,-0.07764646318797241
128,-0.030610893159786434,-0.042970459736179245
128,0.09377593197637996,0.08025940411313531
128,0.13625123307103698,0.12242273106947826
128,-0.06691092166041412,-0.0799274235730611
128,0.03514105990947547,0.021496405244681438
128,0.09209948643621207,0.07616786262460196
128,-0.01838820433228061,-0.03162424213093473
128,0.10362838945930902,0.08830116756650924
128,-0.08802227775163135,-0.10700549352404509
128,-0.09452329039420893,-0.10923834815211841
128,-0.018211996394239982,-0.030583750462890358
128,-0.12927019520729305,-0.14291646625867999
128,-0.1326779547162827,-0.14315928291435892
128,0.06114062091137529,0.04995222439712238
128,0.004653572844714404,-0.009913232026190821
128,0.05235775569212159,0.04185574696987426
128,0.012858072915892194,-0.00021469327394302296
128,-0.025173007705452832,-0.04130157779443189
128,0.10372540340836117,0.08746465020745814
128,-0.07130147932955405,-0.08380539546159876
128,0.002333555792608022,-0.00957687604814822
128,0.005327709430490435,-0.011294194195954566
128,0.0560363988666529,0.04348295067669633
128,0.013566280401922148,0.0022191898807833454
128,0.010393238882275613,-0.002749669448807668
128,0.0027043472729875173,-0.006086252602217734
128,-0.053370636114258574,-0.06375914745255379
128,-0.043710332586834655,-0.06384540356240098
128,-0.023666577814467793,-0.04100960359476685
128,0.021898097734293243,0.005151455351216805
128,0.03788466563240883,0.023714468644021713
128,0.04478595323428497,0.030952669061704186
128,-0.007755844328665384,-0.018034519131913174
128,0.12401625803313515,0.11213554720253
128,-0.04744993885111254,-0.06067599744451585
128,-0.06389834746658407,-0.07955987513526952
128,0.13472538446114718,0.12156499267977111
128,-0.1377911353052716,-0.14969518546554772
128,0.009908070389968326,-0.00465717393650239
128,0.0785529281886525,0.061012801298275965
128,-0.15228076988688777,-0.16647344846870837
128,-0.029940369129664357,-0.044936466614197534
128,0.04122639111106524,0.02364301905365146
128,-0.03309692244254059,-0.05098067001998641
128,-0.0233256338043632,-0.038531533020734865
128,-0.05067199860414551,-0.06436832478441878
128,0.03463886995609372,0.020308828749915797
128,0.0033029004364033,-0.010267258817021452
128,0.02881207658232865,0.013138212620350087
128,-0.047651604253394875,-0.061261835568779566
128,-0.010238626682269492,-0.029870552834570963
128,-0.03789889736311358,-0.053613923439127686
128,0.030682854559700767,0.013637994103129103
128,0.01484297705426424,0.0011885446376196374
128,-0.031081214217189568,-0.045850798225542666
128,0.07301661987846347,0.06149752879802395
128,0.050278787833106575,0.035558664193514666
128,-0.02348453839035297,-0.03526648740914068
128,0.05912810041013472,0.04624419953655007
128,0.018307549764014275,0.0031728460962753835
128,0.025603854594627606,0.017795828237466782
128,-0.08412623505909117,-0.09861354038646769
128,-0.045942430350568775,-0.05993754504225751
128,0.16217856383905654,0.15184112153281099
128,-0.017684406788013918,-0.030974316434838667
128,0.06920521444594857,0.05692564409709333
128,0.06661660082068638,0.04587876369306254
128,-0.02306076537315377,-0.03575236033057755
128,0.0788320854058136,0.06006593523178261
128,0.014337187858226574,-0.0014772714112287755
128,0.07491950474073428,0.06207338125620321
128,0.15185129658582602,0.13834388423260774
128,-0.047377577059562526,-0.06142228160559304
128,0.08707366299203007,0.07289535848202355
128,0.03394426984931004,0.021982467706019748
128,0.057785709503593796,0.04136274361982034
128,0.05152827445484959,0.0374969229372506
128,0.0007119700195808987,-0.018229536492143317
128,0.1611447450092312,0.1482326268659236
128,0.08688890201580596,0.07723071829020212
128,0.023658705337959662,0.007670526824679558
128,0.05883424696783146,0.04588288141777275
128,0.025255050543921964,0.01012437806592259
128,-0.09778124592171195,-0.1099988915225304
128,0.03292876581273274,0.01931238302092103
128,-0.06175371846473926,-0.07640311575567926
128,0.1142367944432538,0.10080268429036437
128,0.01915155751200387,0.000783531390217973
128,-0.0030123499947729004,-0.020367684976468015
128,0.11175068512478409,0.10176097298769532
128,-0.013744885237469529,-0.025249688765782374
128,0.0769026356631789,0.06960412851002745
128,0.008343910305504021,-0.005524118264703726
128,-0.01844454704004367,-0.02902027447461225
128,0.14482381789413407,0.12934065059318828
128,0.15922237993616323,0.14299656732819926
128,-0.156348446952646,-0.16800087503477001
128,0.026244954219011518,0.013138917051521759
128,0.11093599064731369,0.09771424177180027
128,0.029093799036922385,0.014205014683814354
128,0.009338908812061564,0.0017026712699181323
128,-0.049893633899685264,-0.06545492315803592
128,0.02240557247041225,0.010655623580584472
128,-0.079223055594832,-0.09027308803021922
128,-0.02729950669893849,-0.040463038363122594
128,0.06128991718756627,0.046979622944525345
128,-4.5479098229717074e-05,-0.01520350980394164
128,-0.0003317805474207236,-0.018183900520214402
128,0.04269705011618041,0.028088100529293114
128,0.016050845727172025,0.006893232230423596
128,-0.0925043846288573,-0.10643152869858319
128,-0.05428321283543425,-0.06650744994353053
128,0.014872528319834544,-3.976725055920838e-07
128,-0.13795270320977182,-0.1567205152933701
128,-0.023279599740921697,-0.04094337060796727
128,0.12074360041118809,0.10381715681259612
128,-0.0581046175886859,-0.07321450078995617
128,0.11283301379644445,0.10008691915966755
128,0.04411968562596158,0.028895909473479087
128,0.09475730137559785,0.08142374602522245
128,0.07194744137423781,0.057597417765202
128,-0.03605730133542018,-0.05307958738521612
128,0.12410792583943236,0.11054798995548071
128,0.08905969496992822,0.07690002248940431
128,0.06506475572820308,0.049605013042479995
128,0.07890680520026472,0.06546937576494322
128,0.10074368661066752,0.08338663161056709
128,-0.04005228335520822,-0.0579543659800818
128,-0.029572192830030264,-0.04520762443165316
128,0.017541173102473606,0.003414305700344178
128,-0.04619811084297193,-0.056608348582077805
128,0.03686098293416651,0.019191068177116966
128,0.16927709641033556,0.15085045091992894
128,-0.06945668692748175,-0.08067636968106001
128,0.05233064525225384,0.040350405033682424
128,0.06990384474493005,0.051000442225744624
128,0.023657000047155208,0.00851038956240896
128,0.07564728030015377,0.06228594550522776
128,0.13756998610591403,0.1265662789796474
128,0.10662722602681857,0.0916648533511239
128,-0.015898666130539862,-0.03145220870632215
128,-0.006224516884401177,-0.021582817347258254
128,0.13423521702674673,0.11513328555550167
128,-0.09808285444443166,-0.11155234308616124
128,-0.056637179636097046,-0.07519653490224626
128,-0.051891802727132674,-0.06728669055412045
128,-0.038358759640164664,-0.05081395138317246
128,-0.1268606316871964,-0.14224835568416705
128,0.021099545833521804,0.003929943643118161
128,0.13117520457523618,0.11896551116084059
128,0.0870815127437154,0.07370186410289264
128,0.02599802526031264,0.011764643887516302
128,0.0818446912402549,0.06885407812762079
128,-0.057481775805362734,-0.06853073292236334
128,0.0534687797708604,0.039929667392612556
128,-0.06787086481007154,-0.08547924640102755
128,-0.04507359365197661,-0.0554080869039239
128,0.06605542924896779,0.053728814060191254
128,0.07498375603545432,0.060857791290607255
128,-0.10315359809016744,-0.12107779834206656
128,-0.013152401507581124,-0.02405290108334668
128,-0.02501803974917005,-0.03876448585014819
128,0.007620043435587975,-0.006176249726842498
128,-0.02548958525701228,-0.03984269362972642
128,0.046999001673262375,0.029523671667177176
128,-0.05892373983909932,-0.07443332429565103
128,0.04354055825664177,0.02812969337020571
128,0.03178937964526013,0.01845684956871635
128,-0.13757694467440063,-0.15343600264436957
128,0.15686038954596754,0.14201856831608145
128,-0.01293343980454087,-0.0326426503660347
128,0.11799264556491867,0.10373389934500449
128,0.12099950828225686,0.11141200475259744
128,0.02755732677562911,0.015480232321022969
128,0.09102702506900834,0.07659798140733098
128,-0.04829510097841816,-0.06289101189643193
128,0.047233446244015875,0.03383276828561921
128,0.03195892105900683,0.022406827208973912
128,0.057332661111420824,0.043220983980979955
128,-0.041960344940168315,-0.0546862683077059
128,0.03033762737515472,0.013053649152223123
128,-0.04378215767445914,-0.05789445747481048
128,0.06268029291969723,0.05052073409834634
128,0.10188637024727737,0.08796844566741674
128,0.011797925281060717,-0.004235678252483055
128,0.06019127900052035,0.043573676503512015
128,0.132356087990896,0.11727138263746101
128,0.0006025701541955697,-0.008896166043841303
128,0.04431673906803024,0.03183495824254001
128,-0.03232683339357162,-0.044594153644305634
128,-0.0513602693659031,-0.06865209831617308
128,0.08504413896113378,0.07205035570196366
128,-0.03196581316944613,-0.04606047915115585
128,-0.03609134413094134,-0.05212119192652087
128,0.08617966486694834,0.07178131825779321
128,-0.16189277606578611,-0.17712168890493368
128,-0.03772819089653856,-0.049392088365841136
128,0.00608520451164668,-0.008412675383094204
128,0.06206183510582458,0.048111545422461766
128,0.023791759162611725,0.010623914715581495
128,-0.006832476106339358,-0.019496211334081137
128,-0.003864062486657993,-0.01880096852681523
128,0.02626183516200009,0.010141913695834726
128,0.06386650663840532,0.048111735294332936
128,-0.07991163426637282,-0.09392186701085908
128,0.04061479779611282,0.028050457150987862
128,0.09093015534352472,0.07511948348135061
128,0.11883390028525337,0.10781928089408449
128,0.11258697732340567,0.10044926762011802
128,-0.13144013942487798,-0.14427789368409238
128,0.15363592661995623,0.13748389904925068
128,-0.18506409545324165,-0.1978488343851643
128,0.009253259380896772,-0.00670120165626803
128,0.11086545106843765,0.09802188929718975
128,0.06550740357489365,0.051376517429461144
128,-0.008222934299465023,-0.02168601523179764
128,0.15738542021348662,0.14657889024335796
128,0.06172494007093987,0.04958021217343922
128,0.07533890967896834,0.06111130690923966
128,0.09077110737095778,0.07430278112715782
128,0.05266796181098227,0.033029625321203626
128,-0.0022656931494887123,-0.016128182467407437
128,0.04962215494311728,0.03484469354220693
128,0.02983903049840153,0.018649350970317113
128,0.03812728330069065,0.023296383045133984
128,0.019765703468270446,0.008256992916751749
128,0.03785608966849524,0.025712900371079095
128,0.1309892615104759,0.1190351727626871
128,-0.09603309520280245,-0.10839935001906414
128,-0.06345412340942147,-0.08091762298436445
128,0.02591525796808497,0.00883820620843706
128,0.06829206153725864,0.053991543533136344
128,-0.06251288157029244,-0.06899701041332962
128,-0.03033749425346316,-0.04294904990376036
128,-0.018132234398160307,-0.030087373501963832
128,0.05574126113043815,0.039773471052551135
128,7.466906069231172e-06,-0.01003773657239565
128,0.10818693126373652,0.09302931407266496
128,-0.11323955462684077,-0.128394661415351
128,-0.009598027033500323,-0.025707247093252172
128,0.17426953212449742,0.15730121379077505
128,-0.02007156128572768,-0.03086869441311052
128,0.1208390406267153,0.10729971804573396
128,0.01235671782565001,-0.00023542823220040754
128,0.01013204164671444,-0.0016518716206764816
128,0.04088193966946191,0.024996811932476604
128,-0.028104254986002164,-0.041718532320859036
128,0.050920555940025536,0.03561099805424156
128,-0.009541211955618467,-0.024142132999575294
128,-0.1294622578021098,-0.14793393966440815
128,0.026821096155131563,0.013254054733128129
128,-0.12724851370941814,-0.14032746197027796
128,0.010487505675886133,-0.003263957964875608
128,0.016736835012512052,0.001926995686935995
128,-0.028872519049005174,-0.04469067317984904
128,-0.06579353597990911,-0.07514970122185644
128,-0.06647759509519169,-0.08143521322412889
128,0.016313573023557293,-0.001523435574477594
128,0.08047120750658182,0.06750122780651946
128,0.1212416002283791,0.10965111665393873
128,-0.054462792272613914,-0.0669293241011173
128,-0.010509701755374634,-0.024143878420744724
128,0.04329067938566178,0.029574177174380767
128,0.014624317035946244,-0.0013663693570057367
128,0.05644612199179294,0.04062537206564121
128,0.002888279582436537,-0.01831755037396854
128,0.024076574654703475,0.012031539305858763
128,0.013899366716691286,0.00029903780129608704
128,-0.13240532757096563,-0.14602216877501312
128,-0.04934737789443122,-0.06426913140699514
128,0.027302909877055026,0.012652965175925346
128,-0.030904930598224523,-0.0483739622836975
128,-0.09733231972789819,-0.11286758961548804
128,0.0987457528477223,0.08389318009512353
128,-0.05547440028626632,-0.06933965436206452
128,0.06974420939404147,0.049716755296015436
128,0.06317679334974363,0.04630153393149261
128,0.044813677354566706,0.0335737862050377
128,0.05636823403038471,0.041850186224062946
128,0.11085133679266662,0.09652243201982219
128,-0.0454540256644016,-0.0588692768627504
128,0.00856406031602469,-0.0036065295548361465
128,-0.12322558465339373,-0.13637114322743565
128,0.018439274865345134,0.008501540929295115
128,0.033563363361887144,0.016738804684992836
128,0.06768701194531462,0.04827405057639672
128,0.01637417748063158,0.006819184026607028
128,0.04187186846963881,0.024413698803758432
128,0.006142911784697891,-0.0017497989624964405
128,0.11000080735151846,0.09870696414490038
128,0.01399814939458921,0.0007585864901273331
128,0.047381252591659984,0.034863445957250605
128,0.017355804398214714,0.002178640799076481
128,0.008282385574106488,-0.0049984938908092524
128,0.1212187235658761,0.10410897697216653
128,0.0010177806428123826,-0.011177044766875144
128,-0.07813320764007692,-0.08691855886677924
128,0.008808923321941109,-0.006208904349638611
128,0.1011997559690852,0.08681980563722752
128,-0.01838201322855937,-0.03528357598741322
128,0.09309015824479466,0.07787376251993855
128,-0.08564524790864242,-0.1003165319361975
128,-0.08215035203706922,-0.09441462720916516
128,-0.10164104460108109,-0.11504778176410158
128,0.026745483910584122,0.014581078630711342
128,0.02251217468749961,0.00543338002139937
128,0.010038566001905502,-0.002914389115750593
128,0.03448280062237424,0.02215495250967542
128,-0.06794350329686266,-0.08000388106270384
128,-0.1253756280761883,-0.1386098245335785
128,-0.05075437932287297,-0.06817878996384669
128,0.021831733000818587,0.008303761998463388
128,0.02781100536951714,0.01644650971884626
128,0.0038048525969140434,-0.008167993394113726
128,-0.11935780583400413,-0.1367905816219135
128,-0.09043319425161528,-0.10292570226271952
128,0.04775877107211246,0.033432814670456945
128,0.10645218120448269,0.08891471797840228
128,-0.053531877441311215,-0.0667969557041797
128,0.06266067876826742,0.0480858566910109
128,0.004261177795504945,-0.007533202772525449
128,0.02635954061658885,0.012189598774956623
128,0.08962551208094299,0.0737897385400596
128,-0.005535687637803877,-0.020823784780927723
128,0.06812862846453754,0.05617162110261176
128,0.03406684006084454,0.021304444603334194
128,-0.06070383285055897,-0.07244812569176012
128,-0.04678058580084532,-0.06096338832896964
128,0.04947126846089672,0.0305181404454683
128,-0.0062301348615309005,-0.018231471828365597
128,0.029211081127420324,0.015896502956680936
128,-0.1368895424368794,-0.1509272871242548
128,0.009078506574045297,-0.006082224685598159
128,0.12705140089613104,0.11638160308352835
128,-0.09205670318760817,-0.10480226368393869
128,0.09210148816236313,0.07855571521270371
128,0.13408105013997446,0.11857717644588056
128,0.008015119616426092,-0.005013918413465601
128,-0.08400868072689627,-0.09798263005533381
128,-0.061266429323069416,-0.07643928742433898
128,0.008631862370559573,-0.002222830677043819
128,0.19781126859392378,0.1793719716739542
128,-0.014052628935199873,-0.02911750267768143
128,-0.10509685199579655,-0.116520657315137
128,0.11431079453602638,0.10200855418826843
128,0.08997205384353252,0.07609011857644615
128,0.03724318767162749,0.022322097703833255
128,0.025548574182908346,0.007719526838051272
128,-0.0725305227831573,-0.08746148053485636
128,0.053188600537136754,0.03776752173842579
128,0.032633782680903,0.016223164696373416
128,0.04132974705818715,0.02618673236701441
128,0.044648591487050304,0.033353152595829605
128,-0.01962031528323166,-0.03757550862016246
128,0.027655592725695066,0.017946612952899732
128,0.005931866244903161,-0.009311156951395227
128,-0.026552988024195645,-0.041235530404554244
128,0.08324821327626003,0.06833002432925439
128,-0.002436525139676904,-0.011745465280139478
128,-0.029082054026416893,-0.04499511063355727
128,-0.10752392731460941,-0.12138736980176085
128,0.08565944835346823,0.07105871285069232
128,0.08494638234185842,0.06860831655921218
128,-0.036435268225674444,-0.054712892807723124
128,-0.0192612231265602,-0.03464572718208786
128,-0.04147907199781542,-0.05829477711517195
128,-0.0037683679692341876,-0.011860280173870474
128,0.04990254718639864,0.036879271525366186
128,0.0664644338228978,0.0531468254261897
128,0.09401805500022326,0.07635925077691819
128,-0.020330472125071553,-0.03712580606012583
128,0.020540353814698764,0.0052011030423666504
128,0.08650711574207542,0.07080788737576577
128,0.1521296164642269,0.13563675248353307
128,0.08785415310987871,0.07477330747293315
128,-0.041736267336889565,-0.05542516777658729
128,-0.03858154490707272,-0.0538024014720721
128,0.0018449026861566686,-0.013902258340630913
128,-0.04099495297750855,-0.05286315927339302
128,0.008020770931489618,-0.00495214501372393
128,0.06836327775662732,0.058240723578572795
128,0.08319896722047532,0.06891101454009729
128,0.16605496823332205,0.1507991889901999
128,-0.022465176853907032,-0.03609393126011301
128,0.03918939468426447,0.024241985846672753
128,0.11160559485411731,0.09827626347776547
128,-0.10535817378231516,-0.11830885439069866
128,0.05038017799915956,0.03230792640490687
128,0.12374526970946903,0.10454228974717722
128,0.05064476234638732,0.0360614513932927
128,-0.015036793510699031,-0.027552232938131638
128,-0.09852122300555088,-0.1135439087515907
128,-0.15729388233879582,-0.16855681211260842
128,0.10730927216881275,0.09148018338085434
128,-0.05089926477201673,-0.06102505469866909
128,0.03508031673266243,0.017882343016894786
128,0.1338776406185906,0.12472836650954394
128,0.021362515771692347,0.00719094393851788
128,0.03594944846170056,0.0207433838234809
128,0.008796190316362307,-0.005170856722694517
128,0.08069989930252702,0.0682976696236568
128,0.04121844697328181,0.03024185104620941
128,0.13152805981171828,0.11569550369248377
128,-0.014232364565292088,-0.02900772138582325
128,0.09328990542324117,0.07806873230758254
128,0.0860725821149359,0.06833526991762756
128,0.03219103521244954,0.01677483985963263
128,0.023022407801887523,0.009835812317260773
128,0.04176427708053371,0.029725564102053625
128,-0.015333512204049937,-0.026456796362225643
128,0.029211582672486303,0.016755211701979078
128,0.05560100309953586,0.041542853631783894
128,-0.1215775843225656,-0.13680380943873421
128,0.11096180015773655,0.094959191512551
128,-0.030732838965117304,-0.04272734729811206
128,0.007152449362470559,-0.007254997869591773
128,0.0005772639020273918,-0.014711122767916751
128,0.0024121872702813074,-0.00782648359952065
128,0.007700819636930978,-0.0021641682512471005
128,0.0827341333162796,0.06765378397714661
128,-0.11081974118217308,-0.12432889648893491
128,-0.027947384522337027,-0.041449318328823426
128,0.057283166468787894,0.041476948611399056
128,-0.09216205206264072,-0.10502784075395571
128,0.08535952275531616,0.06812385185701691
128,-0.03404511043307412,-0.05390535300540017
128,-0.01720185364674981,-0.027066562423609886
128,0.044455557418270786,0.029526232833650468
128,-0.020394944477905685,-0.03660298605185247
128,-0.08853284545651224,-0.10185564562491423
128,0.0059168356366791075,-0.005373222457967564
128,0.04073609601296807,0.024520999061261428
128,0.011947461312264984,-0.0018926089608005126
128,0.010718026514634271,-0.004883899376022849
128,-0.07038108723836012,-0.08376173851361174
128,0.05776923911464421,0.04761229468974426
128,-0.10182006221561934,-0.11354390401654274
128,-0.015937740283926194,-0.029141664706147874
128,0.09588644957289078,0.08410719436909314
128,-0.05899758626381568,-0.07646799183070319
128,0.061240254459054455,0.04660485118278884
128,-0.054579229900335924,-0.06945489166900454
128,-0.019014544638906394,-0.03566210227163896
128,-0.016764105005969088,-0.03514955319869795
128,0.08222765196252196,0.0638201909626494
128,-0.03759728433405207,-0.05169922649768893
128,0.08359917005500855,0.06693515215371537
128,-0.03587455815466778,-0.052824357864185545
128,-0.07324156416528677,-0.08737457405022614
128,0.1234878469259007,0.1102051396886205
128,-0.01488904259713808,-0.02771301190590436
128,-0.03002637411000708,-0.046341747686828916
128,0.04619328080694585,0.03433721406320184
128,0.16377337814526788,0.1531881567699111
128,-0.021803772416486067,-0.0384574964590334
128,-0.04294560410878023,-0.05539400296811092
128,0.0613494254462561,0.04376782342058222
128,0.009923485439555457,-0.003257258279659281
128,-0.0653591972704487,-0.0839480036104947
128,-0.03993887107378169,-0.05164647215069501
128,0.1103725835967228,0.09726173368641283
128,-0.014278615732555622,-0.024021528989021768
128,0.050553025609080704,0.03802388693460934
128,0.13003128211723264,0.11580712269875654
128,0.09424856311366964,0.08220639181659967
128,0.1931931035890933,0.17757546785133488
128,0.07128851173390816,0.05872770227676616
128,0.16531405566082608,0.15128884151109406
128,-0.05675631709326728,-0.06530626433859948
128,-0.04956947698227143,-0.06495748804845969
128,0.04938868195703838,0.03240149964241229
128,0.19220253911912716,0.1734921433476007
128,0.09191313422320452,0.07949035736353188
128,-0.07805660216576876,-0.09188770738215479
128,-0.019818209828938005,-0.031760581724469716
128,0.13315086677452587,0.12044200748798223
128,0.0851601786620661,0.06960651950619767
128,-0.015604447074803462,-0.029211970604588022
128,0.05922521295108202,0.040882724842882634
128,-0.14039768132543112,-0.15362455540535647
128,0.0011965112550551549,-0.013059152457460144
128,0.016070376066824543,0.0039853133589315415
128,0.0014796478064236784,-0.012926125177379899
128,-0.00259272571911201,-0.01729718789711826
128,0.02134681201858324,0.008657438274384865
128,0.09558302655324508,0.08270828122526191
128,-0.05893316884746563,-0.0716553124679506
128,-0.06534413209110679,-0.07590180097815658
128,-0.027828063735808595,-0.043825490197881956
128,-0.046498536073908414,-0.05832088638343308
128,0.053691524353395303,0.03551746050209198
128,0.043508116727539126,0.03303580723626859
128,0.10633895975944302,0.09386021023721464
128,-0.06404502631645692,-0.08022128061616718
128,0.012654120808191893,-0.005573382799000659
128,0.07806920858131361,0.06804032161217821
128,0.10191133735695396,0.09140687732642522
128,-0.0019764994972794603,-0.018225485344903536
128,0.1511309002086983,0.1402026835725318
128,0.07891503389750304,0.06529626660074944
128,-0.032053869982812455,-0.04696691715532625
128,0.0783748042321698,0.06524371269942131
128,-0.019624092487670386,-0.033940103690363155
128,0.10389946869948324,0.09410687156815783
128,0.015360339745122742,0.0007329956188841247
128,0.02239810916545909,0.007269666422872523
128,0.07161259198226938,0.0559322141964691
128,0.15502863096138025,0.13525884959435858
128,-0.14019971190308295,-0.15337995544101146
128,-0.05322240930225569,-0.0639390761564626
128,0.06210042150401812,0.043657811239349975
128,0.02555453892577375,0.010405275981718587
128,0.04153314897528787,0.02708338314709674
128,0.009178581841646716,-0.007641137327373593
128,0.071307206441651,0.06068944422943762
128,0.06683628737374031,0.05088487402827546
128,0.014512365306550146,0.00046518782711746365
128,-0.04379678845955831,-0.05636753565435332
128,-0.05216912865990181,-0.061382356418645256
128,0.15202475165867618,0.1372519561316305
128,0.03470119908760522,0.02029384559866182
128,0.023167890078302444,0.011086477079440937
128,0.004656312999836598,-0.005898313663820265
128,0.007139808847972884,-0.00805528053088106
128,0.12082987179406629,0.10266891323077193
128,0.06284388215138725,0.04778889716878576
128,-0.02753062980468496,-0.043024878640063824
128,-0.1647095059365462,-0.18290119252009318
128,-0.029504272316935864,-0.04325412877661977
128,0.045650374524256354,0.03178535473990779
128,0.0806887822324604,0.0661740886947334
128,0.12130284776315509,0.10736723254798602
128,-0.057760833444118476,-0.07180540910006522
128,0.05067507408290367,0.03879641985631005
128,0.09675713974953576,0.08068199000819537
128,0.06304462324213106,0.04970513485738548
128,0.05106010338841749,0.03745690828328874
128,0.10028855046937463,0.08650865716719208
128,0.02471086688618268,0.00899029212528174
128,0.008861925523766023,-0.008993795767403445
128,0.06283086096118173,0.05193929532790498
128,-0.08116725932300856,-0.0951972445428691
128,0.004258980243470323,-0.010422482999920546
128,0.028156173968630016,0.011792520074534352
128,0.008629391997055036,-0.007142067505703675
128,0.09685371000523663,0.08550956997397491
128,0.0633827921268782,0.04739800710826203
128,-0.030887032557704364,-0.04283983439279426
128,0.06451128758792962,0.048949966754464
128,-0.020042683123035865,-0.03368874872930644
128,0.005009091831802648,-0.006223684459135959
128,0.06919582843350763,0.05264291128336601
128,-0.017071626456834132,-0.03068909260918523
128,0.028058415104805834,0.012879666068644324
128,0.043385285300634346,0.02662144276714362
128,-0.035460443250298845,-0.04634740073895849
128,0.03806385253714406,0.02150535544571769
128,-0.04090414929496494,-0.0537014332762894
128,0.06909759926889814,0.05679254188182192
128,0.09868368816458412,0.08068974251015054
128,-0.02693683140014036,-0.039863557045444975
128,-0.0034707166475965723,-0.017705482545578022
128,-0.026958026471027074,-0.04655836787097678
128,-0.06293154272420814,-0.07682688272331017
128,-0.03363693001557011,-0.04750404351297477
128,0.0762988878411649,0.05823652433348292
128,0.0639376707344389,0.050385987029233636
128,0.09387484810927044,0.07987557033568465
128,0.08280215813597563,0.07074249844005881
128,0.10033805027005821,0.08640970260767894
128,-0.060650299129587304,-0.07427780414505697
128,0.023408663901328786,0.010423753024551619
128,-0.07732228592239837,-0.09223310764879339
128,-0.1009406235101129,-0.11230313002040998
128,-0.08552171085311022,-0.09887662012834691
128,0.06224709744825019,0.048696697481838414
128,0.0029328453182875247,-0.009909182015984952
128,0.09974494755807489,0.08379578305768226
128,0.1155121388756975,0.10430276421852508
128,0.0332928855369683,0.020841662149725604
128,-0.024292470170484082,-0.037446647845712555
128,-0.01907962981320227,-0.032633413954304025
128,-0.0461475003542956,-0.05970809630944812
128,0.008868878241112321,-0.010017391631754635
128,-0.0348265905435432,-0.05258659945652372
128,-0.010324155003155255,-0.024705038579406258
128,-0.035705318675160636,-0.05288037849206445
128,0.058342047424683685,0.04787551592677258
128,0.14128563682657208,0.12744275748537076
128,0.11279747595098505,0.09938809318157932
128,-0.11709732841233556,-0.12722385506525635
128,0.052792826856343456,0.04191632658677363
128,-0.02579795131415652,-0.04175234510242204
128,-0.0760979984562879,-0.08854682557953408
128,-0.055485796107099694,-0.06979036654770782
128,-0.12388890411604842,-0.13819385182994054
128,0.1395088670384806,0.12426346866937726
128,-0.08122505528492657,-0.09029151587417628
128,-0.05591354186412173,-0.07414740535921238
128,-0.050776128846025115,-0.06364016081373397
128,0.12291909325458233,0.10603632679984415
128,-0.07921052817155316,-0.09394222562390386
128,0.03713278147522536,0.02158755884552127
128,-0.0716406447882934,-0.08456424085014391
128,-0.06227616222648319,-0.07473266341634571
128,0.07905066816019268,0.06891494085030475
128,-0.04560185422305513,-0.05628929972114266
128,0.006177980551119844,-0.004453650259677977
128,0.003763733263830782,-0.013460942101879703
128,0.03319605384977653,0.021047200371636432
128,-0.0408816147735942,-0.05694271144912216
128,0.1255695614891878,0.11429558082766417
128,-0.036636770426247744,-0.052454521706260526
128,0.040896856784766455,0.02158693997774369
128,-0.03707179234122315,-0.05367465026071877
128,-0.017135055353884987,-0.02767894828403844
128,0.0019705858969807366,-0.011041541658734222
128,0.03489661632963892,0.02168520334434426
128,-0.07276869805778702,-0.08885312203062845
128,0.07762201065618152,0.06197203413609492
128,0.19345681149499566,0.18212623847630988
128,0.09185697608603366,0.07600483353469112
128,0.02673257117326705,0.017734427474017433
128,-0.008648004518563457,-0.02202063104593327
128,-0.09489576514423514,-0.10928680903172583
128,0.02236380726412751,0.010605749537597187
128,-0.005492732757865715,-0.0212062837877654
128,0.03390195384414829,0.02264805091448069
128,-0.032342689008379055,-0.0408761521965092
128,0.03852246219865635,0.02127723251699709
128,-0.015268651534728728,-0.02924487041964241
128,0.02145631292027994,0.006707350801012313
128,0.07126499872303221,0.05753810317457897
128,-0.03346360083437866,-0.046789993740421476
128,0.12412261509854078,0.10830857373918218
128,0.02141252655030923,0.011363726310715694
128,0.11457048703776268,0.10088823806278063
128,0.205844956409926,0.1907635225382051
128,0.1582769013205168,0.1468686843297669
128,-0.00043610088699674865,-0.016355594329038325
128,0.0004347717803904749,-0.013667743028105861
128,-0.05745491336151237,-0.07361347536444834
128,0.09696800911567643,0.08439534756538986
128,0.03963431531371481,0.02469571717091995
128,-0.0613007813470543,-0.07478698156827329
128,-0.02934461001199906,-0.039845572339582636
128,-0.06169965614292733,-0.0795007694140657
128,0.051648500246288975,0.036969127514347055
128,-0.024131754871656363,-0.038742690362721044
128,0.04920998054028791,0.03341033423385087
128,0.02220672821826658,0.009302532007835707
128,0.12292727981834678,0.11042481606359528
128,-0.05551679312081936,-0.06701301569383339
128,-0.08479456745919972,-0.09489978467263127
128,-0.022405619069638227,-0.03847783254546916
128,0.03821752359571917,0.023328075211628774
128,-0.019889742718535164,-0.03023405313383637
128,0.005385426632793344,-0.006045594603175497
128,0.2533490544698232,0.23862779461933997
128,-0.08020629443585398,-0.09598596388772768
128,-0.08218798890705165,-0.09692515872985136
128,-0.007915919436581542,-0.019926459774119887
128,0.06554155791572253,0.04738553714950883
128,0.08058096056716485,0.0675816758976232
128,-0.05876324663001464,-0.07497566665178479
128,0.16266688370374177,0.1447259106257323
128,0.0310428448939552,0.01828929320585332
128,0.027319486462202447,0.01681381217522615
128,0.04028251752386797,0.02085448818489849
128,0.07708997734841389,0.06493486573932011
128,0.07951370795905166,0.06180049225367917
128,0.017190109387381136,0.0025755692862005075
128,-0.09682765558163536,-0.11340276628301432
128,0.024762009317682354,0.007560399823941133
128,-0.08317467134072187,-0.09440669516152617
128,-0.0036674943023665696,-0.018719154801545346
128,-0.07462880816010681,-0.09194709391696759
128,0.08517692985558117,0.07410320359380657
128,-0.08039482891309835,-0.09680265503232238
128,-0.05059127204658875,-0.061744917821398515
128,0.0980689980991925,0.08535656256049001
128,0.14784094278684773,0.1343861868386947
128,0.0528201188939596,0.038502019166635926
128,-0.008383875381452965,-0.021589861791392995
128,-0.05047311190547743,-0.0634774122702581
128,-0.07647852081252127,-0.09311275072711955
128,0.0545646272989882,0.041724060816928865
128,0.02895964437098797,0.01757629169643876
128,-0.12966465577770314,-0.1433969985221209
128,0.05286462650484963,0.0364622902448139
128,-0.080205884815792,-0.09531082477059089
128,0.025982750243855324,0.012636274018360982
128,0.02944020822483895,0.010469683083657866
128,0.021060158776089244,0.006740349573659377
128,0.135695132731169,0.12336749222855609
128,0.12392973182245476,0.11199341671981605
128,0.015767364042839238,0.00038089891278819676
128,-0.0280993404596398,-0.045964052667220257
128,-0.09153336481156327,-0.10348786568317553
128,-0.009753396875292586,-0.023986800721059243
128,0.06622080217775006,0.05266163006029456
128,-0.05963842242406431,-0.0743869226696392
128,0.029053069007243304,0.011246198415839015
128,0.12786561622654607,0.11208142444926711
128,-0.0196239971162796,-0.03360784466559469
128,-0.07917286261867806,-0.08860289004296468
128,0.08541192194961039,0.07063062520076391
128,-0.2252416475980521,-0.23773762857677488
128,-0.0021178961381091432,-0.01401190092786414
128,0.1106364893702963,0.09674331077630988
128,0.034342507949549905,0.016381666762107394
128,-0.08344115797324242,-0.09575118214417111
128,0.05508071459941183,0.039896727474782734
128,0.0260458707599574,0.010966265303974598
128,-0.07380134460746812,-0.08511549757186754
128,0.10094268962447145,0.08916229271949544
128,0.05157525268494656,0.03867328131161235
128,-0.006120684233921758,-0.0194285387789096
128,0.11027520628163939,0.09915854423936815
128,-0.1718977727590342,-0.18704062267012558
128,0.12138630365570674,0.10716549515923829
128,0.006377655967883755,-0.010971769571485768
128,-0.053110474727256385,-0.064990097785814
128,0.09189768892384426,0.08188000732883255
128,0.09753486561508456,0.08503439317535494
128,-0.018748504429496993,-0.029904284340593723
128,-0.015288074120979489,-0.03091199539749745
128,0.03705188886655447,0.023193410028413408
128,0.02251684279812971,0.007271648275298526
128,0.0497505068616263,0.03588355753781636
128,0.15422771963059373,0.14123321808487238
128,0.14052620577261626,0.12493573031365429
128,0.07618728549729903,0.05859335384180897
128,0.0054778825993771485,-0.008269484538899863
128,-0.017685609084192533,-0.031334801344047536
128,0.004811525059883415,-0.01295831341634368
128,-0.006854055361191047,-0.017045934267405027
128,-0.003256343651908744,-0.0158896767263213
128,0.12668584821677137,0.11725507898636395
128,0.057550581355594765,0.0445863895203073
128,-0.01822838402155369,-0.03393981691976439
128,0.01280703604961092,0.0014637810970328236
128,-0.050424061558236366,-0.0660417740903152
128,-0.04775157208667535,-0.0632666127929285
128,0.007027748270598599,-0.007970428750690484
128,0.0007082152857331159,-0.014469280179401356
128,0.06369240209596727,0.05229895283939423
128,-0.007851691802296334,-0.024283516063724753
128,0.004101898716418473,-0.013177467246431818
128,-0.07958466767301614,-0.09334253148280097
128,0.04048160574540577,0.026997028158873948
128,-0.10264705960886295,-0.11783963589937174
128,-0.08685785071072677,-0.10262861127503659
128,0.15522439707424535,0.14011164210673938
128,-0.12967603287581114,-0.14485215706481191
128,-0.08958398173430421,-0.10282457393954586
128,-0.05163146307980726,-0.06327078824263394
128,0.038363928275178094,0.026967578589175034
128,0.032081480973910115,0.019318414641239234
128,-0.014049050178173261,-0.024434885192274325
128,-0.048425021579994565,-0.06472118532842808
128,0.06580798471476224,0.051523151622572205
128,0.034003488326568354,0.018965221635428908
128,0.1133665983289101,0.09528129667654411
128,0.136881409460682,0.11834128765322732
128,-0.0067914022634298354,-0.019310551200617698
128,0.17552147559665393,0.16490860130315715
128,0.1779724553211935,0.164575684403984
128,-0.1194830395619933,-0.1319340098232294
128,-0.06812388650733942,-0.08528655684006681
128,-0.01287817611140557,-0.028987550795142814
128,0.04562094308122738,0.03319351227671452
128,-0.04886156650470491,-0.0656469849242059
128,-0.014013568455418957,-0.03135715676360534
128,0.022568148940765587,0.00905832913429111
128,-0.034559582812556666,-0.053721772604809315
128,-0.07646651622242578,-0.09215627753471489
128,-0.05638091348312352,-0.07310547745953017
128,-0.026988009339110386,-0.03986841283813991
128,-0.169641528060813,-0.18399027286582503
128,0.03802485151989865,0.021861421145173088
128,0.044227918316210035,0.03103478255457076
128,-0.04585174713293355,-0.060506649521107014
128,0.06312269446720126,0.04931716303008926
128,0.0201651232068078,0.006674849917621073
128,0.13179092614673998,0.11719429674266996
128,0.11189887035478746,0.10104314680589405
128,0.008601405575437093,-0.007075917012211608
128,0.037371662917329795,0.024580842901714695
128,-0.023290838136155068,-0.03691912440702083
128,0.062444082093147724,0.04959688354523878
128,-0.01771895444822086,-0.034478383770515986
128,0.043417195770675154,0.031624999299002754
128,-0.07219682112775055,-0.08183627724919246
128,-0.008336298657207586,-0.02059960115553472
128,0.07045998674660808,0.057794387760173094
128,0.15350517766776356,0.14020871885132485
128,-0.07122721823212758,-0.08631172229130563
128,0.11653131298895486,0.10141649473347852
128,-0.030484749726085225,-0.044984073331665986
128,-0.008401547387950292,-0.027962159779934326
128,-0.008002133032176506,-0.0231893987517095
128,-0.0800440200057218,-0.09088913394240206
128,-0.018107007886794813,-0.026850692048466407
128,0.051637572309754354,0.03485517025909807
128,0.040603982648987624,0.02471570601982165
128,0.04649894945750571,0.03608876151337126
128,-0.02751537955413419,-0.040223675308733
128,0.0892780666339153,0.0767051109334389
128,0.12355038039965444,0.11058570711087196
128,-0.1091201178411742,-0.12361229289581904
128,-0.023466140435270677,-0.036351277296450324
128,0.0618450255582248,0.046842121936543135
128,0.0223875545123442,0.010585160698146079
128,0.10872654934362008,0.09719989751859742
128,0.14321652497958276,0.1314511021271118
128,-0.026860884935599127,-0.03900254582298729
128,-0.0032124502597571936,-0.01640843117806917
128,-0.010625186818885302,-0.018404990386780784
128,0.027026553318213575,0.01603649764037962
128,0.06675608434643959,0.05399947864752902
128,0.171535300068493,0.15877354444325115
128,-0.04701675743823314,-0.05985908683472008
128,0.053520340126802735,0.04080714636018584
128,0.12632869846824252,0.10877538233563339
128,0.1152543511798439,0.10116234258749429
128,-0.004332115562156125,-0.016299987421032724
128,-0.05299741365072935,-0.06771283696385355
128,0.15247193978651424,0.1370079472320999
128,-0.17857289168169443,-0.19165834427305944
128,-0.049347653739448494,-0.06159216775032256
128,0.000446914091605799,-0.011516101189731176
128,0.02768439441218079,0.01632032249164239
128,0.02494644284813463,0.010902168445474536
128,-0.017524042040305887,-0.028374016110154
128,0.036284164345774195,0.022061483434568763
128,0.10179751181781,0.0870577659658402
128,-0.12983211381745052,-0.1412264485673677
128,0.1285199805895964,0.11272690083970455
128,0.03131592158893487,0.01410748283178448
128,0.12797916072110466,0.11821549200682752
128,0.10553478691585955,0.09495696750221799
128,0.07538086412929235,0.06369991358924315
128,0.0834578325346888,0.0676051709118996
128,-0.04165973977669979,-0.05457844284389923
128,-0.026883733200768423,-0.04311125439052477
128,0.11362184355914334,0.0949359092548328
128,0.04119887864269489,0.030308304778541073
128,-0.012325057024552777,-0.026423170416711717
128,0.03664798740419306,0.02528001736282448
128,0.01764634670861509,0.0022391360520975234
128,0.02051821207863197,0.006041594294474151
128,-0.03159109817386557,-0.04741848184682612
128,-0.01034347925994461,-0.022938419614196348
128,0.10199128596518009,0.0878092332205434
128,0.07821325780460103,0.06730990594297548
128,0.05336197177576513,0.03892109209136052
128,0.07010279249629198,0.05978970890540547
128,0.09907322394087009,0.08608637971622385
128,-0.004020198287351839,-0.017609439841881736
128,-0.012989458057912129,-0.028484015622212422
128,0.016108677037879493,0.0030766077353084897
128,0.09087442960407927,0.07674628114722415
128,0.13957022602659036,0.12189301227010024
128,-0.08434024088910741,-0.09860233532634172
128,-0.0008228004304337011,-0.018675786913784853
128,0.020002935546477585,0.004241029742765801
128,0.0037885045893845115,-0.00702945792904075
128,0.011830720784580306,-0.0020609842681569845
128,0.1092137543950647,0.09195089850415922
128,0.17608532484771217,0.15665088792101972
128,0.004613179524104227,-0.010244212826085897
128,0.0989657595412265,0.08390918331583291
128,-0.11515379114421798,-0.12957083334246067
128,-0.02023924864546467,-0.03227804951876667
128,-0.033165290245825596,-0.04652418598034508
128,0.03680100768558342,0.022698860457827374
128,0.021232600056346695,0.00387909127123659
128,0.05364650976347651,0.03891429700535809
128,0.048033047448018895,0.03503579354891606
128,0.026275327423355477,0.015263788630958619
128,0.04975940444530258,0.03664260084554671
128,-0.07671574486839344,-0.08449684675750552
128,0.09913631477124968,0.08673492541828337
128,0.008466566253895136,-0.0021654114158047855
128,0.05937106855715041,0.04644989333157218
128,0.20615105096514758,0.18582454159956024
128,-0.05604706003190629,-0.07092953547860875
128,0.010941721014875339,0.000400050356082593
128,-0.03729067357047161,-0.05171142208947904
128,0.01736894220823132,0.004192686189950112
128,-0.04673421889608875,-0.05782700939955965
128,-0.06522665618679474,-0.07677336472988028
128,-0.06474012626948994,-0.07867838281441741
128,0.04110787426954565,0.02554586673265058
128,0.012987538725552195,-0.0005006946180615701
128,0.04153654122419248,0.028653078824621037
128,0.08868996552518643,0.07679558438953704
128,0.023794103431479474,0.009858711699044564
128,0.05040434229422647,0.035645499077528564
128,0.1697664553608293,0.15427124177518386
128,-0.06639646606055799,-0.08213321561824116
128,-0.19457990330325534,-0.21168579694388703
128,0.022347899176451747,0.006545441451021927
128,-0.07949655331016547,-0.08765314508771821
128,-0.008258395314832245,-0.026896812057706554
128,-0.05730457397898292,-0.06987837699403598
128,0.006679633388273709,-0.003622796827263186
128,0.13030084601546926,0.11820545845555913
128,0.020699863823447406,0.00745746140583925
128,0.16442369926162098,0.15144479250178527
128,-0.03832505477312942,-0.05006585019549631
128,0.06812669980387265,0.05629574285063149
128,-0.014044701433387374,-0.030414144487043826
128,0.08844006089499062,0.0724242387223516
128,0.09095721327234635,0.07568570242870543
128,-0.00940883445472257,-0.025928719860351668
128,0.08095323935900095,0.06709204333252206
128,0.11795093305749954,0.10612145148887403
128,-0.06370149142204706,-0.07650601662404671
128,-0.06368267627582264,-0.07742287913999762
128,-0.01046355362540724,-0.026315319467243525
128,0.026745695114884005,0.015382563030358343
128,-0.0507401517488168,-0.07057066440728904
128,0.034280732606965736,0.020403841765915698
128,0.009225393330771103,-0.0031295478522821996
128,0.047067872408013745,0.02920372737897492
128,0.009793713375517155,-0.007201166124250424
128,0.046485955183971195,0.03387043367380521
128,0.006871701663388963,-0.010580242260638695
128,0.010768166142605728,-0.0037402914362988926
128,0.04209681103751106,0.027420603905473906
128,0.07811400168245547,0.06531415667602386
128,-0.0579884505654667,-0.07884787367312973
128,-0.12558537939126946,-0.14017734824186112
128,0.09207053373161539,0.07933900026213603
128,0.04152331953938404,0.026528534763782252
128,0.10518009904369435,0.08850078123659738
128,-0.0542637415700129,-0.07081050519492849
128,-0.0495167340230005,-0.06410505672482913
128,0.06373161493503982,0.05492021153689475
128,-0.09041740670630682,-0.10348532797846283
128,0.03702858774983009,0.026065090961126525
128,0.009311488879960694,-0.004708863795258589
128,0.0645503238819688,0.05341746146449283
128,0.1347656030271442,0.12245065771094338
128,-0.06259064389050917,-0.07967042775382593
128,0.066344300988874,0.05532973892470622
128,0.04805613374098955,0.036262144291782095
128,-0.0008192825918357793,-0.015372753759128
128,0.024721348782445196,0.011013021313666105
128,0.07579264895790094,0.059745501614530294
128,-0.013589025194959803,-0.026753964752019244
128,-0.02163683265198091,-0.03680455445216724
128,-0.10342616449857206,-0.11276262161840916
128,0.04353931620207835,0.02584728402080616
128,0.04041958403937462,0.02495329200716817
128,-0.07009512402108009,-0.08398154239113426
128,-0.05932962826607674,-0.07267790208622121
128,0.04662119686846922,0.02985884593504473
128,-0.05828447028908407,-0.07488947839787213
128,-0.09890709201641112,-0.11773661747404796
128,0.0845044039225446,0.07055402770148966
128,-0.027765709533824123,-0.03893146475840209
128,0.12255151897627387,0.10937737648183704
128,0.1325258546892561,0.12015956263724442
128,0.10989942910446099,0.0971623374165333
128,0.08388850259204211,0.07049430107030497
128,0.04476995294394326,0.030806925713210365
128,0.12715794405735886,0.11449274854836439
128,0.0185722880345795,0.004009921952441986
128,0.06672805079674637,0.056576537853687825
128,0.022877655925262474,0.009422899760627212
128,0.1904131491710463,0.17740361067342453
128,0.03810246492473812,0.023812425897852818
128,0.1713547086641401,0.1596141720849989
128,0.05726914902670294,0.04091460717776796
128,-0.022020629581490647,-0.03484815619733411
128,0.13521673889886826,0.12498666329522684
128,0.009472028897821005,-0.0056967439293452715
128,0.009167349090245414,-0.006578726503219501
128,-0.0039262476046895145,-0.018075917942611486
128,0.11950635794642755,0.10539748745612282
128,-0.026248992948353977,-0.03844884594403292
128,-0.07155721352461192,-0.0846230953323619
128,-0.07402491937941813,-0.08541008398894762
128,0.11656181610411326,0.10231188587494028
128,0.026488723508804213,0.009886105071902629
128,0.10656423600514214,0.09094754974055846
128,0.031478479905364454,0.02071213766935276
128,0.03336751035835661,0.01756860705557506
128,0.0760269498636083,0.06151367736528618
128,0.14086920241855933,0.12365868092963056
128,0.03208911595632802,0.016444337543882692
128,0.03203286135283989,0.018281228946091743
128,-0.008010730059924032,-0.021124468654032225
128,0.1109937836845401,0.09474644482334543
128,0.05236313404295201,0.04258307137157341
128,0.06257279926401216,0.04165029567761197
128,0.05650094268948075,0.043353019711829255
128,-0.006564335295145662,-0.017971566845638776
128,0.10850844551126132,0.09840397113517602
128,0.01886748111070019,0.003202464778077563
128,0.1620384985001228,0.14765057081800353
128,0.06519872223949269,0.05176809484539663
128,0.13504117210726457,0.12102041528844437
128,-0.02460305301205784,-0.03487056187251869
128,0.08417451684755889,0.07022345379699468
128,0.07324483803719295,0.05864458547014195
128,0.05414525512467605,0.03990610783879167
128,0.028363898191750225,0.017564560481508507
128,-0.028512042464561627,-0.043800467226346174
128,-0.019601298527260225,-0.036570771712756966
128,0.04463604111341618,0.032289826218183326
128,0.06104169089584066,0.04683315989796155
128,-0.03518350489865085,-0.04960317689961141
128,0.01986206501974308,0.008073719775199384
128,0.06367514071233482,0.04492880592183318
128,-0.08420960939265731,-0.09812506044046637
128,-0.09011616065257094,-0.10090065315233138
128,0.052031445445238356,0.037103129403489976
128,-0.015047025163538952,-0.030406917815650136
128,-0.026903169980548702,-0.040265533332023484
128,-0.011681006124917515,-0.022984081114344967
128,-0.04071385541484629,-0.05714524394636311
128,0.11611306129111881,0.1005819877521878
128,-0.1239347738044464,-0.1362327677371165
128,0.05870100384577337,0.045319911171238014
128,-0.05946806757944212,-0.06719039847673214
128,-0.0027389365186358816,-0.02056129889560926
128,-0.002387011007853823,-0.012219696517346557
128,0.018628246421243833,0.00669844116810514
128,0.038085960791993334,0.027565268534876453
128,0.07904274111201287,0.0631094187249494
128,0.10484259015621028,0.09219094370848452
128,0.036376675047003926,0.017721267964857457
128,0.053371123047616875,0.039180628173421994
128,0.08058585230368226,0.06838615120572128
128,-0.07272672764467203,-0.0888327008561739
128,0.04422801562367151,0.03074010981347236
128,-0.11338830830742858,-0.12578604602005866
128,0.0990280279786589,0.09034061206452187
128,-0.10066458305993209,-0.11567073292517821
128,-0.04356911869388119,-0.056086298654919264
128,0.20182891069327552,0.18963312516452963
128,-0.061975560279706854,-0.07559091132976531
128,-0.008250153998127507,-0.01441383793452905
128,0.0003760779349505361,-0.015171832445993072
128,0.025581633248602853,0.00821865581060749
128,-0.03878039544307399,-0.052780713129607915
128,0.04438874618395838,0.029929227952184112
128,0.0918415538202097,0.08109063992209736
128,-0.03905020118219443,-0.051516751493035695
128,0.11171169504683048,0.09568674393051152
128,0.13814491861431938,0.1232809360102966
128,0.050180277293299436,0.03783734358978824
128,-0.04116439201784988,-0.05610284912055358
128,0.017475809199893444,0.001966304763885429
128,-0.016279109710836737,-0.03506198105209607
128,0.11978023565742818,0.10490812675695577
128,0.08030325353296835,0.06490956036602913
128,0.10984032455862852,0.09369353982992051
128,-0.0998500793147794,-0.11129754914834183
128,0.07060525278280577,0.06141814658834488
128,0.08896173315582506,0.07780536605416671
128,0.03700966771751968,0.028361122721072107
128,0.043133646503326795,0.03062863173214264
128,0.0790023943546021,0.06752551861376072
128,0.06704700912732381,0.05278956152664582
128,0.1028760878437544,0.09139764822421997
128,-0.045199490177387724,-0.05976946608451733
128,-0.003290459463829054,-0.01832933354847488
128,0.04534316266680022,0.032869272693286655
128,0.0748311153726594,0.06193567855927323
128,0.11951013701115892,0.10216933933796907
128,-0.024951931103863234,-0.041569532452875146
128,-0.09356489465723927,-0.10883115246968034
128,0.07218543601873212,0.05739622772707281
128,-0.07354222886212264,-0.08791625111362478
128,0.016045129000358538,0.003421502808328203
128,0.0612311886986846,0.04636025420474871
128,-0.08847749407776223,-0.1021402553636554
128,-0.058006735568080614,-0.0731896659388267
128,0.13648814565213613,0.12402347036630629
128,0.07256227171814239,0.05918595231434237
128,-0.059454608815951104,-0.0775010153645454
128,-0.09832244000737361,-0.11360183833898702
128,0.0716888226181982,0.05341198314594864
128,0.02883386163675239,0.01385326506924417
128,-0.011371663796180986,-0.02370417121438606
128,0.04482143393679877,0.031140365892906197
128,0.0158305838610438,-0.0004681774091559454
128,-0.009365188891968801,-0.024640303784217055
128,-0.022497284238940707,-0.038302394065623135
128,0.04841989279904474,0.035606167406878
128,-0.05365098854288769,-0.06698629315804588
128,0.008869480656314321,-0.005058450797443548
128,0.006540684988489254,-0.008506839516795317
128,0.10942856111438065,0.09390993772169237
128,-0.020010053970256236,-0.036765219989086495
128,0.061500808520290384,0.05045876440974578
128,0.004041209867859941,-0.010528077076510711
128,-0.1166664995662749,-0.13530415249600852
128,-0.14879013958664095,-0.1637993111698316
128,-0.055299010991823494,-0.06697145465834825
128,0.005505810011303736,-0.0076466370090096936
128,0.1226935424559999,0.10434044743809207
128,-0.045513604397402596,-0.06289426827513928
128,0.05334169975102132,0.03736913721867485
128,0.08426783532156051,0.07172236875266214
128,0.002611773500498571,-0.010818204054286129
128,0.029383174856491612,0.012962881590095177
128,0.08654562034457564,0.07044422202268374
128,0.08281445880116628,0.06678476900404628
128,-0.04485992865134136,-0.05873670512547591
128,0.0687578933109958,0.05558053446299055
128,0.18608459931700944,0.17668467720772835
128,0.017036377743284647,0.0025064367427842793
128,-0.09160202657714195,-0.10462963360676297
128,0.022804142555730822,0.014615647498178508
128,-0.023952425189122384,-0.037366290079996756
128,-0.09103206188760138,-0.104534079205721
128,0.023351246302731055,0.009777683588985675
128,0.032004513898041986,0.016312298011800563
128,-0.03700304698618245,-0.04977003565188337
128,-0.10284536827401264,-0.11214177520922691
128,0.05002775029257134,0.03855815269795404
128,0.06238964844437256,0.04727465805554715
128,0.011964481629393231,-0.0020020937965425367
128,0.06442942956164588,0.05220902819519746
128,0.08059151602581044,0.06791856720277445
128,-0.022537164918920494,-0.035231653014828446
128,0.037747757720305364,0.02204784361744727
128,0.0434710573161457,0.02747238068288832
128,0.13389458039251206,0.11610149510829543
128,0.013400632910099741,0.0006431009620485595
128,0.008044794255475107,-0.009019895122310662
128,0.056355068665019936,0.04170310213299794
128,-0.011253995561182395,-0.024294652358926083
128,0.051606882263339926,0.039126222461414395
128,0.06722519385814302,0.05068262892132852
128,0.03887976399645943,0.022899979082684874
128,0.10757176670974128,0.09180362855904295
128,-0.09467803701266081,-0.1092167977526568
128,-0.06388845062597132,-0.08228640945202126
128,0.2132488673705773,0.201696433174327
128,-0.026622889693207696,-0.042147118694510044
128,-0.1698682247381889,-0.1838891182651153
128,0.02555414296502595,0.012857542188950521
128,0.14873083365206746,0.13420475445652963
128,0.15644026939494488,0.1431153737124326
128,0.05630350083280944,0.04042247686739203
128,-0.016309233389379285,-0.025515877214229765
128,0.01715273665286754,0.0036088474615826316
128,0.04734612218713685,0.0339953417802048
128,0.07240493310335333,0.060392763761254686
128,-0.027662942037665228,-0.040318068566963905
128,0.09904051127082897,0.08436214913914769
128,-0.05145505422302754,-0.0667565396418201
128,-0.1271927206071472,-0.13456939634033005
128,-0.07196703922564851,-0.08405228023177258
128,-0.0036676918264834657,-0.016649889407335028
128,0.10262453324000426,0.08859255368133284
128,-0.006641500574906645,-0.02038881823643951
128,0.00526315720324827,-0.010315813641162519
128,0.15788863962694694,0.14795285646554174
128,0.06608431459559894,0.05533771383106345
128,0.029962111924586754,0.01300422713631244
128,-0.08548036586008795,-0.10075487879576916
128,-0.06783742302968726,-0.07894649838146711
128,-0.1769843368471902,-0.18724710542704082
128,0.17714925906317752,0.16973357038508735
128,0.0846068368230915,0.07244839648257817
128,0.02458413211802979,0.008753926177491655
128,-0.07954338578027664,-0.0957476400890292
128,0.04456129713726681,0.03254867879540285
128,0.1267282431494316,0.11236723911241503
128,0.09329139516417267,0.07767957427108035
128,0.029778869671048536,0.016583342741543827
128,0.011293475681723675,-0.003259122269573922
128,-0.048938238221014396,-0.06476981395766368
128,-0.07933004243772984,-0.0938772358492258
128,0.02066950014129537,0.011378716798679411
128,0.05142353167331659,0.03906960136252652
128,0.044268961666821094,0.03037406265544612
128,-0.03016247659566751,-0.04491961456744742
128,0.10693625076089802,0.09497291699919702
128,0.013947356809923483,0.0014841705331609667
128,0.08152879701463328,0.06717355143321563
128,-0.041773048585360795,-0.05589038666532986
128,0.02337322615427595,0.009956818048322713
128,-0.049004708708541844,-0.06854004211315262
128,0.09343573520329224,0.07955016890196936
128,-0.03147516129151229,-0.04561305038758273
128,-0.054672957275720135,-0.06819536373243429
128,-0.07925029313958554,-0.09403966835937039
128,0.09763604028289447,0.08654481266782393
128,0.059465997190883024,0.042573139116400094
128,-0.008093291255709956,-0.02063232920251684
128,0.13038191153210138,0.11712159836789743
128,-0.10896093667496781,-0.12384622167589704
128,0.04413371959331153,0.030052288819448714
128,-0.008878134959271311,-0.022910220869593323
128,-0.05593388271603977,-0.07458543003407492
128,0.14688832655964318,0.1323512240111105
128,0.01942573656285368,0.003302924311669342
128,0.004034010036329305,-0.009302117569657098
128,0.17405282621374701,0.16082704217750238
128,0.031437096885814475,0.014512058495524838
128,0.005715980909973384,-0.010249063332768427
128,-0.021204934921046747,-0.03256491078455814
128,-0.029594985492000625,-0.04390861122650813
128,0.14140037284333845,0.12976535960880015
128,0.1553527401907418,0.14143097069717764
128,0.026276087485974875,0.012770709300343797
128,0.019988946703016486,0.007056076855105176
128,0.0816594695946336,0.07040935706075352
128,-0.022107686437190466,-0.036444141806725616
128,0.13429278001301498,0.12163931522568766
128,0.1852722164490323,0.17194378793658266
128,-0.11768594561963591,-0.12912680146505046
128,-0.06199013583198343,-0.0717240888648723
128,0.05579763166059998,0.042257503715961375
128,0.07151013742090018,0.06049636100168038
128,0.0050769368057766995,-0.008958123797912443
128,-0.11970546032168455,-0.13436785674553536
128,-0.024684419719050665,-0.04116864570821521
128,-0.06503472727849585,-0.08431257172928935
128,0.09732645095327225,0.07889635276372392
128,-0.013632602368874258,-0.029580187879911735
128,-0.04550427328689893,-0.0595510370572534
128,0.08340751791228168,0.07162292837897904
128,0.08475124213169921,0.07339699113950982
128,0.11168393838603802,0.09655812446662765
128,0.13436239829410762,0.11606641674395418
128,-0.025480385484601076,-0.03727741302060544
128,0.046689213956292,0.03336172551587713
128,0.06727036127892655,0.05409783993382061
128,0.07980218238841713,0.07018679445078957
128,-0.03084116100037665,-0.04208326685631464
128,0.0464066982941978,0.03448155356953836
128,-0.02513278222778137,-0.041237433540625645
128,0.15830645101782942,0.14698683407183838
128,0.044311080475693765,0.03242439013414561
128,0.08302454828335754,0.06580953562504771
128,-0.05903857605888613,-0.07390011609892078
128,-0.1101068973903443,-0.1282754441569563
128,-0.05449783598303187,-0.07162698612871682
128,-0.07571406243115864,-0.09246932121099971
128,-0.04464964040070468,-0.05904283891318152
128,0.06602535243221297,0.05169737466213048
128,0.03053566176932282,0.014351029944352611
128,-0.05012157742266471,-0.06532806324935375
128,0.006599178070483491,-0.0070677704168242705
128,0.15618918357693728,0.13950960831662157
128,0.11838314026274449,0.1056303284892906
128,0.08612475691943228,0.07320976447582644
128,-0.0785828991042461,-0.0930917545043996
128,-0.010104410018741683,-0.025276096170128992
128,0.08262134466775445,0.06936169930490776
128,0.10779205302450962,0.09246520435353861
128,0.04976690234087844,0.038938134780041544
128,0.02543072842983163,0.012100980756513946
128,-0.04588174757332042,-0.05756369267809591
128,-0.0012799333530929546,-0.019733591613006474
128,0.07999941853567416,0.06471735865353623
128,0.17828353780243528,0.16499051568713258
128,0.12251509743372418,0.10654107548844144
128,-0.05603714521412495,-0.06821967947687763
128,-0.09561755624169699,-0.1119117300415089
128,0.10919796855401337,0.09765926361419014
128,0.11640576618534643,0.10398995530143124
128,-0.07134287410904644,-0.08605177750223142
128,-0.008636424220024697,-0.02394305124773416
128,0.04458960550023605,0.027838772984900673
128,-0.0016262040406028189,-0.017720312163590768
128,-0.039419398111814,-0.05217683256750033
128,0.07307179305139416,0.05883267504305645
128,-0.02529912000073692,-0.039670619622952374
128,-0.10679791968174518,-0.11861814278029853
128,0.006256759650373422,-0.0075563471309205155
128,-0.0851820239197662,-0.09606411110462287
128,0.03605290271641398,0.023368187544429098
128,0.06392865090550481,0.04907554661661517
128,0.044295727880954705,0.03217672327161175
128,0.08110211023809971,0.06770603556395499
128,-0.06758729510159794,-0.08227371175472964
128,-0.10971624935618696,-0.12940901227848506
128,-0.04489533429779241,-0.06277274547581307
128,-0.04520966662176379,-0.060021743437657094
128,-0.12622987647450057,-0.14365323018507214
128,0.037573595425777595,0.02711032642590383
128,-0.0211691908378715,-0.03830247067973608
128,-0.00015290276834611927,-0.013260370804646482
128,0.08073141421126057,0.06916248705089761
128,-0.018549918941785926,-0.036507178949852837
128,-0.04358400761021791,-0.05894803153739292
128,-0.04191975316467328,-0.05276925152580758
128,-0.01017225374518188,-0.027085492939727507
128,0.055802896732195184,0.04331776372946872
128,-0.13687437106757577,-0.1503846541457844
128,0.08078466165234316,0.06804045095521011
128,0.08300222753742331,0.06698829047182281
128,0.10185909131296494,0.09239823435466349
128,0.0017526096841252725,-0.016335304636178216
128,0.12615219978345343,0.11107984698188317
128,0.11251947821371638,0.09749689272491963
128,0.06118883528716329,0.042215652728661235
128,0.02058694207388362,0.003851260292209502
128,-0.1262025292665806,-0.13960088980949698
128,0.057894425964721274,0.043001749269636735
128,0.06460491062616208,0.05432995156299253
128,-0.05611772111765684,-0.07023221821117948
128,0.05753064105032463,0.041248078433158974
128,0.03783659553648888,0.021304264177904264
128,0.1024772253958936,0.08806533391896637
128,-0.02644711550249157,-0.042991120988353226
128,0.060943746199009496,0.04938874158616974
128,0.02205302002055204,0.011854255305293271
128,0.1472622541077388,0.13171959106821413
128,0.04133466975441391,0.02374328863349795
128,0.017000952313103168,0.003948044615410096
128,0.04679452302963166,0.033381625765382394
128,-0.0584076258101886,-0.07590152303784597
128,-0.17111031439446764,-0.18639660653397033
128,0.06306375647174067,0.05213905565592053
128,0.07704363382795748,0.06325647416262498
128,0.041675773845350206,0.029884053387969123
128,0.05466057434123217,0.040384049709926595
128,0.1949657266034372,0.18272725281516594
128,-0.05905659809773034,-0.0697667456619771
128,-0.037235827128062005,-0.05104940505414851
128,-0.051152507548038406,-0.0659302275474169
128,-0.05089308195105463,-0.06585676068534307
128,0.06726602635009032,0.05684802493914498
128,-0.12691677712338817,-0.13963235638029609
128,-0.09131137718669702,-0.10520093323869234
128,0.09552460864363216,0.08461871301516283
128,0.11067438540147384,0.09458619227938919
128,-0.01191257213602226,-0.027368561101306088
128,0.007016092534141816,-0.010139115695701528
128,0.01510993651986825,-0.004105769761781453
128,0.0504561729599915,0.03685066318809743
128,0.09812949624486506,0.08368569839113366
128,0.027858602083011164,0.010778766249049498
128,-0.07299965954727927,-0.08974692940151952
128,0.015426115088054193,0.0033074351932901314
128,-0.0042066940241890505,-0.017292659456115467
128,-0.003355622468327102,-0.016503768288848808
128,-0.047042646383589404,-0.061399678521141865
128,0.07664045216179227,0.06395411089683767
128,0.05272719522696717,0.03315994060672728
128,0.12183069697532106,0.10970147159287785
128,0.1360488832577988,0.12418271716866064
128,-0.04405492923381921,-0.057534282243096424
128,0.03642652480801778,0.019365693065587497
128,-0.026955195155351497,-0.040997916196750805
128,0.08625448066497327,0.07586664017218958
128,0.149647941546652,0.13534576025898665
128,0.027521294623224002,0.016150360761753635
128,-0.08935893055023808,-0.10052223910378233
128,-0.06937803357209676,-0.08373752837251719
128,0.11421914011110429,0.09757350021096639
128,0.08715765744295928,0.0755530965797826
128,0.04772949559485612,0.03500970151236382
128,0.014312387147880357,0.0030610298470094
128,-0.010762574966169614,-0.020474096333011005
128,0.03539832872840082,0.02076047690625593
128,0.20890972555442539,0.19339389943704038
128,0.07705056642886121,0.06382958606577327
128,0.12099052615507405,0.10786980314168454
128,-0.12365144167779052,-0.13744937280133834
128,-0.010587094227366922,-0.022007464653178266
128,-0.12070172566724191,-0.13411235564803442
128,-0.025446971100629046,-0.04189525171117425
128,0.11361964390660456,0.095739294554184
128,0.06674184682079026,0.050802795877196494
128,0.1180284487414957,0.10216074158487137
128,0.0876937914926103,0.07619468108989069
128,0.07491758015057626,0.06595399716020783
128,0.053624174379069356,0.039536908039143503
128,0.053853570441706855,0.042077220203204424
128,-0.01585329192500895,-0.031850341134063986
128,0.07230201974878026,0.05601742497065382
128,0.05089793313815372,0.038192398600955635
128,0.03126437261847803,0.017339817754769227
128,0.022674231387631583,0.01204969406628631
128,0.051846693102547026,0.038766990323451656
128,-0.026504788585312078,-0.04134391704611401
128,-0.05291459768291029,-0.06379926730151014
128,0.11996356045271656,0.1078871763287122
128,0.03289824099263994,0.019653792488938948
128,0.07904158724326449,0.06731712256337485
128,0.05225697586703193,0.03885384112264473
128,0.00462261196379532,-0.007704111664151303
128,-0.09947024092773454,-0.11259299566800968
128,0.005650219735641893,-0.009906175272052287
128,-0.05028489667296204,-0.0667169801508653
128,0.010550352355341686,-0.008408751087117528
128,0.031044242302412872,0.013569211638846057
128,0.09550929240211242,0.08339211872414326
128,0.05148289424027708,0.034188311422885365
128,0.0006366634783165903,-0.016152992068786787
128,-0.14964296537374217,-0.1654874856271355
128,-0.059342590846821086,-0.07093657874471415
128,0.0012171826874799452,-0.008481226536137199
128,0.09984588569661529,0.08402792821962762
128,0.09464988113813216,0.07991149153429244
128,0.053160863797924285,0.04111969389789355
128,0.07737730255786118,0.06414564039647225
128,0.1516116165583758,0.13894355904386518
128,0.04133174798429179,0.03320020704281068
128,-0.030455116519275682,-0.046377427065685595
128,-0.08340208421229023,-0.09891568391377703
128,0.019521202476354527,0.004697659284814415
128,0.05717566835990778,0.040050945608018584
128,-0.15247988137437435,-0.16108375872896702
128,0.046622101333563926,0.03185002278862137
128,-0.018785006057291442,-0.03223085161199857
128,-0.1138148215110073,-0.12631759169490764
128,0.06307238991797887,0.049898597934370625
128,0.2049428997168688,0.18741850242314456
128,0.21070162957180655,0.19533749426829988
128,-0.13310048590636042,-0.1497066080881264
128,-0.07251973695869102,-0.08740202886031245
128,-0.021682514701089284,-0.03400544254506299
128,0.04973919507908281,0.030915199786955283
128,-0.007643803817341088,-0.022491292817214015
128,0.08044385127377024,0.0646617305485625
128,-0.037263802262242296,-0.0559055084888499
128,-0.10323282731989691,-0.11819383435600939
128,0.058831796693433525,0.046190802457911184
128,0.05940781862014893,0.042514896914558786
128,0.06606837182719599,0.050005970474324646
128,-0.01127699931682169,-0.022826288440271902
128,0.040788348435439825,0.02120234886760275
128,0.12629414327429095,0.1104708284860702
128,-0.19314018571844335,-0.20685029313801567
128,0.03189211003802539,0.018136700085982282
128,0.0591376902967472,0.0451174205729899
128,0.02446966493096564,0.00958809923914028
128,0.056633850794732876,0.04229070772213528
128,0.08073914942932331,0.06738922938024106
128,-0.08561569366002308,-0.09712850263731393
128,-0.045600366781576696,-0.06359467637680499
128,-0.12212520219670853,-0.1396441024925586
128,-0.07561497552903895,-0.08892127519381271
128,-0.06565399724693277,-0.08120208922700611
128,-0.024700605004334797,-0.03289514110845393
128,0.007980613595700237,-0.007175226633840293
128,-0.08976010674688467,-0.10072903055108007
128,-0.011942326364594413,-0.025403477156573706
128,0.010767265124143444,-0.00448599169456293
128,0.0008762218934759702,-0.02066358157529069
128,-0.0963129486922431,-0.11113270527568675
128,0.11454322676161383,0.09965848737439748
128,0.06223005964029793,0.05071110036482401
128,0.04163663881275015,0.022486854831235692
128,0.019694632248981936,0.004100695662609843
128,-0.01948248709911682,-0.03664122785512958
128,0.031639304317323924,0.015193598880850034
128,0.137766808002515,0.12417622960036684
128,0.035815232072284375,0.022730091054742496
128,0.02729617313521715,0.013981689534069974
128,0.0034761631149745065,-0.012139740690336465
128,0.15544506010545228,0.14139007390951613
128,-0.08324474945063626,-0.09778754502639397
128,0.1282617046772973,0.1127598314296066
128,0.029513220327626377,0.014029804669268342
128,-0.050019490403221956,-0.06275804477055064
128,-0.06580542352129093,-0.07480279764765096
128,0.03891004596722736,0.02405432039712635
128,-0.07228368040412464,-0.0866323313221038
128,0.05963157800353347,0.049552198069453435
128,-0.006599516279314932,-0.019839472954915227
128,-0.01389222338091789,-0.026520724364875903
128,-0.1631998903565579,-0.17754186405807978
128,0.02537647197224291,0.0076236805702925015
128,-0.02064417438458188,-0.034384927793627396
128,-0.033290745183324366,-0.05081556613443683
128,-0.07117125990118361,-0.0860325022809274
128,-0.032043202002900895,-0.04789427710554561
128,0.011635540520170295,-0.0007490966405653277
128,0.04800825705062284,0.03407672424523456
128,0.06290158203955681,0.049475727202877684
128,-0.006815616320855589,-0.01833966080821503
128,0.02377432699946025,0.009315888743374245
128,0.15059313954159764,0.13246037572341923
128,-0.001744410726455481,-0.014341896888379668
128,-0.055443672470462835,-0.0678125234978253
128,-0.06594711866275133,-0.07764150220104654
128,0.00837425648658291,-0.004300340907851918
128,0.026772673237404954,0.015176123101981576
128,-0.03855866816146619,-0.05935166684112325
128,-0.022209678957734402,-0.036957239158433686
128,-0.0524826784188927,-0.06644862244647082
128,-0.08806690339948753,-0.10525087741263045
128,0.01300546567581784,0.00015359295747718882
128,0.030465145921383885,0.013245295197621743
128,-0.06912910061240224,-0.08279235411168423
128,-0.06185544408024363,-0.07684209612551424
128,0.07821918942470685,0.06263718530302093
128,-0.0001694974655884196,-0.014199215336834436
128,0.047970116743950075,0.03347659082225679
128,-0.027503563413682763,-0.04504397703409363
128,0.006721220803376338,-0.008088199697259046
128,-0.01171094631258246,-0.02669191145585742
128,-0.051308531453333805,-0.06777126185035182
128,-0.010935490856008201,-0.02273373007520113
128,-0.018751869539911648,-0.033981967600303364
128,-0.04797597894808653,-0.063710275340994
128,0.01330854818447852,0.006900494884295338
128,0.08892068190960739,0.07871330070947025
128,0.05271285367729761,0.03883038347400852
128,-0.029114889081944928,-0.04474378450791516
128,-0.04469579587703931,-0.06001638525391889
128,0.053989754509515875,0.036204251709799073
128,0.15634408212658385,0.14516064927345468
128,0.0024819883428705003,-0.009764702229431155
128,0.0014248715475922435,-0.00913048895140256
128,0.079993690885245,0.0659413835134191
128,0.0729872654505716,0.060620424466282075
128,0.06485538005537411,0.052141864549307804
128,0.008310875372382509,-0.008387685536934475
128,0.05266981337175386,0.039368787124017535
128,0.06132087983380935,0.0498701554333123
128,0.05041204243727648,0.0393566164677952
128,0.019983332190522285,0.005084680006807174
128,-0.011675336916919021,-0.027767364676362538
128,-0.04393837816049334,-0.05967513777444916
128,0.07761627663493048,0.06120219144598882
128,-0.08076479903521255,-0.1015074580139898
128,0.05172560562970768,0.036638215891344805
128,0.010731719834359943,-0.006054164635396597
128,-0.15456563070867468,-0.1687759745606462
128,-0.10939006405564972,-0.124611642037605
128,0.027635586244653232,0.018059827603550793
128,0.03594620995898701,0.02522682820472072
128,-0.07377857304919444,-0.09141451518516897
128,-0.0002618240122324589,-0.015981795222758777
128,-0.03730178509192422,-0.05391726045717821
128,0.05978308160832885,0.04842232819528891
128,0.05796320384547465,0.04221448396114125
128,-0.03691619553345582,-0.04649820584657599
128,0.029547032742557378,0.01418204033111492
128,-0.00901287237185594,-0.025937799112460747
128,-0.062423444288827235,-0.07962819268345633
128,-0.04212276686444061,-0.053147116489324076
128,-0.025039522929854396,-0.0352214774604222
128,0.08378587434579404,0.07619649098446518
128,-0.05624610164016752,-0.067022637793557
128,0.06318858086076629,0.0480065472105326
128,0.029100984149293407,0.017784162903071943
128,0.024882517697128737,0.0043606608723610885
128,-0.07633451935956131,-0.09035437984030065
128,0.02080418802218842,0.01500668089789331
128,-0.1574399803149506,-0.17184847855101465
128,-0.06891381765785826,-0.08595723586624243
128,0.009774264361897878,-0.0038845968730880642
128,-0.11559509479909386,-0.13029210313696943
128,0.07730547931479015,0.06786825763847931
128,-0.0888780134911481,-0.10240504099993342
128,0.04402921345237365,0.028394088611018664
128,0.08906110217729452,0.07300341843587899
128,-0.02532278018657974,-0.03948543421101336
128,0.08721407764790573,0.0709592203808655
128,0.1588203227298826,0.14341228978632342
128,-0.09092684398955969,-0.09998002238649856
128,0.07262339113575872,0.058876722358169375
128,-0.06820412898806039,-0.07837818134198699
128,0.12413448018486312,0.11441256654902782
128,-0.01470461085031971,-0.030358047729301396
128,-0.005940717408267904,-0.016347107068256206
128,0.12159684729169123,0.10266882560344442
128,0.08084264241489486,0.06840557168698186
128,-0.0666668668197889,-0.08553022200245552
128,-0.006781053820470395,-0.02085990566186091
128,-0.04518445556960282,-0.058804083992519796
128,-0.2229141278474829,-0.23651696148437681
128,0.07492144692845559,0.06063309979519149
128,0.006993437276036574,-0.009547594923025482
128,0.01319836039735145,0.0023705663413054467
128,0.1882460768787299,0.17921749842790163
128,0.047521581873980256,0.03040465308274376
128,0.02116181332621553,0.007908383645730044
128,-0.04881923584734793,-0.06072063515163151
128,0.05956195378719675,0.04359524633398215
128,-0.0692486641012316,-0.08401298340900637
128,-0.06951742584662879,-0.08486046466964192
128,-0.08043239501101807,-0.09376029171309908
128,-0.18065284177045693,-0.19308366261236118
128,-0.02250129568838599,-0.040073407346199574
128,0.057253819849010845,0.041039101788548416
128,0.033000198351033516,0.01937877263636395
128,0.11279531126414605,0.10437820362130396
128,-0.010582629161873303,-0.02517395067567385
128,0.11362312543111913,0.09834666096507555
128,-0.12311694061342793,-0.13758937765198165
128,0.07232067085778582,0.06233921102125034
128,0.04140204015098309,0.02527007130295822
128,0.040459412455779,0.024453623396476054
128,0.12192719269627356,0.10718836687454786
128,-0.03846493880804297,-0.05386145873167242
128,0.046934715432375096,0.029204000088167648
128,0.05653444498183957,0.04378867871371139
128,-0.12750908656847593,-0.1437043834143074
128,0.0882690208669788,0.0734175886316707
128,0.03222192397136081,0.015051763311169641
128,0.012701497463364297,-0.007093333741779062
128,0.09404275932487521,0.07760390116268484
128,0.03986260569639555,0.021652315562287916
128,0.1573791675553639,0.148159897890407
128,0.005493824385879087,-0.00929638939274996
128,-0.09405841582800001,-0.10815928328655139
128,-0.03558877207819122,-0.0526291527513279
128,0.0969373781447826,0.08015823250130932
128,0.11759672811965044,0.10203603715221227
128,0.11199964947198976,0.09703827275535831
128,0.06445646197184024,0.05296023746072398
128,0.006309292553658752,-0.006343281504953169
128,0.04498803573325533,0.03177976219945189
128,0.0559202740899476,0.041119258210299436
128,0.03915589251035628,0.022432186854620062
128,0.0923434147259416,0.08299557605395752
128,-0.02524969881419381,-0.039912934967882285
128,-0.014027266648512227,-0.03468554521059963
128,-0.1440588513665257,-0.15859028764537925
128,0.06519085679678188,0.04595387737905621
128,-0.06290608196940561,-0.07518840885397204
128,0.0450881966078146,0.03367893230332364
128,0.0870183256177472,0.0685199849294516
128,-0.051231724227723596,-0.06336657106701243
128,0.02160457166560925,0.008397186550926972
128,0.10500598067181127,0.08851613137121844
128,-0.018588810442686843,-0.03182957750836085
128,-0.07294268744861676,-0.08838523516728519
128,-0.011878844306366931,-0.028900048480734797
128,-0.2065199849545574,-0.2159797580297566
128,0.1382008410865468,0.12768987877286025
128,-0.07482155656646194,-0.09035523395738859
128,0.025366243116116405,0.00879701388510945
128,-0.01731724281029523,-0.03173802270858189
128,0.08996572226591942,0.07637191395961967
128,-0.012981558953393424,-0.028671366877402793
128,-0.031366081139885815,-0.04463957239654054
128,0.004982805926281975,-0.011094883322970317
128,0.07261200578424332,0.05882703756264096
128,-0.09162100292801212,-0.1033744217309347
128,0.12046186019215582,0.10652829880195863
128,-0.03733756073266192,-0.05212432676186146
128,-0.006534159009031093,-0.018363515558082077
128,0.07166077911880808,0.05784214197345866
128,0.13517284476349284,0.11767820786880362
128,0.09741719749027161,0.08283040559928107
128,-0.14339050807555576,-0.15712526956702044
128,0.014147426266828522,-5.464795787929466e-05
128,0.055313879404080446,0.04278654970321383
128,-0.06408986410588069,-0.08500620101997658
128,0.036711477706675766,0.02139635653947697
128,0.05294345241942683,0.04584579074013789
128,-0.04747688591131527,-0.061609310591486055
128,0.007451443417728243,-0.002924174077569397
128,0.006419339409260205,-0.008154809208932079
128,0.059355620062742254,0.04404307389779549
128,-0.018097447374189612,-0.031092989803591875
128,-0.011998456354391729,-0.029685086468336674
128,0.13298301374177163,0.11533408130251427
128,0.019794919780421416,0.0031817999638434347
128,-0.058040444372754296,-0.07320210956715756
128,0.08834196184012061,0.07066457715018326
128,0.06857301003269356,0.057973892851986564
128,0.17686583731431343,0.1590976719914507
128,0.10029574212717046,0.08480876326001613
128,-0.05753865207783443,-0.0720156559200199
128,0.04209276716123528,0.027527186038957485
128,-0.12521615179244255,-0.13612337371576433
128,-0.013642534631192083,-0.029034446833994365
128,-0.04244299161376386,-0.05611136166558023
128,0.04696822976123771,0.03714229571992633
128,-0.012528279119592423,-0.031924780256422036
128,0.02363739733752651,0.018618840373221313
128,0.054136784359495704,0.04261460156898683
128,0.10152732809131687,0.08602956149858981
128,0.03383056665597545,0.020122538858336814
128,-0.048101992729633225,-0.05984217337824049
128,0.10739215994561507,0.09385870970154281
128,0.07121944860033197,0.05624791065905432
128,-0.0005107219515071981,-0.01745022878914454
128,-0.05040582484245887,-0.06340910171282799
128,0.08775498101978524,0.07113204881103502
128,0.02425279583013823,0.011652875363000526
128,-0.12307074740739915,-0.13761871672513526
128,-0.07967392599501799,-0.09351217427556735
128,-0.07792996359480497,-0.09455214973919684
128,-0.009032825043694459,-0.023732968496462115
128,0.019889586416626193,0.009866225402609674
128,-0.11014676633896187,-0.12619553198219463
128,-0.14062953053758687,-0.15833670281944268
128,0.0015546776196099232,-0.008292805849137885
128,0.038437642614787104,0.025437909926578295
128,-0.020089400679170144,-0.034895065303288064
128,0.08812540964787247,0.07155013737628318
128,0.009754070998292619,-0.003146973491124694
128,0.0817599008320235,0.066611538247064
128,0.051894914776108525,0.04078035873097696
128,-0.06135622418946324,-0.07431924140801838
128,0.038087703051363664,0.023612324120653116
128,0.015096917599583315,0.0021494928725127593
128,-0.019126855038134605,-0.035324911276346016
128,0.04316347448511648,0.03150765544997153
128,0.18594967230593545,0.17497735008620147
128,0.051889566952959654,0.043458674600308556
128,-0.16211595814129354,-0.17469949399168186
128,0.12737051163886998,0.1119774125221355
128,0.10290217280082253,0.08643896144344648
128,0.04426883475261878,0.02804684356372361
128,-0.01965464548109158,-0.03678677619282583
128,0.025885133980159847,0.010697758456315543
128,0.005301440707033811,-0.008776252549923647
128,0.011104727091346078,-0.001084674026482435
128,0.05945339131213612,0.041190835102248025
128,0.031025766756804296,0.015689658188595912
128,0.09482857554586915,0.08187890842840867
128,-0.1161060569056444,-0.12720359224556477
128,0.05312183481119925,0.038127369324017446
128,0.04012864460000526,0.020230883787713483
128,0.06379072839178745,0.04785370434700509
128,-0.064101662258849,-0.08073385443637338
128,0.1229253991501465,0.10903163917982944
128,0.13051680848402608,0.11745881016342469
128,-0.005093093768070989,-0.01965339267002536
128,0.07510005175587492,0.0631110650398739
128,-0.09919676711163039,-0.10974895220366832
128,-0.08200910209906753,-0.09311299555216834
128,0.167546758504945,0.15322427742710848
128,-0.021391194092338917,-0.03737999748851639
128,-0.011091672813399012,-0.026058928688033445
128,0.10564372420971418,0.08692529886143957
128,0.09093935566344508,0.07930809097699137
128,0.053607682072485785,0.04171890268502887
128,-0.08958101358339127,-0.10223731821490478
128,0.0054677276846665235,-0.011768129725688414
128,0.09354796954358674,0.07675623441899371
128,0.03923791096296725,0.027810568530617752
128,0.07666018673269681,0.05977263870491012
128,-0.0665239571444296,-0.07951446158467973
128,0.11019735252593871,0.0943183603768189
128,-0.1298494572530966,-0.13892189065076577
128,-0.0815558597070552,-0.09230242134881339
128,0.06330547229590239,0.049832423480532795
128,0.03321341496532271,0.020246162860366013
128,0.05329587407541869,0.03733822652222424
128,0.06452560807006608,0.05405396513816202
128,-0.016032215274361328,-0.026253348604952764
128,-0.044536489087306064,-0.061746630985817785
128,0.11468415727737208,0.10228296212776294
128,0.032087132447984223,0.015483096800938068
128,-0.05018105566774611,-0.0653608816062598
128,-0.011300594364105965,-0.026548933427838983
128,-0.03220871215947707,-0.04911724008856849
128,-0.0212120009965297,-0.03671834050998568
128,0.13976285572811759,0.12616398867468764
128,0.04672667088647281,0.02905894875035947
128,-0.02847158989509263,-0.03577803361808113
128,-0.02380389816085282,-0.03679066188621183
128,-0.01625922685102149,-0.02972311729712901
128,-0.05171461111144765,-0.06604286150468791
128,0.08879149203253173,0.07859004949985832
128,0.014293757031803578,0.0027299416428328005
128,-0.060965020346492926,-0.07597054660371699
128,-0.00988852095150633,-0.01925593293086103
128,0.1107448981018358,0.09748242988933947
128,0.027053527490851992,0.010269651098368637
128,0.07742204722976259,0.0653092656683899
128,0.044069168653980695,0.02785683781810716
128,-0.029708011461185346,-0.04375389193619894
128,-0.12750508090870782,-0.14332880458209762
128,0.0020090429381011687,-0.013192661974499309
128,-0.05575156444743351,-0.07265975244639605
128,0.015512029492519674,0.0017203678116200494
128,0.10106616799491291,0.08623819842611774
128,-0.040123468879576796,-0.053927681065223165
128,0.14342217309081368,0.12782473131635402
128,-0.040583617572869546,-0.05311183506795725
128,0.15033930376304455,0.14110454422343938
128,0.06847364833009767,0.05046141784010655
128,-0.02527233429018516,-0.04131160314823573
128,-0.008658572701398026,-0.022690287044793533
128,0.003532695465716995,-0.007049930476925204
128,0.029184879654659768,0.011985670673502313
128,0.07952202500447403,0.0687172662403423
128,-0.0382658132712958,-0.05131728202707975
128,-0.1594663098826568,-0.17273115987801188
128,0.0852968429470547,0.07075835115004547
128,0.02548682556960996,0.007288637697143441
128,0.056511044046844094,0.04436963131329541
128,0.05933284615383411,0.05054281822337914
128,-0.14161913262610099,-0.15440127784169683
128,0.09343148768226578,0.07532163340812825
128,0.07212171815049384,0.058478017695425155
128,0.013319130679672442,0.004366510629062459
128,0.11343609968730956,0.09743941102967474
128,0.030940766774708472,0.020700194621111945
128,0.07806937597078101,0.06189480816601661
128,0.0626360443825219,0.0480907083511658
128,-0.05688177310319692,-0.0717390377493266
128,-0.05928425998705639,-0.06899369048324633
128,-0.08149716207644192,-0.09297882993473078
128,-0.02475910486535543,-0.0386737430006745
128,-0.023374491460746993,-0.03902902941400921
128,-0.06870429562892377,-0.07982802832692082
128,0.01578149896925707,0.0026479154007205685
128,-0.0673859948912709,-0.07890094376589601
128,0.2194228901298904,0.20308148051913705
128,-0.07634442213441739,-0.0886282269477493
128,0.158350245245582,0.1431599733591959
128,0.059969351830523154,0.04702374098281509
128,-0.02587958316036887,-0.03969476591110166
128,0.08179707939825959,0.06701150999859173
128,0.07336892851723559,0.058554222308576875
128,-0.10643541248715543,-0.11712373329614528
128,0.06560115223386881,0.05460224173763695
128,-0.10335635537148352,-0.116994523490836
128,-0.07257932903342951,-0.08667783002590396
128,-0.01320524709193166,-0.025803420562508006
128,-0.054341932994857844,-0.06877464558316504
128,-0.06078129798713444,-0.07963006700827308
128,0.10623687905445295,0.09183039060491655
128,-0.012066136068760613,-0.02645112629646157
128,-0.1053575530635581,-0.1237458835218429
128,-0.025413177675280174,-0.039096625286685616
128,0.24826747369834162,0.23512672352687275
128,0.17532580614556853,0.1603346046108623
128,-0.015910071243683765,-0.02968262035627406
128,0.09796120021929072,0.08481733362583294
128,0.11175817635838686,0.09654942994506482
128,0.02220474350207019,0.010608986743707138
128,0.0029971676974975825,-0.015318631547641348
128,0.12588863368627362,0.11165699737806306
128,0.07121256097485895,0.05911389831460567
128,-0.14420319975081286,-0.15852165640659693
128,0.10165526469816138,0.08658869216296
128,0.04409996971645053,0.02770795967924161
128,-0.08882939125992567,-0.1012894869631018
128,0.003719580586350746,-0.010586320593181653
128,-0.014000917641718291,-0.02704997541561599
128,-0.06716446809030291,-0.07956122213678973
128,-0.09669165684535314,-0.11018895498736592
128,-0.007397759626279532,-0.01593763909460233
128,0.18265780492617084,0.1675965331369768
128,0.019102867334555795,0.00469707360195365
128,0.16031223457545002,0.1448722003417509
128,0.06986603315465323,0.058675570171793145
128,0.013949682951565179,0.00041917547328756966
128,0.016258438937701514,0.006214424782592209
128,0.05928168560139624,0.040906768496755896
128,-0.015848086525120153,-0.03091160649467084
128,0.13060768136350992,0.11366169845146862
128,0.04307339148696582,0.029116199992873515
128,0.04623174779088013,0.03293622081961273
128,-0.10876897907246652,-0.1221356947122691
128,0.08886827302930761,0.07706368996253454
128,-0.01756782953482333,-0.031945920317461074
128,0.10453087602530292,0.09089765156030277
128,0.0318446521900938,0.019685946948066357
128,0.04166388534608678,0.026484770933503377
128,-0.1951067876451103,-0.20945657263172607
128,0.11948976238974757,0.10405791135514247
128,0.06784759439721344,0.059483675820274584
128,0.11531667809574758,0.10121989969139172
128,0.07148040614609036,0.04924258901360962
128,0.11832817576615379,0.10173168314680198
128,0.128007311031829,0.11496041020515796
128,0.05566179418179412,0.03900893087225121
128,0.0749653623909387,0.06191797044547254
128,-0.007691762971982041,-0.02442619481506203
128,0.03371021110726752,0.016534700112271372
128,0.025050432877669615,0.011706035804733617
128,-0.0008983811530632324,-0.015500834369257976
128,-0.14646000193721648,-0.16262362895117172
128,-0.0007020658133091162,-0.01579951934957352
128,-0.040119061826427105,-0.05681620017037159
128,0.025911670007412235,0.009444580147534076
128,-0.07375204073784075,-0.09006321294637659
128,-0.13378771062925926,-0.14759236268626091
128,-0.0772243171631099,-0.09479815714998935
128,0.12467596127208153,0.10900796736530122
128,0.09402828967286986,0.08222310360407786
128,-0.1580684485194987,-0.1734502713631881
128,0.0012414421382482277,-0.01313351539878832
128,-0.05541435786101745,-0.06339516358078284
128,0.0011486297007800017,-0.009933237998457245
128,-0.022129382620485305,-0.037152704388371594
128,0.06487846310159479,0.05094695326063575
128,0.16940826269293957,0.15368908844829637
128,0.04142317248651267,0.02533248949020034
128,0.046825611987036775,0.032039603524397
128,-0.06251291354831123,-0.07688444324688909
128,0.07385398531406812,0.058368495012502075
128,-0.017558062933639595,-0.032340041607837045
128,-0.031289479864386516,-0.04513081791114204
128,0.06681460804152511,0.05412600653751515
128,-0.0699995639528565,-0.08647093224292968
128,0.06914612536849984,0.05790400585603256
128,-0.16764171809721123,-0.18044096029937204
128,-0.0988218778080951,-0.11712473728661854
128,0.14014581060163095,0.12174620484408544
128,0.13736547395869675,0.12039836468424975
128,0.04914492929419867,0.03268830052058347
128,0.11529314547981745,0.1077250428266266
128,0.07279849237088631,0.0563250368588013
128,0.03038617541544636,0.017304651744680433
128,0.10482469872195183,0.08524174655510514
128,0.056662504189318674,0.040469187056608236
128,0.06244974723020502,0.05027793851292722
128,-0.006626697361432066,-0.020817668974653813
128,-0.005210845104152262,-0.017842889564304243
128,-0.00046773873382727205,-0.01619746201255451
128,-0.008017366018690852,-0.018762681347568255
128,-0.0027025528767494755,-0.016165351415748597
128,-0.11892119375079163,-0.13519565292148383
128,0.06606226965047762,0.05128197538474305
128,0.19401203294121266,0.17898166864313797
128,0.04943632053445135,0.036104452570039025
128,0.043424629475989796,0.029605977676111672
128,-0.014775054639620644,-0.030889492439593325
128,0.014341297556771992,0.0012722962539291616
128,0.027229978867008287,0.015325539117130249
128,-0.04934902719026263,-0.06275462562175033
128,-0.030378430186770777,-0.04352284455286226
128,0.008402409097356955,-0.004816934113282212
128,0.06616046079917987,0.060158082704547144
128,-0.120129618740697,-0.1332812619962755
128,-0.1683239952081787,-0.1800540658918076
128,0.006485145831944428,-0.0033618387550312656
128,0.014825070833467624,0.0032768694694109146
128,-0.041867036688218895,-0.05776940881997289
128,0.04949776800365768,0.03521589466762726
128,-0.009246895208247452,-0.02106192854121186
128,0.04584115770610869,0.028617672852940867
128,0.13625862862046706,0.12496227392165243
128,0.1867809952952621,0.17870972378568067
128,0.12450977401348623,0.11201070157704901
128,-0.1247520493912469,-0.1362378500408986
128,-0.09571790870951657,-0.11001474102427028
128,-0.0023589237235366323,-0.017525407506283897
128,0.04218390872847594,0.03066098338861395
128,0.16454744740715704,0.15017604574799764
128,-0.03655060941949029,-0.05147296687731928
128,-0.06284700568759932,-0.07912857335218088
128,-0.0588443683277079,-0.0748839993192496
128,-0.045082904625127374,-0.05813059653905284
128,0.1969656731325496,0.18466291770564675
128,-0.04392789896449045,-0.060956599460048166
128,-0.04386200463811729,-0.05731168807427256
128,-0.009722776598975746,-0.0212074314526724
128,-0.07750093617833576,-0.08978865432848215
128,0.04269675621160762,0.02670168295633618
128,-0.024527339993154096,-0.04281257912890807
128,-0.04522351469141178,-0.06133389374773779
128,0.050635617972405844,0.0358091503453658
128,0.044896319184615396,0.027926585921093594
128,-0.14723747487393413,-0.16576965894866497
128,0.01683385884995736,-0.0016158674941227358
128,0.1037673657355333,0.09077655113297606
128,-0.0648571021147411,-0.08122790412505532
128,-0.0016965251608120901,-0.015419853181630083
128,0.08368176207728967,0.07010940777765545
128,-0.031121354230410958,-0.04259470447400715
128,0.0898618119503472,0.07524318880677627
128,0.10695478403954423,0.096419478635485
128,-0.052827657399695804,-0.06286570479786247
128,-0.058972951878564495,-0.06871489568285949
128,0.020105993017081325,0.008198389699017095
128,0.011651408424813048,-0.004797653079969599
128,-0.09082662521366358,-0.10222137452427221
128,0.06608695029273293,0.052050366262318626
128,0.032542412156076506,0.01750654572876148
128,-0.09033435246899679,-0.10302970099944653
128,0.08889994991138866,0.0728911208242845
128,-0.02772091192626397,-0.04303080938274434
128,0.0701763180130981,0.05892139377642264
128,0.02498978004184299,0.009428887011690978
128,-0.031753489463470175,-0.04538654160572997
128,0.030462703575685535,0.019509900317484674
128,-0.07400223300408265,-0.08826594128350096
128,0.1545941688119707,0.14018596745793882
128,0.030776546324469356,0.019246851985967872
128,0.05520431857811081,0.04326171641300963
128,-0.04219381337550482,-0.06292532106286769
128,-0.1057528334302193,-0.11725488722575167
128,0.01965483226162479,0.0016729826868133735
128,0.02297091735049306,0.006640995395847393
128,0.031533597866302554,0.019731651832468
128,-0.06844903825461618,-0.08731977174443445
128,0.07860776249707202,0.065399273791448
128,-0.016045812441126017,-0.029113923883937576
128,0.022414028706899236,0.0034524910389168717
128,0.1255682318344466,0.11046590493513636
128,0.017451700010579385,-0.00023701657221331107
128,0.031022414144578236,0.011987601717151575
128,0.05139255065028653,0.036493242418995486
128,0.004569189593788769,-0.011492002201368756
128,-0.054050210063525894,-0.06352024957071617
128,-0.013032043389096082,-0.025240141234898594
128,0.04046279046146184,0.031377807267905566
128,0.04067920479684595,0.027111708863289508
128,-0.095892762643499,-0.10899240123395265
128,0.0047358624404877925,-0.008785635136922987
128,0.03842141122683551,0.02402371182973312
128,0.09148530496523671,0.07303745787752164
128,0.08794860817687872,0.06863090440969061
128,0.09396472006100093,0.07785767126076854
128,-0.052695440612402444,-0.06826851401882139
128,-0.016108374418649762,-0.03135620602338496
128,-0.03450127322358937,-0.051877025095821705
128,-0.03488961073469177,-0.0506701654476327
128,0.04401042636737412,0.031275198078809574
128,0.0391199807960102,0.024970882418232976
128,-0.0427499762762823,-0.05834056608825727
128,0.05733377497046871,0.040361720057568606
128,0.02826919561127228,0.013240059351299405
128,-0.013575455639724177,-0.030663543859812847
128,0.06761823767197228,0.06142881924310828
128,0.05082194009814078,0.035588186648325804
128,-0.09789328303605987,-0.10716605963354248
128,0.16103569779366028,0.14938567239415795
128,-0.03912940236764789,-0.05254009221561873
128,-0.20207819034544938,-0.21486661344145763
128,0.04523745769249715,0.03221749749810715
128,0.15570544969094163,0.14596290166606612
128,0.10354443197203839,0.08816127813738245
128,0.020412099271234996,0.004251235224998151
128,-0.059109915475319685,-0.07369078528199302
128,0.13306707483432617,0.11657340639847208
128,0.08528320134474404,0.0704472269350297
128,-0.14999495266441543,-0.1624438973397962
128,0.10224671647750389,0.08620623870740501
128,0.14938001445224186,0.13729501879467426
128,0.004714350554868185,-0.0049566153029403925
128,0.018714241248891206,0.005927140110627616
128,0.045669855022252126,0.030600614093252376
128,-0.06716631458784589,-0.07878240331166159
128,0.07921568286142072,0.06408752974752968
128,0.024187519108561983,0.010139067281530634
128,-0.012257235380696563,-0.024807627641850905
128,-0.0834183536478923,-0.09699273289728766
128,-0.04610871841766706,-0.06204140416348186
128,0.06557149199520368,0.05597483532664349
128,0.07979649081823798,0.0670022349478207
128,-0.06251142769687373,-0.07627571609068651
128,-0.029833923900790094,-0.04622276064797365
128,0.03576800701562899,0.020868016645020415
128,-0.029018080938433,-0.045291903243953435
128,0.07016266522219738,0.05447507099415322
128,0.035128046072017416,0.01908744228720527
128,0.028466173635806946,0.012017046175416712
128,0.06058717506152783,0.05070454199468999
128,0.0038246638978443603,-0.006364789508753521
128,0.050054768073430345,0.032138931118111
128,-0.11059437231109787,-0.12461380800095417
128,-0.10108630841348731,-0.11783210151831225
128,0.021781835257521476,0.010001217682690577
128,0.060163695319589816,0.045926834549981865
128,-0.05195497240636687,-0.06871611181663195
128,0.05977568776099945,0.04995236150121091
128,-0.026407130473384333,-0.04170309814865569
128,0.050838836969119006,0.035044854633375866
128,0.11868012405157008,0.10497097649008497
128,0.00034776554415472116,-0.012536408727989501
128,-0.0012667546204912505,-0.02038451376998368
128,-0.060481591163380644,-0.07606266790753669
128,0.04057737558334351,0.026274285331353897
128,0.0030528954715678958,-0.01328986023262052
128,-0.08546548860490732,-0.09709305799094092
128,0.003518962110631796,-0.011839774628979949
128,0.02580034315440588,0.011352896126236078
128,0.007266994256992121,-0.007597985945626828
128,-0.0610939061552912,-0.07454064500164242
128,0.08501673798588222,0.06966105956977009
128,-0.11317442510660786,-0.12489659185720203
128,0.13515647300790495,0.12131360546594278
128,0.024820408350165468,0.011535469769447415
128,0.08429801197558845,0.06967764781593033
128,-0.10813019631448278,-0.12250920446488073
128,0.140030051258122,0.1251437049841247
128,0.0021014695502145075,-0.012785517584098793
128,0.018476015204849205,0.005622181337459564
128,-0.10054577909505719,-0.11278111425729664
128,0.022366383879598994,0.011716912965923532
128,0.014315157118657718,-0.000981849482761088
128,-0.10122197105871156,-0.11704059044116488
128,0.017101162203577158,0.004236034560683888
128,0.09855119981958455,0.08610044664069777
128,0.007068255171298221,-0.006895302332213471
128,-0.09216710507849235,-0.10663017051437979
128,-0.020233729482286245,-0.03325201678242118
128,0.01634117774492594,-0.004430885040590249
128,-0.03352903429291848,-0.04737121764773072
128,0.08343580771770359,0.07065020137364364
128,0.07552943019645253,0.0685857887741293
128,0.008392011955514811,-0.0046629268888510045
128,0.05099143810808199,0.035899132239470166
128,0.163936550572863,0.14752980169832536
128,-0.051691147734865994,-0.06476203069873138
128,0.049201357436340076,0.03728764502750376
128,-0.005104988683144962,-0.016641303484833447
128,-0.01827487617684742,-0.030385762968922037
128,0.05557434315327053,0.03798360203300272
128,-0.010193659972699165,-0.02717884795740616
128,-0.018456473440669363,-0.03245616570804022
128,0.0758447514294896,0.06274662057815261
128,0.042674518370479864,0.0259203379190332
128,0.055090387914276284,0.042308926280313686
128,0.006724394381701915,-0.004489373706233257
128,0.005035832934591311,-0.009486616688316352
128,-0.0007624660713902442,-0.01556196159710399
128,0.015532340481852425,-0.002279085805666936
128,0.02613446732820124,0.011022187522064297
128,-0.02873165296307112,-0.04449604344123137
128,-0.05347379480013431,-0.06633994429330914
128,-0.009165625525218601,-0.02490790025731593
128,0.10503441963512311,0.09138778325452762
128,0.06701097621388491,0.05094928353347189
128,0.04226226017119544,0.030835875389495337
128,-0.037294297530448106,-0.05142577314773833
128,0.014537595944230375,-0.0010070138687817698
128,0.09449662019254562,0.08128437786561088
128,-0.014449667231011487,-0.025927817976605372
128,0.04924617318735314,0.03137387573465772
128,0.05782503985402976,0.04774026139040055
128,0.08108891423316261,0.06737147649447289
128,-0.035837735335465914,-0.046053761450984776
128,0.11827066164609629,0.10398003962961327
128,-0.02312590393077124,-0.03472332733824979
128,0.08348946704663535,0.06875863380829106
128,0.023832058961947067,0.01243268368536482
128,0.03625364927629515,0.020553882241448385
128,-0.008356830579544006,-0.023992446968294112
128,0.07207956037175861,0.05798651303787439
128,-0.030058643394999973,-0.041839209048805726
128,0.05273415244553853,0.03902441125988432
128,0.007383673683886094,-0.004190548558746787
128,-0.08795386510983055,-0.10106062471311983
128,0.059006909851097356,0.04820973322245514
128,-0.11475371329909084,-0.1303419125296838
128,-0.030182475089350846,-0.04243087799624479
128,0.05349650387660493,0.038945646271410284
128,-0.12279338618649666,-0.1371371546042498
128,0.04319046859333753,0.026913675048997443
128,0.15799300484525963,0.14864027495867588
128,-0.03696368902581476,-0.049644138191480225
128,-0.018906990927637146,-0.03260471362572903
128,0.12217741276548927,0.10452199004270973
128,-0.08446608954252827,-0.09822261683725703
128,0.11564514975997803,0.10247605289874645
128,-0.07124644208726799,-0.08358334067475137
128,-0.03344773480751928,-0.04523015687350701
128,0.08699194905597057,0.07931395195935459
128,-0.01555809937736724,-0.030429471528845342
128,0.07474682067044852,0.056447488645254285
128,-0.0769568341708316,-0.09116978370233503
128,0.0865335186768395,0.07629558604514552
128,-0.11379145362283838,-0.12820631238677277
128,-0.09681537144751073,-0.10619229266709618
128,0.07783896517045819,0.06471235684693394
128,-0.021683265747916014,-0.03654122510486396
128,0.10016373898355263,0.089899715503095
128,-0.012987268392520734,-0.02472380988651446
128,0.024329831855336714,0.012040601589155597
128,-0.03200296121954982,-0.04696358605992823
128,0.06746755300545998,0.05141244425531616
128,0.07746708236244615,0.06324551387122385
128,-0.0042886673542426035,-0.017534321287291987
128,0.18614121915495113,0.17213810716526373
128,-0.04827706456544434,-0.06337493943756872
128,-0.027102188209459865,-0.04093624382120842
128,-0.04239599100640812,-0.05393519405821601
128,-0.09859189174916977,-0.11288281179065901
128,0.07009568366252411,0.05786803114482214
128,0.11447090110651564,0.10031878167461744
128,0.08578444701123117,0.07259158917894237
128,-0.008482300581710622,-0.025550103079418296
128,0.1269132624931047,0.11247698961126268
128,-0.004047694015273606,-0.02025372817868598
128,-0.027268661968190833,-0.043273882217898074
128,0.05088965979104543,0.03514196095715788
128,-0.01257436300355852,-0.030246352279965527
128,-0.04961572418800636,-0.06413044169503301
128,0.06007459071708465,0.04671102402740518
128,-0.05877165142753138,-0.07322957753408088
128,0.023859573447445825,0.008982573703440244
128,0.03500795715538596,0.02287041730420447
128,0.035178109112043665,0.015709862913656725
128,0.008209500354208588,-0.0056642238322601735
128,0.0898545113342572,0.07422431679547409
128,0.004146955662300278,-0.010118025243820883
128,-0.04198088745870748,-0.05448643990545721
128,0.16137303818026277,0.15226149188803678
128,0.0038542876931181302,-0.00686795320459993
128,0.0006680476972799609,-0.01795721100219899
128,0.22604268904611774,0.2127013196749134
128,0.04269690629305206,0.032376277251523145
128,-0.07674834862493163,-0.09009562787544895
128,-0.037002426781768405,-0.05346037037652224
128,0.10396881827301957,0.08679215952552816
128,-0.037499614162066985,-0.047497315254494854
128,0.06225789241193874,0.05033330337559866
128,0.10280572705169616,0.0910910993736958
128,0.015179941990861978,0.0039101105692986304
128,-0.053391155714420324,-0.06934073658714585
128,0.05862597889676752,0.04442163486989065
128,0.024249156622514756,0.00975336014309841
128,0.07324107225971138,0.058550422680793746
128,-0.06893790998461119,-0.08582980604859936
128,0.10831356038888967,0.09422625462643702
128,0.03134381619472171,0.019064807548516804
128,-0.029510438659376026,-0.04695967061862116
128,0.00394049851792122,-0.01080207302348396
128,-0.028482131245958997,-0.04184227351938463
128,0.05815588839879188,0.040674420386033694
128,-0.04946244506953473,-0.0652160732181789
128,0.09128357927120151,0.07856222139598207
128,-0.06066455113693653,-0.07578685580826505
128,0.09560889666829969,0.08028636164261788
128,0.0009019598509879545,-0.012875465338324454
128,-0.02781627237210743,-0.037234091152704596
128,-0.01973801231790251,-0.03008000955125928
128,-0.02846592759198996,-0.040010337380396666
128,-0.04755357374154778,-0.06339162418543598
128,-0.0014494251694578408,-0.01795993268431295
128,0.030947651902795803,0.019308528340228004
128,0.04042429079803872,0.02552373471585495
128,-0.038052929312651085,-0.049508116601931385
128,0.034772454498225414,0.0156989955990558
128,0.1735355688411308,0.15685917951703804
128,-0.05874288474374645,-0.06971785236170103
128,-0.00803905026000351,-0.022909485443666056
128,-0.02470436797002601,-0.03601602089073758
128,-0.04334089579237321,-0.057738752200076515
128,0.031863059453675124,0.018522508449939967
128,-0.05794911164060468,-0.06883318005677475
128,-0.014337898265517401,-0.027554194650201536
128,0.06155618189430856,0.0472488529389376
128,0.007572090232256801,-0.004830494826077447
128,-0.11490318781529746,-0.12614554384330778
128,-0.013435488091277203,-0.025005762161712686
128,0.06973401979269106,0.05668376747961695
128,0.17282247515186216,0.15881293404336377
128,0.1159429532254464,0.09813243979240888
128,0.12842880637830495,0.11782638720775279
128,0.020541575936562972,0.006196192831874392
128,0.05706256673156784,0.040666628076635125
128,-0.10154411543624503,-0.12011870253316453
128,0.08290193296682663,0.06716218491364984
128,0.033722652601131275,0.01872898904877862
128,-0.0354186571525244,-0.05163708918682186
128,0.14982530090082896,0.1345897840655919
128,-0.08521901280982452,-0.09489088073300345
128,0.052344881566626034,0.03660022741046537
128,0.0031472651662549644,-0.01153346285991208
128,0.012775027390623195,0.0002652084746995742
128,-0.01997731013842441,-0.031652507753969106
128,-0.007379088796786892,-0.021857718641230095
128,-0.0198486634821603,-0.033154856344609906
128,0.054758558138018776,0.037102372922451166
128,0.1027190570772662,0.0952204988386271
128,0.06889120446153413,0.05377376721211702
128,0.029419649448601093,0.01302339332388952
128,0.0016747965245368923,-0.013030118521822731
128,0.09607730715049384,0.07724669245539784
128,0.013735002377466499,0.00017537877747025865
128,-0.03188045068473139,-0.047579842561938535
128,-0.011238032978509838,-0.024234451512090305
128,0.052254671974139355,0.03343065863171929
128,-0.016079117017849476,-0.02789210147646265
128,-0.16446817141765152,-0.18192193985685498
128,0.06289184312381435,0.04733778198179073
128,-0.062054215296098225,-0.07259289549157372
128,-0.0025452885231500577,-0.014477464214678992
128,0.005493191936723096,-0.0071946375114791405
128,-0.0968951403201459,-0.10667986445602978
128,-0.02610971580461835,-0.03903558789775907
128,0.07519535653150117,0.06386202490206044
128,-0.032986894138131106,-0.04793272524457859
128,0.027507668889670434,0.015533085696339932
128,-0.07968207091784263,-0.09439201888732146
128,-0.009906550122320834,-0.028228101702334474
128,0.1273287873465349,0.11118895824858394
128,0.12319559608751679,0.10622234366587996
128,-0.00921193256024283,-0.021653572657790943
128,0.05905311103924338,0.04232970831450017
128,-0.015760133154240075,-0.026772268672458965
128,0.03936279875197174,0.025320181710938694
128,-0.058018096798507446,-0.06816872792798268
128,-0.03909782765755404,-0.05037193871980028
128,0.00843997188208595,-0.007183677265452937
128,-0.08282356106009325,-0.09834103631260183
128,0.0067855994697915145,-0.0034316602472584945
128,0.14955524113233226,0.1369509060602047
128,0.004957057791637354,-0.005948073618426031
128,0.024104355547115375,0.013085308322167755
128,0.01720641630618086,0.00896907845517958
128,0.04469198593424378,0.030130158354383263
128,0.0955687495644601,0.08119217982379451
128,-0.00015332407979873341,-0.011483725251077659
128,-0.0013194112390459423,-0.013949358720475258
128,0.03993074797190982,0.023352183518607017
128,0.0015758094712529647,-0.00905233188746768
128,0.016781298519659482,0.0024713186790086272
128,-0.1996433670800393,-0.21824319613316173
128,-0.04191003365370566,-0.05565007328325572
128,0.07801331718193744,0.06971236419998
128,-0.033509950064652516,-0.0475842350193309
128,-0.08931517464981176,-0.09972632568873507
128,-0.08179852945508426,-0.09427164133044103
128,-0.06331506469154513,-0.07868201981718503
128,0.10500657178982348,0.09215530247330733
128,0.020550868013436974,0.008863562903520916
128,0.025524844577934636,0.009302471096985343
128,-0.005463845488471064,-0.019743981846156056
128,-0.11035251849138838,-0.12748951669525888
128,-0.04732090312270526,-0.05728107270938565
128,-0.013923241347838622,-0.03397201158541585
128,0.08096819258985516,0.06573775373739171
128,0.10387169716210526,0.09367523236708192
128,-0.003759662763665017,-0.018130469292673812
128,0.12112240547158687,0.10831233494137077
128,-0.06239665221007401,-0.07859854201420097
128,-0.11997243208232178,-0.13397839873287337
128,0.12412181941975181,0.11036237615109096
128,0.008804506700517023,-0.007943751833457913
128,0.048865918276746134,0.029097886484061697
128,0.03350803639561939,0.01522353550706923
128,0.01996267102145688,0.0076274446010581864
128,0.023894535134970196,0.0083331035089253
128,0.013290450009616539,-0.0025577800166001197
128,0.06736378857144082,0.05504901563347825
128,-0.0248483470245644,-0.038194791207595113
128,-0.01206837371225239,-0.022190368389547466
128,0.11481491544605743,0.09860127641591349
128,0.013805045248364178,-0.0004983371836341233
128,-0.06389365089041565,-0.0853453534435275
128,0.004221390313948692,-0.013226974809098568
128,0.016426135863676083,-0.0005519196798073334
128,-0.002387292234045102,-0.01881331021520588
128,0.10838424472636016,0.09557997561179105
128,-0.08293498871754129,-0.0948874485814839
128,-0.16499091664374305,-0.17771208733082455
128,-0.06324828101922264,-0.07414959774415175
128,0.018853362935901175,0.0036584368624314467
128,0.02653151071602733,0.018097854381142364
128,0.007301519516750399,-0.002363619031067632
128,0.10649189860901936,0.09395348686422972
128,0.0027348984403631205,-0.013780997659745331
128,0.07799214218933065,0.060139401165074435
128,0.029440731493740158,0.016918964057044683
128,0.046628707688552984,0.030177578055719967
128,0.04699788516225728,0.03235058685398445
128,-0.023907376244803047,-0.037677608428616616
128,-0.012443149340877924,-0.030669688938442963
128,0.11499415262045659,0.10079323413688374
128,0.06523763360515766,0.05393545112288234
128,0.1626481237336566,0.14466790956529868
128,-0.035505312095449104,-0.04978654008834843
128,0.0050152157230077266,-0.006200352783892582
128,-0.10098157617304793,-0.11842008034487111
128,0.14155408536490782,0.1275053969106838
128,-0.06770018049208781,-0.07927490326748349
128,0.012478868441751778,0.0009460673148107834
128,0.00563950352437903,-0.011378337686309636
128,-0.06404300798070861,-0.07902690384674366
128,0.056174940996913225,0.04078398087093188
128,0.08793523999287184,0.07620989894820485
128,0.059589487318640666,0.04281618818220684
128,-0.03631982488057789,-0.05030706593398465
128,-0.047551797580157984,-0.06501244916702553
128,0.04734630464357387,0.03863098015859118
128,-0.04429154036365657,-0.058681812717143955
128,0.05518001174732795,0.04360449553834328
128,0.07085212230954602,0.05462468157400724
128,-0.09640119280352072,-0.11516156441767372
128,0.0800611925940759,0.06158034811465535
128,0.05834869596786757,0.04036243380517418
128,-0.0017418492337497593,-0.012967278322280118
128,-0.004784968740556728,-0.019792874165621643
128,-0.04609466583347638,-0.0590467914080437
128,0.02140039397129323,0.004643787110479192
128,0.11005316668548454,0.09030235580884155
128,0.023508758916762407,0.013358894591634252
128,0.2150125814747192,0.20004008547139712
128,0.004448846953029273,-0.008047054570250012
128,0.1017949887665292,0.09006148309138456
128,-0.07665602693535156,-0.08755318312998789
128,0.12956130029690888,0.11446840147825416
128,-0.0911713056165035,-0.10346725015543945
128,-0.04755559871983622,-0.06154940456313174
128,0.05943003380993489,0.04785974963576972
128,0.016995436738391934,0.00799269026473115
128,0.1429305717064296,0.13469956719616522
128,-0.08479983128458701,-0.09690382140857312
128,-0.06923191442547294,-0.0835979701384828
128,0.03132160284827906,0.01594452390609824
128,0.08382720457033072,0.06917655591659588
128,-0.007294846593212334,-0.024697433100854205
128,0.16819904767675004,0.15576634933097971
128,0.11222026319984907,0.09989176935814009
128,-0.010424713120307516,-0.021030263886727907
128,-0.0753511944403536,-0.09060664304111271
128,-0.05311896299574137,-0.07199106220757079
128,0.1314591636092431,0.11527864647155478
128,0.12779386788301933,0.11412336528977945
128,-0.02852438621218778,-0.03898272182362672
128,0.052775577264900064,0.0386446519355067
128,-0.07866890532644671,-0.09217108770958721
128,0.05724405701182189,0.038369944547607115
128,0.1517300709962242,0.1359648241019959
128,0.08895628263378047,0.07576839105204453
128,-0.1167604588572283,-0.12967792194291738
128,0.05557541818713707,0.04207771207991451
128,-0.0808447034608043,-0.09767737849007241
128,-0.13387965251310202,-0.14465251033581816
128,-0.045442985460551144,-0.06073836334720878
128,-0.05934723526153646,-0.07388954367441086
128,-0.058073559479601855,-0.07105030332189705
128,0.11003295283649667,0.09739454456571311
128,0.13224972461337753,0.11584336740536477
128,0.15286510354774768,0.1389723265165536
128,-0.06827060928975265,-0.0833275157768304
128,0.02977196953597433,0.014362370300921967
128,0.022803286815433754,0.010569882620875881
128,0.008518538745267867,-0.009744952797218487
128,0.007836110882760428,-0.0077932079004818244
128,0.02212145915889835,0.008864278764619149
128,0.01842796663650087,0.007220166127164418
128,0.0006846420444949208,-0.012623402367542669
128,-0.012091734499984408,-0.026258327514300794
128,-0.0019566052022405023,-0.01585060185797943
128,-0.11026112463269838,-0.12434889037466462
128,-0.09583029952720484,-0.11060070049819665
128,0.1765516366600695,0.16439024710135702
128,-0.0122904258985716,-0.03364896746316798
128,0.1381385390884569,0.12228645874973637
128,0.02006785407154521,0.005858966718851444
128,0.047257999498776515,0.03555207175472924
128,0.10015390967415011,0.08887509355781725
128,0.00586000049018226,-0.006880229122776527
128,-0.0038603848015452136,-0.01872766533296122
128,0.026843569368248,0.01314969468835675
128,0.07919264522305486,0.062168627585653446
128,0.01931033295715251,0.0028437368931641394
128,0.03192649491397298,0.019659337825540746
128,0.058101843919495855,0.041692901215582
128,-0.042387731778258164,-0.05262204543644383
128,0.18170000790390212,0.1651994750615084
128,0.069265548848987,0.05529093172549088
128,-0.05624897499191567,-0.07109439119272448
128,0.059716208002051685,0.038335221988320234
128,-0.1348121947392663,-0.1519612024627628
128,-0.048650499701603456,-0.061545454182220516
128,-0.009137874923199008,-0.018078511723375323
128,0.15609957103838928,0.14022466520281046
128,0.04168786056133489,0.03098771523090771
128,-0.10160605799822126,-0.11453106978082367
128,0.03770444361396291,0.026803613953114702
128,0.07486715533398108,0.05969904030934409
128,0.09576814978263487,0.08129994471899588
128,0.042831743827579205,0.030129398106962357
128,-0.1428156502581171,-0.15407472932862626
128,-0.028967715858951693,-0.04184976601242807
128,0.0176857982033376,0.005408947970035272
128,-0.05808465629858067,-0.07001144462506798
128,-0.1563679879161925,-0.16878612233227075
128,-0.09106450890668177,-0.10293582029631887
128,-0.01633240339211839,-0.032449016017267296
128,-0.0479513512070191,-0.061052087013323986
128,0.05578564735446495,0.044740566625049105
128,-0.0005557035244734831,-0.012598089955168479
128,-0.007473039655084945,-0.02536742602035108
128,-0.01617234069986656,-0.037807927768879146
128,0.014868687603055541,-0.0012850812376113963
128,-0.0083960997415089,-0.024865698741269537
128,0.01062767334744158,-0.00126335713987491
128,0.03608722031141898,0.018031801944736636
128,-0.13647686770108836,-0.1536539060245376
128,0.06713501561938212,0.05064602534163681
128,-0.1441662284438766,-0.15382516526978912
128,-0.001577313702269656,-0.01714724851890409
128,0.0626626656505162,0.05077740454020174
128,0.06025988216747502,0.043972656312859126
128,-0.0008217803100111221,-0.014420273162868369
128,-0.04086601505460574,-0.05295367959566577
128,0.15263897873137983,0.14091800169504126
128,-0.033893558100287935,-0.051519028260612276
128,-0.06558172969871384,-0.078449975944965
128,0.021358089643511102,0.00431944828342673
128,0.0584790337203856,0.04383875783769303
128,-0.09861750839159639,-0.11535757582629025
128,0.006425049717546094,-0.008484878935305085
128,0.08392779834438929,0.06339412576933656
128,0.07696801739344383,0.06643784081377646
128,-0.03072043209333325,-0.04454002222907505
128,-0.07528461146483062,-0.09104812719048866
128,-0.03590979466909433,-0.05002730877349637
128,0.009158183048289859,-0.007073024882093715
128,0.1250796389561843,0.11029157977550869
128,-0.047113108665931824,-0.06263730324198613
128,-0.01054161684198257,-0.02289804587552391
128,0.04329966166561011,0.025878956488127436
128,-0.015719489441584633,-0.028239307617773268
128,0.04339974788408074,0.029241566004215236
128,-0.10384118882951732,-0.11763833803435725
128,0.12833626245597002,0.11062256755849037
128,-0.027219974886755982,-0.04180597908171163
128,0.09692100353972216,0.08216378183352652
128,-0.1072751463173493,-0.12440081740590758
128,0.003606577315364623,-0.013309835418205629
128,0.01449701606350412,0.004269019861705525
128,0.04812923833913335,0.03563701245915213
128,0.006967133751698218,-0.00672187892701942
128,-0.04900977711650706,-0.06313324364813039
128,0.14888317580975102,0.13517074618223596
128,-0.1762284929235979,-0.1921050693312752
128,0.14665203127800647,0.13372931046383302
128,-0.016644498964910937,-0.03100357609560933
128,0.012443292460745381,0.002958778292941666
128,0.0003926773154550034,-0.014070562425297695
128,0.1013105243916978,0.0883996601706794
128,-0.06885104490424598,-0.08045815470467882
128,-0.034554471680022625,-0.04878789644657827
128,0.11891690977516717,0.11159383202771017
128,0.008123575826008256,-0.005530547444294598
128,-0.07501175385289577,-0.0866776198548499
128,-0.06372127322746746,-0.07918051360094519
128,0.11528177791637267,0.10052871262187929
128,0.07616832788905775,0.06454743178660899
128,-0.05534086717254266,-0.06975861914422354
128,-0.040284113692346524,-0.056815606643282335
128,-0.08086748256759774,-0.0944718427511802
128,0.1137967092470778,0.09795450561273972
128,0.17584975350991677,0.16256960773957835
128,-0.08313682633613872,-0.09797291900604349
128,0.17813795804138816,0.16725153281079103
128,0.016059649277896604,0.004902846975523734
128,0.0428457773802729,0.0304446608293808
128,-0.07149380304594094,-0.08542749111918302
128,0.002636788752553798,-0.013200338059395689
128,-0.1326084806967135,-0.14650202665119233
128,0.05308606381034464,0.04083436358801479
128,-0.03552170499181928,-0.04759918767732518
128,-0.05872552152639704,-0.0729818797437164
128,0.04881424517703514,0.03498702612348581
128,0.0497830711592081,0.03732066810461132
128,-0.05131129809624213,-0.06541665071558261
128,-0.14305567351852572,-0.1585747738546986
128,0.054484092708757925,0.04072186681353718
128,-0.00038051992813992186,-0.013994024236134939
128,0.09690665777831825,0.07624114759057266
128,0.09066713148545175,0.07298819431331799
128,0.04243118796291939,0.029847362618332207
128,-0.018823174561658107,-0.03470373503710944
128,0.14710243684269725,0.13424961848685574
128,0.04391925780057565,0.03471421831496985
128,0.034299261184740526,0.02102415276476227
128,0.17464269445431552,0.1574312277694358
128,-0.20933392051105223,-0.22560188539249199
128,-0.024898200387817926,-0.043680513932617404
128,0.0997500585011169,0.08627220542469732
128,0.03251850453004829,0.0154079329638806
128,-0.0811245377948901,-0.0928725539948057
128,0.0044448810306991215,-0.01430255510664108
128,0.09858566097080729,0.08030997774853282
128,0.0290512172190851,0.019393898874949023
128,-0.06518919835965803,-0.07729863041841906
128,0.10100733486563312,0.0888492631221775
128,-0.008674195331359325,-0.025042917510393115
128,0.06341525031457745,0.04936545702946743
128,-0.03294998844461411,-0.048647441668385305
128,0.1567311615037344,0.13923501393885435
128,-0.021293737520026723,-0.033040563420441316
128,-0.006457573355681534,-0.02241533585586425
128,0.022421372707942533,0.008261305134485142
128,0.011988024117747353,-0.00369321589792726
128,0.001497698465369568,-0.010512882630605846
128,0.029644794136053365,0.015037021580999843
128,0.03821253657676571,0.02492731969026879
128,-0.0024588991642824354,-0.016343010661371116
128,-0.10372863375525071,-0.11621275807282305
128,0.0932906122172445,0.07672282741198033
128,-0.10071203581762583,-0.11734935484863612
128,0.02832061993699092,0.014122377284939591
128,-0.03305844811630437,-0.048754904454395454
256,-0.025979219009958643,-0.03197198292922587
256,-0.07052738347130899,-0.07903896339864491
256,-0.07888863064810464,-0.08636538411298728
256,0.020017141239739245,0.015139831932359238
256,0.029156308834691225,0.02071206538275161
256,0.02139355601010473,0.012073015660395259
256,0.0070440701958807694,0.0006966851422382514
256,0.02697792155036699,0.021087019009826236
256,0.026238007937251062,0.019220001429262112
256,0.01764960284106487,0.012591978772216128
256,-0.030320520578309584,-0.038497249849064996
256,-0.035392558091506876,-0.04339014714055828
256,-0.06765896356079953,-0.07798847166012857
256,-0.07993494382891364,-0.0855662129120126
256,0.07652973636404575,0.06880866141562836
256,0.015232476306108356,0.00666801599201805
256,-0.02060034138521033,-0.026880130438243277
256,0.07875922425533533,0.07151056948425688
256,-0.07516935493402022,-0.08268057753830033
256,0.025625045795563572,0.01805985520802844
256,-0.023550558910100494,-0.028091644704601182
256,0.009497542155346428,0.0019580301864197125
256,-0.02501342957742314,-0.033399227075557314
256,0.06964306250906632,0.061692500152952856
256,-0.003849308700878018,-0.011006128962267436
256,-0.08444959196624618,-0.09137590779963406
256,0.00243485052183251,-0.004086086975325143
256,0.049789039032932636,0.04294306034627482
256,-0.07731455326707415,-0.08468740779045808
256,0.05481584810189927,0.04806356383334237
256,0.05715203671173258,0.04999217662517824
256,-0.019052268596940147,-0.026761891768745827
256,-0.09899889981149484,-0.10751833493315327
256,-0.042509857353656144,-0.049084487494482354
256,-0.04770672884257687,-0.05436992018339365
256,0.03598888156942315,0.02894629764500456
256,-0.03430165144626235,-0.042957186614578646
256,-0.016214630787467377,-0.0229203514467321
256,0.09321833888352665,0.0855259440126443
256,-0.04269665186553867,-0.04882757986745867
256,0.05546991628758707,0.048533692522789884
256,-0.04205554879679452,-0.04937455109533739
256,0.09084352973302484,0.08301811460911107
256,0.02608770029372176,0.01856363823021151
256,0.0013189726940412982,-0.006842402915215096
256,0.12872843038827192,0.12294695789580784
256,0.03769891863194935,0.02946840924979205
256,-0.0060975176190566915,-0.014710382917186127
256,0.030503644334298696,0.02290254280480436
256,-0.07473433066493573,-0.08188253200184614
256,0.037143046966969906,0.030641305450847922
256,-0.10309098668597944,-0.10967790556632606
256,-0.037774457995359556,-0.0450123841769241
256,0.025912716088236865,0.019863703814005373
256,0.004522998697414127,-0.003774095022504753
256,-0.01465284148849072,-0.020270992027802748
256,0.06655025176902962,0.05951281971481104
256,0.00548462580736897,-0.0031779740289815117
256,-0.028640843293283758,-0.03723872003790274
256,-0.013207882433651175,-0.019862552352480356
256,0.10570150575656362,0.09958113080337655
256,0.05720859822233049,0.04897107958915076
256,0.051339150687735535,0.043968630839005485
256,-0.05105339302857648,-0.056615025489046344
256,0.052996268213524766,0.04475154917210061
256,0.023794200954267486,0.01733034246467141
256,0.007979557710773633,-0.00037651952081813045
256,0.009193729764704672,0.0005957454940073714
256,0.1078822593691739,0.10083184146302432
256,-0.002287844494478941,-0.009583542851003213
256,0.03496424233732287,0.026122318230987485
256,-0.06551479070816596,-0.07204964257019558
256,0.02887572816278894,0.022602866505884556
256,-0.01613034885598008,-0.02513411582205277
256,0.03238264641204619,0.025258263486154064
256,0.021719642545886764,0.016433094427797612
256,-0.07453897823283862,-0.08226184050647689
256,0.10464155499153377,0.0978203722803968
256,0.0029096731754577054,-0.003998481549610466
256,0.09395198012018652,0.08697070729955064
256,-0.034094799690797595,-0.0422419157406157
256,0.015858322579351936,0.008272353703956126
256,0.008494996738549088,0.00046799187915386176
256,0.03616782964598514,0.03098317197947703
256,-0.04098172965010116,-0.048381493034449
256,-0.018861804302845342,-0.02500713504154839
256,-0.01818607625849611,-0.026365102937501772
256,-0.03814592286115581,-0.044060477010545274
256,0.045246824661935914,0.03622021011952503
256,0.020421179336820083,0.013359393092482408
256,0.023440800029649933,0.017547038123050862
256,0.0585114106657611,0.050207125682932285
256,-0.01986545028067299,-0.028012691923488875
256,-0.0765525520385168,-0.08260569888528868
256,-0.06663384946689732,-0.07536372979061112
256,0.09868910799130354,0.0910607978497528
256,-0.003105977327880205,-0.009192222481326229
256,0.037579036846007996,0.031131503926759396
256,0.030007064322524646,0.023377406464596573
256,-0.01803786087125664,-0.02490682547029177
256,-0.020748671209970537,-0.026811453974600497
256,-0.0013436087936498642,-0.008992277997293685
256,-0.024930457713024268,-0.033973151216875774
256,0.03868586800575652,0.029424716488493097
256,-0.025745791568005716,-0.032101187509006146
256,0.0317011033999513,0.025823798733968006
256,0.042588472586674364,0.03350319681557162
256,0.0694527452500186,0.06184238217220839
256,0.00891268864130118,0.002009724917888478
256,-0.014896098236472255,-0.02400530885226293
256,-0.021806750417914744,-0.03152158438618935
256,0.08129622075310222,0.07659566224074649
256,-0.003552864075485773,-0.01367096538042567
256,0.007679559163756344,-0.0008023215821137408
256,-0.06391671556232992,-0.06914304519681047
256,-0.0967564042161379,-0.10172491059068595
256,0.0746378211023504,0.06659436939312985
256,-0.05842735901814827,-0.06666788745745594
256,0.016395131712080624,0.00927142544973425
256,0.0216202444440336,0.015115013461695692
256,-0.08529327062361686,-0.09088103211608534
256,-0.041317930354186794,-0.04947176545527704
256,0.05693970933064785,0.05211886589584247
256,-0.017022754963282094,-0.02391140452196222
256,-0.040096570654147845,-0.04754662411158023
256,-0.05247675675381025,-0.05915713944102563
256,0.008071618626472321,0.0005236812299783122
256,-0.05327100850651062,-0.06080108030233056
256,0.030887178522359893,0.023828164060397505
256,0.03742814388369042,0.030873619171167377
256,0.008392324324043854,0.0023748078356412017
256,-0.047134313715455234,-0.05426501476711809
256,-0.010519324112601536,-0.01761820310347817
256,0.07467548313577149,0.06680119020377295
256,-0.050152949216166476,-0.056104332331947504
256,0.006596788540406684,-0.00010563829874771224
256,-0.007104093180633375,-0.012022545336942247
256,0.0866613749290987,0.07937433331035948
256,0.03991760766259239,0.03416468640439696
256,0.12074939978966442,0.11378368659422217
256,0.08429145296596202,0.07626808716924549
256,0.05224465525557459,0.04255338376307349
256,-0.019674158650723306,-0.02542158246272236
256,-0.02823235531210938,-0.03578355675184541
256,0.03350731850575961,0.026304174283837023
256,0.08004298249875769,0.07199974789077529
256,-0.04034149788044339,-0.04783592635608713
256,-0.05387077418455827,-0.062418271679535176
256,-1.2540999678400944e-05,-0.008392805958047755
256,0.036743398432761365,0.030254826295631254
256,-0.005736422452748913,-0.010839929123708625
256,0.004008034431421559,-0.00240477954654994
256,-0.016758563476947264,-0.02321633989788724
256,0.003401497708829415,-0.0027362409419791067
256,0.04462873401138645,0.03915510019889773
256,-0.025500562368219792,-0.031007259466528325
256,0.057863702751436985,0.05333727032213015
256,-0.03477492922038844,-0.04209423577273064
256,-0.028654341017864127,-0.036180492582961965
256,-0.0878344358861915,-0.09419043720474057
256,0.025262405589575543,0.018465070053204136
256,0.004801407612883779,-0.0017036933775945728
256,0.052910320921103426,0.04413275801266647
256,0.06648963712319472,0.06101569920016575
256,0.047748817271324906,0.04140828948722686
256,0.09202441857524263,0.08356423831403864
256,0.025053265806811553,0.0174216494226912
256,-0.11160279997292194,-0.11805318707699602
256,-0.020831787150539627,-0.027088714892808397
256,0.008855973658971228,0.0037958427567723607
256,0.04226950117243217,0.035334327909115615
256,0.005822689664510716,8.687276413199552e-05
256,0.013464819439435172,0.006597172172942256
256,-0.02108452180229875,-0.027127135588028373
256,0.03168390220179634,0.025314825163474497
256,0.029036249058331576,0.02278555090625728
256,0.02516765298563456,0.018521762165737532
256,-0.07399322358629412,-0.08045377748365834
256,0.009630964098870431,0.0026771930535840482
256,0.014061370477255086,0.008024752992366102
256,0.016177050711615182,0.008967432898468852
256,0.07774191132982566,0.06803168582306357
256,0.016745469533906876,0.011372815817171367
256,0.07608045373491723,0.06872678792964554
256,-0.0299764286131895,-0.0368727497432676
256,0.007822250394047991,0.0010405842354801464
256,0.07911058931641779,0.07213174227783253
256,0.04331219740605269,0.03464293941322688
256,-0.08231513226228865,-0.08932053947462715
256,-0.022631973700695918,-0.02742527370390785
256,0.12438346917481785,0.11599421357698375
256,-0.10166306061110136,-0.10866463450893676
256,0.042581086856802564,0.03651061896153751
256,-0.06946982742865704,-0.08007705584428176
256,-0.016425718857042193,-0.022231859565379375
256,-0.023382442215153953,-0.0295117754956567
256,0.0534298598748037,0.04493516929542457
256,0.08073429706344332,0.07380792491001897
256,-0.0003796409362846198,-0.0077928146749494664
256,0.031008622207700842,0.02405568379600237
256,-0.07457234287602627,-0.08147407140880247
256,0.01830422341123722,0.0109144965631508
256,-0.0038868000770109767,-0.008838453238595667
256,0.04186445848990622,0.03481295944471818
256,0.031634078593410664,0.027025006508448024
256,-0.004556210475550104,-0.011373324035028609
256,-0.007730237232462134,-0.015482021681306357
256,0.0247023415443261,0.017182418584892334
256,0.10189882684036627,0.09425605477299076
256,-0.039294615695582846,-0.044818376391209835
256,0.025126707567910078,0.02009280301446198
256,0.013979447497057207,0.007681578412236212
256,0.044336300319315125,0.03553683160771115
256,0.08164719404173132,0.07431440547902934
256,0.045911140834644204,0.039340088220222724
256,0.056234999002024,0.05059240594629444
256,-0.04907876121773713,-0.05530917520782164
256,0.06646027243209723,0.05941407578338914
256,-0.03369169088231033,-0.040994633782583056
256,0.03727666009927294,0.028718787518457134
256,-0.0148862409019615,-0.02359215801760306
256,0.028425565826864896,0.019660153104400557
256,0.001697001119421393,-0.007512397124434245
256,-0.004670724989391861,-0.010253760694036163
256,0.04895972752772654,0.04079542676845993
256,-0.02479023484496007,-0.030492493854983593
256,0.034254778528523155,0.027841884694318864
256,-0.0580440405690858,-0.06416574650549761
256,0.052641165295468306,0.046384524242878866
256,-0.013924697621744031,-0.019638642634157433
256,0.04235627511347728,0.03588167071286413
256,0.025378613497651192,0.017857582396624327
256,-0.04373254777031077,-0.0513215863221696
256,0.07490809341302379,0.06705606532557412
256,0.038498686029742546,0.031235911080654932
256,0.021587359221967972,0.014562442139013032
256,0.05420789330487763,0.04740298519630992
256,-0.011668421602510581,-0.020982979382740796
256,0.12411967594856871,0.115260103857252
256,0.0012557648833769752,-0.006111001200996002
256,0.058577809013600435,0.05041999259879376
256,-0.002672212865345247,-0.010666707402819608
256,0.10865853838000034,0.1010346780218811
256,0.025515347117501197,0.01847620744206324
256,-0.040158871411859476,-0.048008840859666335
256,0.03313443681577877,0.028301241151015677
256,-0.03847690441824492,-0.046821527420901454
256,0.024210321920499767,0.01702453801896553
256,0.058113430075205696,0.05110204870680318
256,0.022789360410253645,0.015552493992837091
256,0.08945832292647565,0.08147279248521216
256,-0.007326369338225391,-0.013555442136420015
256,0.14505628859517822,0.13702173435275328
256,-0.040159212603975536,-0.046274037924748046
256,-0.025518690431720947,-0.030354830193824123
256,-0.03599643341849068,-0.04130742708595425
256,0.014248500884129323,0.00940895395560204
256,0.00847734221080898,0.0033259857328851172
256,0.04519983398138938,0.03991351297271195
256,0.048012934471999114,0.042780067102240804
256,0.03858933983875373,0.03276924772969775
256,-0.02163075873789222,-0.027770813193640054
256,0.0659966590845602,0.06060249352880753
256,0.008656360445361166,0.001400497218228991
256,0.06260671600753942,0.056570003851745154
256,0.020529401539146064,0.013295355219472338
256,0.02500777719526398,0.019048449011935698
256,0.056527111908042715,0.050228631855781525
256,0.0010935250668163143,-0.0061340098219452854
256,-0.07105747889727265,-0.07811578562324856
256,0.05178496135319949,0.044832680307956396
256,0.07176740781210755,0.06449779024800212
256,0.05168006089990862,0.044340398726173236
256,-0.07932036855720648,-0.08634840879720684
256,0.05998361484139081,0.05320038151262446
256,0.02890621060121079,0.022151080514999644
256,0.011431083442141277,0.005683895121457172
256,-0.017999855370921136,-0.025458858886438063
256,0.050089993710837,0.04431466807286022
256,-0.05899972388186786,-0.06577966349234798
256,-0.041518790600401256,-0.0473216198420256
256,0.007670511591823637,0.0008691763726859647
256,-0.026757256187122436,-0.03192662017872999
256,-0.04050205365360321,-0.04741902904248113
256,-0.06633190656778531,-0.07315539335228388
256,0.011993424882558834,0.003271816984015241
256,0.04767692649285554,0.03999053020517074
256,-0.07286551901167443,-0.08030768942898348
256,-0.01801102049054476,-0.023450032370551044
256,-0.050717261913893086,-0.05787832735076759
256,-0.07838856283832712,-0.08537940623303342
256,-0.06672158059452848,-0.07365462476177309
256,0.0009671056489347629,-0.006446990913693107
256,-0.03110981084390263,-0.03872707173954387
256,-0.03299048687549955,-0.03884378244108694
256,0.00939804926448673,0.0039081198536281
256,-0.031864178270812726,-0.03796817572808342
256,-0.014172179656747608,-0.019889242929650386
256,0.06974773079307989,0.06364850776808145
256,0.0730012418872984,0.06759347249068254
256,0.07095771804421169,0.06274565155956296
256,-0.0008200824506506277,-0.006788373888312937
256,-0.008156998379263536,-0.016929442867576583
256,0.02966780449293982,0.02395990887401045
256,0.05107726352155062,0.043993062157724194
256,-0.09646571794501518,-0.10513872548662756
256,0.02731450962563925,0.018407527582334993
256,-0.08282053505477277,-0.08931921280770744
256,0.03392202762233276,0.02807290007505875
256,0.03401602836012596,0.02787161087189799
256,-0.030719509754126517,-0.037721607415006186
256,0.03978368436655061,0.03024967799195799
256,0.03933570460150915,0.03206309312703565
256,0.011777400250813086,0.003850111371387077
256,0.06374160928876565,0.05862058956993166
256,0.05206071934862788,0.0448456448405537
256,-0.06324086461651757,-0.07220049471902107
256,0.022265634177994986,0.01590515850824087
256,0.0946187214782071,0.08589285080156678
256,0.0022392707120821864,-0.005110316721266828
256,0.06231012242991674,0.054093879231593034
256,-0.05578147713317977,-0.06474377819132421
256,-0.012967816598856763,-0.017713334852464346
256,0.0060781443852048755,-0.00038311640262589375
256,0.016816931837505766,0.00905803905928565
256,-0.14196701640924808,-0.1508185499371577
256,0.07112063293929238,0.06424902243883096
256,-0.07731754858380807,-0.08432278885478234
256,0.09974690210045672,0.09375303583816003
256,0.0678548112464385,0.06052062638262229
256,0.0068637269081547325,0.001986222676126914
256,-0.06872189144237684,-0.0756809821475612
256,-0.034975287368095964,-0.04286619818376225
256,-0.02041193616651371,-0.028515626375828607
256,0.021684512276028745,0.014898590873102302
256,0.034184462358950674,0.029334408442301563
256,0.10351887026179879,0.09828542519520583
256,0.07905301116991692,0.07415517022159956
256,0.06564619019205326,0.056587824850709234
256,0.006454977516638094,-0.000809299298455024
256,-0.040641380934880456,-0.04876915225495676
256,-0.07438288828430162,-0.08370628945213604
256,0.18150089036579925,0.17597880921113102
256,-0.020420722429861704,-0.02673443369284345
256,-0.04041699796323517,-0.04736878494655461
256,0.1361273774885225,0.12914762484326253
256,-0.025344443740228317,-0.032769824801609726
256,-0.0033694944261927207,-0.008907244202386533
256,-0.017927000005913296,-0.02518413415698012
256,-0.08156025107928494,-0.08834150020048515
256,0.057845488748988816,0.05017565777811117
256,0.004907232595401878,-0.002948246855720149
256,-0.03133334037764929,-0.038433202981815906
256,0.02190961870437702,0.014225377665830208
256,-0.010501642026589986,-0.018036302415981476
256,0.10188395773539988,0.09629873838836273
256,0.04852706265710954,0.0415490869223093
256,-0.012739782982960635,-0.018607563675256122
256,-0.05321345880544154,-0.06086255821448405
256,-0.03749756499941076,-0.04204631646616741
256,-0.02684674599322967,-0.03275470587432833
256,0.012876651628703994,0.00438564202756675
256,0.05143889894219117,0.044810063662641064
256,-0.00042190583467976994,-0.006516239386887279
256,0.0708723225734002,0.06371628322714351
256,0.0433308145039773,0.03744924740504535
256,-0.006364518609986158,-0.014317954402385424
256,0.016017097148412707,0.009962964662553586
256,-0.002594996630395141,-0.010297562917570391
256,-0.004564836959991714,-0.011759234422783038
256,0.11132621058641307,0.10421009484013549
256,-0.02805796610255662,-0.03511203765754861
256,0.04549632618321664,0.03853116257865746
256,0.024328567997140726,0.017879788288011567
256,-0.022026773313526926,-0.030648591754685317
256,-0.035343528142987246,-0.04126734455132658
256,-0.03214354071691505,-0.039687341118134156
256,0.01845489617310425,0.012794743938621622
256,0.024763981279432135,0.01874585470694834
256,-0.0493267270351439,-0.055835642999870705
256,-0.011334320372640816,-0.016251904147192964
256,0.11606034865988918,0.1105018086196396
256,-0.023488565819566987,-0.03060387880543708
256,-0.04122362062677226,-0.0475219972735661
256,0.051308335846974085,0.043685195257603504
256,-0.011074534278722625,-0.019546402956128417
256,0.024456142940052494,0.01806179792582213
256,0.009442391573478537,0.0019729028041565733
256,0.018230783870032685,0.012089809349128455
256,-0.01382382546769323,-0.019366121887280208
256,0.045715048842195904,0.03877602069487662
256,0.0157745392965406,0.011426848370803322
256,0.03057277615327203,0.02531504410621699
256,0.04487391185264222,0.03803396076840582
256,-0.008194492864767089,-0.015268973975239353
256,0.031852785862669264,0.02589122008662259
256,0.012106534465073815,0.00256318500751912
256,-0.022180244742061872,-0.029324519804385885
256,0.08192381972145285,0.07414380477643967
256,-0.04308911526888576,-0.049207604159423435
256,-0.04947969910639416,-0.05686496157082138
256,0.061201058761031324,0.05395238793648971
256,0.05950235590141639,0.05320842463554698
256,0.05651337215698027,0.047299747050391916
256,-0.03794389304111878,-0.044344386101617395
256,-0.013243447465404623,-0.020841382605392256
256,0.01133668930936732,0.004177757524969572
256,-0.09132463218907533,-0.09828317301649153
256,-0.11148022621194809,-0.11857107180714443
256,0.0030064175487900524,-0.0028312112875448214
256,-0.03283763326906192,-0.04108757360234755
256,0.0040559446991741965,-0.005056636859773922
256,0.019267953827646345,0.012387168735951581
256,0.02306243837539418,0.014491837235882321
256,-0.013866265042529413,-0.021997729424869716
256,0.030268673051340456,0.02319245383512064
256,0.015057397420956131,0.008022594856124998
256,0.05115186802096544,0.04417089400375873
256,0.003084205736753609,-0.0034850099811625235
256,-0.013123862330822356,-0.02061768914333556
256,-0.08132117234294772,-0.08926125442745725
256,-0.00038596730171813753,-0.006281231985573843
256,-0.012605970712048109,-0.020280657152413895
256,0.11126301550261047,0.10275873680818343
256,0.03339393886908598,0.02618369356602851
256,0.05066193303293359,0.04315316042598061
256,0.06268844016866332,0.05517204288723143
256,-0.0036462929375822295,-0.0089679895848217
256,0.032217511775825436,0.025486381908667866
256,-0.020372105857615674,-0.02734076060976176
256,0.05550383810093229,0.04930746340211917
256,-0.03833555170913605,-0.043387993745910236
256,-0.052429612445964946,-0.057630196282156654
256,0.0783089149035881,0.0705432341193522
256,-0.03600852945599464,-0.04474116096914316
256,-0.030670043002671454,-0.03668976030624732
256,-0.029330710315265462,-0.03382575278759464
256,0.03247049603308322,0.027568184322749656
256,0.030062895708066306,0.02228341843930698
256,0.008441802355642847,0.00022384401680330956
256,0.09844969013934796,0.09082219999684288
256,-0.01343793471513094,-0.02080505075753264
256,0.03479261044009746,0.027367665898953175
256,0.1405273945045084,0.13452697858964507
256,0.04120106813574048,0.03185622587254494
256,-0.06284737074171326,-0.06946038943773492
256,0.010000078772805843,0.0033661196874733568
256,-0.029963636157733564,-0.03432785049267456
256,0.03645003418488019,0.029368880978248857
256,-0.04778985156761867,-0.05690823933285183
256,-0.06011497043843539,-0.06711260276726105
256,-0.011981286463292828,-0.019450078770262724
256,0.00178795878641419,-0.005414210221253712
256,0.0759392350957927,0.07071703871415097
256,-0.0414041537508566,-0.048979156124333956
256,-0.0038174623731254687,-0.010318172563341499
256,0.013199083982654791,0.005572249900955228
256,0.0495485030949388,0.043024616855850184
256,0.06340287693972735,0.05663911373958286
256,0.03505007061769522,0.02574110449187461
256,0.1288462270313629,0.12398543838913317
256,-0.04437158961021431,-0.05039512814385738
256,0.09271860778258106,0.08475758450544196
256,0.04507997768127364,0.03718419534292888
256,0.062074685959956744,0.05500622666952082
256,-0.04641171259935606,-0.05403764010817408
256,0.05212896289668306,0.04582467302761767
256,0.02393953151549416,0.01686890055822532
256,0.0857213756483321,0.0781334492576986
256,-0.057473945248165126,-0.06430602776408184
256,0.003192339237188757,-0.005121677023114168
256,-0.0012093446590996648,-0.008323471373624325
256,0.08669680439259292,0.0791258554985172
256,0.12023033023556357,0.11394137029955526
256,0.019149176387031563,0.009818522826518794
256,0.06119793029558368,0.051601711326759836
256,-0.0312858626531865,-0.03878614732167629
256,0.021306797592890947,0.013211284537627044
256,-0.011165383298561316,-0.017476188027204242
256,-0.012798143369908532,-0.016617207272565715
256,0.06614647807929114,0.058340982878019365
256,0.0014589140386076505,-0.006596439185747371
256,0.030475600925770174,0.022683591785557677
256,0.013776519850089652,0.006652330843744558
256,0.012958661202559285,0.007798129071854121
256,-0.03423073796090714,-0.044709297193871844
256,-0.06517918319051402,-0.07126567346275398
256,0.018873575829844003,0.014654229915646688
256,0.08615639985975349,0.08055833515173122
256,0.057522444832329656,0.048694453319333975
256,-0.060822064849624546,-0.06939945732679303
256,-0.026104099715189844,-0.03185994222795341
256,-0.04332458388806909,-0.04991141527709425
256,0.002030131144433067,-0.006318875011141811
256,0.031384762852140036,0.023685369739010975
256,-0.03826851547739879,-0.04580863878367686
256,-0.02122276267439066,-0.026476350312298003
256,-0.0345880815403084,-0.04026878920379645
256,-0.0008333368567111088,-0.007903161821142979
256,0.045080576867639444,0.03838782549841846
256,0.0639550793281104,0.057282546424545
256,0.06639157993895295,0.06031575612835044
256,-0.11085770056299799,-0.11880784491739915
256,-0.07305818627167088,-0.08033704537095487
256,-0.10266009691608202,-0.11024708192396754
256,-0.034379222899537876,-0.040222628228070045
256,-0.025127851512988297,-0.03407010376064179
256,-0.011572822508193581,-0.018604603862149183
256,0.009030612736086463,0.0022443975086245405
256,0.010456502291119774,0.004401901575434908
256,0.03530565489577986,0.028848302982251994
256,0.11227847136537078,0.10588675276588716
256,-0.019977506128588896,-0.026510759663250727
256,-0.055110064772267375,-0.06279928389780337
256,0.09916012190561502,0.09267258817516572
256,-0.0013136658917480282,-0.00817922491228762
256,-0.0020423429181746777,-0.008890219275396904
256,0.02345023004448038,0.015555813946935282
256,0.019617141400539995,0.013130764712491638
256,-0.014020869658543544,-0.018992961070988523
256,-0.01612506722531054,-0.024036889177005694
256,-0.0902516723610825,-0.09816995921045996
256,0.025898364152337983,0.018871224850088186
256,0.02044047958032702,0.01481674787896653
256,-0.0006560308710167884,-0.0071300493176518764
256,0.020002340389772277,0.014599305812069141
256,0.06913821412302384,0.0633413201454302
256,0.06611738080644802,0.06047699956766506
256,-0.0074027865929974235,-0.014157420072485383
256,0.08083474626800763,0.07229311200338323
256,-0.006617013295675156,-0.013208230003240062
256,-0.03955038019700807,-0.04602575014940058
256,-0.002788764190053916,-0.010179910481448728
256,-0.020112701981748415,-0.0286657223899206
256,0.027004393640921887,0.019691536937651355
256,0.07566855983785303,0.06918059991059128
256,-0.04240309230219247,-0.0517391935259538
256,0.06426162604695512,0.05908793969424764
256,-0.061239182331469744,-0.07087166033797554
256,0.07894978807872921,0.07246594722458677
256,-0.017877488501647,-0.025534641957250248
256,-0.06072036110129497,-0.06793553026798471
256,0.08448420960916087,0.07776051276241397
256,0.006686380750885346,-0.002003660832748444
256,0.05228727570966879,0.048094062177585384
256,0.03657938909637115,0.02786461466870027
256,0.028407180029262236,0.021781226491004058
256,0.021263940559843597,0.014312161396718981
256,-0.015082817127876236,-0.020272614056044302
256,0.05213630669806896,0.04456099993117124
256,0.017298195657306004,0.008988105756084164
256,0.04447001398497802,0.039294565261234704
256,0.1173374226382497,0.11216552631375193
256,-0.0032120769584979003,-0.01121039984984773
256,-0.056892304625074774,-0.06382335534729028
256,-0.0031110583062585184,-0.009744734807171751
256,0.05070381913417055,0.04297704772318334
256,-0.06926697385930303,-0.07749803404891492
256,0.007043983102131335,0.0013545409635608574
256,-0.05562719209300693,-0.06139434244682296
256,-0.03128369502583622,-0.03572193689551839
256,0.04627513541439704,0.03914736525049928
256,-0.0985497396559723,-0.10565687808249274
256,0.03777598501048407,0.03121166365318112
256,0.08800414784892491,0.08115851097738352
256,0.07565091404860069,0.06982255024064854
256,0.023035010749951068,0.015114114416470203
256,-0.042746178946579116,-0.05079456965753387
256,-0.028591665123980425,-0.03356809398643179
256,-0.09525113602040036,-0.1032676657186245
256,0.0684294359669898,0.061353278981411685
256,0.09302308974548607,0.08690326227397299
256,0.09556426833782578,0.08594504951177112
256,-0.030224804385573067,-0.03831150019466395
256,0.029489178940281358,0.020951148198091518
256,0.0791151736231977,0.07177981596062905
256,-0.006921225340220938,-0.013572109571986513
256,-0.07402401314271834,-0.0820276203944959
256,-0.03169022144119077,-0.037788749087533935
256,0.01178576345190896,0.0050557262921524515
256,0.058756075484135584,0.051810020463832984
256,0.07806461309387247,0.07221427759819454
256,0.009575563257286368,0.0028104565176626517
256,0.08409700709600604,0.07743248558303512
256,0.063386574961382,0.0556072581828711
256,-0.035154490688065865,-0.04101981936953736
256,0.022707302597098078,0.018257252262649126
256,0.015363849623269143,0.009511771808786873
256,-0.06316368399377836,-0.07073739960543324
256,0.037207620461780944,0.030548051061612402
256,-0.008814895748902263,-0.01622861271254933
256,-0.06260067342966091,-0.06930518334573171
256,0.033498629522512036,0.025974258403647088
256,0.05825057081978707,0.049562328388139676
256,0.027157772458420104,0.021421626054384524
256,0.001062140476873974,-0.006857503720855862
256,0.014114215994374013,0.005755794327508834
256,-0.1076855624436237,-0.11417902884501951
256,0.04802209353669368,0.03820254614915003
256,-0.018183227621630937,-0.025017886435055647
256,0.01565268508197537,0.00902041931597558
256,-0.021078133739122817,-0.028316025906698405
256,-0.05269500132866428,-0.0578314617192105
256,-0.10112074254903625,-0.10801923907031602
256,-0.05784888073346056,-0.0664593194280767
256,-0.02666725367340661,-0.035004005002825134
256,-0.03533037453696808,-0.04293169526044005
256,-0.015617679391323025,-0.02261968782389706
256,-0.05013955992459501,-0.0590889507621451
256,-0.018229941547625028,-0.025096350934287526
256,-0.03685238882495484,-0.04357742243394658
256,0.08105405485455558,0.07478983696515462
256,0.019191337520645835,0.013367152290897188
256,0.016481140730418065,0.01014013704886313
256,0.016301827538606095,0.010215104472688197
256,-0.019898328394795994,-0.025991420477736393
256,-0.03143585875742966,-0.04033468759812947
256,0.052907686417237754,0.04572627605134261
256,-0.032428615264478544,-0.04270518041508664
256,-0.08787447113149899,-0.09393383431131963
256,-0.012206549954370649,-0.019355118290271922
256,0.05383800269704836,0.04662883059005457
256,-0.041323470603630175,-0.0463785077539533
256,-0.08528793150678793,-0.09254067096430357
256,0.04753111822604367,0.042719775360357926
256,0.05881181837740923,0.051117453315330796
256,-0.13382567646001614,-0.1387332444071681
256,0.0012284462293264409,-0.006312790547332581
256,-0.04938994775410599,-0.05694283882261003
256,0.03801371148395272,0.030587904161169743
256,0.06515922181776529,0.05839289373555456
256,0.0285145521132405,0.021105833307580313
256,-0.04024143834088645,-0.04685171761244461
256,-0.09099441603767977,-0.09807480127060397
256,0.0020065081643725335,-0.005296770531629802
256,0.10598775239354691,0.09913025720351559
256,0.09140700717387823,0.08528639545444489
256,0.021175787127674595,0.01393289874134801
256,-0.015062386224021562,-0.021814153423988902
256,0.1384995396797956,0.12947763236337756
256,0.014173091791660375,0.00685477560672737
256,0.06111460800156282,0.05394557210120243
256,-0.04116561309188144,-0.04950428428396564
256,0.004986906770509947,-0.0014101872090007683
256,0.05970021658833674,0.04962206933017055
256,-0.028902795952613303,-0.03763894389358774
256,0.03105236636839459,0.024115738736611714
256,-0.017719672049036683,-0.02344265740842616
256,-0.06976595459995971,-0.0741819559706734
256,0.011891063111875044,0.006423767365319799
256,-0.029529529014474032,-0.03748588606469688
256,0.007395297785791011,-0.00029047961101330566
256,0.08682177409801611,0.08186780137120314
256,-0.011290766043710765,-0.01920304191038741
256,-0.008042782090819212,-0.013988883904183791
256,-0.11111584529080437,-0.11878675678847184
256,0.05274674503944987,0.04520259579770464
256,-0.016744645991230434,-0.02409864091668157
256,0.025431967484343565,0.019571993360993745
256,0.04442923285787859,0.03907322659478418
256,0.10989125247659898,0.10240629433574694
256,0.056939051735128365,0.04742474507661576
256,-0.0133169605703094,-0.018524219411850396
256,0.05605313734022588,0.04920993749982333
256,0.08917340076020336,0.08201788665045856
256,0.017814974465614197,0.011162801956887625
256,0.06392524746044309,0.057283067886460426
256,-0.03550623651372514,-0.04336118325224109
256,-0.07322729481296775,-0.0779551501761005
256,-0.004935226035334472,-0.012710423253965153
256,-0.05476401965641281,-0.06073919611347317
256,0.0008141186652662058,-0.00479712226647061
256,-0.04722751385981533,-0.05374431379874722
256,0.08009642995222427,0.07185174356218954
256,-0.019614534500782765,-0.027704187741750597
256,0.03286571110574138,0.028197848157174354
256,-0.07197482014003848,-0.079316868676503
256,0.03527708894661025,0.02730582039160223
256,-0.0018071293248997367,-0.006875907249734026
256,0.193496527040324,0.18872219394944018
256,0.050059743846862126,0.04326137954984416
256,0.0033464410843345727,-0.006288829818691555
256,0.04996887731460253,0.04432530557639025
256,-0.018733815060498094,-0.026962959141959675
256,-0.019060223233657747,-0.02584091108525416
256,0.07100129969664148,0.06345400658353145
256,0.031061209556267344,0.022177021673773112
256,0.0878468666350169,0.08179502916029419
256,0.014288358751000485,0.007026302302292842
256,0.018337355951152545,0.011823294829481579
256,-0.08358851531501266,-0.08884534450622827
256,-0.003880890704113571,-0.008483393900735658
256,0.02971593610000245,0.023184661508524163
256,0.06572236476797161,0.058772491190059395
256,0.040661508396021395,0.03124845938534221
256,0.05313571492981667,0.047513774552812915
256,0.06405726819686725,0.05786855745278929
256,0.025844366113804862,0.02291616808085023
256,-0.04810098785230599,-0.05583803466213444
256,-0.0706166644881262,-0.0786522804313623
256,-0.18712951042773357,-0.1938838976833684
256,-0.06072970449240067,-0.06786005852016586
256,0.10696473753047692,0.10031289746934863
256,0.08384274224335081,0.07832275862124771
256,-0.0027293277510151426,-0.009518788320021343
256,-0.030405728121048747,-0.03766890495069214
256,-0.07937590855675863,-0.08668278796867523
256,0.03995755971067316,0.03430174307328138
256,-0.004730346847093225,-0.01148669578991196
256,-0.0778787482934506,-0.08538713108880136
256,-0.06604930093871841,-0.07282983267595
256,0.009483033613025826,0.003459755297380074
256,-0.041649275695386734,-0.04825246409561107
256,0.024156251916728322,0.01879117652206186
256,0.016100886103128154,0.009111989461913661
256,0.06003348273330872,0.05015968656467257
256,-0.0012732838663921942,-0.008210826642651936
256,-0.07598789624079566,-0.08254169696174457
256,-0.021149834891782626,-0.02939023200094454
256,0.034588303945385424,0.026475661027493047
256,0.04290650844185295,0.035369998279620896
256,0.04170792596328671,0.03233092816884786
256,-0.02977049657040043,-0.03665403271304679
256,-0.0017684549460861843,-0.00765062936174471
256,-0.01822694607310038,-0.023343823537734176
256,-0.0727113241474357,-0.07702937453075615
256,-0.03970758356605719,-0.045915587622166965
256,-0.031065783599623198,-0.036227921621946435
256,0.03828357236617813,0.03233594983115068
256,-0.13920010158419438,-0.14786471490789044
256,0.05021916597573095,0.04520585546465733
256,-0.03451429188685784,-0.04131481975848028
256,0.01874164968652331,0.009411320812511947
256,-0.005201689116387798,-0.010315474550776915
256,0.03966917080641086,0.031220678298564453
256,0.03334128559331917,0.026921082077650094
256,0.05281756945492455,0.04540649960842824
256,0.006842584771704019,0.00044952907504564044
256,-0.030686286358568293,-0.037972525419502134
256,-0.034541431589625526,-0.0410913809831262
256,0.011311175426125808,0.002991702800757945
256,0.03993541380266857,0.033922451020192534
256,-0.05355189020982409,-0.061617339419344996
256,-0.049202339800857586,-0.056738469823131465
256,0.06632735199531281,0.05962504157249782
256,0.03489687602904279,0.028405251153811983
256,-0.01858680773515803,-0.02363918207799315
256,-0.030592395502367975,-0.03617815242326444
256,0.025644857982011493,0.018451225254415615
256,-0.054353493226603045,-0.059632315859232676
256,0.03881481415645499,0.03107412068535531
256,-0.04986977315677077,-0.054244386779535914
256,0.009782315541608688,0.0025767593981659287
256,-0.010525698829421615,-0.018950442329329298
256,0.07041619154561979,0.06229558657442197
256,0.1458826480694117,0.13957985222915187
256,0.015762109853336592,0.008249173046767255
256,0.046803900334957405,0.04085778987592947
256,0.029145675416759498,0.02303714313485633
256,0.03480891104038314,0.026582746102088717
256,0.0412509699484801,0.03234550660293084
256,-0.002724392152006039,-0.009686916995084283
256,0.004252704474808966,-0.0036856228833722637
256,0.03397218348939662,0.026505925507252226
256,-0.033885220604842725,-0.041122939705478534
256,-0.060662970907976066,-0.066553067989437
256,-0.02632014880880429,-0.03362312201927248
256,-0.02756693350956979,-0.03473635222016497
256,0.01391503666147026,0.006519996277578988
256,-0.012326805871013258,-0.01914116576803715
256,0.13166775493275645,0.12613255035702536
256,-0.046881396351785565,-0.052767395675284934
256,0.1103048572256789,0.10490328175590696
256,0.029240272788267185,0.023740005986184032
256,0.11890616352491218,0.10858189713922778
256,0.018079190797608502,0.010624704049166156
256,0.0537431514320178,0.04706608373160431
256,-0.029881508501302334,-0.037861405758512934
256,-0.006417275403401479,-0.013287113795831751
256,-0.05466964066080504,-0.061173122998512186
256,-0.01281771314185598,-0.01883668584450421
256,0.039942130507990115,0.0339859575317954
256,0.001967556768920631,-0.007872915789582047
256,0.07104096999372789,0.0652488009825597
256,0.0191479631200146,0.013096103905396672
256,-0.010768223172744062,-0.018935027815050742
256,-0.008530836529571817,-0.01811710218328838
256,-0.005789618150236098,-0.012363873277941861
256,-0.026282607860570684,-0.034158333313960565
256,0.018755362206799298,0.013746928693263105
256,0.05503452581871715,0.04748501597038024
256,0.006209554631153025,-0.0003140306997865827
256,-0.0251443715904362,-0.03152637884139087
256,-0.016412157060718746,-0.02193885557957964
256,-0.025085310389452165,-0.03122365454598791
256,-0.015712402766190403,-0.022821110382735432
256,0.010359743196487137,0.006518864557427451
256,-0.01215939489573803,-0.018737888083780074
256,-0.015531457932453974,-0.022686852747482056
256,-0.08709310497883238,-0.09388228197523646
256,0.04958276128042233,0.043775466452947165
256,0.013151129228403724,0.005048620813547122
256,0.10309823353240094,0.09623142376920762
256,-0.0005961970850665854,-0.007884860811905814
256,-0.041368355457904904,-0.049701954582386576
256,0.05482234924763929,0.04879421250601673
256,0.06475454545187748,0.05612720305883623
256,0.008287106564630276,0.0031677835528774456
256,-0.01698509190769798,-0.023041525082434455
256,-0.026549650265408453,-0.033097866958444355
256,-0.003737296102319543,-0.009358403997812181
256,0.022534147946075056,0.014009685440897535
256,-0.0797278032807241,-0.08747823132283
256,0.03889913481427443,0.031347807241304426
256,-0.10041285792803994,-0.10940142726494101
256,0.07785403711340627,0.069405751715026
256,0.013237253163595697,0.004742085205653113
256,0.03233347765431477,0.025177868310414353
256,-0.005343355161967878,-0.011087219641197577
256,0.04083742203722912,0.03375845694301621
256,0.06418309527066662,0.05756551706572294
256,-0.03976147728211893,-0.045979333656229526
256,0.10403263075625807,0.09510589998633473
256,0.03013824356492395,0.020373661894721673
256,0.02639880433991243,0.019012701961793277
256,-0.031363015735012045,-0.03923895091647417
256,0.06623789359524485,0.059220808335826436
256,0.08666555272500748,0.07999980051988614
256,-0.05530476463974354,-0.06212125200250107
256,0.03532283750842147,0.02780650824673153
256,0.0036950291350263953,-0.005870958664591086
256,0.04249244151237702,0.034681924423827504
256,0.021997804434466195,0.016052995096803968
256,0.04653523013780281,0.03961420119396941
256,0.0003443080859727998,-0.005600296604000188
256,-0.01744870238894508,-0.0227545365318097
256,-0.021149152527895898,-0.027800510117124422
256,-0.010124969229106717,-0.014844278264811384
256,-0.04426803153053205,-0.05078229630004216
256,-0.03662508742720233,-0.043791396476167754
256,0.05299911522181189,0.04527142645354287
256,-0.032659600345316175,-0.03884229011901691
256,0.13905148455196176,0.13198830028071623
256,0.015596508710753576,0.008264684305789083
256,0.09671432765084015,0.08788482581604434
256,0.005930525701731082,0.0008319898482266885
256,-0.006829303746651694,-0.014222281052763686
256,-0.009812667122609697,-0.015021092553510973
256,-0.04462438314934747,-0.05398715781939406
256,0.009522909255007928,0.0009083195665514632
256,-0.029687177052719838,-0.03651416853612577
256,0.05930949182556805,0.05193215139782059
256,0.0685019760270158,0.0614530433040863
256,0.012731405378736904,0.007526202334734333
256,0.020112098857634653,0.013697373513370803
256,0.0022338390581172485,-0.005623806207655957
256,-0.025410185110570915,-0.03272515096138512
256,-0.026088763700289064,-0.0346461801664224
256,0.049146971511579596,0.042264111218808464
256,0.08632852398888108,0.07839858488446577
256,0.02447366170867632,0.016733437980603283
256,-0.11649696230754852,-0.12406445578393488
256,-0.042700676515633806,-0.05027245079955034
256,0.0171398458550307,0.010792273464269697
256,0.03092643338643214,0.027309158294853142
256,0.032019289071212764,0.02359410896787767
256,0.18908617829770152,0.1833373809433803
256,-0.025390932741166772,-0.031675140328390694
256,0.10334725811134443,0.09614264413203194
256,0.0071342006387313806,-0.0013217401129769213
256,-0.07049658128911845,-0.075071082926358
256,0.010305726994552011,0.0025528788192989427
256,0.11753646800393397,0.10967854647942205
256,0.08194136856512363,0.07596634075414166
256,-0.01206680189265913,-0.01843326668326467
256,-0.0104366404776286,-0.015611558030924177
256,0.032143213195229614,0.025316089348527804
256,0.08030248294378589,0.0722532635499929
256,-0.04457377193245832,-0.05117030473373446
256,-0.05097687284018054,-0.05528318568519397
256,-0.02274752118030432,-0.028538267903273518
256,0.0014767100981721848,-0.00767608642315204
256,0.011485331060199777,0.003507798728868583
256,0.01269579744860172,0.0033942947685596803
256,0.07486352574515281,0.0644209276169822
256,-0.04662364463146962,-0.05570043811813313
256,-0.04896764094303108,-0.05587817288074409
256,0.06229939457206418,0.055329752967191836
256,0.06425827477772394,0.05870983469327801
256,-0.096224554912547,-0.10350211980498097
256,-0.04722092076596168,-0.054154828298409285
256,0.0824327554606839,0.07329767402089937
256,-0.009276626043689729,-0.016082406198705268
256,0.013938335231056087,0.005495213861947235
256,-0.04111150595351576,-0.047879705355681756
256,-0.08960974083955697,-0.0974526002953508
256,0.038018388980024354,0.030482559006619225
256,0.034099188678058445,0.026654940674313787
256,-0.044922533309385115,-0.051630279021226244
256,0.015318741641956068,0.009666038449628822
256,0.08879037875676082,0.08067238953475803
256,-0.029710670396341177,-0.036939363713691165
256,0.08735215804919932,0.08085675417415678
256,0.024976977853789828,0.018136503332407627
256,-0.052623950937916275,-0.05856067915106811
256,0.03799972756049663,0.029571353067020245
256,0.06405173366099398,0.05663443621104247
256,0.03225568877353441,0.02539891366564495
256,0.028203171180134767,0.021683569046112683
256,-0.04517033340978277,-0.05201108057008347
256,0.07122822692446507,0.06239606281288623
256,-0.024649443491731926,-0.03135525673718853
256,-0.006925280675403711,-0.013106355062918684
256,0.0393179532260976,0.032594491532378145
256,0.03169669764554578,0.024963099146383283
256,-0.05277624210769222,-0.057360431570911086
256,-0.10072310498002068,-0.10970162751739976
256,0.015418757798034699,0.009196984324483348
256,0.04788749743194792,0.03754464696008225
256,-0.0263793012085885,-0.036140998123940726
256,-0.03601647794529744,-0.045300289385326487
256,0.015877031106341866,0.008877782028615111
256,0.05951286220673513,0.05198693473966115
256,-0.0553979541524483,-0.061665826182601746
256,0.05938256979932682,0.05212860564608579
256,-0.0075085517895804865,-0.014410684259594797
256,-0.0645399826909871,-0.07239266818869267
256,-0.0035338656478669517,-0.009993137565491694
256,-0.019332695197920247,-0.025848417047199534
256,-0.015605619786128566,-0.021403017595181706
256,0.036427593341646025,0.028924479473012465
256,0.04977603790884527,0.04250303846327974
256,0.054768756997045365,0.04642485792962048
256,0.05107850286165355,0.04354476733199486
256,-0.009066329336397505,-0.017045410451484666
256,0.015472950552613163,0.008124066861612989
256,0.07295342580857589,0.06671044866851311
256,0.038526692576208,0.03138050044607438
256,0.06328706993919009,0.05450703920432881
256,-0.042053365743414284,-0.04921875316735436
256,0.08768663515131997,0.08324893855941501
256,-0.005120938034718858,-0.010510700600186218
256,0.051585160623130955,0.043084047563629935
256,0.09991980388657967,0.0926007309261247
256,0.09921796623849372,0.09206579474551851
256,0.04061602924476532,0.03723280373176935
256,0.04824152286639738,0.04284550833797629
256,-0.007576622017422319,-0.015573571136896225
256,0.019273261905920658,0.012589083129487144
256,-4.673103869923256e-06,-0.005155208045551807
256,0.03242050988506623,0.024973737993324308
256,0.0431598032649258,0.03466271168949059
256,-0.13982968354724523,-0.14650253481398817
256,-0.057444575254849195,-0.06430318793126427
256,0.012121605788343315,0.00413957818351407
256,-0.0076232741628430856,-0.01728275247432054
256,-0.022696887943211952,-0.030651998542364
256,0.09736755910980094,0.09067067317289729
256,0.08230150377376894,0.07572267349492207
256,-0.0015839833261894198,-0.009905480928240673
256,-0.05992118845745126,-0.06825060908042985
256,-0.06065836388584833,-0.0664497926775155
256,0.0011694992429694961,-0.007615172410506299
256,-0.024923409214635317,-0.030436605350599666
256,0.12075935050496173,0.11527845518563812
256,0.015827282463646453,0.010482271417366573
256,0.002877858990852078,-0.004139554993793759
256,0.09651907481828909,0.09034752528339224
256,0.03576838016523304,0.028258664679658874
256,0.049699989495370855,0.04195125439189551
256,-0.04268745313943778,-0.04688662544182387
256,-0.03309602182175242,-0.038497654817453486
256,-0.012375049487844514,-0.02061157575526723
256,0.06840428181131236,0.062266285875484495
256,0.08043940827518187,0.07062411162256754
256,-0.009824635275110294,-0.01607303084865558
256,0.05635814104202097,0.046953649036751366
256,-0.06128086782868264,-0.0663090200338301
256,-0.018361886669878147,-0.024442274079049975
256,0.030454974178370953,0.023432545300307528
256,0.009425739224167284,0.0016631916874437769
256,0.006874098137349793,-0.0012287425906548077
256,-0.019582549362986812,-0.025801832332091212
256,0.02183745862359593,0.015529640937154754
256,0.01827033343896145,0.011961785031031957
256,-0.05095990446838783,-0.058266979939048
256,-0.024397056005884432,-0.032451627126094396
256,-0.0567262779655594,-0.06474904612241433
256,0.012138697681532806,0.005137511838825881
256,0.03875119913616226,0.031119706787817003
256,0.021453776093164956,0.0141100308867525
256,-0.06718918145959796,-0.07346920337840135
256,0.02186964876681985,0.013619324562819946
256,0.05058128950325158,0.042547050825776034
256,0.0056673493737421365,1.0388022046337042e-05
256,-0.01834224568555287,-0.02440704327417481
256,-0.08773858951544145,-0.0925231826158161
256,-0.02614401338402006,-0.0333291027224526
256,-0.043074639672783466,-0.050584590314626254
256,0.025425120073221175,0.018664067281822627
256,-0.030776970184364427,-0.03598737198705004
256,-0.038655785206632154,-0.045945266359951
256,0.01345608196996112,0.0056208757867665105
256,-0.027716502493334294,-0.037942518716294615
256,0.046295457372067306,0.04125148304075299
256,-0.009705442335222692,-0.01688140599698912
256,0.01596928270438902,0.00798646480552656
256,0.07183275322740662,0.06196322632507972
256,0.02900163899596042,0.021723947292065338
256,0.007720790005828038,-0.002286494556902885
256,-0.01644841645262296,-0.02201137104276002
256,-0.028943792674678503,-0.03611393692167647
256,-0.04753010665924334,-0.05429617268894582
256,-0.02460398535784314,-0.03347384786135238
256,0.013558000979053186,0.008193808732270658
256,0.0021807985915762718,-0.0054433178675981075
256,0.0404561002331606,0.034547951645474306
256,0.02194636104931008,0.01675160789590696
256,-0.015375421106359588,-0.02361169021910864
256,0.05844471887117436,0.04743199060812053
256,0.07146973513732457,0.06209699582858441
256,-0.012571536318022658,-0.018786843294762434
256,0.03154038257609837,0.025907793525959733
256,0.04127405764897307,0.03573289881328229
256,0.0012915218111114735,-0.006836389473605375
256,0.0559723888828933,0.04640986457987428
256,0.1069028222302077,0.10100667232441657
256,0.06838932284128896,0.06021724564054903
256,0.09532037576132352,0.08934130045443694
256,0.038287517163367424,0.03013909452113972
256,0.005916275810412264,-2.4990390829648934e-05
256,-0.08610439225267175,-0.09420555466150243
256,-0.008779679050158418,-0.015684308940718372
256,0.0053879166793713296,-0.002068055197740448
256,0.025299789144382856,0.019164641592461396
256,0.02888917443819361,0.018673151969916257
256,-0.0049257709981223585,-0.012162260548390924
256,0.0030276345341431754,-0.004435782658608001
256,-0.12578369182596322,-0.1338400421640465
256,0.019024919868685042,0.011348125836041223
256,0.03980267917166663,0.030357420422501225
256,0.03730595636671902,0.030075903618348443
256,0.07996575450707682,0.07348071804847006
256,0.035463961161112445,0.027824430708866255
256,0.07353984669544361,0.06624773143827711
256,-0.09991528604862904,-0.10818510950062138
256,-0.0038177974811817728,-0.01147133477938872
256,0.08061139681267665,0.07454072206543122
256,0.0623249758612196,0.05764593251661515
256,0.01613514513555847,0.010449543204374412
256,-0.03285849474195157,-0.04313463952226565
256,0.017924419826435,0.011367346518083243
256,0.0062484482154263055,0.001151063671387731
256,0.04991448541316529,0.04372743640382748
256,-0.011536825629239245,-0.018868224929770583
256,0.04491019797203627,0.03952187632430282
256,0.029788889600177504,0.023807128412602352
256,0.022819734421462845,0.014378933945430272
256,-0.008015842323507771,-0.015103124832737513
256,0.11458026049204079,0.10567126117412179
256,0.034088940063601525,0.026599301082078863
256,-0.0009339862275726807,-0.008966677157961789
256,0.026341932596064266,0.018566217524312256
256,0.06423579521345163,0.058168982272105985
256,-0.022267593613199466,-0.030678678563033024
256,0.1211973811434956,0.11465941529095663
256,-0.059438475787107314,-0.064646746584127
256,-0.04079469290955434,-0.0485322826077228
256,0.08775415649408008,0.07991548995136244
256,0.013541465300021427,0.006066179265510341
256,0.003145108678356323,-0.00238571045618835
256,0.12217256991669473,0.11282696794634345
256,0.0582558597069755,0.05207920397517252
256,-0.0010945151290839839,-0.008418796317363697
256,0.04698325632280842,0.039673985500387476
256,-0.013374599881917304,-0.022436368322549527
256,0.0012242387411657285,-0.0067991541994946725
256,0.050844676753623474,0.044115866665592696
256,0.056109787497863495,0.048513357823668835
256,0.06017437160801864,0.05299336151786338
256,-0.032890000562201926,-0.041809731010635065
256,0.07800981814601343,0.07138499203738075
256,-0.01953115772889019,-0.027497404144500193
256,0.10171457151502433,0.09654904022491756
256,0.014994846352901325,0.008747983253297564
256,0.038657092813983385,0.030136572267570327
256,-0.0324646003207375,-0.03942192600317507
256,0.08346628233088088,0.0743492526629489
256,0.08526457110051305,0.07754166549259128
256,0.003196009451322257,-0.005310213390519514
256,0.02878920782727623,0.02116814180695492
256,0.02545014731980072,0.016320130352617812
256,0.024670507821215826,0.0160530798262028
256,0.002033069598406323,-0.006953909430999161
256,0.018765988898707786,0.012285504475581022
256,0.04909098887631713,0.04314663936060087
256,-0.04575359677972962,-0.05353524296869777
256,-0.02765566741629938,-0.03514097831589824
256,-0.015220001049921383,-0.020951741580905126
256,0.0035389505360964857,-0.004189416233895515
256,-0.0425524672584946,-0.048012280642507066
256,-0.03748014231692154,-0.042708781415003394
256,0.058229872832975094,0.049047706387986945
256,0.029811502426743908,0.02265439968037697
256,-0.04410240541544885,-0.05095284458711924
256,-0.019013501631241214,-0.026701596342195932
256,-0.016482347466697855,-0.022023439158628866
256,0.03731130949102085,0.030375155403037646
256,0.012487200281299238,0.005631108591494904
256,0.020019044412708742,0.013277311689821159
256,0.049926259784311866,0.04460407019267221
256,0.077861153382416,0.07136283151854333
256,-0.030760244046495522,-0.037887115935169524
256,-0.016110577514435453,-0.023666616374100002
256,0.00919575146795043,0.003083247362082042
256,0.046746071676132483,0.04011935409079126
256,0.02965014831334678,0.02074090710605392
256,0.04566001502819994,0.03769733577291218
256,-0.04511726500828117,-0.05241750465117867
256,-0.03182605731008814,-0.03960924313788222
256,0.043859204221464665,0.036461610636068675
256,-0.04652479784860797,-0.052172662584096474
256,-0.005009315630064348,-0.013463166640429736
256,0.11908493849618257,0.11349118389413543
256,0.027749106244790267,0.019896704329235515
256,0.028057816993115936,0.020859783356786843
256,0.0036058196192017555,-0.0035176036777169184
256,0.04585225916304242,0.03915305275490577
256,-0.18457288280292586,-0.19313562780140742
256,-0.07855154124311531,-0.08685005419532521
256,0.023821005852100174,0.01747076923121471
256,-0.0022843274661638047,-0.010427628155758317
256,-0.02606295028113237,-0.03560376847921637
256,-0.0010551982627870493,-0.008468071005055589
256,-0.04719050898483512,-0.05429379485093755
256,0.08208374755255404,0.07496357798491504
256,0.07240817471128691,0.06501275792880673
256,0.014099966932290986,0.00821612419695067
256,-0.10689646956285581,-0.1124519830337975
256,-0.10420793596995953,-0.11057672502969773
256,-0.021675032825434926,-0.027938755859683584
256,-0.03375407551725157,-0.041115998835329404
256,0.02426237782692925,0.019043004967897403
256,-0.0021138854339500246,-0.01025981151218397
256,-0.020801349873837638,-0.02912259669934808
256,-0.04271919309044614,-0.051111863392511614
256,0.07542098786315338,0.06877170263432303
256,0.010202286034812436,0.0018074678627523766
256,0.016558443364976583,0.008373229088400047
256,-0.024241066748805107,-0.03058796889664256
256,-0.038565480204664604,-0.04240677587714564
256,0.07732112964753601,0.07163028694865786
256,-0.021254690247663965,-0.027175253276505995
256,0.009660118602353773,0.0017739868380041157
256,-0.00013794272311179467,-0.006659292084368329
256,-0.006635750839404375,-0.015193079517183627
256,0.04876158765791866,0.044943069106919364
256,0.014774534247392446,0.007521861071354274
256,-0.04927207055975713,-0.058674656076747045
256,-0.047557279009384834,-0.05398084477139031
256,-0.052774735751713986,-0.058160813789275956
256,0.11289282809157603,0.10626925077747301
256,0.06314737962080469,0.05934683835612359
256,0.04859353643475928,0.042579064330160565
256,-0.012476281340971673,-0.02023973100815557
256,-0.01276462163967329,-0.020470832077175427
256,0.010899230665849469,0.005087995179646587
256,-0.05774356574388295,-0.06373704159591026
256,0.05486187524139752,0.05019676722814498
256,0.05131037749318906,0.04343097695688042
256,0.05364022268532087,0.04525019473381531
256,0.1572536540774317,0.14880400351358308
256,-0.013468648818518558,-0.020098604916042262
256,-0.01766900724895626,-0.02520893078825437
256,-0.019440573547464424,-0.02506716996433972
256,0.07053962196275504,0.0641017090341211
256,0.017018269449602164,0.010535648535213937
256,-0.013326055930692027,-0.019898633246041908
256,0.008877755948552946,0.0024825152381856563
256,0.1465429518387374,0.13946202170523453
256,0.015061191828544818,0.009571255245970689
256,-0.05817301276586356,-0.06431762689747228
256,0.05446375382008106,0.04680656091948343
256,-0.03278825541714969,-0.03839510511104116
256,0.0065298459315781265,-0.0014562270896999463
256,-0.09243530772134351,-0.10096232175973097
256,0.011819927713366818,0.005476805786291616
256,0.0069812754648234665,-0.00025474660279428685
256,0.0764803701345333,0.06981140575685552
256,-0.002494304169953443,-0.011766732288862825
256,0.034734010490920064,0.027274972306481626
256,0.029929809978411714,0.02519538809376759
256,0.0050301702732219455,-0.0029509240805482007
256,-0.0014054881652528217,-0.008027317192420724
256,0.0019094926512077115,-0.007221554592129531
256,0.03673462245685011,0.029225409056229334
256,-0.048586193197542815,-0.056358983714908995
256,-0.01252089077172247,-0.01800049797243186
256,-0.014719116936775856,-0.022440636240491307
256,0.045650185507789875,0.037570892574198045
256,0.07556782969287967,0.07014070312382265
256,-0.033305468863783605,-0.04059645967347464
256,0.0350115023973811,0.028328563100452953
256,0.008232924176465983,0.003244084945670911
256,0.11076753548214463,0.10371207022001877
256,-0.029483668283470432,-0.03753250732436997
256,-0.002405468859856319,-0.009310623969513376
256,-0.036226503813642674,-0.04448710988388915
256,0.0541341389040616,0.04616096549649101
256,0.06622727348325308,0.06047143716226472
256,0.03307833853871789,0.025585549885723924
256,-0.031569950220301624,-0.03924997991324919
256,0.06320049719155069,0.0557820891460134
256,-0.06770081671127243,-0.07496482443161567
256,0.006648436895558052,0.00036201976787902934
256,0.046681366761012255,0.039389052457107554
256,0.0432598876624844,0.033702539007828825
256,0.01600235586893678,0.009577574313896275
256,0.020593981388599802,0.016639254508648116
256,0.05617879795258135,0.04972808948301427
256,0.0029177348260762126,-0.003534512742108975
256,0.03986874763570303,0.0340153784606943
256,-0.03973805162193789,-0.04661454641500529
256,-0.020023057995754157,-0.027059340911217866
256,0.02110297137322531,0.013915806777072048
256,0.00412363361036544,-0.002466478274617323
256,-0.0031196532313063075,-0.008820063808980094
256,0.09907675048549064,0.09163230693937391
256,-0.0005079470967127575,-0.008031580732267174
256,-0.14849203406252787,-0.15460627586283893
256,-0.011549735758636714,-0.019140583605117
256,0.013576173861709784,0.00734188197469654
256,0.08626256130106286,0.07741350109991829
256,0.11764996530948496,0.10970964620651519
256,0.06060847189801338,0.056842884073517064
256,0.00046077561558410807,-0.0071364062772608094
256,0.06562784658512555,0.060379414617042326
256,0.054267580626855494,0.04742301514247488
256,-0.07237274338667088,-0.08083911613717121
256,0.025634487882000512,0.018307963047039244
256,0.02663132282080677,0.019054271073181195
256,-0.07956310300872227,-0.08704015865871145
256,0.0037225429496280382,-0.0022238018813204308
256,0.014752610871071048,0.006591515337303677
256,0.029215229880864224,0.02306849893667645
256,-0.09687810544637165,-0.10373200064706828
256,0.045129850414456496,0.03806705432798069
256,0.060184553325946966,0.05530780104631561
256,0.13402920171210325,0.1274707126228643
256,-0.014803865092515633,-0.022036064451117665
256,-0.03392591905510345,-0.04209712585915276
256,0.04874178709584509,0.04015387090568284
256,0.020463559252185404,0.013427027099047195
256,-0.02387327928915678,-0.03143326034704935
256,-0.019962720357953045,-0.02895395928934108
256,0.04427327445758916,0.03805404181709343
256,-0.017611634839911627,-0.024274775028833906
256,0.014764099664508867,0.0086654149724672
256,0.036957829390705466,0.03235125294759317
256,0.02046798673136313,0.011934797859941393
256,0.02751197175703174,0.020450923650650488
256,0.006416622958716034,0.0002663694872737099
256,0.012114915849673724,0.007377923856838053
256,-0.030183865423188183,-0.03834099584687922
256,-0.039573096016962794,-0.04702061703912802
256,-0.0070917030614503496,-0.014492773782361523
256,0.0005917409523696349,-0.0051418863956891325
256,0.09623277933346913,0.08920129982258201
256,0.09605127282263987,0.08966388026464317
256,0.017814465356395415,0.008699255055788724
256,-0.03990023047874869,-0.04746994198197135
256,-0.06343558086564283,-0.0693502934549497
256,0.02020404036140544,0.01326610228900199
256,-0.04198479526939408,-0.048330397746048304
256,-0.001066624317908993,-0.008599098453768605
256,-0.03870387820249299,-0.045874567361502416
256,0.029882236303979293,0.02220806482948373
256,-0.015503341805558235,-0.022296069503990157
256,0.07050006901372846,0.06476360916471952
256,-0.04017701727649309,-0.04861886850666047
256,-0.06613216225588708,-0.07369465124658087
256,0.029282787202548788,0.02394596823266204
256,0.08960376019334731,0.08332939989927152
256,0.02505644165163018,0.019733769555949576
256,-0.06911440170872218,-0.07631807289069586
256,0.027657730738686104,0.01993503367720234
256,-0.0059227563341753275,-0.012270145446236835
256,-0.017299708455254026,-0.023290903162807464
256,-0.05507744831614819,-0.06320783133020347
256,0.05043776997341759,0.04303236616829653
256,-0.029377533601488537,-0.034483355575445906
256,-0.09883613152058807,-0.10715035816009677
256,-0.10336626726022075,-0.11123553426881722
256,0.09624465416943434,0.09202488286653726
256,0.01921416163138201,0.012958351224220066
256,0.10967429119246813,0.10302633229785635
256,-0.009164483150285063,-0.016825428939328868
256,-0.007949029303620403,-0.01546060637678559
256,-0.01599856086744872,-0.022848204468763456
256,-0.10522556927421467,-0.1125731513244887
256,-0.03558329330144866,-0.0427104754027795
256,0.10394411947603183,0.09541723724605583
256,0.04656866449238406,0.040189855239115
256,0.07543527960171242,0.06828884989147699
256,0.003003084739502393,-0.0049937609018809725
256,0.014386294023260804,0.006443347748374573
256,-0.014371724826800714,-0.02030400028971685
256,-0.042975328848521066,-0.04849976930775607
256,-0.016113703031270743,-0.022301127987311986
256,-0.07251608445590924,-0.08003506470201743
256,0.02016718073806789,0.014503499567650568
256,0.07707142479659435,0.07073353375480629
256,-0.08917296272588193,-0.09737997277217764
256,-0.06629534772965029,-0.07364358803066495
256,-0.017117988157523134,-0.02373532965665237
256,0.0026608425027122573,-0.005748636592616263
256,-0.018718498598879585,-0.024956546798798385
256,-0.01597453398377746,-0.02067140186391392
256,-0.006332153702855503,-0.013333931554571576
256,-0.010454345447640456,-0.01725666356121386
256,-0.0029562212652152753,-0.011154177400667598
256,0.04521766311013653,0.03716216517350057
256,0.04093591668874347,0.034944102643496455
256,0.03997922658808384,0.03167844933278141
256,-0.03718903071702251,-0.045647041261594246
256,-0.020328150683768698,-0.02741472429898545
256,0.06371544515639299,0.05780549762731113
256,-0.021464944283516252,-0.029742838767921165
256,0.0656454815575318,0.056859584838585664
256,0.08862333879911916,0.0795986176077047
256,-0.11899162632375965,-0.12419763989251031
256,0.06031137875886716,0.05441890504485275
256,-0.015971386275006216,-0.02496678498039029
256,0.07264153796415906,0.06477885178146314
256,0.023821617521590732,0.01658375181663052
256,0.015167768582053986,0.009082222001902396
256,0.06282209178427961,0.055377251127807725
256,0.02160318313875481,0.015539315780036422
256,0.05784150052702486,0.051969690890930564
256,-0.035273563350009585,-0.04377688874970076
256,0.001894716318531442,-0.007049670356994997
256,0.009484704055447823,0.0024376559302404233
256,-0.06299694153523766,-0.06878461623410276
256,0.012937865018382566,0.005822671053544726
256,0.0775302615982707,0.06882141442452222
256,-0.04525018495348665,-0.05070178460944197
256,0.034147600930051314,0.027331076617139682
256,-0.020932678633669377,-0.02541710063090713
256,0.009441939305076863,0.0021779547134122
256,0.09570851196433644,0.08925227359088755
256,0.06147530258241524,0.05475098000162165
256,0.019474265565343818,0.013499639483256498
256,-0.03277614018525177,-0.04058064656818361
256,0.02213282409421613,0.01483912767508
256,0.11903801226245553,0.11337972288255943
256,0.03858451413016967,0.031102747687192178
256,0.041999671263460325,0.033074386578997916
256,0.022742314982723055,0.016436208776516414
256,0.06881584032798449,0.060469137536038386
256,-0.02444737353900006,-0.030586046565929004
256,-0.04739238707199517,-0.05335771002097023
256,0.041750741480000075,0.03340322509147686
256,-0.03717860304180326,-0.04348524204523169
256,-0.06259337935386561,-0.06849765412258901
256,-0.05994439374852317,-0.06674755147914507
256,0.01412482216036276,0.007680918286013638
256,0.005938122860828565,0.000997624550362619
256,-0.026228722205019372,-0.0315113629920849
256,-0.02958669460905672,-0.0374422270716655
256,0.05279551326807436,0.04584488946869142
256,-0.05973135091687154,-0.06626965534733908
256,-0.07323500454807785,-0.07899304795008083
256,0.013879866707360244,0.005786309918059951
256,0.023611488428829985,0.0164282100971756
256,0.09906914200573597,0.09325595904992995
256,0.030562619491332876,0.02425187122020689
256,0.011341146364476362,0.0051009727583434805
256,0.061457549997181005,0.05424707270326751
256,0.0964465542968363,0.08685151161440025
256,0.10478029933866323,0.0975893357427568
256,0.023699964523371864,0.018189824264602084
256,0.013163735557296885,0.006974956591231374
256,0.07805759207714019,0.07008682398799493
256,0.10969355394318497,0.10232304896783867
256,0.03258804733222709,0.024418662987181983
256,-0.00598166612791462,-0.012953118367595495
256,0.025705241002354606,0.01772272130942515
256,-0.0023684518531488785,-0.009773868179335454
256,0.0749428628850694,0.06717747558980625
256,0.004114666946356815,-0.002169380241954566
256,0.005449166615014933,-0.0010734111950898018
256,0.050201702214030586,0.04471367106907398
256,-0.009669779444062387,-0.01741641696778068
256,0.08967245996469625,0.08150384148148587
256,-0.06148773732117596,-0.06778760019941177
256,0.0929213417826758,0.08708860400808477
256,-0.069109874027799,-0.07566371556785334
256,0.03608493606491958,0.028197960417948975
256,0.02764717943736056,0.01991218531879546
256,0.08381199275959411,0.07679558764661415
256,0.021974833128659055,0.01373735929440345
256,0.07774449562461633,0.07281718438565832
256,-0.033677312820396155,-0.03981391389006739
256,0.04043861677064231,0.034599313071215054
256,-0.0017504122350489593,-0.009749406460275833
256,-0.008230279701948506,-0.018495197180991074
256,-0.05722565265441565,-0.06330613467460933
256,0.04943944790025212,0.04206834628379297
256,0.057510003874237825,0.052687806674956206
256,-0.021011395145704714,-0.028688387709692176
256,-0.02059919649703651,-0.02943261184482332
256,-0.01676160852483055,-0.023642219173027668
256,0.01135982631262844,0.0022376274602275426
256,0.08935053690823153,0.0833700328091243
256,0.019359539837288497,0.012901106139361795
256,-0.047431341498763435,-0.056792176330730526
256,-0.031024847369618525,-0.038917318320601746
256,0.04925160975504711,0.04139188466400606
256,0.08578338948827308,0.07860799015265502
256,0.06424799565734629,0.05508304234924
256,-0.006561670075966863,-0.013701376069108429
256,0.0007202453608567971,-0.0057762181464304785
256,0.09197646017893008,0.08609736144966279
256,-0.025548157164114293,-0.033541621835948054
256,0.029970842338458814,0.023385366309181366
256,-0.05621325526617016,-0.061949876304254414
256,-0.030305905390672683,-0.03480762141867627
256,0.030473138731328564,0.021858194767765182
256,-0.03481167429417281,-0.04285504747901869
256,-0.06159299624696196,-0.0712077836277305
256,-0.05627225041955575,-0.06626406092540388
256,0.10802298591792464,0.10345655390703284
256,0.07834655287966114,0.07106955975328072
256,0.0948689097326964,0.08676323991700735
256,0.06950642546204261,0.06513860995135001
256,-0.06115456565670402,-0.06754868998843672
256,0.05104201293481586,0.042911998460594625
256,-0.02600147878566267,-0.03408284236753911
256,-0.03764518178248427,-0.04308345374386996
256,0.014888228822318106,0.006026614919460882
256,-0.03888380865512053,-0.04561056489534332
256,0.04149241182231467,0.034114402956370526
256,0.03717162224782744,0.030636859937572147
256,-0.013568231651332086,-0.02095408781035324
256,-0.009804134017276978,-0.018206125455759503
256,-0.00402358338356873,-0.012126191504791273
256,0.02997105686192547,0.022650522062829137
256,0.02757295885032096,0.018904477086243987
256,0.015011644509936362,0.007840299645733073
256,0.10039230553566841,0.09351782299300887
256,-0.025408740095309967,-0.031814727508796437
256,-0.030329526991573874,-0.037274790034291294
256,0.05244924415062052,0.04459684623905352
256,-0.08805433380950528,-0.0964239812254391
256,0.03908636072118138,0.0325742119919567
256,0.04572932506276106,0.03677246779203369
256,0.009928741504183547,0.003879665893597284
256,0.007005774621607563,-0.0011361586715060157
256,0.060642674521523554,0.05362656045627223
256,-0.05534851696681259,-0.06250820533965906
256,-0.09350276669104618,-0.09901947690557245
256,0.09315525424541843,0.08699817895803835
256,0.005920525653894559,-0.0035691268148446142
256,0.03626843693287851,0.030178878638265905
256,-0.027735221743612315,-0.035765930120547185
256,-0.041145829713330306,-0.04815068450468757
256,-0.026745280370250257,-0.03563958142688228
256,0.08830501419959896,0.0812401564620931
256,0.017532393858660344,0.010481774291858093
256,-0.08185344623362345,-0.08714365087062553
256,-0.020807532654457395,-0.02781801433693154
256,0.052471892453888,0.04697605732501825
256,-0.0025843420332254396,-0.010723633592160553
256,-0.019979449064034427,-0.026376160684843275
256,0.020367206489890433,0.012683812335490319
256,0.05036996346835626,0.042075454498731346
256,-0.035199859305528824,-0.04152844667007177
256,0.04353714271460102,0.03718666499204948
256,0.06864113484908052,0.06154999516701304
256,-0.014075855916588442,-0.019865198149918828
256,-0.03301191892513222,-0.04017861667868272
256,0.07661656327631655,0.06940060167571932
256,0.09255455320270672,0.08732107904474057
256,0.004795700126065283,-0.0031728518132714267
256,0.02707981224989542,0.019407545354168443
256,-0.008889981751803,-0.01806994222911612
256,0.07210806471804482,0.06494978527435974
256,0.03289134580987324,0.026055942887779293
256,-0.11076267576985482,-0.12039079612881587
256,0.11777918892030265,0.11165218966804374
256,-0.006601040668867075,-0.01283876039234344
256,4.321805894197395e-05,-0.008345367001758863
256,0.043574591425818154,0.03548423650918897
256,0.04948964283982177,0.042201871552917436
256,-0.02262819127305088,-0.028057836583688434
256,0.027693285316779392,0.02102211423504463
256,-0.09298936742744857,-0.10187143916500518
256,0.050361522206719134,0.042760109177697125
256,0.05215682499303931,0.04416426904952209
256,0.025566667293908718,0.017696785911644197
256,-0.007730031616609012,-0.014990854509958795
256,0.02619486787795894,0.02016544008066018
256,0.03286110575959594,0.026023663732664404
256,0.07638047239063844,0.06913201084767362
256,0.05093721484189795,0.04505942568826621
256,-0.00910319969293144,-0.01577159303829523
256,-0.017507066529927395,-0.025720745281096136
256,0.0124475012679508,0.0055697878138445955
256,-0.0827820189208337,-0.08869691189917606
256,0.1435903454314041,0.1358898673441677
256,0.005893755684365731,-0.0003760479769486236
256,0.14419935956021052,0.13755558728756828
256,-0.06864451884991424,-0.07596959978604412
256,0.06235079356665596,0.05448695232415596
256,-0.04941383070025557,-0.058252196441619275
256,-0.03189576563120672,-0.0389571294247984
256,0.04930839974711948,0.04089993699515937
256,0.06018798971393541,0.05159422186778989
256,0.030282881767089487,0.021435155563875652
256,0.056919462128587894,0.05027694394326687
256,0.05189796274247788,0.04492719032166492
256,0.07915669395381303,0.07094230127327006
256,0.05236028492568989,0.048708656808199524
256,0.025564162507223376,0.01834212309751926
256,-0.015788715664713293,-0.021534017154038687
256,0.08434176574332236,0.07739672088848903
256,-0.04658229753144638,-0.05379488826954776
256,0.0045280362977954125,-0.004110358812653703
256,-0.021606191551879872,-0.02731122638132716
256,0.007879683653233605,0.0005953755379692893
256,0.0679982102556782,0.05933846222370387
256,-0.05373848561091854,-0.05944822689955992
256,-0.0337927065871404,-0.04208165233252781
256,0.0424314951441066,0.03584985957214171
256,0.0012941015600509975,-0.006296249898825157
256,0.011994064748690025,0.006168636737227395
256,-0.0675442917842648,-0.07393098340814258
256,-0.049803203496625204,-0.0569539525276721
256,0.08358860527334172,0.07795485660441026
256,0.0446126089943768,0.035919781023061814
256,0.03753585248911473,0.02886055854872288
256,-0.021053074863301546,-0.02621762328939481
256,-0.05623870118009905,-0.061863906526814116
256,0.01304444296637769,0.0051274353141087525
256,-0.025008090834488128,-0.029923135788541055
256,0.017557831742898156,0.009167850213301243
256,0.07080675338653442,0.06556953097380297
256,-0.02825380566671226,-0.03635246457657937
256,-0.08454215598411091,-0.09118598034547248
256,-0.0704228049029984,-0.07635202605625302
256,-0.018428724484596426,-0.025198570909980345
256,-0.05390101338390313,-0.06114214151434444
256,-0.06143591349026467,-0.07112891641203467
256,-0.018624923990027797,-0.02690141460617418
256,0.005297671464851328,-0.001841932694722881
256,0.007451145522973157,0.00038501061051454677
256,0.0030436303628077477,-0.004951970148435014
256,0.09046028595762773,0.08427546891563836
256,0.02377640515548235,0.019768393415238783
256,0.04041475836007569,0.03277833669666952
256,-0.06728250138171543,-0.07393832283109664
256,0.034468659058077555,0.02712556906150182
256,0.00015090387982741316,-0.006175218693653006
256,0.01630866647238055,0.00788204755707772
256,-0.0063617248500214,-0.014971316031122894
256,0.021379606846814614,0.013636418143224027
256,0.04172931554732562,0.03473584829365728
256,0.014387153010594622,0.008386280089540621
256,0.03758235608708271,0.0304893631014862
256,0.08787175842392142,0.08006893490958061
256,0.06645691157323985,0.058430283903481484
256,0.00157824295654857,-0.00487816272787972
256,0.028576236874768013,0.01997771527870479
256,0.0018604318257426922,-0.006327429853357658
256,0.17189654695819995,0.1645868172354777
256,0.01720235342383325,0.011234195678605285
256,-0.011169880533043963,-0.019029448183545516
256,0.041524681509035655,0.03630863816036489
256,0.058553251523979666,0.05155282717388826
256,-0.018475093045804303,-0.027564425097261314
256,0.02611363437749259,0.019673473085536963
256,-0.08873020792140102,-0.09579927673229144
256,-0.024694240491729413,-0.0309417404373451
256,0.03867143195449235,0.03188750064474122
256,-0.02894028784467373,-0.03730453781087034
256,-0.0026512372800430173,-0.009354383344279793
256,0.033139608363940753,0.02740241415686362
256,0.045106999022576755,0.03689115845339963
256,0.007565012281549488,0.0012349069634583487
256,0.08369372337158426,0.07560465312303827
256,-0.0004248573130158362,-0.008239393147725538
256,-0.006140515312959505,-0.012953840957282858
256,0.013569189209492072,0.006238229436086096
256,0.005734160012026979,-0.0016054257264302985
256,0.014341953202153757,0.007254510697336625
256,-0.037701224834759184,-0.04554022360277438
256,-0.10211356667856186,-0.10815877129450419
256,0.017307289859952057,0.010685126701159231
256,0.06274486922176126,0.05586484505195133
256,0.07232861304753874,0.06487454347365429
256,0.02885134341284734,0.021697987582151357
256,0.00959777993297406,0.0010922245812928777
256,-0.007310339895807427,-0.014709930975118635
256,0.07034549009738639,0.06318534667654918
256,0.0674839897766284,0.05838619522514049
256,-0.022354732526568222,-0.02906845716666434
256,0.07022735760862991,0.061501665735515965
256,0.009314865707819697,0.0033078279221905316
256,0.00706612087352021,7.908857204530495e-06
256,0.1625330424397839,0.1542427007760218
256,-0.011103809336911075,-0.016272699111677613
256,0.015736377952228986,0.008000521862545684
256,0.08050611667484703,0.07032851336943541
256,0.04801690057544805,0.04269288630519158
256,0.02435844140449106,0.017915433685512516
256,0.05684882316282336,0.05100098464332281
256,-0.02990069647261573,-0.038384424995922706
256,-0.03573567517318782,-0.040523763876364804
256,0.01343398889287939,0.007473879216789714
256,-0.05537011169313111,-0.0619689957378175
256,0.04663941983088965,0.040885652647191906
256,-0.049364337363610344,-0.05828250519318917
256,-0.016286591977726583,-0.023446136076771318
256,-0.02257501666847378,-0.028154449610596655
256,-0.07872610307503941,-0.08524622786584868
256,0.11805741665055153,0.11350661602781115
256,0.017235118954641526,0.012339888639291141
256,0.001747639153291236,-0.007045886959495706
256,0.0635959389491243,0.05832086420762128
256,0.03206832003511151,0.024638632332320054
256,0.03308392143221223,0.02454014657192194
256,0.03177438316483827,0.024231409933088033
256,0.013174999596712977,0.00542251150850992
256,0.08178693363013162,0.07451205610620559
256,-0.027529256326820684,-0.032924753091250036
256,0.05061225370527639,0.04346009780736293
256,-0.08959407940943936,-0.09845143740961226
256,0.06691386984593017,0.058283743017641554
256,0.09942952326771554,0.09184811759199069
256,-0.02184645772384136,-0.026273896154196397
256,0.013830376166742153,0.006365313355113922
256,-5.1685698796932744e-05,-0.007034653556658665
256,-0.023349183533122764,-0.03140320095546151
256,0.005266292293991004,-0.00036013688531538746
256,0.03977334980079489,0.03281715030937349
256,-0.05613208579138207,-0.06107063254722622
256,0.07098306483544142,0.06440161732354166
256,0.0569539496412117,0.04904033186654372
256,0.041888462421978856,0.034464698445014874
256,0.0005833089638732081,-0.007744045051729043
256,0.006029229473625941,9.761002046032585e-05
256,-0.0064637161401031595,-0.01529886907270439
256,0.0438910828937476,0.03667648988652217
256,-0.006078762897607726,-0.014722765316475594
256,-0.13104481752779684,-0.13643207760300402
256,-0.02818478360515725,-0.035789355906115095
256,-0.03688230154946198,-0.04628887379179475
256,-0.03701478922547441,-0.04410714815956929
256,0.04549336003994209,0.0397061080532804
256,-0.0497554321128304,-0.05707165959752658
256,0.09230107197819776,0.0855605731861227
256,0.04212030990833987,0.035123819344067664
256,-0.0640230592353272,-0.07168482212366556
256,0.09716301362562257,0.089138377532259
256,0.06965306131456867,0.06566761225229462
256,0.008393792437389247,-0.00040127490054153725
256,0.09546757089849117,0.08623684307494622
256,-0.007887673834278464,-0.01702256054808421
256,0.038754599969585024,0.03252062257168814
256,0.13372019318115586,0.12583806564257233
256,-0.016549445455250944,-0.02317005582598103
256,0.04981285551144815,0.042775796208671224
256,-0.025571835200600523,-0.033541936841755826
256,0.07475260530987554,0.06698438531202722
256,-0.10583057609830032,-0.11415921891932046
256,0.00788725634102938,0.0010885261842278893
256,-0.021708448326356045,-0.027552952078789494
256,-0.021102101984287913,-0.031091061223914362
256,-0.02355949421333825,-0.030022566183364685
256,-0.03240255308998735,-0.042145249545834484
256,-0.057778253171097915,-0.06553544459649358
256,-0.06132229372332498,-0.06677583942503551
256,0.08759856692686568,0.0819563233527692
256,0.025891614393129092,0.018701184690546546
256,-0.023318987387220214,-0.029884050255525985
256,0.06422631358936814,0.05573947987771355
256,0.06083328918712855,0.0528566659084681
256,-0.025208348732873753,-0.03271795271401062
256,-0.0974509920617267,-0.10432518974202959
256,-0.017147324679972875,-0.024092357672033216
256,-0.02187410017460628,-0.028021079602743748
256,0.004854273360106187,-0.001980174047928829
256,-0.05473839498567262,-0.06350159334205985
256,0.04655002956001819,0.03774465034135893
256,-0.0368140034754918,-0.04301981987253134
256,0.0017951748317602267,-0.0030298572348997355
256,-0.04182817066841321,-0.04809188322280422
256,0.04691886625590924,0.03864486920422183
256,-0.017484383598893094,-0.023408052592147344
256,0.07931289534692143,0.07438938162355208
256,0.06270376646746639,0.05481113609724053
256,-0.019548491790992273,-0.02847522835951155
256,-0.04604734826437529,-0.05235073342537505
256,0.10768291270125047,0.09880026962674876
256,0.044584442435801785,0.03778415308584099
256,-0.020381620489073826,-0.027031894897821762
256,0.03001577450211418,0.02259454324797211
256,0.009170121951430243,0.003744369866414965
256,-0.07465149206396554,-0.0823427771990754
256,-0.08832481055486896,-0.09544144379715513
256,0.027083768085000626,0.02104372578274266
256,0.038252459371675485,0.031403914013073186
256,-0.010855573012577446,-0.020269974843035776
256,0.05234285777829978,0.04442841623379501
256,0.024119572633082342,0.01801000047084067
256,0.09995842828042151,0.09376477480939521
256,-0.01670855609713695,-0.02280848514009759
256,-0.04358781592549976,-0.048219661551573534
256,0.006328060991426077,-0.0008529646932380897
256,0.02629949492224054,0.021819092254720007
256,-0.014106015894389812,-0.020403023017430466
256,0.005005061704397462,-0.003297395171241113
256,-0.02733853467547931,-0.033186482788718386
256,0.07505058191349312,0.0684770925553817
256,0.02804887199745726,0.020501524438159835
256,0.04108668560300538,0.032447198542010613
256,0.02765274536454504,0.021861914833894658
256,0.027876025253813053,0.021518967831800184
256,-0.0731075046208991,-0.07871087923864278
256,-0.0045754876166795855,-0.010690831974744686
256,-0.11351389624334352,-0.12069916972106293
256,-0.05522820430694009,-0.06265630710721792
256,-0.012649954353151471,-0.019588795458459818
256,0.023369025745690886,0.014808270313468208
256,0.025923234888935553,0.020672552870416805
256,0.032012339633934295,0.023504636408261448
256,-0.10410393645336852,-0.10895985589098928
256,-0.04634707501669105,-0.05496343876064491
256,0.009116405207589107,0.003647229679338393
256,-0.021123337521529728,-0.02903412266719574
256,-0.08458438272655527,-0.09364400801340106
256,0.04493331140327855,0.0381736580534876
256,0.06390196793168612,0.055720842428560846
256,0.011961458372121592,0.004447429957465776
256,-0.0695072160915185,-0.07401983845626459
256,-0.056387584204663554,-0.06212512994209479
256,-0.09646601187338505,-0.10269118279175049
256,0.12929412211736874,0.12409273157214035
256,-0.00047443660707074953,-0.007610270498245086
256,0.06038669340043218,0.05371482671240918
256,0.02002384754159403,0.012072676407127503
256,-0.02820097057477633,-0.034202215096417465
256,-0.016721015728015487,-0.023258287600089744
256,0.09779274776059838,0.09201228954529145
256,0.07460289865726955,0.0690276472184645
256,0.060102909848706976,0.05350340893635258
256,0.02760249771941431,0.019760874800884176
256,0.01750177405537562,0.01000101238257145
256,-0.0033149570081016932,-0.011090797443694012
256,0.0670779186415269,0.061125690231353835
256,0.003460946636933193,-0.004874122880601739
256,-0.02217854495709487,-0.029284968391980193
256,0.09304249394907488,0.08565124774174643
256,0.058606495488882304,0.050482438153175435
256,0.08316852174475725,0.07290077832627118
256,-0.051043122606692526,-0.05828922793179736
256,-0.025413036930580002,-0.03361030511003943
256,-0.09271301229941836,-0.09925923784266727
256,0.07087548077671374,0.06361640008843583
256,-0.0287721297353416,-0.034813414717298485
256,0.01756655001000007,0.009628441062766113
256,0.010049350914819621,0.0021734083255559034
256,0.07287864081503703,0.06325306142064657
256,0.050401508695411046,0.04347437170205665
256,0.081156368401131,0.073877709840378
256,-0.007109845759521893,-0.014787069428762567
256,-0.07179929133612228,-0.07965488975363744
256,0.049474230177965484,0.043950032568380315
256,0.05367954540639175,0.04586100243814861
256,-0.1011377141101727,-0.10847240696006316
256,-0.013585263177975149,-0.020090565333772625
256,-0.0028959286134939144,-0.008960324846229162
256,-0.07790327925281021,-0.08419964226192478
256,0.04384180885566408,0.036657133293919286
256,-0.023781355640945245,-0.029665114040493823
256,0.043974112237985696,0.03709676397969125
256,-0.02025604276096188,-0.029747749348563057
256,0.07368771258714113,0.06794015425089478
256,0.06254297519761776,0.05606820824620917
256,-0.05549142994307216,-0.060434219208675144
256,-0.03351187981307113,-0.04219052515402122
256,-0.035327806682845075,-0.042749231820632616
256,0.07448756889522529,0.06799057174104389
256,-0.037872788088774756,-0.04487843082067616
256,-0.005114238366811852,-0.01062421037459721
256,0.029461484180556163,0.02075155725558947
256,0.006352405873527089,0.0007048397379056381
256,0.12150796885587806,0.11341731292715446
256,-0.04685926833138576,-0.054118192107756424
256,0.015937938213663183,0.010323981447170949
256,0.0072499374618685275,-0.00018949869355244786
256,-0.015274742490977489,-0.022583241484987415
256,-0.013909261316590815,-0.021591348272614608
256,-0.08085178722162062,-0.0887493696901191
256,-0.0025090100510632984,-0.009915828796343562
256,-0.0044801386146375854,-0.01300607713481361
256,0.0004483119871300789,-0.006911055320323156
256,0.08673427981300524,0.07926320951900828
256,-0.011287818818202233,-0.019460043425668816
256,-0.06904158087370676,-0.0762792443352227
256,0.13153373726154122,0.1238097073375431
256,0.008525930366059864,0.0009088411305042676
256,0.026274616015359853,0.023483388126593063
256,0.03347770815746476,0.028108025709565998
256,0.04767363708167005,0.04129066536099146
256,0.011656297065131604,0.0035808231353952613
256,0.02795344026422808,0.022040738185673703
256,0.03877620553476846,0.03237812381971583
256,0.04447010644448485,0.037287410124066056
256,-0.06960198446299792,-0.07756470812084654
256,-0.03689393449903877,-0.043157809031050764
256,0.016320093347012066,0.010071736814903198
256,0.08793584111103209,0.0810765379721114
256,-0.1058039883620911,-0.11242672165770251
256,0.04834958160574687,0.041815341164500475
256,0.12852148035115823,0.12088040308255904
256,-0.024997881107989617,-0.031452288248184024
256,-0.021426327168514503,-0.02904553148553435
256,0.08039444568290949,0.07428682203389297
256,0.043272585219167825,0.0355225295714523
256,0.13877487773910308,0.13124594734391454
256,0.05372787088679021,0.04853425303723846
256,0.03802434166151486,0.031825451917820546
256,-0.05077617265615292,-0.05728384523957569
256,0.13094891412345527,0.12354637035478194
256,0.10277201095275917,0.09567444789462837
256,0.062018865831923564,0.05476808633278046
256,-0.08112566946382666,-0.0882990095855738
256,-0.016882022377221806,-0.023369385106109752
256,-0.0322818870918819,-0.0395679882099676
256,0.10784801542780148,0.10151556327630035
256,0.031404246629279875,0.02539987616337247
256,-0.010732336325198766,-0.017120178450576118
256,0.15671363444012926,0.14936782732328074
256,0.015090414085033088,0.009041663493868035
256,-0.03811728849498491,-0.045460362085944894
256,0.06160812032958818,0.053859201947609736
256,-0.044074855302624394,-0.05018651271081198
256,-0.0015723893958499158,-0.007949796182363078
256,-0.028321921391423588,-0.03589094494284756
256,-0.008391830898046904,-0.014842899264569553
256,0.08195215321539923,0.07378051660557583
256,0.13743995469811626,0.12838331411696385
256,-0.008914068965997723,-0.018320056709684673
256,-0.009909908988343819,-0.015833173696194802
256,-0.042711910454839686,-0.04861387048187349
256,0.034845537914308,0.028237809620040133
256,0.0026314638321091044,-0.006066835900628509
256,0.008018012301637567,-0.00011162611657966615
256,0.07319372391780882,0.06731481484400187
256,-0.045377770353101754,-0.05409409893312217
256,0.07353815262826002,0.06590244698141806
256,-0.012685207248433028,-0.020041078778409105
256,0.03905630898595813,0.03210702546040145
256,-0.004426336289631128,-0.01174566187558923
256,-0.009818641025757469,-0.016227970168137762
256,0.12743412036980045,0.120105219058321
256,0.04669910424156526,0.03992804165653052
256,0.026486866146104016,0.017994155235195375
256,0.07693479031330125,0.07057778312026652
256,0.02048926680047286,0.011279350664512078
256,0.00838745206113406,0.0014082898856344617
256,-0.02932950923768718,-0.035239401336609966
256,-0.05670086878884034,-0.06297629643044889
256,0.060514856231713876,0.05509218022585233
256,0.07031244203856818,0.06338629638811732
256,0.0203126629758128,0.016798586073687227
256,-0.014435214355857429,-0.021455691338832905
256,-0.01746363772848475,-0.025952538022793348
256,0.06346337897829585,0.056602462040498625
256,0.025157416898343443,0.015080806591165896
256,0.042146016080240656,0.03489658852828903
256,-0.010495846664681285,-0.01906529495228315
256,0.06056296442873649,0.0519385704457645
256,0.04665590921677015,0.03862942822627197
256,0.08777107386320543,0.08008416787283373
256,0.03969009838222293,0.033534793082723446
256,0.15672088901102915,0.1486871892152642
256,-0.006556332855106151,-0.017253739076267538
256,0.08561476559085951,0.07689677207614753
256,0.07378670948963184,0.06622781744096068
256,-0.0463582338645544,-0.055534670133445596
256,-0.06307421864504703,-0.06881643281295807
256,0.09835717558799378,0.09076016575587392
256,-0.017106883927983096,-0.02589932721435423
256,-0.0828209960139773,-0.08943608887868776
256,-0.006402933316151105,-0.012703904705738789
256,0.08673801202518389,0.08104790959399016
256,-0.05560976024816611,-0.06296364876320149
256,0.004863018425669718,-0.0034100859063054823
256,-0.014439719528140882,-0.021798712407079424
256,0.06315135810889944,0.05555887468017345
256,0.03374614316044122,0.024149195784518462
256,0.05431919860979989,0.04571188760324618
256,0.009388034412492086,0.003957939168971136
256,-0.07555864820025604,-0.08280386180646027
256,0.021778468398128303,0.01509938607822553
256,-0.002172296953510955,-0.006888931509664464
256,-0.0334302330360281,-0.04215475958575471
256,0.034068735917104465,0.028259775887071403
256,-0.018010654310304575,-0.025383397121893025
256,0.012616882513480032,0.004187668498643993
256,0.06649810434140013,0.05970719321395196
256,0.012822674254032551,0.006878222157382874
256,-0.08252416471603324,-0.0904438292251174
256,0.06414439242923797,0.05755455533137016
256,0.060061771698152244,0.05321670083014851
256,0.07507761000873492,0.07009455084786964
256,-0.03034514226243279,-0.037546463932691565
256,0.025341999628886613,0.01753664815073236
256,0.06948103758711344,0.062000493045504146
256,0.03244685288182814,0.024767912938412018
256,0.01825575097467952,0.01266294603653162
256,-0.039437193720101515,-0.044043704899085045
256,-0.07501758920805957,-0.08276814861514842
256,0.054975622176362204,0.048560664166321876
256,0.009751259428638692,0.0022452768442658977
256,-0.01951885101565487,-0.02742139039179875
256,0.015500172783740995,0.007391524841780461
256,0.049060966920089655,0.04095398098216868
256,0.18710542927558488,0.1763449077474672
256,0.04625388706545153,0.039738408417442195
256,-0.07250920743161465,-0.08092633412515621
256,-0.03787227667150972,-0.04636188198956759
256,-0.07262580426582216,-0.07898390726336701
256,0.10969489004220961,0.10348506097229265
256,-0.018568321781579245,-0.026078405564216145
256,0.028796524467153473,0.02301138964357141
256,-0.013970574512844836,-0.021542883166135174
256,0.07089234837385355,0.06385514077884319
256,-0.029893957538273508,-0.03627208281730537
256,-0.0345875708540932,-0.04418338904468988
256,0.05055037887036273,0.04682724711036529
256,0.10612306492001361,0.09922301797222094
256,-0.008957035123422386,-0.016581993782958937
256,-0.09561676887712967,-0.10160182624856823
256,0.05111865067270693,0.043961944943522124
256,0.057815808080014186,0.050778539634460385
256,-0.0691896660412557,-0.07508576552011448
256,-0.03784559098789758,-0.04589004526777457
256,0.07743549973278807,0.0707971893954602
256,-0.024288439722386923,-0.03181858248872266
256,0.008664777845303617,0.0006403702094480712
256,0.06121119915271017,0.05551127542049755
256,-0.014993828459421765,-0.021029138434958183
256,-0.005108643815457947,-0.013206399015461445
256,-0.0554527418061449,-0.06306657486335021
256,-0.007110107831097612,-0.015316702332144716
256,-0.06153879255277089,-0.06983967497130766
256,0.014264526189675886,0.005060847105714916
256,0.015127107868183165,0.011120898909730226
256,0.07556053634117121,0.0679050294741988
256,-0.006180647834724162,-0.011826384548536462
256,-0.02491566599931816,-0.032699516456595246
256,0.04549935981341846,0.03857945497184628
256,0.14855402000831658,0.14017920193874572
256,0.056594606288540905,0.049576916024267115
256,0.01835301499023889,0.010806385942264074
256,0.04274376861731716,0.03564701764635625
256,-0.0471921215721105,-0.05394772038130469
256,-0.07440962571161958,-0.08163343062608946
256,-0.10939005842482913,-0.11771822418704331
256,0.09218331720256973,0.08554615808616745
256,0.058671284980384486,0.05157556824375653
256,0.0131675619113793,0.004956118313530156
256,0.03184148852559965,0.02407068722518968
256,0.017867558098889846,0.010659718789919892
256,-0.027802856298191958,-0.03477800767734657
256,0.00017448392602503748,-0.005419475463833867
256,0.007351976460895082,0.0024767280042274353
256,0.060107193051386065,0.054469194373676644
256,0.15347057703115913,0.14650360179872174
256,-0.07672951409592699,-0.0838897537520718
256,0.003955968679802968,-0.0023555944892822422
256,0.003501231336649313,-0.000818535385072372
256,0.032311236214899175,0.025148966490658176
256,0.05782701995160938,0.05086607734042381
256,0.07733723837710993,0.06924866237318172
256,-0.010005253881102683,-0.01740402481174469
256,-0.003096734297020509,-0.010037664071285313
256,0.05862737586978567,0.05205096710732415
256,0.01910148284195834,0.01337679587865287
256,-0.020805448526012627,-0.028164142478963428
256,0.02394595877247152,0.018771973743404835
256,0.05179758275612484,0.04320281565208173
256,0.011638176685075885,0.004170327907560167
256,0.007055049836571459,0.0018876789678464734
256,0.015806705596360326,0.009247026912158174
256,0.024374937110542394,0.017418494288906183
256,0.04119336292999981,0.03414281775766409
256,-0.010341027376810086,-0.017276281286744355
256,-0.058719608250773214,-0.06691345874207127
256,0.048380515652615586,0.040912143370992804
256,-0.03934013754286725,-0.047630515018266706
256,0.08944259248870096,0.08410107432856156
256,-0.026250749055745093,-0.033283848147448225
256,0.008482343368683365,0.001992744822902015
256,-0.017142698216285057,-0.025034204360263324
256,0.008760038422516214,0.0014712426207356688
256,0.06253530895198783,0.05472981440270519
256,0.04782245636162924,0.040254394001293714
256,0.0708346929034469,0.063635612441163
256,0.031139014007755483,0.02065119168847973
256,0.05793324124640398,0.048872896107856
256,0.04961270121445094,0.04351729752335859
256,0.019773320544624773,0.011236373477315265
256,0.014018781979456885,0.0038072750596808147
256,0.09078673307790358,0.08482304488849207
256,0.015926774436566593,0.007959341861470348
256,-0.062298446559250154,-0.07053649406557799
256,0.020786111535132157,0.01356515114983553
256,0.06398181243595508,0.0570608286698388
256,-0.018009451017103217,-0.025720866755830796
256,-0.05532717712070162,-0.06301229894440502
256,0.1312055040529701,0.12341619788998576
256,-0.027818835014087495,-0.033585291650784554
256,0.05177845275097476,0.043849343715186395
256,0.08319107254352148,0.07527629975718425
256,0.022733883422959456,0.017077564134722112
256,0.006255887296810814,-0.0005212340493722656
256,0.0002523168743745474,-0.009294671902611185
256,-0.007885145412017958,-0.015595818060987254
256,0.037477860534782304,0.03011588836568352
256,0.036451987281332476,0.030336480744272865
256,0.008208915270981887,0.0025257805254564336
256,-0.0034363923360151705,-0.01241118101536448
256,-0.09817884015316392,-0.10597234929375898
256,-0.04387093347599058,-0.05125997848141245
256,0.03231765624032246,0.024695357694291487
256,0.012737432645289648,0.0042633418076428176
256,-0.030321126465799597,-0.037812240770445316
256,0.029478291941846146,0.021178172592616507
256,0.12164662449765867,0.11455102252050303
256,-0.04167415791073792,-0.04989846084250882
256,0.10205938279076493,0.09390375376885524
256,-0.023673097012328115,-0.029914246317593485
256,-0.1012861121993327,-0.10894778315953635
256,0.06129333370007006,0.054369104361739695
256,0.10201092369585868,0.09590902327410339
256,0.016993514198498316,0.010616059945650902
256,0.06869426889799546,0.06095588413296177
256,0.11060543855207067,0.1028145875493392
256,-0.04894420574144287,-0.05514697236171273
256,0.030514312085949347,0.023249847651389544
256,0.021591621805939543,0.01598223754313144
256,0.008285021405415038,0.0014445634663587947
256,0.11245623720228576,0.10646166791788864
256,-0.08013899060942797,-0.08723319016582076
256,0.03776366691855615,0.030298747662453773
256,-0.03440133408556284,-0.04048512405893723
256,0.05611041092188651,0.05001165786526729
256,0.00517871100825279,-0.0011042794321322602
256,-0.06254704431764618,-0.07022734224549909
256,-0.008384460361642199,-0.01391556925001236
256,0.00793515493097735,-0.0004785385096987005
256,-0.0031662913431569906,-0.0098285049406161
256,-0.1758772794532215,-0.18309683880340344
256,0.004656385445344746,-0.0023002339814252037
256,0.01684337761373733,0.007575175615136931
256,0.07430090282098833,0.06773783205100176
256,-0.020548173105024492,-0.027449618385613495
256,-0.020171967434488403,-0.02963981899397894
256,-0.004356551657428875,-0.010949309723483458
256,-0.07701814460339867,-0.08335792795746622
256,0.04222764717945815,0.03690713351443675
256,-0.08095393242515675,-0.08853390338535777
256,0.06936105558839262,0.0634865268301757
256,-0.032312104364349614,-0.03592012375975501
256,0.009797305971984915,0.0020613520143586417
256,-0.04772661319413579,-0.05482810740569527
256,-0.03300429989139886,-0.03819561383387676
256,0.1091750256539969,0.10210467978538224
256,0.053193807475301225,0.04699143688970031
256,-0.0628878396066192,-0.07255023535757649
256,-0.014862847185343642,-0.022441453176423154
256,0.06101175932294867,0.05286087136290124
256,0.04134675675876248,0.03464392226800983
256,0.07933406103218354,0.07211088069250748
256,0.11590182790731324,0.10898967916418795
256,0.010233568172310581,0.00429200930370216
256,0.04737267326802996,0.0413126674654265
256,-0.09385227088030462,-0.10073160591956032
256,-0.05233937230945368,-0.059398291715617835
256,0.03231765879186249,0.02584795057494932
256,0.010587177590803631,0.0037915888462402014
256,0.07491806875205553,0.06660428024056858
256,-0.045388469139857446,-0.05230011988739819
256,0.10981063328606794,0.10509247626918644
256,0.06129180695703973,0.05436377561229844
256,-0.05606551408115612,-0.06317980251531785
256,-0.004083562328306423,-0.012043645551520155
256,0.02421402833243974,0.01860660240791223
256,0.07502098098865201,0.0678224128420063
256,-0.013199611281746404,-0.01963638494139952
256,0.02262384637987236,0.015114013514758828
256,-0.024302103401639352,-0.033126878319860165
256,-0.04410520760641584,-0.049722742690634425
256,-0.04956571049662767,-0.05864906895168104
256,0.0026603408557832053,-0.002037052522402494
256,0.05881431151746852,0.05321795027435283
256,0.0033294327837306015,-0.004080105565131553
256,-0.024697647720516414,-0.03281502783783041
256,0.026486938908098445,0.0183311994428611
256,0.002466269397477794,-0.006185457037620579
256,-0.00816433505135783,-0.01577952386219772
256,0.04312765167796456,0.037694637714640156
256,-0.079052514668431,-0.08681925510609734
256,0.00971272240803206,0.0034123675809941134
256,0.0009064386136396485,-0.008467050760159633
256,-0.07340889210955515,-0.07894741565891839
256,0.018301984047330522,0.012580162600244305
256,-0.10476191386273176,-0.11157689667074389
256,-0.04186740671596256,-0.05024967856731688
256,-0.020742940028134482,-0.02935702276362906
256,0.030148799846070107,0.021828119752869746
256,-0.0662274114884564,-0.07308012803037284
256,-0.07317867159219754,-0.08041143116985566
256,-0.0074284541575108665,-0.012180600995531421
256,-0.044518888187007666,-0.05008606827885398
256,0.06130808281919464,0.05634701723199509
256,0.028505102008010208,0.022191213180669078
256,-0.053958100868723435,-0.06058978769218959
256,-0.024721841158540647,-0.03206038598163202
256,-0.02149559127856271,-0.027503162402120696
256,0.008616330801595018,0.0011980537468890828
256,0.018902740586253963,0.013934010951851594
256,0.0865780294946748,0.07983667373510694
256,-0.009407714268161116,-0.016988866811561643
256,-0.09367483226568957,-0.10038122277085265
256,-0.009807326585590859,-0.016672983674079767
256,-0.07629930377275468,-0.08474072544882383
256,0.08027432670222195,0.0729832618729741
256,0.054805602214915705,0.04890285045937903
256,0.05184500612083914,0.04379194757020982
256,0.02926722251753794,0.02119892672297069
256,0.03915484125224683,0.0323751601902601
256,-0.0500081179162738,-0.05621674582519598
256,-0.03562031846479763,-0.04212973996337965
256,0.04703344664807335,0.04053627142613636
256,-0.01274703658379539,-0.018959421210153704
256,0.040286258294629285,0.032842788649666665
256,-0.016959207214385708,-0.02513700728675694
256,-0.0671033654724073,-0.07332459552810833
256,-0.007328271403266695,-0.014394652189468782
256,-0.08235854516819668,-0.09054979381391814
256,-0.0015775164604794334,-0.00897859529530276
256,0.06380487211704888,0.05588666803407727
256,0.018833180591081577,0.009141357683149609
256,-0.08916651782381818,-0.0983882091311919
256,0.017449669749969643,0.009851834528476822
256,0.06592833009675797,0.05843213279023374
256,-0.0622218796784485,-0.0694092178773183
256,-0.04035659806368658,-0.04696176272021596
256,0.08375991311903369,0.07745297803816353
256,-0.004355846479937864,-0.012886619834413748
256,0.09249662167780653,0.08591652608651407
256,0.05209278480842583,0.04464660362934647
256,-0.0007118307601363116,-0.005721700269576746
256,-0.021150571734745716,-0.028774199574259585
256,-0.027591739725687237,-0.03324891948270853
256,0.0019548591299139995,-0.0030002176360064414
256,-0.03269562645115265,-0.03861190106974843
256,0.0012675159336394959,-0.005909845072315012
256,-0.017368091066455094,-0.023072574462908113
256,-0.03548424180019494,-0.041583004168904925
256,-0.1174894110395584,-0.12289763868561498
256,0.031080339318309502,0.02094175538482307
256,0.030964890917599186,0.021976638236969104
256,0.027720964667463877,0.018129716883035996
256,0.04274686884038875,0.03426153694630657
256,-0.03220829942524511,-0.03821507817126474
256,-0.014894710251803889,-0.020604136227062253
256,-0.013001048221877642,-0.02178759475864339
256,-0.03600036744246521,-0.0433854769220422
256,-0.0008817820770933849,-0.007700080822907962
256,0.015061872885866134,0.009518979920549286
256,0.028018606250676592,0.021161260706318297
256,-0.015717672010741812,-0.022848897019738412
256,0.038879861084116396,0.03241986330526664
256,0.08369045322083363,0.07779876413628606
256,-0.10561823424239747,-0.11185824377043752
256,-0.03147889320746933,-0.040038660588124275
256,0.08078416132610317,0.07451344506389856
256,0.059049003009366,0.04942446997999239
256,0.1443835956681589,0.13615542157098898
256,0.08062569213860898,0.07283681778541051
256,-0.008049736247962125,-0.014737451248739708
256,-0.02710923966580947,-0.034429490353209635
256,0.10000002491219845,0.09351137841553875
256,0.08062314762066153,0.07383362038357671
256,0.0764147711001602,0.06843564078981829
256,-0.032417840183532054,-0.03783568155483197
256,-0.10013151951355065,-0.10760087468346807
256,0.01450217327393638,0.006820439893527264
256,0.06542609676434463,0.05924482617114529
256,0.0021195165820271367,-0.0042947448257831256
256,0.050233556912927635,0.04403770215996172
256,0.07149814335107735,0.06506199592972389
256,-0.0003419382681922323,-0.007381900345484305
256,0.01610989905143434,0.0108472150568108
256,-0.021060384977743596,-0.02796971244671298
256,0.08038218423950644,0.07534873590094077
256,0.07126228993087963,0.06453570195359759
256,0.021521459324156833,0.014126366589658601
256,0.08299413646973314,0.0752356326621228
256,0.08987156174905692,0.08289834299928306
256,0.0765500158736514,0.06785576646305791
256,0.0022227877227185,-0.005798812738942671
256,0.07346643948337073,0.06416072527387917
256,-0.00830964240468568,-0.01550701583500902
256,-0.041316122408429634,-0.04771422156894117
256,-0.05403162658191324,-0.06389333369219985
256,0.039928377478454846,0.03302924455680095
256,-0.021235506632977796,-0.030179252573041215
256,0.018554927607202065,0.01102526624651462
256,-0.045131565925895234,-0.052228808526857684
256,-0.06045723925724544,-0.06722696884475687
256,0.0013270772652425045,-0.005837923477704232
256,0.06248978567455571,0.056601499022323254
256,-0.006614566529750121,-0.014715238366582561
256,-0.051317569228793214,-0.05806477494462803
256,-0.09223035463492901,-0.09814466816166995
256,0.0307244422223536,0.02442244955723516
256,-0.04331980973211491,-0.050516654410076856
256,0.04063240527565959,0.03230610985988669
256,-0.09283614579097099,-0.09782298312596083
256,-0.019505831191020506,-0.027207551940391594
256,-0.08459625491412853,-0.09329220243509734
256,0.03128680055843619,0.021872937221193767
256,-0.055231658822541274,-0.06318605241297043
256,0.02841885467377403,0.024010202590489582
256,0.07161753034780383,0.06184710469206273
256,-0.010908040286546128,-0.01868290735003153
256,-0.01970405188169727,-0.026305190648805765
256,-0.09455430437905943,-0.1025777818444118
256,0.03512382170142986,0.029153805205306638
256,0.01073682653991781,0.004750558450929143
256,0.06466517459217691,0.060237039042582596
256,-0.010021908019885839,-0.01492803993806463
256,-0.005644344008715163,-0.013036637073536805
256,-0.03253598463920737,-0.04151764068933533
256,0.07723089632661778,0.06989942475117689
256,0.04779892198226038,0.03819992126900673
256,-0.01774085298397976,-0.023911186069297152
256,0.03362210432612661,0.026971713801899333
256,-0.011067421900732066,-0.016851370325481396
256,0.03815023536352635,0.03245107405850828
256,-0.01789957613476245,-0.02498683478676339
256,0.024308755393007753,0.01589036373149294
256,0.10338202870138019,0.0960039119775204
256,0.08729096827062294,0.08007520670828255
256,-0.09794200830795147,-0.10558213461807148
256,-0.027915774155954642,-0.035683792135614956
256,-0.006256709394183102,-0.015015943015662614
256,0.04571479560401376,0.035518718156427986
256,0.07808098357151971,0.07109691870879414
256,-0.042572574981638134,-0.04846453814509338
256,-0.06750640443122596,-0.07519134696150764
256,0.04041985342962595,0.03271295634851279
256,0.04106474026697382,0.033642190246545356
256,0.12813044459010453,0.12307724120905422
256,0.04279139311958374,0.034049109649618214
256,0.0016283852456198122,-0.0025421637400920294
256,-0.011861907039036501,-0.01833549960542008
256,0.01875000930847248,0.011615437995166455
256,0.06511119853732478,0.0578189161019842
256,0.06292863611248989,0.05597818681079614
256,0.06938716773734599,0.06164619767121132
256,0.05356610040380594,0.04742133772364915
256,-0.09519184750809867,-0.10317949306747354
256,0.0022088946416314315,-0.005609581034115629
256,0.01415247924806251,0.007530524574150377
256,0.033731615303238704,0.028043389356893655
256,-0.07072978885766329,-0.0790639128486254
256,0.08169506631409446,0.07455928118951921
256,-0.023260775645683573,-0.030069861086495342
256,-0.11006857308981205,-0.11701642624431247
256,0.0995930845018605,0.09432627825215972
256,0.08735565411572793,0.07924976493522895
256,-0.03740839407161356,-0.046473739936595815
256,-0.03554277983108062,-0.04256159109752777
256,0.03809511491758999,0.03390938858318976
256,0.04872288889077947,0.03992539956650509
256,0.015668713520275157,0.010094303553822681
256,0.017604138695808846,0.011468436170405827
256,-0.006575038825649082,-0.014298146691514968
256,0.031252865332660085,0.020514948006332967
256,0.01884044154255715,0.01297242621807243
256,-0.1048075564983475,-0.11220956983142139
256,0.0074668913909963774,0.0006804620989419585
256,0.06398481336307527,0.0584928079387379
256,0.03537432655909656,0.028359367482619524
256,-0.03222750898219434,-0.03952774704340023
256,-0.01131203861875485,-0.01743775641096762
256,-0.047023289959215064,-0.05706980396680572
256,-0.001076794004798376,-0.007029467744272544
256,-0.02747198424837649,-0.03399251002271392
256,-0.02702169953296102,-0.03504659518275782
256,0.017825690151469564,0.008313556840767622
256,0.07889812677221364,0.07064269625469571
256,0.08118772290479442,0.07363114981023938
256,-0.03570228562411354,-0.04533679206585167
256,-0.01699811516361799,-0.023650067167872657
256,0.014326274115576021,0.008826881909677065
256,0.000327298030037948,-0.00929885049997714
256,-0.0074520268687559565,-0.013129383421789598
256,0.07784797368354679,0.06938344180534611
256,0.03852287426226836,0.030797995528886568
256,0.1013073242603863,0.09542080601679087
256,0.06689783476172945,0.06028589357841102
256,-0.009106298244873967,-0.016026767042158052
256,0.15618814432161693,0.14834392449149775
256,-0.02719143221720316,-0.03301372285221155
256,0.06214880943535134,0.05672472919768723
256,-0.006679137150819581,-0.012771780046038628
256,-0.0319982303046944,-0.03774873796353617
256,0.034884957651173276,0.028315117839320947
256,0.0033666213756251007,-0.0032593291010253878
256,-0.034386737344642815,-0.04315371278547553
256,-0.04276471568691914,-0.05038524365154262
256,0.06713346497071121,0.05944852964356001
256,-0.016616741957643233,-0.023203438419399258
256,0.015953370985502036,0.007802952414187214
256,0.056585125593895724,0.05007227348051302
256,-0.004750389489575069,-0.011017987483036618
256,0.044994611286312935,0.03619931391513359
256,-0.028856489021827192,-0.036241004618893846
256,-0.010125771919467785,-0.01584819135137272
256,0.05890843121642636,0.050076239364028385
256,0.06271216969217158,0.056016215675556036
256,0.10267159217246408,0.09616836699425119
256,0.0035657490055491237,-0.002455818159845413
256,-0.07850430829991867,-0.08329000347630322
256,-0.038689819472599696,-0.04735239061161367
256,-0.03444315584794927,-0.03932534793935227
256,0.07526518992060843,0.06967890194729481
256,-0.06504423360389211,-0.0719147417861441
256,-0.03926438174785313,-0.046369857705357787
256,0.03179690185165285,0.024321579480184374
256,-0.021216159641424925,-0.028572564635148234
256,0.04900215513219708,0.042286395300540014
256,0.05087470502109148,0.04348905456529184
256,0.02356115182249774,0.016851454167592705
256,-0.010411358492313616,-0.017321388847182706
256,0.021837210853632605,0.01600281249303631
256,-0.02622989449235219,-0.03299629004547916
256,0.045544047123259435,0.03742671525146557
256,0.008207852190685594,0.0030288643681341543
256,0.012960455432066365,0.005910492811826096
256,-0.09905947715979174,-0.1050470425114205
256,-0.04782769151085564,-0.052544819305183954
256,0.036484440441895916,0.030361991374906416
256,0.042839055797766534,0.03697792876239847
256,0.04176977466964804,0.034578712262964106
256,0.10268920945149368,0.09494736044630442
256,0.05856207628817833,0.05131983313552507
256,0.03955595159312669,0.031026700436948385
256,0.09755684201160059,0.0942623272651954
256,-0.0021925241694308317,-0.00692105003666349
256,0.0935026728973189,0.08726646189399617
256,-0.011262759593082372,-0.020438799206541958
256,-0.08175928635408064,-0.08948162601489124
256,0.023781887772209187,0.015600964905559955
256,0.0756895518379081,0.07093626225609584
256,-0.0011765472563280976,-0.007002075445602052
256,0.008603186976755606,0.003170359663259681
256,-0.029496475082745555,-0.033974255893994
256,0.04276698084188052,0.0347422298517977
256,-0.024996807816824007,-0.03182910635304115
256,-0.01792729247793856,-0.023269619310048006
256,0.014643335219645837,0.0071362446090105225
256,0.017522039108396226,0.00823426632213109
256,0.055105556662427335,0.04521325364994205
256,0.003204378769051053,-0.003870560500923992
256,-0.07228927595887596,-0.08050849859496306
256,-0.0534000585839996,-0.05938838021190207
256,0.0027203920490044275,-0.004980441993154283
256,0.06294553869018038,0.05471768027890589
256,-0.016961597386482896,-0.023157925040997784
256,-0.062154610062406135,-0.069531101211112
256,0.005009136338823383,0.00010347716570546783
256,-0.05958076220513986,-0.06590437402144822
256,-0.030831788405660865,-0.03825667331394761
256,0.0075117111345935905,0.0020365926763461495
256,0.015196586077281193,0.007083911742351567
256,-0.06954332361362564,-0.07544156002942853
256,0.0023380457711904556,-0.0025999505340414952
256,0.054658627074405663,0.04813636971584834
256,0.11050831329876204,0.10254976607940275
256,-0.021688070755117472,-0.029308186179174245
256,-0.051025319674861846,-0.056354670970830745
256,-0.14889804822953245,-0.15579755677409807
256,0.03705637310446902,0.030733290364540533
256,-0.04971379181337782,-0.05519224766290248
256,-0.009111517463296914,-0.016067624111936907
256,0.028229413873535336,0.02016983799764399
256,0.004421628668707933,-0.0037581702721548593
256,0.11455483682019257,0.10516486697802768
256,0.01893368833185116,0.011358047406991256
256,0.004970727208901293,-0.0008964650093935544
256,0.05034161289544964,0.04541158025793157
256,-0.11501525670629104,-0.12053808639039454
256,0.02940962245233658,0.023528972942799098
256,-0.011912687317360338,-0.017123377006875218
256,0.05173744876415176,0.04572465798998876
256,0.049520624119425316,0.04342807936346704
256,-2.4887260579642412e-05,-0.0059377913367309465
256,-0.030893309249261758,-0.03648067417667272
256,0.06550442750498148,0.06048789400479443
256,0.12534400095360881,0.11743064628668903
256,-0.045561947838064276,-0.053503189260423745
256,0.022491379632619934,0.016102985211180032
256,0.06421074638281343,0.05732559041816493
256,-0.045889685363750765,-0.053030700875368764
256,-0.04137646053969135,-0.047554544691408684
256,-0.00651665329910156,-0.015522092024550571
256,-0.005922314130752782,-0.012940015827068108
256,0.01836197178065191,0.010095282559926977
256,0.00431798659922894,-0.0013100401670523287
256,0.034940037190668904,0.029323338216202144
256,0.01950412801198209,0.013901422395762919
256,-0.012940354588262315,-0.021112823206482556
256,-0.0016215519638821951,-0.006747958883497274
256,0.09357900672585945,0.08863530520784396
256,0.008322816407658529,0.00040044760909813126
256,-0.028257615154074378,-0.03718003907978773
256,0.000989267980266384,-0.006557875877036379
256,0.04040348065879318,0.03200880520837052
256,0.00032714429892277685,-0.005171078226712367
256,-0.07365821049221849,-0.07963780959215977
256,0.04659735597434306,0.03895351061119201
256,0.12187404518969852,0.11280764838398522
256,-0.10234179707748575,-0.11122846215047488
256,-0.0346299217599485,-0.04183411734496456
256,-0.05059306437783051,-0.05906901043045942
256,-0.05868699424736257,-0.06494845280625011
256,0.02838653693624077,0.019987275976109165
256,-0.004753249534721615,-0.011835406205147503
256,-0.06156124190868317,-0.06906867337031364
256,0.04396131050467522,0.03929959640896924
256,0.01204285726165083,0.0059300567803589055
256,-0.037714814207695235,-0.045470816605721165
256,0.020975599114165355,0.013795265328007067
256,-0.029754370723401646,-0.038689386565785355
256,0.013609550805289916,0.006894316491084185
256,0.036521224003136454,0.030022963028586147
256,0.10331247903082447,0.09683234010937097
256,0.0636199867381187,0.05837952079653225
256,0.025183762996946857,0.019928090882856853
256,0.009234233866474373,0.002766678539237899
256,0.04735499027120754,0.040071697496256664
256,0.04840992748157302,0.04085445251571429
256,0.019625485207434568,0.014009333494422571
256,-0.017646924541430853,-0.025882603943356286
256,-0.040068077726196805,-0.04793596514239573
256,0.04152269089681132,0.03243983134891015
256,-0.023632603541751618,-0.02731706742217871
256,0.03746894563310055,0.03155234179507599
256,-0.006667255929748039,-0.011959035056115008
256,-0.018685686274722724,-0.025749769931966038
256,0.060866700576659216,0.05196510121165715
256,0.04403700216652101,0.03510449258324183
256,0.06468224037328374,0.0563454904730723
256,0.11274654635610976,0.10555992525169239
256,-0.031894867057651044,-0.03829410132942873
256,0.024323385343059112,0.014901848086945724
256,0.06837384292422061,0.060963647528222364
256,0.004519299173471714,-0.002390240673024402
256,0.09222725689813044,0.08524039287644697
256,0.012536657645692006,0.006614254551196408
256,0.0943008561680106,0.08861223947200897
256,0.043589428795527074,0.037578413969493685
256,0.013613081875645638,0.006013917983192507
256,0.07747409868994698,0.06990058800920068
256,0.0760573244389599,0.06885713612652455
256,0.002185382558258786,-0.004821290119574995
256,-0.03237532714119373,-0.04011812908931622
256,0.018257708779491233,0.013114325467157462
256,0.047227208813098,0.041415799236296846
256,0.07912065500694043,0.07371252859980143
256,0.037350905586778504,0.03016412582108674
256,-0.0601847053858956,-0.06512555042198254
256,-0.019203212929400415,-0.026681048773445237
256,0.047564823416256286,0.04306683130262379
256,0.002725049916133593,-0.0046625135941264495
256,-0.04996367777316929,-0.05864206137786221
256,-0.00454914354246555,-0.01248661834280168
256,0.004408792187614141,-0.003832980438288447
256,-0.048354802640458494,-0.05575392940708429
256,0.0502382704672637,0.04190168779767134
256,-0.04122076847481304,-0.0514818204315724
256,0.005569030580441614,-0.0016167847525825896
256,0.03318634851434282,0.02564300029218225
256,0.044934127946743674,0.037348196542355216
256,0.04292953163386093,0.036307139267642397
256,0.025166961895753848,0.01767636288991109
256,-0.0371229438551301,-0.04541328168331382
256,0.017554716285713312,0.012819968279741134
256,-0.09465437669748977,-0.10237604678992546
256,0.05369216210011413,0.04570663752533355
256,0.041237041666727314,0.03247333785510098
256,0.09826032065233042,0.09060287843823184
256,0.051557915666019805,0.04459038476774252
256,-0.06524848372487785,-0.06972506780284854
256,0.0649693338766798,0.05762925902888827
256,0.016132399097977035,0.009228207439386404
256,-0.0033423442974661044,-0.00965198895297259
256,-0.0034364249484015175,-0.010315733153670514
256,-0.035346626805539294,-0.04388731208851959
256,-0.044229730778782894,-0.04877178431617413
256,-0.00951762575240056,-0.016800867361831118
256,0.06701119781755688,0.05985445434557668
256,0.04346903639230365,0.037126710072572455
256,0.12898063892260342,0.12149068691662329
256,0.04312181864180736,0.03526358910781335
256,-0.09481513117951251,-0.10311820249699194
256,0.015563717119870979,0.008359640494837839
256,0.01272130349478423,0.005426470269119299
256,0.07145832224762805,0.0631057231152723
256,0.029329687859400155,0.02048844406465844
256,0.029048047913376396,0.02206134393289727
256,-0.04590915912469212,-0.05221146510409047
256,0.010668876244010084,0.003568172915232315
256,0.013119523286665935,0.0048237390849996675
256,0.01806867255480088,0.011608285182001521
256,0.02891326613413492,0.02085489506712679
256,-0.04534814110570318,-0.05321354087508423
256,-0.06200816396801245,-0.07009989628492458
256,0.007606692836939877,0.0010631555824131
256,0.0374366597675993,0.029538521373499604
256,-0.013941115444357,-0.01979434193719165
256,0.03088748517309592,0.023615223807700036
256,-0.006231386428649455,-0.014442501380268757
256,0.004554256787245581,-0.004027064448866635
256,0.01188614157134793,0.005004554301025921
256,0.04313850740386749,0.03645386851762378
256,-0.05449311872454471,-0.06294974096109979
256,0.019897801174124152,0.010167348166392975
256,-0.03305968694638056,-0.038953880620372694
256,-0.061024739707580156,-0.0686791744736433
256,-0.017740483843599997,-0.02554542201796195
256,0.10715670840795893,0.09997749573504994
256,0.02972692774483854,0.02426979514619182
256,-0.007037118117972085,-0.01590986467535971
256,-0.014079554584480125,-0.02149942407140598
256,0.0934512567327987,0.08785194923815959
256,0.0030679060558010396,-0.0034239775636735192
256,0.09836333085987486,0.09024271862711958
256,0.041305001354751625,0.0351544979337281
256,-0.030096342462497927,-0.03716814088973802
256,0.0038772676190145794,-0.004880541338781019
256,-0.028227933985227438,-0.037175454899736726
256,0.06377068534804153,0.05677543524687284
256,-0.0016219388060764728,-0.008813586211682711
256,-0.005597421385935775,-0.012196925135665948
256,0.08371590935236678,0.07688668382954666
256,0.07109653597361609,0.06341847959259184
256,-0.02755471799824577,-0.03235945110234195
256,-0.1074656995403685,-0.11628051886459695
256,-0.015655068361419944,-0.020980671120306438
256,0.02340366696735835,0.01649958943513552
256,-0.04608523821259297,-0.05131953650767884
256,0.04275409180813322,0.03527441175642776
256,-0.06969480156226354,-0.07540927487451171
256,-0.07105008261818341,-0.07861128192868266
256,-0.02272118808520618,-0.030290662613136843
256,-0.003158177910840221,-0.012386608802828103
256,-0.03778266487750759,-0.04328433165969431
256,-0.09041819015340047,-0.0938507561275444
256,0.048986079159249185,0.04254134680092159
256,-0.07131244539053455,-0.08015528990525722
256,0.06682464994357201,0.06201505382608319
256,0.06497186261614685,0.0572594494290139
256,0.09244075617882036,0.08701440380605269
256,0.0673335134883633,0.0596599234201341
256,-0.05615505019307526,-0.0634987112551077
256,-0.0032828992847158678,-0.008490265657198792
256,0.030854477740354436,0.024168105875640333
256,0.06491024488850877,0.057629343645511366
256,-0.016873847954836985,-0.022015938333984852
256,0.03844788344544742,0.030559291729242988
256,-0.08101258454315352,-0.08730199290137958
256,-0.040351331833442194,-0.04739086524629116
256,-0.03842201268668505,-0.047453433226421704
256,0.035005201574351275,0.030303881683995115
256,0.029485887327588722,0.02237664343546053
256,-0.030507605983814856,-0.037855625265461657
256,-0.0023527315662951187,-0.009301722563139214
256,-0.0191471491525409,-0.022683064144668585
256,0.08333491402165255,0.07445373949545453
256,0.02783824930927331,0.02189045460101996
256,-0.05389059894706483,-0.061126366076689365
256,0.053313698013159994,0.046512137905330764
256,-0.04571370505807215,-0.053458590119331906
256,0.05361958453504212,0.046369327464975185
256,0.02776293735530916,0.020275307099110573
256,0.011226339658912954,0.0017786709662229172
256,-0.06575425819182495,-0.07342929171228496
256,0.015303600172108467,0.006853650799433175
256,-0.03349027723142778,-0.04086813981656551
256,-0.047450777020339674,-0.0537719326823472
256,0.045449454959755387,0.039387052530870714
256,0.07794981032579462,0.07086269550542346
256,0.07784769035302902,0.07034663145511688
256,0.06438874359743346,0.056630218525022036
256,-0.005103582100797532,-0.013148424146207316
256,0.019239946373876604,0.011842291860787557
256,0.05408110245018777,0.047385072621687896
256,-0.06203583300526916,-0.07003156659464388
256,-0.02100032091408771,-0.027182335338539032
256,-0.009607474312339104,-0.016240030578470566
256,0.0640522739465792,0.057574557927588255
256,-0.02524967473584866,-0.0319790160159481
256,0.07015469525507878,0.06223118293795116
256,0.04707815875378507,0.03948044091202807
256,0.12851545912330548,0.12197205677796125
256,-0.01848200944197903,-0.027304196756449406
256,-0.0971251622035812,-0.1039553964134543
256,-0.05026199297076861,-0.05880391823230169
256,-0.009562557838936114,-0.016751336496075242
256,0.014154468531362319,0.006224316594701129
256,-0.05034980150733237,-0.05724631211141129
256,0.0025847073761530726,-0.0033490815120372774
256,0.05082045958384773,0.044654773330564224
256,0.0033476014774057594,-0.0030419888418804497
256,-0.05681750058775986,-0.06395683627563697
256,0.004184543462691814,-0.001312606799792948
256,-0.05448877494172821,-0.0616072909550498
256,-0.01054710139000642,-0.018838160519515312
256,-0.003956266071583947,-0.008925654519059523
256,-0.053414119482083466,-0.06105578408694551
256,-0.01589187405499104,-0.020415862200800772
256,-0.060691475062756295,-0.06932342528524654
256,-0.0036290068039546153,-0.01160468209436405
256,0.039967592097381544,0.03428461769795288
256,0.000655669375894341,-0.008285086964312127
256,0.043459871489452406,0.034533454580410405
256,-0.009263167728393418,-0.01659826761429578
256,-0.015657742446852807,-0.021837243840877096
256,0.04774165684654519,0.0397404029518022
256,0.010229737073362055,0.004729932318205177
256,-0.00017078005604426183,-0.009400043093015953
256,0.04174052648655413,0.03480178316115545
256,0.04217267694434568,0.035753016211167
256,0.011624593275603279,0.006480075371493088
256,0.04673884366946257,0.03710245745051344
256,0.03636795867127196,0.0281408183653738
256,0.07191780645522827,0.06503985871263579
256,-0.05745888209858857,-0.06510668337013925
256,-0.01959682523438039,-0.02550575686469375
256,-0.007828665442928873,-0.013831214555055815
256,-0.07806788746693633,-0.08477353378389407
256,-0.05031247331311334,-0.057932827613561
256,0.013132584870733988,0.005143929212888698
256,0.011191521631296442,0.0036768961449005766
256,-0.00536965366998432,-0.012247287016584674
256,0.0446588143547339,0.038942135970418956
256,-0.09693770777897454,-0.10337623658485173
256,0.04478754739695684,0.03554998214922406
256,-0.06264389940948917,-0.06932961713069463
256,-0.04364992779172833,-0.05061267557103549
256,0.0180274121451644,0.011461044563886413
256,0.022009757792636864,0.014205476745740908
256,0.0490251144372022,0.042513888423408974
256,-0.060824643923550414,-0.06868114778246115
256,0.008622686477031127,0.0013250267277847838
256,0.022658318304475733,0.0145540648207797
256,-0.10343015123450439,-0.111734767129828
256,0.03798394913022618,0.031831472227154545
256,0.03749139009715635,0.03080114773173126
256,0.07325909652798213,0.06596794780020976
256,-0.05253046083683577,-0.05933353718966594
256,-0.07318566484620215,-0.0813469525011073
256,-0.08772486435348881,-0.09414317355076673
256,-0.08907163715915811,-0.09621822525759488
256,0.06592669301825688,0.0609231917100565
256,0.005746965405202198,0.00019429627049721843
256,0.017832368452799674,0.011378637741714215
256,0.0060338637755908975,-0.002243648842641721
256,0.029387113226460815,0.021596842091290924
256,0.02459616127030817,0.018196468533502874
256,-0.10167358149787259,-0.1077217471860355
256,-0.13868123308618824,-0.1459870199380794
256,-0.0129347786726291,-0.020188136387199684
256,0.02796092349418544,0.020552477119601953
256,0.040702146563086294,0.03158351981292096
256,-0.006825508800934743,-0.013310231445859355
256,0.032362829705569696,0.02538390234169846
256,0.056319973266811874,0.046382993224350966
256,0.023561055649762186,0.016629777275449564
256,0.04032069134028543,0.03334419124007604
256,0.08120513772093224,0.0741244234056333
256,-0.06245867145444456,-0.06828301639269185
256,0.1010435035826382,0.09277292092734207
256,0.0007619319424143622,-0.005537825617781544
256,0.032147148788597035,0.0266188919564605
256,0.01578837043559428,0.00997232154199984
256,-0.04622688201049224,-0.05199297382134643
256,0.006425047924027594,-0.0009633410510283547
256,-0.08121534428622779,-0.08725269829070575
256,-0.045212398189325376,-0.053026215102648266
256,0.028874099733445957,0.02181694547423596
256,-0.05674483377768763,-0.06376916578138214
256,0.06718686680877967,0.059797351916216435
256,0.013619704902193719,0.005794409312759818
256,-0.07892068231824678,-0.0873846530183619
256,0.021522536263691716,0.014865492877095599
256,0.037554325713738845,0.031222973108475105
256,-0.0034674500463242053,-0.013366459959715193
256,0.005657914000179898,0.0004013249652746187
256,0.05178422670933969,0.04520265479752161
256,0.0617413637218408,0.05600435261375952
256,-0.028210324739053216,-0.03656319459938501
256,0.012797451796272175,0.0053910261598822395
256,0.024898586863704164,0.017823068269278153
256,0.07713383003135582,0.0714352826821108
256,0.03657932141982578,0.02903174475492437
256,-0.011940962669244826,-0.020236657054114482
256,-0.05585435833844943,-0.06390587938036535
256,-0.002187904440419386,-0.010583425013597159
256,0.07904058863720326,0.0729445448409537
256,0.09849126860481477,0.09083184094385405
256,-0.02319159297365242,-0.031819681713007975
256,0.045686113436664955,0.03891052067541634
256,-0.06883743835223133,-0.0778331510801133
256,-0.029295573206004177,-0.03566960566965749
256,0.04098299625760232,0.034599718788613176
256,0.0028911819485327728,-0.003847766785026907
256,-0.004892781456237283,-0.012099199858417564
256,-0.006336614373116112,-0.012002639021016392
256,0.060093523733660226,0.05515274737669018
256,-0.0017480091137371256,-0.00983165564568017
256,-0.002332861112367912,-0.008609591863500243
256,-0.015993413035577664,-0.023459777807676663
256,-0.04926368872889675,-0.05657668362911966
256,0.10210912438650005,0.09305703301225371
256,0.004870836218805019,-0.00034423710250486295
256,0.05716389778379921,0.04842530184474625
256,-0.07448216061114715,-0.08154552177118474
256,-0.04192235536647171,-0.04993182668425694
256,-0.043731586093639696,-0.05286909890123892
256,0.15032315139368752,0.14291748908830376
256,0.009663738753274587,0.0028658110828836403
256,-0.003545667131692687,-0.008132157687186947
256,-0.0838479895013145,-0.09148026011289745
256,0.0828270337297135,0.07494838707739798
256,0.031965482751531105,0.024888943500151417
256,0.07360969665558931,0.06394399205607276
256,0.028171202889064995,0.021192482475492935
256,0.1321154824647927,0.12626319013218762
256,-0.055368216908063705,-0.06350142251605334
256,-0.04140072017476665,-0.04724545374529665
256,-0.046948087294438445,-0.051694894522479384
256,0.054138501023609564,0.047571821981276796
256,0.0015020717685983453,-0.004002628619010462
256,-0.057408483321460146,-0.0649270082606968
256,0.0422899460213329,0.03557027816862646
256,0.007372705287999715,-0.00037788404832389544
256,0.03538956342648153,0.02575161287115646
256,-0.008186025475654835,-0.01774062517496694
256,0.030186083700941335,0.023327161677382913
256,-0.03383201102122185,-0.03969752068548632
256,-0.10134591380835589,-0.10867439295509668
256,0.04831352927387078,0.04054220657287666
256,0.0399559768210091,0.031882726942077166
256,0.04833615296099503,0.04096924033507621
256,-0.03822597059371374,-0.04524780783264071
256,0.0064083354116173386,0.0006390229992069285
256,-0.09414987384311846,-0.10075270720527085
256,0.05650068280174009,0.04999263488594896
256,0.016658655187057003,0.010889840787777438
256,0.0312145674686079,0.023504306342699177
256,-0.03823474189640469,-0.04516141534958912
256,0.0042644066610079134,-0.002410963701983737
256,-0.05230934043950031,-0.058668340960083
256,-0.06115436428418486,-0.07031760833409961
256,-0.008251737297248929,-0.01459407542554525
256,0.08795750669204577,0.07977211381895438
256,0.03612906383716141,0.02997933118505519
256,0.07295352405673294,0.06642736602768184
256,0.007625192078338006,-0.00037709119649714795
256,-0.07788183637332569,-0.08634082495922979
256,0.02012468570524034,0.01149679787959712
256,0.12107098235134711,0.11571807242562931
256,0.009727193878402152,0.0033922256595523836
256,-0.001439081373391049,-0.009685976869883872
256,-0.039477018713032164,-0.046874891250344164
256,-0.0469155617734921,-0.053958762583349695
256,0.03964860035215373,0.0317275374477089
256,0.014607080125753402,0.0067857763176324415
256,-0.05164514369368395,-0.05913543858499015
256,0.055587898812929415,0.046734429334950145
256,0.049729987983992585,0.04173937414724954
256,-0.008657236741004437,-0.016103640634389904
256,-0.015073731531519252,-0.02395313293003115
256,-0.004494741501334165,-0.009329162897895982
256,0.032343059984298816,0.025518594917445292
256,-0.023478111887327013,-0.03099571749993807
256,-0.007241317526112678,-0.014101052983409135
256,-0.02295745160225654,-0.03389546197540494
256,-0.016060686520823486,-0.025513284867564046
256,0.07570785369066874,0.06696546305720552
256,-0.0040964829855655305,-0.013874326976993201
256,-0.01515762985124175,-0.020717360890239567
256,-0.001955949497902898,-0.010137923497368528
256,-0.01537445666612458,-0.02361906488753046
256,-0.06557184421326778,-0.07156241636919142
256,0.020683762801795125,0.015196947950990747
256,-0.03604118216664087,-0.04364913063991538
256,-0.07492458354115505,-0.08156879663557243
256,0.09475931944617594,0.08767589626204236
256,0.004836114891952126,-0.0025420736213211392
256,0.02125056804791642,0.014992041460960004
256,0.010871122822796397,0.0030309638580777176
256,0.008114230536681644,-0.0011180358506368004
256,-0.10731220491746818,-0.11401797194023638
256,-0.06960409387000832,-0.07836024469719721
256,0.05302328292331909,0.04615196908554159
256,-0.038078493789067414,-0.04283747815096378
256,0.06784789355539717,0.059602943089076654
256,0.06619773160400672,0.05827391985082675
256,0.0471175763093582,0.041232632259065205
256,-0.03722035829695847,-0.04527557158656348
256,-0.017814623268634477,-0.02545651228318896
256,0.08937082751681363,0.08081463218173784
256,0.013017538078614721,0.005566718797132941
256,-0.09492125447893024,-0.10046530657527525
256,0.050384453898117465,0.04279440142276841
256,0.08456773295194736,0.07871624706373609
256,0.06052235308109982,0.053411426805101525
256,0.026317743946397354,0.020142434925970065
256,0.03246733796466539,0.0229796940663185
256,0.037245320846461705,0.02952858973966055
256,0.03466268753442292,0.029035035862778114
256,-0.009486760234387992,-0.0173710197211272
256,0.034468774420488624,0.026344782006124
256,-0.15601098689989595,-0.16168345522162242
256,0.04968117470049371,0.04310073312325313
256,0.026530179891330663,0.018148086339605463
256,-0.011764267842757359,-0.017793119994122586
256,0.04262163520423673,0.0340055198047034
256,0.00996329743524138,0.0020571543029818673
256,0.09519786211624176,0.08831404742026988
256,-0.0356500798904012,-0.04259958098559158
256,-0.003348093112486905,-0.011615275037704764
256,0.07316054180506937,0.06630606214250939
256,0.024081954336070688,0.017234347994497023
256,0.16127419727959574,0.15381343807982323
256,0.024452810105701828,0.01416322694097355
256,-0.06202658506743819,-0.06795843172178068
256,-0.04188249180695369,-0.04932742180601746
256,-0.026670761468207904,-0.03508123290443382
256,0.0113822593339038,0.00393870632175064
256,-0.027578554913819386,-0.03620409379023226
256,-0.028259706564539466,-0.03553716350391806
256,-0.022953582102701264,-0.031559566997893806
256,0.006692041163125884,-0.00010651051830085079
256,0.046545786701402636,0.039062777560065653
256,-0.03625471376786327,-0.04450840965867242
256,-0.09022299906190145,-0.09629984342677822
256,-0.04710592042380135,-0.05368958722534534
256,0.06745451052196177,0.05939800724557681
256,0.027050625846924303,0.02078632953779902
256,0.0007237789849333653,-0.006385238290910589
256,-0.05079923669212083,-0.05837638159808739
256,0.00891899106016103,0.00106214493464446
256,0.06763783243463345,0.06030311723064141
256,-0.13698473668279287,-0.14380234363031424
256,0.029171498775243776,0.02395379108606971
256,0.019434797399409343,0.012587919849161244
256,0.011050989587714222,0.004111229145418727
256,0.057395887699638826,0.052095140484580416
256,-0.039183348993870604,-0.04404885826996474
256,-0.01928946182140162,-0.026319416567026355
256,-0.004307029718361666,-0.01034781683636704
256,0.07376331245829532,0.06674629210504124
256,0.06745911074212102,0.059894707643287304
256,-0.037781787037617254,-0.045478004949711104
256,-0.045031451625713814,-0.05111573921260448
256,-0.021406013820904513,-0.027737423233705594
256,-0.018964226085451452,-0.027931016484798177
256,0.011666725850949133,0.0048462399225213115
256,-0.0760216881294673,-0.08295353849291881
256,0.09436816675377663,0.08692400298059194
256,0.049711005401205544,0.04312614357956229
256,-0.06918194502054387,-0.07450208125436586
256,-0.06569796413498885,-0.07614586534700568
256,0.02874079317345818,0.022160842995159524
256,-0.031731990033594615,-0.03715302416973004
256,0.044958063007046134,0.03865383569149994
256,0.008908495442427555,0.0012084032527174826
256,0.015643922763776297,0.008422486466925727
256,0.06991347845427814,0.06142943642817217
256,-0.028695247326957718,-0.034199658835986246
256,-0.043372151406214754,-0.04914013527431521
256,-0.006076249598071459,-0.01584668398123651
256,-0.01247804170815453,-0.02079039208964989
256,0.08187606540819087,0.07604951193612486
256,0.07560455383585479,0.0704524811104536
256,0.04920779500724487,0.041532572727298656
256,0.0047911281859303045,-0.0009329519691669841
256,0.01870781002310956,0.013506062049969292
256,0.07272601474031598,0.06548377235686859
256,0.018216145207379575,0.008684419747694738
256,-0.026674471077290707,-0.033301430562143075
256,0.017482802276832188,0.011806902335312841
256,-0.0206865888532059,-0.02769281506742821
256,0.06479525433074856,0.056962223381526955
256,0.10013481286811937,0.09300998114798426
256,-0.01644662450439266,-0.023635973110989195
256,0.008579813666186598,0.0024511565895339316
256,0.04158420179907735,0.035673020474524864
256,0.06435048430137158,0.05819633833307353
256,0.033390419014828254,0.026048629560846803
256,0.09493197734302622,0.08842187895943016
256,-0.02139220488113508,-0.027428145418793903
256,0.13246287813993457,0.12469431805927739
256,-0.04010629233822094,-0.04765602245288336
256,0.0682532087392046,0.06305659595340529
256,-0.0673807535132388,-0.07489427031723628
256,-0.014467904409112997,-0.0234533141547833
256,-0.01595836224435465,-0.023745263905004255
256,-0.016332949199506896,-0.025095953898879753
256,0.03587701171704205,0.030971993725189884
256,-0.022855841385770348,-0.03031067821100586
256,0.02040564528326072,0.01216086730516619
256,0.07136919214515697,0.06333860848613077
256,0.02668729124354985,0.021493807334532877
256,0.09563661983821353,0.0893990695592844
256,0.04959317180773504,0.04191733767834538
256,-0.025023641776272088,-0.02960680859105541
256,0.043411910643641194,0.03607615989528373
256,-0.08557227959940028,-0.09186182030105039
256,0.13371403443621016,0.12663464603302405
256,0.027851196380961396,0.020224423209556752
256,0.09497778172387888,0.08633218894629452
256,0.053950555138116474,0.04838322422327146
256,-0.028985763893075722,-0.03553068894044936
256,-0.017794808227239944,-0.02577060128743386
256,-0.029672843345392164,-0.03463242698444302
256,0.03202893428199849,0.024952936679087823
256,0.03699431490223676,0.03060761217025998
256,0.059479051518366466,0.050313578580956364
256,-0.07915775358023786,-0.08905848136377637
256,0.105457198718449,0.0993094502131932
256,0.06095169733509509,0.05347966694656592
256,0.0792028522265843,0.07119520678796526
256,0.07589182184158205,0.07019917123817371
256,-0.0468114247132243,-0.055190448450516794
256,-0.07635590237504236,-0.08343820151699982
256,-0.058915999571927,-0.06425209446134822
256,-0.02691982400726267,-0.032009153212227526
256,-0.02380788020799407,-0.029833321237392407
256,0.030595826694657713,0.024647733023071494
256,-0.0474638770992572,-0.054114027546677046
256,0.10378638535327495,0.0980700233956256
256,-0.004934965920348644,-0.011578093654169563
256,0.08386433120614373,0.0774419560705833
256,0.016180411570453024,0.00922575842276302
256,0.08310568808612212,0.07580861419834001
256,0.024788595457215623,0.017114094827371973
256,0.028849584469992584,0.01995587621557804
256,-0.01579387182747677,-0.02407585749808905
256,0.04443675089290927,0.038076203915965945
256,-0.010026173620077239,-0.017926698433343324
256,0.057986807117257566,0.04989900198404973
256,-0.029009662485440568,-0.036683994943864484
256,-0.04917040529971639,-0.055349382214956944
256,-0.04157217290734877,-0.04933023347068877
256,-0.059284268307356836,-0.06752147420112548
256,0.04820073247722867,0.03994943241343024
256,0.02279380543291104,0.014376562692230921
256,-0.03128484914508245,-0.03938244308049149
256,0.10270871365753337,0.0958907542400585
256,0.01671841881907965,0.007306001376684468
256,-0.06050815481210603,-0.06822783871935573
256,0.07621486913950998,0.06920839748188168
256,-0.014337551519794933,-0.020316667554775625
256,-0.03704934355855133,-0.04270411918908101
256,-0.0029013001255027704,-0.008738968500000499
256,-0.049537249998168775,-0.056063450122182
256,-0.021870721636576773,-0.02919694977222642
256,-0.07013617282779688,-0.07688827558541328
256,-0.11342528242326688,-0.12434529198143296
256,-0.004516397777398595,-0.01214688483799281
256,0.0068932729171452545,-0.0012522153439782358
256,-0.004893971531998109,-0.011522442308753877
256,-0.003045325018412759,-0.008156396150467926
256,0.030029667883357203,0.02328464528398233
256,0.10429635003359744,0.09654975074862154
512,-0.07906301603512594,-0.08177428922983077
512,0.023193293316356667,0.019215434336572745
512,0.05380900792051885,0.050234697412978147
512,-0.01978761014107383,-0.023715854297458927
512,-0.0357597848613449,-0.03946893849184996
512,-0.0053141241269862305,-0.009302767660794298
512,0.00866249100646821,0.005272115059024585
512,-0.01866194865326809,-0.022544699066386897
512,0.0230764743662365,0.019359943532959778
512,-0.003568107546686128,-0.007861326150172099
512,-0.010665617621645529,-0.014162694787617669
512,0.033658242426719165,0.03114033575586944
512,-0.042059195177047703,-0.04504100635311392
512,0.044867340803702194,0.04205977703384617
512,0.02097081980160853,0.01769071194748123
512,-0.002574725134705247,-0.005684899207416549
512,-5.8773225911135096e-05,-0.0033205068431891305
512,-0.0052767520622944986,-0.00883958321721795
512,-0.00896305415775489,-0.012035325982634626
512,-0.02026381840112601,-0.02317368145113069
512,0.030839170413369754,0.02705643697171406
512,0.0004532982218808379,-0.004567517271083066
512,-0.0031474938032668986,-0.006984231812205699
512,0.004719515996390089,0.0017964147364259997
512,0.04802652929271661,0.044226698397855424
512,-0.007584403811844054,-0.010894510633088217
512,-0.006753104708917768,-0.009806220195350102
512,0.07614664627750783,0.07139161084147766
512,0.033718611286627787,0.030872553503105304
512,-0.016089849576638615,-0.020417838073132022
512,-0.01805758570214422,-0.02227758448550904
512,0.031218032491404424,0.028029214603451702
512,-0.011475310907002989,-0.014345210714694245
512,-0.061442637112422316,-0.06415841979461284
512,0.03591446904507939,0.03205860287727036
512,0.0018006586803713254,-0.001178250084014676
512,0.015670495854328115,0.011782408264566502
512,0.038393731975525924,0.034040390281326605
512,-0.011031828145062816,-0.015171153135271342
512,0.04791863623846532,0.044720751220027166
512,-0.028651210720705755,-0.033661300632778834
512,0.009673907925945802,0.005678011657865745
512,0.010452497862891541,0.006456059003727699
512,0.08714309233612622,0.08407148461894237
512,-0.0032229260873987142,-0.007190393149370755
512,0.0724280670935823,0.06835207636821372
512,-0.021268153706094528,-0.024732729807595222
512,-0.04939225883439957,-0.05183757901279912
512,0.051122167488979686,0.048159845588413575
512,-0.006729667086271207,-0.01079519570418025
512,-0.00035052112705735716,-0.004113139970907287
512,0.01155153352819438,0.008068635764322596
512,-0.015421171151214552,-0.018137513223500323
512,-0.02375240194947531,-0.026842467711822582
512,0.04299282198789922,0.03924109681387511
512,0.0283780865405599,0.024865483057353144
512,0.018580101292157314,0.01342000693861356
512,-0.013981873700784075,-0.018342252857596386
512,-0.032002052904482936,-0.03496492951839841
512,-0.018409623873830328,-0.02149933237065127
512,-0.005042728846815614,-0.008594902082278144
512,-0.04530784283779843,-0.04953342292013213
512,0.03032256385284221,0.027255799469958097
512,-0.0005416224695936056,-0.004627886641559109
512,-0.0213863126959542,-0.024962718404632656
512,-0.034865554194159265,-0.03863824552209699
512,-0.0666645691492686,-0.0703808906589965
512,-0.0006079416509199298,-0.005018714269806601
512,0.05421956848731818,0.05077999003098027
512,-0.012505959007614198,-0.014413881667989958
512,-0.01093630571789983,-0.01661104068754693
512,-0.06272789135111473,-0.06472771994049042
512,-0.03183722601284977,-0.03494653086147148
512,-0.025666593462549125,-0.02883939005261349
512,-0.023365726083244942,-0.02636643195008026
512,-0.016034761819847476,-0.019907572561150833
512,0.000584445468910566,-0.0020448968809584356
512,-0.06345527082597285,-0.06700417487364924
512,-0.03718204646757689,-0.03951329351777266
512,-0.06143842883826561,-0.06525730274596553
512,0.004557132293475374,0.0004269949595406275
512,0.1299264427822437,0.1262073683540536
512,0.017118175403490976,0.012908487874736474
512,0.07838129315201042,0.07410590387456967
512,-0.04612686510574587,-0.049174238819089666
512,0.08529443468548065,0.08218130075098345
512,-0.0015234803259954188,-0.004822842211651579
512,0.013220532580464073,0.010113691359665222
512,-0.01804767857739953,-0.0212454871652083
512,-0.0009860508192661155,-0.003636895201840018
512,0.012604072144469625,0.008164309831779015
512,-0.021378470782841663,-0.024674078860356607
512,0.023017013974504452,0.01889829220036776
512,0.0029949502901120417,-0.0021719121130769903
512,-0.00851430931098307,-0.011224696568294279
512,-0.0538698311969838,-0.05763250519586682
512,0.002992755185639462,-0.00030358301535210463
512,0.04113902619929183,0.03725344163573957
512,-0.00625880421203423,-0.009473038663163125
512,-0.02069791009795352,-0.02410717590151018
512,-0.03357355679975016,-0.03681425160607099
512,0.006951634953940078,0.004158537695145681
512,-0.029302331183669816,-0.03345972415747411
512,-0.1214534084317182,-0.12463413907180465
512,-0.051768975801013306,-0.0556967916462226
512,0.00036197741933785554,-0.0031554222771141838
512,0.000933947351122455,-0.0026629385216742074
512,0.061233967632979724,0.05776730585032125
512,-0.06638326139873141,-0.07057653343126952
512,0.04963078037908347,0.04510073346193216
512,-0.04920014965283326,-0.051887688671214294
512,0.04960941418045073,0.04594761770067829
512,-0.015219569416958068,-0.01949319769386204
512,0.06500226944316029,0.06145331370114954
512,-0.012169674972698219,-0.01648613773140667
512,-0.03762913640787291,-0.04192151445574105
512,-0.05483059167270121,-0.05955847184792212
512,0.016805821959335665,0.012928751493256285
512,0.0501592556911038,0.04662598616228686
512,0.04837569707040146,0.044051016139141363
512,-0.060863080460560104,-0.0639690049212226
512,0.013788766287128607,0.009949770970162808
512,0.09770382136315886,0.09510171691952335
512,0.008182467227898005,0.004369708239598646
512,0.04681530894310554,0.04405299731082318
512,-0.034981772882512585,-0.038736349750930654
512,-0.08022252650750095,-0.08430207989243305
512,0.014916238796198189,0.011372415357335408
512,-0.020814935683253488,-0.024187280610039497
512,-0.06185045617020768,-0.06515753322444784
512,0.048496292422836706,0.04484902865655149
512,-0.022644588794203946,-0.025898989579277054
512,-0.025962946198062165,-0.02973320808946084
512,-0.00932447075690479,-0.012807004192512184
512,0.01888121624773803,0.01459701153223475
512,0.01904299888452704,0.01589023988681798
512,-0.04864168351810988,-0.0526482632400761
512,-0.00949291134732877,-0.012992636245236944
512,0.01278311935867471,0.009090859818618235
512,0.07449115990750688,0.07116380277519097
512,-0.036977391831419015,-0.04019527370674281
512,0.0589585033366245,0.05516722119348122
512,-0.015467654372172901,-0.018136309562326813
512,0.04151608061973211,0.03819068090338984
512,-0.05433540762007616,-0.05782024654068357
512,-0.0009498887035387926,-0.004484545897477765
512,0.028011212355441906,0.024520982161024885
512,0.03518490717234207,0.030862495725234862
512,-0.03635326368372649,-0.038981296501610696
512,-0.006225904965934226,-0.009461121312868248
512,-0.0702318420001376,-0.07412900604819339
512,0.026980736259645532,0.022622176526370996
512,-0.02101958913552926,-0.024191755703870943
512,0.06637382217735555,0.06297210324394664
512,-0.05060744589403465,-0.055091790403259566
512,-0.0665333144693776,-0.06937431676487543
512,0.0001099930601509147,-0.0026815762804303644
512,0.002442830976849164,-0.0008248956832256349
512,-0.013072783555894418,-0.016877134920618486
512,0.006841732508238385,0.0036186546028123545
512,0.014303492430948861,0.010922711926511564
512,-0.0036620948729293445,-0.007631340268002829
512,0.001425409495216634,-0.0014224868968176207
512,-0.009655282656023612,-0.013630892543783468
512,-0.0007037384786512946,-0.004278344385600874
512,0.041012601748688426,0.03846987413164871
512,0.0018044200427693724,-0.0008363267105057082
512,-0.023838201031011863,-0.02659406156019567
512,-0.01525581416105698,-0.018131120446067017
512,0.033353391989481784,0.029044282100713414
512,-0.019863082087290374,-0.023889935579256838
512,-0.044975279378987876,-0.04836156986010132
512,-0.03670350377095705,-0.040346495260735804
512,-0.00044004905884892365,-0.004482444818080411
512,0.04463530387046716,0.04154591437301752
512,-0.05502808311704516,-0.05889413340004657
512,-0.02911298725593614,-0.03313857090237998
512,0.08744103927772612,0.08344196996989922
512,0.032858410917365743,0.030616591719021924
512,0.03045538252410912,0.027433404849507237
512,-0.01268166544604643,-0.015596711857730261
512,0.02299498975297637,0.02017804078053731
512,-0.02795403416629111,-0.032251320759734414
512,0.023386941973115805,0.019673713824909178
512,0.024089894886074492,0.019896388432664003
512,0.050520377211312584,0.04741873020174331
512,0.07156407771400713,0.06794567965212323
512,0.04301616598766872,0.03985770085184792
512,-0.020026457372615047,-0.024740490907941448
512,-0.04071773275188717,-0.04379521392098473
512,0.038759765002973956,0.034377998760440065
512,-0.006173827500886353,-0.009681360813550366
512,0.010517578836958752,0.006819642875377674
512,0.01784589661867725,0.014727304658827156
512,0.013350201962196384,0.010461276303370792
512,0.026682852642018973,0.02238477101620917
512,-0.050400154684505205,-0.05433396632990578
512,0.009300458177163462,0.00551150945487805
512,-0.09017546566910867,-0.09483447852178645
512,-0.033166880052224346,-0.03720207570063905
512,0.0218873613423885,0.017431097332885837
512,0.023238169726042368,0.020307211641538703
512,0.04298215696894314,0.039399014402259624
512,-0.006568237557435019,-0.009122527670840597
512,-0.025501632327096513,-0.028418568818864787
512,-0.0018732143357231834,-0.004566821343133798
512,0.007349591764965746,0.0030733627094847726
512,0.03367598544872269,0.02925394768657258
512,0.03471321507516334,0.030070666175064875
512,-0.025583090975449863,-0.028621125439694917
512,-0.003577176587825859,-0.008878564286697088
512,-0.006263956150295347,-0.009768831364437736
512,-0.05456583984905988,-0.05742404707485099
512,0.08987580969614833,0.08675070460215367
512,-0.00639236421094358,-0.010306034996695301
512,-0.027708136416711215,-0.030942246105535087
512,-0.019767002951871948,-0.023358917190913653
512,0.04615141104396853,0.04260383317811611
512,0.037434050534888796,0.034498086541670026
512,-0.01195736954091775,-0.014918581852194024
512,0.005731557023829104,0.0023199694494311363
512,0.036122452769170754,0.03347882026443216
512,0.045320306539502364,0.04134249277933799
512,-0.06482148328432957,-0.06799588600012207
512,-0.06500105464731687,-0.06888184416890925
512,-0.011248190927256208,-0.015016933720012282
512,0.01502606309428034,0.011545863023003533
512,-0.04808626995490345,-0.050975520599143176
512,0.01835057311986804,0.014756288969679288
512,-0.018940631132918606,-0.022322632611425586
512,-0.00917866838340814,-0.013416401819990598
512,0.00019557536762665473,-0.0033870137813061807
512,-0.06431212264498376,-0.06732588074151497
512,-0.01348757310863008,-0.016529107763515516
512,0.0034477639948509164,0.0008527524704439182
512,0.004478277243479545,0.0020420349087469924
512,-0.03932295057480073,-0.04335977902309035
512,-0.032924920810828484,-0.03707255708409024
512,-0.005015465234391725,-0.008875681056351392
512,-0.04294992372393902,-0.04569357994716722
512,0.055295153490627746,0.051439028191366754
512,-0.03477187055541209,-0.03934083493547802
512,0.0263629638596094,0.023189368645602504
512,-0.01518367214678612,-0.01878079566608687
512,0.023698120053525396,0.019670362326941138
512,-0.006206238512015572,-0.009068816180399342
512,-0.019678302606640996,-0.024322019422658547
512,0.06243147061918797,0.05819640715189822
512,0.03493655177821042,0.03163130060257752
512,0.0325823735090186,0.02953737123561989
512,0.031283731411750226,0.026345369928054474
512,-0.01982039609195463,-0.023321060807327376
512,0.029938566746648132,0.027364701178109796
512,0.03962133775633353,0.03607364060489793
512,0.009785679736426633,0.007119034683529701
512,0.048098171934000955,0.045123541007205004
512,0.04347018305604805,0.041158082993483336
512,0.08457236828508335,0.08151641386453296
512,0.025907962516037775,0.02242548766343555
512,0.027762054171570072,0.0234598782721967
512,0.05777452768618835,0.0538214389467927
512,0.03963151614509475,0.034567008313464154
512,0.04545841669996614,0.04255230287421419
512,0.025172734375244032,0.02083828594468723
512,0.019147385490397795,0.015540117936538533
512,-0.02528792788373274,-0.029498173075556633
512,0.02484825420503689,0.021856643873321813
512,0.017937077350925645,0.01466684813766056
512,0.016079761785378843,0.01254942966889111
512,0.030769595460449328,0.026355745954183274
512,0.015321047805171017,0.011995461270684682
512,0.03239086872943936,0.0290826417067529
512,-0.004858021046573735,-0.008786584155141053
512,-0.0054104806908691905,-0.008774161267148639
512,0.012360508774046264,0.009153499941839782
512,0.004937370660710427,0.00221131962749882
512,0.061142760954557285,0.05865889631074622
512,0.007054250214815927,0.003792679341223515
512,0.022050135894329137,0.018098728050765955
512,0.020235532124952715,0.01743362395830811
512,0.010785223645776998,0.00691420572994994
512,0.039501208725423786,0.0370122945492265
512,-0.023254919043241284,-0.02609976292674815
512,0.0629519948450658,0.05991074889869108
512,0.023089094202965343,0.020617727635531324
512,-0.027634095153224847,-0.030623094218941105
512,0.002286766542407781,-0.001672339323831984
512,0.016344071096857538,0.012750254170287023
512,-0.05420742270217843,-0.05706165522702655
512,-0.022551222475978183,-0.026151804571706683
512,0.04828854684978079,0.04517281091097214
512,0.0162386118618027,0.012647674734815428
512,-0.02885605596904056,-0.03319072551005264
512,0.03031093744069463,0.026673203768636078
512,0.016235905313705834,0.013312425688611351
512,0.036103394511362186,0.03228333196623612
512,0.024936493495550605,0.02104112645944728
512,0.0510491615587752,0.04742221251389139
512,-0.04040952186162422,-0.04446995535783804
512,0.06409106535075854,0.05915979856342529
512,-0.017847239576471108,-0.021975059658263185
512,0.06354069668556167,0.06001289139791394
512,-0.049348879956440106,-0.052679285658676855
512,0.03175595826211647,0.028768002762225908
512,-0.04225600509685862,-0.046120790242106136
512,-0.04335195142046816,-0.047295391673231824
512,0.01717464447889583,0.013580295593640324
512,-0.06324636563483804,-0.0663118857612029
512,-0.014693774421191408,-0.017938259967023862
512,0.0009097941634066409,-0.0014171107565584262
512,-0.015522920120426664,-0.01892362481420362
512,-0.04672810080677148,-0.05020600304448802
512,-0.05646542215029249,-0.05998956078318923
512,0.05816518179745572,0.054421282060698795
512,0.06285610442295808,0.05934182907323682
512,-0.008623885762815808,-0.011458803277038021
512,0.06784038291939487,0.06419003210517987
512,0.06050070864402729,0.05704897198665454
512,0.03467730926800572,0.03060620557817817
512,-0.04257150823628009,-0.04634126461227811
512,0.05287410146733079,0.0484200559188232
512,-0.004666537484323441,-0.007613924327721178
512,-0.038365241356339896,-0.042836327547845165
512,-0.001395301853515385,-0.005614593199795015
512,-0.009563063239319325,-0.012665146067919353
512,-0.02584796606868417,-0.02897959397387917
512,-0.04159213172805243,-0.04449417038209563
512,0.019421107240412294,0.01684351851756616
512,0.05242124726732594,0.04866953864629431
512,0.07383114020071962,0.07058569942511267
512,-0.03049592289465536,-0.03356140797314783
512,0.018868054085642905,0.014842588026961534
512,0.02297602865574816,0.01937943863746877
512,0.013132575420736259,0.010015241158597588
512,-0.026473131185350773,-0.030085454539403422
512,-0.020407820520806252,-0.02312443132971731
512,0.009616358066887265,0.006079062645507449
512,0.01883272199916114,0.014677516980087124
512,-0.02769051625658009,-0.030108971823624042
512,0.01844283777006428,0.014132232305987757
512,0.013139666237454106,0.009040250079644763
512,0.0071468542888757924,0.00420285462351333
512,0.02534273158684147,0.020558058421718484
512,0.01984947396472847,0.016234400218260503
512,0.023372249566992964,0.020440600077273108
512,0.06683783843377572,0.06400045717921793
512,-0.010855552027017157,-0.01343492038154992
512,0.0060579951590939984,0.002317937327899977
512,-0.006631808271317929,-0.010031052295085163
512,0.04568938385501409,0.04200350014121451
512,0.023636247125777443,0.019327442687183338
512,0.01577670703075368,0.011658984468978895
512,0.005020270940064686,0.001367554213900446
512,0.05205547964266827,0.04839638142064395
512,0.03881167619216197,0.03605397682165351
512,0.01168987481437267,0.008375375421916353
512,0.004822753740084507,0.0009607427165633231
512,-0.027544804603131523,-0.03145297040450784
512,0.00546809451972563,0.0015985853308416176
512,-0.04699332237187598,-0.050853150521078194
512,-0.004104772429699588,-0.00739782742901135
512,-0.03821933574597325,-0.04228095012169608
512,-0.01875416103430383,-0.022075747000560253
512,-0.027289630331162384,-0.030175529172962345
512,-0.0038989951380384857,-0.00818093652533236
512,0.033658062249918685,0.028778500879997726
512,-0.05260419761074364,-0.05493954752778962
512,0.10718850585556655,0.10306524064868833
512,-0.006263747855399904,-0.009775887909609149
512,0.0017504877836732602,-0.0023513582467805105
512,0.006987203490437188,0.002633260794150827
512,-0.005957632359190501,-0.009922222799470415
512,-0.008425280453400907,-0.012027742246033535
512,0.026519474208542226,0.022362292662374883
512,-0.058568184453451355,-0.06230806379244619
512,-0.011107210212071894,-0.0143293180421607
512,-0.027814947174997662,-0.030798561858123075
512,-0.025958400018202654,-0.029233878236920696
512,-0.026657341428451165,-0.029778497973348417
512,0.03916762828082598,0.036397261034069484
512,-0.052615688479706935,-0.056186146014759186
512,-0.0058850798894183876,-0.008769840627538883
512,-0.0240546168558885,-0.027410580470704493
512,0.030502985699625673,0.026743503862364626
512,0.021732175505829232,0.017992035074245127
512,0.01660350454491427,0.013909492251840738
512,0.028029968662039495,0.025046731285708834
512,0.044165203183632595,0.04019364939385389
512,0.05557978486493864,0.05248362688139879
512,0.09133939993370571,0.08769186587047645
512,-0.008636904856234084,-0.01220050311142834
512,0.04249452197183584,0.03904748862858348
512,-0.0007905971056496597,-0.004694507821377536
512,0.03310994151314711,0.030037926413898908
512,0.03763955096960925,0.03502756239711169
512,-0.009584358341355126,-0.012715216113059036
512,0.002848885570506443,-0.0008628136232050609
512,-0.03199951037929716,-0.034125221820797025
512,-0.055273308125018794,-0.05906215588388147
512,-0.02501055266061647,-0.02840752366791438
512,0.030380896911059774,0.026366337521032956
512,-0.011705685724797632,-0.015230542138892189
512,0.07746276342390707,0.07387419449453242
512,-0.029859708964834475,-0.03332989933084374
512,0.07721324355078607,0.07409055706985246
512,-0.03260118498184528,-0.03515316113466438
512,0.010341863100075122,0.00700804653373216
512,-0.014383462535602798,-0.017761081373463494
512,-0.07316399135208967,-0.07750915088194399
512,-0.026728675949129643,-0.030633517509460362
512,-0.0585588781448525,-0.06217334100452693
512,-0.03295387939234268,-0.03618601606530791
512,-0.007031711782243988,-0.010140663121342208
512,0.025758288496241843,0.02246106506822354
512,-0.02255077533203187,-0.02600862494940198
512,-0.020639720267308037,-0.023797908102470178
512,-0.022248451364205557,-0.025602107727018653
512,-0.0027796415535711327,-0.005724543429856954
512,-0.002463956045342608,-0.0064500651878565685
512,-0.05958452229324196,-0.06356307787698628
512,0.024572391196932608,0.020727360229294278
512,-0.004309448157830298,-0.007273080799437226
512,-0.03414355322930551,-0.03766104426322142
512,0.0022035015491297383,-0.0008714299164273576
512,-0.024494384712559547,-0.02758232449419823
512,-0.013187172008552794,-0.016462884301408853
512,0.017292311466696353,0.012930712426265978
512,0.005301353678911602,0.0015512846948114722
512,0.01894182158098101,0.01566693943333297
512,-0.045362312865983356,-0.0478726610085734
512,-0.013614286438570933,-0.018112405421635114
512,-0.024037830233912816,-0.02751306210354959
512,-0.06238391481404443,-0.0655013625588865
512,-0.01806951371640847,-0.02125164204318508
512,0.006455756711803762,0.002652830857233668
512,-0.044690638161178964,-0.048196534828112036
512,0.030615157239619606,0.026618143339836253
512,0.030300944946684782,0.026170570070088273
512,0.01111240886419812,0.007564805751979042
512,0.011663775387754094,0.008106219845746054
512,-0.013595230114231971,-0.01765209447698579
512,0.04414286007434376,0.04080869209099319
512,0.016294911154402125,0.010953491826488693
512,0.021572640596001003,0.0189650904843382
512,-0.05936972322179934,-0.0625148207496124
512,-0.02086170411371374,-0.024569482716416124
512,-0.04636284421334885,-0.04964678930959554
512,-0.009860970911304556,-0.013478894723853496
512,-0.026082846370977686,-0.029453721470783067
512,0.04804733280495088,0.04395606805967234
512,0.0488804205458262,0.04609632776824679
512,-0.019284606587874398,-0.023829559218185803
512,0.08786949298281294,0.08407510906105925
512,-0.008153699411544646,-0.01242409945209677
512,0.10229872355238973,0.09834377108920594
512,-0.040664137198826444,-0.04396564923462054
512,0.043205139474346343,0.03887933315323022
512,0.015103728699029095,0.011806307534011629
512,-0.018524880528665744,-0.02248480172262385
512,-0.009754051369682992,-0.012543818175141608
512,-0.02321520870079652,-0.027101517400833885
512,-0.03698899948098239,-0.04003607373940343
512,-0.020638153469718423,-0.025232801437140462
512,-0.04823751730294301,-0.05190446407798027
512,0.0023584247527251856,-0.001128719097348907
512,-0.018405339632240725,-0.022291174574358752
512,0.05638443610737298,0.05370471364779145
512,0.017611172393758368,0.013648377822745805
512,-0.001519202960908017,-0.005600328000429922
512,0.08403425334870557,0.0795335107683201
512,-0.03901522201494362,-0.042118497494037954
512,0.024946896900091498,0.021325907531096866
512,0.028838351547173235,0.025603020847604963
512,0.015226229991883555,0.01179851715945096
512,-0.04237658455033683,-0.04586719191499311
512,-0.00316880465885222,-0.007595617778407948
512,-0.0062134795538317245,-0.009018970790135916
512,0.030000624799726427,0.02654304840704419
512,0.04471363661601868,0.039968050401389454
512,-0.0644308239462385,-0.06818315708182338
512,0.054211981319246816,0.05012361173406332
512,-0.016796355714584876,-0.020340170272063196
512,-0.07611969808384328,-0.0807375700302716
512,0.042392769471345015,0.039182177264706186
512,-0.028600569547034327,-0.03196888437071915
512,0.06554344085715019,0.061715275240616485
512,0.02579817737474377,0.022745333950107582
512,0.05201070128431151,0.0469990127475593
512,0.020248935161986947,0.016226486806805884
512,-0.0014861753753648843,-0.004973382641700441
512,0.026877769318382205,0.02283761737315576
512,0.045893842270945284,0.042497840121045904
512,-0.005293158454184321,-0.009496316944484773
512,-0.06204236006681346,-0.06589721390578152
512,0.07444858841222107,0.07202320782478183
512,0.04002074919621984,0.03708286479073192
512,-0.01523481043157926,-0.01894130903908131
512,-0.025432636488992744,-0.02720812482754864
512,0.014222111298305251,0.011308294164103005
512,0.03975600259476364,0.036601270601303804
512,-0.06341057359677732,-0.06687064370872337
512,-0.03535246339011616,-0.03834836650201212
512,0.015809931099255603,0.011970883768180063
512,-0.05320934808576755,-0.0565281575978131
512,0.04066907475132964,0.03682517841638444
512,0.04915328442327754,0.04551646429284889
512,0.04069988285823428,0.036735114316624795
512,-0.015086019263684969,-0.01843091090941168
512,-0.006620859930475176,-0.010059612855946198
512,0.015893399103846573,0.012537362956074383
512,-0.0244664030099907,-0.028587900241464625
512,0.0051361858033776575,0.002268330892174819
512,-0.05684399957509073,-0.06033839063710078
512,0.009747828055858054,0.006258431838660317
512,-0.039887720473010424,-0.042949739782153606
512,-0.0064742347999610095,-0.009384440854717235
512,0.050548562429198696,0.04647553459580972
512,-0.013646618959727408,-0.016774664019248597
512,-0.008043675529585126,-0.011324248669587311
512,-0.011623268190131986,-0.01611662411831799
512,0.005698021525971542,0.0012250227168699168
512,-0.06512831739088853,-0.0686529405485577
512,-0.017407037729846975,-0.021833640898883788
512,0.012804040534065197,0.008205185148530025
512,-0.031125577945052108,-0.03508817674905779
512,-0.026264243700437395,-0.029385114392658396
512,-0.015342096260006821,-0.019881422338837995
512,0.061735291173606044,0.05855378294157282
512,0.03195557953667216,0.02796262285149581
512,0.1017353462918073,0.09807065859993108
512,-0.019876346776795506,-0.023209677397433126
512,-0.05960765254920314,-0.06354726233755215
512,0.024236712640236857,0.019769955893035596
512,0.05810883943191486,0.05500410491741964
512,0.02360273015583436,0.01972868556274754
512,-0.019393585941868074,-0.023248121985678882
512,-0.011772014640056061,-0.015009561617332134
512,0.018482251172736275,0.015232764263495957
512,-0.009246137100443808,-0.011511351656666113
512,0.09556221531679637,0.09180836278905519
512,-0.012716968615839042,-0.01699157748711766
512,-0.01921360911916198,-0.02236634003525667
512,-0.03841839469819158,-0.04207706896977864
512,-0.046423554955778545,-0.04990684045039184
512,-0.015724951223700212,-0.018584266330173127
512,-0.005262495846797333,-0.009550472178866565
512,0.026560536784674904,0.0238887701175185
512,0.03742429275205933,0.03404443012191194
512,0.02916858245640236,0.025636690460708877
512,0.028215960627255454,0.024245185992556983
512,0.012720633253599789,0.009527210408942666
512,0.038946513008698225,0.03633550789632872
512,-0.01792584514637563,-0.02131399360006392
512,0.07129489176736864,0.06672712629399014
512,0.014941284506378882,0.011107384500738227
512,-0.0515567005075388,-0.0543563840201054
512,-0.0251850734033775,-0.027841401838015978
512,-0.014797590012907702,-0.018539230478300084
512,-0.01017842591357715,-0.013665328463155269
512,-0.036763482433365635,-0.03919708760627827
512,0.011914937732847242,0.00902893085080192
512,0.003553846120243731,0.0004520088227339403
512,0.032297575828882485,0.028442451173547934
512,0.021216481299221213,0.017541566852773194
512,-0.06151486140624329,-0.0645718192616549
512,-0.0060076632140630415,-0.008758526077835171
512,-0.0053409520933236365,-0.009848624483882573
512,-0.04187897507966337,-0.04597949210395874
512,-0.0002604923873223419,-0.003138708757380204
512,-0.01974616741233315,-0.02312034481213676
512,0.010313897451415699,0.005871866445125662
512,-0.007045070150822341,-0.010429241919721666
512,-0.010256019019739493,-0.013635824755462655
512,0.0007509271131181383,-0.002218148021870592
512,0.0038788343165754857,0.0019138339877322608
512,-0.014563106382401603,-0.018380474848317452
512,0.10051952207845088,0.09648709917707149
512,-0.05636551788642952,-0.05894190435980895
512,-0.029227329502134303,-0.032199440938766366
512,-0.03502296928470777,-0.038769771831936195
512,0.07204627222413856,0.06927171779097757
512,-0.020256849719120784,-0.02359508295044055
512,0.05146355403078495,0.047595433290289146
512,0.01928607908898622,0.015715872838222733
512,0.016811925476660716,0.014079487296244642
512,-0.011139089207862607,-0.01278049906131401
512,-0.06318184628034024,-0.06649658795236124
512,0.021236554992722922,0.016313861417581788
512,0.0330078436568812,0.027860589223792642
512,0.07228519549216644,0.0676972778114594
512,-0.02056105315074458,-0.024443651642850173
512,-0.057320623920548985,-0.06195983285051049
512,0.03136219705547311,0.02775140037083712
512,0.00615475544438393,0.0032021843692448537
512,0.006421688977423123,0.0035511421291069545
512,0.02894218434658341,0.02418758517871472
512,0.07599601924894622,0.07301289283723905
512,0.04053362607472222,0.03618617979359268
512,0.024989026265067438,0.02174757580648251
512,0.018204436800672852,0.015948130617809253
512,0.04271816816446722,0.03933439184790638
512,0.02014537668416433,0.016997231905408527
512,0.011707559769978726,0.007593840933179663
512,0.00794374363988809,0.00487605239667388
512,0.014193409345205799,0.012354645401614128
512,-0.04616702395156713,-0.04953761713761351
512,-0.02283493374611323,-0.02613142588472278
512,-0.005770465121576862,-0.008818057801591062
512,0.009277903218497974,0.006743795263180197
512,0.02932438893950634,0.02609052321534122
512,-0.006319517998329804,-0.010050189486326244
512,-0.03311302705138758,-0.03600286065884761
512,0.02492933659824309,0.021856022128022234
512,0.01846769954099048,0.015198642965724152
512,0.04593070368749136,0.041095343371051085
512,0.05087332995688115,0.047615294342892356
512,-0.06964299169674865,-0.07302866939279351
512,0.05077791561427836,0.046273702576445364
512,-0.038871666377233494,-0.042092431631417515
512,0.07678737295573923,0.07390642556020127
512,0.009428728719824697,0.005679253314238963
512,-0.03425229373938832,-0.03692871133238934
512,-0.0232092652477644,-0.026618277146318314
512,-0.016242410889977632,-0.019156370917357834
512,0.012588520537835157,0.009480848973744349
512,0.017196060671289037,0.012158812141179198
512,0.023925593407585932,0.02086892309812205
512,0.03276459666070963,0.03074348607244226
512,-0.0005605312667353313,-0.005126795946652107
512,0.05802905570369571,0.054550448085391556
512,-0.011513616387997971,-0.016120278440946822
512,0.05194646760492172,0.048835067750453154
512,-0.017279337194007593,-0.02134465310305511
512,-0.04462036328950664,-0.04843672127515314
512,0.003042475825202451,-0.0009404276721807214
512,-0.00932975172948497,-0.013077633232022767
512,0.034076263992586564,0.02953715224152864
512,-0.03053916758312969,-0.03426411902068538
512,0.031175543572171782,0.027752818132647905
512,-0.04423091367833809,-0.04751239103966054
512,0.006205807607384428,0.0038078116031211584
512,0.05390542847805124,0.04978357389817312
512,0.009468844877757177,0.006298898057362834
512,-0.0017496803596677157,-0.00583508702255886
512,-0.05056618826371706,-0.05352170758291375
512,-0.016585029646747462,-0.02053490502475719
512,-0.03187420805906044,-0.035692453698067006
512,-0.054759505986378854,-0.05824633464657286
512,0.0298030062325208,0.026032200418891982
512,0.0044952549391346075,0.001422385143591831
512,-0.06119243239303063,-0.0652200315069193
512,-0.031383396577956135,-0.03505104050253638
512,-0.07578122777204943,-0.07948960416185458
512,0.06537044075141679,0.06172101828479054
512,0.052011945265311055,0.04932957504616492
512,0.007154157749016621,0.004339587001858158
512,0.05687458639321774,0.05408329314399374
512,0.03562745432932646,0.03154937293773419
512,0.012243150039123352,0.008654330798138044
512,-0.007059462673743189,-0.010916793545535874
512,0.025450463197392026,0.02255812634935417
512,0.0077526928799165895,0.003574092580446886
512,-0.0037916668634330186,-0.007142802203837173
512,-0.00776309257803437,-0.011334155942516466
512,-0.05188669306375698,-0.05453749980520478
512,0.0845772551455592,0.08016279492952955
512,-0.019092953105096344,-0.023513057315889263
512,-0.016479258592689117,-0.019860852588106326
512,-0.027655097323394384,-0.03061657150309599
512,0.015907355522530586,0.012128837349852817
512,0.046887879253202425,0.043595681800103425
512,0.07505126697471337,0.07036930924666485
512,0.016325582131417438,0.013154886142600075
512,-0.00415077587580337,-0.00755156337209778
512,-0.02943957574463263,-0.03264348807030476
512,-0.05881213889389092,-0.061975226166270436
512,0.03433346606291088,0.03008880865727709
512,-0.027126579150491492,-0.029978390539290856
512,0.005599483684204654,0.0020006955971828555
512,-0.0023106353778913347,-0.0059001559693889205
512,-0.0024797209178920587,-0.0045671968790346185
512,0.02300747116261237,0.019965736935889045
512,-0.015631343818916177,-0.018991182619094882
512,-0.022264509297402313,-0.02612777615394829
512,0.0723189747033599,0.0700140965668345
512,-0.06058858477484247,-0.06421980721555881
512,-0.028035872703770837,-0.03161461398916299
512,-0.01675249416943486,-0.01915660165283134
512,0.01955527480451741,0.015789656963898058
512,0.026198280494062254,0.02214217812691066
512,-0.04794710595167412,-0.05136973602827316
512,0.03152291400123225,0.028355834850460393
512,0.0027441181330747355,0.0002383667223146979
512,0.005966311602123131,0.0032022165345634845
512,0.05927359654835862,0.056820309322723195
512,0.027073427686716722,0.023832306969757355
512,0.0128534849482978,0.00955494687498476
512,0.03761325981111446,0.032591544393917204
512,0.01915992800328009,0.01720355531214801
512,-0.06376333310813381,-0.06671536827961522
512,-0.0016548999585359048,-0.0053203920043101705
512,0.01782218413985448,0.01326185461761209
512,-0.008387244390110515,-0.011698019571631135
512,0.07151996532044269,0.06774199452382401
512,-0.07186192035362193,-0.07414489400345536
512,0.046272648628080226,0.04323643798807425
512,-0.009739556142839223,-0.013835655654916512
512,0.019472797845176915,0.01467754539878352
512,0.0033982806465014392,0.0003690228655302552
512,-0.006131492614607992,-0.008705841715917706
512,-0.03416603650674671,-0.03674713221155845
512,-0.026563435728180262,-0.02933653296499139
512,0.027755215872537375,0.023721787830337515
512,0.018666341582508406,0.015679203658344465
512,-0.04545366999078332,-0.04816807820096419
512,0.015286888829400824,0.010845299885173354
512,0.029598690595332156,0.025648660847561677
512,-0.029844695152803136,-0.03328950665583874
512,-0.013831831381389381,-0.01767757958545374
512,-0.0011331083619525173,-0.00461948893036318
512,-0.04255504108644953,-0.04639185722354677
512,-0.018069664981849753,-0.020628210500914068
512,0.03885973848389068,0.035814202359993
512,-0.01577665704771325,-0.017352613155287966
512,-0.03889850352501717,-0.04274029610949592
512,0.029581820166377004,0.026981669451203283
512,0.024227064255891717,0.021170450782995454
512,-0.020238409962805237,-0.02366213471378459
512,-0.025329934542777766,-0.028726730383767107
512,0.029521078104502885,0.026877267189387766
512,-0.0501976891099159,-0.053795403604070036
512,-0.07026608830530207,-0.07417006987787111
512,-0.034904798545873306,-0.039553732294971666
512,-0.030516538169613305,-0.03345460794905053
512,-0.03365917127773055,-0.036815654275228815
512,-0.016747412964398856,-0.019871090057130503
512,0.03140933938242968,0.02754913922487412
512,0.027135182004719705,0.023578299746671194
512,-0.020027205371822288,-0.022814179184099337
512,0.03134396644122661,0.028455098656902877
512,-0.01253469763404813,-0.01670481985413602
512,-0.02434656418476916,-0.02802325421782853
512,0.006996784693707847,0.003081903743003045
512,0.043360576022813846,0.0406153454095472
512,-0.022042822040783894,-0.026107973492951186
512,-0.04931981677386893,-0.051802866302447625
512,-0.0018315052170681523,-0.005650083959876373
512,-0.03876500955194745,-0.041260783436974646
512,0.002371809416530646,-0.0018474236238146258
512,0.04546738059232247,0.042229593284118905
512,-0.024901620302044014,-0.027357702427781294
512,-0.0024823518695545332,-0.005731503751409739
512,0.034676743317420655,0.030939319249802144
512,-0.008169514170426218,-0.012285044109354992
512,0.009325762134635762,0.006411900825594008
512,-0.05447112044125252,-0.05833585604633079
512,0.01883588919578344,0.015526627993206865
512,-0.02277632687846376,-0.02624794113612039
512,-0.04677227272049611,-0.04974517852716248
512,-0.0038229751761296726,-0.006524622825172632
512,0.009577398893356015,0.005767634865969262
512,-0.03156680748409696,-0.0348387217922107
512,0.06610090603465313,0.06166068367545985
512,0.03794889120250655,0.03329830753057472
512,-0.004477859659603789,-0.008271793199859878
512,-0.020549512027869477,-0.02345558377314877
512,-0.003593536897619043,-0.0064445376350376615
512,-0.0004941861078566756,-0.004900619887487967
512,-0.026496980187483643,-0.030362331122636643
512,0.026867117737020663,0.023856775472321012
512,0.006916774629845357,0.003133126037082379
512,0.02961323472247851,0.02754496564091541
512,-0.02536256050004343,-0.028702447583051793
512,0.04049090956496826,0.03742883676320319
512,0.04619892151801758,0.041517163563924875
512,-0.03983484277232502,-0.043801337310494515
512,-0.0015162349562004573,-0.004001973271118897
512,0.016616950196056857,0.013059135618978202
512,-0.01394438269726428,-0.01705063764641024
512,0.034050093485657906,0.029870266970812798
512,0.0394915602483597,0.03574987831317944
512,-0.012801486180894994,-0.0161484610664136
512,-0.006978761974692604,-0.011219913228754874
512,0.06044031525532301,0.056993235975727086
512,-0.008682436553031081,-0.011485601259928258
512,0.0013213521024638686,-0.0023005783279589354
512,-0.05494844617864353,-0.05951398035377359
512,0.02748950786989457,0.024048404548972113
512,0.03175775862638325,0.026814750778734964
512,-0.007242817605416785,-0.010593876473428632
512,-0.015390305922759584,-0.018822733131860336
512,-0.009229035989420264,-0.012807283778690448
512,-0.047721863868607606,-0.05070442597706604
512,-0.058153343823630244,-0.061621050223801765
512,-0.014226587996515827,-0.01804759218826002
512,0.019614257545183533,0.015463104573321285
512,-0.031338552940419706,-0.03499433067877172
512,0.03701610959504492,0.03396730690644112
512,0.06050360969625773,0.05770959215104665
512,0.029112838527240004,0.026040996642453518
512,-0.02327792036437676,-0.02730944881757774
512,-0.002978478214434699,-0.0065833622777637935
512,0.07700452480854175,0.07310868860483127
512,0.027014284188004112,0.024196024310383535
512,0.006064257714081922,0.002625102648260824
512,-0.011287784014518354,-0.0143314655282209
512,-0.011006561405541071,-0.014819003465518177
512,0.0629383563805696,0.05927243351555267
512,0.07250196468596198,0.06860874492949343
512,-0.06610784893759492,-0.0687468248292859
512,0.040558787106502625,0.037205776573498606
512,-0.056528134717750256,-0.06085455957041164
512,0.03703122699238154,0.03462319851040202
512,-0.007752227988516769,-0.010863314184962725
512,-0.007897820533077637,-0.010291377800771884
512,0.025857507822334536,0.022201223979804785
512,-0.011173102429925696,-0.015158099232821909
512,-0.003493890250524212,-0.00688962940595611
512,-0.02846910187820123,-0.031502335426711214
512,0.015788291057090675,0.011927341982229944
512,-0.03465587790610242,-0.03792832228998827
512,0.01582235882165295,0.012994742959204997
512,-0.032433427745421683,-0.03624170673707633
512,-0.03416178066523362,-0.03737752606760325
512,-0.014902636220536447,-0.018704839607077584
512,0.007485098860337158,0.0031765596028805465
512,0.004748083263384828,0.0008190255961009751
512,0.05002854981207916,0.047306126715904395
512,0.06682143197384638,0.06368429139078008
512,-0.024118170625716084,-0.02710185145746702
512,0.038585258323201976,0.035439807558439285
512,0.01767197247547947,0.013526532087841936
512,0.02404109522688813,0.020745532427548896
512,0.050364111235968845,0.04688116389690289
512,0.029918526715336846,0.025923028207544663
512,-0.03979884283265955,-0.04312759862856369
512,-0.057573613257622336,-0.06093703298257258
512,0.01808720304943684,0.013993051070091134
512,0.02032984998816323,0.016109948755810066
512,0.03191986699691174,0.029225718723205618
512,0.0214034144805913,0.01772170552185026
512,-0.029636938185983508,-0.03343240994466101
512,0.02538766895577088,0.021906780758100486
512,0.019451721828563917,0.016345167633435853
512,0.026215954505035055,0.02247808929257461
512,0.019300391366514347,0.015160073114767303
512,0.08675539100080049,0.08314213630158523
512,-0.035084360363660805,-0.038060486097880764
512,-0.024880792803940954,-0.027533812043140815
512,0.033841121411550434,0.030249779625370787
512,0.029573440919957672,0.026776386132042918
512,0.038224092618706296,0.03528457220225123
512,0.08435104556696843,0.08010602497314262
512,0.05328891778441475,0.04869569953092773
512,-0.017130818258771108,-0.021589905327957015
512,0.02149015722998815,0.0180548176518443
512,0.04579614503998902,0.04368264779468689
512,-0.06442220419009442,-0.06788061599480011
512,-0.012325453006583553,-0.016699351853573075
512,-0.010785092219530057,-0.013513923051071575
512,-0.04629310452094848,-0.049624861535733644
512,-0.03303914135616942,-0.03569187734303858
512,0.019304508996718317,0.015240734111982235
512,-0.005984414707049024,-0.009091022457486941
512,0.00043569486127092993,-0.0029356269295171544
512,0.010920328329226459,0.006617380778326243
512,0.0007389260577339019,-0.0018158704800694814
512,0.012627361873690346,0.009440961674464787
512,-0.0090435321907395,-0.014144490370357865
512,-0.00039626721820629207,-0.00413446641757792
512,-0.03175495035991249,-0.03461383620419811
512,-0.0024082721016915887,-0.007323011609247698
512,0.02040003692415515,0.01622319694642882
512,-0.006330788138732946,-0.010090980880210265
512,0.023087906140639602,0.020051644771764965
512,-0.002527342086120543,-0.005463163276472338
512,0.002550570811710784,-0.001502382426959381
512,-0.050326442881976574,-0.05495571595731008
512,0.0022333530776956767,-0.0009960401093281335
512,0.005827588202307665,0.002322475904564081
512,0.013260024128631864,0.009484712756333835
512,0.04322854588354241,0.040467756855298964
512,-0.0061832418133555,-0.010016353976403602
512,0.049185535597632446,0.04453207102786144
512,0.0867403802932934,0.08309983597868514
512,-0.05287711312130233,-0.05679457392483889
512,-0.0533210002496084,-0.05655027839273924
512,-0.004879832775740611,-0.008901851122601778
512,0.052462139075716396,0.049642441913906654
512,-0.024873642885935576,-0.02840310859327405
512,0.022158659149641546,0.01947660108751409
512,-0.0426550798032761,-0.04657864802465833
512,-0.004407138343522465,-0.007201399923280505
512,0.05567413430217688,0.052051068487354024
512,-0.006729932610298306,-0.010633473338433286
512,0.0012230435722516697,-0.002134794776791682
512,-0.03918188597097666,-0.04302420450720257
512,0.02549555897584327,0.021082338511176024
512,0.030125098070580114,0.026699595450719926
512,-0.012300745497372645,-0.01592020143370132
512,0.049099900133701524,0.04521211002244846
512,0.010654231464808872,0.006692121182455213
512,0.005643916871776511,0.002173929021702603
512,0.02119275150095995,0.017800308425800826
512,0.020599496703357312,0.01708425581182521
512,-0.022918941345345056,-0.02653638691623872
512,-0.011587390896698246,-0.015384454337894149
512,-0.006901411499301402,-0.010138414287893915
512,0.0368619949106343,0.03324198233410314
512,-0.0715825820219892,-0.07495240985635165
512,-0.010310288210717722,-0.015106764384052562
512,-0.029506440306578174,-0.032786189861108095
512,0.045497335238251835,0.04215807906329477
512,0.027716645559051456,0.023418177628951542
512,0.015313925321500554,0.01265125442800863
512,-0.016720737284479037,-0.01972285813829494
512,-0.011286661348655969,-0.014281628801498136
512,0.020311624107550608,0.017508106870547657
512,0.09118012740774478,0.08708459811551278
512,-0.004573912351177267,-0.008375652851795423
512,0.02460941143548545,0.02005673275202513
512,-0.022045404151387837,-0.0258048615211946
512,-0.04192579606763808,-0.04502722475779797
512,0.03229193162101307,0.02880511686399434
512,0.08167673931788738,0.07754671933645518
512,-0.04759252220408616,-0.05186858148227097
512,-0.06148651270171196,-0.06518744580861141
512,0.01129601520041379,0.006985829537108412
512,0.04099386830913154,0.03680764922499097
512,0.01816921702348262,0.015308315614614765
512,0.022214341088517775,0.018515691278791657
512,-0.04960502010094414,-0.05328081749447111
512,0.0022241633677863026,-0.0012882288417074839
512,0.00500690953317684,0.001427895176957239
512,0.008891783063187053,0.004066600800349096
512,-0.006832784361228583,-0.010358698696683877
512,0.03258163768391226,0.030554779840257007
512,-0.022065310020669693,-0.024674100015848077
512,-0.025063111217280554,-0.028133171771622445
512,0.03711163261984246,0.032824820083399986
512,0.012470157632294587,0.008505549089113329
512,-0.014919499586172003,-0.018651904454765666
512,-0.08158672691254415,-0.08538270529201486
512,-0.014154081228032578,-0.01720786468526231
512,0.01279341185907562,0.009961907196289588
512,0.0015431625135279847,-0.001152258869643208
512,-0.05566515018025375,-0.058929808154669916
512,0.04478246887670678,0.04176376468748588
512,0.021002497748879967,0.017490150679838334
512,-0.006606493264602664,-0.010798138481086628
512,-0.016683132349874452,-0.020428843536210828
512,-0.00690500331824534,-0.010514060637274336
512,0.006791423483225534,0.003316522181803949
512,0.01533737264371371,0.011782710556673737
512,-0.06963606085223373,-0.07353595748405545
512,-0.027210853231302068,-0.02985379824807255
512,0.036726444119727475,0.033565236083681727
512,0.09167428651382276,0.0877257990092733
512,-0.019213322183811166,-0.022636588307549166
512,0.001191107362957411,-0.002525677715044028
512,-0.02646948512295111,-0.029913137586859484
512,0.0012101259710891599,-0.0020981473441968324
512,-0.030806498706732854,-0.033934506036115863
512,0.0021159767989599176,-0.0021722354650541287
512,0.02755643516297518,0.02365669854978919
512,0.0015825811072809892,-0.0021170139220618167
512,0.008765280863223646,0.004471264309907463
512,0.038033954305338014,0.03464844685000246
512,-0.0552834051844307,-0.059209907560004826
512,0.02818958343160355,0.024370004636419362
512,0.05962671971979899,0.05689442965497399
512,-0.054178864491262524,-0.05733032761892026
512,0.0015242339076580458,-0.0019289610776417332
512,-0.03986849329344744,-0.04391727500350584
512,-0.008447824636617973,-0.012434963532105991
512,0.0039313837799826445,9.673041806490534e-06
512,-0.006263463272878356,-0.008257999557268303
512,0.002192041187062621,-0.00145594522285164
512,0.015402287259175307,0.01210089281959198
512,0.04037316530482005,0.03661590833735878
512,0.002953553546263865,-0.001157659346373907
512,0.023435132809787595,0.01981879921137597
512,0.027843920110469822,0.024687598303347658
512,-0.006496204140583106,-0.00942949140312016
512,-0.007943397601504032,-0.01139870949527877
512,0.0006316032830121499,-0.0032892488536370723
512,0.031629328233695964,0.02820168496921771
512,0.05567213673744792,0.05237686496455063
512,-0.024353016773933422,-0.027108170929958375
512,-0.060394981178299,-0.06497039534810223
512,-0.006499484182518722,-0.011173631927082983
512,0.044254177048154486,0.04040840356446962
512,-0.03354175124965647,-0.0364307724431413
512,0.0503683584321819,0.04649447819886732
512,0.035787432795819474,0.03266103300697426
512,-0.005664857032781745,-0.008817588568374168
512,0.009492567150924058,0.005834166380174033
512,-0.03231815997215759,-0.036414194797496746
512,0.02589816127988448,0.021366103888068144
512,-0.01868194679424401,-0.02249822107099575
512,-0.002370374034644962,-0.004882734817230006
512,0.04188194423559455,0.03781438616687183
512,0.09025904574139704,0.08669979180476745
512,0.07106679928309834,0.0684963822757585
512,0.006733128004787148,0.0033342384456261365
512,-0.08864150257628728,-0.09254327841775883
512,0.045406291051244885,0.04244960238128015
512,0.011925378704791156,0.009287019439045696
512,-0.005559019241295371,-0.009422556394369785
512,-0.01515787397569679,-0.01817800612545084
512,0.04195902721431738,0.03866381523351953
512,0.04229005899358823,0.038526281793352934
512,-0.04221683358372974,-0.04752444055120386
512,0.023067736429301267,0.01977172553555523
512,-0.030006836633476197,-0.03247713701457966
512,0.007531449768006904,0.004494560595718733
512,0.09011571152654135,0.08700525378430563
512,-0.01759591278333511,-0.020710365375828155
512,0.04938591713559132,0.04579114405203971
512,0.031334341875808136,0.02817434779590683
512,-0.03585529710458374,-0.03883412640709877
512,-0.011903943866325428,-0.015662990008838917
512,-7.30887086217713e-05,-0.0045935765009118
512,-0.01654450215055603,-0.01986483586431753
512,0.042947235879927215,0.038210817078159764
512,0.003268394914733852,-0.0008925392295116019
512,0.0036379986325291713,-5.7933748142890984e-05
512,0.016538195542850187,0.013333139794607984
512,0.028312360911756318,0.024924174485191075
512,0.07815853586077975,0.07432220433091141
512,0.009386846622064349,0.006929837793835436
512,0.054397138164194336,0.05115435984612393
512,0.0044145232811987345,0.0012732213632158373
512,-0.03057547495144025,-0.03333840159397705
512,-0.033674344848823035,-0.037649895388738086
512,-0.0007147081859255056,-0.004506378255150045
512,0.026589544464708403,0.02305298805188466
512,-0.009355398649076363,-0.012438746248521704
512,0.03631391546008356,0.03164160033035335
512,-0.011565213627814597,-0.014623596437408237
512,-0.08008936375444536,-0.08505124663867886
512,0.018949873778528192,0.015884730989022433
512,-0.003863266271366572,-0.007135742551871216
512,0.01851704908956775,0.014389383109755238
512,-0.030565783623901888,-0.03464915836979843
512,-0.008838304136847608,-0.01199775466362335
512,0.05054947416883793,0.0480604474522085
512,-0.015127972580152083,-0.01991500695044457
512,-0.055012256753013855,-0.05829759629828091
512,-0.028979889932834124,-0.033661678622064206
512,0.03753537183931549,0.03512289529721008
512,0.03610032395384588,0.032700283266795915
512,0.00948006371323562,0.006092198472703536
512,-0.03785015490439714,-0.04114922073315258
512,0.01665545268205676,0.01264319805274755
512,0.06599660743579694,0.06267728636247166
512,-0.024831724188722315,-0.027472938571601657
512,-0.06250122025716548,-0.06511999345829217
512,0.015359047245638136,0.012213719448228688
512,-0.03180825650794539,-0.03560301839155389
512,-0.010573408241107474,-0.014278019341016857
512,0.03875207959924293,0.0355933412609436
512,-0.0033036068117830997,-0.007275267519912476
512,0.04395794570994899,0.040678444129098046
512,-0.002572285277401276,-0.005604271782263026
512,0.015773923098115927,0.011503952489399116
512,0.0408904332227385,0.03705913363598495
512,0.0288694385027079,0.025407316070030994
512,-0.020674796151161023,-0.02422996383041154
512,0.009621994970896497,0.006678262106042054
512,0.05502491521924502,0.05048507868770602
512,-0.010153413082122642,-0.013890600375962903
512,-0.061612138910608905,-0.06584592801587957
512,-5.3685335101305576e-06,-0.0033247465203545823
512,0.01909964429135047,0.0158809657917654
512,-0.10950813618380856,-0.11451139712730601
512,-0.00043325351752060426,-0.003359713024952915
512,0.015605543916681563,0.011405823860742736
512,0.0027220841724894806,-0.0011627113021052127
512,0.026193636019194222,0.02318368268126708
512,-0.0687897096039694,-0.07205785400950171
512,0.006112946480838155,0.0023249849428309544
512,0.07401167937601505,0.0703897064516984
512,0.002850679907259235,-0.0014557248008941759
512,0.01287581228246859,0.00920563011604375
512,-0.015626391166765174,-0.01882172403993232
512,-0.05494618960370018,-0.05841634574953353
512,-0.028184907577695206,-0.03216885053516777
512,-0.04037786551684697,-0.044273188718940204
512,0.07042597123184219,0.06702663855323338
512,-0.056353957964820955,-0.05951398361324811
512,-0.01492007646155985,-0.017378108450752383
512,0.0034794437631188724,-0.00023926656238854038
512,0.018153305650626395,0.016301633007970606
512,0.01820919005424404,0.01443806896351213
512,-0.0032669474819984057,-0.006844976001287917
512,-0.0041603882979381335,-0.008010262236349652
512,-0.015133877848720945,-0.018889234614336947
512,-0.065686195202866,-0.06807346155570049
512,0.009110995159506863,0.005244801058489346
512,0.0008168010271080717,-0.0020346273507082513
512,0.060437232389506546,0.05721336275566924
512,-0.007564871769622339,-0.011938922912510974
512,-0.017370183918474058,-0.021158109490881594
512,-0.0069947303422817075,-0.010705993303475103
512,-0.0804235133955391,-0.08458818120495559
512,-0.052111643629771,-0.05480658623711937
512,0.01372161935404037,0.009380093235440423
512,0.004038989384344771,0.000635694355349492
512,0.0056219587249431435,0.003235564012877834
512,0.016239698489830867,0.01400255908956699
512,-0.016880673763884246,-0.020617944405510347
512,-0.025912940049427013,-0.028310426119442345
512,0.03277233383198902,0.02881303879642827
512,-0.019504411526600263,-0.02326760087835178
512,0.05994102710659516,0.05662990769102222
512,0.011617993503026502,0.00845352269087718
512,0.03814443628177405,0.03517613072073006
512,-0.002622261028962347,-0.006140486533971146
512,-0.062122183172828804,-0.06566471410414765
512,-0.013574334447695013,-0.01788909280659423
512,0.03797530217440237,0.034234586757980134
512,0.00018142652930125402,-0.0034924521991910873
512,0.00038784346520975843,-0.003687298619954038
512,-0.12121564655890571,-0.12535465784613897
512,-0.008371529929237842,-0.011002050849857892
512,-0.06283852896310566,-0.06690395099987484
512,0.12085043577509574,0.11760250744860373
512,0.022727263346201287,0.020233607572492762
512,0.0022585660580345945,-0.0024526855501952882
512,0.04152138222208285,0.0382724695983534
512,0.022578542586020822,0.018986692509966985
512,-0.01356128022101405,-0.016843579914169904
512,0.02356428770475938,0.020405929865991046
512,-0.007955270295611105,-0.010796402011520545
512,0.027318493423324985,0.023782525411364108
512,-0.02489360678369079,-0.028575030510476496
512,0.015216019818834414,0.010357704795677658
512,0.07440118946455937,0.07109529714343743
512,-0.023052219067444202,-0.026627033733723993
512,-0.015326005620735494,-0.01891533528781264
512,0.02675163190027008,0.023867256741175014
512,-0.03270667057553578,-0.0354007923857782
512,0.02360321061254672,0.019700473241668348
512,-0.003197091343195624,-0.0063256396979518015
512,0.027070117841519525,0.024320560593765528
512,0.004772786915083316,0.0010084185616673347
512,0.007234450061781805,0.004203279197583343
512,0.007036544485544749,0.0023166437274080853
512,-0.038831343858304945,-0.042602760150233177
512,0.04689187360831554,0.042371701936653405
512,-0.01198888571126866,-0.015033398948469279
512,0.02097797554685704,0.017978705240547344
512,0.05873245592061499,0.05565433919388113
512,0.023371235568733384,0.019712608966917122
512,0.018024446008237494,0.014391300785063066
512,0.03802804630058704,0.03345008191538085
512,0.0355125297459683,0.03275398349439662
512,-0.05674553183917025,-0.060150959693841155
512,0.010612365973594884,0.007076386148751446
512,-0.008541841174126541,-0.01258815646751471
512,0.024345156690345593,0.02072405250327175
512,0.02308438164231269,0.02081808225664694
512,0.027593430898154747,0.024412321534789838
512,0.06641882551037631,0.06281429348094936
512,0.0033707841897456237,-0.0009790189111648084
512,0.02225208136816703,0.018715287808206305
512,0.052286848131997854,0.04903465293431941
512,-0.07346236188814759,-0.07731651769086961
512,-0.05364230333417441,-0.057770314942287904
512,0.03799249753397471,0.035382680483048656
512,-0.07769717596260484,-0.08117549449242012
512,-0.02429385657797023,-0.027616833783227157
512,0.0076950149838626025,0.005605843157920287
512,-0.02144721746653988,-0.02475561075955318
512,0.0013854632341250839,-0.0017619644337854012
512,-0.020816511762360712,-0.022862803732632664
512,0.009315749536518647,0.004654715393603348
512,-0.012300842336017748,-0.01532334239469657
512,0.03671650331063464,0.03206008497681062
512,0.02418777000385347,0.021241302321259037
512,-0.01613438395735034,-0.01954854303549275
512,0.03488434370936494,0.03232325440788192
512,0.016444563450703942,0.01315087669412568
512,0.06739563063434467,0.06411796022325067
512,-0.02714891336213754,-0.030320338859761542
512,-0.027035225420220133,-0.03083070284127709
512,-0.013854401986339804,-0.017377618414820772
512,-0.005939702035744676,-0.010647475338593948
512,-0.004381129091599489,-0.0069272839181908075
512,0.04050769343841437,0.03608276716236131
512,-0.0038854731516692054,-0.0060012607124246276
512,-0.004850596079578384,-0.00715213972208778
512,0.0034039573570120996,-1.8784572612395856e-06
512,0.026590044248359757,0.022477347894330257
512,0.028194690179275173,0.02575412378491515
512,0.07265324391944361,0.06979354157450235
512,-0.009188909704323234,-0.012806676213935664
512,0.036080731946226574,0.032357110724036686
512,0.041062491381100574,0.03750967985121384
512,-0.023846119334544336,-0.026595866284578884
512,0.061873642857961986,0.05791303463720332
512,0.04644374252046923,0.0434359430114295
512,-0.023257380073333833,-0.02658854857370102
512,-0.024925999847948632,-0.02771128271564882
512,0.01202031660101649,0.008501749196347719
512,0.06515326279069011,0.06123793591927068
512,0.05849473299674918,0.05478680956730331
512,-0.033951003084314424,-0.03834084339188215
512,0.07066396980743894,0.06708552244307503
512,0.010064281984565937,0.006650143310397594
512,0.052097665011037575,0.0484777653476508
512,-0.03361810574766805,-0.03706886879638566
512,-0.018681842604161336,-0.02207006795357408
512,-0.007238014487011335,-0.010386898529717581
512,-0.0090551537068293,-0.013575527385495945
512,0.05727420242440673,0.05282651099759106
512,-0.023161788852669896,-0.025683082346386
512,0.06564211084437788,0.06175977149855477
512,0.010923875352302714,0.008539106236540583
512,0.020050731110355213,0.016651249732801687
512,-0.056375960984993534,-0.05981643068656406
512,-0.004163729318092724,-0.007952957219320989
512,-0.006831564008154878,-0.010005308928512202
512,0.003436815945795091,-0.0001420849126421153
512,-0.09145862275455918,-0.0954298666783186
512,0.024254643917874075,0.021079127210480664
512,0.0036876829526000243,0.0011319186973537398
512,0.013906994688645757,0.010633126964069095
512,-0.05530509816209056,-0.05797040343360271
512,-0.051486361085933574,-0.05446106669364614
512,-0.050040099443616703,-0.053302415607494935
512,0.018383110321788465,0.01500410671741026
512,-0.030601478584509623,-0.03353808692562826
512,-0.060197092000264796,-0.06382770597225534
512,0.0380179072418671,0.03497946579140765
512,0.0019016706816201712,-0.0012723100559559053
512,0.016321350048833894,0.012131554685868906
512,-0.009015017040948925,-0.011781281244991837
512,0.041464058751375044,0.0376668489765879
512,-0.018211362404284392,-0.02169008938785677
512,-0.041296991566569574,-0.04494662275054356
512,-0.0012465929377309948,-0.004372523700258868
512,0.01480979129678428,0.01178845643273213
512,0.019437846739595865,0.01578649315242947
512,0.026301278217084945,0.023275764134836785
512,-0.033831398998647455,-0.03702076270060428
512,0.006436493677950961,0.0024903749246731888
512,-0.031154734120850125,-0.03389682715077347
512,-0.005298135316073649,-0.009234926391843312
512,0.015214023763955586,0.012131206319843324
512,-0.002796498877750908,-0.006224168351435411
512,0.013650980531730028,0.009682923994071613
512,0.0016176217199510012,-0.0019291580671777497
512,-0.03556450854087606,-0.03902469801616304
512,-0.062125829209458416,-0.0657452359042972
512,0.04182713090545065,0.039478601622830733
512,-0.019610961578097774,-0.02338953128653465
512,-0.07693496613574274,-0.08162625093098758
512,0.024784051959749975,0.021609553199028908
512,0.017407318055337073,0.013928694298666333
512,-0.03524009266627337,-0.0384881212870567
512,-0.030093034101172533,-0.03283578797813774
512,-0.04827775529725603,-0.05200642781117887
512,0.037157797568929674,0.03328236904975179
512,-0.023530197088202254,-0.027854722442854307
512,-0.01637148908990227,-0.020290793567230125
512,0.016091424712138647,0.013150802840349807
512,-0.05146157798959411,-0.055206380023640034
512,-0.025368045436197362,-0.02944944366909369
512,0.014126644579226633,0.011352847846243908
512,0.0032655169758146196,0.00029938037075816215
512,0.026719287510300893,0.02286934364209109
512,0.002870494341901453,-0.0005436831879718218
512,-0.0540874960984164,-0.057557961755592635
512,-0.026115576294705845,-0.029511023146653825
512,0.014231374963566523,0.010368205032869393
512,-0.008224474436962392,-0.011828814067782245
512,-0.06131670503995357,-0.06514211838238304
512,0.005194265502711348,0.0006869820765149082
512,0.06520690732276602,0.0618522141250874
512,-0.02015064648912962,-0.023189457114432988
512,0.046011675221242054,0.041761585285891134
512,0.034245199166109075,0.031346572093431835
512,0.04568365115686018,0.043037110010464064
512,0.026787579637988335,0.022819655756082025
512,-0.04732084143404641,-0.04994640630202607
512,-0.030548605135090945,-0.03424808619194464
512,-0.007076710713459944,-0.010703067120192644
512,0.01735670090052871,0.013611992934574768
512,-0.01442171386893748,-0.018315818059108202
512,-0.0083844616026848,-0.011274084626896663
512,0.04799201835503347,0.04497373807441979
512,0.017738552697302123,0.013390390178569134
512,0.006014584364155695,0.0028638654545253828
512,0.001565048582037487,-0.0006226025240865241
512,-0.10157559930412263,-0.10588936421489259
512,0.01661283450683737,0.013287499929869606
512,-0.053804485633777654,-0.05771555515575638
512,-0.07123625235634856,-0.07472932860076992
512,0.02659262148496233,0.022574956428252302
512,0.028653205172827156,0.02512059167620101
512,0.06147103098482354,0.05791895160957061
512,-0.03049128707439952,-0.0346142159949786
512,-0.01876509398489956,-0.023002936045222244
512,-0.018871848934102764,-0.02232257486699235
512,-0.0348749728076565,-0.03809469036111507
512,0.07591921548776076,0.07260566471163826
512,0.016666114380456176,0.013183584313330554
512,-0.01694592242403642,-0.01960751171317826
512,-0.009693725986699098,-0.013362530609967116
512,-0.010372970655281366,-0.014893705040564753
512,0.03899840052032977,0.03562209765843005
512,-0.023175000773699606,-0.026593693452120593
512,0.0028223395200334123,-0.0014343584080877547
512,-0.005416538949058136,-0.008301560640108063
512,0.04044128590119089,0.03735218481104796
512,0.046201261870821964,0.04249791453491486
512,-0.03762612611666011,-0.0395102517214162
512,-0.01186696142327437,-0.014159213778631219
512,0.03180257284897692,0.029078011451675212
512,-0.01262444979270072,-0.01659264760188839
512,-0.020284119571662262,-0.023688909485044596
512,0.022032227275116167,0.018005237580809186
512,-0.03757945217249531,-0.04148648204514155
512,0.014883771022378756,0.010815190976464273
512,0.08388555458713859,0.0802652118072788
512,0.02874444937649645,0.02474011306658863
512,0.042374765354657284,0.039671313873682224
512,0.06489565743438452,0.061373724800415974
512,-0.03791885710365056,-0.04175874526646878
512,-0.02882119535351535,-0.0315111394684518
512,-0.036307751965678925,-0.04056145757565982
512,-0.016302784628163536,-0.020449230417159625
512,-0.020102005954446778,-0.023305442010590316
512,-0.014144668989211517,-0.01821602950029394
512,0.04096200190924054,0.038368275906168814
512,0.0090757533909121,0.005220145828241318
512,0.06718951942542484,0.06337198484904955
512,-0.026905121237309593,-0.030863764379396308
512,-0.036617155621531394,-0.03889951859418145
512,0.031065828692188324,0.02833125775682732
512,-0.0011169345746693815,-0.004296163780571294
512,0.060147402467394806,0.05639057451851831
512,0.023986765913887154,0.020595209805257697
512,0.014130111577624838,0.010222968662647047
512,-0.006957910465244244,-0.010559403968958325
512,0.052507904647794756,0.04897065506392889
512,-0.03644468654502181,-0.039602584138831776
512,-0.05905125222327845,-0.06275045791815081
512,0.07411925120190643,0.07107611347321685
512,-0.011859738246225049,-0.014756751213969355
512,0.06536674199970632,0.06152837986224685
512,-0.016934435935401282,-0.020572668078374434
512,0.05218005707618234,0.049016147559076684
512,0.099904477653944,0.0969595251960425
512,0.06608685032195766,0.06318148437386778
512,-0.009378263019794442,-0.01342200000209276
512,0.013939429475497811,0.010088387957203848
512,-0.002290165269597688,-0.005953007424741696
512,0.044979691231122165,0.04076728369056831
512,0.019869640647328712,0.016651057174428774
512,0.059173574279359986,0.056373275594796324
512,0.07067073232074156,0.06650169523921562
512,0.020213254703387806,0.0165686220398652
512,-0.050853860734437484,-0.05421021522750219
512,-0.015077392529820433,-0.018859533967166997
512,-0.011232410836545192,-0.013981708730072373
512,-0.010295687979648194,-0.013825245428661703
512,0.007311891820786842,0.003230884287086122
512,0.05145039925369338,0.04777529329164959
512,0.03850261145437606,0.03604268107861219
512,0.018280285458258938,0.015367404033163279
512,0.006849647751603349,0.004274729318781922
512,0.048381590180845924,0.045213056014508535
512,-0.009013596155242498,-0.012615210293651091
512,0.03249136321638568,0.03009813115991672
512,-0.011195797044322608,-0.016603070319626934
512,0.012428731945733518,0.00898382992225566
512,-0.018064369395292157,-0.02242098191939751
512,-0.006835995271835871,-0.009614785328345754
512,-0.018937311594872996,-0.022016905923962327
512,-0.0319188326204225,-0.03579003347527937
512,-0.05169831522062929,-0.05543981484292765
512,-0.018158550349625546,-0.02124901863652534
512,-0.0026117024789383825,-0.007117398601978409
512,0.12328369939579747,0.12040711759622408
512,-0.012313102808154064,-0.016831415449000242
512,0.004422984005573061,0.0010803829159131695
512,0.04361673007334044,0.04019523232420269
512,-0.007209589988271203,-0.01061264551938551
512,0.0367239632760718,0.03288889829499603
512,0.026708618455229427,0.02255879532716365
512,-0.003852523978332578,-0.0072618098045217905
512,0.007705610995045797,0.004535909236605851
512,-0.04175426703683266,-0.04578495517496556
512,-0.0012278338922179777,-0.005163631671763924
512,-0.016884781353376066,-0.020380693116529236
512,0.03407579272598987,0.0294691036578425
512,-0.018658587944099803,-0.022241369325543214
512,0.011204093007683491,0.007886691639004906
512,0.04414280601035453,0.04083010508766777
512,0.07048068036133759,0.06640896514658617
512,0.01856658173900544,0.015406231639820467
512,0.003551791875907484,0.0004685284403818102
512,-0.0032406283798707136,-0.007715995090165351
512,0.005190064072510048,0.002460043761746966
512,-0.03205157005400744,-0.03557720635022804
512,0.03271414053685828,0.029942549581448763
512,0.005674543274727772,0.002011725735857617
512,-0.008749059000336346,-0.011727888188674873
512,-0.02990034024081173,-0.03396854943932687
512,0.05784183931918796,0.055308042779022126
512,-0.0033952882917765437,-0.006852768715947366
512,-0.021813312490032932,-0.0251815417288353
512,0.06347997803571709,0.06069901876970002
512,0.02326108311797087,0.020301898715302802
512,0.03430200009497292,0.030561984081815707
512,-0.042737414621121905,-0.04695182295060957
512,0.028443686227819454,0.024874740603925916
512,-0.03151233937032649,-0.03434570840869283
512,0.02898994685771955,0.026384102973498635
512,-0.02560453448624478,-0.02872239765574175
512,0.014570910060921094,0.01064832665515042
512,0.015629299784173656,0.012005272407475842
512,0.03006783121403578,0.02532309815029704
512,-0.04358289248530989,-0.04681306554318937
512,0.006277890435585187,0.0022153229469260016
512,0.04476266359363246,0.040132060821448545
512,0.006933573029252904,0.0034299853865021324
512,0.010654244764733423,0.008263184833228465
512,-0.029798896706837275,-0.03226181364265429
512,0.05220971514750322,0.048224953846490726
512,0.05477411443812219,0.05123732396097458
512,-0.022450302980947523,-0.025872201285722318
512,-0.018142488624941666,-0.021299413038837534
512,0.04877058624862407,0.04531159237333493
512,-0.04766856048210838,-0.051591155480209594
512,-0.0076992855969816865,-0.011216525232432717
512,0.016358028987882245,0.013598387369838871
512,0.048747392118349,0.04493019023687572
512,-0.04328853480653855,-0.04676798676640925
512,-0.03696890674812925,-0.04001326119438675
512,0.010217999614676898,0.006201457238995067
512,0.010167933611314572,0.007543008112697369
512,-0.015480197011192187,-0.01915792853874515
512,0.03504842365084321,0.032184381136710516
512,0.010592098324010923,0.006283283072070656
512,0.06054089923189726,0.05770544574433284
512,0.06361606319798202,0.059124146866599
512,-0.023535431098442694,-0.027916748932914404
512,0.02065020631737291,0.016370695636067967
512,0.011240530487381495,0.009335057257329749
512,0.03908484715026578,0.03558340602775484
512,0.019689400484175,0.01654771027675961
512,-0.021947262108214294,-0.025878697319561494
512,-0.010242394277360345,-0.012573971655715499
512,0.007261711443295515,0.003829501342096975
512,0.015416039870772003,0.011171927970690387
512,0.02280220966830404,0.0193509329770139
512,0.022628275523807473,0.019740174621652062
512,-0.025956633817993624,-0.028729410479694573
512,0.001161338644078025,-0.0023808029103848938
512,-0.012352327278721875,-0.017023477513767038
512,0.006954346485352481,0.003523710538576974
512,-0.028922121901478193,-0.03241643337660188
512,0.011570758392370484,0.007091368595205649
512,-0.030389382013461363,-0.033368309911209704
512,-0.03805325196597714,-0.04266328795584706
512,-0.045822644754466624,-0.04963339258824323
512,0.022557262648258913,0.019451318076035895
512,-0.03040532698859766,-0.03337770390667544
512,0.04340776526418727,0.039244352128027016
512,0.06877160788796599,0.06487967479788553
512,0.041713878465038046,0.03829218339102858
512,-0.012640782906551018,-0.014792252312348708
512,-0.008398499035005613,-0.012242124977459246
512,-0.034869972196263366,-0.03729213773002277
512,-0.016378579999510978,-0.019269734038630915
512,0.010402572319586523,0.005505679836577071
512,0.008455614043592019,0.004950318026600065
512,0.03680489601696213,0.03361114938505305
512,-0.058795062572905565,-0.06281830202234734
512,0.03771972952306618,0.03500934309222453
512,0.08956566424479057,0.08756654367576872
512,-0.0007550990182732531,-0.0033795596379490034
512,-0.055265842395142206,-0.05861511839739869
512,-0.013833490907808332,-0.01724007744586592
512,0.02900811468547848,0.025648733820079928
512,-0.03468368720152165,-0.03870282202399333
512,-0.023689268821376452,-0.02757311326179629
512,-0.03970505744025671,-0.041784387209756024
512,-0.03149932223148527,-0.035116126997414066
512,0.02991239108055005,0.02672531516913773
512,0.026275301336624812,0.022881155703257716
512,-0.0038146368744598202,-0.008070939090219387
512,-0.020582904514221456,-0.024850370806458966
512,-0.05641523219618727,-0.06001747321669354
512,0.08536945155355574,0.08102318980246342
512,-0.047629231750399736,-0.05107777041516365
512,-0.03073522530984113,-0.03479473403155897
512,-0.010183619552491863,-0.01394008268246777
512,-0.058621493458363316,-0.06271302341667162
512,-0.00868269931497978,-0.012506973666712662
512,-0.01952037016475633,-0.02374179146935196
512,-0.010636540353787693,-0.01467700825430418
512,0.09614271452030271,0.09331248737457548
512,0.027425669005607,0.023986785854330395
512,0.03579008684329149,0.03184489504068083
512,0.0013499063041876869,-0.0014389228185207048
512,-0.008942483392077871,-0.012828600130509071
512,0.0052932687719352,0.0010367648641769756
512,0.04733848310984434,0.044248589351124745
512,0.03128238828168267,0.02727515709842493
512,-0.01615220475811141,-0.020722873694577426
512,-0.011018637632600248,-0.015451118371794192
512,0.08209276443604491,0.07895923338289057
512,-0.0032486969197784155,-0.006758429631054219
512,0.014582145587493545,0.009493724107130785
512,0.051793647973079115,0.04878528544152366
512,0.04054422385917844,0.0365572413063483
512,-0.07639787622983452,-0.07967329942784873
512,-0.019809439027046405,-0.023249755215707046
512,-0.04936427386259029,-0.05342273313020829
512,0.02967841071550653,0.025006833338236445
512,-0.008846566043139381,-0.012431708523178264
512,0.053921686692891935,0.05093905157924772
512,-0.009869589611177676,-0.013590722652616405
512,0.0005222539455186914,-0.0020617659230666163
512,-0.02053117413615252,-0.023935981929414096
512,0.04242140899693858,0.03756425322542872
512,0.013961374988664454,0.010000596448506704
512,-0.05635793793213434,-0.05945063841237225
512,-0.001527464772415832,-0.004986144724079322
512,-0.015866534841631807,-0.01905259958897737
512,-0.04974805395441423,-0.05436255362937703
512,0.005046912250801228,0.001771883988575751
512,0.03341982726130194,0.02979919713664303
512,0.016130836401332393,0.012652921953863638
512,0.020081882418717056,0.01590540071454344
512,-0.007142769229911694,-0.00998763592583457
512,-0.055678612080736545,-0.0587724647389109
512,0.05354546410904798,0.049887909799408825
512,0.0003274866083612382,-0.0028616727858111757
512,0.017430767679957937,0.013463876626375437
512,0.02180997929614331,0.018746020973413546
512,-0.0022806297437690803,-0.0048493610761704
512,0.07259411545086097,0.06894119506411067
512,0.0076807235928191275,0.003560188796398911
512,0.029710485185198587,0.027074027764901476
512,-0.02736684899836539,-0.031708788837750634
512,0.03023157052287534,0.02667366037881519
512,-0.03942113164099387,-0.04297843175567462
512,0.00834365518689667,0.004656310132571562
512,-0.016747383056122778,-0.020793964144888488
512,0.01574279549005997,0.01234160507256471
512,-0.09683041074988114,-0.10133192014791287
512,-0.038814214127540325,-0.042101432414194784
512,-0.0012422549492164259,-0.004815740707007965
512,0.03709254124554873,0.03332605983647846
512,-0.07820923074847591,-0.08119800019387385
512,-0.02903186620304926,-0.03171764822453438
512,0.025398128775260043,0.021518370891065397
512,0.016487255040589732,0.013469695484050692
512,0.017839869736381353,0.014268116417403554
512,-0.01278323842991469,-0.01564403296421807
512,-0.01428952280647039,-0.01861441540542419
512,-0.017275092882451992,-0.021278146152536537
512,0.07559425329380892,0.07170689473734432
512,0.047379890657682555,0.043670068738042855
512,-0.003990110862289897,-0.007796822475530429
512,-0.06132066791451318,-0.06268983017684338
512,-0.026473680024537982,-0.031000095140571504
512,0.010052217650038164,0.005922469830347832
512,-0.023397248120892666,-0.026628512988950637
512,-0.00794294613097557,-0.01086719637116662
512,0.013956785269985728,0.010988647515004502
512,-0.007275005136423318,-0.010950603448926122
512,-0.030535941186695614,-0.034471915356437954
512,0.052461761949523955,0.04819694411232922
512,0.030577388560719954,0.027796010264975746
512,-0.02165975132164738,-0.025340203931460026
512,-0.06600495370716158,-0.06921683133796352
512,-0.014453036873779301,-0.017780636113348902
512,0.050647675513665835,0.04824943873646642
512,0.03483583968310017,0.030873336427533704
512,0.0148219801132623,0.010130636019781092
512,0.011503415972038245,0.00836705019358941
512,-0.08430760818113009,-0.08878526416214433
512,-0.006442907501406858,-0.010333402576489126
512,-0.07307542947593043,-0.07702944209496188
512,-0.05035280847728585,-0.05424697976761539
512,0.0005792162921710586,-0.00349051681835294
512,0.0160693920176761,0.012956768125267915
512,-0.05471235527131685,-0.058682362187362336
512,0.06684404626209173,0.06259973386051643
512,-0.004910698153508586,-0.008319636312162704
512,-0.0329405006467563,-0.036222309200138914
512,0.05902630644267837,0.05648534960140733
512,-0.030824429429915867,-0.03386667286125772
512,0.042553260812395466,0.04025649463762193
512,0.03330462859594924,0.029878994867870212
512,-0.0023356419365049286,-0.0064632168013885605
512,-0.0191901732435803,-0.02283344771963486
512,-0.05258946869460546,-0.05644655519371966
512,-0.016179340328534242,-0.018529778927999285
512,0.010727728549102478,0.0077671304330116375
512,-0.01174469967920494,-0.01544311394808473
512,-0.039592087453696856,-0.04177604890166231
512,0.04687139798448675,0.04324607796698077
512,-0.03556563345053998,-0.03885040685856295
512,0.018371828376266885,0.01434658404522321
512,-0.03362156966994306,-0.03694848713552146
512,0.020430461849974546,0.01682863756847247
512,0.02552988229230696,0.02225366951261626
512,-0.011550551747422366,-0.014401232503003403
512,0.015588891123268667,0.011599203919681722
512,-0.0014452863916030179,-0.004472483665220017
512,-0.025670555167574993,-0.028537596921605957
512,0.035777790601443316,0.03183792418978659
512,-0.05716410446132675,-0.06157030140674352
512,0.048230598902700816,0.04493032591987023
512,0.030805645188666797,0.02697152228783084
512,0.03959177768546601,0.03562390314635999
512,-0.0215603663766053,-0.025658473869104803
512,0.014937419292388454,0.012122592794728604
512,0.00754168402778671,0.004277437645360427
512,-0.024889979713380916,-0.028828470634047698
512,0.06523257074505867,0.062143446535247726
512,0.011274274465336798,0.008621231150335806
512,0.01714795593497448,0.01440280275167155
512,-0.034875333196362546,-0.038615798979920235
512,-0.018329784262025806,-0.021573746505424263
512,-0.004028440426112945,-0.006557650415287275
512,0.005682219721336035,0.002292728165068536
512,0.008500283859092517,0.0056340330547572925
512,-0.01075881968975867,-0.015006901967592301
512,0.07699347278230195,0.07213940165182287
512,0.006215995868201263,0.0022960590677202908
512,-0.04324209446153754,-0.04752779204733404
512,-0.08048998117493672,-0.08285529590638108
512,-0.03922212598459812,-0.04214727337828833
512,0.0763555013703423,0.07279489611224926
512,-0.010998161540797358,-0.013806856466432205
512,0.03899489444506865,0.034824096531704096
512,-0.047992911936847016,-0.051579004641473136
512,-0.01884995551505758,-0.022514885317351185
512,-0.015017423545869157,-0.018583675360184126
512,0.03666725765353829,0.0332997573054285
512,-0.07289568741009272,-0.07551410153875959
512,0.032159561879787135,0.028465308686415558
512,-0.0205109671423358,-0.02343029016418685
512,0.028642324141612163,0.0251694484808882
512,-0.06335292272053178,-0.0663469497972472
512,0.017880626858654824,0.014419973786800488
512,0.005912419609451602,0.0024424584900208934
512,-0.0035879892248600886,-0.007734035735153466
512,-0.009455133074736888,-0.012853012239624761
512,0.04026383034572423,0.036793990450017466
512,-0.0065672318176400735,-0.010417194268909358
512,-0.019117073848610333,-0.023114876404521034
512,0.012096892194471354,0.008374881639589271
512,0.07850145373456346,0.0752051378745568
512,0.0381036687781689,0.0349945605730142
512,-0.025550551685201928,-0.028853166983613343
512,-0.042327574507867616,-0.045661605225649715
512,0.013161714542613945,0.008471104877439961
512,0.04468665190825721,0.0402068773586744
512,0.06715050091204822,0.06376329690225419
512,-0.0066753963497008795,-0.00991210647528501
512,-0.05472526071164607,-0.05760112780674981
512,0.027640514842492914,0.02411560116386713
512,0.022318805349431814,0.019685681478422645
512,-0.026208170989679147,-0.029232323559241324
512,0.05805942597089997,0.05475482288527972
512,-0.08353720840888329,-0.08598085178087628
512,-0.04236053101041881,-0.04528672890845198
512,-0.03039716976878487,-0.03415346054247037
512,-0.028038292786743413,-0.03229030798770555
512,-0.023909000196398744,-0.027906929763916344
512,-0.07073934120069458,-0.07446757376863766
512,-0.014626891102828499,-0.01826248747809528
512,-0.02084369598975505,-0.023461422900539597
512,0.06626274228810608,0.06276874093716145
512,-0.11307107078318002,-0.11629468097338258
512,0.015242692553381676,0.01229773847332144
512,0.05750943063108088,0.053278381974114275
512,-0.042074751765640794,-0.04437123112695063
512,0.04780881907412898,0.044622026435991835
512,0.05827187096522268,0.05348010976486012
512,-0.012841601224396926,-0.01578733447468028
512,-0.004234321877485014,-0.006683564841328926
512,0.009092541864349546,0.005414636661713601
512,0.04274856437311764,0.039618455155433774
512,-0.07338908221489299,-0.07737179822810253
512,0.016112658580459183,0.012946283138323023
512,0.028453638340187937,0.02530051255504806
512,-0.038387860028710474,-0.041951101418453485
512,0.06438133449295413,0.06133257266095277
512,-0.05959502690072643,-0.06314007081007933
512,0.016932274649436974,0.013979938831568117
512,-0.001837571572270269,-0.005819288453141225
512,0.013398139947821852,0.009126820344188158
512,-0.011091382256946836,-0.0137528776509519
512,0.00935986151201773,0.006429894186473273
512,-0.02044588008550907,-0.024637012189158924
512,-0.012693651696022823,-0.01639321869653082
512,-0.004885516379776134,-0.008371929445158799
512,0.003140405067542318,-0.0008218606534117212
512,0.06768324930240599,0.0636729883784739
512,-0.023236093373399658,-0.027281274815820045
512,-0.018961469385189444,-0.021924600715430675
512,-0.03838245766385384,-0.042283381320926405
512,0.048965354469624245,0.04582399830513734
512,-0.03537538940730711,-0.03874640534425028
512,0.10078717597658765,0.0964842828309776
512,-0.051555263206800095,-0.055263205480365785
512,-0.003421638189659737,-0.006290065812813439
512,0.00630927716261509,0.0014219209282915202
512,-0.01402636419596015,-0.0161570886807329
512,-0.01051279263890803,-0.014259145643768734
512,-0.02184009610074178,-0.02471731096810864
512,0.06211042952381507,0.058620185413120085
512,0.050055883090153686,0.04742939873587415
512,-0.00320773072433167,-0.006193137190958264
512,0.019581061415064605,0.01746230824131756
512,-0.008625925850919314,-0.012032873379095421
512,-0.014956470222988683,-0.018664663955673177
512,-0.044103272432266305,-0.046344472555959415
512,-0.05861031633386976,-0.062486616806901096
512,0.005107278643647406,0.002241056615119752
512,-0.046927136821293625,-0.05048677378064942
512,0.003923719962383498,0.0002876897646139631
512,-0.0031698350372970086,-0.006441466367009263
512,0.0025877830036842853,-0.0014549164556210137
512,-0.05746485670171092,-0.06177521185579038
512,-0.010121813874336472,-0.013339894264983498
512,0.03817775257957412,0.03472896206998266
512,-0.01982754953621052,-0.02307508911180617
512,0.0468677329925713,0.04295828409504837
512,-0.07242886996597869,-0.07524714585978998
512,0.09099216495652157,0.0872357228731902
512,0.00023366648686129476,-0.0033113629246534493
512,-0.04863922107759955,-0.05217048737387192
512,-0.032246620770212786,-0.037232585217114644
512,0.04693747254504266,0.04350690916196853
512,0.02232880343183613,0.018806089286495464
512,0.051704687719726417,0.048595842874362694
512,0.07052038160779833,0.06642602107386397
512,0.06484557089463422,0.06127345946373575
512,0.006315549789500052,0.0030858788785506075
512,0.028275009312725474,0.025280662796480613
512,-0.006633796667216585,-0.010972298218766108
512,0.02906642796807002,0.024961010501807435
512,0.021414464667398325,0.0186490317663911
512,-0.0055190217294662225,-0.00901857253818078
512,0.025973596282713396,0.022321597642365965
512,-0.0516432394722639,-0.0540323738571325
512,-0.008317900756206476,-0.013061653986906896
512,0.09515385204977006,0.09150303977985602
512,0.07372853577065436,0.07031058675075441
512,0.040085867276335285,0.035759636251748605
512,0.06435448596741505,0.06143350774373413
512,0.04493431259949915,0.04166174695656194
512,-0.020088027671877617,-0.02340282123884946
512,0.003262402794473984,-0.0009689800937022208
512,-0.055722523136670477,-0.0590370107954612
512,-0.01956516129585928,-0.02349245464771582
512,0.035630978974357186,0.03293073168296912
512,-0.016732274901529398,-0.01986874853757653
512,0.05401633343084572,0.0497726085598299
512,-0.006406108237805186,-0.010442885489401421
512,0.017076781815892728,0.01302520512528399
512,0.0007791833381348701,-0.0026644271981802747
512,0.03557907582183295,0.032545142851626185
512,0.0009834925261226757,-0.0026869099916465577
512,0.07416001043449583,0.07157160956986114
512,0.016994240167053642,0.012995809303538719
512,0.01374341958106512,0.010248528545452273
512,-0.05116216479171748,-0.052837445611587874
512,0.00018183501855995043,-0.0028329485716885316
512,0.04751194570472722,0.042473753291702
512,-0.01182812878092343,-0.01571151782317798
512,0.0007486720802908908,-0.0035621567103759078
512,0.05785613311532056,0.05457691622859007
512,0.042515837475349316,0.03921913746820033
512,-0.020855401453727163,-0.02364354832785076
512,0.05085302219156507,0.0477650810953445
512,-0.005447981298376592,-0.009007158531553483
512,0.0066764565978975066,0.0033334609383218194
512,-0.012212034613368172,-0.014228944019999856
512,-0.030609892349692747,-0.03506499123079626
512,-0.027843181052362498,-0.03154595042359154
512,-0.022979101224802845,-0.02549800072986541
512,-0.032743849110973666,-0.035681552483573686
512,0.07357260800239035,0.07030272591235509
512,-0.05226057758682712,-0.05660181864013136
512,-0.014941445197349024,-0.018350450282615893
512,0.017630559911355537,0.013374585394935912
512,-0.03856428573394921,-0.04273802067011445
512,0.007497954736593093,0.0035719234170136227
512,0.016029136535296362,0.013503742046955647
512,0.011602277652630388,0.007254319123433717
512,-0.06407995768568875,-0.06633913275575826
512,0.02034108767901549,0.01790873297242135
512,-0.0007061682322250795,-0.004223441047975507
512,-0.008204301464590835,-0.011922747314223658
512,-0.01936995121720292,-0.023126847926965566
512,-0.024615217486433416,-0.028546402628017664
512,-0.025008956196745646,-0.02973470775036785
512,0.023973149738455102,0.019809846410172804
512,0.015119187873341766,0.010975466490876107
512,0.04101750799539822,0.03757294563289282
512,-0.004003688282785911,-0.007857661065541865
512,-0.03045843254031222,-0.03463596042708922
512,-0.06700895788200056,-0.07046076096000475
512,0.0877232881330135,0.0840654228674837
512,0.029478471964330344,0.02640613957228638
512,0.0025298695311241626,-0.0013239944632869038
512,-0.0004467906055776738,-0.0035581613188110928
512,0.04415723026805862,0.04073393045927565
512,0.02917143335982275,0.024976234877255088
512,0.00644060116166334,0.002629208426268348
512,-0.04350259738260637,-0.046421889145474404
512,0.038128299904937546,0.034638601316489825
512,-0.031544811233086056,-0.0343158767451579
512,0.04277415597778672,0.03933613168038935
512,0.011218454845621673,0.007757764244301024
512,-0.0005186196054665637,-0.0041727358664716
512,-0.01564385480505953,-0.02052314504454028
512,0.017851794294771794,0.013146916804735342
512,-0.011289588766040637,-0.01591415571332655
512,-0.017257511705312867,-0.020488823735225647
512,0.06568991451993228,0.06272371535287219
512,-0.0005150649856439093,-0.004991349652166743
512,0.022860235028370146,0.01978072060997549
512,0.03246915923290211,0.02916248649346037
512,-0.005923333783975249,-0.009511560387920781
512,0.0609577509171112,0.05724313290221389
512,0.0470877451440192,0.04305672186633569
512,0.07940220632460915,0.07643020002025808
512,-0.037819575750030254,-0.04250588239293329
512,0.0015609826602697718,-0.0020668242209298526
512,0.02605925714930374,0.022035406538501723
512,0.01670412826704748,0.013731267526795099
512,-0.0006535233956655451,-0.00468678616943069
512,0.033257762485125575,0.02930426648518053
512,0.01180619767351021,0.007972481791182373
512,-0.03490520741739023,-0.038125712673021006
512,0.05201025591427211,0.0484740265296732
512,-0.01316962304451147,-0.016744834830880406
512,0.04103935427874672,0.03667910305957456
512,0.017356414117405572,0.014326976712235984
512,0.018119263502890504,0.014867455639788474
512,-0.026826012473666283,-0.030179555744562936
512,-0.03446544831016074,-0.038698689914162865
512,0.04001486896021239,0.03662968494306501
512,-0.011422979971363323,-0.01505595886879657
512,0.01305288300428542,0.009723321287176234
512,0.05585883582408402,0.05245140450372393
512,0.023641810889088233,0.02045160260098222
512,0.012758632297076244,0.009062204738138069
512,-0.03505881520243376,-0.03813933295516486
512,0.03431505301262178,0.031192350645258382
512,0.06252851107133628,0.059055910571196635
512,0.012334695057208134,0.009009532306564427
512,-0.05651546215334796,-0.06071762585042656
512,0.009185092890143798,0.005505098110176521
512,0.028835168636402897,0.024645324693557513
512,0.05960559925525544,0.05672612587788972
512,-0.06104004272184027,-0.06509440222377483
512,0.01646470428694735,0.012938298586022134
512,0.01934707264362212,0.016013023628237977
512,-0.012197774686070695,-0.0152594273881701
512,-0.024396070740085263,-0.028494747840808243
512,0.006297782969318322,0.002807332045682509
512,0.017060972167645905,0.014304874382417843
512,-0.031753764259140116,-0.035070731604259886
512,0.06691135292844869,0.0648416407511071
512,0.03550976798753347,0.03218684790502058
512,-0.019437876201487292,-0.022702379492582858
512,-0.004435456825746142,-0.0077255220172255945
512,-0.06806076180570941,-0.0706984674440907
512,0.06725472167689739,0.0634635528640517
512,0.029705727313744767,0.02581229418380071
512,0.05293098339282537,0.04907658466957493
512,-0.029741832779732136,-0.033582492941565456
512,0.06317361638138413,0.05925568107840379
512,0.05293338400663544,0.04918163829523542
512,0.05988249614654528,0.05624605962611523
512,0.010311617552754948,0.007119774820654012
512,0.04703188386829449,0.04438509442423
512,0.007311058445892804,0.004157181393949494
512,0.0018192673167348183,-0.0021180304134720274
512,0.03793477613095364,0.03515219322372848
512,-0.05086432585788897,-0.05415309769937976
512,-0.009153416395468239,-0.012229931667083582
512,0.06500895400056195,0.06200893770870963
512,0.036174396487320626,0.03202293528081701
512,0.02172605182935916,0.017561898214836835
512,0.03860746433434603,0.034443917942915125
512,-0.041700290395766226,-0.0461277392849318
512,0.03305624909304011,0.03041634687570227
512,0.03012175088911051,0.027565692899595595
512,0.01468229642541291,0.01186236732925311
512,-0.025129159900354026,-0.029181612589343986
512,0.017362543651148143,0.014195659659194004
512,0.05949820373177778,0.055783439778368527
512,0.04184204850994605,0.0393357962279231
512,0.010369034843557001,0.005693512255522115
512,0.022817404977601707,0.018510545869509787
512,-0.008347334725490263,-0.0109915120470932
512,-0.03134755367236175,-0.03422855640829775
512,-0.005433613802392545,-0.009801249032268144
512,0.057834382005527096,0.05330693060048247
512,0.055414974009780904,0.052041952918890744
512,0.0178086688021592,0.01462277108140797
512,0.0077420867629584,0.00429156422200222
512,0.021998368150687952,0.018182789597874227
512,-0.04527883997658966,-0.04897375627996714
512,-0.019085476782374378,-0.022507348065577415
512,-0.013292834554844812,-0.016290433168396012
512,0.057671892294527294,0.053424283622953594
512,0.05100713169363974,0.046810242592608464
512,-0.01902767106826081,-0.02240648020462327
512,0.001224085673142139,-0.0014457131294994818
512,0.012359050295495555,0.00924027480786116
512,-0.001227306639618897,-0.00519590709210721
512,-0.009450627420205693,-0.012712756409403059
512,-0.009462708325713887,-0.011924262340026581
512,0.015358889996450686,0.012252871115082165
512,0.019194844752595752,0.01488219377222405
512,-0.028755728750593068,-0.032782061203921575
512,-0.026555640391810353,-0.03172507476366704
512,0.050704910077308984,0.0471068228793039
512,0.015819938876790507,0.012540595940804478
512,-0.022542562251930187,-0.026793459686424714
512,0.02305800993788132,0.01962852530400322
512,0.04153430901078281,0.03911020134600346
512,0.018142686808047204,0.014811838064651528
512,-0.024142690767598063,-0.02654224621158474
512,0.03494377321975961,0.030784458558403505
512,0.04928573272089232,0.045257172589450334
512,0.0006074528778237664,-0.003489537789559849
512,-0.032351635002875634,-0.03571939901497778
512,0.03197822027194269,0.02898858057971493
512,-0.028481353179881097,-0.031801395135936494
512,0.060986058354822625,0.05747943258568633
512,0.013620687682248,0.009456711963339637
512,-0.031242093063293286,-0.03503286188668564
512,0.016056337340407734,0.012346236395291699
512,-0.04494491781725318,-0.04772308506547457
512,0.045023203090859276,0.0404843113185836
512,0.03979074058245302,0.037033711272681846
512,0.028719590392084327,0.025394498597753
512,-0.0011364432897632004,-0.006019643175230072
512,-0.018692086816846476,-0.022244032917291934
512,0.043789473206927165,0.04018980209934597
512,-0.03965541798783262,-0.04409133873449472
512,-0.007218308671428586,-0.010496227165925631
512,0.011786396194219118,0.007655819007190701
512,0.0034589903758731055,-0.0007845572223997843
512,-0.023108346606559915,-0.02714478722463437
512,-0.012101295735458928,-0.015967462635731344
512,0.07262688357549374,0.06860844594756371
512,0.030834572610208888,0.028288567612440918
512,-0.016060155206289062,-0.018945266404606143
512,0.02467145130303383,0.02114929353086792
512,-0.006304172224277316,-0.010230176925410839
512,0.024202371334284378,0.020940936255210485
512,0.005479259669455672,0.0026762600779535184
512,-0.03642045812833733,-0.04016999386324693
512,-0.032464625891394205,-0.03636728719052629
512,0.0539791750688437,0.05093977589981402
512,-0.058798223002300865,-0.06111808941065272
512,-0.01527804352871337,-0.018769121752565454
512,0.01306892550758132,0.009165565738409431
512,0.005287858076323038,0.002333539089625525
512,0.012662528848384091,0.0096858133830659
512,0.02827489825013718,0.024213190916703542
512,-0.026497049215896795,-0.030292741877835483
512,-0.02287080946930664,-0.026811057802886562
512,0.01986431493252583,0.01744692851567109
512,-0.06135330153837365,-0.06547753209765228
512,-0.0402021800098451,-0.04304408688555128
512,-0.01917498894463565,-0.022371666855728833
512,0.015813856842318397,0.012461627694394017
512,0.0016624287566189833,-0.0015621199108270534
512,0.014446070117692944,0.011470859696890046
512,-0.013337209771061509,-0.017053341885022222
512,0.03033839177426051,0.0267363534488142
512,0.05701892916312534,0.05336091912297053
512,-0.0251786824731845,-0.028174762817200383
512,-0.0025915396539156754,-0.006255227755633641
512,-0.012149857354146643,-0.01641346580891012
512,0.05123835575032576,0.04789716946452721
512,-0.00010209606200484167,-0.002281089853837681
512,0.08568639047547527,0.08224839229943576
512,0.001703320143993492,-0.0022950215971362375
512,0.03761542017982611,0.03470091689961874
512,-0.04151522880030145,-0.04567449917935268
512,-0.030594454320287123,-0.032961044291521524
512,0.05461579299601721,0.051346963897711095
512,0.03792903550331439,0.033372202341713286
512,0.02641435983450524,0.021568514658907023
512,0.011290499977582191,0.00786729126246255
512,0.009779203743308706,0.007222281851119172
512,0.03151724023303115,0.026842560151625783
512,0.02598559572682907,0.022297873344606145
512,-0.0266434280929132,-0.03063634620865857
512,0.03475361323826798,0.03176455465692635
512,-0.009789095816805538,-0.01307663205897025
512,0.04353618222481903,0.03922138490536892
512,0.013178234193615301,0.009979492846583893
512,0.013188367049773553,0.009923598137077438
512,0.020216616104650864,0.01595560301447202
512,-0.07490650184537107,-0.07784462192443031
512,-0.007567363929389226,-0.011107800924559319
512,-0.037314833051409646,-0.04118482023503173
512,0.010794768590614345,0.007515372301532042
512,0.006510130685959958,0.0025838775801781955
512,-0.010687350017762276,-0.0153298497789639
512,-0.05210975865266321,-0.056044483736746475
512,0.017397040667199992,0.014577714438166911
512,0.010862302932690915,0.007214880162109638
512,-0.09217891019363122,-0.09690723560364328
512,-0.04729714450892114,-0.05190104997595513
512,0.03799949870717101,0.03459339637123893
512,-0.03298959246190386,-0.036804925648718234
512,-0.024461843985207343,-0.027951755463247963
512,-0.024613100125710496,-0.027958900346668758
512,0.0335108254860671,0.030199799684439033
512,0.0054989715298409125,0.0004715695382553342
512,-0.000506562873695271,-0.003760150896264969
512,-0.03094261801031134,-0.03401289124094736
512,-0.0037480637747454026,-0.007078224021104418
512,0.006788330225451333,0.003222125421221911
512,-0.03114621181086341,-0.03464629521045676
512,0.06578888299726099,0.06153589621675315
512,0.06985994922310351,0.06521958411196832
512,-0.08062773501372689,-0.08403531370865319
512,0.07581386782582322,0.07215397072943075
512,0.007088922636562411,0.0038028637662630427
512,0.012813491956098932,0.009041687531686993
512,0.03895018315939386,0.035542762098494274
512,0.11289430420062257,0.10859587831435319
512,0.04561557746489364,0.04206988794797084
512,-0.004012493864806954,-0.00733597058642077
512,-0.00018212614328738663,-0.004765634472781388
512,0.024578476599618482,0.02182638311317575
512,0.012110596923767092,0.008771100759798367
512,0.08244915080010279,0.07886932256741491
512,0.02123271934949822,0.017505159506187695
512,0.06609964724306094,0.0627745520434464
512,-0.04785628215149301,-0.051180253725005787
512,0.03382412832986692,0.029493117031683225
512,-0.07150891415660027,-0.07508423617708798
512,-0.06832007317567773,-0.07126758622253437
512,0.007849059232177213,0.0034487930324775262
512,0.07301135678848575,0.06964350046412393
512,-0.027945028765551605,-0.032190063242764355
512,-0.02318310040167637,-0.027331672374256266
512,0.03566150310942168,0.032276169046669745
512,0.04377902791864963,0.039557348216359534
512,0.045257791652344004,0.041364549772043235
512,0.04968677990553699,0.04502633324682376
512,0.024710953106894584,0.0217899812793913
512,-0.01323004801260691,-0.01684500578557968
512,0.010672489981932598,0.0076512859162029545
512,-0.03103736147496311,-0.03378562756974646
512,-0.019475982405507464,-0.024015919348121473
512,-0.012431842300743179,-0.016073639735396827
512,-0.026725835094630168,-0.029527737138433263
512,0.05147316698714144,0.048151498291514216
512,0.01613526694379791,0.012969892076233669
512,-0.044809510654887086,-0.04753036566416452
512,0.007251882162866097,0.0040355706054437945
512,0.022148228593821317,0.019136801592548935
512,0.036527071553134116,0.03242535834820498
512,-0.03019463484624052,-0.03305006899335272
512,0.008375737563765362,0.0045330607342208284
512,-0.03055897967445581,-0.035030528110986225
512,0.03291849439416533,0.029740809348405284
512,-0.0033344605616953404,-0.006524087358805941
512,0.021245279657530813,0.017188935367362768
512,0.036238891459797584,0.032409121593328705
512,-0.02710210140166125,-0.031184856384021797
512,-0.0701656133283099,-0.07353884586805104
512,-0.040246739082469674,-0.04327165809513717
512,-0.01766313353917287,-0.021567448756086127
512,-0.025986469586515237,-0.02913461760688768
512,0.007678709487481061,0.003858774146080546
512,-0.03409849206145743,-0.03723985308682881
512,0.04676528629258642,0.04364319040014991
512,0.06520149632114597,0.06128799609125796
512,-0.10868793212523492,-0.11118234554907708
512,-0.013046247083971008,-0.017328665105724506
512,0.013842256942936504,0.010037431891457282
512,0.0028729060120462058,2.8984835099943318e-05
512,0.023109440083938226,0.019935502797412463
512,-0.04251782927059189,-0.04515230038810453
512,-0.0011015854434607841,-0.005843336408489941
512,-0.017184941535324016,-0.020385299216743535
512,-0.03995885587316528,-0.042494994430191
512,0.05437341530813289,0.051618488210593005
512,0.08239104327929853,0.07896653943116372
512,0.0360469000907751,0.032353009328501436
512,-0.004537473074466669,-0.007114476699501993
512,0.007595321255963794,0.0043538182939587555
512,-0.037638847033646505,-0.040661888228754384
512,-0.0516091489666583,-0.05520907807855768
512,-0.07138407237380046,-0.07458612530171432
512,-0.0483115000767384,-0.05201116928834504
512,-0.03827001556873422,-0.041553966613219695
512,-0.0200540875018545,-0.02460671701356215
512,0.003304662897736066,-0.0010958885801564122
512,0.009848132474812255,0.00703504574408409
512,-0.06921430719047428,-0.07186353782251653
512,0.02213872875089945,0.01904561989808412
512,-0.039963051476012756,-0.0434090671623692
512,0.00767561433412034,0.004070327350219394
512,0.03774027859145884,0.03413483677463852
512,0.04546332235532796,0.041777703221727636
512,0.02109265714317249,0.017629037384412516
512,-0.01895104454974933,-0.022127045145905466
512,-0.02445741886406011,-0.027330418627854958
512,-0.0005937032067435122,-0.004605701746179858
512,-0.01741370048479446,-0.020402657238352884
512,-0.006959786212821506,-0.010674614851176156
512,-0.06298391293720945,-0.06736353515728477
512,-0.03378993812672043,-0.036598487882900266
512,-0.014470461463103712,-0.017009868757843938
512,-0.02213091081509655,-0.02591217360254161
512,0.06687549788038377,0.0628284424355996
512,-0.009004283504478572,-0.012355437548919879
512,0.008162426783179355,0.005385247621873257
512,-0.02392182393169584,-0.027521104289506493
512,0.010579790629740349,0.0070399775895625405
512,0.04167898468477993,0.03777197172879215
512,0.007385806669314099,0.002436051006299178
512,0.04907400782794652,0.0461024060366948
512,-0.06207248396781945,-0.06652937758770577
512,-0.022078020266567744,-0.025461977904798594
512,0.010479576072557117,0.006587082298667668
512,-0.013005461866878676,-0.017587776784322662
512,-0.018881007367158198,-0.02204355162219801
512,-0.008344790139525882,-0.010369986831323397
512,-0.017653678368941772,-0.020889627570878755
512,0.012370946466003396,0.009041288614012377
512,-0.014522333435931067,-0.017827906208412125
512,-0.04296130375256285,-0.04624052517149191
512,-0.047334813476993864,-0.05076474875973963
512,-0.017114141377738312,-0.021247921861040964
512,-0.0304229009192602,-0.03469964347871518
512,-0.03934385541062396,-0.04285552171520618
512,0.024205835183657376,0.021506033819756687
512,-0.019487507539398152,-0.023236474667882256
512,0.02679122106587417,0.02214276458491604
512,0.006123514085697945,0.0034438369287970727
512,-0.0086884083239272,-0.011772151423590282
512,0.0007781316235920821,-0.0029155957034470714
512,-0.02717258475799439,-0.03097547817756946
512,0.014572962122738564,0.011498087348087938
512,-0.0008298482900012671,-0.004325719581298515
512,0.026137378028567138,0.022247223389109227
512,-0.04199695693317046,-0.04548703394025477
512,0.04068501179401701,0.03620112916821189
512,-0.015639179257977198,-0.018875887384187995
512,0.049646189108298155,0.04544548758810307
512,-0.0487406247704088,-0.05201050958373393
512,-0.054380677586243376,-0.05844137780796971
512,-0.02370413905024743,-0.028001533944520873
512,0.05262466399872312,0.04972346813554901
512,-0.049691517921627126,-0.05327830177611109
512,-0.03318108406349496,-0.037317680284485344
512,-0.021498290299539646,-0.024888544461211692
512,0.08270554243212919,0.07954319013482097
512,0.018142801297476363,0.015814317143543477
512,0.04321049819423539,0.04005315486232902
512,-0.04589486362430273,-0.04894229666126043
512,-0.07126218621538782,-0.0756497263879835
512,-0.04681658368869679,-0.05042857105675447
512,0.04225663470590951,0.03712202744135129
512,-0.06540588130491048,-0.06838827373121048
512,0.016473331175017647,0.013498542835105543
512,-0.03772652119692954,-0.041446692184618605
512,0.006347061758474493,0.003940988199270579
512,0.006447714791892267,0.0023679981598684896
512,0.016941064410097184,0.013066445070292365
512,-0.03238434215533598,-0.03542424407559602
512,-0.009783571947420744,-0.012617723050036833
512,0.028646501573798944,0.024617280642471984
512,0.011835700773387137,0.00866224295007767
512,0.05192245954633096,0.048376121749989176
512,-0.009693338292147913,-0.01327659821916205
512,0.006647109750912872,0.003739757622165385
512,-0.055094084609269955,-0.05816282283790336
512,-0.0331053827178614,-0.03600964717226912
512,0.038505915509721045,0.036051346151415864
512,-0.0010389189223037887,-0.004906761275033311
512,-0.026161758744878527,-0.03068609666446731
512,0.0068113882001824,0.0033754727725389677
512,-0.0354573644225768,-0.039371083076760516
512,-0.00789302426197308,-0.012087949724600033
512,0.00834948726956758,0.0036047909400107048
512,-0.07103794803127789,-0.07425472223188612
512,-0.03910948975388179,-0.04245984291143806
512,-0.0022071136975171934,-0.005566644428893985
512,-0.031579772010119966,-0.034645942835465626
512,0.027529801762737005,0.023791946707266087
512,0.0546805388486149,0.05078301515083328
512,0.03176320370542335,0.02806586140707329
512,-0.019768662710898,-0.022465572411763446
512,-0.03285040090620517,-0.03673685882652328
512,-0.02919557401793854,-0.03222717159932925
512,-0.026562590773040406,-0.029727288777406213
512,-0.00794237864628139,-0.011758450851659052
512,0.04661052562150869,0.043022685145023276
512,0.023721326737408843,0.0204188370788837
512,-0.08018260922288284,-0.08428191511630839
512,-0.021058898544511317,-0.02414129979353441
512,0.06099404590775004,0.058061176855355
512,-0.06508971834482141,-0.06803452995189796
512,0.0031765736970646996,-0.0008951553674582668
512,0.02361570162841531,0.020514145170899445
512,-0.04347384143142563,-0.046582719827761965
512,0.023452430440430272,0.0208171314721301
512,-0.05413901865695975,-0.05695803349119616
512,0.009822288487386588,0.00579071454754293
512,0.047914891177188446,0.044042625712286065
512,-0.012535355118708735,-0.015280774270039155
512,0.04584292983747201,0.04174413200859223
512,-0.01615403793895054,-0.01984635156024761
512,-0.0028354628001580617,-0.006973122000202225
512,-0.02582442146500269,-0.02897635420836092
512,-0.014945842855023095,-0.01982824713164677
512,-0.0073218994312614916,-0.010360619783506109
512,-0.00942750618082061,-0.012570553550556696
512,-0.04257360907892066,-0.04649701185707095
512,0.06254238074892315,0.05969535455132707
512,0.05741480326281584,0.054516275785312096
512,0.02761744577101788,0.024059066605049584
512,-0.021218705794126103,-0.024572803192552894
512,-0.048594547651302444,-0.05370942857414468
512,-0.005838135786192855,-0.008446981445147383
512,0.04509102724576691,0.041281399764185656
512,0.017201065463131715,0.01348274176104769
512,0.009238435923596133,0.005378365423134024
512,-0.02707945697451658,-0.03048485590944372
512,0.045089753790955034,0.04109005968771351
512,-0.009187343079076815,-0.013445783944678602
512,0.01841424373516476,0.014986973990169072
512,0.024638077644584255,0.02168181902472699
512,0.002447702036318833,-0.0009595339736078179
512,-0.022433075877947406,-0.02665636907034369
512,-0.038386774785828415,-0.04175141812992894
512,0.011076960702227856,0.007920443502531682
512,-0.03889694882570993,-0.04250991677892052
512,-0.017607695851491967,-0.021795289992076528
512,0.015001666548120574,0.01139029776430106
512,-0.013365428289245251,-0.017655727326655435
512,0.02171162218581657,0.017901747496414266
512,-0.0059240766117330534,-0.009580624853469333
512,0.03611255443729938,0.033103714367054005
512,-0.01920281388635431,-0.022801715075191242
512,0.04882370290587812,0.045992420756916064
512,0.022246685521767784,0.018328775664381625
512,0.03348284637888038,0.03178518473252462
512,-0.003308272093578868,-0.007191703868809796
512,0.020877101829425482,0.016877624067554553
512,0.06428141160141582,0.06103385478706186
512,0.007265226500885458,0.0035422066895420823
512,0.03423404766700111,0.030964588163338136
512,0.03075837618381866,0.027409542400000986
512,-0.057250857287019896,-0.06025104239423745
512,0.026656981565023052,0.024271552861504064
512,0.0007734243624686332,-0.0031338484680468737
512,0.0010187305172705274,-0.0025955381068896166
512,-0.005369929464715595,-0.009444787278884925
512,0.011024104142259128,0.008053432466900712
512,0.05152708451008253,0.04745387142260582
512,0.0269879430197712,0.023792302137700505
512,0.019967046276672062,0.01599710426657419
512,-0.004319348303123138,-0.00834611544697711
512,-0.03817734108695181,-0.042208843046207256
512,0.009755829316744458,0.0062279265435251085
512,0.04856128704817542,0.0444470602620452
512,0.0242296897265748,0.021039171734790862
512,-0.03104533402432552,-0.03337675509931887
512,-0.0044372348808815465,-0.0076434827191549926
512,-0.00020685750483306897,-0.0025860576916198474
512,0.03596811391549859,0.033255303507740586
512,-0.015329192565035732,-0.019524706132943104
512,0.0342207805418524,0.03147419697082071
512,0.02041471616243662,0.017680150753058288
512,-0.04687857304913745,-0.049838358003953864
512,-0.03353116021825947,-0.03710600248160534
512,0.004565265550673159,0.00047277661484618205
512,0.06863155319473413,0.06457488281552093
512,0.05418047023430106,0.04942674683134862
512,0.025962182727640226,0.02259074844401976
512,-0.022839628044857452,-0.026698895506531484
512,0.049942336541998866,0.04711761556677846
512,0.028658777245234135,0.0247070835632186
512,-0.024746172845147962,-0.02756453364527217
512,0.01318158205390002,0.010364016683640287
512,0.03995095436203916,0.036363230697432525
512,0.002323659739563333,-0.001237094484752288
512,-0.015822495770267286,-0.02057099708432203
512,0.05334678677251459,0.0499878566549935
512,0.07633965215524097,0.07235080967071783
512,0.07946496447157547,0.07484345169529572
512,0.05801927413618385,0.05442248506339192
512,0.024455097860327624,0.019701044802064693
512,-0.003115107327090083,-0.006664915371447866
512,0.032231276261834085,0.02956199625971706
512,0.08135445581121997,0.07685975544909146
512,0.05549464992703129,0.05149959417060396
512,0.04102902417054094,0.0381270053832769
512,-0.002008153288434067,-0.006296586013648964
512,-0.07671666596867321,-0.08030189247303743
512,-0.006429704887198462,-0.009816849929094484
512,-0.049538125212249706,-0.053161013644831334
512,-0.014127886344712792,-0.01683825832866248
512,0.04579721747459464,0.041396405779511425
512,-0.008711876548473163,-0.012189119824105643
512,-0.0386007771038131,-0.0414776630977966
512,0.02619475310450714,0.02288294645352501
512,0.007817919236859983,0.0048157918658377485
512,0.010542649710023388,0.007037880905985838
512,0.022157749357765932,0.018817369843448117
512,0.008162994854550076,0.004695977335234358
512,-0.11119598014197829,-0.11578617106423195
512,-0.009238675130606333,-0.011903461787715008
512,-0.01691053412722532,-0.01989683017002175
512,-0.008180036824183223,-0.012629246224265311
512,-0.01873375555803586,-0.02206573197860945
512,0.04602721003396082,0.042917590659402705
512,0.009505160318061145,0.005962255403886452
512,-0.01409681137080665,-0.0177504913997088
512,0.0033665367442724525,-0.0006560102861602468
512,-0.02768316941026866,-0.03202792756906181
512,0.054464182963988694,0.05049083762028955
512,-0.020086008280609247,-0.023776725942839805
512,0.014846456284045573,0.011966087448704199
512,-0.05058141478477535,-0.054059707902480825
512,0.02180165459150296,0.017234799859975503
512,-0.06449458646008394,-0.06825142893868008
512,0.0355545216329089,0.0318751632043785
512,-0.025553540771305228,-0.02937775551130134
512,0.004003661931544389,0.0005091754082818256
512,-0.03252157837346503,-0.035627660587792986
512,0.0002249783918281678,-0.003651739557423872
512,-0.03389541709468519,-0.037639513110649614
512,-0.040105936456539704,-0.044566973971708446
512,-0.003821389786442253,-0.007480158340110343
512,0.03899919033756688,0.03527812472073766
512,0.07367272837017558,0.07081075576682982
512,0.03735290402704189,0.03347182552667233
512,0.014277346417358061,0.009952045910560037
512,-0.034606185680020884,-0.039164295959079554
512,-0.04087053215249403,-0.04443840805849292
512,0.013674406569175124,0.010219043184307108
512,0.029060285398117336,0.02547969760692209
512,0.0038861066539629396,0.00041906358752324957
512,0.0573468293884879,0.05439269235026123
512,0.02741681371032767,0.02375809460504036
512,-0.040211397376426095,-0.04416773548505115
512,-0.023854589624465183,-0.02673061615091532
512,0.051986955436737814,0.04836726343119857
512,0.007498123621374142,0.004918276005630384
512,-0.034982303087563005,-0.03843084445600248
512,0.003169539123099585,-0.0010921345447059694
512,0.03539512397918759,0.0312521231956418
512,0.02081506369400765,0.016341658950440374
512,-0.005171206428606523,-0.009763861942905627
512,0.012225254990882173,0.008940417789436605
512,-0.009257456144488863,-0.013771899062653192
512,0.04730971241627463,0.04251813540698696
512,0.07395063623403753,0.0700024917708823
512,0.00620778695192048,0.0028770019144779835
512,0.022055363616889923,0.018994664326741573
512,0.01671868142611821,0.012695696481494156
512,0.0009315452291049353,-0.002406429181766645
512,-0.005180341535876265,-0.008427800912090444
512,-0.031805629775335076,-0.03510169422584797
512,-0.011251245197454907,-0.014709024454334918
512,0.028305998921955566,0.025321010452660053
512,0.0033966088288761576,-0.0005273721001012865
512,-0.02246503486646273,-0.0270744969500602
512,-0.04213103935420087,-0.04503388600582542
512,-0.041947555521676394,-0.04455687457412416
512,0.06636684052998659,0.06387401557970668
512,-0.004023375888731862,-0.007601327969830873
512,0.0012683362482685534,-0.002025430658149252
512,-0.029413145588012057,-0.03351464935538473
512,-0.0173927065922575,-0.020195333975412344
512,-0.11190427608788256,-0.1155691348721935
512,-0.0023888797477417123,-0.005868995992727444
512,0.0739423518013903,0.07026067302921385
512,-0.023008996937858184,-0.026271837544236953
512,-0.03584193699465804,-0.03947509814188194
512,0.00856489076690442,0.004268598522188638
512,0.008509569938866701,0.004276201940325519
512,0.010730020085268077,0.007103769489321954
512,0.026555158279818303,0.023025736368443628
512,-0.05183835316963076,-0.05431385976813752
512,-0.03432195941966343,-0.03745067213302061
512,0.017756378337063006,0.014616182203663453
512,0.01108620987103609,0.007122875870487544
512,-0.010146272404801815,-0.01338050714579292
512,0.008653111603199592,0.005988243263187587
512,-0.017225877576078075,-0.021419735081215252
512,0.03379382673640058,0.029797140625880736
512,-0.00699588138310292,-0.010477263051526853
512,-0.03701219177765824,-0.03991835887044787
512,-0.06331239758578655,-0.0668033991619939
512,-0.011631516420998134,-0.014740250306336522
512,0.03380138736428334,0.030508926758201993
512,0.01550657367374142,0.011573545177406164
512,0.024212653687511076,0.020325153039261468
512,-0.012088165030866516,-0.015498940289707386
512,0.01891671051824123,0.014791735886776514
512,-0.0045788917303449805,-0.009241880728868557
512,-0.038475315173753355,-0.042460164463510086
512,0.11289101545705821,0.10853468965760676
512,0.0034459004088229217,-0.00019793144035307186
512,-0.0030562185143284126,-0.00579618880156918
512,0.03673626152360149,0.0325221971561131
512,-0.0392454583856931,-0.04253148973026899
512,-0.08045559552437415,-0.08261657335287514
512,0.03945530994048119,0.03623328347480864
512,0.02087893974273991,0.01708961067858311
512,0.024109341807468376,0.020747533987050926
512,0.036805279580522876,0.03193391153841335
512,-0.05373891413114534,-0.056496376702734274
512,0.03498467560781604,0.03023741796220153
512,0.0522112254131028,0.04901008879083074
512,-0.010328484060913967,-0.01307271843183283
512,0.04430535400063923,0.040298083385206074
512,-0.047459315077039266,-0.05075840087080691
512,-0.02795518438508049,-0.03153856025244489
512,-0.04817215761478122,-0.051538042371859105
512,-0.012992699973583266,-0.01690725827730999
512,0.013367521304571306,0.008985463236560298
512,-0.008317929046950445,-0.012073859317338786
512,0.01609231500697217,0.012329133356095145
512,0.030351412998271377,0.02749557087042742
512,0.018604391499556727,0.0153233074356387
512,-0.061365327045018514,-0.06476055320757712
512,0.02858709585926722,0.024397038838723684
512,0.040464668453075225,0.036356547155083185
512,-0.056004334982268034,-0.06005141328428287
512,0.0479265289939772,0.04444442199984744
512,0.0384860541704391,0.03466028398049503
512,-0.06821392982154861,-0.07323990251897511
512,0.0393183484790709,0.03555391475852565
512,-0.00431400522301334,-0.007811616968234347
512,8.790331533076179e-05,-0.003290249613009666
512,0.03287091726594854,0.029423089981146566
512,0.027180126633600477,0.023521542697913844
512,0.03469383696314943,0.0309031027492937
512,-0.04166646020601755,-0.045550261887722376
512,0.011323560085046369,0.008542523403435032
512,0.03460721465144878,0.03108960386837789
512,-0.044877822769813114,-0.0492194101633337
512,0.008792855283548118,0.005669108697334502
512,0.02967351662700185,0.02749240056539365
512,-0.048908367593229585,-0.0529522015355996
512,-0.016383565599986605,-0.020386838140267816
512,-0.06939839496620437,-0.07283295814411733
512,0.0477406564318964,0.04504739233261107
512,0.03190240953359491,0.027516075436707477
512,-0.013160718096795865,-0.015434630686371797
512,0.001074793663666751,-0.0023432570571829126
512,-0.01878272448717022,-0.022576192243307924
512,0.04956968963497105,0.04614834207679419
512,-0.0007431582562867911,-0.004174549964198027
512,0.0593354599387344,0.056360750070906185
512,-0.00836628470951234,-0.01133492545585546
512,0.03988344164845736,0.0353965638469903
512,-0.04568067561852407,-0.048847161315882626
512,0.05015976783473236,0.047115280753789124
512,0.040374984786690715,0.03770789164469884
512,0.024820954173370158,0.020988841452241724
512,-0.0030441062553230314,-0.007428718205348905
512,0.011490670331906483,0.008039827786087472
512,-0.023905288628294274,-0.02712443206790266
512,0.009766013932576978,0.007180981309425349
512,-0.03876469448098374,-0.04074693036972887
512,0.030141777492197486,0.02731677326702059
512,0.020566239814700682,0.01662573662899519
512,0.05116322063140949,0.04894066599700081
512,0.0003835898598952836,-0.00400423735239086
512,-0.03600096438413941,-0.03952045354393924
512,-0.006257491002367277,-0.009791768844508997
512,0.05783738296035351,0.05330975453406739
512,-0.01143910705750989,-0.014686016511696987
512,-0.056329110320403775,-0.05929594702348723
512,0.015472242966909855,0.011921736900015856
512,-0.031987660059967615,-0.035253762815106116
512,-0.025327296541507893,-0.02843882840522788
512,-0.025847186202959616,-0.03011292037836777
512,0.03179055127398994,0.029328111684549074
512,-0.018249691911842114,-0.02206341690046859
512,0.044167256761831086,0.040386337096557756
512,0.07164074001712917,0.06842997798658862
512,0.023267729050577446,0.01972969512033179
512,0.04698863699426159,0.04187027618194522
512,-0.01108001152863769,-0.014185934624688978
512,0.05002217327457675,0.04614549348985636
512,-0.00937608898468456,-0.012885296782031708
512,-0.04081740442661391,-0.04490313573847421
512,-0.004981005921497139,-0.008045937771968215
512,0.016814429231006622,0.013506275622075292
512,0.01694826978998165,0.013990886985977391
512,0.02459983082668027,0.020962818681824924
512,-0.014334913832995844,-0.01784865713675765
512,0.01823744513080161,0.014618754570587367
512,0.004065352457922666,-0.0005134524155206432
512,-0.02456331016327279,-0.027939852645231245
512,0.08555473680050935,0.08338471866038094
512,-0.016570143152701167,-0.020677882725636088
512,0.0249352644789661,0.021735763533450136
512,0.026264507737111586,0.02242695862156424
512,-0.04642297412694396,-0.05071660151999785
512,-0.002544396509471636,-0.004512305785951742
512,-0.03513985010911863,-0.038603170003158827
512,0.026604199071289192,0.02304717052628691
512,0.06837312901015352,0.06561563605530446
512,0.016395529939466746,0.013041958398996134
512,0.04691970062250461,0.044102849251477505
512,0.04571604769620896,0.04228552809280539
512,-0.023345003429781797,-0.026039987223181127
512,0.010073083719383646,0.006605709749475719
512,-0.03582800239134459,-0.03960976473702971
512,0.02843332640559426,0.024361798283517755
512,0.044794468090729345,0.040644815272992685
512,0.003001753981234978,-0.0013458323144215356
512,0.016213096979483754,0.011985235998178523
512,0.0012797300198705286,-0.001129315469051928
512,-0.040014076589867886,-0.0438005700568474
512,0.030073134195031215,0.026058306849753188
512,0.016125469099110112,0.012356557504934529
512,-0.009591785240102513,-0.013463032029207955
512,0.03775985388492986,0.0336658190304599
512,0.01855394708841923,0.01589938430181631
512,0.08444458358259749,0.08115778611791319
512,-0.028833725030548096,-0.03307340651331919
512,-0.07062332749892575,-0.07374274210354875
512,0.012881615817660896,0.010661289724466949
512,-0.023114442980665173,-0.02566630343785936
512,0.02370509129752829,0.021621501673927457
512,0.04803085726143391,0.042813154455727365
512,0.00044130559387989265,-0.004111875190502268
512,-0.0378334019386265,-0.04095606287823994
512,-0.0062589234603692145,-0.008837492377393952
512,0.011994240576983228,0.008402436872999741
512,-0.01614440794548977,-0.020338286962691188
512,0.011902550687279023,0.007946735492341761
512,-0.031817309727088294,-0.03649975848458292
512,-0.012697204907894277,-0.015796652384263532
512,0.04725345143727672,0.04423931048754515
512,0.04477128605005598,0.04097248980351276
512,0.02067074812262848,0.017417731047698448
512,-0.058590373934580886,-0.06268763630966934
512,-0.001831207420176062,-0.004812810951883795
512,0.0078108754097793165,0.004691738652566724
512,0.0032977170856712257,-0.0006917021580034599
512,-0.010494632335133314,-0.013722713219597449
512,0.07396770295929905,0.07040705925156093
512,-0.0023733791472791976,-0.006230690514086923
512,0.03395276055354374,0.029868136729728767
512,0.03182658771798963,0.02888968846099954
512,-0.027119981779917757,-0.03151779430165147
512,0.03235075691371525,0.0287451650304425
512,0.010600946658759158,0.007671862758591996
512,0.038638139015118866,0.034548585492517214
512,0.02475596677153774,0.02107147974109863
512,0.024457772216500806,0.021139277171532245
512,0.05344616731865659,0.049895878606240396
512,-0.009050629929386989,-0.012148408632814467
512,0.04833224340613679,0.045636744448178335
512,0.0506119586441795,0.045753693245087934
512,-0.012613638771513724,-0.015306538558228444
512,-0.001486887355392874,-0.003983721266830553
512,-0.009837708199431527,-0.01381462385848492
512,-0.048764311448618425,-0.05240799031318555
512,0.05828569983260001,0.05513160309277709
512,0.020043997351261444,0.016862405938422365
512,0.06338593638081125,0.060060194449246596
512,-0.04417686976026486,-0.04788186679978518
512,-0.023949174540663365,-0.027616903315086372
512,0.0012546006882270255,-0.0022188659421601975
512,-0.021180123754646618,-0.025016081218154573
512,-0.03184701726615374,-0.03591766202870683
512,-0.07056791492323172,-0.07413940500144295
512,0.037054891978128335,0.03344037338948436
512,-0.027115916124541062,-0.030542485978983958
512,0.008844157901963967,0.0051658224071527425
512,0.03189240425831125,0.02795288666767798
512,-0.01696150893352849,-0.01993081222523113
512,-0.00720956981442783,-0.012033351507903411
512,0.049694916707548775,0.046863158096592084
512,0.03911939848932322,0.03472934341304068
512,0.05624880758977935,0.05177286365092465
512,-0.02149184674607596,-0.025576276945556697
512,-0.033323221897229305,-0.03708170739636879
512,0.030756212320037835,0.027820703297686322
512,0.007276561982760388,0.0053056785582918375
512,0.02473884541383614,0.020766396186874425
512,-0.07027280603771663,-0.07384342355251805
512,-0.02526137215149804,-0.028000471415163708
512,0.007885670909060172,0.004284181224377237
512,-0.013651868566084358,-0.01803777037675025
512,0.0030949751044546114,-5.875388876513954e-05
512,0.0005848849275817414,-0.0026510465362831748
512,0.019890103192182818,0.015870097177015874
512,-0.050383404460881354,-0.05411493678918733
512,-0.03856240862130733,-0.043565710355379594
512,-0.04720411164978089,-0.05030853684963654
512,-0.05766696954060946,-0.06156161484887873
512,-0.0008939861850377762,-0.004839572203039877
512,0.022211027503767244,0.018854412524033082
512,-0.03609197894432392,-0.039607562297957366
512,0.05460182881219422,0.05137092190086234
512,0.018714531744936258,0.015252175621372543
512,0.02747942913596091,0.02413667014164872
512,0.0641067733544145,0.06063425188462185
512,0.018809617047568783,0.014692781144932832
512,0.03899831372356549,0.03515602769813364
512,0.02114040783523885,0.01759790708174258
512,0.020246820683103017,0.016586255979591846
512,0.010870678321205529,0.00773965521637987
512,0.003465967015160498,0.00034292845757710744
512,0.023241684276584018,0.01891131438216198
512,0.02540768684764244,0.022027111329157467
512,-0.04975086140254609,-0.05272535635937475
512,0.0448178505111369,0.040772703851552294
512,-0.04213989485722158,-0.04656978891566438
512,0.07354110435278327,0.07175889423247189
512,0.03587779888634007,0.03204355606956005
512,0.05668554379518875,0.053226591862432504
512,0.008939169199150943,0.006037415648812106
512,-0.008956738795958485,-0.012395480597730657
512,-0.011334140315847507,-0.014639803921187744
512,0.0616460423559132,0.05815313061493271
512,0.022483392613857844,0.01938393207750566
512,0.046282220727071555,0.04415198313128177
512,0.01061305271162255,0.006785357221916921
512,0.0428677719396785,0.03942300556822076
512,0.027412140013113928,0.024142750526425394
512,-0.005549225870481178,-0.009791238967881422
512,0.0439100053983858,0.04074948695384317
512,-0.02127774941810867,-0.025658995625047976
512,0.006097625673227691,0.002392970618702417
512,0.017033950284424337,0.012852544098145902
512,-0.07743991221412772,-0.07989774355061152
512,0.0014559227125169882,-0.002281289188999669
512,-0.05379766669322611,-0.05682929754821331
512,0.03779742180322587,0.034567468706295346
512,0.03145149602316405,0.028336239609940805
512,-0.007048888841045486,-0.010242175923554198
512,-0.013265024434474804,-0.017085997918337148
512,0.022985112118615703,0.019562319050908106
512,0.05874260891562527,0.055308629366315476
512,0.032257750498267956,0.028286036043005225
512,0.0011222746484654822,-0.0020885951054548935
512,-0.016771002451580086,-0.01994778681218301
512,-0.036609956644281405,-0.040374179934587306
512,0.07793739058573734,0.0741768045323895
512,-0.033371552529323056,-0.03610094096124361
512,-0.0298292929052138,-0.033549259846865964
512,0.051386505404795224,0.04763835007321243
512,0.03960138137174757,0.035797927540972996
512,-0.020387250757779862,-0.024565504201738808
512,-0.019535871182472797,-0.021787779262706974
512,-0.05513502294075545,-0.06058286904230448
512,0.003943044911754567,0.0001244616842503432
512,-0.02042121008170672,-0.023746700992186842
512,-0.03085963879220771,-0.0333303913155944
512,0.027251162866762657,0.02280520673402453
512,-0.01297795783671557,-0.017453296285207975
512,0.03837115451481221,0.034206624278693754
512,0.012168938361691584,0.00830055199089369
512,0.03248028529613106,0.028789926995510695
512,-0.06954729098365237,-0.07213746882567879
512,0.03415963194669297,0.030313461975338962
512,0.04284057483130671,0.03997338691992336
512,0.03616984582513255,0.0332022151477252
512,-0.015737157418960757,-0.0187214443567012
512,0.04600326054319365,0.04362697560996687
512,0.0033197843233330193,2.1362859296603087e-05
512,-0.0721604368015637,-0.07627416928578601
512,0.020721947112740446,0.01779800709703666
512,0.003975099469563925,0.0004326392753222219
512,-0.017314568902147276,-0.020033421332568135
512,-0.008071089955491717,-0.011088228888671836
512,0.034053199057623496,0.03052112401173035
512,-0.028273004207186758,-0.03136366804299512
512,0.004417804798725,0.001343978377202626
512,-0.06616709399818477,-0.06925974064625301
512,-0.0324356953781515,-0.036331644090370874
512,0.01790239337308691,0.015521201099168047
512,-0.03478763754677244,-0.03803060969606381
512,-0.003553031434481102,-0.0073609351375809595
512,0.05434212309546527,0.050261756387019574
512,0.08789656768074977,0.08459499821890032
512,0.027554654376638732,0.022604612852337835
512,-0.013469592067824943,-0.016449244124396023
512,-0.003934031841849872,-0.00740205531280369
512,0.05799600245900138,0.05441090765847473
512,0.003713230863907513,0.0006418990540717484
512,0.024726280132654654,0.02206884962242006
512,0.04075861193152974,0.03796041627576208
512,0.002072442396173435,-0.0015661210411194726
512,0.04225434766886449,0.039854459422632604
512,0.07790756482128791,0.07405875465913375
512,-0.015533908439867128,-0.018775289303125886
512,0.03216489684406382,0.02856676187730456
512,-0.028842060951993376,-0.03251835283480564
512,-0.0477073185960008,-0.05049754083243729
512,-0.07901302959376577,-0.08235959757015437
512,-0.022414081151046372,-0.025968769021835203
512,0.02574073378310965,0.022205133978236757
512,0.02268107786198842,0.01971100026376199
512,-0.014908656491157524,-0.01947625519397772
512,0.011608913264452791,0.008058323236570464
512,0.01056570933601797,0.007249492205754882
512,0.03133180405186359,0.02702833647228725
512,0.002145076106881416,-0.001801863066069942
512,0.008704782860422866,0.006046784091398638
512,-0.02772859646059317,-0.030669001768389437
512,0.015373403137757813,0.011947482401255927
512,-0.04611201873976306,-0.050225180080813225
512,0.02307716604180171,0.01887013708383406
512,-0.010711531177179046,-0.01393492668247659
512,-0.005270707148918474,-0.008784765930472449
512,-0.039679431834596934,-0.04403521083953443
512,0.011534829278965708,0.007383959096791792
512,0.036042987098864665,0.03278952111165989
512,0.009676941421338625,0.00555560233034208
512,-0.004450212509671314,-0.007948286423620943
512,-0.012726577640146564,-0.015517918550191023
512,0.006754094809206634,0.002944767847872176
512,0.034193738999264034,0.03053842661796058
512,0.03856108340500036,0.03521154885818589
512,-0.009293625449031007,-0.012048711564813408
512,0.04388911949295543,0.039665444724407584
512,-0.020412134027925855,-0.024476841401135707
512,0.043493951515316875,0.040299353919475034
512,-0.06522103933719159,-0.0692869229226532
512,0.009607622293607287,0.006185620574999717
512,-0.03550962497332144,-0.039228592404036144
512,-0.08243473669885176,-0.08585823936762194
512,-0.026222412950883456,-0.029179118477361377
512,0.01709120924697949,0.013170414966253707
512,0.09922346744707738,0.0965240428522996
512,-0.05657554861824948,-0.05962524137484654
512,-0.003221364105296387,-0.006949048965384064
512,0.021886128932376736,0.017742685927590485
512,0.012356238780777462,0.008734873209369054
512,-0.017357561405235256,-0.01984087750499558
512,-0.00370167179381109,-0.006544273709865933
512,0.0623259860492712,0.058433469805655724
512,-0.010293515542087739,-0.012799699912602214
512,0.08081767577599924,0.07730471593162047
512,-0.053971565530203824,-0.057992917753072026
512,0.06445282869743091,0.05923890336516213
512,-0.011680117653592947,-0.01455481161363048
512,0.022248846624450258,0.019543629596853407
512,0.052623157709184853,0.04898416882789963
512,0.02077827029196916,0.017159377632837425
512,0.0103068089010801,0.007084845707126364
512,0.01825728398067239,0.013568680327410432
512,0.027011245300302467,0.022314513556757787
512,-0.0463846312975007,-0.05051023849652314
512,-0.06181719638601085,-0.06516951861783143
512,-0.02039905386916241,-0.023817979476717432
512,0.021700723691487622,0.01880153856305955
512,-0.017656207967674253,-0.020874349298715955
512,-0.00018638535671711143,-0.004283999491591972
512,0.03240618342303503,0.028905484297791384
512,0.03553660456945368,0.03241681394971002
512,0.030540852488604497,0.02685439331320444
512,-0.07687339600711757,-0.07934888791719918
512,0.03315785820402867,0.029855483146741357
512,0.00022174327999402443,-0.003725648029408557
512,0.009208756786448669,0.005936767716830438
512,0.020732140779814556,0.017468804398533155
512,0.0228133077221494,0.01953949297570201
512,0.0336320761104823,0.030878990649621463
512,0.019447577292520335,0.016451787639465754
512,0.016644610709761254,0.01270086705470913
512,-0.004413396664574576,-0.009006868365315834
512,0.026952177129847377,0.02235342158191589
512,0.004588979837108487,0.002752365504757992
512,-0.00041317271059099214,-0.00440077965568364
512,-0.020483530102562264,-0.02342864158995628
512,0.027208068962083443,0.023332083297060824
512,-0.009826051240098,-0.013249985301405087
512,0.02572320125154054,0.02178840521587444
512,0.040056435651608546,0.03760492614515193
512,0.02201857775410171,0.018702799678817217
512,0.08058251510496744,0.0764622090772496
512,0.017778839196713248,0.01648519148637545
512,0.02254710906845192,0.019064839693131108
512,0.042945191724179654,0.04000736181403797
512,-0.03358388203049362,-0.03741600002855161
512,-0.025011645689135165,-0.02875784033968748
512,0.023924669236525697,0.020527944530864595
512,0.06580554538977418,0.06262353149951638
512,0.01891424160044325,0.01511963924514037
512,0.007641050734019883,0.0031975881525863614
512,0.02718704772685171,0.023034314123618616
512,-0.02397275416685346,-0.027577621347103898
512,0.01452507490238425,0.011280297351706992
512,0.0676809612268428,0.06447879768021947
512,0.042395345562477704,0.03867024298541594
512,-0.01793168967509501,-0.020753286948965832
512,0.002085772377233064,-0.0024366827530416524
512,-0.01627297788877763,-0.020038440113642142
512,0.0037287630434002517,-0.0003210713635811713
512,0.04202783720537906,0.03827523362149454
512,-0.02058661446640636,-0.024459666523167722
512,-0.019165797861030787,-0.02301105120609348
512,-0.060111614049008055,-0.06427094913283038
512,-0.03710388794124636,-0.041003773127497534
512,-0.017493825272508645,-0.021018242264883302
512,-0.010409310740904898,-0.012443158414458255
512,0.02074603734250391,0.017307178927277567
512,-0.05756342036472811,-0.06127269852914108
512,0.017097358037088617,0.012570884707148122
512,0.08116122939300158,0.0771156090285755
512,-0.02521160322993421,-0.02913041165093494
512,0.03138199319466589,0.02785448841881044
512,0.029330772365607438,0.026536230054052035
512,0.06998326889480544,0.06610226172824768
512,-0.007688005223624117,-0.010874743285282873
512,-0.051174980486476285,-0.055214090868902554
512,-0.030972944134137148,-0.033652678980188866
512,-0.0548999079799104,-0.05799576118137839
512,0.03439107563880861,0.03045776132227196
512,-0.002961713747656247,-0.006799194163082389
512,-0.015932186276376104,-0.019378573513786412
512,-0.027796895421274614,-0.03170659608773352
512,0.054720088818790535,0.051568186884030365
512,0.009913987329787377,0.006290363509235508
512,-0.08536579710416309,-0.08865957208355901
512,-0.03249091819270378,-0.035619484563650605
512,-0.04928819255338185,-0.0531092674319536
512,-0.006477067627400412,-0.009833511567578779
512,0.10564391052800576,0.10230629107164085
512,0.0563702047718419,0.05203742297906533
512,-0.018415306025298228,-0.022450958284604416
512,-0.03570474445649324,-0.038933385325534975
512,-0.021922609891859124,-0.026116616370435997
512,0.03750370340036774,0.03373769283325434
512,-0.012087961897311317,-0.016377526074946858
512,-0.024268086886735596,-0.028476524914865686
512,-0.04763960887747465,-0.051585514328687854
512,-0.0014932177893217657,-0.005802146473114778
512,0.03975175391822483,0.03841550532869187
512,0.08878702300640456,0.08476586821841198
512,0.037681633316524854,0.03414947519210659
512,-0.05347112326244241,-0.05649803504132611
512,-0.02708183323360347,-0.030669656682962454
512,0.0548038335493341,0.050998128035752266
512,-0.026822848505927255,-0.030704267139116004
512,0.03821560406950919,0.036031872805884047
512,0.06416041804233058,0.060607007534032475
512,0.026912991340809322,0.02296349932304248
512,-0.1014222014966219,-0.10505873121514925
512,-0.0523315075787113,-0.05573644746804618
512,-0.08689809308378627,-0.08985793332362213
512,-0.03655266567990856,-0.04023256798837854
512,0.023411429100628878,0.0197512317981553
512,-0.003928118644782541,-0.007152955663551175
512,0.02191844145646271,0.019194209470997592
512,-0.0014269696886862193,-0.005254267577828486
512,-0.04425891510025437,-0.04643161941408652
512,-0.020132606768838268,-0.02445113419996431
512,0.03247656333898491,0.02849875878426339
512,-0.05213932221615403,-0.05600238959060089
512,-0.07081304891151063,-0.07424780421993032
512,-0.02410760278728219,-0.0281241250971635
512,-0.04201513484149344,-0.04554343762571522
512,0.029532652674812476,0.02612203427694859
512,0.07708677811173859,0.07329667237347859
512,0.0038486561716343792,-0.0005730525487013249
512,0.015872793402792407,0.012545076992764026
512,-0.011210377654739645,-0.01322803327575267
512,0.04320174394059084,0.03958510986690633
512,-0.03990118425402489,-0.04339144511852855
512,-0.0047741521870343084,-0.00752289964477898
512,-0.004307098510750285,-0.007930633105367957
512,-0.012282908597489206,-0.015387258525246361
512,0.02138248774138185,0.017915231078609428
512,-0.023283175210270513,-0.026874915239223918
512,0.04800338764471751,0.04539583774640038
512,0.03945285119550135,0.0360690056996158
512,0.055620745320952125,0.05152801690791342
512,-0.008203917484989054,-0.011312011687174162
512,-0.002759350843385522,-0.0067820606332267275
512,-0.02794486811640806,-0.030436137450229273
512,0.003599199297374567,0.00048314617594585885
512,-0.011314790737268099,-0.01505959817293534
512,0.01861458273665023,0.015220553033001072
512,0.03727019832958861,0.03357504085274304
512,0.022104188804848324,0.018452270880805588
512,0.07030087782730338,0.06777740018211609
512,0.03506756777715786,0.030857689039244296
512,0.006155700729425506,0.0018531909060733875
512,0.12703661796779925,0.12472340896300166
512,-0.02551434213415671,-0.029087035227715163
512,0.04552646305891328,0.04244492712533432
512,-0.006932273829283131,-0.010391098062494553
512,0.019547624089710336,0.015521781549685143
512,0.0686919479091892,0.06485926298015782
512,0.03917943726583539,0.03583783637253529
512,-0.0022873612353254136,-0.007717758339057634
512,0.021248660586433155,0.017945990003758572
512,0.057027588095653614,0.054039723106270976
512,0.06278852817482578,0.0589091587107658
512,-0.007535492267496224,-0.011438920694727461
512,0.012258738408688075,0.009002710905279043
512,-0.034564964554876176,-0.03809741027558772
512,-0.001502439609145978,-0.005341863542491387
512,-0.0065717440149515305,-0.010099167965594014
512,-0.009386007601190072,-0.012682812895914719
512,0.015692641261313478,0.013501393501985315
512,-0.013145026848533803,-0.017640328496523194
512,0.033600533037723535,0.030300088798276115
512,-0.0376992480970057,-0.0409395708807791
512,0.04013044736850008,0.0364276068957366
512,-0.020673331577254594,-0.024180684847565803
512,-0.008701555810395833,-0.01319158753371047
512,-0.03002995530982111,-0.03378408087321072
512,-0.001703566485521224,-0.005770447175255655
512,-0.01915520372502999,-0.023800906247122333
512,0.03110009111337142,0.028354743993746323
512,-0.047197001853783005,-0.050359978919924664
512,-0.06860416661370211,-0.07153962399781799
512,0.016843452879418908,0.012615413031886902
512,0.024066922456233375,0.020832425228478224
512,0.02106506700373645,0.017600235862703317
512,0.05208294491285331,0.04980472873523467
512,-0.000922047519415603,-0.0049194489418109
512,0.004630347229396481,0.0005744503570419002
512,0.005029405992929892,0.0019133416941507497
512,-0.021623508633661137,-0.024938040576125142
512,0.05252059349471844,0.0484842850047123
512,-0.0769214015007938,-0.08174563087180936
512,0.003544313501404439,-0.00019527587356449327
512,0.005425180966641074,0.0004361946787270199
512,-0.03497224885689032,-0.03855865308995182
512,0.0711593895544913,0.06784190979363364
512,0.07670879043936013,0.0733646014777099
512,-0.07067325606008551,-0.07407614523696066
512,0.0034572536793666675,0.0006582868561642585
512,-0.01266029224271309,-0.016495298590448904
512,-0.004255662789880488,-0.008183522488847517
512,-0.04272379467555837,-0.04640089032804823
512,0.04353024741623557,0.03940291253923922
512,-0.01690822304122741,-0.020525076464432357
512,0.010008669148237004,0.0065758807828849575
512,-0.0047894871570561826,-0.009256969419236982
512,0.04425536897552074,0.040833556111202374
512,-0.035821100700166975,-0.039166783285079165
512,-0.01892756764567588,-0.024291931582432702
512,-0.04510697803304897,-0.049235894443961814
512,-0.023265074584929768,-0.026929070659085452
512,-0.02736831209732926,-0.030698691469042805
512,0.030178539090073453,0.025578023520735738
512,0.03494577149914113,0.030585680523817438
512,-0.0801851433543363,-0.08348397401725288
512,-0.0127752324011009,-0.016109956323595798
512,0.07109621429115814,0.06789246329596688
512,-0.004368151757759564,-0.006742653672114518
512,-0.02896143268098228,-0.0327934931694262
512,-0.012521906023222618,-0.016311048990332033
512,-0.022153806336823456,-0.025907625418960523
512,0.05598415094282433,0.051740007564667345
512,0.057880814699889094,0.0543577341699108
512,0.007657926175047347,0.004308497876610473
512,0.0021936940798021887,-0.0011038172611221309
512,0.008357346050813452,0.005216017383524396
512,0.014645176074244926,0.012113790228207966
512,0.09894170741979719,0.09654564999062848
512,-0.0034056703960779755,-0.006351061894964649
512,-0.005897209101738132,-0.009296737109878217
512,-0.04830931873546601,-0.0524334991774239
512,-0.007575690909095101,-0.011351748637214276
512,0.10599603360091253,0.10328466953966048
512,-0.03514953015354788,-0.03972984571049759
512,0.05354485407963161,0.04930893779603007
512,0.05990721750908773,0.056482096232531864
512,0.05533801304604191,0.050595655865587175
512,-0.01622033317798427,-0.019290728176916516
512,0.04797220658723428,0.04532986031667524
1024,-0.0189960192835123,-0.020683261053167923
1024,0.05744364122361739,0.055112396559982124
1024,0.05291888247723281,0.051260503514409084
1024,0.011775699117311855,0.009846177635947417
1024,-0.06231340901779958,-0.06415026472396229
1024,0.025986806069250634,0.024128171956787514
1024,0.00032094759899919945,-0.0013440935210402571
1024,0.027004936998005546,0.025399162384990848
1024,-0.050784305763406645,-0.052828658461724465
1024,-0.023513192187865517,-0.025483582615292655
1024,-0.03341257163919853,-0.0351109758044888
1024,-0.016373605835169613,-0.018102206912237295
1024,-0.002050221621196835,-0.004035546509978838
1024,0.038867229184393115,0.03742332788178193
1024,0.005640470088375926,0.0033550280051174997
1024,-0.0052459696705483005,-0.006685589031311445
1024,0.009180822120646248,0.007443249398419449
1024,-0.033537746932608636,-0.035016407760585344
1024,0.0007431104088135299,-0.0007814518154889982
1024,-0.0037418590941562524,-0.006299537470666916
1024,-0.03341273716333204,-0.03536584690517691
1024,-0.03530958144710661,-0.03730938827283864
1024,0.040641761108040575,0.03891881397043001
1024,0.023733685400892157,0.021928302012810097
1024,0.01571675421560642,0.013906003623589347
1024,0.013034968201210695,0.010891424089606527
1024,0.01429965056899457,0.01240685588088819
1024,0.011889688532281784,0.010004451429966643
1024,-0.007991707680211624,-0.010032909261930179
1024,0.044640521040547054,0.042694602809285664
1024,-0.027622121016265044,-0.02827283506097833
1024,0.02174321790631134,0.019937067930033026
1024,0.0214937868030754,0.020315750295060164
1024,0.05724351470385869,0.05581746967841611
1024,0.033228925232966555,0.03188112402805143
1024,-0.0017174526389751033,-0.0037092162531797146
1024,-0.005781667905514598,-0.007470229051170285
1024,3.8203339560005656e-05,-0.0014976602036774755
1024,-0.03383175837739544,-0.03559556542277087
1024,0.03578284659850167,0.034591143650936185
1024,0.026211743905939,0.024422420826609503
1024,-0.013546751125061762,-0.015131846680181693
1024,-0.04225692189678937,-0.04396117238070879
1024,-0.03187222038152626,-0.033440401134199604
1024,0.04916999694791452,0.04751838751920695
1024,0.03412713310611826,0.032360141804830767
1024,-0.006018655291583852,-0.007705036299292811
1024,-0.014059294274999412,-0.016531176508152556
1024,-0.024771184616601494,-0.026767924060972892
1024,0.027652553123510837,0.025905595935949488
1024,0.006979516513540507,0.005233364373286087
1024,-0.0024547272965988465,-0.0037219562691133135
1024,-0.03301860739533641,-0.035148962516798055
1024,0.0017111770210694877,0.00027680944062846713
1024,0.0038752025281206803,0.0014319481321090066
1024,-0.023422679340985575,-0.024828415898434986
1024,-0.0029788181358970656,-0.005008517047854155
1024,0.04099422082742443,0.0390780932252805
1024,0.002893895712404615,0.0015090142761101655
1024,-0.0080118918380499,-0.009959581833006825
1024,-0.03533263865390923,-0.03697830212451303
1024,0.03242050187433837,0.030663114498516053
1024,0.036041275616048474,0.03455202230813237
1024,-0.030389763707596273,-0.03197093927765354
1024,0.017693721944343543,0.016220510522349574
1024,7.197443824247252e-05,-0.0015461616356310937
1024,0.017366048629167463,0.01536772632612643
1024,0.005520562181452693,0.003597474646139187
1024,-0.02016748527275153,-0.02134400497914768
1024,0.007286043279020493,0.005006010157282081
1024,-0.028885677326035697,-0.03110322434241164
1024,-0.02080205687532133,-0.022498443984513228
1024,0.0071454037697842865,0.005363873158334587
1024,-0.03345258039779969,-0.03453327746921292
1024,0.046324128104006934,0.04500108329000474
1024,0.0034346592093331685,0.0016011057579694565
1024,-0.04081685731587753,-0.042144952652162115
1024,-0.02864917485970958,-0.030634329507619684
1024,-0.030084710375652912,-0.03211416402952272
1024,0.018431666508522515,0.0165535878420891
1024,0.02695295158241451,0.024894402323656084
1024,0.017363886527727246,0.014871376707161488
1024,-0.030167451129371192,-0.03164811527150174
1024,0.05067823547520994,0.04948683669221993
1024,0.033346775916590465,0.03133941140003771
1024,-0.017931975844567127,-0.019662093856537832
1024,-0.00031501080569340534,-0.0013193359058508158
1024,0.0034507159982897773,0.0022692348839956633
1024,-0.0023592695870132685,-0.0038468043167904087
1024,-0.004810602272260711,-0.007061735566600114
1024,0.03684381034976714,0.03496976077628672
1024,-0.01917107346337854,-0.02069670456953937
1024,0.0007255166990027817,-0.00015584711275529184
1024,-0.010645648274367925,-0.012407272502474198
1024,0.051697252271700966,0.05010827153426567
1024,0.04837414933298978,0.04678793814276483
1024,-0.020121704487731762,-0.021418634598768027
1024,0.010831457966103686,0.008641907632513102
1024,-0.015420226720771368,-0.017187238222765355
1024,-0.02508147693809276,-0.026506776574785784
1024,0.03514053567440312,0.03355671431013091
1024,0.0380563758756059,0.03630149447597353
1024,0.03850721989101452,0.03641113225532261
1024,0.029102999621844317,0.027388751059951255
1024,0.013019270956467266,0.011053724385655328
1024,0.004433828856357458,0.0030721935203295025
1024,0.005778434206502536,0.004258855487481117
1024,0.027469346832505792,0.02543594526051063
1024,0.023755111393506112,0.022035956035680815
1024,-0.035327718277474385,-0.0373774275249566
1024,-0.008218319852812073,-0.010002780050714255
1024,-0.01273458359499735,-0.014654729432767688
1024,-0.031625610273336435,-0.03329273516548331
1024,0.028826884291977772,0.027165808876406683
1024,-0.010494583520184564,-0.012390837738374127
1024,-0.026632528599831617,-0.028482340188925037
1024,0.005021704298993013,0.003182360936550277
1024,-0.01984947044250973,-0.02141788402098488
1024,0.029578943424471205,0.02741746666285555
1024,-0.02561642620485649,-0.027270252991352106
1024,0.035306790095430585,0.03389403870391494
1024,0.027133608059538517,0.025095660385094476
1024,-0.001766004479475669,-0.0036291930383834936
1024,-0.00010510835342131264,-0.0015709665653912408
1024,-0.013679744946705263,-0.015567335536455618
1024,0.020898526644122617,0.01862550364195098
1024,0.004508959927181033,0.002995603140505898
1024,-0.00826681870549889,-0.010656450402528606
1024,0.04343689361711428,0.04153869992517084
1024,6.924676911379546e-06,-0.0018260392869839936
1024,-0.040930461720104394,-0.04268040749839441
1024,-0.009420701422508337,-0.010929128664789012
1024,0.014097123057646821,0.012552250204347637
1024,0.02805640178162283,0.026361850944466414
1024,-0.028368456555730004,-0.02999947977442957
1024,0.012028613632161567,0.01105132021805133
1024,-0.018169477028355363,-0.020193740688747852
1024,0.0005015268246925664,-0.001429166106364621
1024,0.03945263367451629,0.03793233909405541
1024,-0.01594158761640152,-0.018058405947723788
1024,0.031393779106106245,0.0297264178501222
1024,-0.002320031843148329,-0.004543224575854654
1024,0.03998332739587779,0.03804328471869384
1024,-0.06260326547462719,-0.06380537093034178
1024,-0.0028982235201288065,-0.004878889544722487
1024,-0.00926951184198066,-0.010606441936628241
1024,0.010357267685278004,0.00854397870572604
1024,-0.012290522384927338,-0.013908661634236152
1024,-0.017152604589509957,-0.018672417651276363
1024,0.016639435434231575,0.014880233085146632
1024,-0.04035743535713243,-0.0421504751513605
1024,-0.01681501418731951,-0.01857698492695886
1024,-0.0009745027071997869,-0.0030081773905915044
1024,-0.018330368379449236,-0.020076695963765434
1024,-0.05212367116578992,-0.053611629507283265
1024,0.015212648254774752,0.013896685930066932
1024,-0.0004443611778652268,-0.0018695924067367864
1024,-0.0200050248800292,-0.02175423756226158
1024,-0.009162959197213216,-0.011315433911014194
1024,0.022474599623774516,0.02063379314097641
1024,0.005465987960225349,0.003511703857926707
1024,-0.004383225847203909,-0.005862711694916312
1024,-0.03127591649800343,-0.03260554203002952
1024,0.05219581660515549,0.051013409838833346
1024,0.00925535467085703,0.007358842846195646
1024,0.026699850967685512,0.024672733152199144
1024,-0.034562424726531926,-0.036555651964875646
1024,-0.003037697633174352,-0.005271979033347252
1024,0.014858456159844102,0.01295818302774071
1024,-0.027109649002308,-0.028701825073122633
1024,-0.05981289601819373,-0.06151651858367041
1024,0.007826443803799765,0.006785242206466202
1024,0.06888208357686265,0.06736313693166707
1024,0.05090514789791706,0.04926814362422993
1024,-0.006317226382836105,-0.007511733173041879
1024,-0.005684878053539177,-0.0075518334959449596
1024,0.07345402716389782,0.07176543008965497
1024,0.002779851424557611,0.001591295869750986
1024,-0.0372223704831649,-0.03863943582502283
1024,-0.05393433296697281,-0.05589982599862797
1024,0.01645081463107334,0.014552555082316232
1024,-0.04035977399715801,-0.04203342294137491
1024,0.06945655698735875,0.06742829400508316
1024,-0.005917413365364277,-0.008180767522583954
1024,0.0015083794976477605,-0.0002597470367873833
1024,-0.07684838987338355,-0.0786735462211231
1024,-0.009526919178875548,-0.011486206996662252
1024,0.04170619845062734,0.03999702252882781
1024,0.005252261996829932,0.0035761774133283852
1024,-0.014669445267971037,-0.016459580457896306
1024,-0.007486977910611092,-0.009473520495101306
1024,0.03831564124258069,0.036739597054592954
1024,-0.011125323099187456,-0.012567861946536307
1024,0.04895867864792541,0.04744162900656257
1024,0.03985591966185237,0.038028727702138776
1024,0.03346117087286571,0.03158476160058982
1024,0.020080065967860106,0.01749633416936719
1024,0.017972179916809494,0.016672847630522403
1024,-0.007899415725752201,-0.009459523325738295
1024,0.028543447508411923,0.026465870698644034
1024,0.022642939287698116,0.02089898546554081
1024,0.007948854844008535,0.00657475351108916
1024,0.008784600897202455,0.006823104209858599
1024,0.014528299383870902,0.01292513039648574
1024,-0.02144263398923474,-0.023041403092970203
1024,-0.013386389231067775,-0.015012135906561475
1024,0.004458936296784954,0.0027318759787334224
1024,0.020596305201351306,0.019117311946837134
1024,0.02395314433667589,0.022224229057370204
1024,-0.020601013914961552,-0.022314420983232275
1024,0.00794494126915496,0.006561038875621372
1024,-0.0334387075921041,-0.03515906896835991
1024,-0.039076974932969744,-0.04119272894199377
1024,0.021200934772786173,0.019458348836840833
1024,-0.01950968787855306,-0.021397642008417095
1024,-0.027155114230871025,-0.028543877417976593
1024,0.037435867259559,0.03578149665736363
1024,-0.005272305450069792,-0.006791462613361499
1024,-0.0256715753191733,-0.02779722816728325
1024,-0.0212826042966755,-0.023044076899092103
1024,-0.030345970772326092,-0.031762341974082786
1024,0.011304936420918898,0.009441647557792754
1024,-0.006435480284495032,-0.008056655801114643
1024,0.011241303492672272,0.009198665906978265
1024,0.03497235049733027,0.03334355752853385
1024,-0.018031945184977638,-0.019664486428377814
1024,-0.009787842938769775,-0.011282480171118492
1024,0.008599454444445542,0.006682206317312811
1024,0.037227163576548095,0.035214987553955523
1024,-0.000506870400932613,-0.0025993130166627743
1024,-0.005221419313798603,-0.006766638670330449
1024,0.03605059217594608,0.03382380734467327
1024,-0.014821922451560943,-0.015840171201720155
1024,-0.022962565578524774,-0.02514482638614296
1024,0.002743854851885552,0.0010465661724510245
1024,0.006403018941061545,0.0037618915589583413
1024,-0.06245448804659409,-0.06380054568619742
1024,0.006528735199474001,0.0044769485242752705
1024,0.012105522294074467,0.009958667358974937
1024,0.007678364404867188,0.006339605385102365
1024,-0.03532426691353274,-0.03681318222385249
1024,0.008889063003696407,0.007670399579659759
1024,-0.0007264902742237234,-0.0031103765888543244
1024,0.0034376511243623398,0.0020515249461854346
1024,0.023323921630449107,0.02166555900299305
1024,0.009417107403464409,0.007429657695245284
1024,-0.004413820461952489,-0.0062808962777156085
1024,0.02802496517160219,0.026123588131219455
1024,0.02779587358065161,0.026348301408501917
1024,0.0003580971461525917,-0.001097624533224928
1024,0.03498798390949237,0.03300727799620495
1024,-0.0212515027227812,-0.02347207475866203
1024,0.00961305449034966,0.007329746937168702
1024,0.001465277192201353,-0.0004144754310106413
1024,0.00353965037311349,0.0016706128110920981
1024,0.013604929560035839,0.011651452613893165
1024,-0.03955336666233278,-0.04177036011639734
1024,-0.02042960645159564,-0.02282272446500966
1024,0.027672708035325122,0.026305911262410886
1024,0.01249074279120932,0.010374587072513597
1024,0.022232337688744552,0.021086798398396944
1024,0.02591840371283305,0.02466906835946958
1024,0.008427492008223847,0.00659960001706289
1024,-0.032398654607127986,-0.03413934015190884
1024,0.01569012380035295,0.013962128403009921
1024,-0.02585626018061582,-0.027236545182459826
1024,0.029066991126539765,0.027403026361248917
1024,0.018490974739288624,0.016062646098077837
1024,0.028673472250568155,0.0271466122983427
1024,-0.025341102428972306,-0.026867357640410372
1024,-0.048805006158074205,-0.05022438378299099
1024,-0.03880785099103945,-0.04059346048543744
1024,0.01952700570054894,0.017419639817697563
1024,-0.02781186765527638,-0.029543461353115197
1024,-0.02584145296350726,-0.027477644596942075
1024,0.020250726097072125,0.01842570262929999
1024,0.023867256302733675,0.02223329203761809
1024,0.03731335683233872,0.03590197163831166
1024,0.009445641657387482,0.007833173248269931
1024,-0.024336802189197648,-0.02629241216529221
1024,0.004640635026891771,0.0029094648532215217
1024,-0.05693657243192807,-0.05861428511625366
1024,0.06099260443258858,0.0592858932804986
1024,-0.00708404581296862,-0.008580080377533217
1024,-0.03030850193869089,-0.03251556499095781
1024,-0.008497543168611232,-0.010523723608598379
1024,-0.018686839579594272,-0.02035026230134146
1024,-0.02484155808736982,-0.026354883093343995
1024,-0.01854115506119719,-0.02023562627582992
1024,-0.041822983706262584,-0.0437441937396974
1024,-0.033561932254282334,-0.03529584217430998
1024,0.0041946288001056264,0.0021250398096803735
1024,0.010625637021808743,0.008683285962935217
1024,-0.016329010664766164,-0.017896166373254585
1024,-0.007971217926379504,-0.009645891246127858
1024,0.06001886773764714,0.058222425158166946
1024,-0.030212501484470466,-0.031882734968825766
1024,0.007600051979406164,0.006108390032252109
1024,0.03816652845046825,0.03599049436452084
1024,-0.0028040302309016996,-0.004545437638575456
1024,-0.024852308002355383,-0.026736363729077173
1024,-0.028920348391005102,-0.030988581592378994
1024,0.024721506375010638,0.02291540453883184
1024,0.018417133084491777,0.016744191564730726
1024,0.0017754141036193105,0.0002190321754775293
1024,0.039681743132346514,0.0384901384608079
1024,0.03532450633436146,0.033375443299962226
1024,0.03530160637352037,0.0342284109786089
1024,0.009358343755283494,0.008141463750058087
1024,0.008856913272842104,0.006573576454909191
1024,-0.013655816532132325,-0.01567349969899079
1024,-0.012156135107551258,-0.01410884184277883
1024,0.013856283376896872,0.011848938267285891
1024,-0.003316091494392437,-0.0048173647486895455
1024,0.0384370850406654,0.03706416053077227
1024,0.07387774147824144,0.07208206401420525
1024,-0.027719308411119914,-0.029298496322348266
1024,0.0004900714922314031,-0.0015113835361247885
1024,0.0019263071319034486,8.776978778768374e-07
1024,-0.026972099194511656,-0.028920370349444335
1024,-0.0026163314358436662,-0.004277974161183473
1024,0.01683419239474504,0.015312679752445046
1024,0.006042446254512668,0.003962999374556464
1024,-0.034514372876519095,-0.03668839447722616
1024,0.03684050503651126,0.03536002615550082
1024,0.050342287163758326,0.04856238109919658
1024,-0.058800257826036706,-0.06074864119952583
1024,0.006389942220730971,0.00444379292604713
1024,0.03974524106727051,0.038050876301040204
1024,0.0003575444027566488,-0.00143515277903139
1024,0.02592918900958896,0.024470797915024656
1024,-0.017140026116371943,-0.01900566536696413
1024,0.013766691092491679,0.011996600552865555
1024,0.005545079526391883,0.0034569276394155746
1024,0.026084516201524188,0.02450621957352539
1024,-0.009417611416311922,-0.011179869591540381
1024,0.005177326010034289,0.0033167723561127183
1024,0.00839090830279593,0.006573384577048091
1024,0.0068418380357624375,0.004853941828135144
1024,0.026507997272199435,0.024558138136297702
1024,0.024544787181885186,0.023160197004086336
1024,0.0304368991171452,0.02876837849337327
1024,0.009424835437439827,0.007854195903890415
1024,-0.014174773465884416,-0.016024666155808276
1024,0.03785488518259539,0.03588293671650272
1024,-0.013559234618986948,-0.014969694629421493
1024,0.03592222521422539,0.03410759182570011
1024,-0.03217427595247613,-0.034197648181212736
1024,-0.039630024306117895,-0.040936565685121495
1024,-0.009344653794552626,-0.011431846613756458
1024,-0.0033208382842964124,-0.004687137085020943
1024,-0.0037775240266147425,-0.005547139336948392
1024,-0.032298158610216954,-0.034765823116562844
1024,0.0006795077531224214,-0.0009182482247006574
1024,0.0027287891894638427,0.0009831403634352198
1024,0.030061500614911862,0.028317763508105387
1024,0.033213930417895166,0.031617061831208104
1024,0.0048293304631633616,0.0031384616724109415
1024,0.0371263326155819,0.035523932615673826
1024,0.008363654393654496,0.00654999494415337
1024,0.004010956239006602,0.002130146886073825
1024,0.023978558193754218,0.022186391995808685
1024,-0.017937127622949356,-0.019530705229424072
1024,0.01812354167477198,0.01620845126856596
1024,-0.039221082633180915,-0.0408942164743476
1024,0.00529773041695325,0.00378242652530808
1024,-0.007718114204761151,-0.008545868418090796
1024,0.01936373771712807,0.01764566312677185
1024,0.040942851132593994,0.03913272572240817
1024,0.02795441518830516,0.02633851495617895
1024,-0.01968764253955735,-0.021006318865398554
1024,-0.0521368973137033,-0.0537663283544802
1024,0.016649246587687405,0.014666208362642985
1024,0.004602922166622558,0.0029915778821471006
1024,-0.03970086337280354,-0.04151675028120866
1024,0.03037524210929554,0.02802774475009634
1024,0.0016894219844874603,-0.00020637878833423828
1024,0.005115978369356733,0.002706710084986075
1024,-0.020716457703664704,-0.022579409431062403
1024,-0.04654174987151066,-0.048663253589620536
1024,0.014103074686965644,0.012368194726670223
1024,0.01194657274226918,0.009734995694489323
1024,-0.011030028601629549,-0.013135798848527724
1024,-0.010438637383583804,-0.01174252603507564
1024,-0.0029731541091427838,-0.004962146253415289
1024,0.01353082645186754,0.011995120566024642
1024,-0.030369407239254798,-0.031880913154967105
1024,0.018000415202704734,0.016083233163074973
1024,-0.015636374176220602,-0.01769098058230023
1024,-0.01966734501837436,-0.021380689233796546
1024,0.0016004604201033668,-0.0003246959426042584
1024,-0.01770097753595945,-0.01926901221624816
1024,-0.00266178237249165,-0.004170243533908047
1024,-0.014096466493267124,-0.015910977578340035
1024,-0.0184613539617281,-0.020361680202506005
1024,-0.03407257918172063,-0.035402990076088325
1024,0.006986304074829419,0.005230044944156409
1024,-0.023240040840135923,-0.025008614885777825
1024,-0.019284333913644813,-0.021012734575763914
1024,0.06137149162482969,0.059093908285699714
1024,-0.0042157055188474235,-0.006298509927442575
1024,0.01918313939846439,0.0179683761001605
1024,0.03479726310474829,0.032685153879614126
1024,0.0007899132459763814,-0.0009857625201019626
1024,0.004711309171014366,0.0023589723798694284
1024,-0.034917069245058274,-0.03689847215999931
1024,0.045835359230962436,0.043710255266556086
1024,0.0011152124523818308,-0.0005051999528098428
1024,-0.003957906422388857,-0.005817092884673913
1024,0.019502069959713042,0.01743727293903896
1024,0.0004897744197938647,-0.0009238964621704482
1024,-0.02058338874976029,-0.0220398413874352
1024,0.030831053756245508,0.029220337685388564
1024,0.016823545522817673,0.015246019280961032
1024,-0.0497807168158515,-0.0519307572732462
1024,0.005792834751176756,0.0041423173543189695
1024,-0.027359271083406078,-0.029252284436104614
1024,0.012571906862319182,0.01001298947839141
1024,0.01967709755313285,0.018027585235443067
1024,0.026986168436382685,0.024825250738967852
1024,0.024048690552352148,0.02185337848806901
1024,-0.05814960830542493,-0.05935447465261229
1024,0.03018324999293509,0.028122319017056585
1024,0.022600731799436613,0.020364154228157683
1024,0.02039844728323914,0.01886273737157551
1024,-0.022914373294608825,-0.024972455469156885
1024,0.010065831097893663,0.008548041793607186
1024,-0.003341105541289413,-0.004462972093671358
1024,-0.008293863195111217,-0.009746210852519532
1024,-0.0061997598043279645,-0.008144809428987265
1024,-0.004082046630202729,-0.005701720790884768
1024,0.02759493188217027,0.026038485420333546
1024,-0.009615141204480537,-0.011605976931639395
1024,-0.03617672734163874,-0.038021429044811594
1024,0.011910580216031919,0.010418120998123392
1024,-0.0073177712857743216,-0.009076901882956179
1024,0.020491812605783533,0.018958932551693453
1024,-0.017414435880416912,-0.018865642730103827
1024,0.010977828834209447,0.009027214450394172
1024,0.0014675764197202845,-0.00035904998019470336
1024,0.020552194317971395,0.018481040926194015
1024,-0.005101266957128925,-0.006254995405802544
1024,-0.05199444735706549,-0.05336146087631993
1024,0.020305785767465834,0.018284119635466056
1024,-0.01692340896316935,-0.01835178029565493
1024,0.023048254729363282,0.02164866565818241
1024,0.033430376225599245,0.03167756122371573
1024,0.02180544497221787,0.020105648807034304
1024,-0.021947776048107492,-0.024628360660307602
1024,-0.061141642889955994,-0.06202215768555025
1024,-0.026230005093630604,-0.0284543072852651
1024,-0.001682815001918081,-0.0032259277588205237
1024,-0.014220686479126221,-0.015421975198701143
1024,0.00287485419301714,0.0011986948998409797
1024,0.03406744118916355,0.03268705067179967
1024,0.03818544991082562,0.03634017915504806
1024,0.0013778897102011411,-0.0006727017883197406
1024,0.01070164093065401,0.008900698609026203
1024,-0.0072155371848782734,-0.009137658376002167
1024,0.0011165455123154922,-0.0003844192044734074
1024,-0.0019846348450564544,-0.003835238374768679
1024,-0.010453534641196693,-0.011706722668472502
1024,-0.006716430669728879,-0.008438999811729797
1024,0.012915088144746067,0.011098768572817164
1024,-0.034100471996522774,-0.03587100952928596
1024,-0.03460730617673441,-0.0358589761901566
1024,0.01215896833887381,0.010713214138410365
1024,0.008039823706617877,0.006188033344000754
1024,-0.05601360008192541,-0.057503877488651434
1024,-0.06411637274930543,-0.0653167245732067
1024,0.011225578203099551,0.009174647489687715
1024,-0.007832216948912729,-0.009563924035189963
1024,0.050795176734017566,0.04918922324004782
1024,0.03731431024859311,0.03494983936491253
1024,-0.00546419012307664,-0.007394565443723022
1024,0.030738765179735394,0.02906479013882962
1024,0.00035240322953361547,-0.0017787771161382748
1024,-0.002570191455168902,-0.00426212876556431
1024,0.013502528900281363,0.011985502094773726
1024,0.014767896047562068,0.013444128980548975
1024,-0.056208325449978336,-0.05806418936831159
1024,0.03328383373036353,0.03153170090129176
1024,-0.00786987127567118,-0.010275484009874325
1024,0.01804923530752961,0.016531614467025113
1024,-0.00808217699040742,-0.008883418810035959
1024,-0.019399733245900164,-0.02143776093814237
1024,0.008009738090849483,0.006287381800527736
1024,0.006793315166385427,0.004987443340462472
1024,-0.017588441595758453,-0.01956295093685878
1024,0.0070160708719150255,0.005736242136909209
1024,-0.0031599552889244875,-0.004839992366402479
1024,0.00848430337130368,0.006213482300475137
1024,-0.0032087566532715828,-0.004643261724570469
1024,-0.005643292912962172,-0.007434032270872859
1024,0.034507800965891455,0.03270713612610504
1024,0.005804381089650257,0.0037589650717785306
1024,-0.031180325222031513,-0.0330751114168113
1024,0.010376390289709436,0.009056604077994412
1024,-0.023795379618976376,-0.025922227313387447
1024,-0.010314708614242662,-0.012841328413803366
1024,-0.027920615061703236,-0.03000778347970895
1024,0.03670856149096152,0.03541404791143965
1024,-0.00476205696079296,-0.007182624594805287
1024,0.010455159370747868,0.008622622959276183
1024,0.021783979557825517,0.020089347321584294
1024,-0.03338739876790603,-0.03528508608435055
1024,0.019466262621959995,0.01771360585204551
1024,-0.018752744187726655,-0.02039176872516124
1024,-0.0038476967244703286,-0.005035817486080896
1024,-0.003573403803042996,-0.005448294715729718
1024,-0.013912701258829152,-0.015530624520515401
1024,-0.002299354412494292,-0.004779193948451277
1024,0.018532176148248647,0.016475228394496277
1024,-0.0035922115086690076,-0.0052954573271118965
1024,-0.01943946887761777,-0.02099772620143403
1024,-0.06557399352272475,-0.06780399350288152
1024,0.0315651339678894,0.029994377162292418
1024,0.005139687558174066,0.003449071705976414
1024,0.0007744950867493161,-0.0009491829640355665
1024,0.0002665689372262081,-0.0011669867395212585
1024,0.02795246999628248,0.02599317037849591
1024,0.03074136286193968,0.029219538904956266
1024,-0.028037069935767545,-0.029859604403637607
1024,-0.029907096920261556,-0.0321749537747133
1024,-0.04539801693201251,-0.047645391242296053
1024,0.02132665366030312,0.01957624136882974
1024,0.04801750958681933,0.046346663985554426
1024,0.007958844203427184,0.006075325638978113
1024,-0.03377793255535799,-0.0355020143704205
1024,-0.021496443484647576,-0.022882212653998202
1024,-0.019992247046416556,-0.021596027611453517
1024,-0.030825475754545195,-0.03264850503897965
1024,0.028336868528915704,0.026218505168250972
1024,0.02605957914341317,0.024717503130856022
1024,-0.00767857444816078,-0.009293966454951397
1024,-0.012102972704927828,-0.013918119430130771
1024,-0.03065290824891681,-0.03223788354102569
1024,0.052974689702862454,0.05119298674226613
1024,-0.006046024573292785,-0.007939639148908995
1024,-0.038228291555576166,-0.039939437491398944
1024,-0.016187338230385928,-0.01761428741411125
1024,-0.04383316001679688,-0.04564616419057471
1024,-0.04408975381626706,-0.04604862521911235
1024,-0.015448584136448174,-0.016708424025765167
1024,0.010562425478130688,0.008556631738623255
1024,-0.03620084519139305,-0.037722779032587306
1024,0.017253906245349726,0.01587648065905506
1024,-0.023040420713504373,-0.024080677924372296
1024,-0.00482506158065138,-0.006485022383041217
1024,-0.009781161522997905,-0.012244455354625816
1024,0.019808878384897532,0.01812728066693703
1024,0.008597316617548256,0.006292697941863934
1024,0.0030673927045334892,0.0011330330785404574
1024,0.040307310316491596,0.03868916458748345
1024,-0.023015860416634615,-0.025020456773637345
1024,9.493981452735056e-05,-0.001912595729308908
1024,-0.03953593317450693,-0.041279582919992674
1024,-0.00012159009038775759,-0.0017159043500254434
1024,0.04755559933511888,0.045981381699148394
1024,-0.02862992149116672,-0.030109080185086845
1024,0.015701480040632376,0.01425472319902854
1024,-0.021476222461462358,-0.023281989574991335
1024,0.005424723552594435,0.003754513544692417
1024,-0.012824638005072608,-0.014503029730159434
1024,-0.0020696395315836225,-0.00367110966327
1024,0.005602403796234112,0.0038539902023118078
1024,0.03366946501304763,0.03244754972561048
1024,-0.06159058044991811,-0.06311476404148364
1024,0.0007940547231556905,-0.0013833182343984118
1024,0.012530132037327946,0.010909503340283566
1024,-0.032946251994427744,-0.03504811845097183
1024,0.01054006387054851,0.008700709971323772
1024,-0.003457010084658263,-0.005175102775581142
1024,-0.012767297282139545,-0.015303905944586638
1024,0.011664090247765935,0.010118337281962486
1024,-0.019810334201181445,-0.021463853381863462
1024,0.04382622552521026,0.042166684453705194
1024,0.04571546530767634,0.04404230913782475
1024,-0.0031419021396911773,-0.00485356995180225
1024,0.013458414340847935,0.011578755485044945
1024,0.02487892443701617,0.02280352167448163
1024,-0.03486107926913923,-0.03667066125223889
1024,-0.020010505389623512,-0.021832063617381714
1024,-0.035331094228647386,-0.03695387306385056
1024,0.009850730161260146,0.007879915753672084
1024,-0.009341345649638177,-0.010625679126152865
1024,0.006432316972110164,0.004312063451867465
1024,-0.008753336773640763,-0.010560097181229688
1024,0.04009696630290849,0.03803197888595
1024,0.032319328930650315,0.030745794264305737
1024,0.03373790070902338,0.031726633076414656
1024,-0.03014859052360902,-0.031942683225234136
1024,-0.015606312904204223,-0.01757953458981404
1024,0.011629127697316666,0.009973648369948074
1024,0.011277992263778513,0.009584260463637972
1024,-0.027108607630040082,-0.028821739420093362
1024,0.004353484667368457,0.002989412622011578
1024,0.007035014680904672,0.005411466815469723
1024,-0.001048897614477684,-0.003259627707903945
1024,-0.04373189422843904,-0.04564019002256098
1024,-0.04623632274173056,-0.04813859961280348
1024,0.0013529974630898112,-0.00035760852169930413
1024,-0.006581299649173922,-0.008507132065759981
1024,-0.014423564851870185,-0.01621788126895335
1024,-0.034687791098925835,-0.03595812597479753
1024,0.026545869335166616,0.025026303324328203
1024,-3.32594272050013e-05,-0.0019109762083848736
1024,-0.01382849141792053,-0.015374938373660996
1024,-0.00923099415408557,-0.011056708777061608
1024,0.012653653921817054,0.011020476987999517
1024,0.013584696545922426,0.012110226706802507
1024,-0.023518337941379253,-0.02540285587794988
1024,0.020688694395654683,0.019518661837121476
1024,0.02287538268078415,0.02145186073481481
1024,0.021075319723718178,0.0192614799440195
1024,0.022258811271115564,0.020677476247178916
1024,-0.009356327794616037,-0.010733602744315451
1024,0.03981503206182957,0.037549857507048756
1024,0.010986418681883992,0.009505446878502355
1024,0.0066137029247106405,0.005317671073515329
1024,-0.018988363847122713,-0.020333953182117337
1024,0.010729340610376337,0.009056972621947212
1024,0.04249198084096789,0.04107429066771556
1024,0.013337226392515333,0.011584338779386028
1024,0.013137966414339064,0.011408696316831834
1024,0.00911338585987842,0.006889688442080433
1024,-0.01669790612644778,-0.01821868170149965
1024,-0.023346891868496644,-0.025472091373104855
1024,-0.04627352532797252,-0.04784312332350438
1024,-0.014203722761545745,-0.016387159876320223
1024,-0.005103625364267506,-0.006221129367368017
1024,0.006101921140506117,0.00424268080990009
1024,0.017785371255308713,0.016032919196079465
1024,0.007163831010212007,0.0054378281173450005
1024,-0.015939684856798864,-0.017751553538522036
1024,-0.03376536089530763,-0.03512694406753669
1024,0.014083496827135722,0.012726883813485024
1024,0.004650328377547197,0.0027459652229504528
1024,0.08219582233223272,0.0801706491707605
1024,-0.015600557421278471,-0.017897994286889818
1024,-0.011078544656207778,-0.012789805788114783
1024,0.027546085832452882,0.02551206204302059
1024,-0.008156819341064825,-0.010503747908620631
1024,0.02539180603216873,0.023478974400867825
1024,-0.051489748292907866,-0.053476795324331416
1024,0.03543393244816895,0.03409988100508299
1024,0.013824436008369745,0.012316393639297096
1024,0.010412529648957058,0.008539620570176543
1024,0.015864037189444846,0.013577032841537828
1024,0.03601087420734128,0.03418478114094353
1024,-0.03912451933981914,-0.04090457292372596
1024,-0.010668137745076689,-0.012258332259284244
1024,-0.019457052790324003,-0.02068440539087224
1024,0.02001363050001581,0.0182588742380706
1024,0.022830838556691935,0.020790745048789527
1024,-0.00884545989468416,-0.010677676190319507
1024,0.01866235765661267,0.017112443244140074
1024,0.039225917976588975,0.0380385998755865
1024,0.0604791374300378,0.058838374232709045
1024,-0.018416561166710865,-0.019904942338287712
1024,0.015151367478552669,0.012859405645391675
1024,0.012026976786182753,0.010655850659109622
1024,0.020765483168130983,0.019120926661847337
1024,0.01152415136817192,0.00941048619309992
1024,0.02738837582299014,0.02555572079189522
1024,0.005952941358817299,0.003966175355528068
1024,-0.002032526947563784,-0.003388464206734554
1024,0.027228318785186112,0.02533309974783937
1024,0.028414382914761116,0.026430893519822307
1024,0.010775839916771723,0.00890394794959859
1024,0.007105479640417689,0.005017389815693052
1024,-0.0018704632490992856,-0.0035804497126253887
1024,-0.028383885482774318,-0.03020018031399674
1024,0.021926189093678772,0.020670521274618492
1024,0.05284427533768549,0.0507747329327099
1024,-0.03470134293867472,-0.036545426171039896
1024,0.012542095034480505,0.010506302787846866
1024,0.0025008724581686015,0.0002707274903979151
1024,-0.010238076154011677,-0.011877024360047783
1024,-0.008980016450483796,-0.010605792500629041
1024,0.021496379162999013,0.019610950961410578
1024,0.03211910163640591,0.030136239502280837
1024,0.03391409741435092,0.03185652814577622
1024,0.023127457610849556,0.021297903284816955
1024,-0.019585922833044833,-0.021390033832278166
1024,-0.021139256292463382,-0.023115834051539497
1024,-0.014459726380604221,-0.016112654397626436
1024,0.020971670177225288,0.018867105187322375
1024,0.015731057715538566,0.013622636906582608
1024,0.03480481751830189,0.03311344804762595
1024,-0.05232677855070139,-0.053450651496774304
1024,-0.0462136592442306,-0.04769136002621993
1024,-0.015123678007093966,-0.016764436017801643
1024,-0.04095467406662101,-0.04309076530220002
1024,0.02015056583292385,0.018265798942879108
1024,-0.014241473289009876,-0.016684019583278142
1024,-0.012438504339137457,-0.013514981618366562
1024,0.04650601854284059,0.04442983051327121
1024,-0.041063542375497086,-0.04243829197442078
1024,0.0358760491790287,0.03467756565722718
1024,-0.003056662505003138,-0.004459194611505846
1024,0.014171117181639048,0.01172410705072996
1024,0.04661552573216249,0.04462305223873608
1024,-0.03833406585051313,-0.04023807948142122
1024,-0.016821339917454936,-0.01849583882594613
1024,0.019317166175197464,0.017095225837927053
1024,-0.02307846885480558,-0.02510163015714656
1024,-0.009853743951729887,-0.011798656057176782
1024,0.04693188649396002,0.04487195801087335
1024,-0.03545116217979155,-0.036763790852615885
1024,-0.0011320786460030652,-0.002744583951598545
1024,-0.001278092158647326,-0.002702411474758637
1024,-0.02024010648647162,-0.0218933370173085
1024,0.027017096045620304,0.025464048108711723
1024,-0.04634153998670232,-0.048336403121535365
1024,0.009468456328738217,0.007802651491529866
1024,0.022966011351742754,0.020781539231336077
1024,0.015192957308452382,0.014006625907535375
1024,0.061681102492322726,0.059705372274601876
1024,-0.02683906097317057,-0.028861304954516942
1024,0.07377495141050455,0.0724306372186076
1024,0.004927983642254219,0.002991223807711385
1024,-0.01756052227854321,-0.019298004436162308
1024,-0.027151018300936247,-0.02893111788130248
1024,0.012306548920826277,0.010248565553320876
1024,-0.024206578526535127,-0.02581058256895674
1024,0.029873600019263313,0.02784933252470323
1024,-0.02868206079094432,-0.0306436893409453
1024,-0.03506503732593291,-0.03644140048445543
1024,-0.025623704141715165,-0.02718755994847577
1024,-0.003507884739685052,-0.005204270970445124
1024,0.04258003300375879,0.04071835746106378
1024,-0.05296856223556046,-0.055473605733714904
1024,0.019798659545866737,0.01794571353865959
1024,0.01914707352950623,0.01729075811218872
1024,0.015410035023764923,0.013183129998481702
1024,0.03272052138594295,0.031547944253514815
1024,-0.0031256470814218784,-0.004337559516339018
1024,0.008075453371675811,0.0064451677158212095
1024,0.04430089973790069,0.04213083338603124
1024,-0.018015102030398578,-0.019498758375322167
1024,0.043734600478953445,0.042053048308930974
1024,-0.008677485874896473,-0.009784705707019392
1024,-0.01629550665057955,-0.018261171182592795
1024,0.049044726695356644,0.047733824889674537
1024,0.028371856592992573,0.026707644127202668
1024,0.0017596984329378285,0.000401699525783894
1024,0.0025255013455789954,0.0010107927209046519
1024,-0.04566200293429301,-0.04767153761420756
1024,-0.022381436983748115,-0.024189977930621
1024,0.0016460579560304,-6.828114678775199e-05
1024,0.058370651680351104,0.05700668553591581
1024,-0.009175412788990367,-0.011000700629962112
1024,0.013177431332833334,0.011354561845138444
1024,-0.02581881340561354,-0.02744563718702514
1024,-0.029523007458607753,-0.03166185361957302
1024,0.014533460523129038,0.01255997848053847
1024,0.029288850026839675,0.028033492201038013
1024,-0.02789366156854972,-0.029938884594788384
1024,0.005538638007146379,0.0037292228836228736
1024,-0.021754596733043585,-0.023406968985663246
1024,0.006936542226048836,0.004944003115732343
1024,-0.012459718371734652,-0.014289387374807616
1024,-0.03981957704230937,-0.04175350633732222
1024,-0.00942923956542141,-0.011195936623651037
1024,0.028140535108393983,0.02628001806180469
1024,0.002740863179490627,0.0017983545329116613
1024,-0.0022602726787950833,-0.0041062048730604594
1024,0.06905112722321871,0.06751614177425802
1024,0.009100248494258223,0.007091907053209112
1024,0.02740324616935197,0.025271807072360375
1024,-0.06026535405615463,-0.062022201052908676
1024,-0.00461234551935924,-0.0063891723420575475
1024,-0.035045112066056705,-0.03684062399004784
1024,0.014367179666063323,0.012752553187380056
1024,-0.013973334055031483,-0.015617213763046922
1024,0.002743365308962742,0.0009595654964316691
1024,-0.05599478274662273,-0.05749721427923554
1024,-0.053358946302077104,-0.05552399935487573
1024,-0.026812320421845837,-0.028829115552081175
1024,0.005689564056744756,0.003480504730412448
1024,-0.0417720733864852,-0.043723617256391456
1024,-0.020669102835719377,-0.021851934151986774
1024,0.011545541567082651,0.010356856848431906
1024,0.03391470068095437,0.031971972145657945
1024,0.012777624933394849,0.010833239248333015
1024,0.02153075535990695,0.019886571561613553
1024,0.03658411583724547,0.035061089492066266
1024,0.06152569915776712,0.05972725347379304
1024,0.016078090092463082,0.014258592631925526
1024,0.021370938755765956,0.019640622950531095
1024,0.0034415604481743967,0.0020310031756192726
1024,-0.010652819336601171,-0.012797119861748918
1024,-0.018619001138726443,-0.020249464280263196
1024,0.024631085907248773,0.023394194279020508
1024,-0.009004536255274309,-0.010342658394822069
1024,-0.008064070281866675,-0.00969762960381615
1024,0.018174294476683006,0.016279997848143046
1024,0.020731914987727917,0.019001918391203465
1024,0.0038644765096033096,0.0020317648136961575
1024,0.04937782213384523,0.04779497787603798
1024,0.018357548339028307,0.01629530936595064
1024,0.0367634471723442,0.03452739799192067
1024,-0.054986860617619815,-0.05689652506857035
1024,0.026947827905298205,0.02553336734996181
1024,-0.04771871072006251,-0.04934932517265611
1024,0.03117815691884651,0.029374317483077783
1024,0.012074792096869846,0.01062227534111676
1024,-0.011709435858417383,-0.013011603378765113
1024,-0.037773621929383217,-0.039530778554123236
1024,0.017374596370872242,0.015504065912648801
1024,-0.011880695170078615,-0.013528738706230892
1024,-0.003910475920327783,-0.005826279502834875
1024,-0.03744596174954462,-0.03890520130070929
1024,0.010498087284649738,0.00890713794702841
1024,-0.009830386588969064,-0.011824272692865678
1024,-0.030582474612512123,-0.03222003617294439
1024,0.028177548728918145,0.0260007328762753
1024,0.045534329194645895,0.04326731934294553
1024,-0.006973492459563246,-0.008656448954877105
1024,-0.0464451392753365,-0.04771977536835059
1024,0.015906225776327165,0.013822423903351033
1024,-0.012166327506335617,-0.014380381125455755
1024,-0.04117228682897256,-0.04283227273321699
1024,-0.03967949816611194,-0.04180262645459548
1024,0.02869626623644006,0.026827926834817384
1024,-0.000948026109396094,-0.0026821374992500036
1024,-0.020573065593658735,-0.02251314922087455
1024,0.0026103670340452134,0.000817853963768489
1024,0.05447612317135775,0.05253109396175021
1024,0.006402733184930787,0.004528356056105909
1024,0.017982115115262487,0.01604509174027624
1024,0.043948341458973805,0.04260019624639133
1024,0.018130012687420427,0.015722306349253923
1024,0.030443948884283034,0.028865228242604957
1024,-0.027246284573049506,-0.029130333660001118
1024,-0.02456910398854034,-0.026284743671164623
1024,-0.02442930405309779,-0.02659329661156623
1024,0.04271392998799983,0.04105456175033345
1024,-0.028934835635926692,-0.03088810067968628
1024,0.010319482917594547,0.008090988096401186
1024,-0.007991848742975316,-0.009857184023173815
1024,-0.015280402797463566,-0.016892946589033064
1024,0.02595225899545156,0.023821800339398624
1024,-0.027873671070859363,-0.029760142761967534
1024,0.01826574736132114,0.016143604120329946
1024,0.013853135439115871,0.012307690133132376
1024,-0.05746497074010959,-0.05892059933347715
1024,0.008828771688280612,0.006888832405404666
1024,-0.02195753294040448,-0.024124799991869672
1024,0.018980719870549723,0.01750701069399807
1024,0.04906001326878506,0.047647588172845534
1024,0.017048938811578374,0.014918839030697517
1024,-0.006622949211875007,-0.008793736920323758
1024,-0.02373612209333409,-0.0255931229373898
1024,-0.018909881074973822,-0.02049435691212903
1024,-0.01471937591927519,-0.01662991813657133
1024,0.02571264816585145,0.023713854721362226
1024,0.02065485817510232,0.018477193176654028
1024,0.028937417852414604,0.027028434236410603
1024,0.035232471511318364,0.03339923621383256
1024,-0.01587866954261552,-0.01758302576188181
1024,-0.004206330742484221,-0.006010266872325587
1024,-0.012992666982271917,-0.01516530427725632
1024,-0.035376676717690014,-0.037548159915435086
1024,0.01119868251675643,0.009268193944204417
1024,0.010154385234726337,0.008519294732161564
1024,-0.0011185327354849006,-0.0032793310778722606
1024,0.0442239250540592,0.042564511082934686
1024,-0.05356840270603763,-0.055424906456135126
1024,0.009028626547871565,0.00708027329872335
1024,-0.017493464714393003,-0.019104697501351686
1024,0.03168889660777363,0.029979884941430668
1024,0.01800991559701054,0.016350967889864954
1024,0.006453532815428764,0.004804215837460324
1024,0.015927170187207018,0.014488885493441794
1024,-0.007128164990829133,-0.00882625379661156
1024,0.011946841612304193,0.010576622734168817
1024,0.001763864651188607,-0.00021180721677366288
1024,0.008290698525019236,0.006842877983589735
1024,-0.0019938879807033794,-0.003364808343654546
1024,0.01682118726892934,0.015271950625780684
1024,-0.012218751260525407,-0.013727868191687365
1024,-0.03043875542778751,-0.031640272581111406
1024,0.021990661969462533,0.020533400203090912
1024,0.0027993112012278942,0.0011168785492142175
1024,-0.017301041719867738,-0.018921535812342904
1024,0.02245536323297037,0.02039922133575106
1024,-0.020442443972899238,-0.022469673164196013
1024,-0.025642795995602985,-0.02724049077439089
1024,-0.02441967341017187,-0.026077736352825676
1024,0.01359719552857469,0.012147225951572804
1024,-0.0463726697529146,-0.047985965391001806
1024,-0.004932681288544627,-0.007043898344690436
1024,0.0013019033233253041,-0.0008957962725069102
1024,0.04148987387637393,0.04036260241512568
1024,0.016172749215529192,0.014411200229977272
1024,0.031397136047561,0.029654536024117606
1024,-0.004685414083275552,-0.006644801115890053
1024,-0.04786682511127599,-0.04978277141130788
1024,-0.042581738230194954,-0.04440926613565005
1024,0.047491040830093756,0.04539928155163675
1024,0.026749479733146952,0.024932887024238237
1024,0.021412663917055652,0.019516999247957856
1024,0.0007282063527146998,-0.0013285900033261355
1024,-0.02465720911735847,-0.026787166141195806
1024,-0.0030599507756968736,-0.004493608425359452
1024,0.02128141763597219,0.019927810217825914
1024,0.018812571933834565,0.016686938107647487
1024,0.06834600904490351,0.06635319670326578
1024,0.030978901658621216,0.02979018937710498
1024,-0.024193727313423175,-0.025681036877282626
1024,0.00782546811067264,0.0062978303720439555
1024,0.00551049567205969,0.003914781739021156
1024,0.023206697244256114,0.02141040594382726
1024,-0.036906319564008694,-0.03856896538133331
1024,0.01705983680662282,0.015570089514713836
1024,-0.010896197739783675,-0.012440170733514833
1024,0.011927374567883231,0.010655953100999593
1024,-0.005370426843728238,-0.007562615170581211
1024,0.013949535229064336,0.012013597388660424
1024,0.0038792991152249434,0.002006125190126884
1024,-0.009066813900970472,-0.011136795207639272
1024,0.006058429410683408,0.0046407878997611895
1024,0.029739373015460036,0.028488306584152856
1024,-0.019848088518387152,-0.021458695550514606
1024,-0.03101326892112599,-0.032739203729367394
1024,0.012926872938883449,0.011484010130082156
1024,0.000632597050798267,-0.001132327115089149
1024,-0.016193657681920715,-0.01741622002142479
1024,0.011383531926813406,0.009974470481192321
1024,0.003953367052127177,0.0023429295459712063
1024,0.003155003479838492,0.0009552851992466471
1024,0.01512532004540379,0.013077647432643669
1024,0.013656377159500244,0.01163102941272981
1024,0.002578140880795887,0.0008379251583599534
1024,0.00041742329466398775,-0.00148177514111697
1024,0.03835641702363235,0.036579908322301846
1024,0.00047788036982210347,-0.0009701505234657737
1024,-0.012963617050195275,-0.014768625346835818
1024,-0.04448079129998772,-0.046464211073217576
1024,-0.008609518919916848,-0.01013600498721573
1024,-0.005539012312900937,-0.007382684688164498
1024,-0.05498526477363014,-0.05689221627451907
1024,0.022315490064076404,0.02020229814824892
1024,-0.036494567974231396,-0.03789484446683372
1024,0.007442269821340108,0.005760365438902126
1024,0.03161760216723153,0.03013892954300934
1024,0.031745718054000394,0.029754172598068784
1024,-0.03290319783043388,-0.03509027422022637
1024,0.029136295951080637,0.027663099361553367
1024,0.04068771331002863,0.03854517732832152
1024,-0.025215307266871323,-0.0264328017777109
1024,0.026017887643615623,0.024063596098625184
1024,-0.03330138167897212,-0.0347111475396234
1024,0.0071037534323670215,0.005275125644681855
1024,-0.028868706397029098,-0.030320918414589226
1024,0.00333408990639783,0.0014480264289591926
1024,0.019157759023434584,0.017536559254377304
1024,-0.035423940705808066,-0.037614004592262495
1024,0.023071456444739347,0.021692495876836693
1024,-0.003982962962722714,-0.005445308180152153
1024,0.02531034197954768,0.02345486175602768
1024,-0.005250664099778812,-0.00719308462450835
1024,0.04363358883255869,0.04218822265630123
1024,-0.0001204731945377846,-0.0019842362640599687
1024,0.039644027878666166,0.03761321096569109
1024,0.0020864636064941156,-6.168795243777225e-05
1024,0.021932385542160093,0.02005980268065527
1024,-0.0010600288774365585,-0.002804337202478524
1024,0.011196147348704166,0.009500446928043138
1024,0.017236700212296785,0.015846882094840975
1024,-0.03060985533097499,-0.032518537343930176
1024,-0.013466066341682459,-0.01525858582983275
1024,-0.003521037575197228,-0.004897409097722738
1024,-0.0016236767542555097,-0.0028964936606923897
1024,-0.021977642245103512,-0.02414659710113637
1024,-0.029838581571077494,-0.031552363240151815
1024,0.010124920602233245,0.008611518251041506
1024,-0.009880534824704468,-0.011483293920032167
1024,0.005493528242294876,0.004187182762157682
1024,0.02504752095785001,0.023082182845084454
1024,0.02981889158578671,0.02856387303962088
1024,0.021960073604990082,0.020311167315205325
1024,-0.01837902745054043,-0.019955661348513176
1024,-0.03779372835055694,-0.0396587325811627
1024,-0.010826360370287225,-0.012328817645797685
1024,-0.004727629694160462,-0.00624774459023314
1024,0.017131258426406226,0.015179597552660351
1024,0.004057462086637598,0.002374199392990217
1024,-0.010131494050497791,-0.011681694546272436
1024,-0.04045759816286909,-0.04189915760836954
1024,-0.022337043902728615,-0.024063652119841628
1024,-0.02316010510759825,-0.025023070653576673
1024,0.026956048433070867,0.02508697752823663
1024,0.027002550815389603,0.025493008449503363
1024,0.009895654601237203,0.008412470577648379
1024,0.04772023896408473,0.04618654039955278
1024,0.009459849596523018,0.007839338521955064
1024,-0.039268415747677476,-0.041113444722927606
1024,0.003604063162030491,0.0021366206267804944
1024,-0.009474173259407026,-0.011173242785100623
1024,-0.03913035203190157,-0.041311822742657434
1024,0.04957936733620444,0.04786851107277762
1024,0.0014039117437636972,0.000300120849235197
1024,-0.015360406911781643,-0.0173675680297678
1024,-0.005622163691733517,-0.007736598266344097
1024,-0.020381693211512897,-0.022021871647025182
1024,-0.03501968541831746,-0.03670865876640156
1024,-0.009466706428302996,-0.010689452724789661
1024,0.054782899867164,0.05366527155549011
1024,-0.03000973700866516,-0.031965498318630825
1024,0.060230289676133864,0.058284854727990665
1024,0.005288767566643149,0.003481641616164599
1024,0.047447322274358994,0.04538026550246821
1024,-0.026828357217635324,-0.0285652843781784
1024,0.010522205749805613,0.00876230468873973
1024,-0.026572928767716053,-0.028089730649431932
1024,0.04163984883595112,0.03956319136764652
1024,-0.012721082087440216,-0.013957452206352805
1024,0.06386500000864503,0.06190002977565612
1024,-0.02667319676345975,-0.02878423137743341
1024,0.03789852428743501,0.036517004223808325
1024,0.01134619046617058,0.009618157297695884
1024,-0.0224873033815845,-0.02445334319302145
1024,0.036214019109156614,0.03460757127564135
1024,0.018399519634775652,0.016021913500621487
1024,0.030044400642631586,0.028257939959370315
1024,-0.020347108568165018,-0.02177651087172383
1024,-0.0007516117007241863,-0.002074859152413455
1024,-0.002521559446108379,-0.003725350415968387
1024,-0.01529166207864685,-0.016631300950508465
1024,-0.02580800897847696,-0.02791750145917926
1024,-0.00851763911507425,-0.009779575808017416
1024,-0.0014666462834216354,-0.0025874048255434268
1024,0.02148464325243571,0.02001107943114533
1024,-0.05043849756334107,-0.05198991862245511
1024,0.02586553945691683,0.023904511193650835
1024,0.0249851128369194,0.02322832841760769
1024,0.055328403962914774,0.053159016989827335
1024,0.025966395642978812,0.024364346888860577
1024,0.015032244732698596,0.013315895075687034
1024,-0.03375059539488712,-0.034839408629099566
1024,0.04075289988742553,0.038038305917916904
1024,0.031030141576242454,0.029398481430363388
1024,0.027654611470067758,0.026034572768773356
1024,0.02410032202787815,0.021819103675118356
1024,-0.024207826341617944,-0.02594986166977037
1024,0.024523767976175115,0.022628491364225956
1024,0.02657737550548006,0.024865691360552555
1024,0.03599398777778917,0.03374143363942633
1024,-0.02128325655042196,-0.022533516828092293
1024,0.0037125477288663666,0.0017335435444126301
1024,-0.010425798646753026,-0.012223838507489537
1024,0.04861001232990203,0.04650559887932393
1024,0.045622529992546956,0.04385781238861436
1024,0.006646481515140079,0.004817304921258592
1024,0.03701384342644387,0.035382021606761294
1024,0.02664495413176149,0.02482560003290446
1024,0.02219952669463282,0.02015432680679602
1024,-0.017725019571847078,-0.019311189053446143
1024,0.010336633960974395,0.008270402734768811
1024,0.015765654960749664,0.013898434215356248
1024,-0.024597948335002395,-0.026231276369600653
1024,-0.02859529885219797,-0.03043520631837615
1024,-0.025942027998970274,-0.02751104494885659
1024,0.03306212692535704,0.031239390906299624
1024,0.036376094992270014,0.03477988112165731
1024,-0.03408814597496235,-0.036080206204156695
1024,-0.002304388085552389,-0.004357201497075802
1024,0.041197804212446565,0.039324561879247655
1024,0.015359412093433611,0.013402674840825524
1024,0.04355113207727729,0.04238892274256567
1024,0.0343102874587346,0.03250542695916153
1024,-0.03772564439002363,-0.03886426662161063
1024,-0.048458324606234615,-0.04962472650723132
1024,0.012116237549008979,0.010474486074645628
1024,0.04396412682582462,0.04227160223187265
1024,-0.026664257783080514,-0.028813964224120248
1024,-0.017657890172306512,-0.019543212669802412
1024,-0.03375488200291704,-0.03511608876545769
1024,0.0003389787355018159,-0.00030353815378653115
1024,0.05865721948525776,0.05723280590465607
1024,0.03576347516934425,0.03367841647530323
1024,0.015104796684010602,0.013386195901246678
1024,0.0033742940665635324,0.0019283120998745407
1024,-0.020519100276342017,-0.022509896167267285
1024,-0.03221820873613063,-0.03342734749443538
1024,-0.008972047598740429,-0.010759151100917907
1024,-0.004345137309906766,-0.0059953535503158295
1024,0.017331857954260343,0.015169034049811458
1024,0.0001445302234205914,-0.0019041584706235293
1024,-0.05364884954340887,-0.055480762928481475
1024,0.0514751032037869,0.049544810330964195
1024,-0.006794357982143284,-0.008899353866083981
1024,0.0008880963247456797,-0.0006511708137706962
1024,0.011681296059170121,0.010066678300284071
1024,0.004761513677585705,0.0029857299332308185
1024,-0.02128359328456042,-0.02320183874459164
1024,-0.006679667346587093,-0.008115403170924018
1024,0.005234590706026998,0.003488807221808665
1024,-0.011249129491106957,-0.013255222832542934
1024,-0.0009501663823729412,-0.0025415307911814677
1024,-0.014690920016805276,-0.016068030038871417
1024,-0.029265723400000332,-0.03117670217810825
1024,-0.03370903268183101,-0.0355551432910976
1024,-0.008246378727264525,-0.009480101086182136
1024,-0.02030752392501789,-0.021944146205874593
1024,-0.011359655617573183,-0.013358753519703392
1024,0.02700849659664256,0.02491309766423644
1024,0.0036842191523110968,0.0019469740772123378
1024,-0.021438991476188662,-0.023357925995852402
1024,0.03418558684426365,0.0322819001934031
1024,0.0354617796965257,0.03334486398911224
1024,-0.01988684877858804,-0.0217586697838289
1024,0.0007472403319871979,-0.0008327429953566279
1024,-0.016503977766491762,-0.017794397303899756
1024,0.03160436856027238,0.029469741257461934
1024,-0.009756000656584385,-0.011275292629166878
1024,0.014383106801884593,0.012658808538382471
1024,-0.04442886513350103,-0.04629539104217245
1024,0.021536216546252096,0.01924724614461404
1024,-0.02324766290589192,-0.025256880822207395
1024,-0.021592639115010692,-0.023026689627512753
1024,0.012933735450900652,0.011680931881225598
1024,-0.03451358552332212,-0.03664910547739664
1024,-0.022754427713445158,-0.024868876275365603
1024,0.0008650764969271307,-0.0006334607670734904
1024,0.03687231119145373,0.03557235522042951
1024,0.041813314928268785,0.040196202465948905
1024,-0.025085334687462935,-0.02689211100873662
1024,0.0031751136664462942,0.0012538562182706214
1024,-0.008758619138662271,-0.010727252153470257
1024,-0.03673282594916538,-0.03862169084923389
1024,0.026104103408499668,0.02471093419669984
1024,-0.014344914941480269,-0.01601215983005755
1024,-0.006044779029039271,-0.007504817367860295
1024,-0.019556279276656485,-0.02096704727581461
1024,0.004211019576905062,0.001991462200528371
1024,-0.005696009067877483,-0.008064700477381004
1024,-0.0210743388983351,-0.022786670644848794
1024,-0.024289264541079547,-0.025974758799383435
1024,-0.005484707689614454,-0.007016920915610236
1024,-0.008585233109496215,-0.010290321152167048
1024,0.004601600814386597,0.002557816578024119
1024,0.0075039761510695135,0.006277209678806794
1024,0.05370627899402103,0.051630345947627276
1024,0.017502648432999313,0.015636295952885015
1024,0.01463674362306705,0.013334142619401634
1024,-0.00011473859537941555,-0.0022349919365978743
1024,0.05035731491090373,0.04911068154532999
1024,0.008223748754081217,0.006216056344958865
1024,-0.05054639660907373,-0.05273233554035617
1024,0.0008934221174827228,-0.0003187137050217892
1024,0.020970779204382728,0.01930865843865104
1024,0.021393938133357382,0.019623945756303274
1024,-0.013776188750527663,-0.015391648262974678
1024,-0.0032627850081802245,-0.004726468359369018
1024,0.02325436099615652,0.021335127012219013
1024,0.011566008912030745,0.00966824902471064
1024,-0.0202268923800088,-0.022338065201896795
1024,0.003519793554767281,0.0010466988141009104
1024,-0.039709968206292745,-0.041340459362950444
1024,-0.006902321644338738,-0.008652306412960775
1024,-0.026794555199198322,-0.02865064403069284
1024,0.03269302863483242,0.030891963477689355
1024,-0.04484916396106525,-0.04630715057656998
1024,0.013380525814498223,0.01169878271370578
1024,-0.049366930064606074,-0.051586551537847414
1024,-0.0156536931359747,-0.017231148958527565
1024,0.03353278230460921,0.031706583034261715
1024,0.03537874485833725,0.03344234285718184
1024,-0.03096213459926178,-0.03350278383595162
1024,0.002171756426966709,-5.309827037253134e-05
1024,0.041141363105982875,0.03972541522163331
1024,-0.014457460010495138,-0.016529561751919553
1024,-0.011491754687942557,-0.013230497604572455
1024,0.015404446175425579,0.01364416302604754
1024,0.0035501706217527795,0.0016082342776143066
1024,-0.0021162685156635996,-0.0035761109087443232
1024,-0.0404076833960505,-0.041747206317476304
1024,-0.02567604018745967,-0.027201541354956726
1024,0.007079306459441936,0.004869464916168298
1024,-0.05306089359313326,-0.054096921447141066
1024,-0.025726769966113117,-0.027054063259132732
1024,0.004115328364807547,0.0026438046462017306
1024,-0.013542868593295898,-0.015448991447930271
1024,0.011195652894292807,0.009466353797479454
1024,-0.06034264812989454,-0.061895934070946845
1024,0.01037115290789481,0.008303595797348906
1024,-0.029944956640743814,-0.030926446660452356
1024,0.03596456834577483,0.034263719145965155
1024,0.021010958379810984,0.019011512671390673
1024,0.03757556443423932,0.03617703583854587
1024,-0.009865674697957572,-0.011721804204755604
1024,0.03860662616113336,0.03697156922754036
1024,-0.03398275398395462,-0.03558859219081606
1024,0.029827247690642766,0.02796617901202819
1024,0.021248829456060214,0.019366875214199664
1024,0.009546641132781863,0.007047062261973658
1024,-0.00852222560329563,-0.01010043148866896
1024,0.034181599166664856,0.03225351725102149
1024,-0.024321037879315166,-0.02633638541843636
1024,-0.03207289032580435,-0.03448078533235721
1024,-0.03622019194501774,-0.037927062672642564
1024,0.019479151733161892,0.017630883339588566
1024,-0.025805720786172437,-0.027331304631145636
1024,0.011709411652905954,0.009856370625516975
1024,0.040249068168477786,0.0381505526889514
1024,0.006383482695979548,0.004684358537520084
1024,-0.00769240513416769,-0.009449734518246322
1024,0.02115774349064642,0.019108654392304414
1024,0.03290641816687234,0.031056083238529986
1024,0.025446410131641117,0.02372177061265368
1024,-0.022041444103615526,-0.023659202872059137
1024,0.003052297504480994,0.0010869913976658263
1024,0.012520014473535401,0.011114340939917033
1024,0.04307205361848726,0.041621743278340284
1024,-0.007267340566566027,-0.008926449966064454
1024,0.010852358617554125,0.009220836419937206
1024,-0.015873042701234907,-0.01742221740797928
1024,-0.00833105717959648,-0.009935774186805524
1024,-0.0034805672240169616,-0.005068065236673136
1024,-0.05234142305398948,-0.05412210845138504
1024,0.01826224290266054,0.016636863952854686
1024,0.004461582777567585,0.0027815711686740574
1024,-0.056068920996363625,-0.05756222434380748
1024,0.013348340609701803,0.011408893194967962
1024,-0.016603614878804462,-0.01826703616514147
1024,-0.0026917849573059316,-0.004321037812784312
1024,0.03787500715111569,0.036041982727344046
1024,-0.03461507497460464,-0.03672761798292362
1024,-0.005251468105183232,-0.0063992675553724565
1024,0.01659423673484034,0.015278750688483944
1024,-0.0010012570010807242,-0.0031159442778486146
1024,-0.024725159818855647,-0.02609331544312199
1024,-0.022253587736194846,-0.024168408412415077
1024,-0.016742254735284734,-0.018887556848374176
1024,-0.04551817618560505,-0.04707537404874529
1024,-0.0166108334290202,-0.018077758572496605
1024,0.008841787186995076,0.006710642471654205
1024,0.0040392650398188845,0.0023516996347038854
1024,0.023874555983716628,0.022081256341983768
1024,0.0016906702816495423,0.0001229373458542793
1024,0.030189325922916455,0.0286227747152199
1024,0.0431972309356452,0.04196759708700848
1024,0.024374957800010366,0.022663997280560733
1024,0.01931440459276601,0.01748661136037566
1024,-0.018032967349529083,-0.02047656646946927
1024,0.011836352953698892,0.00998517594565912
1024,0.01534512276325306,0.01348404651810925
1024,-0.009947312699445265,-0.01195314135761405
1024,-0.013316926607729485,-0.015604370359850739
1024,-0.016062572061354086,-0.017398085359903892
1024,0.007388797753863974,0.0052328545400114335
1024,0.026281684452345966,0.024364818013392242
1024,-0.0035707078643176793,-0.005608338164541649
1024,0.0003726768267345304,-0.0014346521370880438
1024,0.0067712352543981,0.005145254704656876
1024,0.028451196709949778,0.02678838150897417
1024,-0.029346543063549446,-0.030757674394280177
1024,0.04425513197428038,0.041782527864725305
1024,-0.030517938490949248,-0.03199933456139359
1024,0.000753253750199967,-0.0010088947727705522
1024,0.016662950398190324,0.014932702099917095
1024,-0.02829547922442205,-0.03028888520024947
1024,0.04057358157812724,0.03882122243302499
1024,0.04302296586513665,0.04133915708677949
1024,0.014376543638973949,0.012254799503855163
1024,0.04055479286848318,0.03883761310344308
1024,-0.032989244814162655,-0.03479655264468029
1024,-0.018428344457460166,-0.01986571279970889
1024,0.006119472514814872,0.004560225596294876
1024,0.011832278808616481,0.010044562361597065
1024,0.02091495242588859,0.019392192824415788
1024,0.05971767605245898,0.05800834729938037
1024,-0.010526882614442734,-0.012214464725203933
1024,-0.004030681705869177,-0.005855394296171157
1024,0.02649081323341762,0.024360610026595952
1024,-0.001425868392647578,-0.0026893230227611475
1024,-0.010959676122885065,-0.012669188325587832
1024,-0.038055810314303495,-0.039772141155908214
1024,0.0390464512559382,0.036948157287308714
1024,0.005198966866543975,0.0036411699101492334
1024,0.052900021711271394,0.051150055109313475
1024,0.04845188290240171,0.046634130413780284
1024,-0.025732487101526036,-0.027754457047744208
1024,0.020247216827093406,0.01865783075856714
1024,-0.010026665329740614,-0.012442320108853155
1024,-0.0320426361297097,-0.03420216736089249
1024,-0.003322978095147755,-0.005203093008379345
1024,-0.05478472912700694,-0.05662131118787256
1024,0.006964396760631875,0.005102499101279134
1024,-0.03494025954779578,-0.036627338070241044
1024,0.048834478983739216,0.04756494934657346
1024,0.0022023115182946418,0.00030739077021252337
1024,0.011966261519217036,0.010135681028343446
1024,0.014695562782067073,0.013192582095108651
1024,-0.014694219552500387,-0.016296838512142253
1024,0.009934193614365261,0.008567646276018748
1024,-0.0007498597775734694,-0.0027238479717328623
1024,0.00969904144521433,0.007802288827404913
1024,-0.03196119762532407,-0.033972722795168775
1024,-0.026326858802403708,-0.027867663302887202
1024,-0.032734607416617656,-0.03472511119220989
1024,-0.0033067496693102716,-0.005136651176011919
1024,-0.0009217109121479328,-0.002512878357657733
1024,-0.015760986990917936,-0.017488554590719796
1024,0.00508340513307487,0.0032046820229766904
1024,0.01630454315058877,0.014637383872864451
1024,0.03527747702221312,0.03363804138128962
1024,-0.0013853251764532892,-0.0032566731027388607
1024,-0.04521021797808078,-0.04695007474223112
1024,0.022333544987148457,0.020825152660235102
1024,0.022564078288250133,0.02082912042046875
1024,-0.018808184325807775,-0.020714731651582274
1024,-0.01046646586825789,-0.011783013685584931
1024,-0.01674864474345611,-0.018115883699372226
1024,0.030065346585961106,0.02852660399237661
1024,0.000327301458598106,-0.0009928253336423665
1024,-0.007393151592859248,-0.009651108039062772
1024,-0.004678084687706641,-0.006115767790341675
1024,0.021029408341161182,0.019874999726018527
1024,0.008786687733887188,0.006692515887902484
1024,-0.010160115667445513,-0.012027463376459047
1024,-0.0015100928992138885,-0.0036304217663969407
1024,-0.015348191466620364,-0.016781926401986558
1024,0.02754082889249454,0.025764489947677327
1024,0.019016228165487703,0.017657398312485917
1024,-4.0571153880120114e-05,-0.001705395112596153
1024,-0.04365930611422719,-0.04522870132004847
1024,-0.009464185353963706,-0.011176200428944627
1024,0.0344462744407642,0.033232146039027466
1024,0.01876347649785398,0.016460477992677025
1024,-0.013469856962035232,-0.014589854789842538
1024,-0.010175915396891888,-0.011908421866958563
1024,-0.007000424006056605,-0.008719786331511103
1024,-0.014476107954271233,-0.016444164440302944
1024,-0.009018177601361144,-0.010779663069437229
1024,-0.011266261639697461,-0.013088414481869759
1024,-0.011957457074572853,-0.013617242803758478
1024,0.00702884045595803,0.005420616741922124
1024,-0.025310129213380606,-0.026499947160125437
1024,-0.005062573023265238,-0.006908165549654122
1024,0.009182892833178635,0.00749258561462296
1024,0.02434927115009622,0.022385347458761584
1024,-0.05370088507046905,-0.05544410668019534
1024,-0.004594116894981515,-0.006477559166881086
1024,-0.00594300390214797,-0.007812367993694558
1024,0.004733483877994049,0.0023473668705140116
1024,-0.009213243323967446,-0.011256242751566281
1024,-0.013745976860468634,-0.01576905511618265
1024,-0.05839748469763528,-0.0600139892472738
1024,0.039305573849919784,0.03800025310402033
1024,0.01852376055390298,0.0172468252074085
1024,0.058778600657975855,0.056582406552234954
1024,0.0036508020049740852,0.0018083941043782192
1024,0.020442172400774394,0.018606675969216835
1024,-0.02542759563556335,-0.027161295008887865
1024,-0.004216983746165248,-0.0056357218586654545
1024,0.003241627840894157,0.0015518740815445575
1024,-0.017234638406516123,-0.0189797619908757
1024,0.04162784477707249,0.04017291792229266
1024,0.0010243203166960813,-8.63860430845853e-05
1024,0.012434403975998376,0.010542564973094859
1024,-0.011757346593598894,-0.013148826783574818
1024,0.04131457864768129,0.03935108076130478
1024,-0.005852949516310657,-0.007326670284677261
1024,0.02772815328651651,0.025593439666184492
1024,0.02130916492886764,0.019662206997182408
1024,0.007425579531474269,0.006126103545233241
1024,-0.019459416985242006,-0.02094817731542553
1024,0.023568938200311584,0.02203994061462833
1024,0.004235658613500781,0.0028595666529079855
1024,0.01464269172729915,0.012678122388136037
1024,-0.016528644596083664,-0.018544158730914584
1024,0.012642724879692202,0.011491949635025256
1024,-0.03588432638261524,-0.037607365037287566
1024,-0.005949369092432266,-0.008201682976328395
1024,-0.001813236409512864,-0.0030528440148127056
1024,-0.014311981677031238,-0.01611601578405719
1024,-0.020956379258506352,-0.022597564050178154
1024,-0.024451324559276566,-0.02596898117119062
1024,0.042741042638793025,0.040758419918106026
1024,0.010218809937918294,0.008901735213411366
1024,0.022136759001660344,0.020305954017422523
1024,-0.010807569750407697,-0.012169136099496769
1024,0.007310486430539942,0.005268476379162723
1024,0.018883509007548316,0.017065689977902587
1024,-0.027451858212946434,-0.029337145604690196
1024,0.007591874520760211,0.005566992811241789
1024,-0.021370423668110317,-0.02319304269618372
1024,-0.020817121564516594,-0.02193459230741257
1024,-0.03385596163637872,-0.035505377742547584
1024,0.0033653346471399503,0.001600769804298574
1024,0.052391770890515055,0.05038921644778105
1024,0.014470966230168414,0.012304942958537901
1024,-0.01827342990333536,-0.020105037750683785
1024,0.02325051545184853,0.021330938505201735
1024,0.014024183603277951,0.01206324690661753
1024,0.050088750949935035,0.048469745134978925
1024,-0.0027233580060957996,-0.004393633109247397
1024,0.033733889503632875,0.032424613972903804
1024,-0.0031721870664729312,-0.004351678682227911
1024,0.02372009977051104,0.021871179795175888
1024,0.01503105954653522,0.012661406485945548
1024,0.012008890034002295,0.010460191437829225
1024,0.01818535323300574,0.016404306018053816
1024,0.0012103114196193587,-0.00030337597911028746
1024,0.016984007849680405,0.01547369550509875
1024,0.007362045173127385,0.005690305882551816
1024,-0.004324038819934928,-0.006120194987153882
1024,0.015084129229413157,0.013311110185166286
1024,0.014361164778602109,0.012681000791890884
1024,0.015841516873096873,0.01384095217057707
1024,0.004498701372118774,0.0029838743726168793
1024,-0.0042143708859683215,-0.006113776404625848
1024,-0.0323907869914456,-0.03374085166198182
1024,-0.01011167648029887,-0.012055506461119858
1024,-0.03466022642133326,-0.03641112687994036
1024,0.018371418226007574,0.016749064382185153
1024,-0.018979882384905167,-0.0210321716939747
1024,-0.008318930078959452,-0.010115622144281855
1024,0.02896599828612406,0.0270352196379276
1024,0.0012972251006086455,-0.0008564169631863905
1024,-0.0016863349745976919,-0.003767321081766861
1024,-0.03123637049756023,-0.032944219963973564
1024,0.05186585202787802,0.05020421353890697
1024,-0.010947284588914363,-0.01234111558501405
1024,-0.03840086816296884,-0.039810514477853
1024,-0.027285562422668275,-0.02918102091846414
1024,-0.040760324182540386,-0.04300863464966059
1024,0.009532922747653716,0.0070771101035599915
1024,-0.022806476011661247,-0.02483873141643611
1024,-0.010471164397760191,-0.011922150433711531
1024,0.026204649625784504,0.02476070357244059
1024,0.04838189108687224,0.04679302329099133
1024,0.010230200399794553,0.008952544179355482
1024,-0.005115119246334565,-0.006981747347963307
1024,-0.008408520212891624,-0.009989536072091632
1024,0.05028464716073239,0.04803496507388466
1024,-0.006576737335355631,-0.008061551129385947
1024,-0.013581611911600955,-0.016183869445986265
1024,0.026677304447356887,0.0245895617425686
1024,-0.024043003091220205,-0.02580640013165586
1024,0.013933568777459882,0.012343607466538287
1024,0.01909572729127096,0.017421726293853856
1024,0.04056477265527464,0.03826566919339586
1024,0.00725437617291208,0.005721509199594965
1024,-0.02577931033824349,-0.02784653685014099
1024,-0.017866548036054697,-0.020047992585869423
1024,-0.003916299574302895,-0.005430202499434045
1024,0.0023120682907323276,0.0009016630012095295
1024,0.011306947150909685,0.00919304099943169
1024,0.003835213262328996,0.002032371373085484
1024,-0.02619032559925255,-0.027699268260848342
1024,0.006507573475256934,0.00455972809478139
1024,0.032459011283185624,0.030696308995628918
1024,0.002889185892463342,0.0014372573661697308
1024,-0.017087222570529914,-0.018374025669448124
1024,-0.01188559362836522,-0.013868562720293687
1024,0.0027524403982253642,0.0008035773524801559
1024,-0.01964377082658264,-0.021175723927541912
1024,-0.02357629243965742,-0.025269121606413092
1024,0.07179636656358646,0.07042656882195553
1024,0.024143515056980647,0.022173065008606663
1024,-0.027390192276068703,-0.029734700383295676
1024,0.022201027632797687,0.020367855874177276
1024,-0.012633590929630845,-0.013936732253084394
1024,-0.020571847483739802,-0.022678017609142842
1024,-0.0072137741736555405,-0.008992228609477626
1024,0.013835880700429792,0.012097014641509363
1024,0.025324209792035424,0.023136334672687164
1024,0.00658555198225802,0.004411511374783905
1024,-0.046536041779105086,-0.04889556772842513
1024,-0.01969607035051224,-0.021545102572635477
1024,-0.026637638570099764,-0.02814625724493175
1024,0.011793670051874483,0.009884094651388453
1024,0.0040398091168573624,0.0023258639425803307
1024,0.006567967205389658,0.004922629435553216
1024,0.03595314036058789,0.034654486426666076
1024,0.0006690333663469383,-0.0012616072170116843
1024,-0.05238783708307393,-0.053330907176147746
1024,-0.01633172813654371,-0.01818325778562635
1024,-0.01665335962823372,-0.018650962217465983
1024,0.0441548560995077,0.04264059906368295
1024,0.05199403944613473,0.0506961644374222
1024,-0.004161543502507803,-0.006391401587643009
1024,0.011220687623470615,0.009174062713204534
1024,-0.033985759403166005,-0.03603144843844158
1024,0.003114516797640021,0.0015574470729806666
1024,0.012828531586329017,0.01061208675122427
1024,0.012833434148130318,0.010552036831112388
1024,0.008191138104895135,0.006354585662065093
1024,0.01183668309902286,0.009973743387704737
1024,0.00030273389558166386,-0.0012176498592502694
1024,0.043258532812668116,0.041285816512134865
1024,-0.0319549975284098,-0.034150461301958035
1024,0.01287593305858209,0.011121743746912716
1024,-0.006598150183198925,-0.008481553716921886
1024,-0.006753293583222464,-0.0086550681975478
1024,0.006099250903250142,0.004364966427505446
1024,0.03394694671841525,0.032755675698634135
1024,-0.006103156228659812,-0.008030579642503033
1024,-0.013008823992575969,-0.014532854381868465
1024,0.010100484069472171,0.0084209754214995
1024,0.031945042447439675,0.03088650849035285
1024,0.010552379638534948,0.008450027521402947
1024,-0.00033129515385754704,-0.0024188480357647535
1024,0.03314534145278075,0.031710783365042905
1024,0.021082982539871842,0.01937277209547128
1024,0.005541551012853474,0.004336828568061557
1024,0.01287696286234813,0.010803331077184897
1024,0.007203736364700619,0.004990925518585376
1024,0.01777945869385139,0.015592271815092484
1024,0.049367505503773834,0.047826434897585146
1024,-0.006096192317123994,-0.007692198918476834
1024,0.035458888440426384,0.033545517266320546
1024,-0.017202071001794994,-0.01916075379068355
1024,0.026257323245269304,0.024792986998506072
1024,-0.04673353799842922,-0.04840874855658256
1024,-0.040379197432206804,-0.04169024274098043
1024,0.0021860691031046486,4.492773339093148e-05
1024,-0.020878892227238988,-0.0226037813710408
1024,0.04732700008123569,0.04594689490626619
1024,0.01763037185614591,0.015764860554365545
1024,0.015305218054243619,0.013592139351762511
1024,-0.03831120000052202,-0.04036161777329744
1024,0.043869944578433406,0.04140510443836637
1024,-0.02481419275745944,-0.026858065866949388
1024,-0.04678917089268009,-0.048484085146173195
1024,-0.0038253664121981057,-0.005890805116099795
1024,0.04442574661437326,0.04321735025975443
1024,0.025482470176956096,0.02409820967115811
1024,-0.02903245127610432,-0.030416404160066635
1024,-0.008823721496836967,-0.010666545814052686
1024,0.01243363846231521,0.011255162814202135
1024,0.029385058048668866,0.02764835885211514
1024,-0.020019072731978282,-0.021598094000140566
1024,-0.006895968283092524,-0.008806724333356053
1024,-0.01895457283836921,-0.02056572898407899
1024,0.039167882255829956,0.03761947837404728
1024,0.04636088878861583,0.04484425738018938
1024,-0.0037318709677160444,-0.0053696412383079095
1024,-0.005530276276932977,-0.007035953521351723
1024,0.003914924280309984,0.0023591958675764912
1024,-0.0005710839793872102,-0.002994774487339147
1024,0.016131202369233932,0.01420360234319229
1024,0.003752348768200464,0.0018846982378811217
1024,0.06218588934900671,0.06046326712462685
1024,-0.0024245091446430944,-0.00436903125405641
1024,0.0016897813581913668,1.5888985231804487e-05
1024,-0.019244863911821564,-0.02052464481588223
1024,0.005087189776972645,0.0033372296008548075
1024,0.0017964758374827694,3.909374937910437e-05
1024,-0.030124587998815733,-0.032060687843848634
1024,-0.01414146978114178,-0.015766466595058537
1024,0.011444350152305882,0.009469065228573936
1024,0.01987780830561947,0.018239203419368466
1024,-0.008700660903111779,-0.009809891534629966
1024,0.017663923188190267,0.01578519485638724
1024,-0.019516611791580485,-0.021020796064330105
1024,-0.0021343953867440923,-0.004071724198137894
1024,-0.015901964517130884,-0.01725214481555276
1024,-0.014747600256215077,-0.017072712946497426
1024,0.0013993077845511626,-0.000526615135061026
1024,0.0006999926590947059,-0.0007263468479294377
1024,0.02215760942856132,0.020298615190523117
1024,-0.011634444844138503,-0.012849966181635863
1024,0.016133855846435452,0.013978786170367519
1024,0.01480160033507727,0.013349512971899458
1024,0.033740178096108686,0.031772462671198765
1024,0.026253140547822518,0.024888152037568778
1024,-0.0029576003037962706,-0.004914042075881531
1024,0.02456951697919807,0.023258123314569112
1024,0.019131376312283677,0.017680418528893183
1024,-0.026259877124516218,-0.028016864255211993
1024,0.006405995681530163,0.004766153000899109
1024,0.011354450728580878,0.00962162758305668
1024,0.025106904760841153,0.02313817710895899
1024,0.02731859779702739,0.025429446570622016
1024,-0.0026774699594437346,-0.004508183992909087
1024,0.031524389255647656,0.02997794186585684
1024,-0.008749424909670955,-0.010854998880612143
1024,-0.0039729586849103216,-0.005564374921400772
1024,0.011376564219304386,0.0093168759156681
1024,0.012499075732316567,0.011030159042183463
1024,0.008519055257303065,0.006907646071700302
1024,0.041505063971266076,0.0392556546203614
1024,0.007860730666830795,0.0065775275726079885
1024,-0.015565980842819904,-0.017550817071611713
1024,0.026849255063695954,0.0246491006536097
1024,-0.029568540883551264,-0.03171911845535369
1024,-0.006538486629160567,-0.008473232901173744
1024,0.00977586911568995,0.008066627706031448
1024,-0.001901999881347427,-0.0035769208654527485
1024,0.0068667267410484345,0.005174187786799567
1024,-0.00422115700868797,-0.0063381767334145245
1024,0.00344649910953837,0.0017152727816869273
1024,-0.012093820552406043,-0.01359059090106357
1024,0.01158688908075478,0.009734121856291023
1024,0.03886439373385264,0.03708462572511401
1024,0.0003532839635773666,-0.0016661718226517186
1024,-0.0007264176938528433,-0.002384574335283607
1024,-0.010651503177345367,-0.01269471540096656
1024,-0.015370209903040055,-0.01742046483193266
1024,-0.02488727890700848,-0.026256940886505764
1024,-0.00041913855202629913,-0.0016899284695526262
1024,-0.004446490842306805,-0.006480202808232138
1024,0.0077940115462086235,0.005478966941554531
1024,0.005513488546472711,0.004348033974683196
1024,0.007727949032463821,0.0062677935714337
1024,0.025251995024455243,0.02345943247700133
1024,-0.001235334522790954,-0.0031570947381485692
1024,-0.04587105931371005,-0.047413296904084024
1024,0.02365327177229798,0.02185751820239701
1024,0.024296707914436277,0.021995188834319723
1024,0.010709471033033602,0.009016683517899471
1024,-0.010186654710645393,-0.011987596074404638
1024,-0.0173720657642934,-0.018810434708205037
1024,0.02232387646219669,0.02073686734270075
1024,0.011726463961570566,0.009753031518890343
1024,0.022152370056401693,0.020163790784631985
1024,0.01874996685994118,0.017396133078786402
1024,0.011216002561645122,0.009236175651568979
1024,0.021851346808116734,0.020036828156574704
1024,-0.0973247804513313,-0.09900915403522104
1024,0.0015037413680673573,-0.0004731830472048948
1024,0.005816568104378195,0.004194880838029602
1024,-0.006237362429893423,-0.008198910808962234
1024,0.002255806297013885,0.0007279602555518849
1024,-0.018777690124664848,-0.020827859274504146
1024,-0.019280208168631907,-0.020660688575454333
1024,-0.016526397039305862,-0.018251735395203195
1024,-0.03376552515912751,-0.03555527827963728
1024,0.01744289609964511,0.015484910177394395
1024,-0.04199997365825037,-0.04337465866349527
1024,-0.00018854830339226636,-0.0018492679142627089
1024,0.04593877240107741,0.04409826770509906
1024,-0.03530610244582588,-0.03750673387727543
1024,-0.000723956023065242,-0.002188485422552011
1024,-0.003837254898672926,-0.005542548968631711
1024,-0.024434047072532883,-0.026186933645572785
1024,-0.05651652359645848,-0.05890791061909301
1024,-0.025847204266396195,-0.027264901060822522
1024,0.009492170670273137,0.007795722418235118
1024,-0.015782791566499643,-0.01741646648509204
1024,0.028637503362974548,0.026876826554399047
1024,-0.0013035378623336702,-0.00300776108071682
1024,-0.023835577790179197,-0.02538017904120693
1024,0.020511147863035373,0.018887561867947822
1024,0.007348407865510331,0.00566852869836848
1024,-0.03210028186327518,-0.03377753771085795
1024,-0.001152144317216719,-0.0028204834773783993
1024,-0.029866007767519687,-0.0321362013821897
1024,0.007114874166695873,0.005021580208340148
1024,0.016352550235156527,0.014940513174434567
1024,0.026800728440050214,0.025092573685936814
1024,0.0025910468250645025,0.0007708984852030087
1024,-0.020755124565296934,-0.022505693652992542
1024,0.03279745314913152,0.031232008374404707
1024,-0.009796197785049643,-0.011839890326433622
1024,0.01961522859273479,0.01813112841334813
1024,0.02766755314421554,0.024711880313119328
1024,-0.021946574143143993,-0.023572056152115606
1024,-0.01878341332907535,-0.02035490840814369
1024,-0.01902993672971942,-0.021169051915752413
1024,-0.020158988448951143,-0.021715951998667715
1024,0.005168372672374966,0.0037348629537728995
1024,0.014963115756272904,0.013308320384428696
1024,-0.04686054849389426,-0.048624661369330247
1024,-0.03999773418457431,-0.04149243725486235
1024,0.007036669766914361,0.004795427009642694
1024,0.020363823097451106,0.018159116272654374
1024,-0.008052924223244717,-0.009970279497747259
1024,-0.0194699683773904,-0.02141992554271699
1024,-0.000765756680151275,-0.0024238853813662864
1024,0.039125943843172195,0.03771756571613577
1024,-0.004077174327118349,-0.00480798819855599
1024,-0.03442432814006163,-0.03590508851365953
1024,-0.01936140177907375,-0.020929079566994024
1024,0.011318643453271604,0.009044688980064775
1024,-0.005757876713240906,-0.007884822212663123
1024,0.009492946461369778,0.007820941098439116
1024,-0.006215684091439133,-0.007804310541065895
1024,0.003499441136391779,0.002577823281928293
1024,-0.021272588943564263,-0.023589246397825225
1024,-0.01367723524285891,-0.01556254831218945
1024,-0.05273525151114533,-0.054334592859960784
1024,-0.005786033233549592,-0.007414140000695124
1024,0.015334230883493782,0.013340244670448698
1024,-0.0061168732471511555,-0.007632172645498092
1024,-0.024844909516869962,-0.02689476956255321
1024,0.008138612887148455,0.006600392166699276
1024,-0.06291851466493753,-0.06479147746116909
1024,0.02291289190193463,0.021371515696497645
1024,0.02970176014507986,0.028223218097212843
1024,-0.0025240756366070594,-0.004161973408044306
1024,-0.049716112584835215,-0.05123924560899723
1024,-0.025392632803206416,-0.026878615233978498
1024,0.04679166321703693,0.045069429291868635
1024,0.04110808450654363,0.03930350385945991
1024,-0.028548657594096305,-0.030271229497783658
1024,-0.02337444833686153,-0.025446175393051107
1024,-0.014413278864663925,-0.016226051390521412
1024,0.025386916531316084,0.023434429622092023
1024,-0.024821014027288257,-0.026769113805431843
1024,-0.009708836798460962,-0.011593389309985103
1024,-0.015261781455134571,-0.01774621625048839
1024,0.01683840158102895,0.015008438470264784
1024,-0.004881744526102738,-0.006085265526955375
1024,0.025200545842653355,0.023240979432170905
1024,0.03182012523149541,0.030410041839145918
1024,0.013032315239228709,0.011535873102336724
1024,-0.039220146017019175,-0.041471033417726066
1024,0.013164920213332043,0.011723856797407672
1024,0.05614672499402812,0.05410558514009739
1024,-0.05007556122973633,-0.051788337923248606
1024,0.012990270839243812,0.011102160200176459
1024,0.04749155977304459,0.04603047786872794
1024,-0.0087916530174042,-0.011182373833458104
1024,-0.03594484720904917,-0.03761204762195658
1024,0.03579662826026875,0.03426353341498556
1024,-0.006452136105940143,-0.008342955934700913
1024,-0.00566240278043767,-0.007781888154879513
1024,0.04730461605619801,0.045508416877485636
1024,0.01791449548938079,0.016034320277687586
1024,-0.022731427868097565,-0.024221056747351366
1024,-0.014765080352795501,-0.01619821208714628
1024,0.07090588997116959,0.06948893016991714
1024,-0.0644434866701123,-0.0665443967522602
1024,-0.0135821264376636,-0.015268112768833497
1024,-0.05377614198652153,-0.05627401967279411
1024,-0.0004737157206256559,-0.0023288177331501347
1024,0.011642619632727225,0.010289660668542533
1024,0.004872465666937109,0.0031628323962362703
1024,0.01266994286873363,0.011074033649855264
1024,0.025409565003948975,0.023349912219909896
1024,-0.009492671663997199,-0.011251649047474999
1024,0.006399810883126356,0.0042426145890474
1024,-0.016685122354880788,-0.018730781980859534
1024,0.01087513366311077,0.009268175654263966
1024,0.029085760578782094,0.027398673910076277
1024,-0.02992048245192669,-0.031695783916735554
1024,0.027265433390421534,0.025367910141654904
1024,-0.06071288113564116,-0.06230757858793323
1024,0.0031316342348269854,0.0009294584181172572
1024,0.07022714724649198,0.06877083398469369
1024,-0.0015788188833719685,-0.0033767007093749024
1024,-0.0018923263419856062,-0.003834514498947783
1024,0.02869028415417657,0.026925596010440145
1024,0.02914560015445744,0.02778969425052169
1024,-0.005493665278052284,-0.007421850414429998
1024,0.04225965275298249,0.04035283892668762
1024,-0.044997422608131554,-0.04704068198883016
1024,0.030471312982992382,0.029230583583025604
1024,0.02464132836806726,0.02271021749933405
1024,-0.02702484477295941,-0.02844688848571364
1024,-0.004253013072031242,-0.0062852084504588235
1024,0.026482586776835626,0.024883106630601004
1024,-0.0207740368807226,-0.023109731810890655
1024,-0.010277044089096077,-0.012247573611585183
1024,0.024254365422076374,0.02202913050131189
1024,0.02013046763845655,0.018552635813916696
1024,0.04484731749190307,0.04284667901907119
1024,-0.024878157727227623,-0.026648520440540058
1024,-0.019171113460379474,-0.021088146469541325
1024,-0.02446852068467753,-0.025748877376385093
1024,0.0608420752200734,0.05933552752424692
1024,-0.018522753975665995,-0.01990778257239728
1024,0.0022233882946236516,0.0003916112650888537
1024,0.011022153888733788,0.008612581730812086
1024,0.0009352654717950104,-0.0008503361388722541
1024,-0.003736263314824906,-0.005732418569622866
1024,0.004715665447237949,0.0030694884605916295
1024,0.024425863100083378,0.022942543643475644
1024,-0.011559284554606197,-0.013169963031554266
1024,0.009787051817228942,0.007780770995002906
1024,-0.01034475033178861,-0.01155556741594449
1024,0.02442793564057305,0.022640369993065568
1024,-0.005387771251642859,-0.007417194485616285
1024,-0.0418211698868004,-0.04371500383511073
1024,-0.030600265886884304,-0.03199479601523242
1024,0.03109286273107259,0.029593485867721092
1024,0.07350005505406787,0.07183403613015565
1024,0.018792368362068212,0.017014121702233154
1024,0.02944734499934243,0.02727493758696592
1024,0.03189751809676156,0.030485494390370238
1024,-0.01703942890019655,-0.01839763522791138
1024,0.00932227962466714,0.007798418822101749
1024,-0.016558730224759455,-0.018217315770737375
1024,0.02243493838807825,0.02023566133036714
1024,0.01692667319586716,0.015537767770806232
1024,0.036442482393791886,0.03465639458017222
1024,-0.006718638791838649,-0.009034895027212275
1024,-0.004763665559852637,-0.006248322903420589
1024,0.02848909449669551,0.02656153830906821
1024,0.03809623743292628,0.03654622803114266
1024,0.00010411708130814157,-0.0013927370248053017
1024,-0.0036966452493132906,-0.005529304648046185
1024,0.01858602249760055,0.016630270370900146
1024,-0.03188341159144914,-0.03401103611086004
1024,0.018167116958729024,0.01634760842446603
1024,0.06287976957802549,0.061171805162868076
1024,-0.03243724655335095,-0.0346917566153524
1024,-0.03403903725281349,-0.035850622601222515
1024,-0.019058139169025323,-0.021545156491352746
1024,0.030645199241837895,0.0289949137041583
1024,-0.023559961339867874,-0.025331606383319716
1024,0.0011119073613945485,-0.0004735298267383725
1024,0.02234883811193278,0.020195505097717892
1024,0.02973766673894085,0.02775236794260766
1024,-0.018219409513935914,-0.02022240307614398
1024,-0.03871768123378355,-0.04070834753529029
1024,-0.018786683002095184,-0.020485579760109396
1024,0.007452483154227252,0.006166261709216414
1024,-0.0432905774602072,-0.046079856528226326
1024,0.007340491550391959,0.0052968180304284185
1024,-0.017896442200794116,-0.019978143206484167
1024,0.028534950684008575,0.0273564376299682
1024,0.04280571052910653,0.04117561064012809
1024,-0.006549720610961984,-0.008627217551188948
1024,-0.0020109138290062556,-0.003911265596415081
1024,-0.0263608721547558,-0.028237373521606546
1024,0.02179005542177359,0.020199222658925764
1024,-0.0212972344539219,-0.023241010078726754
1024,-0.04380800661208151,-0.045608480865918344
1024,0.004746691045500573,0.0026257214287511155
1024,0.024373763287651617,0.022877097906087662
1024,-0.028013192779564045,-0.030246743507696405
1024,-0.057235458787704196,-0.05946855138226825
1024,-0.024309840706443486,-0.02652386758009445
1024,0.016704628084271145,0.014985149656250696
1024,0.014716200411622582,0.01275356071838274
1024,0.0005367883920288641,-0.0012117584264549341
1024,-0.036808046062659305,-0.03856236922223777
1024,0.0034655455634343135,0.0016915266693701136
1024,-0.01819213747223608,-0.020608223255331293
1024,-0.045090436402599854,-0.047072982078965264
1024,-0.035862393471969845,-0.03756711628320397
1024,-0.03824896243656106,-0.04046823406875916
1024,0.006579947720460277,0.004439996906099752
1024,0.024890882455207985,0.023602818086922273
1024,0.03484476849184154,0.03296942157193605
1024,-0.01595111172306618,-0.01781781411403416
1024,-0.0020176610829319985,-0.004405438809419959
1024,0.02105446582142434,0.019394821290122266
1024,0.04732745682587908,0.045540554590160764
1024,-0.0547192673178829,-0.05618980069891161
1024,-0.009984335842642689,-0.011854313577675468
1024,-0.008244670823288336,-0.00972056459962789
1024,0.013116156629155384,0.011592348991892876
1024,-0.027646968362855018,-0.029004382227285797
1024,0.021321208322503837,0.0188757494877706
1024,-0.06706698851131826,-0.06896746394232289
1024,-0.03291803538854787,-0.034194791385151635
1024,-0.016418758517999288,-0.01852157878016758
1024,-0.021796311209030805,-0.02342703203546226
1024,0.04782075707981204,0.04624449007816195
1024,0.016773732078229242,0.015061965679623202
1024,0.0010244213469576824,-0.0001333728345621621
1024,-0.04590226788926888,-0.04773262819904567
1024,0.012320660914258763,0.01082880487201865
1024,0.00423932970162999,0.002669177258763533
1024,0.055619093566417754,0.05356061240666388
1024,-0.03836660682703136,-0.040020729739547345
1024,0.002982149326277883,0.001422357326903212
1024,0.004224895676148643,0.0026116315119888434
1024,0.018046345037839695,0.015833007994576653
1024,0.03211924203821731,0.03012626558736109
1024,0.007678856374931986,0.005966706254724674
1024,-0.058680350950023885,-0.06036964770703768
1024,-0.034919086997764304,-0.03667067038326849
1024,0.01626489219973898,0.014249320160670709
1024,0.009663551829435457,0.008360968655614809
1024,0.026745058306170966,0.025267033532197725
1024,0.008998914683516768,0.007868636720052447
1024,0.030242900398937456,0.028659713046387758
1024,0.05789138224923557,0.05630740607706891
1024,-0.02627325653291368,-0.027785466000946557
1024,0.04906938303518765,0.04764649855618741
1024,0.014100349851657035,0.012559147112099989
1024,-0.07083273559692022,-0.07251948227738736
1024,0.009162457648645761,0.007376296253403636
1024,-0.03203949867125283,-0.03388492805795329
1024,0.04684279725870344,0.04511783861801677
1024,-0.038104285032299734,-0.0397086739904044
1024,0.016137516112003758,0.013870132478486008
1024,-0.012381800644307606,-0.014192600043716974
1024,0.0012795952027023771,-0.00041116440338634375
1024,-0.020141659010292245,-0.021575449436050775
1024,0.0053698083920822315,0.0036614276821517744
1024,-0.021785626225203858,-0.02359096274256589
1024,-0.03283282176147956,-0.034512290799409484
1024,-0.003035405704767624,-0.004545451929024558
1024,-0.02562126867483666,-0.027402245546017
1024,-0.03681791793192263,-0.038646057962056835
1024,-0.020745362527255062,-0.02285419688667889
1024,0.06607549070331614,0.06444328453369447
1024,0.004759702246516784,0.0033077188855424877
1024,-0.0087664363910267,-0.010373755814159447
1024,-0.037263693313124124,-0.03904952495029451
1024,-0.06885224864872908,-0.07048738917479913
1024,-0.04325003877540795,-0.04528665433915846
1024,0.021694472386532437,0.01999641134217739
1024,-0.002686162077582377,-0.0044969373150813285
1024,0.010997341183252185,0.00940855657597195
1024,0.0040978921466034435,0.001898348088578583
1024,-0.003572986465841921,-0.005446029963068477
1024,-0.03907811882686252,-0.04061867552278864
1024,0.03778153823711572,0.0359925549916042
1024,-0.011384925347776742,-0.012719392413178432
1024,-0.014891888103486517,-0.016469745663927393
1024,-0.03725139516173698,-0.03936351877021066
1024,-0.008808330677792131,-0.009877594715995641
1024,-0.008554460644182305,-0.009955139575187677
1024,-0.037370193346237646,-0.03886843310529198
1024,-0.019440985263623867,-0.021074468994004836
1024,-0.035159032059445094,-0.03747804554928713
1024,0.015707880909393623,0.013569420740894678
1024,0.03586257871793963,0.03386235107757429
1024,0.0036854255330937002,0.0020427853955002906
1024,-0.0003321562224175012,-0.002504607414104576
1024,0.029693481671869304,0.028138318114641958
1024,0.0562531011632858,0.05450752831742406
1024,0.03068808038949178,0.028670536113209744
1024,-0.02552670080565833,-0.02709139105337388
1024,-0.01270555524374728,-0.013676289772165395
1024,0.02074531599313212,0.018838867089922495
1024,0.011395811548350065,0.009113545806319845
1024,0.044956921947637674,0.04304969552414345
1024,0.024372426463658947,0.022552927238552012
1024,-0.06154959462971943,-0.06348306738462889
1024,0.011905144718614313,0.01019436744911828
1024,0.018995916115430278,0.017199312166440273
1024,0.04026520813315687,0.0386659618668595
1024,0.027427095519600375,0.02531603721369402
1024,0.023096179838066,0.02164540450698671
1024,0.04700332851569017,0.04519082360230792
1024,-0.011725900145753143,-0.013609968603805034
1024,-0.0338092339165979,-0.03562301495247577
1024,0.011747247556500195,0.009227561071188495
1024,0.0074847753876239875,0.005906189244133053
1024,0.041688193335587154,0.04033239715774595
1024,0.02181839951134179,0.020060696475339757
1024,-0.022291546824592667,-0.024346845346406354
1024,0.03981687803487294,0.03770977187135438
1024,-0.0212113532765002,-0.02298150084229783
1024,0.0011946324796577867,-0.00022342689094989598
1024,-0.024678706527339833,-0.02708122359231363
1024,-0.010524565552281873,-0.012131545328128324
1024,-0.0010281144471499526,-0.002996443263248272
1024,-0.04525243933835732,-0.047844857373063876
1024,0.01651189457066471,0.014637848513486484
1024,-0.025669194539680973,-0.02705462800404429
1024,0.023266190692159572,0.02138668532407506
1024,0.03023760873323994,0.028902287854023323
1024,-0.037283802768379004,-0.03858300656381797
1024,-0.04917758951525575,-0.05100679471412717
1024,0.0323936976198414,0.03064694245569477
1024,-0.012292821117057984,-0.014063211545321697
1024,-0.0006580624363600185,-0.002286955616612407
1024,0.009211478799766026,0.0077259034036561425
1024,0.07362102353549693,0.07176038475297192
1024,-0.03259259199518938,-0.034770462072089225
1024,0.015691413264055987,0.014041336604293297
1024,0.051178347523230416,0.04944696715664176
1024,0.028531928649817906,0.02676372037665098
1024,-0.009833021482265336,-0.011346025668565962
1024,0.04034661663263789,0.03870975741474886
1024,0.028168454542919052,0.026423393842621157
1024,-0.01525832588763254,-0.016914935520867647
1024,-0.028666088064055184,-0.030268389041477495
1024,-0.002926642862578266,-0.004534176026737835
1024,-0.012153276295404136,-0.013560060032766774
1024,0.03683043735453667,0.03504718121089473
1024,0.04007986030037253,0.038471418669573265
1024,-0.01574987580941306,-0.017636252975735178
1024,-0.012365586340900958,-0.014178445065987533
1024,0.02240458994135569,0.020794222327284673
1024,-0.004108414501051649,-0.005960389409491174
1024,-0.020817926763624095,-0.02233520413614032
1024,-0.021413651811127143,-0.023055181548274406
1024,-0.0010726100961986895,-0.0032661875873137847
1024,0.0055384087855324116,0.004142596761681827
1024,0.0030707935265976705,0.0012296647282708517
1024,0.0060160073128099345,0.0040763862153820885
1024,0.0012261497471571237,-0.0008882277769758917
1024,-0.009345836723283374,-0.011257986748634707
1024,-0.031354137485244904,-0.03334324345519751
1024,-0.00228776697245181,-0.003937866450898331
1024,0.013274310103668696,0.011506392817075717
1024,0.0012233809030871567,-0.0003872166836848545
1024,0.00861387503742711,0.00692163921046246
1024,-0.04191326842905946,-0.043748319705704364
1024,0.0052889292784897846,0.003112102574438058
1024,-0.011030252572967303,-0.013125387012838885
1024,0.02198919024130158,0.02012273239397816
1024,0.02418218457667959,0.02269810915155379
1024,-0.07572677307721154,-0.0772095276390159
1024,-0.03243583974901232,-0.03412008382077353
1024,0.01662664938712438,0.015467496414977744
1024,0.011407463490254233,0.009652221151842666
1024,-0.02393738606482454,-0.025902461009184308
1024,0.010211078524227868,0.008585899305701028
1024,0.00036784611252366206,-0.001406777810917248
1024,-0.00017149747953942862,-0.0022915601387794027
1024,-0.016256327999081666,-0.018229241522673467
1024,-0.002604201950025864,-0.004475495879096236
1024,0.06162417541449988,0.05978145510411792
1024,-0.0429185506120347,-0.044800777510981105
1024,-0.030541499763497126,-0.03208215727049707
1024,-0.049135898302108016,-0.050885099487567476
1024,-0.026190928369949573,-0.027001591668592673
1024,-0.03415157699127935,-0.035390733827079524
1024,0.02090371071705066,0.018810056908970918
1024,-0.00311678254596659,-0.00489668384960279
1024,0.03309471373517858,0.03128148004398856
1024,-0.010304279534661898,-0.011771025470192154
1024,0.01571923489009891,0.013418988946891475
1024,-0.006214514680399741,-0.007575334947473977
1024,0.05510573194023666,0.05326899934343171
1024,0.010715381743894858,0.00866457627209627
1024,-0.008382252913207489,-0.010197221248725075
1024,-0.0028754366922165153,-0.004641121025644235
1024,0.051244009671921276,0.049327752395791735
1024,0.0017950397677637397,3.4772428424811874e-05
1024,0.029630284406301277,0.028074342775628147
1024,0.022917560520176017,0.021291561335745723
1024,0.005430733868811544,0.0037824504474839316
1024,0.009746759899927848,0.007899264621395785
1024,-0.015202454431386125,-0.017482470709851816
1024,0.0049687466931390145,0.003201532478262936
1024,-0.02004803985031478,-0.021345294665242986
1024,0.022230418061014945,0.020691653323629988
1024,0.011221944922197857,0.009701373354818688
1024,0.0464778420302277,0.04425556211472925
1024,-0.02524334668656253,-0.027095724769418017
1024,-0.029140156102738513,-0.030731800884494287
1024,0.008046730729180052,0.00661326118695732
1024,-0.04047099421821171,-0.04291843915998539
1024,-0.010676621219379012,-0.011883004542626308
1024,0.0019863591374444933,0.000315066940068387
1024,-0.0021157478864354262,-0.004577013612972802
1024,-0.008706601162486116,-0.01029466902915338
1024,-0.014294550316984456,-0.01583342174893193
1024,0.0013386701085157937,-0.00020053095463851145
1024,-0.0552715371589797,-0.0566517067526473
1024,-0.014904155130448904,-0.01699821616741598
1024,0.01525351597122504,0.013448857185864138
1024,0.06242024428469056,0.06123667280408562
1024,0.020634142881447992,0.019288587919651656
1024,0.010714984796067362,0.009044863403753822
1024,0.028733631958062333,0.026811736561067168
1024,-0.020697202546429205,-0.022808037599281572
1024,-0.016365345699197897,-0.01768384511938975
1024,-0.01884782061130008,-0.02005724881245685
1024,-0.00363693765375811,-0.005980676452095934
1024,0.009780544560996696,0.007813060372130531
1024,-0.052865034569465175,-0.05479998902520633
1024,0.013454999988167404,0.01142479582906808
1024,-0.011117163529330842,-0.012937855344430649
1024,0.001772814730959249,-0.00012063876569690102
1024,0.001162392957944569,-0.0005789509963729511
1024,-0.04117970911546748,-0.042771124146162354
1024,-0.020509152656051743,-0.022686412397917688
1024,-0.0004828305771797381,-0.0022374550046259656
1024,-0.00446093033912992,-0.006407092524435443
1024,0.018639862774058047,0.016973194092405053
1024,0.018843309664533014,0.017501587806811658
1024,0.010155309030187576,0.008652865997967052
1024,-0.0214016294216397,-0.023056612629503037
1024,0.0019684688251279114,0.00031789792380382265
1024,-0.025415453921538933,-0.027528665959656806
1024,0.022671932322288202,0.020880919587214386
1024,-0.01633325863688717,-0.018147368318601753
1024,0.00832383091709138,0.0067341984459065585
1024,0.020539692700807355,0.018487877506983108
1024,0.017539608926134986,0.015505229167593615
1024,0.008576860301009348,0.0070815805620481065
1024,0.03896849582460593,0.037421514842298886
1024,0.03691674385435706,0.03532877555278563
1024,-0.01831711231300598,-0.020581054894105222
1024,0.04203723375366564,0.03965944184404341
1024,-0.01883340956602303,-0.020467540159323505
1024,-0.039961370459901946,-0.04178396943202295
1024,-0.022412030187404064,-0.02413014672662861
1024,-0.010957710666332388,-0.012446893087216804
1024,-0.024234591985368648,-0.025916658866969533
1024,0.03228547111463309,0.030321496982059604
1024,0.01845525018433003,0.016542328291848485
1024,-0.0007900732843360014,-0.002825136956889962
1024,-0.00029493442146738547,-0.0018559614644935718
1024,0.0009325671361671839,-0.0006170765112674115
1024,0.012369835026018683,0.010613335508495692
1024,-0.025904189108626074,-0.027726138493614494
1024,0.006730493550021199,0.005604354583189919
1024,0.04876088288910607,0.04736697158887404
1024,-0.028449406390000487,-0.029998915092918244
1024,-0.028550383424719383,-0.030530640323712555
1024,0.0023385681833101857,0.0005621444580390933
1024,-0.06698395361942844,-0.06849126132111083
1024,-0.09549055111965249,-0.09702409200865941
1024,0.026690376791102588,0.025079435940220773
1024,-0.0021148370291582674,-0.0038664627313342304
1024,0.01879690649234972,0.016780372172676306
1024,-0.005774479354830386,-0.00797166923308501
1024,0.013755162053876835,0.012080681483737976
1024,-0.0031802876181943884,-0.004508233541613671
1024,0.0018135909093099922,-0.00015218800939359456
1024,0.050444116905205005,0.04875949793479806
1024,-0.017950163914379758,-0.01959014373765522
1024,0.010469468819285954,0.008663000248104069
1024,0.005278318276934424,0.0038999744585404006
1024,0.03639391543357584,0.03476038431425127
1024,0.018670415503678817,0.016538124912907237
1024,0.007791298782951317,0.005807992791607486
1024,-0.02306138346243597,-0.024670055068354957
1024,0.020442034669446274,0.018844995922442653
1024,-0.002200993679428498,-0.003814002825787699
1024,0.033529505263793224,0.0316993735182699
1024,0.009885372751786414,0.00783464640455328
1024,-0.015405780368529187,-0.017332918129579766
1024,-0.014337435000690457,-0.016534892127329892
1024,0.010769845101555875,0.00895705970486893
1024,-0.0101018817409268,-0.012188462557781499
1024,-0.044675454130569,-0.0464447720587437
1024,-0.04246813255998677,-0.04427091895637081
1024,0.006331165605579447,0.004702323258601593
1024,-0.02488406065035942,-0.026439149204190993
1024,-0.008951629027900532,-0.010729017869852253
1024,0.0457240672191348,0.043756423419383905
1024,-0.021739855651649265,-0.023254597695655466
1024,-0.0027445757208106047,-0.004240749670572863
1024,0.02905496238678218,0.027108107219758315
1024,-0.011809462157863604,-0.014066113127830349
1024,-0.026460094329130435,-0.028313572938403142
1024,0.02613790152714418,0.024617983156749512
1024,0.017114277566912472,0.015182302708956152
1024,-0.00615451603068784,-0.007407118607109298
1024,0.0028014150615743305,0.000847439451945875
1024,0.004807257433041168,0.003399288189707139
1024,-0.03463068108401096,-0.03641261433257892
1024,-0.019316080711062555,-0.021294515382066947
1024,-0.021772122770633784,-0.023928601922448278
1024,-0.013705562307344932,-0.015354337956065334
1024,0.011564301174775471,0.010077442730758168
1024,0.038208157052625036,0.03596097032111323
1024,0.00674715864965203,0.005267280273920705
1024,0.015195428602351901,0.01347114403284988
1024,-0.012118332455399394,-0.013387654419807271
1024,0.01358121475787738,0.011725860903629037
1024,-0.03284350052829765,-0.03442420698905124
1024,0.021097788280480256,0.019668039221147127
1024,-0.0061121237346933865,-0.00784677528779476
1024,0.03938101664683252,0.037751708894975866
1024,-0.041498903866442394,-0.04308841195564239
1024,-0.0019321645290661937,-0.003602999032657983
1024,0.001069559440979695,-0.0007168279512556608
1024,0.0019962638966393165,0.0002302752920130824
1024,-0.020107237617729534,-0.022198186806916653
1024,-0.025329843591746504,-0.027983685580772688
1024,-0.06050282098897586,-0.06218444311006188
1024,0.02966152459078958,0.027902205221072063
1024,0.01908093005726824,0.017612977214823633
1024,0.025424177177062246,0.0234875854907875
1024,-0.041885714830080856,-0.04340460347118652
1024,-0.004563222033676595,-0.0064884670292598146
1024,0.0012765518707644197,-0.00047682551654032457
1024,-0.0034826321713315456,-0.005215199020494887
1024,0.04408166878150188,0.04203529996900701
1024,0.013965708663174259,0.011925301093150764
1024,0.01693835856323056,0.014913158049588426
1024,-0.005021232793304131,-0.006307120892079243
1024,-0.038658425205774116,-0.03990662178054116
1024,-0.011770547242983986,-0.013572891051634506
1024,-0.011241719592161359,-0.012747397594942533
1024,0.025162983831411134,0.024163203892967722
1024,0.0376945321294852,0.035966970422673716
1024,-0.06566901772491363,-0.06689889677571365
1024,0.009621969841845879,0.007461848644249258
1024,0.013524375834076063,0.01200411671177859
1024,0.013481565165064102,0.0122032164861261
1024,0.010653157218313891,0.008519302305450283
1024,0.012898447808841362,0.010891612392763761
1024,0.03428746900835733,0.03240178803921745
1024,0.0027988431723093288,0.0003598825026552288
1024,-0.04027924799082416,-0.04258752249473735
1024,0.011197446117155008,0.009671259834920287
1024,0.01687770168733277,0.015074741802320324
1024,-0.00281160346402054,-0.004974950923076538
1024,0.04059980024297116,0.0386952839881079
1024,0.04719196229306194,0.04590362244953938
1024,0.010092785937310278,0.007676250558552367
1024,0.0038759091452170713,0.0021706223986851514
1024,-0.03676642565899385,-0.038371911319202645
1024,-0.004534034778219009,-0.005779030062746049
1024,-0.006376197186747035,-0.007968794047201855
1024,0.008750290636288238,0.006983680125153435
1024,0.06957154390059511,0.06767244653173538
1024,0.003694082872112092,0.002397420498633729
1024,0.01414308042008644,0.01239426084010753
1024,0.0022483754780243115,0.0005421696286317945
1024,0.022005451642764073,0.02043456102841673
1024,0.0126416774593745,0.011524730582922138
1024,-0.017092455242521343,-0.01883825055843491
1024,0.052319612057129594,0.05022874341426975
1024,-0.03670401121851713,-0.03854212318513728
1024,0.011840647015796568,0.010078388737166932
1024,-0.014613056165357241,-0.015814621100931514
1024,-0.05998253284034982,-0.06176245741942521
1024,0.033721754563702355,0.032071184986261714
1024,0.03277318364594195,0.03133437676320827
1024,-0.013604003543401744,-0.01500918639492399
1024,0.018714521182800037,0.017083735904249886
1024,0.030159929157506538,0.0281018107369016
1024,-0.0015760328197080287,-0.003132913233130752
1024,-0.0006523549853146848,-0.0023659567558353967
1024,-0.018463042285473352,-0.01966451131231195
1024,-0.01329583908354487,-0.014919195463198254
1024,-0.0038624230255150382,-0.005939171529703691
1024,-0.07201195880189087,-0.07397891931511957
1024,0.009096881632372045,0.007413721587923805
1024,0.01664527183535952,0.01453973310335327
1024,-0.023793420284577538,-0.02556370305978861
1024,-0.006902773109015936,-0.008375043861298392
1024,0.0012265282479274053,-0.0002425561883264704
1024,0.008186898879803617,0.006350865612399781
1024,0.01896127103295675,0.017469836923359017
1024,-0.02231151359879019,-0.024499136293513968
1024,-0.004195960814454114,-0.005726093907386043
1024,-0.0005007317046066828,-0.0022864811681627684
1024,-0.005620813168994487,-0.00712040511009937
1024,0.015966363736080402,0.01413857203981217
1024,-0.04687325040302226,-0.048893228000299827
1024,0.05058907406350743,0.04860053817652715
1024,-0.006637886750310906,-0.008364763020767219
1024,0.019457184880638356,0.017777754388599687
1024,0.0021244445234188114,-0.00012302426754828844
1024,0.007327730881484529,0.005579808232041017
1024,-0.023935389579099353,-0.026122849357329836
1024,-0.03382286464264023,-0.03549076019488906
1024,0.044193030653638776,0.04322366254894
1024,0.020141874142057703,0.01864905696427549
1024,0.0021507809553143464,-0.0002485887160588729
1024,0.007288324519237388,0.005043686373969847
1024,-0.013457451873728432,-0.015132535524645718
1024,0.01579819246134645,0.013999259418189414
1024,0.0282105147538092,0.026449567748526526
1024,0.01153483410326317,0.010166261844806568
1024,-0.016463803313357228,-0.01830280599522538
1024,0.020147423937261988,0.018802665435150745
1024,0.005098601480746312,0.0030227300135463042
1024,0.04065482295380213,0.038691650394097
1024,-0.005033371068863146,-0.006729654818946718
1024,-0.011911979729402333,-0.01355565551511978
1024,0.0397792046581239,0.03820130740800187
1024,0.0022308378040815646,4.8768348313077414e-05
1024,-0.04080827700162448,-0.041929532260337965
1024,-0.01500766021625255,-0.01671407769665867
1024,0.04525343650854924,0.043815176045711
1024,-0.006153427702990155,-0.008356816762483954
1024,0.0255992761629123,0.023964952801470818
1024,-0.049645327306991394,-0.050818160569146564
1024,0.0010814216430386492,-0.0008561079944206518
1024,0.0016929268857064916,0.00019371485121572052
1024,0.026015988635773202,0.024138848725432982
1024,0.0364562923307315,0.03468098896762961
1024,-0.01599782139911443,-0.017801714635462207
1024,-0.014390535345264577,-0.016566709996661044
1024,-0.013195927753862025,-0.014490003122475614
1024,0.028916812500521305,0.0270715917247924
1024,-0.005868279944563737,-0.007768084448859347
1024,0.04543930066246071,0.043221892684703944
1024,0.001177447093810735,-0.000913418682033873
1024,0.0475573606845171,0.045353645806169074
1024,-0.04322685399352022,-0.044462597373463975
1024,-0.03288324944483323,-0.034952164494986004
1024,-0.029784147515073245,-0.03127159918630512
1024,0.018477733068158364,0.01696024290784165
1024,-0.056632972743517584,-0.058160669265813814
1024,0.006867815578217196,0.005156488454281516
1024,-0.010908981377081683,-0.013201715047983786
1024,0.023425285131632334,0.02105752881792433
1024,-0.03458719201536309,-0.03688159581803746
1024,0.020570155638720777,0.01887252965241215
1024,0.039441757679279765,0.03769626927823033
1024,0.02982112728816866,0.028125726244830285
1024,0.022900057113657113,0.020426721897168043
1024,0.02702841706047654,0.025053884226532763
1024,-0.007566511004631016,-0.00929663985391399
1024,0.00327672796055567,0.0017411222915074132
1024,0.010835208318285161,0.009562629456724203
1024,-9.710575984089864e-06,-0.0020813501740983287
1024,0.0024991398955074295,0.0007323557338229647
1024,-0.015342448809649911,-0.016977556282906814
1024,0.008991767943359319,0.0071304874502818305
1024,-0.005003094141961428,-0.006924120814514878
1024,-0.006125576126399246,-0.007957684743466087
1024,0.02302457457724677,0.02150798834806139
1024,0.011856178169660447,0.01027954900469713
1024,0.02561636778334997,0.024081797290660734
1024,-0.011733644472216642,-0.013988799283645159
1024,0.05223279249824059,0.05032274457468866
1024,-0.03998599813100878,-0.041544532168936055
1024,0.009793646718252724,0.008199806637634366
1024,0.009070922520373836,0.007171994566360973
1024,-0.040824989910251464,-0.04288901185350752
1024,0.004920623895771026,0.0033814894816033836
1024,-0.052709204591555536,-0.05410277813372383
1024,-0.008793603896159685,-0.00966480604828368
1024,0.02001696953499471,0.01871796845084306
1024,0.006326503149609253,0.004325183914131114
1024,0.0051994627627457435,0.003644687172441874
1024,-0.007603507669696197,-0.008944914541226479
1024,-0.009602514733236422,-0.010989149768422857
1024,0.006769612508673584,0.00482418278236435
1024,0.052341547623352525,0.050677046301885076
1024,-0.004869979184651985,-0.006553113848416892
1024,0.0049764201357211935,0.0033030770693296962
1024,-0.02323201872758135,-0.0251401444762393
1024,-0.04781362058704053,-0.04924373097165069
1024,-0.05373879615201893,-0.05497226430361668
1024,-0.027035257578322203,-0.029183280801517053
1024,-0.019294936806875218,-0.021506840315827336
1024,0.026575291994518135,0.024750496397940136
1024,-0.00832032504125435,-0.010280537142091428
1024,0.009226144290136018,0.0076635763553475345
1024,0.01401185109892722,0.011974009533225638
1024,0.0052931274271526,0.0035103837503888125
1024,-0.050170449707923837,-0.051609454244416764
1024,-0.01664887221158129,-0.018284617180144402
1024,0.011941611079232584,0.010186556697777516
1024,-0.036537039147237604,-0.03797321887905086
1024,0.01675244503003609,0.015166916331646019
1024,-0.0030597073590739043,-0.004396004105707008
1024,-0.029565977210784355,-0.031712242359114184
1024,0.025992703795212957,0.024357634019259777
1024,0.004070807098373208,0.0021031896615766876
1024,-0.0033960527502250315,-0.0045514003520498725
1024,0.00960047461196456,0.007940058333553157
1024,0.0005091389380637024,-0.001166397680948339
1024,-0.02387341750084404,-0.025481612084237715
1024,0.0009266288290274982,-0.0011964027906997687
1024,-0.04197759191111827,-0.04362163670128294
1024,0.01810072317217698,0.01637533183026313
1024,0.03876132773794644,0.03708034054745246
1024,0.03230301067889091,0.030430286015006414
1024,-0.01926361105744795,-0.02102186609406176
1024,-0.028558869753085803,-0.030302953485179973
1024,0.033628546044739416,0.03166047208263617
1024,-0.012199729083474886,-0.014051845155036602
1024,0.010303106570866305,0.00855756751138581
1024,0.04517225593802476,0.04375325055431489
1024,0.003880776146231335,0.002333326803340585
1024,0.0042989636864552705,0.0029967569594860355
1024,-0.029287737396154534,-0.031049530533895364
1024,0.004354849780342451,0.0022752018745327285
1024,-0.019190901577813002,-0.020897520322396057
1024,-0.005369088215210427,-0.006862030908114214
1024,0.0579641247203776,0.05592290873240269
1024,-0.026070116416357314,-0.027647879484071047
1024,0.05548858832221887,0.05401710288504685
1024,0.07186774673258722,0.07006369683381275
1024,0.020560890565142376,0.01894418613792248
1024,0.0021653898396564175,8.518252294043016e-05
1024,0.031421996779870565,0.029919749918990268
1024,-0.010487538701815347,-0.012639424275855737
1024,0.030045208804420187,0.028399107560954873
1024,0.03857191232584234,0.03673987394399636
1024,0.00578097163869834,0.004205171156529408
1024,0.013913219215354433,0.012839935802444302
1024,8.183343401313437e-05,-0.001253680951133318
1024,-0.002925734229724364,-0.0045512909321756
1024,0.026491377386097026,0.02471130151498857
1024,0.011093460948615352,0.009753068421089806
1024,0.011439528195024418,0.009326327835909642
1024,0.027917224903671878,0.026295996148577083
1024,0.038447795796310746,0.03663346508509163
1024,0.013169632945458143,0.011133792813244447
1024,-0.018412214477339817,-0.019759590317337095
1024,0.02361180094700982,0.022278075113772666
1024,0.0006850130665567722,-0.0009714798362161492
1024,0.04786715860502855,0.04627663501778212
1024,-0.010038514889686434,-0.01155209542591945
1024,0.03182031680213415,0.02918321094938575
1024,-0.010091211459652305,-0.012269338604020463
1024,-0.01702922323439149,-0.019011003634759327
1024,0.0028676060774998624,0.0013035315322488805
1024,-0.006134721032257262,-0.007713431187380215
1024,0.019647585580508053,0.017861688646342744
1024,0.014300714892316824,0.012321399251354725
1024,-0.0023740877212095612,-0.004346174756968635
1024,0.005012607441550576,0.0030235163972232026
1024,0.012231492835035385,0.01009349409416016
1024,-0.0064632697486570745,-0.008115360902291757
1024,-0.01761754079312694,-0.01936027558274217
1024,-0.04274388035905147,-0.04412886213140138
1024,-0.01916792306397841,-0.02087650208750913
1024,-0.01661804587910609,-0.018208530682491952
1024,-0.007855984188368026,-0.010010424865634415
1024,0.03263992510665503,0.03101325699648405
1024,0.05392003356870728,0.05208441850481538
1024,0.00651812594249096,0.00494763766181705
1024,-0.005470358460836433,-0.00733120102075846
1024,-0.008431723942569469,-0.009938411689047966
1024,0.036188031186256686,0.03412339947437354
1024,0.03361620160725087,0.03216201357978843
1024,-0.0417226034706783,-0.04356174246118616
1024,-0.016912970295886953,-0.018433801883666667
1024,0.047698846266766404,0.04571084688905591
1024,0.036312240255652384,0.034643875108883115
1024,0.00601178704725619,0.004757411244472098
1024,0.03289005966690217,0.03154890807388111
1024,-0.018551975660537512,-0.020045157285896897
1024,0.03021562306042236,0.028337497019756963
1024,-0.03977972838673516,-0.041596149253027626
1024,0.02589224211529967,0.023872262570655778
1024,-0.03097014257544728,-0.032759424416082594
1024,-0.023540170610887146,-0.02519932688457649
1024,0.0752749680691926,0.07364665636946804
1024,-0.03903796140748711,-0.04007577342290136
1024,0.016304881358970014,0.014673784474763196
1024,0.009512542245501299,0.007659379374528541
1024,0.027984583157036336,0.026131083753512307
1024,0.023569491067887693,0.021616736990662355
1024,-0.06797909239863592,-0.0697523795262226
1024,0.003086461702827059,0.0013671420308372095
1024,0.03632926500069211,0.03416860911793068
1024,-0.02982952017502849,-0.031541143915007674
1024,0.01980124837657754,0.01782791372974779
1024,-0.015793655418832597,-0.017837760417761583
1024,-0.022229061419504648,-0.023951772281360306
1024,0.0027579404825031073,0.0010364658697336049
1024,-0.06982465208714189,-0.07136180262303177
1024,0.03932505959519034,0.03699618834745971
1024,0.0013030162810179213,-0.000316483257045419
1024,0.015993049143573246,0.014147762019029897
1024,0.042701298360306894,0.04091101671084063
1024,-0.024397114432103073,-0.0267941009294414
1024,0.010558357594511125,0.00841861088020368
1024,-0.03970870914483604,-0.04142905537144487
1024,-0.038747359135185955,-0.04051485992749859
1024,0.01780300603668966,0.015687071403122976
1024,-0.03065100796520598,-0.03260831131600017
1024,0.030661819034609072,0.02890143556849839
1024,-0.006425949310929879,-0.00836754565671688
1024,0.017471246018199993,0.01580012563971256
1024,-0.03169510841474449,-0.03348240400980229
1024,-0.04078512721224875,-0.0427613402216655
1024,-0.0021987690497747847,-0.0040044041119164375
1024,0.016295731531354107,0.014562606456341887
1024,0.016372425491983866,0.01452700118809519
1024,-0.0016306314540367461,-0.003284746705214947
1024,0.053525980753499514,0.05147193622951263
1024,0.02869706637979469,0.02757827235420185
1024,0.001383557177644712,-0.000576345179726323
1024,0.012425162988232763,0.010690050222645076
1024,0.012538353633018806,0.01122608167565764
1024,-0.00970985052561879,-0.011775674379675527
1024,0.0409852855793531,0.03898474270150376
1024,0.02923634484505372,0.027585936479227302
1024,0.04750342472779373,0.04602522942284171
1024,0.05421768437788499,0.05252865922015515
1024,-0.026199877712115405,-0.02799328146430563
1024,0.010484502665365492,0.00853216052438266
1024,0.021429716026799717,0.019682554193723667
1024,-0.05117853439769954,-0.05255483587442977
1024,0.026366628099874556,0.024498824514436135
1024,-0.015569450054168654,-0.017837656152443815
1024,0.005773643189900202,0.004297490277928251
1024,0.011565468846269689,0.009868782423541056
1024,0.035193068911541614,0.033411502006723715
1024,-0.031304826632551075,-0.033069673940813005
1024,-0.009867688578812317,-0.011669810985441953
1024,0.029412644455790338,0.02739468613797652
1024,-0.02153781518620873,-0.02360452755412612
1024,-0.012729141400688593,-0.014606882538884536
1024,-0.0220401166838195,-0.024160717309775204
1024,0.005593945658077526,0.004423669656551665
1024,0.028008142084542775,0.025648415371245514
1024,0.001327310222828948,-4.648053869921176e-05
1024,-0.02416256248600057,-0.02544030854624285
1024,-0.014022136374804262,-0.015893634645378296
1024,0.04387556578375329,0.042070734906116125
1024,-0.010271939076529901,-0.011864718063424484
1024,0.030396023964178842,0.02855448985939002
1024,0.008221764584141866,0.006329089656388953
1024,0.036051138441309416,0.03464920800110399
1024,0.005242958422987554,0.0034119867277625504
1024,-0.015616811526119323,-0.01727610872066343
1024,-0.01657777279405842,-0.017670169991217455
1024,-0.00487482761299407,-0.006775569073460552
1024,-0.031584970323705275,-0.03379114443779657
1024,-0.030177190900466944,-0.032060377626701386
1024,-0.022862119459549246,-0.02542344773500893
1024,0.024481415046403554,0.02237269336144143
1024,0.014680547747936534,0.012561333955008025
1024,-0.02712972140636416,-0.029595198904414532
1024,0.013195919039553472,0.011026712127921612
1024,-0.021940328575762336,-0.023749443644238144
1024,-0.010968206953966886,-0.012412658432973567
1024,-0.007986732847854727,-0.009677930136218538
1024,0.014989109645309029,0.013724289128871414
1024,0.022844944273504475,0.021369337926653853
1024,0.006953478010818859,0.005526359222286337
1024,-0.017206394880937448,-0.01861406416704725
1024,0.005828978164614695,0.004308523543143095
1024,0.0377146463263382,0.036068415712946666
1024,0.05504850775755887,0.053409565066641795
1024,0.0362745039552117,0.03483147200982073
1024,-0.031900180726788296,-0.033366606704615
1024,-0.04731022947846497,-0.048883841320858434
1024,-0.015539354121754223,-0.016893882452394926
1024,0.0034979305807180117,0.0016779546192159933
1024,-0.007351360064847712,-0.009293164420836109
1024,0.02378342436006131,0.02218718804878178
1024,0.022779228585943445,0.02111625205460227
1024,0.04382121332394867,0.041914326590741735
1024,-0.004627107730475921,-0.006690124081710491
1024,0.02825804442499913,0.026098339670970694
1024,-0.0043936664156269956,-0.005622409127364281
1024,-0.01715257428113115,-0.0186065050103979
1024,0.0415851710337351,0.03905874606490867
1024,0.014621081745723297,0.01296102415444883
1024,0.01960205055164821,0.018135608272913994
1024,0.01304858235842421,0.011793193560301007
1024,0.025552022098851546,0.023952807720995672
1024,0.03490494890083207,0.03303430132284152
1024,0.016887801993001272,0.015409202860723059
1024,0.0103789473635712,0.009359122570580414
1024,0.012572038390289919,0.010675562249822634
1024,0.02346660884476559,0.021729326363799262
1024,0.024027265176707058,0.02243090896221872
1024,-0.01025753110086891,-0.011806159969923846
1024,0.011730855782339678,0.00995343867137577
1024,-0.012777536216005692,-0.014178345616171373
1024,-0.044229619815635335,-0.04633303675824224
1024,-0.006998075799103498,-0.008233928340425078
1024,0.0095550709061073,0.007772829710331108
1024,-0.02046244499891886,-0.022141271431143028
1024,-0.036919875328786655,-0.03769896630580333
1024,0.060165144075116694,0.05809530610579594
1024,-0.014919006748299102,-0.01636912402463958
1024,-0.016622617590865252,-0.018611870583109535
1024,0.0450070779555834,0.04359880986454129
1024,0.031860906795505795,0.02987079136752907
1024,-0.019203767128657512,-0.02090310482470492
1024,0.012082857371432443,0.010698874983472773
1024,-0.01681128434992485,-0.018516616590181223
1024,0.0030078366188673877,0.0013603901031413734
1024,0.023086476712463166,0.0212083331539879
1024,-0.040620247542007604,-0.04271794918666155
1024,-0.019000677466681104,-0.02071878639090058
1024,-0.02225550578811325,-0.02356004475815504
1024,0.0393839464298838,0.03746942669719505
1024,0.0065216089683656775,0.004624913409091658
1024,-0.006186611888566618,-0.00758413555252041
1024,0.02234507027105731,0.02048972891750228
1024,0.045057640639462104,0.04356132403546309
1024,0.005560716456901649,0.003873953370537364
1024,-0.012652458698444835,-0.014323481111738368
1024,0.03152147590938198,0.029691749575308235
1024,0.01030304125871212,0.008752043340026272
1024,-0.02918314626146029,-0.031590509983714155
1024,-0.042814828325571375,-0.04515748439967765
1024,0.005701912719845437,0.0036289161676902326
1024,-0.0019879531658137384,-0.0038673741800444583
1024,0.01682562052750397,0.01506990834549965
1024,0.00011694753804492031,-0.00162951509931486
1024,-0.013467781132522838,-0.01510619893004611
1024,-0.0007696828324066374,-0.0023648064705873995
1024,0.025036856519494277,0.02320175383359313
1024,-0.020273736382386554,-0.022026325597175656
1024,0.022252179924477866,0.020526858585530716
1024,-0.0015598945656566388,-0.0033837531131004073
1024,0.007628877664198952,0.006158681077394479
1024,-0.01505191478545076,-0.01689972680095586
1024,-0.004308646255557658,-0.005733463640392067
1024,0.019651361499284592,0.017599414896076304
1024,-0.025555303952930597,-0.027512726885471128
1024,0.003579709286242183,0.0022842122993690928
1024,0.03629212610176552,0.035034766937309614
1024,0.0330104158718717,0.03176173296355167
1024,0.017929909450241643,0.01626575519402823
1024,-0.0005172176053258593,-0.0018889711008654997
1024,0.02783317291537707,0.02555071587917518
1024,0.007461093258521789,0.006256287789118964
1024,-0.029938094620938938,-0.031886818911681825
1024,-0.018834616908690927,-0.02081928987147874
1024,0.006250365298733129,0.004446873409436725
1024,0.05041900915580122,0.04843592866877555
1024,-0.02217926402305881,-0.02431180831348012
1024,0.041097994702114005,0.039590451752700484
1024,-0.017411373582447487,-0.0187726813213403
1024,-0.0021765045866118937,-0.0036839112206261126
1024,0.024986986640476272,0.023207654033680136
1024,0.007805269731650855,0.005415675771571871
1024,-0.0120186546544786,-0.01340382892231129
1024,0.007018058386060899,0.004663615354422113
1024,-0.03295291975634668,-0.03480378000367096
1024,0.008276902597894764,0.0063945184002275335
1024,0.010926532601103545,0.009553910440017521
1024,-0.001661966719264385,-0.0035485771017108036
1024,-0.026149292692255077,-0.028114987321104845
1024,0.027784122061895178,0.026128189650110878
1024,-0.027781386869192626,-0.030010452964211676
1024,0.0027744061560899813,0.0007401243651264933
1024,0.017683408507302545,0.01569644539295051
1024,-0.021627716254534857,-0.023231192780165166
1024,-0.010207597746042851,-0.011770230596667652
1024,-0.02994238623982104,-0.03133935077169131
1024,-0.0010171842797224162,-0.0027650659704431813
1024,-0.06204032260807241,-0.06317466526293886
1024,0.032052446500143106,0.030518572052016246
1024,0.01241063343836174,0.010481224490684171
1024,-0.015484586182232918,-0.01708650319561339
1024,0.010913513557122279,0.00845369285684866
1024,-0.05031815383461535,-0.052079321555053626
1024,0.0833935354560536,0.08180499851220385
1024,0.0019569731435851168,5.473246609499771e-05
1024,-0.03756166856263249,-0.038927782695127644
1024,0.03153456007701044,0.030072215028501437
1024,0.04437295317734469,0.04241414399684079
1024,0.06119849219312573,0.05887184674175305
1024,-0.018184627188645275,-0.019953028396313854
1024,0.024078790018337237,0.022106001479438697
1024,0.06114035897610043,0.0597858759000921
1024,-0.035677726523755726,-0.037528535008533315
1024,-0.03880302502472399,-0.04079214005732984
1024,0.0003662465596354636,-0.0012854195788777334
1024,-0.03233091817697753,-0.034042391284435314
1024,0.025460414371546558,0.02367460166139307
1024,0.03341719799342274,0.03140452126323695
1024,-0.006394401095587643,-0.008407630583131043
1024,0.0014083725876174458,-0.00016411327728393932
1024,0.019542952539240654,0.01797559393977549
1024,0.0038325911855732753,0.0019991737565803747
1024,-0.034965049318035624,-0.03621097551391167
1024,0.053898354716567565,0.051960354068429415
1024,0.006018371338761208,0.004149950097974753
1024,-0.00905832304357529,-0.010422994012239062
1024,0.03463297383894148,0.03285780267866706
1024,0.01966070360612976,0.018068423792454047
1024,-0.014468795203848861,-0.016932254504843647
1024,-0.037502882723465414,-0.038658988482571544
1024,-0.009664066066239207,-0.010778625602710534
1024,0.024643475302852713,0.02290307137477976
1024,-0.007399905687335007,-0.009243117296444836
1024,0.00037030932595721877,-0.0010563068498738448
1024,-0.04540293947410251,-0.04689536321908616
1024,0.02180620370004671,0.019921539462480153
1024,-0.02342194247493845,-0.025143913473216872
1024,-0.011905421321014964,-0.013419812624405725
1024,-0.013629501319101622,-0.01556505669938213
1024,-0.013061313337320357,-0.014794142365678442
1024,-0.013697723594047473,-0.015238541219129764
1024,0.03260541799156946,0.030552488398940314
1024,0.0014649036529967852,-9.361316654055152e-05
1024,0.046817090814419204,0.04487555949544203
1024,-0.021354440997751134,-0.023429542530381098
1024,0.0009758758561322911,-0.0010228873180782583
1024,0.017950333049981948,0.016900503256193022
1024,-0.0012123378293624198,-0.0029188002041793393
1024,0.022312516378922342,0.01969631106706382
1024,0.011296443177905513,0.009229202164219796
1024,-0.014469104084321505,-0.01651479514591725
1024,-0.0018517125329342576,-0.004129869893086502
1024,-0.01499944201725506,-0.01683826101263719
1024,0.0052395012015514775,0.003973931579249801
1024,0.009024489377860656,0.007144441098028809
1024,0.010027028005609284,0.00888293906810017
1024,0.006336708202625496,0.004954893608546507
1024,-0.006363925478797994,-0.007359965932429824
1024,-0.028927878673729646,-0.03059824377127013
1024,-0.03868663733380401,-0.040199387752461846
1024,0.010684197693282438,0.008449845822462054
1024,0.06364073394274428,0.06193390290723999
1024,0.01275819095988906,0.010929931519557345
1024,-0.036643395088823694,-0.038534819739273585
1024,-0.010055385880066325,-0.01204972208768218
1024,0.0008390703313373438,-0.000860885061384653
1024,0.043261127635190355,0.04107287330643028
1024,-0.016409365051686664,-0.018323317310351916
1024,0.01042427064910767,0.008429660628361202
1024,0.018050774247980905,0.016150166248062203
1024,-0.02308005334756319,-0.024804950486576716
1024,0.02036623895642281,0.018378629444806338
1024,-0.010083707231682726,-0.011740530273543381
1024,0.04260049538682564,0.04064334970572647
1024,-0.006344187970338533,-0.007934100964136492
1024,0.022379732997836188,0.02079707981445461
1024,-0.005022795873428854,-0.006948173387787415
1024,0.0077688098018156015,0.006038115434426949
1024,0.005954576721599825,0.004052048880501258
1024,-0.00924447867287842,-0.011039391108111474
1024,-0.025677515035621545,-0.027727819026431455
1024,0.0035224763664201686,0.002116149445991089
1024,-0.022374294414960305,-0.024275394098520364
1024,-0.009637631339078856,-0.010994334270801431
1024,0.006318472246627793,0.0047561520478042185
1024,-0.023149868100551807,-0.02491971542829119
1024,0.007469244886944171,0.005503799574037016
1024,0.016003027655069058,0.01461110771231533
1024,0.030497781670316804,0.028789375749787904
1024,-0.007762928177710238,-0.009246318002750442
1024,-0.016502993907219987,-0.01853620121529459
1024,-0.012015705210249805,-0.013715928022981883
1024,-0.012402037723365789,-0.013709174665900381
1024,-0.002808273165084141,-0.0044109668605137875
1024,0.015603657182983843,0.013744283647021682
1024,-0.0034824544728407347,-0.00488990757991814
1024,-0.010413064288972151,-0.012658390715206969
1024,0.0204514967044645,0.018559463833245138
1024,0.04011436395226098,0.0378505114963959
1024,-0.0421055246582096,-0.043750006858448987
1024,-0.02619671597995249,-0.02753690839369205
1024,0.00540975601655086,0.0033435321158520326
1024,-0.007670595754083742,-0.009737366214921661
1024,-0.02618798102425174,-0.028748562854955806
1024,0.044938222734685174,0.042810039510412345
1024,0.0009069173840678957,-0.000449671363055959
1024,-0.023254855695691634,-0.025268158746350022
1024,-0.04283579981594393,-0.04459892743241528
1024,0.009484881365903697,0.008305549178874494
1024,0.020926399220579872,0.01905621050957579
1024,-0.010951419179814514,-0.012467972626614976
1024,0.04686779403221608,0.04508128991897886
1024,-0.012414688907467275,-0.013911451271373776
1024,0.05002392409262818,0.048666858901251
1024,-0.028214217130156705,-0.029968728836844594
1024,0.03392303368410693,0.03142979102832544
1024,-0.001602948157627515,-0.0033908426724841845
1024,-0.0024471733018815445,-0.004469573441327035
1024,-0.0022143632973690708,-0.004006497089240613
1024,0.05602700207169725,0.05455723990664729
1024,0.011879551573152736,0.00971844146137113
1024,0.023719592125344913,0.021880753892434934
1024,0.007849567010283443,0.006190082087115467
1024,0.019351827613737216,0.017163080171828715
1024,-0.020384802440727767,-0.021833196330534044
1024,0.010615689448821464,0.00888387084318576
1024,0.03284113373714648,0.031188946649963634
1024,0.008596253481152505,0.006889007839202377
1024,0.0031027246816399123,0.0013444521157224276
1024,0.012638887983015545,0.011143168525262426
1024,-0.013075840474620182,-0.014997959473109002
1024,-0.010142940638824538,-0.011963498891816249
1024,-0.03372948568787598,-0.03540255798741465
1024,0.024085134489309268,0.021880446456478464
1024,-0.019599350866857435,-0.021444423101793064
1024,0.06798817400821477,0.06634225545555561
1024,0.023225276329058908,0.021663021277561423
1024,0.04324268892565575,0.041474895956771174
1024,-0.0024960568310143927,-0.004352105702196241
1024,-0.04222801472918786,-0.04407272389454364
1024,0.02204430000552604,0.020135110290102398
1024,-0.01813433960943256,-0.0197399341515051
1024,-0.017894911511261602,-0.019870811196705307
1024,0.0069619511982436655,0.005355656828728128
1024,-0.010666575383804,-0.012399692326987233
1024,0.0016231541870334598,1.193158271656225e-05
1024,0.0077366882679794635,0.006368080322688929
1024,0.06901214036263154,0.06710014298156258
1024,-0.008642575202402414,-0.01031014137510683
1024,-0.02223780625216204,-0.024242541911605353
1024,0.004522230123909177,0.0027711536269656722
1024,-0.05427903540037149,-0.05621593335063657
1024,0.05057225557584294,0.04841297378857384
1024,0.028278260604899352,0.02697032273219052
1024,-0.053750133608195916,-0.05534874884029195
1024,-0.021127530601648292,-0.022679732725180868
1024,-0.02325683872134232,-0.024699156533531275
1024,0.01990398329958981,0.01807512085029006
1024,0.015777279539146816,0.013951310830941865
1024,-0.0179356695436641,-0.019567546502528566
1024,-0.02179826249960448,-0.02423003993613443
1024,-0.008750911956875884,-0.009966443314391615
1024,0.0060227695408506254,0.0040205319939907724
1024,0.03561143025222119,0.03386216607097481
1024,0.03167921584978706,0.0301431159393607
1024,-0.010086917708106269,-0.011534962245884406
1024,0.012977680810970782,0.011251789626936515
1024,0.028641090959565185,0.027089348273694414
1024,-0.0055561057137404335,-0.007580184346966112
1024,0.019966894948980685,0.017712693553222802
1024,-0.0055872852065660394,-0.007838847550082684
1024,-0.030464827585359233,-0.031983071436602284
1024,0.03655707139097636,0.03478636332179408
1024,0.027548931182770853,0.0259068242402275
1024,0.029832783133508012,0.028010909437867104
1024,-0.03413628407938607,-0.03608213689333145
1024,-0.02503676524750925,-0.026585455559836213
1024,-0.005996244538375939,-0.00789037435329959
1024,-0.0319974332833971,-0.03391277130877529
1024,0.0030807936777127454,0.0005965717250128733
1024,-0.0106363048514721,-0.012474567360036992
1024,-0.0071713940129349285,-0.008754746196350693
1024,0.019487743929982038,0.017670705605956682
1024,-0.008698370870683092,-0.010442341427146173
1024,-0.00447464005082171,-0.006840490244613473
1024,0.018780990439069778,0.017541713247746282
1024,-0.005936468296345865,-0.007224014980458882
1024,-0.04843458372408138,-0.049912934019390065
1024,-0.0060260258133604805,-0.0074658704397641
1024,-0.04394170079188897,-0.04549180120209029
1024,-0.012085036952357409,-0.013550451150598941
1024,-0.01607862874978344,-0.01821578803280982
1024,0.021590918981347296,0.018880135023771893
1024,0.0019646892590921006,4.59052103782831e-05
1024,0.030595165265058177,0.029057596792702867
1024,-0.016660086404504226,-0.018338160710070328
1024,0.03462810148391937,0.03335743191069962
1024,0.0027638080445974156,0.0014359417067107416
1024,0.040863974873146136,0.03919882899487104
1024,0.008425825781076757,0.0064385615133629726
1024,-0.015014017910056632,-0.016856717993678882
1024,0.0045161182162460345,0.0027851823126570086
1024,0.02998711292708134,0.028623999581744997
1024,0.020045143634480678,0.018870902885183227
1024,0.05273028400761526,0.050750882681004084
1024,0.0065068456349906545,0.004896546216095199
1024,-0.00024790932034979285,-0.002353675300582725
1024,0.02767949697871097,0.025680148687184712
1024,-0.0008635350009827403,-0.002592608715069722
1024,0.021183278504289638,0.01938764323319786
1024,0.04725845572659926,0.04588430337495364
1024,-0.021985752241580003,-0.023295597344471952
1024,-0.02740806606362678,-0.028750230206532723
1024,-0.009476311775221402,-0.011256140073231724
1024,0.02914495888711599,0.027595425059253442
1024,-0.06294304923654237,-0.06516866023168949
1024,0.030080871007406085,0.02808025020356153
1024,0.018505665569505392,0.01649082304084981
1024,0.03143080667339487,0.029853523513934888
1024,0.029743527262872216,0.02787862434021804
1024,-0.014757525440680042,-0.016294493717978087
1024,-0.0261764524369808,-0.027399314236216443
1024,-0.03351671479412621,-0.036244952472703484
1024,0.00815246067037012,0.005776181506219835
1024,0.008185714660841392,0.0064151882265967575
1024,-0.01707760617470344,-0.01892799126572897
1024,0.022029607431759746,0.020126574190912017
1024,0.0007064315784835462,-0.0008842901591096242
1024,-0.005917429542065089,-0.007546335904333512
1024,0.014641144612982882,0.012889115863568668
1024,-0.03579865795163706,-0.038317095851261807
1024,-0.0056985686955157155,-0.007694673445954203
1024,-0.014931326516087362,-0.01645207544195948
1024,0.01584948481858689,0.014389615428973213
1024,-0.018392609999492382,-0.019695111436056623
1024,0.008178357012477044,0.006178172003359461
1024,-0.028408907139283013,-0.030110134530665522
1024,-0.01672858341243577,-0.018010659805914153
1024,-0.03777810164109208,-0.039440667748975644
1024,-0.016052163781349937,-0.017828890152982002
1024,0.013104079713172234,0.01078069648256813
1024,0.013398217712157656,0.011643140261558826
1024,0.026988749583411076,0.025853491467739187
1024,0.014021879134748838,0.012714485257428632
1024,0.020621499373847885,0.019065059854414146
1024,0.002420125408871432,-2.482628169980794e-05
1024,-0.043563550053932976,-0.04568596937890218
1024,-0.039381549720451214,-0.041642164681782445
1024,-0.03231633993817351,-0.033387243957521684
1024,-0.043798414758230875,-0.045431544432666504
1024,0.05508820217364924,0.05345245451891123
1024,-0.007179463303885858,-0.008565804883566785
1024,0.01741715797477389,0.015217745381415848
1024,-0.020122115980543698,-0.022032093547030063
1024,-0.044834846265993045,-0.04650324262948813
1024,-0.020905526860044266,-0.022661796833399084
1024,0.029174717749799794,0.027534140143516017
1024,-0.02588307036895643,-0.0275909685898183
1024,-0.011345095375011882,-0.013657050288860662
1024,-0.026510523362285654,-0.028091707518363984
1024,0.0011193656322415202,-0.0009416966443176467
1024,-0.021263869216427478,-0.023135099621001465
1024,0.021109065382157843,0.018590183846544095
1024,0.03630469957816418,0.034694567018589584
1024,0.03154893824534721,0.029707782176152553
1024,0.0029742831542451387,0.0014285624125278118
1024,-0.032534376869474024,-0.03421541063626571
1024,0.014895067984557253,0.012661309273991561
1024,-0.0036345999958090625,-0.005442293655440467
1024,-0.003005989707435597,-0.004870643945489361
1024,-0.02407230700230112,-0.025182659283278175
1024,0.0018671548514813674,-7.197090217381241e-05
1024,0.022131846237961328,0.020589995762947566
1024,-0.03052712955791176,-0.03230677831816997
1024,-0.020620848960937854,-0.022346524573900017
1024,0.005512796567562983,0.004136841274781922
1024,-0.017215528822939585,-0.019065882004733636
1024,0.04252295437123532,0.04019783167309848
1024,0.0012338990367127822,0.00022526462803829084
1024,0.03388462713465773,0.0318925148991982
1024,-0.033471067893625195,-0.03490258371927918
1024,-0.029924014324833437,-0.03157378328852506
1024,-0.022527435167568388,-0.024075813377791577
1024,0.021497477963911882,0.019972693493900406
1024,-0.00952232657555091,-0.011243678497936727
1024,-0.009690998962805897,-0.011147624888768748
1024,-0.020930209055692983,-0.022476337010858882
1024,0.027419140045650325,0.025810568591283833
1024,-0.009671509082417429,-0.011417988248953237
1024,0.03628256404186375,0.03402575961599147
1024,-0.043787500051118644,-0.04585846714114683
1024,-0.0003845430181566023,-0.002559574317220925
1024,-0.032832683066652324,-0.035081058815635946
1024,-0.005799352624951903,-0.007464276013461835
1024,-0.02183917585475753,-0.023108704313417383
1024,-0.002926903055862351,-0.005027313285124069
1024,-0.036247058979172686,-0.03784940098432743
1024,-0.00397062349528593,-0.005730032801151863
1024,-0.043892522867637285,-0.04581764609538058
1024,-0.01847793821796323,-0.020680187958331764
1024,0.06705801489306795,0.06498923963420944
1024,0.0261648268859086,0.025032664260384863
1024,0.024537353663680928,0.022429128907316687
1024,-0.001259745850619165,-0.003213373973503797
1024,0.011772783714199875,0.0106556006101301
1024,0.00877129670277721,0.007056288436924962
1024,0.028730898242608383,0.026759863210339296
1024,0.024996980893774112,0.022888951691315995
1024,0.00609492391679628,0.004621148783992224
1024,0.02212796975637854,0.019914618897511116
1024,-0.013829446196427564,-0.014916375015514405
1024,0.025354110667513363,0.02364394776484674
1024,-0.0357628816641718,-0.038006503817181736
1024,0.003406624731058683,0.00204585362665638
1024,0.005658816599443728,0.00389918302368486
1024,-0.029083348671067932,-0.03092031203056056
1024,0.02855192800640266,0.02706871917308795
1024,0.017457269768862693,0.015333731336371892
1024,0.024611676952250028,0.022839156832402063
1024,-0.030548194780380233,-0.032277802128186595
1024,-0.04946534471157793,-0.05135907959200836
1024,0.02521577792673063,0.023112712650725065
1024,0.018728109495288525,0.016644852711097335
1024,-0.01355094453818606,-0.014981262495061154
1024,0.02041470856481642,0.018856987941254177
1024,-0.02031151993912217,-0.02214537850977799
1024,-0.02937328459813021,-0.03121023512496668
1024,0.002371001616137347,0.0005379310616860922
1024,-0.0038493313540085006,-0.005986233232992189
1024,-0.03720781742975299,-0.038873949694859355
1024,-0.008138274362639086,-0.01010810284404906
1024,0.02862118379695916,0.026585088389627254
1024,-0.026044604657474157,-0.02807383466386293
1024,-0.04083417397488248,-0.04273430658477245
1024,0.010233232172665696,0.008420235004792997
1024,-0.005591769525633727,-0.007406758823789772
1024,-0.005422380075655875,-0.007316778968776083
1024,-0.03995218279225188,-0.041509417257289793
1024,-0.0037463957837686745,-0.005461893758638703
1024,0.0004059084548995173,-0.0011754693631921276
1024,-0.03653093617220515,-0.03781930952237189
1024,-0.0033945843220756777,-0.005432073898656964
1024,-0.007847625506494371,-0.009826919012614954
1024,0.008953551668032078,0.007799589441332466
1024,-0.049811564260378804,-0.0516795925336902
1024,-0.006220245798426616,-0.008076386367571686
1024,0.05203783141505486,0.04981144296082857
1024,-0.006600560009631218,-0.008191635672697095
1024,-0.02295696293204219,-0.0248610274804531
1024,0.0270286274865425,0.025141035168296966
1024,0.02892463929221073,0.02707970957208372
1024,0.027886424969125412,0.02576294857953282
1024,0.01869673149244655,0.016717442683353567
1024,0.0071074857786362355,0.005064307652879574
1024,0.01590265533963342,0.014433151183214865
1024,0.01269538082292132,0.010659083201856157
1024,-0.023815777325504828,-0.025342701588232375
1024,0.03815702446083874,0.03594372646802102
1024,-0.003132388022581145,-0.004675471386592522
1024,0.01568873528609288,0.013712930444754023
1024,0.025908889355155507,0.024090815561292833
1024,0.012320418501998054,0.010245990771830915
1024,0.06090199864457574,0.058913846972464434
1024,-0.024629934646700824,-0.02644409520861618
1024,0.015169683658537325,0.013290586445634467
1024,-0.019230307659917067,-0.021029657619292763
1024,-0.008721565426640099,-0.01118543865766003
1024,-0.0449216591539397,-0.046992551564881135
1024,0.025697045004943908,0.02393521488049294
1024,0.033986004799256064,0.03220564240448237
1024,0.018795203019975282,0.016808305884746244
1024,-0.03151259590897404,-0.032993570769573766
1024,-0.02951804959318116,-0.0311879592914428
1024,0.0015393237094145085,-0.00034723456788537943
1024,0.04383437168755283,0.042127409662491455
1024,-0.016569714233278576,-0.018390357838578952
1024,-0.0018924412711631144,-0.003947166006766145
1024,0.0018523622782689042,-0.00011681965453858023
1024,0.003736054668604938,0.001955870233797119
1024,-0.006670726360743895,-0.00851606730977994
1024,-0.03954226001519734,-0.04148320561196617
1024,0.03276999860622887,0.031274835754425134
1024,-0.013182938549198553,-0.01474601095047584
1024,-0.013725378126450416,-0.015830081254502693
