day,regime,estimator,budget,replication,cost,seconds,g0,g1,g2,g3,g4,g5,g6,g7,g8,g9
0,uptrend_momentum,plugin,128,0,128,0.00341209999169223,-0.00021897622219616415,-0.000758472918028704,0.0003751820183249085,0.0002190310120418813,0.0007501544262435415,0.0016979574891590353,-0.0001259980572415932,-0.0007103597519765032,-9.756789003530029e-05,-0.0003842996529574197
0,uptrend_momentum,plugin,128,1,128,0.0038115000061225146,-0.0019739102320665025,0.0007251681938953219,0.0012163809100204442,-0.002067397960603548,-0.0014192265482608998,0.0008209160703721724,0.0009608945095269302,-7.26345555448522e-05,1.3677679216869144e-05,-0.00022671564314704482
0,uptrend_momentum,plugin,128,2,128,0.0033211999980267137,0.00025619894902005196,-0.0012070689816979707,0.0018205314008450082,-0.0019571276519647594,-0.0016608162874868998,-0.0010130333350066038,-0.00036342431332324365,0.0024064757271942063,2.7762608221451468e-05,-0.00029301904978315155
0,uptrend_momentum,plugin,128,3,128,0.0033107000053860247,0.002729089716265367,-0.0007273884992623446,0.000588649681162939,-0.0015679124385509018,-0.0004225516934452026,0.0011955975392035209,-0.0004087727540587147,0.001980059339580763,1.2957865930018763e-05,-4.3248224131160636e-05
0,uptrend_momentum,plugin,128,4,128,0.0031497000018134713,0.0015780962207582808,-0.00018173446621784194,0.0004360551875900208,-0.00016395103719903646,0.0011454340098293598,0.0008517963540090627,0.0014203422536979162,-0.0004069553538829946,2.1096172696379183e-07,-0.0002115838604327882
0,uptrend_momentum,plugin,128,5,128,0.0030230999982450157,0.0013018532549805373,0.0003975491792908762,0.0021927740578343673,-0.0027957678943978568,-0.0004722384945109242,0.0009735070741017293,0.00018670507937165018,0.00016288894022082305,-8.826465223136188e-06,-2.205633487213026e-05
0,uptrend_momentum,plugin,128,6,128,0.005054700013715774,0.001090122161066231,0.0003539762553564309,0.002491968942914382,-0.00289619589787568,0.0006227427761708481,0.0027744948006919795,-0.0008230632915184544,-0.0012227700269887168,5.3213681592621726e-05,-0.000235174144839004
0,uptrend_momentum,plugin,128,7,128,0.003326100006233901,0.000324263613650558,-0.0003781470593380704,0.00042749673079483884,-0.0002474322502182494,-0.000561499326283164,-0.00047511837195402304,0.0007178442307415272,-0.00044905278591818206,3.255541811953373e-05,-0.00011665861862063781
0,uptrend_momentum,plugin,128,8,128,0.0036182999901939183,-0.00012855643146837014,0.0007739044408436975,0.00010018698501378795,0.0001332148331419513,0.0008804306315660184,0.00015215651911305503,-0.0005966790066065594,-4.98495213185351e-05,-3.1041245670755145e-05,2.6660651369377007e-05
0,uptrend_momentum,plugin,128,9,128,0.0035900999791920185,0.0010935262029913224,-3.542097420668131e-05,0.0004839319307224538,-0.0007298530255967602,0.0008801240500604181,0.00028180068388338614,-0.001707029016390726,0.0011476682385519379,-9.072940776433458e-06,-0.00047057378696144464
0,uptrend_momentum,plugin,128,10,128,0.0036509000055957586,-0.0006164053657369403,-8.776312176772352e-05,0.0009169794726526095,0.00023363388983779087,-0.0006641089673232871,-4.7935475869332296e-05,0.0004042750138385793,2.4360499996539388e-05,2.8596628546299117e-05,0.00011172597582030384
0,uptrend_momentum,plugin,128,11,128,0.003204000007826835,0.0010739311338310476,-0.0003380312732989798,0.0006792111682024981,-0.00022681338132940682,0.0013878471619183778,0.002348467527419079,-0.0011269491778868118,-0.00035001590478164833,9.246801166012105e-06,0.00031320794728518207
0,uptrend_momentum,plugin,128,12,128,0.002929999987827614,-0.00034902676555176895,-0.00013553954126065533,0.0007266864053569446,-0.001431463757517626,0.00010888494935550329,0.000644448216564779,-0.0004178015848139275,-0.0006038141648921306,1.9402608786703855e-06,3.1177270087534724e-05
0,uptrend_momentum,plugin,128,13,128,0.002962200000183657,0.0003781906266815528,2.256842436155925e-05,0.0020460382868070716,-0.0006555102915658574,0.00011507858441127694,0.0004910148984095701,-0.00013154359561160534,0.0012792750636140882,1.1526394499035762e-05,0.00012448070951712065
0,uptrend_momentum,plugin,128,14,128,0.0034126000246033072,-0.002135090145362612,-0.00022142082022109287,0.001430977851360453,-0.001123101143341249,-0.00025524274432486697,0.0005723843543163508,0.00027620509416279243,-0.00016604718721388353,3.974215208494478e-06,-0.00033846879923424945
0,uptrend_momentum,plugin,128,15,128,0.003989900025771931,0.0025727879087164627,0.00014604138773506304,-0.0005944747132534958,4.1565019757122776e-07,-0.0007136001412882199,-2.8338898146598515e-05,0.0008760930473158782,0.0004263662140908118,-1.2690934828597845e-05,0.0003151104810727224
0,uptrend_momentum,plugin,128,16,128,0.003209599992260337,-3.640960148044282e-05,-0.0002484519576166674,0.0013342033329096959,-0.0014189167343898197,-0.0006260428837811822,-9.509713616447202e-05,0.000862956140929939,-0.0006782644568230017,3.9067935055628087e-07,-0.0003089283768584717
0,uptrend_momentum,plugin,128,17,128,0.003913299995474517,-0.001154310639831907,0.00029537846989725414,0.002386881762402921,-0.003328124919770123,-0.001031989488600945,0.0009433474728823032,-0.0007185196221045642,0.001063832562377195,4.7566345495605105e-05,0.00025443385672319253
0,uptrend_momentum,plugin,128,18,128,0.003433500009123236,0.0019750540954786436,-7.074471654421882e-05,0.0011864240732481694,-0.0008477252871339771,-0.0017343221975302473,0.0009308519392692599,0.002204793840652074,-0.0013259381831724059,1.807307263094196e-06,-0.0003746112103383189
0,uptrend_momentum,plugin,128,19,128,0.0038938000216148794,0.00045494663542776923,-6.461856705720001e-05,0.0006343339318621866,-0.0010881213074722,-0.0004257428621714612,0.00018253496833199316,0.00047141182242582387,-0.00016446414195872287,-6.896539781679438e-06,-7.442945158824654e-05
0,uptrend_momentum,plugin,128,20,128,0.00316469999961555,-0.0018289870198893098,-0.0015091083028926006,0.0020840715784467057,-0.0010666428776608995,-0.0022412961323516585,0.0005661970757124627,0.0021262255895924008,0.00023815283522712777,-5.1830203465883177e-05,-6.70061888963849e-05
0,uptrend_momentum,plugin,128,21,128,0.0031864999909885228,-0.0009021923687675511,3.530947413573126e-05,0.0005992939939229569,0.00022286271236848592,-0.0005696925869868892,0.0006974674463710772,-0.00012223152835210064,-0.0003465086227790079,1.320131306697973e-06,2.3870234256461736e-05
0,uptrend_momentum,plugin,128,22,128,0.0030922000005375594,0.00046123723720255103,1.855866257752163e-05,-9.551561158015702e-05,0.00016140107657962706,0.0005448134452730081,0.00016444559818040234,-5.7034633559822514e-05,0.00026534431455248734,3.189508418304541e-05,-0.00027110180763811675
0,uptrend_momentum,plugin,128,23,128,0.002850299992132932,0.003537472286344931,0.0007504760990981806,0.0005493814266648971,0.0001850240181976812,-0.0005155736499181738,0.0011045170919312863,-0.0004998848076874428,5.770460224007297e-05,-7.149766983202749e-05,0.0006295253396113126
0,uptrend_momentum,plugin,128,24,128,0.0037106999952811748,0.0005085504522884816,-0.00013639941846461349,0.001073187722173285,-0.0010344047577541691,-0.000864136468930273,4.790216229584679e-05,0.0014762454654851727,0.001127175749232892,4.5290163285206016e-05,0.000157597627259591
0,uptrend_momentum,plugin,128,25,128,0.0035727000213228166,-0.0002459118530150968,0.0011828530491952943,0.0010328316629696676,4.302878342602614e-05,-0.001438918723612644,-0.0013066122439613199,0.0010178000148173758,0.0020529734883360452,2.7754052474639233e-05,0.0006027947047400905
0,uptrend_momentum,plugin,128,26,128,0.0035810999979730695,0.0008955241209572288,0.00032715573807774544,0.002083615618196998,-0.0008106571056891357,0.00012741018394305109,0.00048574782545638496,-0.00021146902491516888,0.0004939547202221131,-7.365994939346416e-05,0.0002411497165514148
0,uptrend_momentum,plugin,128,27,128,0.003790499991737306,0.0006113307919221354,0.00043201988760344366,0.0010247192334448861,-0.001186516965873074,0.0013328217455124706,0.002189107825184899,-0.0015307972269750958,0.0018161210913192887,7.921920906658742e-05,0.0004456219635141666
0,uptrend_momentum,plugin,128,28,128,0.004338400001870468,0.0019116893587836953,-0.0010152416805005397,0.0013335239031380054,-0.0018802713412629825,0.0008059258350769761,0.0017226630433751844,-0.0014197152527672344,0.000837650059974566,3.521047500488144e-05,-0.00043355069367489774
0,uptrend_momentum,plugin,128,29,128,0.0032828999974299222,0.003978135290450183,0.0004134704231852416,0.0012114054677926805,-0.0014737773599210848,-0.0008041346341575991,0.0011248698508539768,0.00020042454014772954,-0.0002173428166796436,-4.0416309697737996e-05,-3.5837261596878e-05
0,uptrend_momentum,plugin,128,30,128,0.0029474000039044768,-0.001476919429977768,-0.0007689786883028617,-9.777143405974477e-05,0.0013818048627240683,0.001220227565383376,0.0002958660160101221,-0.0013643338372789776,0.0006351168803158107,4.5176640306076683e-05,-0.00015290173204385584
0,uptrend_momentum,plugin,128,31,128,0.0030510000069625676,-0.0024120923532924693,-0.0016112525667684983,0.0007943666817618266,0.0013557210080352472,-0.0002294623212984287,-0.0007015655698621177,-0.0006026767194943392,0.0010775056221390001,5.5927497728669276e-05,-0.00023638900293909132
0,uptrend_momentum,plugin,128,32,128,0.0032263000030070543,0.0014187608128460054,-0.000681866853878724,0.0004829472776450295,-0.0010941476256089784,-0.00028924402095790866,0.00026916712629508166,9.979058060699996e-05,-0.0018647650079439938,2.7492266324973556e-05,-0.0005102619396907147
0,uptrend_momentum,plugin,128,33,128,0.003727900009835139,0.0015337611081198525,-0.00046195692971989387,0.0019595239116087407,-0.0018986804769368926,-0.0010068413215893535,0.0011717321768854887,0.00037407682166042816,0.0013044416350161646,2.8880606978830097e-05,-0.00021772902029386829
0,uptrend_momentum,plugin,128,34,128,0.003398200002266094,0.0008549119339951504,0.00014180553465983594,0.002059370695886531,-0.0012915324087272731,0.00023635373504152718,0.002548788173281668,-0.0006427739652853921,0.0008299871581845923,2.9993280322732097e-05,-6.536811497359925e-05
0,uptrend_momentum,plugin,128,35,128,0.0035038000205531716,-0.001209863511578742,-7.58412840978541e-05,0.0003863560668002668,0.00037376213544417533,0.0009944784695314138,0.00036263877790599773,-0.0007668300161959381,0.0005886813479079422,-1.5567915890787137e-06,0.0002387702058924682
0,uptrend_momentum,plugin,128,36,128,0.0037560999917332083,0.004136099033524736,3.2189424679884134e-05,0.0030234284403006235,-0.001782816181909188,-0.0015549831585011014,0.0012696600775442062,0.0009808431447542044,-0.002812266584824708,-1.641597010983315e-05,0.0002025553101768397
0,uptrend_momentum,plugin,128,37,128,0.0038998999807517976,0.0023271335191799255,0.0007583803378344943,-0.0003862122486034336,0.0007484910928933359,-0.00019521544412174683,0.001022287334887027,0.00023217633824587056,-0.0005690356987188175,-6.640046965800849e-05,0.0005240427762775118
0,uptrend_momentum,plugin,128,38,128,0.003869400010444224,-0.002097486733541592,-9.977733633498572e-05,0.0022979101406113826,-0.002404790233784699,-0.0008398649339922329,0.00014422163423514833,0.0004958184165978161,-0.0014111019949770295,-8.691021984160786e-06,-0.00019992225012420683
0,uptrend_momentum,plugin,128,39,128,0.003649499994935468,-0.0030347197822125,0.00014861139523835424,0.0005421153494630487,0.0007623787876293581,0.0013834869175781608,0.0016630689589281775,-0.0012797077061865146,-0.000270616537060498,1.0486709302481947e-05,-2.289302994560843e-05
0,uptrend_momentum,plugin,128,40,128,0.003049999999348074,-0.0004428876617177023,-0.0005739968041773765,0.00016619871567250175,0.00020085959373822727,-3.672398680417755e-05,0.000550318989248027,0.00011542970548042103,-0.000839624198696983,2.9835221198446866e-05,-0.00013778026971819846
0,uptrend_momentum,plugin,128,41,128,0.0029485000122804195,0.002364682278430669,-0.00036652545956703864,0.0008341855281195958,-0.0007792923168364906,-0.0011606811156225497,-0.00037207045024408714,0.0007240140169017325,-7.163448156810882e-05,1.8064136966639424e-05,7.493840906591758e-06
0,uptrend_momentum,plugin,128,42,128,0.004140399978496134,0.002784729650089246,9.808521285156396e-05,0.001320795245029103,0.0001204216620312995,0.00033066685637038744,0.002281658913798585,-0.0018370829695338443,0.0010879293196495454,1.946924682843516e-05,-0.0002858102006758057
0,uptrend_momentum,plugin,128,43,128,0.0037524000217672437,0.0022207349646744356,-0.0002825604595120447,0.0007663496740715292,0.0009146477578786298,0.001015048707779416,0.0022588677839687917,-0.0010002528551795807,0.001717725017300264,2.264834849625047e-05,-0.00028373542334078747
0,uptrend_momentum,plugin,128,44,128,0.003496999997878447,0.00017792592747571532,-0.00023730520546125453,0.002406860596723136,-0.0005480244336119996,-0.0004993692648330057,-0.00032061077846017776,-0.001839663516198465,0.002891331524731696,2.167171260843035e-05,0.0003645593326127146
0,uptrend_momentum,plugin,128,45,128,0.003724500013049692,-0.0026353895768065007,-3.2265011284578805e-05,0.0015091569327319496,-0.0004785740007791631,-0.0009208879060819525,-0.0007764161779379704,-6.41474721233253e-05,0.0002177173710930492,2.6881472927807185e-06,-0.0002185285054083604
0,uptrend_momentum,plugin,128,46,128,0.003996599989477545,0.000411479356410613,0.0011335730946934195,0.0026882998437484196,-0.002253118971777286,-0.0033433103742370137,0.00010711939530904536,0.0021487777729543665,-0.0008493851980188465,-3.262157776527353e-05,0.00047167913157759866
0,uptrend_momentum,plugin,128,47,128,0.0032922000100370497,0.0017014913502028009,-0.00013316435314949577,0.0010585598955650606,-0.0013063146163860026,0.0014611405629199237,-0.00018811904863546362,-0.00023820914646357792,-7.642464039510255e-05,6.461661772604571e-05,0.0002662854628609879
0,uptrend_momentum,plugin,128,48,128,0.003424500027904287,0.0011299403164644266,-0.0004138033822564742,0.0018545528006163818,-0.0013538683001229907,-0.00022448550913755738,0.0009622955831656734,0.000462899909785787,-0.0004101789466043481,-5.150747308812848e-05,-7.241105244178496e-05
0,uptrend_momentum,plugin,128,49,128,0.0029986000154167414,0.0023232426925940664,-0.0015920113417277483,0.0010223125915876817,0.001951728813700427,-0.0021328979778928656,-9.037335645879099e-05,0.0007738714490722715,-0.0015020660340140464,4.3658723246789004e-05,1.7028523322265175e-05
0,uptrend_momentum,plugin,128,50,128,0.0029035000188741833,0.0004044376382371516,8.854400376359474e-05,0.0035001147857063584,-0.0015076648385444781,-0.001026426682812526,0.0009439437687228118,-0.0005388967934713903,0.0010943764475879903,2.0424773311643392e-05,0.0003507908782191404
0,uptrend_momentum,plugin,128,51,128,0.003970099991420284,-0.0014170896897080622,-0.0004548160331319609,0.0016231250854183816,0.00016223095007660715,0.0018756117696353829,0.0017153093612727256,-0.0003407275931981559,0.0004173445196977763,3.702214392785174e-05,-0.0003729105382223019
0,uptrend_momentum,plugin,128,52,128,0.00401509998482652,0.0018321787926943822,-0.0003905561394166626,0.0007015096397302459,-0.0007272301088404419,-0.00042007584721960204,0.0010626286854998443,0.0004859117009646782,0.0006100522726898646,3.701302932139379e-05,-0.0002997946760090341
0,uptrend_momentum,plugin,128,53,128,0.004080999991856515,0.001463972398459981,0.00013609018622800313,0.0014473016844755925,0.0002330041639161515,0.0008055047822851532,0.0013670097505505648,-0.0012987312087800551,0.0007885688107801555,-1.8392024310352894e-05,0.0002748110842303659
0,uptrend_momentum,plugin,128,54,128,0.0033626000222284347,0.0033718923417776735,0.0004908018344161281,0.001496566227425391,-0.00029711829681679366,5.00816695549276e-05,9.930528690436265e-05,-0.0007346790385929391,-0.00012647418787237405,3.094133634528079e-05,0.00021432672663444858
0,uptrend_momentum,plugin,128,55,128,0.004445500002475455,3.5407618953798556e-05,-0.0006865207994983741,-0.00041832614490945185,4.808518962206025e-05,-3.1896127977415944e-05,-0.00014509350596959904,0.001196114761645918,-0.000946298555739599,6.50988181860568e-05,-0.00010476712246563211
0,uptrend_momentum,plugin,128,56,128,0.0036542000016197562,-0.0009639374768811272,0.0005623001487993465,0.0011902244415395332,-0.0007250196517928098,-0.0009106240431197878,0.00034140134814298847,-0.00018114585685608951,0.0011795230427595425,-4.0885795723444335e-05,0.00031249508161861474
0,uptrend_momentum,plugin,128,57,128,0.003445899987127632,0.0016537083947987562,-0.00013801471483776122,0.0010779944492149375,-0.0012787940789249024,-0.0005153897790539742,-7.261924821897678e-05,0.0009193219143818567,-0.0002288142126092861,3.719666078355078e-05,0.0001086183017015822
0,uptrend_momentum,plugin,128,58,128,0.0031519999902229756,-0.0029972952854274656,-0.0015395505876921987,0.001934001802137441,-0.0013917740401409044,-0.0004486792257848664,0.0007812432960874105,-0.00038525145420910357,0.0024134887559225625,6.21697419759729e-05,5.005908243003099e-05
0,uptrend_momentum,plugin,128,59,128,0.0036299999919719994,0.0005320031452309838,-0.0001598590013553001,0.0013343353552264332,-0.00042746044349580996,0.0004461301324485341,-8.046953625389867e-06,-0.0011957764382039741,0.0003534921509712459,1.0387008899907911e-05,2.2889417445756565e-05
0,uptrend_momentum,multilevel,128,0,120,0.01063500001328066,-0.053286947666918216,-0.007451415143192859,-0.006865593897621291,-0.023622605373063658,0.01113825906628866,0.024522693560791068,-0.0053071191303289775,-0.011015248512868335,-0.0005961148014783943,-0.0019514098129730195
0,uptrend_momentum,multilevel,128,1,178,0.011780700006056577,0.025226465840320702,-0.004902306247169242,-0.008734794860298486,0.015630714738567093,-0.0012562159409303243,0.014856015887173578,-0.0027564052440502,0.00445000287430658,-0.000322642604637641,0.004782814652884001
0,uptrend_momentum,multilevel,128,2,224,0.010802599979797378,-0.006805562423906679,0.02228796427091445,-0.020697809380850175,-0.017102501731478804,0.02967180934298563,-0.00228522629625842,-0.012735455301668181,0.038725609198552786,-0.0002896736019665038,0.0063030940386399024
0,uptrend_momentum,multilevel,128,3,94,0.007609799999045208,0.008899897454756368,-0.0007831589411141885,-0.006130004145402643,-0.005236121110349838,0.008565666674088122,0.004828085793281299,-0.002571471061728503,-0.008413280276175394,1.2997772166775208e-05,0.0007227784793270838
0,uptrend_momentum,multilevel,128,4,142,0.00968220000504516,-0.03765504525490843,-0.0027292403199815065,-0.02670939283236395,0.04247942475942897,0.017195956184337627,-0.000348204828042193,-0.016703701670379538,-0.0013404923141338032,0.0003875451432844595,-0.005073354748517312
0,uptrend_momentum,multilevel,128,5,126,0.009474699996644631,0.010343861272170993,-0.014736247840019114,-0.03084369543090682,0.024685460778904957,-0.004394457728470937,0.004070341850972801,-0.008173694048712734,0.0012684191196597873,-0.00043089243095414405,-0.0004662900678477518
0,uptrend_momentum,multilevel,128,6,162,0.009176699997624382,0.02689108819442804,-0.00142670326283321,-0.007124040832789913,0.001830701120094947,-0.006311488416902049,0.0014806759391658313,0.004005881416489133,-0.00391054267990889,-0.0002853386830402439,0.0023029280070997545
0,uptrend_momentum,multilevel,128,7,130,0.010025700001278892,-0.022002528776202075,-0.002857135851434764,0.0002184471932635418,-0.003827260201311668,0.008793434867235144,0.007876635030043001,-0.0018096891612811373,-0.009548629503123475,5.716008340560458e-05,0.0009889871641204284
0,uptrend_momentum,multilevel,128,8,110,0.009615399991162121,0.000586007480434951,0.0023071341968067738,-0.0013448042204118238,-0.007393114938159905,0.002948412117680682,0.009387807326578311,-0.0035878304349174694,-0.0032921151555560394,-0.00010764868068854227,0.0004483356185665685
0,uptrend_momentum,multilevel,128,9,128,0.009340399992652237,0.016581143880158772,0.007227775641626022,0.006640574834353259,0.01875258867859828,0.018053797414725438,0.008593580429540662,-0.011797343944812742,-0.007967294773965098,0.00033877559984818873,0.0008065445877737254
0,uptrend_momentum,multilevel,128,10,126,0.009328699990874156,-0.011428375723392774,-0.004522404017184132,-0.0013724803052978624,-0.009773791178935834,0.021869214489019097,0.00012016829883865913,-0.01872810226060045,0.014789318408094217,9.171589301531623e-05,0.0040037432265376555
0,uptrend_momentum,multilevel,128,11,162,0.012179999990621582,0.0089521027514153,-0.002927852441138815,-0.01993257486847254,0.0070454406269366745,0.002608951580382533,-0.002384788725753961,0.008878926992236457,-0.019565072978351288,-0.00029973399534201356,0.002009104888574794
0,uptrend_momentum,multilevel,128,12,116,0.006585099996300414,-0.03538364484395552,0.006658468416265593,0.011132780415878857,-0.013394993403336157,-0.0012391065722062535,-0.024443007953891642,0.0060532756341989446,-0.004914456206344058,0.000771125128166856,-0.00014417723966165662
0,uptrend_momentum,multilevel,128,13,112,0.006374099990352988,0.017887922597347453,0.003434456266806946,-0.0014485858006167372,-0.000672678899273235,-0.007854346311523213,-0.021228568059976635,0.011554272497310964,0.0044494257100802775,6.915525361355138e-05,0.0025922458224879783
0,uptrend_momentum,multilevel,128,14,146,0.010316900006728247,-0.028829383778045916,-0.017311608316665582,-0.01121186528003785,-0.013869071236925436,-0.01781502932642439,-0.015533208041781765,0.029282432853711793,-0.04213496258181977,0.00045708484344281837,-0.001313840042603598
0,uptrend_momentum,multilevel,128,15,126,0.009325899998657405,-0.004246282348504248,-0.0022334543223823436,-0.0010153837686354102,-0.004394597315486635,0.0011001510622121967,0.0016955334041379093,-0.0031555658211192797,0.0016318213285752424,0.0003942198000088595,0.0005941330282822342
0,uptrend_momentum,multilevel,128,16,118,0.007204299996374175,-0.05869241101515764,0.006116431245980878,-0.0011238771580210746,-0.005676914111216407,-0.004503027219755613,-0.013219602003738883,0.007551796367676732,0.0024778858788213043,0.00033565180790122814,0.002069371370036643
0,uptrend_momentum,multilevel,128,17,134,0.008352300006663427,0.014980586275789045,0.003604156818994261,0.0006220292379254436,0.0033437015447265093,-0.002437659687195952,0.0037464340419149176,0.008057627015869649,-0.001440061352822142,-3.9997869848016545e-06,0.0040691798906139585
0,uptrend_momentum,multilevel,128,18,120,0.00996979998308234,-0.01049646857166763,0.007536843062873446,0.0008943183385463736,-0.00891015727839598,0.011368646357202765,0.0022672048559956863,-0.012171205589840712,0.0038587025984857643,-0.0011830568042337111,0.0049654252754353775
0,uptrend_momentum,multilevel,128,19,154,0.009566199994878843,-0.01926271993503448,-0.004766266398616188,0.001614101943942752,0.012343446941684452,0.011354202047458569,-0.0018765226976418243,-0.006603030557989936,0.01147580519705353,-0.00020522278303413693,-0.0029681380958939295
0,uptrend_momentum,multilevel,128,20,100,0.007090999977663159,0.0011276363897474054,0.001845132159849929,-0.011625642637142601,-0.0001381896924034986,-0.0006600950345841792,-0.005236698512484061,0.0151336863747736,-0.0070257395846959475,5.046140375002509e-06,0.003289779416946154
0,uptrend_momentum,multilevel,128,21,140,0.011192400008440018,-0.003221814993744034,0.006217538252531214,-0.012553847376208686,0.009013456774022795,0.002868262739005883,-0.012959523501659447,0.0026276567574157676,0.015849295839066267,0.00013559086817019992,-0.004865286257702612
0,uptrend_momentum,multilevel,128,22,118,0.009269300004234537,-0.0022916767619337833,0.0031183444000424457,-0.003524150116838748,0.005109455930319414,0.013801884240065175,-0.003779954957239494,-0.0007151803490962858,-0.004821686651264017,0.0001467527948803914,0.0010655277767288663
0,uptrend_momentum,multilevel,128,23,168,0.009322800004156306,0.002444370848167879,0.0015379944145748514,-0.0006470314623398901,-0.006732197416824482,-0.0074499729949132525,0.0076249366654255095,0.005524752688532062,-0.004706153275728037,0.0003296677261371851,-0.0006371153528624431
0,uptrend_momentum,multilevel,128,24,116,0.006468200008384883,0.015492812579835176,0.0011853377941519366,-0.0014413723071172169,0.004832215081694453,0.003704870815665074,0.005272999480719428,-0.011037388896973433,0.003195783712752325,0.0002266164384588953,-0.0012920728208180878
0,uptrend_momentum,multilevel,128,25,110,0.00990010000532493,0.022477430718839356,0.0028761531948607467,0.01701798980355865,-0.02267693955365215,-0.0071500302934790205,-0.0011897200857265019,0.009303013673654202,0.006823555841720426,0.0002675086217227519,0.005572353214756826
0,uptrend_momentum,multilevel,128,26,136,0.009446300013223663,0.00029563301970377307,-0.005036632766878311,-0.007349560361138597,0.0006917241251004568,0.007540366673970922,0.012458766008627109,-0.004571380541726363,0.003908071663604281,-0.00014931962462527975,-0.0003963979569857381
0,uptrend_momentum,multilevel,128,27,108,0.006423899991204962,-0.005605398591902765,-0.005350071717046581,-0.0034153718029015126,-0.011033862281250346,0.011863226640455995,0.023889132352323404,-0.0189703087421848,0.008046458789269214,-0.00010579600521331048,0.0007009794857109101
0,uptrend_momentum,multilevel,128,28,108,0.008850300015183166,-0.01623136012357618,-0.011475103212062462,0.0014289359702079978,-0.011905045541707635,-0.0196066204681242,0.00843518743078061,0.035205454197969735,-0.00863533771404742,2.6246751001496702e-06,-0.005866694284953475
0,uptrend_momentum,multilevel,128,29,124,0.01033699998515658,-0.017208629901461787,0.0010114897539967706,-0.010495457299251158,-0.003779270283079644,0.0005927715544135502,-0.011192788577488604,-0.0036610071570626675,0.006586153003216925,-0.0003242133345260006,-0.0008188051861659768
0,uptrend_momentum,multilevel,128,30,152,0.011106599995400757,-0.0011389785470654402,0.0036613574856790166,0.016997732751366106,-0.01173769639110179,-0.017539064113950814,-0.020426085228653853,0.011410666646832148,-0.011131663241665427,9.123725931373025e-05,-0.001179273763888341
0,uptrend_momentum,multilevel,128,31,114,0.006857500004116446,-0.03913387750874114,0.009971423418720683,0.0004672985969851169,-0.013423886058921851,-0.009343332086945542,0.0072733827896670385,0.009846205178448626,0.004959958430010048,0.0003221925774181007,0.0013080639390952319
0,uptrend_momentum,multilevel,128,32,100,0.00712499997462146,-0.0016980293593914122,0.004813459235750956,0.004677538519963283,-0.0008932540293769239,0.0003058106404958199,0.003183870443670857,-0.0008692188056726419,0.0013919611770013471,0.00018703669595737852,0.0029055754717523387
0,uptrend_momentum,multilevel,128,33,114,0.007320300006540492,-0.005329411757386048,0.009629113486135368,0.003100904256901563,-0.00024481822765013166,-0.010283068344576587,-0.028524075780516966,-0.0032827354353042134,0.01165769696788992,-0.0009947973487177226,0.006456740374867756
0,uptrend_momentum,multilevel,128,34,116,0.009730999998282641,0.02003657730853753,0.007047183329614612,0.016772100032710114,-0.02320963729200043,0.004308555835913954,0.017268247640618496,0.0016944566021397725,0.0020962747580308863,-0.0009910513375058483,0.007942724540912206
0,uptrend_momentum,multilevel,128,35,158,0.010847700003068894,-0.00898620915494901,-0.013848579904984056,-0.006894056851602246,-0.0019149690686713792,-0.0062241947705663665,-0.0005268965766554262,0.010131210566937037,-0.008906646830935392,-0.0007627457741645452,-0.004658686437435814
0,uptrend_momentum,multilevel,128,36,116,0.009239600010914728,-0.005925658325510309,0.004459770458157863,0.009002921598741888,-0.02615752592950589,-0.03593633535235528,-0.012982391032133502,0.011610363549126038,0.0027488224815119,0.00041774073657616654,0.0013870990923351004
0,uptrend_momentum,multilevel,128,37,128,0.009413299994776025,-0.022396381503537996,-0.0025906054770731064,0.004143050491499703,-0.00501150875037595,0.005249730425538612,0.0008437620621032234,0.0038362688436856347,-0.0025720660314398347,0.0002633124617219393,-0.002459250085993241
0,uptrend_momentum,multilevel,128,38,98,0.0058846000174526125,0.07064132344698947,-0.009009015403114128,0.017584999678112535,-0.049685283515340184,-0.002721295919651289,-0.010613490674375836,0.038277178766532964,-0.006838611213608675,8.587994092269784e-05,-0.003416933996257663
0,uptrend_momentum,multilevel,128,39,100,0.006337899976642802,-0.01847528986115365,0.0018498995211714787,-0.00909445085385663,-0.0039049791851520216,0.006211258978869239,-0.0024901982120891456,-0.002638210076486048,0.010400362737949035,0.0005492846448486291,-0.0009377411906016978
0,uptrend_momentum,multilevel,128,40,146,0.010532999993301928,-0.05996690783149244,0.005697859216409116,-0.015044919417529572,0.009877880478178265,0.004190200167988472,-0.006165219075231088,0.010210499480864658,0.01374256039569061,-0.0013321482830811475,0.0023614455214249377
0,uptrend_momentum,multilevel,128,41,176,0.011935600021388382,0.03576442683139614,-0.0010288318731759372,-0.014401118619735608,0.014392459006963326,0.006367162664867157,-0.013186044168376352,-0.01202249515263189,0.00716739346515094,-0.0006157513640080091,0.002124467477915873
0,uptrend_momentum,multilevel,128,42,134,0.009660600015195087,0.011078925699205823,-0.010169839626522268,0.006984863717373015,-0.02079161394403363,-0.025809911579031827,-0.006463564551216129,0.018161720760516344,-0.008813712761359567,0.00044831352359309075,-0.005344651069052229
0,uptrend_momentum,multilevel,128,43,126,0.008727299980819225,-0.006898297571615253,0.0006320292703755081,-0.02553942663742049,0.019614686317004307,0.029757433171412013,0.012135025500963303,-0.022453980866366616,-0.021014488086522558,2.533498895815634e-05,-0.0006274298639684717
0,uptrend_momentum,multilevel,128,44,98,0.006625300011364743,0.00010275711261708905,0.0003802751338797687,0.010112103312414501,0.00048641282968139106,0.005091333682321285,0.010283495223025078,-0.009817401646760917,0.01150267494257561,0.0005414111646156951,0.002049771485942194
0,uptrend_momentum,multilevel,128,45,182,0.009647600003518164,0.005602837916984301,0.002607388463292287,0.008910180250571127,-0.027600843771379665,0.013184889575339743,-0.009716146646469803,-0.02268107029153053,0.018186461167643324,1.6750910499086486e-05,-0.005559920768534958
0,uptrend_momentum,multilevel,128,46,106,0.007610100001329556,0.00378715497252315,-0.0031350610087578622,0.00029045461889058396,-0.009068678009415678,-0.0049626087038811325,0.00016300138356564362,0.006532183918133373,0.006736456033060411,0.00011757633856287129,0.0014426238918974052
0,uptrend_momentum,multilevel,128,47,166,0.007292199996300042,-0.012014679724444841,-0.0006892043131879656,0.0012898149473571376,0.0015289948410843015,0.0010637520812465438,-0.018070725058518606,0.013996517392063477,-0.0011630098634983503,-0.00016025038827160407,0.0027102270624462283
0,uptrend_momentum,multilevel,128,48,126,0.009042699995916337,-0.0014813379769761535,0.007307329354613993,0.008994326442572653,-0.0034989883491119253,-0.008466625845451397,-0.012352442546278554,0.005793749963643139,-0.006724149244636177,0.0003320148060293423,0.0006546445312581648
0,uptrend_momentum,multilevel,128,49,116,0.009090000006835908,-0.01897059975307592,-0.018758821669044877,0.005617845675933619,0.007251185333654878,-0.011121537609384892,-0.005785253578083743,-0.0002581289932530705,0.0023314633331583323,-0.0003144697925147364,-0.0027673007031625055
0,uptrend_momentum,multilevel,128,50,130,0.00984390001394786,0.0326172905892608,-0.005725375552342427,-0.010173702532935371,0.0009451373774478753,0.002054518103288274,-0.008823614760195072,-0.004670887852463598,0.013695838302095944,-0.0004796595670657621,-0.003656420431072115
0,uptrend_momentum,multilevel,128,51,126,0.009202799992635846,-0.025604372636393716,-0.0047675040218424555,0.010617675411308617,-0.005800915923527417,-0.0061141759637697145,0.006193313023666403,-0.003864836544078645,-0.004990468459190674,6.062171945313729e-06,-0.004247453456794724
0,uptrend_momentum,multilevel,128,52,112,0.010095899982843548,0.005027631456894338,0.0005415528581188937,-0.003661291106747753,0.005194649693916337,-0.000145901359963759,0.0004044627325837744,-0.004581153856378843,0.006492322208659875,-9.750470216981685e-06,-0.0010217754862530217
0,uptrend_momentum,multilevel,128,53,98,0.007815699995262548,0.006308554140124387,-0.0028240137760611895,0.010188059029555132,0.0017451431809596039,0.014047838702954823,0.025105701243591853,-0.010525670186419925,-0.008825544408866987,-4.230819213303937e-05,-0.0028863006247972175
0,uptrend_momentum,multilevel,128,54,154,0.010312800004612654,0.01661082690491007,0.0006637645764708886,0.007149330025580545,0.008115974916192056,0.0033031435703964307,0.005041815591531893,-0.0026182234623267284,-0.001568668569372394,0.0003072126114314108,-0.0035440113710980847
0,uptrend_momentum,multilevel,128,55,86,0.004969700006768107,0.03851679448680399,0.0065890875299840215,0.013330443639271331,-0.00196501921817939,0.024974993601447153,0.0543888127964216,-0.031022759470749863,-0.002508974245716714,-0.0005311972112315096,0.0029024363250812002
0,uptrend_momentum,multilevel,128,56,126,0.009574299998348579,-0.023346978311857988,-0.008086543505534952,-5.408465425972713e-06,0.006032206842528276,0.00512984127266101,-0.01676823808704081,0.0012963637414850847,0.012524638922747732,-2.6404075963025156e-05,-0.0003845041324084155
0,uptrend_momentum,multilevel,128,57,204,0.012561499985167757,0.05655648998818388,-0.00565002985221021,0.008320611063657175,-0.006511990807632188,-0.008050186246374175,-0.021312173798803086,0.000819443873117178,-0.0006948419861910137,-0.0009092410173625064,0.0021276716754998165
0,uptrend_momentum,multilevel,128,58,108,0.0067192999995313585,0.009623834253797037,-0.0014615820444289314,0.009039745349455248,0.002597727545080696,0.007440094960859205,0.012993708845386408,-0.015590020898599077,0.004968274981602577,-0.0007222402883656393,-0.0022449335309197727
0,uptrend_momentum,multilevel,128,59,148,0.011543800006620586,0.05261354559793336,-0.018523970041778137,-0.020996568414969614,0.00894017112685002,-0.008617556737816324,-0.007012753953374412,0.005086115322584437,-0.005066465317369063,8.03062763949325e-05,-0.0029404690441647424
0,uptrend_momentum,multilevel_outer,128,0,124,0.012698000005912036,-0.03022920124712804,-0.004545812044984614,-0.02284969769533226,0.013456783005790871,0.02451813429010508,0.013255427368424477,-0.017381933579183082,-0.010229456430576846,-0.0004734976304670766,0.0008518231335329932
0,uptrend_momentum,multilevel_outer,128,1,110,0.009569499990902841,0.01798229541396848,0.005221176197133979,0.008971639742159154,0.005010325589093777,0.01097205342027888,0.006377652179661438,-0.01642569974313742,0.001173056932386745,-5.733374780797188e-05,0.003062436343484808
0,uptrend_momentum,multilevel_outer,128,2,126,0.013264999986859038,-0.00573434223362346,0.0022747379266648514,-0.0039384448287826165,-0.0038510287079320214,0.0037530207437980307,-0.0011169485215316854,-0.00238908366951381,0.001858748981636978,-0.0001999799389414388,0.0014114549282825454
0,uptrend_momentum,multilevel_outer,128,3,110,0.010027000011177734,0.004986932638128991,0.0002887284928170342,-0.00445168415013227,-0.004424800132852123,-0.002000375757766986,0.0007089617056209589,0.00275917918143695,0.0020288055192505595,0.00012407954088323236,0.0007192766529859408
0,uptrend_momentum,multilevel_outer,128,4,122,0.010175400006119162,-0.010005482411194557,0.0014610889455433764,-0.0017946370137001163,-0.00815077502391056,0.0015203789683030905,-0.0024374609907083745,-0.0010567258738465187,0.0006384676463748317,0.00022610798416117548,-0.0006008642254418091
0,uptrend_momentum,multilevel_outer,128,5,104,0.007343999983277172,-0.0012954110241090726,-0.0013434761188645934,0.0034663737457073253,-0.003490694561802698,-0.002749708766956072,-0.003026723021640092,-0.0020816513022918134,-0.00028295983328503966,-5.826906589921346e-05,0.00030168837472816255
0,uptrend_momentum,multilevel_outer,128,6,114,0.008352900011232123,0.011541753579180563,-0.0008671120794849685,-0.0006263470517087578,-8.792205870747846e-05,0.003679343330856678,-0.003031105787952381,-0.0031677711360069915,0.005176337739364763,-0.00023380453169497467,-0.0008672054143218002
0,uptrend_momentum,multilevel_outer,128,7,116,0.01007339998614043,-0.0007213701078233499,-0.003171715462875334,-0.006538062240409074,-0.0061117212691465805,-0.012407115218066842,-0.011466704257246782,0.006477811368181744,-0.01813736654083002,-2.494289774010094e-05,0.003469929668025054
0,uptrend_momentum,multilevel_outer,128,8,132,0.01291220000712201,-0.0020679924423705302,0.002892441376889566,0.002584159959345244,-0.0036822644560904937,-0.005622255046270198,-0.0006415025582135432,0.0028946165590186253,0.0032379164896176606,8.072342825306581e-07,0.000530869573925079
0,uptrend_momentum,multilevel_outer,128,9,116,0.009486399998422712,-0.01494627621965835,-0.004739856750736511,0.013253003480075406,-0.005157945638920688,0.015128646894349129,0.014548522184080006,-0.011639383303858842,-0.01247964539410457,0.0009208695466503139,-0.0005961027503080271
0,uptrend_momentum,multilevel_outer,128,10,114,0.009687499987194315,0.015441574011222653,-0.003343111075089797,0.00396888287787457,-0.00012164087950379977,-0.002320108606930868,0.004988765401502226,0.004475998075710179,-9.664641651451386e-05,-0.0009001549539689322,-0.004827548143618541
0,uptrend_momentum,multilevel_outer,128,11,110,0.01095940000959672,-0.019774588234852526,-0.0045068226284517374,0.006081809530723385,0.005696044442967047,-0.001427298303601354,-0.008075324283393779,-0.007658714959799468,0.0046058863086665255,0.00035193200065512483,0.002550506212737097
0,uptrend_momentum,multilevel_outer,128,12,106,0.006096600001910701,0.003931692041265622,-0.0021117789789873824,-0.0001137566862129959,-0.001182180058758767,0.0007030903035639167,-0.0035431966446973252,-0.0010996641800289871,0.005753519000654886,-8.056130026813591e-06,0.00038511618943749625
0,uptrend_momentum,multilevel_outer,128,13,128,0.013630200002808124,-0.0056916899015891365,0.002260716669025741,0.007660420963222517,0.00834225528643176,-0.007290023036780982,-0.0035489517084411485,0.001443872607228815,0.0005347698975439857,-0.00010105230073413586,0.0024160127913475044
0,uptrend_momentum,multilevel_outer,128,14,142,0.014048399985767901,-0.02068888383405055,-0.0028321852923947556,-0.006199701380936297,0.008640300738569553,-0.0004083298812111903,-0.0008988975302634862,-0.00139955056890482,-0.00809394918043958,-4.350514329032515e-05,-0.003300431933675211
0,uptrend_momentum,multilevel_outer,128,15,114,0.01065720000769943,0.006176429815375553,-0.0013891120935293662,0.001425599208601077,0.0021747846513166407,-0.002751863209307797,-9.596724680041987e-05,0.0027254225984812094,-0.0022175910390577693,-1.843559146441475e-05,-0.0013668188027523263
0,uptrend_momentum,multilevel_outer,128,16,132,0.009644100005971268,0.005309501006185208,-0.0005939597296986716,0.0058487077435477545,-0.005610508439390062,-0.003754811664199138,0.012300768895540354,0.003502777485298497,0.0008395188197653687,-0.00011005861055866464,0.0005977456237839571
0,uptrend_momentum,multilevel_outer,128,17,112,0.009671000007074326,-0.0022361589012470776,-0.003712868637502046,0.00016532973358971342,-0.0014160949224475596,0.00038091778055098494,0.0028417549607700223,0.0006952100341627553,0.0003998600778151094,9.034059014715791e-05,-0.002802404990036931
0,uptrend_momentum,multilevel_outer,128,18,130,0.00743019999936223,0.01663028659782298,-0.01022934536592781,0.008146026026330853,-0.00779139011096204,-0.00896643988984475,-0.0035463266706029168,0.0004063890536900996,0.008961046124468464,0.0004455835641316196,-0.007030999889892124
0,uptrend_momentum,multilevel_outer,128,19,102,0.00654119998216629,-0.0006398619474804728,-0.0012616347615856502,0.004206180155017781,0.0012371706856730232,-0.0002770372329508503,0.0003629601603744175,0.0009827387358062457,0.0027134575738205205,-8.574017505096927e-06,-0.0003212088701221399
0,uptrend_momentum,multilevel_outer,128,20,110,0.00694580000708811,-0.009606151345920706,-0.0026428666249087,0.004155641398716643,-0.00018040273420902534,-0.0009516250690698705,-0.0001873644332921073,0.001639626128573204,-0.0032670476346655193,0.00011702871870745595,-0.0010346383617652632
0,uptrend_momentum,multilevel_outer,128,21,124,0.009327800013124943,-0.0018236138990948858,0.0003147052010278887,0.0014466874650359066,-0.005525511007773588,-0.006960254050477547,0.0014068614255818342,0.013091396040038759,-0.01467727554493653,0.00016840687424196673,-0.0009871862297183775
0,uptrend_momentum,multilevel_outer,128,22,138,0.010938099992927164,-0.005203552450772196,-0.0012443140678728597,-0.0022624483344427524,-0.008360693440786415,-0.00265822840457536,-0.006259334583122861,0.00969843264623143,-0.010408747463512249,0.0003716057799314676,0.0010980557500637658
0,uptrend_momentum,multilevel_outer,128,23,124,0.012424899992765859,0.0050730084308340485,0.0016568570421034226,8.262903998689785e-05,-0.004405626248529346,0.005929251622632398,0.004450943523717629,-0.0015567276558928601,-0.0009484735985636705,-0.00017588303933965525,0.0016526821583967757
0,uptrend_momentum,multilevel_outer,128,24,102,0.00658129999646917,-0.002705774992875509,-0.0017301213500396627,0.008804334647068614,-0.010363166270378484,0.006555593972679646,0.014629017946408918,0.0017902964484847299,-0.009860926406852526,0.00020571968884274252,0.00308353817611388
0,uptrend_momentum,multilevel_outer,128,25,130,0.01421310001751408,0.011792932120964461,-0.0030636167208930474,0.0002925861480853872,0.008422811186565831,0.0013597197173915326,-0.0052211457074226916,0.0007137520126075672,-0.00027583033527003994,0.0002397154212937359,0.001655907846209169
0,uptrend_momentum,multilevel_outer,128,26,148,0.014474900002824143,0.020793214343495445,-0.025345859275869343,0.018328517260444276,0.005614757831452566,-0.022716023687681955,-0.01587723561882217,0.02784012608309388,-0.030366550327937968,-0.0003818302232495814,-0.002758764704848851
0,uptrend_momentum,multilevel_outer,128,27,118,0.009221999993314967,-0.014632989856808132,0.0017562977112637816,0.0018487266258392916,0.0031567355050015644,0.006392703120931427,-0.004046299876245095,-0.008564594748770842,-0.0022630720077324615,6.968425018538527e-05,-0.0003056151871941522
0,uptrend_momentum,multilevel_outer,128,28,136,0.011207900010049343,-0.008258000389075728,0.00021955500855808316,0.011032298375116132,0.002791046761370718,-0.0006556485556678293,0.005855665971461108,-0.004037982244704158,-0.0015056160962357002,6.279859005208126e-05,0.0047490118645477685
0,uptrend_momentum,multilevel_outer,128,29,120,0.009513699973467737,0.0025177806813448255,-0.0003858032903527058,-0.004237290179426678,0.0055852086517041225,0.00909633683771375,0.003001121982630359,-0.009030126115963946,0.010317933081534014,0.00010672155666606944,0.002599906295667504
0,uptrend_momentum,multilevel_outer,128,30,122,0.009389300015754998,0.005192814414835363,0.0009234286909701274,-0.004182901467438273,0.015028014263384348,0.004202632564333632,-0.005730371680803115,-0.0036949520242685044,-0.0010137110790724283,0.00018366769747171327,5.019678952174061e-05
0,uptrend_momentum,multilevel_outer,128,31,106,0.007193500001449138,0.0004515320000378904,-2.266225995458859e-05,0.0024933800448697302,0.0017740223557337232,0.001575753669152974,0.0015166695651748694,-0.001587134531633589,0.0002007402737236601,-8.97637367515359e-05,-0.00042157585412942706
0,uptrend_momentum,multilevel_outer,128,32,236,0.013932099973317236,0.0010181984864225545,0.019876085696449046,-0.001498075273813637,-0.002780583487448582,0.0008203113036045791,0.010215147958547522,-0.02941591606082427,0.05570338830938,-0.0007520337356502515,0.004659614647625647
0,uptrend_momentum,multilevel_outer,128,33,122,0.008388100017327815,0.004451078281648825,-0.0005783800180663953,0.0013157437016691476,-0.004707542150561146,0.0020676283933855283,-0.001434037610340418,-0.0029312831282523816,0.006339129663824486,0.00010691317868140222,0.00045858544866120667
0,uptrend_momentum,multilevel_outer,128,34,110,0.00948659999994561,-0.0019658097718205313,0.004662312687420305,-0.00953116694351435,-0.010951749784227999,0.013192668808091668,0.0003590428668203319,-0.0078101472779292455,0.004150227959045417,0.0008362817614317672,0.003076369640862412
0,uptrend_momentum,multilevel_outer,128,35,140,0.014240799995604903,-0.0015030226546946703,-0.0039314913944343355,0.0027441535199704548,0.006972175939858707,0.001379340491134481,0.0082425897066698,0.0005965649011109393,0.0034576468011947763,-3.550497089674351e-05,-0.002759313917188859
0,uptrend_momentum,multilevel_outer,128,36,104,0.005917300004512072,-0.01744760128350089,-0.001396736978925227,-0.0061878332705260965,0.0048174507687041915,-0.0010935382703417624,-0.0031613640337688604,-0.0031993613602993186,-0.002735924255712141,2.2872995350447467e-05,0.0010018295974620521
0,uptrend_momentum,multilevel_outer,128,37,132,0.013520400010747835,-0.000637350772128436,-0.0014094062939850834,-0.012845211498316722,0.005086545152229817,-0.0018692379438256322,-0.004596920041244036,0.004892561269625652,-0.0036741050178832418,6.438630231053269e-05,-0.001270619579706576
0,uptrend_momentum,multilevel_outer,128,38,110,0.010528699989663437,0.007194011824705115,-0.004525728724402352,0.019238054602306428,-0.009784794750922093,-0.0006611899581303333,-0.0018537506553217217,-0.00020047230676329618,-0.009524221199264982,-4.89103521209872e-05,-0.001117838694677764
0,uptrend_momentum,multilevel_outer,128,39,102,0.006223400007002056,-0.00017930143390219026,-0.00031351582145297915,-0.0003943751511375544,-0.002040749749153762,-0.000707921751953197,-0.0020932172857461994,0.00040111132189815034,-0.000565120701514598,-9.687926970117393e-05,0.0005658914263370105
0,uptrend_momentum,multilevel_outer,128,40,122,0.01216109999222681,-0.01562719300634442,-0.0010988180562646664,0.002893569002136176,-8.663953047044984e-05,-0.0035495515325432,0.001354718935867243,0.0026225540411272553,-0.0012075335011416132,0.00025862260800707927,-0.0012046322629500638
0,uptrend_momentum,multilevel_outer,128,41,112,0.009710799989989027,-0.007510022734103662,0.0004731345758917595,0.0049041158701908115,0.007170146241647989,0.02006150798295963,0.020711294331835568,-0.027132629373769486,0.010968676054561822,-0.001205196618015323,-0.002029055955283545
0,uptrend_momentum,multilevel_outer,128,42,122,0.009424700023373589,-0.00019334886046270104,0.00010909025920690964,-0.004459725449832211,0.0012016113524920059,0.0005984176113694223,-0.0015945801806814045,-0.0011005592905431732,0.00017369622494174363,0.00023773726397488805,-0.0006458968847458874
0,uptrend_momentum,multilevel_outer,128,43,104,0.005780300009064376,-0.02200610908233023,-0.01544287947712438,0.014157249767590408,-0.009218795576495731,-0.011169905938464935,0.0049040682226964925,0.005885131022598088,-0.0026013858778561588,-0.00022364463974888625,-0.0035058206111291284
0,uptrend_momentum,multilevel_outer,128,44,122,0.013674099987838417,-0.014193757345050517,-0.0018103876688821807,0.003210131841603315,0.005677497401962861,-0.00836146448417125,0.010288874066397048,-0.004634628431363205,-0.0025728838777365776,0.00027418164140199843,0.0009035259234987346
0,uptrend_momentum,multilevel_outer,128,45,108,0.009472800011280924,0.02335841004001924,0.012020785184164263,-0.00267920690398707,0.005787639449595734,-0.007594668025157736,0.0005953493399277516,0.012887918039021723,0.019625490117944316,0.0004064917755916787,0.002273576915185355
0,uptrend_momentum,multilevel_outer,128,46,120,0.008982699975604191,0.0019502345222855836,0.0004016510124954079,0.002456934632098622,-0.0014750095974315057,-0.002302992688312841,0.00495146696386067,0.0004714680922333984,-0.0012397070011930117,-0.00019782143179333076,0.000800299403667442
0,uptrend_momentum,multilevel_outer,128,47,108,0.006757199997082353,-0.0035046761229325803,0.001118609736678712,-0.006312625708277857,0.002219000916617652,0.010835938733904035,0.008385585632295595,-0.006316432665862062,-0.0018917777101449963,0.00015449597664462017,-0.0005805077052750708
0,uptrend_momentum,multilevel_outer,128,48,116,0.008675399993080646,-0.005234633938271385,0.0001376704822999544,0.003761176333269719,-0.0032918465511137416,-0.004720747548307964,-0.0033877254217491216,0.008109650991764191,-0.003809895247069885,-1.2580841241885293e-05,0.0005968776491269946
0,uptrend_momentum,multilevel_outer,128,49,114,0.010313200007658452,-0.01941639893923898,-0.004940664767811359,0.01592495777647456,-0.0037142127750910163,0.00274124621608632,-0.0008749182682692942,0.014903062267622742,-0.010459164896760997,0.00043392367645460355,-0.0032187401652639864
0,uptrend_momentum,multilevel_outer,128,50,116,0.010506799997529015,0.04222596680278972,0.0016736880211525311,-0.004984258217561528,-0.004267915125829748,-0.0031452146042461374,-0.006895612601456641,0.007866317447643259,0.01304306334394067,-0.00018873223457028943,0.003976792688036832
0,uptrend_momentum,multilevel_outer,128,51,128,0.006537599983857945,-0.01033930641661834,2.7161739209332346e-05,0.0004650840854470385,0.001978623338293354,-0.0008789415735836864,-0.0031806297159856405,0.0023460621177014227,0.0026831092930296656,0.00017575320659900313,-0.00040498764464176417
0,uptrend_momentum,multilevel_outer,128,52,166,0.010673200013116002,-0.016860752992333042,-0.0017776849863616496,-0.0034075249805082695,0.001113777093313987,0.005120723766077378,0.0007105680032408615,-0.006085197549049572,-0.005415735376061923,1.7365299085989343e-05,-0.0009379171685446128
0,uptrend_momentum,multilevel_outer,128,53,118,0.009840000013355166,-0.00233016410048969,-0.007191729547182156,-0.006628578631607637,0.018010935623472533,0.011274483907833475,-0.01613880456717719,-0.010188562331345038,-0.006064960589965769,0.0001795195524735808,-0.001864665696163162
0,uptrend_momentum,multilevel_outer,128,54,168,0.009829300019191578,0.0028619102963682343,-0.004537063609683677,-0.00033384937391089405,-0.0013670793087167833,0.004034297440157699,0.0038252000843764593,-0.0030602366140540316,0.005153001586297749,-0.00029960838030667497,0.00011257714456724643
0,uptrend_momentum,multilevel_outer,128,55,116,0.009283499995945022,-0.009286717519299952,-0.0004021852958715247,-0.003946014155063139,0.00333744872695991,0.009120698274695116,0.008817516172794321,-0.0074197417331164,-0.002414954568583504,8.070164191104069e-05,0.0012003537761084474
0,uptrend_momentum,multilevel_outer,128,56,110,0.009656499983975664,0.005873691212227874,-0.00269438043489512,0.002903720057997418,-0.008337144417058033,-0.002860605677110786,-0.0007800959754290342,0.0017133093344838973,-0.0018273897002894133,-3.971741456434493e-05,-0.0006915787559276657
0,uptrend_momentum,multilevel_outer,128,57,108,0.009603500016964972,-0.008913485364295358,0.0008038007245046594,0.006483661156349773,0.0022776990064634008,-0.008407100867921125,0.004188289656163296,0.009337155858862673,-0.005429468881705861,0.0001295268982930759,-0.0015522321320429965
0,uptrend_momentum,multilevel_outer,128,58,108,0.005678399989847094,0.00034278144751134776,-0.0015146569542366713,-0.0014095959589727931,0.0020455421936828497,0.004419442711740567,-0.004344272043886141,-0.004320767523748843,0.003757029460460681,-0.0001359713049026351,-0.001163883485876998
0,uptrend_momentum,multilevel_outer,128,59,112,0.01071200001752004,0.008003595275868159,-0.0011507955754465958,0.009738482699457162,-0.008403667616158248,-0.005701438160978454,0.00970269353556701,0.006566249653379551,-0.0024353069483426847,-0.00016325661037495134,0.0001856932452260671
0,uptrend_momentum,split_base,128,0,142,0.012108599999919534,-0.0023086646128010653,6.58243500219785e-05,0.0017685143005783562,-0.00242469680138646,0.000775549029983247,0.001252683658526859,-0.0004922234072810032,-0.002657140455944778,3.148968013140089e-05,-0.0005252626967900307
0,uptrend_momentum,split_base,128,1,118,0.010091700009070337,-0.007166577410953406,0.0006568689835479921,-0.006237423764759063,-0.0002880850241859224,-0.008314265806923802,-0.009159882620189717,0.006093665056437154,0.00011377633364019757,8.385834195948347e-05,-0.0002081000631505428
0,uptrend_momentum,split_base,128,2,114,0.00935940002091229,-0.013923810184474463,-0.0010750995821702954,0.004198712687410948,0.0006804919944142518,0.01661765326417088,0.010578230012455336,-0.004246613348270613,-0.012154254082427618,-0.0006743365838986418,0.0004234913217014134
0,uptrend_momentum,split_base,128,3,182,0.011630900000454858,-0.00973456423706338,-0.00015189695005776146,-0.0016260715266548068,0.0031833126120720825,0.007000962791418266,0.000495121626507739,-0.006747969113292651,-0.0008495553818803816,0.00022079421900736163,-0.0008453021554629047
0,uptrend_momentum,split_base,128,4,118,0.00996969998232089,-0.004129338483489149,0.0017688220921719486,0.0008369819363199188,-0.0037893131620171635,0.001303701151653437,0.002447708378758814,-0.002542537251659163,0.007462743502947381,6.694536829498612e-05,0.0015781668303889488
0,uptrend_momentum,split_base,128,5,126,0.012456500000553206,-0.01601626970658889,0.0011327274095157425,-0.001485964419197163,-0.003316244501080192,-0.003937534180368917,0.0020320233534984133,0.005061075557666511,-0.0022637669160014548,1.5069088502567143e-05,-0.0006653347022540643
0,uptrend_momentum,split_base,128,6,126,0.011586699984036386,0.0012536840198033455,0.00621233884917395,0.0020132117151704923,-0.015945193201330154,-0.0143903515643963,-0.0066010585940234675,0.015615324238256251,0.010831590813886604,-0.00032234679386218323,-0.0005776758456320424
0,uptrend_momentum,split_base,128,7,158,0.01816569999209605,-0.0035008047382778457,-5.4244879096567064e-05,0.0005405855346909648,-0.0010249465435032573,-0.003296045131531973,0.0003694059377977757,0.0012602229268500712,-2.1237541208290762e-05,3.1931032811757797e-05,-0.001159496269001104
0,uptrend_momentum,split_base,128,8,170,0.009758000000147149,0.006873454972225133,0.0020580639978988744,-0.003654515068739729,0.0004443335531953462,-0.0005794585338662558,-0.0014242002749110729,-0.0015495845715776733,0.0004134263767421705,1.3149459651982394e-05,-0.00021077862475503108
0,uptrend_momentum,split_base,128,9,154,0.016108400013763458,-0.0065368454555983614,-0.0036171828833151064,-0.004477513086071477,-0.003364319755164693,-0.004675261832131308,0.0048884289336396285,0.003435544784127639,-0.005509957732722324,-0.00015385133685566217,-0.0004650154274936301
0,uptrend_momentum,split_base,128,10,110,0.006450200016843155,-0.008664989023807027,0.0013381561423978954,0.0007596058361319964,0.0005844470961639248,0.0013420426804482833,0.0024084865990187552,0.0004528296630337254,-0.005372995693093194,-5.1892457949837947e-05,-0.00018083888241751257
0,uptrend_momentum,split_base,128,11,130,0.010973500000545755,0.0043022959473537304,0.005733932378685247,0.007358525790940464,-0.006178011067468814,-0.00203633212209778,0.0040683127274632625,0.0031457969839377223,0.004550976892625699,4.1600643895415714e-05,0.000619821656772737
0,uptrend_momentum,split_base,128,12,130,0.01201589999254793,0.011720560597342822,0.004281890020717856,0.005411041778050782,-0.007061015530848489,-0.004732202312327561,0.007515614687366262,-0.004261431839390504,0.006200692723236295,1.75662844261802e-05,0.0016798817926233348
0,uptrend_momentum,split_base,128,13,122,0.010786500002723187,0.013930896747361287,0.005396165418129635,-0.010300300515235327,0.0027482910997764917,0.0052541483989545865,-0.00023828009585013453,-0.01576544724719178,0.006733871741322549,-0.00042482417079392384,0.0019807077434462936
0,uptrend_momentum,split_base,128,14,146,0.009492199984379113,0.00961451958492713,0.0017136527694093383,0.00155207353393894,0.0010079035334210026,0.0027246735048912715,0.0004039919774792114,0.001404656762223556,-0.0053745800818884035,-2.7949355101486314e-06,0.000699501679384995
0,uptrend_momentum,split_base,128,15,114,0.009129900019615889,0.009417542824296835,0.00043343686971585146,0.0010479703837012438,0.000259394618601844,-0.0071855861234335055,-0.0021929352101181733,0.006119222578064748,-0.00565779759003781,-5.009337641785535e-05,-0.00012683023261876174
0,uptrend_momentum,split_base,128,16,130,0.013026100001297891,0.001832806500786839,2.301551349386888e-06,0.0004352355766028343,0.0011705991435073614,-0.002550975398024585,-0.005478680612925338,0.0008796204937117286,-0.0005957829967216443,0.00024626722750162685,-0.0008964282918032804
0,uptrend_momentum,split_base,128,17,114,0.008568999997805804,-0.007939643308319495,-0.00045428516924805125,0.0025723096242882076,-0.0005942235667325929,0.006813600292635297,0.002248422415121379,-0.010221298712126469,0.007952732191753051,4.551636220632084e-05,0.00032912094580400783
0,uptrend_momentum,split_base,128,18,126,0.011772400001063943,2.1044525000425695e-05,0.0016782352503582094,-0.0014175452510526566,0.0027969120044800356,-0.0008725865141100797,-0.0024746094954204256,0.00034945833713407497,-0.0003592531109832305,0.0002937568771563288,-2.1535948704721942e-05
0,uptrend_momentum,split_base,128,19,114,0.011124299984658137,0.018226113426164547,-0.006054120816848631,-0.012501302352213509,0.023586138299880453,0.015999645392853618,-0.014002129891113177,-0.02250957790557671,0.023918986000684907,0.0003093415503728249,-0.0025325029148367297
0,uptrend_momentum,split_base,128,20,122,0.009990099992137402,0.00945440958491342,0.004770806173424027,0.014106224083317478,-0.01450225854322254,-0.0059099239897703075,0.02289583863587675,-0.015441288137924239,0.01492735685424627,-0.0002241223008474143,0.00113703962667777
0,uptrend_momentum,split_base,128,21,122,0.009481399989454076,-0.012568174012131788,8.819018368005688e-05,0.002708392279365579,0.002596733311975164,-0.0017454663612242907,-0.004640626668563805,0.004528103773468718,-0.003661704486810198,-5.5323375668099884e-05,-0.0012978340423615525
0,uptrend_momentum,split_base,128,22,110,0.006605199974728748,-0.016094444024839644,0.010381130278795347,-0.03140580261246069,0.0013529746193907048,0.019700999514561203,0.00486216526126432,-0.025090567202432322,0.002289409058382094,0.0018076573018606427,0.007070194668093828
0,uptrend_momentum,split_base,128,23,122,0.009561600018059835,-0.007964922878802183,0.0007440074335791859,0.009439667096426763,-0.0001035016096168981,-0.0026550748293223065,0.0013175840355115907,-0.0008131160176674231,-0.004853579659496292,-5.655872793899069e-05,0.001254200284345756
0,uptrend_momentum,split_base,128,24,118,0.010690700000850484,0.020245470002321905,-0.0066460675845669585,0.001618618746391008,-0.009590318382063392,-0.0028476669819515583,-0.005461133655990295,0.007185655114109112,0.0005269305091570966,-0.00017320868845419648,-0.0008584771800557688
0,uptrend_momentum,split_base,128,25,114,0.009520399995381013,0.006982186581522011,0.004634798007365211,0.009410298185367262,0.0012520246035623672,0.004602716997065626,0.014414308264861167,-0.0018606633523831136,-0.0031216966432449523,-0.0005695081263402667,-0.0007418746514086019
0,uptrend_momentum,split_base,128,26,138,0.009999000001698732,-0.023394704582822282,-0.01423696798468796,0.0044896528535915995,-0.009883340248978686,-0.00021059782852691917,0.016474185063691603,-0.011556919255619994,0.016153413704161772,-0.0005818976165532258,-0.007902062379967704
0,uptrend_momentum,split_base,128,27,114,0.010622800007695332,0.005487810563462184,0.0015165914116805606,-0.0024164680695472956,-0.003922214002859474,-0.0027917909906774395,-0.002033840813712031,0.000767156851793799,0.0010613850225722312,-0.00021094598520710923,-0.0003635191670591834
0,uptrend_momentum,split_base,128,28,118,0.009637100010877475,0.0035519915157333215,0.0018298486775749155,-0.0041813742646676895,0.015983521011605904,0.0017418898217935901,0.006687502697716957,0.003240927075570745,0.0001532128596513546,2.2438796725409015e-06,9.92317758807208e-05
0,uptrend_momentum,split_base,128,29,118,0.009616700001060963,-0.014567372021446947,-0.0012629946203432905,0.006700276519328007,-0.015477350445097345,0.011311763859525703,0.008319240135026124,-0.006600873948430458,-0.00440244915673126,6.282844689771185e-05,0.0022171975751944855
0,uptrend_momentum,split_base,128,30,114,0.010511500004213303,0.008281092441489028,-0.002060267372678558,-0.0038105761271892214,-0.0044718982138217235,-0.003988821618906109,0.000607684992912654,0.003997394836132495,-0.008782102688811877,-0.00022376161930651788,-0.0005293138332992474
0,uptrend_momentum,split_base,128,31,138,0.009395600005518645,-0.001215369394092798,-0.0006461503986255816,0.0017115466159192065,0.009438701083965745,0.00031705919355977006,0.0017088417631844356,-0.0019451665283942918,0.0023364557863127236,-2.7487991544012518e-05,0.00019744550115413905
0,uptrend_momentum,split_base,128,32,122,0.010080200008815154,0.010799814747759998,-0.002323635309087554,0.0053468427002829316,0.001406590075424612,0.002080444156037631,0.0014021265052091088,0.0018173841882299484,-0.0007381163604752941,5.226692295692342e-05,-0.0016414035985891583
0,uptrend_momentum,split_base,128,33,122,0.011070999986259267,0.02006192328366231,0.006237344884425264,-0.008834914064247619,-0.0072666422556849405,0.006684161355892007,0.008157443022620335,0.0035437533996672105,-0.005465115587760317,-0.00017089699683513147,0.0006708767955072141
0,uptrend_momentum,split_base,128,34,138,0.01349879999179393,0.02923771743119592,0.0009442362453431646,-0.00804147880847701,0.019175312691403247,0.015905309089758183,0.0033132869402158994,-0.006296165388737808,0.004399486685433075,0.00011354395620220988,0.0019885559496088303
0,uptrend_momentum,split_base,128,35,138,0.011797200015280396,-0.008713331255550693,-0.0007102715990801962,-0.008919573210873718,0.007515357996433487,0.009628492616735837,0.0038800864773084072,-0.007570432370843751,0.002122124508763103,-9.935860974194456e-05,0.0001570987661800939
0,uptrend_momentum,split_base,128,36,110,0.008127199980663136,0.01444480873923159,0.00461878185909236,0.01253328345238977,-0.012380533595063898,-0.0032489950284319497,-0.006463026689505107,0.007326762591329143,-0.017416337414618815,-0.0001360121767764137,-0.00289431582926088
0,uptrend_momentum,split_base,128,37,114,0.008902300003683195,-0.00705100102703179,-0.0005363946824814489,-0.002322379454218379,-0.0006260664892901738,-0.000995431251364024,-0.0022065765077194646,0.0025776289121287473,-0.0009872454020983148,-3.674432314801485e-05,-0.0023679463030993426
0,uptrend_momentum,split_base,128,38,122,0.008778299990808591,0.00642652922211238,-0.003990582871132789,-0.0041237745867859586,0.0012734933587485074,0.004410354322329017,0.003833681973926289,-0.00024009062930375295,-0.004792352763107043,-0.00023707467301993241,-0.0011190632054264471
0,uptrend_momentum,split_base,128,39,130,0.013376700022490695,-0.013837184427773042,0.0035561662097607755,-0.007276980405836293,-0.00026514192852176364,0.00281898078881273,-0.0003139431958586493,-0.00039059936129259723,-0.0002566717066816007,-1.4532453184007674e-05,0.0025057823864409945
0,uptrend_momentum,split_base,128,40,130,0.013034900010097772,-0.002793039081772283,0.00041281683959464005,0.0020799109706502285,0.0012759187587281435,-0.00243948564994403,-0.010552659773601208,-0.0010968197268015928,0.018188408127453218,0.00042632028770763403,0.0015016765363015897
0,uptrend_momentum,split_base,128,41,114,0.010119999991729856,-0.009716635129345483,-0.01089115761975502,0.0017415219686361394,0.015079381861762432,0.010170520781354473,0.014288176266311228,-0.011174962905759632,0.007732589786440198,0.0004640242242904224,-0.005220164964246149
0,uptrend_momentum,split_base,128,42,118,0.011120700015453622,-0.0069657248970322674,-0.0023660783448933667,-0.0017935438431690022,-0.004623615370134124,0.0021775467286373547,-0.004128973854560943,0.0013964785352797104,-0.0005071283980166146,2.782780880877274e-05,0.000344242145809266
0,uptrend_momentum,split_base,128,43,110,0.006921099993633106,0.004109439362841522,0.0010011233518107921,0.004055683417956338,9.762832411569059e-05,0.0026836225626309254,0.0036667480995675773,-0.0038970905456560596,0.008940393094921095,-0.00012561761744541442,0.0013736483756972661
0,uptrend_momentum,split_base,128,44,110,0.006319899985101074,0.01884489792210319,0.0029528727121902734,-0.0009809677951816164,0.010467516223467588,-0.0017809637027895446,-0.00800268134788169,-0.00015730451658039663,-0.013143428594306256,-0.00014530742246832495,-0.0018054035450009048
0,uptrend_momentum,split_base,128,45,118,0.00944819999858737,-0.009980140342277725,-0.0067093250249289195,0.002245056764891116,0.0064250478880102015,0.0007461295269193593,-0.0020333171366418356,-0.008195618731907817,0.0077771789319902255,-0.00018732669069295826,-0.0029318223603251037
0,uptrend_momentum,split_base,128,46,122,0.010093299992149696,-0.008350129471015391,0.0011352189406362676,-0.0048019979898589315,-8.773531616001126e-05,0.0018346018226235955,-0.009103305331030612,0.0021784606664691105,-0.0041902112452389725,6.408818125744681e-05,-1.723464076551478e-05
0,uptrend_momentum,split_base,128,47,110,0.007301799982087687,0.017220837140440055,0.0002742184341571977,0.009527229315802044,-0.0016138093487388506,-0.0014662632109494528,0.0047228071346212645,0.0023912669535248966,-0.002885009830786006,0.00045719495833593406,-0.0016680896742721288
0,uptrend_momentum,split_base,128,48,138,0.012076200015144423,-0.02530795601946436,-0.0010456876795732596,-0.005654841804492575,0.000743538024320514,0.0071077368038523995,0.0034455160983177325,0.002245927138886004,-0.006874862388223708,0.00042866896856774814,-0.001340153223998829
0,uptrend_momentum,split_base,128,49,134,0.013723599986406043,0.011598092717073813,0.0017433721110894685,0.0033912051950419153,0.0028181026572485788,0.004015337525704433,0.004614199286293244,-0.005041692871697428,-0.0033088963699947835,-0.00011608497420938693,0.0013091997026590594
0,uptrend_momentum,split_base,128,50,138,0.010269999998854473,0.0011126539517949962,0.0017304958409525496,-0.00023004005655405052,-0.001685347136306626,0.003322149577194685,0.005369003348919063,-0.0008665020274955422,-0.0013093531814235208,2.1620283443820135e-05,-6.36837621314806e-05
0,uptrend_momentum,split_base,128,51,122,0.009318800002802163,0.031029606950859406,0.0023116413645376927,-0.025204674935384076,0.0004000412412392164,0.0002403133422357869,-0.007281156673306191,0.006074797945487097,-0.008916253083594637,-0.00026191114403464644,0.003719965256844653
0,uptrend_momentum,split_base,128,52,122,0.009004399995319545,0.0088992829302512,0.002089089916692626,0.010468080948000419,-0.00829594967337507,-0.0016877290955866534,0.0005402616271317402,-0.008735039560618267,0.009282318494002602,0.00028198991667399795,0.0035651260882171415
0,uptrend_momentum,split_base,128,53,146,0.011743700015358627,0.017424100126861276,0.00509337014411444,0.010893814080647407,-0.00030823966414347744,-0.003857688805346002,0.0034016764535496763,-0.007031007644252574,0.01466072030278302,-0.0007521707491713636,0.002213198036804721
0,uptrend_momentum,split_base,128,54,154,0.01547990000108257,-0.060584038034026524,-0.001197577026064179,-0.005808100228322774,-0.015737987096913986,0.001908055695125786,-0.00042615455514593707,0.017563972900733048,-0.0032881081624359424,0.0004584328470984449,0.002181061025653545
0,uptrend_momentum,split_base,128,55,114,0.00971650000428781,-0.0026828833386893795,0.0065076647958065585,0.014821870464791918,-0.012690213166699679,-0.002161824492921208,0.002912552076756918,0.006076153091159476,0.002480275179313939,0.0001167094318243409,0.0008898539716321298
0,uptrend_momentum,split_base,128,56,114,0.010126099979970604,-0.0038336249706012486,-0.0026374604611487463,-2.597878167375292e-06,0.0006317316429340791,0.006632977509639437,0.004174306536454732,-0.00210529168418037,-0.0003208541793484227,-0.00011501115846482331,-0.001964275851503647
0,uptrend_momentum,split_base,128,57,126,0.012628800002858043,0.0035263580714294264,0.0028382632650749565,0.01496148229007711,-0.010129792263476035,-0.004382704670475315,-0.0006064421341523393,0.004548957209518764,0.0016432242356836275,-0.0003167206212208128,0.00018969608831771167
0,uptrend_momentum,split_base,128,58,110,0.006405099993571639,0.024842918943492893,-0.004504640096175837,-0.010005215007845358,0.012034011076064593,-0.008933365828509584,-0.013692968659596674,-0.00727576111535543,-0.010124665313156584,-0.00017391886039568933,-0.001723509569443131
0,uptrend_momentum,split_base,128,59,126,0.01495080001768656,0.0063278972206313846,-0.00285624012327439,0.006778170743488729,-0.010525116029726583,-0.008109554671566137,-0.006124751985357628,-0.0028100139482443373,0.008717554270525433,0.0001956653248961988,-0.0004903573973914349
0,uptrend_momentum,plugin,512,0,512,0.010790400003315881,0.0004228848465176795,-0.00043306115869171574,0.0011681106003527681,-0.0006328127930820573,-1.6849343948458792e-05,0.000284797523105298,-0.00020895985070180234,3.4161273997589666e-05,1.1819205086621562e-05,-0.00011127890449616952
0,uptrend_momentum,plugin,512,1,512,0.01068680000025779,0.0027900188232267238,0.00032450906517365955,0.0007189126962724265,-0.0008062930975981505,-0.0002976397511770028,0.00019601762165484193,6.146740572587171e-05,0.00031322523973341843,-2.3605350977038646e-05,0.0002645050233745141
0,uptrend_momentum,plugin,512,2,512,0.010591400001430884,0.0002050961699880725,-0.00023737714109628156,0.0006454503429788001,0.00012452416601836772,-7.02380481572731e-06,7.781231810304578e-05,-0.00017886794099932797,0.00023259307871424626,-2.159376327393277e-05,9.116085742537525e-06
0,uptrend_momentum,plugin,512,3,512,0.009861400001682341,-0.00019709574652637785,1.769287183740945e-05,0.0017941518067129466,-0.0008594144326469699,-0.0005333934333693482,0.0008880878371018021,0.0005527704348413218,-0.00012415092131531878,2.5063210347273552e-05,0.00010248041052930767
0,uptrend_momentum,plugin,512,4,512,0.011228899995330721,0.00020656002436442825,8.457531797202724e-05,0.0009518137287622085,-3.120477341631669e-05,1.6548720733512122e-05,0.00039691756397830193,-0.0005073304790484947,0.00019609414289897912,-4.866744709823642e-06,6.309858843621631e-05
0,uptrend_momentum,plugin,512,5,512,0.010600000008707866,0.0010637245810426956,0.0002225932304043867,0.0008122760245043729,-0.0007489109478736664,-0.00013115420740432548,0.0002755093294411677,-3.8772140974424484e-05,0.00011716146364899162,-1.9893438279319186e-05,-8.821373842048129e-07
0,uptrend_momentum,plugin,512,6,512,0.010756199975730851,-0.0010914884886408921,-4.1552950410463896e-05,0.001803011746699605,-0.0013246227288183459,-0.0007337659334689572,0.00037610083488878824,0.0005027526023747969,-0.0002079826493401003,8.42089712659747e-06,-0.0001818375542117112
0,uptrend_momentum,plugin,512,7,512,0.011234100005822256,0.00028806422640259826,4.49821849217737e-05,0.0010506079052333536,-0.0007420752866422138,-0.00017219363069181186,0.0002679868323556276,0.0006101747352103881,-0.00034149569103803304,1.2981686519240393e-06,-9.473004334831564e-05
0,uptrend_momentum,plugin,512,8,512,0.009524100023554638,0.0001433824336727629,-0.00024059242740195777,0.000560654880866364,-0.0004444441701926301,0.00018873135676034496,0.00023859698371502688,-0.000349257437048586,0.0002954316770418703,5.9157517579179215e-06,-8.514601054088414e-05
0,uptrend_momentum,plugin,512,9,512,0.010042900015832856,-0.00038869892982994545,-0.00022066995135230918,0.0008451729921551412,-0.0006218113452880247,-5.8452116518819253e-05,0.000980381666454171,0.0005553870571684542,-0.0005188959132996035,1.4825021903506403e-05,-1.7203876731398586e-06
0,uptrend_momentum,plugin,512,10,512,0.011935499991523102,-0.0010753049234090981,4.67854971868453e-05,0.0009409149990133749,-0.0010871602934915132,7.402954777824111e-05,0.0004452060787208191,-0.00042266171779208864,0.0007536673729406201,5.687459600946143e-06,5.139977834776797e-05
0,uptrend_momentum,plugin,512,11,512,0.010504699981538579,0.000734588813756743,-4.506732200097746e-05,0.0009958896530738433,-0.000289604687055761,8.844725095064773e-05,0.0003709180047050312,-0.00044148490790801766,0.00045643066461018304,-1.209481197540228e-05,5.325081251076082e-05
0,uptrend_momentum,plugin,512,12,512,0.010748700005933642,0.0013538710146111517,0.00028634120085279204,0.0010503347463628214,-0.00038478758480930416,-0.00021358844075244945,0.00012439532879376656,-0.00019451908743367793,0.00031447186654759424,-1.5995059261275593e-05,0.00018502718008909404
0,uptrend_momentum,plugin,512,13,512,0.011161599977640435,0.00034101996572900303,-1.3531561335070663e-05,0.0011103181353695273,-0.0010618240351476904,-0.0003419746513111719,0.0005211297499223863,0.00018974308199487682,-1.1134204659848815e-05,-2.0409432398791462e-05,8.809313898569365e-05
0,uptrend_momentum,plugin,512,14,512,0.01006309999502264,0.000670173593860201,-0.00011237446932167067,0.000605074739003532,-0.00040066812041327963,-0.00040269436546352044,-8.396302867246459e-05,0.00030653152802079573,0.0004543233862268494,-3.1709449005620477e-06,-0.00011430044616835733
0,uptrend_momentum,plugin,512,15,512,0.01068690000101924,-0.0002901481473528508,7.94041023466091e-05,0.0014721956703166589,-0.0008268305570592839,-0.0003551000949141057,0.0008979905611398865,0.0005348356102398286,-0.0008739199210744496,-1.824137216014229e-05,-0.00012249713599324596
0,uptrend_momentum,plugin,512,16,512,0.011038199998438358,0.0013430871080209901,0.00047724122898660436,0.0020122484211625128,-0.0016338882435507635,-0.00013759727145314603,0.0010156739074091653,-9.744877437866924e-05,0.0008339544376358051,-2.6453937820703747e-05,0.0002930728571188556
0,uptrend_momentum,plugin,512,17,512,0.010258900001645088,0.0011575829299612427,0.00030435909795904125,0.0013471861085338945,-0.000783440436750926,-0.0004505821924109024,0.00017987893470976227,0.00040582036424310534,-0.0001645263295545002,-8.688782750286995e-06,0.0001780980206311641
0,uptrend_momentum,plugin,512,18,512,0.01062899999669753,0.0009055405900301757,-5.542345296972324e-05,0.0007111563303033714,-0.0003469688866076684,0.0003489747566150577,0.000662439431978445,-0.00023990446986120632,-9.117172878001288e-05,-1.6736656793927283e-05,1.982577144562177e-05
0,uptrend_momentum,plugin,512,19,512,0.011154099978739396,0.0006210618615133234,0.0001484149350331522,0.000489944313755363,-0.0004122053912211016,-8.37831240081765e-05,0.0004072227756258927,1.747032961631056e-06,-0.00014824110027684343,8.848290102464203e-07,0.00011120819729656104
0,uptrend_momentum,plugin,512,20,512,0.010136100027011707,0.0003104585853646551,3.4735959394691186e-05,0.0003408000428889706,0.0001739366011735785,-0.0001712057516274372,-0.00025388288035330884,-0.00047064946402418595,0.0006459799082509429,1.402184564971714e-06,0.00011299236285848462
0,uptrend_momentum,plugin,512,21,512,0.010907799995038658,0.0010306594353970224,-0.00011351812838427801,0.0010325942674851598,-0.0004807511911922257,-0.0003988026239368641,-0.00011745007987366966,6.637574823358703e-05,0.0003127159606677835,1.3638450509287334e-06,1.997731901529309e-05
0,uptrend_momentum,plugin,512,22,512,0.00986289998400025,3.649943971956115e-05,-5.487392101017974e-05,0.0006367560307942409,-0.00028855771655457674,0.00027252316947675597,0.0005731479484440156,-0.00046523964360664454,0.0001213908910036969,-5.245637197309349e-06,-1.7386487433003715e-05
0,uptrend_momentum,plugin,512,23,512,0.012012299994239584,0.0004638129568570797,0.00024189092673825805,0.00024801110432825455,0.00030712656964194696,0.00045116677315749064,0.00045202441342745723,-0.0007433821293504416,0.0004445209806034781,-1.746822378591146e-05,-5.852532770613932e-05
0,uptrend_momentum,plugin,512,24,512,0.010403499996755272,5.961175411228328e-05,-0.00011446755342059822,0.0005575378764800535,-9.617656503150934e-05,-0.0003494359836196074,0.0003517736839910281,0.00012771857620291036,-3.633829975704374e-05,-2.2370802689918803e-05,-2.9542741540782215e-05
0,uptrend_momentum,plugin,512,25,512,0.011146400007419288,0.0007533362284095033,-1.1295483029805493e-05,0.0009723957283341054,-0.0008231576155566281,-0.00010104681691349488,0.00046499591803130354,0.0005319109326506221,7.358266062953429e-07,-1.5589493688415584e-05,0.00020912532812282736
0,uptrend_momentum,plugin,512,26,512,0.010620499990181997,0.0003414905869885833,0.0003161164345568272,0.0011886218831730375,-0.0011601667540856047,-0.0005260617889163876,-0.00019431338966336957,0.0005862229633544061,-0.0004489222753203008,-2.5651795505349082e-05,4.764354000659947e-05
0,uptrend_momentum,plugin,512,27,512,0.01103929997771047,-0.0007546601522065006,-5.6660125904061844e-05,0.0011484658776467638,-0.00015090505783621808,-0.00044164243819038926,0.0003636328874684082,8.798298629070968e-05,2.8815703606705144e-05,3.276248299497098e-06,6.583099141880482e-07
0,uptrend_momentum,plugin,512,28,512,0.010232500004349276,0.0012051744345104554,2.8010858795918536e-05,0.001953218083850287,-0.000864675854872228,-0.0007659818710939279,0.0007184360377980903,0.00038361195426602797,0.000138641662015512,2.7305411678941825e-05,0.00020947688055167617
0,uptrend_momentum,plugin,512,29,512,0.010695900011342019,-0.00015626653699723142,3.165030228931012e-05,0.0006247734234243773,5.60306894261713e-05,-0.0005121988845663273,3.513913805351426e-05,9.945432738019461e-05,-0.0003617003646240761,9.92915929839854e-06,6.543820851305481e-05
0,uptrend_momentum,plugin,512,30,512,0.010936999984551221,0.00039958767514412525,0.0002474564904625052,0.0009940790925419987,-0.0013176339175944237,-0.0003913441003048256,0.000560685047223519,0.0005027676335793244,-0.00040657777293654683,-5.927950617784218e-06,9.314000928517614e-05
0,uptrend_momentum,plugin,512,31,512,0.010282000002916902,-9.506469437854908e-05,-0.00024811821784479057,0.0011973150511117522,-0.0008029971099504258,-0.00021593771062646225,0.0012409936921717341,-1.0433860735423023e-05,0.00023770339115906445,-9.250816547025033e-06,-4.546230486505364e-05
0,uptrend_momentum,plugin,512,32,512,0.011850400012917817,0.0007835638310057774,0.00014878349353771963,0.0010484173516388349,-0.0009525789510819763,-0.0001664959600375153,-0.00023216885368687075,6.949970021597325e-06,0.0002970455205472445,4.042636718757311e-06,0.0001857900835154451
0,uptrend_momentum,plugin,512,33,512,0.009915699978591874,0.001141520316515717,-0.00033608499391365326,0.000856358241344558,-0.00039369084681956985,9.30956976744205e-05,-0.00018826107517794216,-2.876966100410683e-05,-1.7514800964070776e-05,-8.518003531363143e-06,-4.315662474869147e-05
0,uptrend_momentum,plugin,512,34,512,0.010148500005016103,0.0019302056731686603,3.7871535876749256e-05,0.0008649180479792185,-0.0011579131983437663,-0.0007409170055288697,3.83111036617746e-05,0.0005031448957744296,-0.0006121928571746597,5.430256574934841e-05,6.961040392706364e-05
0,uptrend_momentum,plugin,512,35,512,0.011202599998796359,0.0007450843816038873,-0.0001723366342116484,0.0007757517402916932,-0.001231881878715367,-0.00016883349700240363,0.0001886177921063574,-6.252840453032549e-05,0.00022917331470261496,-1.2164455546517572e-05,7.800476138245846e-05
0,uptrend_momentum,plugin,512,36,512,0.011009600013494492,0.0011533684793476888,-0.00029147663210041735,0.0016043404805556455,-0.0013961632532807665,0.00017403833020958182,0.0013964103640222419,-0.0004534081856031563,-0.00017578044265303416,-1.3735543952130585e-05,-0.0001346344278226627
0,uptrend_momentum,plugin,512,37,512,0.0107727000140585,0.000467815803451292,0.000351719073219725,0.0006786695907060828,-0.00014865799723587166,-0.00014120352636284885,5.527381177667286e-05,-6.448349240355558e-05,0.0002998478495679155,-1.6274015838558465e-06,-5.240237696445307e-05
0,uptrend_momentum,plugin,512,38,512,0.010647299990523607,0.0007025510136973394,8.239639592481998e-06,0.001191941747916061,-0.00034550871259921576,-0.0003867880805861428,0.0008104236700040637,0.0001702222304155643,-1.8936176501692595e-05,-5.074683695557171e-06,0.00014038919840095445
0,uptrend_momentum,plugin,512,39,512,0.01022159997955896,0.0009255718370847957,0.00033975062477796834,0.0007585328346987361,-0.0008456928369367174,-0.00018810430999439235,0.00041224898683241346,-0.00034426496976322973,0.00020366327279789054,3.1899795367692085e-05,2.257412710455698e-05
0,uptrend_momentum,plugin,512,40,512,0.010950299998512492,-2.0247875829876354e-05,-4.930200961284858e-05,0.0012560650973755976,-0.0006487488300220209,-0.0003824664547536424,0.00037531133274431547,0.0003613844693098075,-0.00012921819867806189,-4.332253289344807e-06,-0.0001470950379272032
0,uptrend_momentum,plugin,512,41,512,0.010477700008777902,-0.00015464755784976825,0.0001492132605170629,0.0005392218024597271,-0.0004398836715801182,-0.00020372504524577613,0.00037161826799710144,-2.1509660810982004e-05,-0.00016116792205290363,-6.473705730314342e-06,-3.7568926360592954e-05
0,uptrend_momentum,plugin,512,42,512,0.010992299998179078,-6.114934793370713e-05,-7.022765126220642e-06,0.0010957744051265223,-0.00029115044866725786,0.00021606233793202093,0.0005349875979803739,0.00013489293101068807,-0.0001831673849934172,9.382908727165657e-06,6.907450192046389e-05
0,uptrend_momentum,plugin,512,43,512,0.010791699984110892,0.0012545250076252917,-3.063694358280069e-05,0.0010178019931733917,-0.0006825069904216063,-0.0007438050212419388,0.00037341316338121314,0.0002017329593808913,7.285787279153338e-05,1.2724056370451894e-05,0.00016328819590136204
0,uptrend_momentum,plugin,512,44,512,0.010733200004324317,-0.0002685230949618245,-0.0002025174369483941,0.002289609441502393,-0.0007818735462507317,-0.000995571002862715,0.0007541897141526827,4.346823474379462e-05,0.0003769611790899194,-2.904524029780243e-06,-2.932013374837837e-06
0,uptrend_momentum,plugin,512,45,512,0.012392499978886917,0.00043041825599659454,4.146972672484694e-05,0.0010958301193133922,-0.0006019944110088939,0.0001402411139433569,-0.00026026727786995367,-9.581898276661997e-05,-0.00011952494232448335,1.0906415194218314e-05,-1.4296792501276773e-05
0,uptrend_momentum,plugin,512,46,512,0.010034999984782189,0.000952545475749973,9.061351714129933e-05,0.0006915529488787834,-0.00020405007728552276,0.000664733885120018,0.0010367769605623613,-0.0003502441743604868,0.00013884971608718553,9.819523429403354e-06,5.1483586805750755e-05
0,uptrend_momentum,plugin,512,47,512,0.011072699999203905,0.0010985120428656204,0.00010875266164211428,0.0012905641211195952,-0.0004315416430086207,-0.00015753653131340552,0.0001753239239501785,-0.00018796425633857923,-0.00045215331141387814,3.4073031842952508e-06,0.00010907309102786194
0,uptrend_momentum,plugin,512,48,512,0.009897999989334494,-0.0002486610718382462,0.00018984584766266481,0.0007869854683252494,-0.001058914519957581,-0.0002856654809003173,0.00012731322891771743,-0.00017817749700238118,0.00018900720657814707,-3.77546995511213e-06,2.949531399181623e-05
0,uptrend_momentum,plugin,512,49,512,0.009421099995961413,0.0005280843340025656,1.1091575274093284e-05,0.0008608318855832516,-0.0006798731956178588,-0.00010039213485233095,0.0004177870011235338,2.4917701852488534e-05,-6.46169170096896e-05,-1.597627431443878e-05,0.00011820235959987175
0,uptrend_momentum,plugin,512,50,512,0.010731900023529306,-3.332727847170863e-05,-0.00015838180012341506,0.0006174864768205712,-0.00015168090609641286,4.082329389789894e-05,-3.575419101505206e-05,-0.0002246257845639834,0.00016323661523762626,7.822804192894574e-06,4.915136010374137e-05
0,uptrend_momentum,plugin,512,51,512,0.010168000007979572,0.0006391008229279977,-2.833124404317799e-06,0.0009955594591064705,-0.0007211775618160049,-0.00041335871438943645,0.00021712913881838394,0.0002492353028771033,0.00014626184360608466,-8.59609901717342e-06,1.7168795999111205e-05
0,uptrend_momentum,plugin,512,52,512,0.009212000004481524,-0.0004936643307547558,-0.0001145213546620333,0.00040972453858684286,-0.00030942292796112424,-0.0006161170140395571,-1.4886376336636099e-05,0.0004799929701755377,-0.00031679093243338106,4.111450737755244e-07,9.859752728405562e-07
0,uptrend_momentum,plugin,512,53,512,0.009206200018525124,-1.416967941872658e-05,6.014797462206386e-05,0.00040306370670158993,-0.0004930931556535421,0.00010771700356158546,-3.92450782759584e-05,0.00036050575774469626,-0.00022847686740388873,-1.1457707220142438e-05,1.2360529178484656e-05
0,uptrend_momentum,plugin,512,54,512,0.009567600005539134,0.0007182459433617868,-0.00011443562565648228,0.00024370101714572243,0.0005270741984414187,0.00026058280681614756,0.00022387827930289277,-0.0008524280228258513,0.0010229663770811065,1.419426481843672e-06,9.016584085895061e-05
0,uptrend_momentum,plugin,512,55,512,0.010785499995108694,-0.0006684508940667832,4.611299704148423e-05,0.0017203075095742052,-0.0009137967047438439,-0.0005148253327016932,0.0007014669400766384,0.00035537070576295994,-0.00030325632728838103,4.092839798538829e-05,5.8341448460779135e-05
0,uptrend_momentum,plugin,512,56,512,0.010299199988367036,0.0010555646633049359,7.560555140506061e-05,0.0004580604404408072,-0.00038238207272005433,-2.6980772376975045e-06,0.00026614243598452715,1.5243989523183112e-05,-0.00011527333286518491,-1.9068168477324789e-06,5.067495440674115e-05
0,uptrend_momentum,plugin,512,57,512,0.009492300014244393,-0.0002676210828190717,6.836984028126782e-05,0.0010288150208946389,-0.0007524642250941756,-0.00033157553354463086,0.0004275412419670192,0.00018177895943078098,0.00027100920370565896,-1.5243856430294406e-06,4.11406217072908e-05
0,uptrend_momentum,plugin,512,58,512,0.01102320000063628,-0.000429733712757425,-4.89430213979932e-06,0.00023767465693639135,-0.00037367929869390335,-0.00019748933906175303,0.0001598236877136208,-1.3543595488428484e-05,-2.3587288500166105e-05,1.5703562916010055e-05,-2.0557499343562176e-05
0,uptrend_momentum,plugin,512,59,512,0.010953199991490692,0.001304762914685439,5.195709568643548e-05,0.0005178516443257184,-9.696584513745877e-05,0.0004960382066508788,0.0007267493918445644,-1.8087257841178108e-05,-0.0006035377562492087,-8.827716286634363e-07,0.00012525097752015023
0,uptrend_momentum,multilevel,512,0,497,0.016283199976896867,0.008661455323524709,0.0001685661940588783,-0.0002835512448535073,0.007916128517031691,0.005619231243929236,0.011676175978749296,-0.0060125745474663515,0.007330395374185344,-8.134548157178911e-05,-0.0013786800327893806
0,uptrend_momentum,multilevel,512,1,497,0.016889099992113188,-0.0028922015163103474,-0.0037696722018684013,0.0020102917440886995,-7.192004302788065e-05,0.004383204914043029,-0.004470965155794567,0.002723263932959854,-0.007298730566318323,-0.00023779927648316873,-0.0026265143610808713
0,uptrend_momentum,multilevel,512,2,561,0.01950230001239106,0.011150864046497318,-0.005720567236220369,-0.005652893296459752,-0.004683687667049126,-0.003186709301899282,-0.005226996488186882,-7.131292264731787e-05,-0.0056319294132355655,0.00021440447206448566,-0.00025329479031408543
0,uptrend_momentum,multilevel,512,3,437,0.014652500016381964,0.02085868399318584,-0.0026504840289737403,0.013542704322039216,-0.011590366801043125,-0.00470307356480254,0.011534914486834445,-0.0010224386725957446,0.00043869162166219173,-0.0002904422110356021,0.0034940846091567257
0,uptrend_momentum,multilevel,512,4,655,0.02071879999130033,0.01411756177649798,-0.0005695411638749865,-0.00015081354354284116,0.005097524456551491,0.0016476396081781606,0.009604668144151248,-0.00831065977478574,-0.002589615613664239,0.00026770428543383657,-0.00010873301663133386
0,uptrend_momentum,multilevel,512,5,503,0.017532900004880503,-0.0015576015959236755,-0.0012032609558454718,-0.003391522758383973,-0.007813307722280102,-0.007710182126035315,-0.006759488642955381,0.010654038721531844,-0.0077679242946694475,-0.00020320446530913965,-0.0018971243903457304
0,uptrend_momentum,multilevel,512,6,473,0.01334779997705482,0.021862662510739112,0.002706685412151195,0.0009383206357534528,0.0055158724979451285,-0.001976233033857406,0.003042114769459467,-0.0004959400986190776,-0.0029047785816649595,-0.00027510822253430656,0.001535498900678081
0,uptrend_momentum,multilevel,512,7,467,0.01583990000654012,-0.007020625416551874,0.0006913251013144173,-0.0017640925430496847,0.0013201586892180417,0.0020421520798335844,-0.004365447225273422,0.005679493536121926,0.0036113204339252407,-0.00046190439529840264,0.001162604840364312
0,uptrend_momentum,multilevel,512,8,545,0.018422900000587106,0.0015673346034255197,0.0005196601609087459,0.00919955027511029,-0.017747770522658145,-0.008191713051967553,-0.0006668595833373393,-0.0012674828613203448,0.002588328535933369,6.01196403674953e-05,0.0009080643412015821
0,uptrend_momentum,multilevel,512,9,601,0.020264699996914715,0.028072682123531936,0.002439444212521765,-0.00540067000160371,-0.005575175601470415,0.00572777336628504,0.007174123340757873,-0.0044526393519181105,-0.006521223002739816,-0.0003652612313732857,0.0027947194089171863
0,uptrend_momentum,multilevel,512,10,477,0.016144499997608364,-0.022269782326196957,0.0014101304541103362,0.001459663079755257,0.0011357168636323388,0.0017538251365730696,-0.002344197545119068,-0.006014616767894079,-0.0003583181096548037,-0.00011642355453084409,-0.0010878126350944213
0,uptrend_momentum,multilevel,512,11,523,0.01752600001054816,-0.005796224838679961,-0.004296747363087507,0.00024649594916953616,0.011322217493458431,-0.0038546516656691823,-0.0026966940387575513,0.0004618787701836822,0.00285836198713763,0.0004765690437805284,-0.0006418270904288083
0,uptrend_momentum,multilevel,512,12,553,0.016694199992343783,-0.01463956198637727,0.006704127401998841,-0.005078237836530894,0.005588179290323722,0.009347624924061852,-0.0002842229147071118,-0.014866089289306092,0.015919767582286186,4.4819798029824425e-05,0.001277625789255436
0,uptrend_momentum,multilevel,512,13,511,0.016877799993380904,0.012638512715758913,8.323187096595611e-05,-0.003337865601899397,0.006621887295182339,0.01094928290889883,0.011634688708969797,-0.012440645292395427,-0.0013316912334736634,0.00015562740420457146,0.00036987130274071257
0,uptrend_momentum,multilevel,512,14,479,0.014719099999638274,0.012092722929367482,0.0009968515476711526,0.014535245556553653,-0.01725255320129071,-0.0033717629643026047,0.0006936129200395265,-0.0004949374356631152,0.009214217693821523,0.00020605669463986083,-0.0005789168424041613
0,uptrend_momentum,multilevel,512,15,597,0.018300399999134243,-0.004180292102185752,-0.0002553425088661086,-0.005805580309885803,0.0016668682524003118,-0.012008688074422597,-0.00998580590307466,0.0068351825616997965,-0.005472948176837955,-0.00048056649077140147,0.0006947474034943381
0,uptrend_momentum,multilevel,512,16,503,0.01666650001425296,0.020478136729800277,-0.0044782369965266295,0.015376700642401158,-0.012724501152081603,0.004415543902627124,0.002363583354057707,-0.00597156155850826,0.0014783951401720885,-0.000366797594381355,-1.6830867097926033e-05
0,uptrend_momentum,multilevel,512,17,647,0.020900200004689395,-0.014640807733891016,0.008300405762024425,0.00893941963367409,-0.00394843591616106,-0.008834764186665687,0.011188559568337943,0.0049979480670391775,-0.0012593547305423582,0.0003705435369208743,-0.0011831869405773481
0,uptrend_momentum,multilevel,512,18,539,0.01581739998073317,0.01706909720341435,-0.002741743014956958,0.016153989262571382,-0.01440734358793427,-0.0027857266796661425,0.013732897277835783,-0.001987241486514855,0.00512250131172106,0.0005157678472530327,-0.00047662796046026246
0,uptrend_momentum,multilevel,512,19,533,0.017834500002209097,0.0024791786333387697,0.010958438851187576,0.020332630386211883,-0.014872265512962517,0.0015903788086731718,0.004441349384848324,-0.009710923885575564,-0.0018882713401522906,0.00011940974522923483,0.004035085196231736
0,uptrend_momentum,multilevel,512,20,517,0.01587860001018271,-0.00012581580748329782,0.007287149920721835,0.004381998091617593,-0.0051504986304733635,-0.012818670748306423,0.00186777137153116,0.0054685211708926,-0.004931875711597194,-0.0002554508636166148,-0.001301667567394844
0,uptrend_momentum,multilevel,512,21,487,0.01723269998910837,-0.0030810970984109062,-0.0008333001703784725,0.0013310594647695895,-0.005385558834697552,-0.006620081869961532,0.0014449257416421625,0.005716142915374305,-0.006815763758470518,-0.000499543458778697,-0.0023996443964504786
0,uptrend_momentum,multilevel,512,22,545,0.015775500010931864,-0.008882746998744688,-0.0009336557124281417,0.0023644371194128594,-0.004391058677370187,-0.010765179690268923,-0.008061349332686494,0.009257012404348702,-0.007627816275309358,0.00019670989227250885,0.0001405079349036732
0,uptrend_momentum,multilevel,512,23,455,0.013723400013986975,0.0031532544112962755,0.0016355706737218947,-0.00016474808120306268,-0.0013471671952217388,-0.008743353174462993,-0.0009614544917000187,0.010808359725400243,-0.011059792582408648,4.070030640390362e-05,0.0010114728598863633
0,uptrend_momentum,multilevel,512,24,475,0.015186300006462261,0.005140030216540274,0.0009158185744833901,0.0012596546478735365,0.0014669516276982933,-0.011597617874078446,0.0011178923260347895,0.008264508702147698,-0.0003145826926304642,-5.375863130864911e-05,-0.003757962067386982
0,uptrend_momentum,multilevel,512,25,623,0.020418600004632026,-0.0009619675063539033,-0.00040492268310105635,0.004011762616459116,-0.005026697088222264,-0.003844372534275925,0.001842123704774165,-0.00026606964831686495,0.010775881988678921,0.0002696389843363456,0.0021922521200518374
0,uptrend_momentum,multilevel,512,26,423,0.01299670001026243,-0.010242304392967855,-0.003174574118584848,0.009771631504198746,-0.01296671810631399,-0.006242990111846476,9.830134545748257e-05,0.007316392055461978,-0.004046426664439478,-0.0001135205879316006,0.0021707046385866084
0,uptrend_momentum,multilevel,512,27,541,0.016842000011820346,-0.01715898888407044,4.3907594339690105e-05,0.01521809625991113,-0.004784684743588036,-0.0037615621854311717,0.005988058147506595,0.0027376534827074387,-0.0005919389433118258,0.0001556957364385444,5.888335811225254e-05
0,uptrend_momentum,multilevel,512,28,533,0.01759689999744296,-0.004037944522813837,0.0022405785443303907,-0.005108670174286298,0.0009388610632245915,0.00707019393760478,0.004196248052770032,-0.006959400592302968,0.004195395760756863,0.0001432465046669457,0.0030414158987381677
0,uptrend_momentum,multilevel,512,29,559,0.018142700020689517,0.016381283226448145,0.0009676476445438043,-0.0024689259285721457,0.002389105800849127,0.008653379500032154,0.0068966948996233264,-0.009340117383426183,0.0016576549859619084,-2.0909976116126444e-05,-0.00011988590091339266
0,uptrend_momentum,multilevel,512,30,477,0.015034900017781183,-0.00842201825049828,-0.004166410563705981,-0.0041746647844471884,0.002308752053494481,0.011004233572672752,0.004933196872919532,-0.00838379539278634,0.004705879998987654,-0.0002797085603678391,0.0006879621125199032
0,uptrend_momentum,multilevel,512,31,469,0.01613320002797991,0.013982152164531346,0.0056868058596319555,-0.01309972924738052,-0.00023203431328551168,0.008567362081677575,-0.0015546356861959542,-0.001917813700250756,0.00526857347806158,0.00014869246830969145,0.0009258302556181517
0,uptrend_momentum,multilevel,512,32,555,0.018833200010703877,0.0032550344905641947,0.004734269003077181,0.0007202300040262202,-0.0018408529599766032,0.0012071170555570095,-0.001637616293102586,0.007413612256336689,-0.011562451892231053,-5.2526651880551206e-05,0.0022181754331498105
0,uptrend_momentum,multilevel,512,33,529,0.018216900003608316,0.008355382566013444,-0.0014337102093034885,-9.104770652918653e-05,-0.00013210564782400696,-0.003743255520097132,0.0039169567275102605,0.001311450705631102,-0.0042462652461651585,9.115646252223731e-05,-0.000480360980331696
0,uptrend_momentum,multilevel,512,34,569,0.016438799997558817,0.005845757450486719,0.0034440053577246246,-0.028164832140439546,0.019778619257321287,0.029996766880175267,0.019180993765497662,-0.029953266194456495,-0.0008347962852351321,-0.00015113012238343092,0.0039937946830607704
0,uptrend_momentum,multilevel,512,35,433,0.013268999988213181,-0.010677519314715039,-0.0001737043750514762,0.007511463229336838,-0.0044712518610539684,-0.008920601690970625,0.0020887361200509595,0.010767553179741571,-0.007399183616111515,0.0005057775010448183,-0.0009900027420168532
0,uptrend_momentum,multilevel,512,36,627,0.01982529999804683,0.012448553248380614,-0.0014160722889531945,0.004827534155016492,0.008622234871671528,-0.004263645222667755,0.002023608933627961,0.0012050578262860143,0.001644425381150536,0.00022183470957308,0.00034359270191218873
0,uptrend_momentum,multilevel,512,37,541,0.01735720000579022,0.006321513470628156,0.005471417762445384,0.00338382452178869,0.0023704127178145458,-0.011866888683572123,-0.0007696997583101656,0.004989518020876434,-0.003980235529258238,-0.0002587975303911234,0.0008025684314955812
0,uptrend_momentum,multilevel,512,38,731,0.021179900009883568,-0.009151460067526785,-0.0008316623580135515,-0.010606758901696534,0.021144482500557883,0.005649877611412696,0.001520901051257976,-0.004755579258837325,-0.004390803352189319,-0.0001606885033299962,0.0013830033090488395
0,uptrend_momentum,multilevel,512,39,459,0.015122300013899803,0.028841866194643358,0.0006943239897766579,0.0017379302515017686,0.007226048609782564,0.0024626199756273637,0.005855240481478171,-0.006692289202983915,0.011638072200789802,-0.0005308709672725262,0.0002460975243134058
0,uptrend_momentum,multilevel,512,40,477,0.015375799994217232,-0.00700840294784959,-0.004683742650314362,-0.001008829020565427,0.007269750174692862,0.00748445969780672,-0.0010529598734400293,-0.009825068319146708,0.008377111880541846,0.0004833150218002545,0.0001596447858344227
0,uptrend_momentum,multilevel,512,41,545,0.018531399982748553,0.0046290791738111325,-0.0014811832556026927,-0.0049827762809921735,0.006261811454892217,0.006085944120735952,0.010306085379357266,-0.010241416927892348,0.014603465724444263,8.051661658198965e-05,-0.0014699284325242958
0,uptrend_momentum,multilevel,512,42,475,0.015499900007853284,0.006915703218149989,0.003598193850105314,-0.00470911967579991,-0.002604186528408174,-0.006177555288557583,-0.0021742344525816307,0.00039322055635263373,0.00027552616867716523,-0.00043581558216965644,0.0024965537711897656
0,uptrend_momentum,multilevel,512,43,543,0.017003300017677248,-0.0006321765851615161,0.003675892062381645,0.00012578496318213148,0.004235753943265107,-0.004854853715297072,-0.0003760223005050104,0.0006484053883549075,0.0068857352770706984,0.0003852346334631202,0.0006865668681707238
0,uptrend_momentum,multilevel,512,44,551,0.01583240000763908,0.014117685660885521,0.0024774090036830732,0.005503904807503618,-0.0072980055983788965,0.0039602279180792265,0.004635308373839772,0.0020477273730886243,-0.0018769642595805635,-4.141242728412434e-05,-0.00034400342489269173
0,uptrend_momentum,multilevel,512,45,511,0.015512000012677163,0.004442114476046886,-0.0025520991359991776,0.0020827036473989704,-0.013528488461134896,-0.008442150028674135,-0.006956449604205717,0.008681559493039608,-0.006783772287325343,-7.188029866438006e-05,-0.0005015929510406106
0,uptrend_momentum,multilevel,512,46,487,0.014553400018485263,0.009462553241509701,-0.0038517596365266757,-0.011106853250976137,0.016342863101915812,0.013007403257646506,-0.004525775920789781,-0.007944636749949427,0.009412208885899144,0.00018737365322983343,0.0010926370596829858
0,uptrend_momentum,multilevel,512,47,425,0.013564599998062477,-0.008965376023937783,-0.0037583415898208915,-0.003297051121249381,-0.0049217274617032415,0.0007675241899456175,0.0006484219273515482,0.00047971977220268095,0.005382781817434656,-5.024007153247391e-05,0.0003720582696495114
0,uptrend_momentum,multilevel,512,48,467,0.016031999984988943,-0.016849625069227176,-0.0007861194998726585,-0.002826669978798385,0.0022659889565567744,-0.010991738637905845,-0.00475507401075673,0.010718494061885356,-0.009200346825185047,0.00019410896114118494,-0.002357077191621168
0,uptrend_momentum,multilevel,512,49,499,0.01695079999626614,-0.002042659362066137,0.0014413968479435083,0.0030489209381929557,-0.0031700015026327587,0.0011179374034374402,0.0048201543994380435,-0.0058688680080045234,0.008271392923059272,-6.608819725103741e-05,0.0004104430592920322
0,uptrend_momentum,multilevel,512,50,511,0.017161799973109737,-0.0034048892842548214,-0.006508267910867599,0.009678674995861744,-0.009193990973208646,0.003851363470064218,0.021559054962111395,-0.006129458005565436,0.0022598294997400177,-0.0005089257705663806,-0.0009580144355552433
0,uptrend_momentum,multilevel,512,51,495,0.014551899977959692,0.02710714850649503,-0.000447239305883697,0.0004962233665088964,0.008922562776584507,0.0005975946504920292,-0.006492362284413146,-0.006910580603019603,-0.002758762706807708,0.0002130534009895218,-1.1072288223535123e-06
0,uptrend_momentum,multilevel,512,52,467,0.01546200001030229,0.015146119330036983,-0.002633969499412515,0.0015075090124148976,0.0015897713012571091,-0.006318544003665885,-0.01173117986845789,-0.001032881349611132,0.024450754362433488,-0.00026125195146772015,-0.001191971679103382
0,uptrend_momentum,multilevel,512,53,523,0.017034299991792068,-0.01105538729253773,-0.005598121564871751,-0.007390149384812151,0.023476757647116073,-0.00551339312561946,-0.006339714593806086,9.110059541359625e-05,-0.0051868876060895295,-0.00047115040943682547,-0.0005426315360697572
0,uptrend_momentum,multilevel,512,54,493,0.014331100013805553,-5.972646732947012e-05,0.0007723216513248295,0.008325945235660846,-0.001163978767654831,-0.008230590639945655,-0.0025241120960290023,0.006979341806295315,-0.0036060154883445325,-0.0002819666757950358,0.00020651286746440055
0,uptrend_momentum,multilevel,512,55,425,0.012911600002553314,0.008924651726253821,0.003658250263346104,0.0009468038128342153,0.0042554963710416975,0.0002229287552477429,0.00535159882058583,0.0008744456322884587,-0.006107197456818376,-6.927165528946751e-05,0.002709637807247756
0,uptrend_momentum,multilevel,512,56,599,0.018437899998389184,0.010713769762811194,0.0034838981704251337,0.006944095986985121,-0.0022169571796037788,-0.005453411919512678,-0.004085246895632714,0.004872031007992751,0.002548594532486765,1.4638769555009097e-05,-2.4609376971008474e-05
0,uptrend_momentum,multilevel,512,57,525,0.015852300013648346,-0.0006812151593405625,0.002564165091560551,0.0027890262681936656,0.002121924709479254,-0.0073599275856529815,-0.001297873002188715,-0.004855865789857203,0.010442897643487778,7.302316313866066e-05,0.0011033119179959924
0,uptrend_momentum,multilevel,512,58,663,0.021263100003125146,-0.008720062619302565,-0.0012304567658117617,0.005332490765463779,-0.0037709412380721374,-0.00967928926380768,-0.010410810284213609,0.007700886433761229,0.0012459758935866514,0.0003536943864778372,-0.0006338400066455094
0,uptrend_momentum,multilevel,512,59,571,0.01669789999141358,-0.006483545007476309,-0.004875960868334034,0.00218645673094647,-0.000710788151240853,-0.005304053356342765,0.001480037193675132,0.00887351377063898,0.005051874817899864,-0.0001986184509632153,-0.0024690263269897886
0,uptrend_momentum,multilevel_outer,512,0,496,0.017343299987260252,-0.008449158214047653,-0.001708631456132766,-0.003469717741131182,0.005143949580607484,0.0009855031851725435,-0.00519750711501642,-0.0032716057647756837,0.005732859887611879,0.00018311881163679864,-0.0008807998016223505
0,uptrend_momentum,multilevel_outer,512,1,480,0.016639300010865554,-0.005087162864804837,-0.003924790406671241,0.0003119939298728787,-0.000877201631882851,0.0010083358720102,-0.0014545142063223891,-0.0005215669947035925,-0.0002525004536857656,-3.071115534633282e-06,-0.0010562254671914908
0,uptrend_momentum,multilevel_outer,512,2,484,0.013931800000136718,0.005658506556753383,-0.0009460770660092948,0.001061474659407892,0.0023308218557287932,4.540897977469597e-06,0.0026010926878796054,-0.002624325520594968,0.001462305098723428,-1.0676299710181412e-05,-0.001265176023594858
0,uptrend_momentum,multilevel_outer,512,3,532,0.02794890000950545,0.0038529435658642857,-0.0003693792021535487,-0.0020439688149775704,0.0030570022543837945,0.0012527835545485554,-0.0032876578210407708,0.002124879323457372,-0.000873365915297094,-0.0002197696428908275,0.00014989525792972528
0,uptrend_momentum,multilevel_outer,512,4,544,0.028678899980150163,0.0028920959581225703,0.00047292149276691246,0.0035350884751974235,0.0019979372565559705,-0.0007714814055596657,0.009385379039224739,-0.00254497663723303,-0.0019944290241904346,0.00010652514241110929,-0.0007965359435865436
0,uptrend_momentum,multilevel_outer,512,5,514,0.018151900003431365,0.004821566053336576,0.0015807716537694775,0.0016607963348737446,-0.0033150039990170583,-0.0016174991112992711,-0.0009950645877957092,-0.0013164957228675145,-0.001106043482828574,-2.843246380328059e-06,-0.0003922128260923803
0,uptrend_momentum,multilevel_outer,512,6,496,0.017604900000151247,-0.0005112589835853778,0.005985762737508094,-0.0081078240848855,0.008241914243973645,0.011115684670068382,-0.004192465565350804,-0.01131092879095017,-0.0001674932416889477,-0.00013098383558340053,0.0021294862815461153
0,uptrend_momentum,multilevel_outer,512,7,524,0.019479200011119246,0.007398945417942703,-0.001379227397621721,0.007512819013370805,-0.0021215214714210024,-0.0016055383106948094,0.001091900840948509,-0.001237467608426516,-0.0064049057434019665,-0.00010324918055105818,0.0010356665893299939
0,uptrend_momentum,multilevel_outer,512,8,496,0.01568249997217208,0.003266973794624523,0.0008291810231578647,-0.0002486299335646356,0.002761878158699611,-0.00042730408230160345,-0.0032082679512488274,0.0029489388448609324,0.0028106888096312856,-7.928364682333157e-05,-0.0003389844596312423
0,uptrend_momentum,multilevel_outer,512,9,538,0.019083699997281656,0.004299375788650152,-0.004498592092949619,0.0038151831101337274,-0.005415631472187676,-0.0018266686094711101,-0.00044854379447403054,0.006610492417116347,-0.005351394231944121,-0.00023108899772545597,-0.0009344376937617985
0,uptrend_momentum,multilevel_outer,512,10,462,0.015164899989031255,7.460115156756218e-05,0.0010911158060802528,0.004518663058794098,0.0013541808506950409,0.00038160064728360595,-0.0013217121254686637,0.0017096622081049328,-0.0014014793274993184,-2.315015336133043e-05,0.0006860848295958134
0,uptrend_momentum,multilevel_outer,512,11,524,0.022402800008421764,0.008147069099658705,-0.0017384502296412514,-0.0027020132008506318,5.3736609595097255e-05,0.0003960795731258476,0.0028178885497103074,-0.001105713512262854,-0.0004106807143959453,0.00015435372531131443,-0.00011691205980419725
0,uptrend_momentum,multilevel_outer,512,12,496,0.01667819998692721,0.0038472222687249793,0.00026549040469050594,0.0046047561206255284,-0.0002590562489241339,0.0017497955994413986,0.0051003396349910855,-0.0026006526168089648,0.002117303727479496,-9.416799018120344e-05,-0.0001790496990379169
0,uptrend_momentum,multilevel_outer,512,13,484,0.020094700012123212,-0.005418809798700666,-0.0003890295564925672,0.0005400709264416358,-0.0014938214605474496,0.0012459912378073436,0.006908598369243074,0.0011027485116629648,0.0017809682297044668,-2.4714479056209314e-05,-0.0006206779236691474
0,uptrend_momentum,multilevel_outer,512,14,474,0.014528200001223013,0.0038578804227605754,-0.00023870361122441846,0.002075203685649143,-0.004199260354033432,-0.0021439586571963625,-7.574901609930175e-05,0.0008813932634949539,-0.0005570269346307242,4.147245964105043e-05,-0.0007964380021377372
0,uptrend_momentum,multilevel_outer,512,15,546,0.018923700001323596,0.0017405892206356648,-0.003552394498396542,-0.0007559952413601276,0.00693446155707082,0.006820519947618508,0.005740740255287153,-0.008682943231188645,0.0033551054997211227,-3.936048602694286e-05,-0.0011753089259080058
0,uptrend_momentum,multilevel_outer,512,16,552,0.01992160000372678,-0.005575816602039745,0.0017020439702910342,-0.0004408368307229736,-0.0040371410191270135,0.0032349888234401145,0.00293562174739496,-0.004046008422760023,0.0019429259229512962,9.646643131481972e-05,-5.586920379843684e-05
0,uptrend_momentum,multilevel_outer,512,17,486,0.01571999999578111,0.007896750040141147,0.00020368919530188746,-0.002960281426647824,0.0034887390173633883,0.0023726658559505716,0.001315731957411885,-6.721828653208295e-05,-0.0021242189615425944,0.00018179322348963657,-0.0006164434684976301
0,uptrend_momentum,multilevel_outer,512,18,496,0.017388799984473735,0.006850621466332251,-0.001077188817212648,-0.0001985570372480281,-0.001789060087032001,-0.002958744667058841,-0.001302654858832148,0.0020031695889601783,0.0023721501976259854,-0.00012768014760235257,-0.00047493670041840705
0,uptrend_momentum,multilevel_outer,512,19,546,0.020772499992744997,-0.0019329105912773566,0.003360527096188554,-0.00402120069516379,0.0017148199200151596,-0.00047218210463932685,-0.0034119603196809973,0.00098951204347915,-0.0008186657310621452,-6.113423391352862e-05,0.0003775925256971252
0,uptrend_momentum,multilevel_outer,512,20,494,0.017682600009720773,-0.0018748064078182936,0.0003565518785272877,-9.481210732416961e-05,-0.002638027606636708,-0.0005624711331025778,-0.0018396402475871613,0.00022471740566226396,0.00041721572217103843,3.6900668538059624e-06,-0.0002521592979369238
0,uptrend_momentum,multilevel_outer,512,21,494,0.018222800019429997,-0.008509020249104923,-0.0010283044836121003,0.002482167373412208,-0.005005791316324182,-0.002409390814143587,0.0026715824054968093,0.001551681700137715,-0.0027882318724785173,1.1507841211786669e-05,-0.0004328744327063608
0,uptrend_momentum,multilevel_outer,512,22,490,0.017798799992306158,0.010019955722094537,-0.00012177081093461196,-0.0022805293270287516,8.40312530847551e-05,0.0011345205694801735,-0.0018109021976130666,-0.0030535802359885436,-0.0015722329433367176,-1.7786040455388397e-05,-0.00012178450175714282
0,uptrend_momentum,multilevel_outer,512,23,484,0.01787579999654554,-0.008466157650875723,-0.0022518425205777697,-0.006015415177740455,-6.632190094194657e-05,-0.0006848510108347661,-0.0025755768454594555,-0.0026544743861829333,0.013017926027553287,0.00015545641649936903,0.0014254873004352299
0,uptrend_momentum,multilevel_outer,512,24,518,0.02292339998530224,-0.002015225720758468,0.002029988733595442,0.00011338902414325634,-0.0022663883553480594,-0.0017459529253814852,-0.000301680882839908,0.0008170886228952082,0.003574923595659639,-0.00022220351450024544,-0.0014770072948141531
0,uptrend_momentum,multilevel_outer,512,25,504,0.018207999994046986,-0.011311272480476219,-0.0001581155385317041,0.005713869738758964,-0.004462987320245601,-0.0019166629489927574,0.0017274378279531707,0.002671537522872288,0.0012115835215817646,-5.977022553429726e-05,0.00031818459723102684
0,uptrend_momentum,multilevel_outer,512,26,526,0.019991700013633817,-0.0030956176194277497,-0.003910799262517683,0.003825289886785859,0.0035789962335205346,-0.0007827653060146298,0.005097619171868793,-0.0045565439784635555,0.003784126850047271,2.003435584529974e-05,7.8117406270384e-05
0,uptrend_momentum,multilevel_outer,512,27,514,0.021608500013826415,0.004413211522157426,-0.0008345923140625795,0.002376837891215043,-0.001214754376907734,0.0025569994628523575,0.003320770351047381,-0.00013184524880301745,-0.0003476377185801408,1.1863933362255041e-05,0.00047400353689440325
0,uptrend_momentum,multilevel_outer,512,28,520,0.020940399990649894,0.007374163528625225,0.0029011178598904973,0.00046594718252233636,0.001070069812114509,0.002504333528175248,0.0029754128391550486,-0.0014764259496300234,0.0003472170515402447,-0.00013369388944176625,0.0006111831061357945
0,uptrend_momentum,multilevel_outer,512,29,546,0.02172190000419505,-0.004595903717116415,0.00010915622101053444,-0.001856116401469758,-0.006569238754568427,0.0011316684170189688,-0.000330742237598643,-0.005138415112052223,0.004539629456028359,-0.00022036938927004775,0.0007995308682433969
0,uptrend_momentum,multilevel_outer,512,30,518,0.017227100004674867,0.013293215499251833,-0.0029246434743152765,-0.006005806804187039,0.004146269065568722,0.010746496288797236,0.002369834570238217,-0.006522374974850756,-0.0013891401178528484,0.000462288861340134,0.0005535740406700842
0,uptrend_momentum,multilevel_outer,512,31,536,0.023116700001992285,-0.005712883959707534,-0.0013543803504232638,-0.0059868849106621035,0.0030514008839541192,-0.0025143766578513463,-0.0027564335909581353,0.0033939592576304285,-0.0011520044475496146,-4.7881694370844044e-05,-0.002671966101690859
0,uptrend_momentum,multilevel_outer,512,32,488,0.017419699986930937,0.0002771829754782341,0.002278963660588042,-0.0025889285448371614,0.0008688817059694894,0.0057010029801122485,-0.0031871957683346453,-0.00749920966931239,0.0019098178759288163,-2.8088622637228362e-05,0.000233685200089818
0,uptrend_momentum,multilevel_outer,512,33,530,0.021205400000326335,-0.030190944396322413,-0.0006695854904287004,-0.007542760396977972,0.011358036033083609,0.018670856566258647,0.015425131696685785,-0.017124195492767582,0.00398641138485169,0.0001081114924718352,-0.0004934147308444028
0,uptrend_momentum,multilevel_outer,512,34,474,0.014431400020839646,0.007548090266033555,-0.00014718233070810938,0.006131308584426255,-0.00017502036608843012,-0.0048652065614103205,0.004124964769790973,-0.0008685864291337442,0.0031803921927897553,-1.6986286799583435e-08,-8.036065259847848e-05
0,uptrend_momentum,multilevel_outer,512,35,506,0.018467700021574274,0.012507218170500574,-0.0010587457572618002,0.005796515233869916,-0.0006765781832401427,-0.0016668342361615804,0.00046662196949020395,-0.005546011601536937,0.003071517744679638,-3.331900610392284e-05,0.0013255395471376665
0,uptrend_momentum,multilevel_outer,512,36,530,0.02265649999026209,0.0068089446718009325,0.0006862480357849576,0.0044648435527970265,-0.0034653396432962665,0.00838001092169789,0.008488413285268588,-0.00311104388317701,-0.0011835724387052509,1.9747612023871418e-05,0.0015986163302188037
0,uptrend_momentum,multilevel_outer,512,37,486,0.014250999985961244,0.0009639888636246433,0.0019468177557198736,0.005472895847610454,-0.0026522109524333166,-0.0014216223454442093,0.001983076043579615,0.0006981706409519287,-0.0007813377043006357,-6.474109090048241e-05,0.0011727718286370402
0,uptrend_momentum,multilevel_outer,512,38,470,0.01794650001102127,0.001283417047928119,0.002540869572891503,0.011246640492110964,-0.004648507294524883,-0.005266763964530449,0.0043144870142060214,0.001175291625019867,-0.004823499758594094,-0.0002713348529776123,5.227077712401838e-05
0,uptrend_momentum,multilevel_outer,512,39,476,0.014835399982985109,0.006189508466832193,0.0017001868925698134,-0.0011733216358570267,0.0025074796812568937,0.00872941730486654,0.003958713950297166,-0.0076658019878834294,0.003959889871662163,-8.258520512434903e-05,0.0016814579121568936
0,uptrend_momentum,multilevel_outer,512,40,486,0.018478899990441278,0.0019527497217578958,-0.0010784244237505417,-0.0039647893658705914,-1.6309361848850023e-05,0.006332095353579766,0.0065094903505489325,-0.00536250262881178,-0.0006590253593414395,-2.8040669980235806e-05,0.00031899153424788266
0,uptrend_momentum,multilevel_outer,512,41,498,0.017168100021081045,-0.01569638869096937,-0.002278188452128635,0.009558413160701114,-0.002392972414083529,-0.00466615508865293,-0.0024322067643038946,0.003027684938943985,0.0006408776805865711,-4.295703912784841e-05,-0.001262902967038883
0,uptrend_momentum,multilevel_outer,512,42,456,0.014602999988710508,-0.0004022751848786409,0.0006157333341700305,0.00013624942591697984,0.003179993030735993,0.006194850179991195,0.0021357683841174676,-0.0018968731478839894,-0.0013411438230616637,-0.00013213694838687818,0.001753108291978194
0,uptrend_momentum,multilevel_outer,512,43,468,0.01666960000875406,-0.0075811647084036956,0.0003511526486720708,0.005787746954026973,-0.0013246050789024748,-0.004063449920841467,-0.001675036059731532,0.0017698860259986577,-0.0016673489512690441,-1.8885080395415348e-05,0.0006800189086656798
0,uptrend_momentum,multilevel_outer,512,44,550,0.022419199987780303,0.0012108470560378353,0.0014435469239739073,0.00611203243409434,-0.004631218605121988,-0.0028867827737394072,-0.007131890115025131,0.003921257319283688,0.0028483421848229606,1.3036833685118275e-05,0.00040724957670293334
0,uptrend_momentum,multilevel_outer,512,45,482,0.019104499981040135,-0.005535280575225151,0.000916175168461232,0.001491623148717882,-0.0001387750623172087,-0.00036770360805444353,0.0006712038332224812,0.003328656976018011,-0.002316109185988994,0.00024769558185883984,-0.0011025335301808824
0,uptrend_momentum,multilevel_outer,512,46,598,0.025262000010116026,-0.00916851761578284,0.0008238434936204454,-0.0013774847721636802,-0.00044863962068423754,0.003742154448502311,0.00399110834206398,-0.00019051961360162472,-0.0002222171801972242,5.674005496331755e-06,4.015111482729813e-05
0,uptrend_momentum,multilevel_outer,512,47,470,0.01572590001160279,0.0056977497815931906,0.0018695927375290628,0.004526164586492695,-0.0004703474230895729,0.0011758998672539494,0.008261271754271741,-0.0023978667394634156,0.0024038348529678358,-3.2836151840225596e-05,-0.0004124966049605985
0,uptrend_momentum,multilevel_outer,512,48,514,0.017761099996278062,-0.004019878630069853,0.001758248423226122,4.3513794797257734e-05,0.0010969747631616087,0.001584548788863341,0.002750534508057845,-0.0029510561179131797,0.004055246578075079,0.00012392149212867574,0.0005008468334720097
0,uptrend_momentum,multilevel_outer,512,49,532,0.01896169999963604,-0.00024068598149696216,0.0007647643505825302,-0.0005419932989261102,0.0040583112096897475,0.005749268869105869,-0.0043189627824839144,-0.002504194689323246,0.003284964292766963,-3.307391752196878e-05,-0.0012475913583142534
0,uptrend_momentum,multilevel_outer,512,50,548,0.023209999984828755,0.0002022616965242242,0.002722844000417309,-0.0021532259801567374,0.002351606342743184,-0.004311032830322448,-0.00613313054677163,0.006823502798844826,0.001141883828374133,5.479982302076972e-05,-0.0006646100567357394
0,uptrend_momentum,multilevel_outer,512,51,506,0.018236600008094683,-0.007508588592591205,-0.0007496098672518134,0.002180173435144505,-0.0015110874703511386,-0.005937848732239652,-0.0036403944545590552,0.006251048451521703,0.0008462259734229662,-4.588756143817908e-06,0.001043206748689047
0,uptrend_momentum,multilevel_outer,512,52,512,0.021268100012093782,0.019450580924424657,-0.004937098677157772,0.001511326307452629,0.006049900814888083,0.00017861397398841655,0.003878876453825467,0.00025227803660965437,-0.005030678312075958,0.00021051220919159123,-7.466854127270705e-05
0,uptrend_momentum,multilevel_outer,512,53,518,0.01976029999786988,0.005105997288697015,0.00023497004013490807,0.0037671483737409346,-0.007474143163199152,-0.0034017604289686264,0.0016265788378358663,0.003128532321694304,-0.0018504356803937315,-0.00015656557084143698,0.0012607694263476264
0,uptrend_momentum,multilevel_outer,512,54,530,0.02207300000009127,0.0015112338330137446,-0.0022025012360799056,-0.002631744452551429,0.0015710789754028592,0.0008625599566480411,-0.00260618007225642,-0.0020902776417161435,0.002118141935598333,1.6230378444534686e-06,0.0002048562588511104
0,uptrend_momentum,multilevel_outer,512,55,504,0.01822960001300089,0.0006054456789158798,0.0005056082071124096,0.0014390664922965754,-0.000411487639467411,0.00041062060171270434,-0.0003899574675455462,-0.0004618802886788054,0.0021490225669985514,6.59637772607719e-06,-9.905190408488876e-05
0,uptrend_momentum,multilevel_outer,512,56,514,0.023161299992352724,-0.007885016879515979,-0.002281958861644944,0.005551194281924735,0.0012066920476671355,0.00325377082772529,0.0027255893330983905,-0.005773906034466565,0.00261871467404758,7.796840559626054e-05,-0.0017137120698134092
0,uptrend_momentum,multilevel_outer,512,57,522,0.01940749998902902,-0.017107798427511155,-0.005247458140088947,0.00583211682867501,-0.0016935433793068087,-0.0020130547289585066,-0.005184390847570253,0.0009868108035783465,-0.00831480923294519,4.957968117753953e-05,-0.003353627629780316
0,uptrend_momentum,multilevel_outer,512,58,496,0.017649200017331168,-0.009606285781669019,-0.0003764717597893782,0.01119164486056406,-0.0045808867938495305,-0.006479830746038518,0.0028653166599991787,0.0042919703224598765,0.004595923047122809,3.728150745748419e-05,-0.0008431352797859585
0,uptrend_momentum,multilevel_outer,512,59,554,0.01948919999995269,-0.007924386337412012,-0.0019049285865157866,0.002048505152451675,-0.001565207164540476,-0.001455464621024244,0.007235331393133695,0.0020964091125643433,-0.0025331939512702895,-3.914858209759921e-05,-0.001315957393819195
0,uptrend_momentum,split_base,512,0,548,0.022713300015311688,0.002686169889475386,0.002283597490799456,0.0005314826982076668,-0.0008056452813347924,-0.002843973383189279,0.00350538787955888,-0.0011055822857816892,-0.0014205042732998551,-9.582498395405906e-06,0.00017432055041029164
0,uptrend_momentum,split_base,512,1,492,0.018209200003184378,-0.0002131776027588397,0.0037963109335381858,-0.0047208905440921795,0.006961875813282639,0.0016205928145268723,-0.00019584291781270046,-0.0046715542047491366,0.007555137107899519,-8.410143344360594e-06,-0.0005536511645102625
0,uptrend_momentum,split_base,512,2,484,0.0180015999940224,-0.010221055227134053,-0.00220913364129433,-0.003300257563733067,0.002725998731165331,0.010364185291159001,0.0033340462443584807,-0.0032164176593333163,-0.0024713880994073857,0.00013472103676118706,-0.0026121929983752854
0,uptrend_momentum,split_base,512,3,492,0.022986600000876933,-0.013824567261569401,0.002110050529886406,0.0010743458031927254,-0.003382638419840784,-0.005576026271486191,0.0013624627723408597,0.0019515274213484216,0.0020127467850423572,0.00029647034909388955,0.0005040818536428793
0,uptrend_momentum,split_base,512,4,484,0.017528299998957664,0.004344083432336346,-0.0006377138375587343,-0.0059845744621227475,0.002635993341593272,0.0071594203240180395,0.0014467410484576965,-0.004652105237820231,0.004311090484935313,-4.797913468546502e-05,0.00028880132091865655
0,uptrend_momentum,split_base,512,5,504,0.02120610000565648,-0.004903301191837206,0.0019872663694284797,0.002951152827310884,0.0013159135943344594,0.000833447648616306,0.0016650781345036885,0.002115285822299439,-0.0017906648824116624,-9.443039326127831e-05,0.0005008403020715826
0,uptrend_momentum,split_base,512,6,576,0.02519739998388104,-0.014481916891406325,-0.0016199798588801963,0.002239625935625273,-0.005562622226754886,-0.003600013943207079,-0.0015168973121861486,0.005361851636717518,-0.004742165621323673,0.00016046694807994195,0.00013372918600685797
0,uptrend_momentum,split_base,512,7,592,0.021945200016489252,0.004415806402645441,0.00609021281026498,-0.001914523109108909,-0.0010372021396128123,0.0011252989017177953,0.003232309640401161,0.0027557948354341457,-0.0088532617547064,0.00011108214164264234,0.0007327860978304368
0,uptrend_momentum,split_base,512,8,488,0.020406700001331046,0.004369513618031106,-0.0031720969487203285,-0.0006647943082966009,-0.003965123215267891,0.0008478884418879739,0.0031065752067806697,0.0003220827802242283,-0.003276792044148721,7.607561674386054e-05,0.0008756979854163011
0,uptrend_momentum,split_base,512,9,544,0.021255700004985556,-0.005324166985327412,-0.0018337381146438987,0.0035585684698073196,-0.001254167306938105,-0.005026076901376233,0.0005572488646100568,0.0021075196460171174,0.0035573347446076382,-9.583478394905737e-06,-0.0012825334058655779
0,uptrend_momentum,split_base,512,10,476,0.01909640000667423,0.008741747884224988,-0.0022582261249636274,0.009332712347491643,-0.009612793938587985,-0.008213919217439239,-5.94005035603147e-05,0.009192165484087887,0.003836946744455196,-0.0002873177738034001,-0.0013617644094864145
0,uptrend_momentum,split_base,512,11,488,0.01799120000214316,0.004609195235886452,0.0020429208533935803,0.008395475596294607,-0.003663371881358966,-0.0028898982588155676,-0.0005917335809205409,-0.0004985144797648806,-0.00037905386347720393,-0.00013254215137182296,0.0004657464210005044
0,uptrend_momentum,split_base,512,12,468,0.017626000015297905,-0.009163297680676159,0.0006984461894411172,0.0005821812391935135,0.0008493509158065281,0.004555723039371306,0.00436672036988756,-0.004018180970160538,-0.0016390921511381478,-0.0003619459183985934,-0.002714173854475198
0,uptrend_momentum,split_base,512,13,468,0.017828799987910315,-0.0044748941126088555,-0.0003706758202617085,0.003450019591692684,0.00011805627768235634,0.00034208532825721704,0.00023271548266408674,-0.0036994001431163866,0.0014696121334070189,3.655287540012992e-05,-0.00017767035352728798
0,uptrend_momentum,split_base,512,14,568,0.024229700007708743,0.007749589185803869,0.0023497165146093906,0.010090536934814792,-0.008563061576463495,-0.00864718347288849,0.0068553373574607515,0.0017295889616074597,0.00091051265477694,0.000126052861119612,-0.0005350274138013763
0,uptrend_momentum,split_base,512,15,472,0.017997299990383908,-0.009463962121414576,-0.0014121196326017237,0.00856412191067952,0.001471505899775486,-0.003537228979387636,-0.0061066810206614865,0.0026407390678144863,0.00214262638852943,-0.00012008456389891419,4.445465323212585e-05
0,uptrend_momentum,split_base,512,16,480,0.019023300003027543,-0.0015158899256661304,0.002455061345381581,0.00024559945665078895,-0.0027397522364407513,0.004181562092368868,0.002816064571818235,-0.007401150973900176,0.005408493433575988,0.0002731136745186796,0.0010149507033810879
0,uptrend_momentum,split_base,512,17,532,0.022573199996259063,-0.010738371434450038,-5.330030316167004e-05,0.0008276098704865596,-0.0011350588798028274,-0.001096710867406515,0.003302557428467022,0.008905796540479691,-0.005496465806605331,0.00023973130220529575,-0.001030993488808786
0,uptrend_momentum,split_base,512,18,484,0.01948029999039136,0.004546095310048718,0.0052780426379235345,-0.0007015221137080449,-0.002685928788303443,0.0031446430718886434,0.0005911476657328863,-0.0031874837366277315,0.0034941977553606647,0.00014110126394448346,0.00025140495012681196
0,uptrend_momentum,split_base,512,19,464,0.01825200000894256,-0.0035645309207452723,0.0006847906999412655,-9.389992264466742e-05,0.0001914415802804456,-0.0005383343086411459,0.0010726015655843902,-0.0014138840015538276,-0.0006322495794137161,6.266767593694092e-05,0.0007332396225600217
0,uptrend_momentum,split_base,512,20,516,0.01978400000371039,-0.0003944049884599488,4.5332227744254376e-05,0.003124214183028857,-0.001516433831923459,0.0009365804163491169,-0.0009768818982223274,0.0012143852989586908,-0.0003925537960819287,-0.00016060684078520195,0.0002574542469116076
0,uptrend_momentum,split_base,512,21,520,0.02019430001382716,-0.006174558739039941,0.0012424422118682819,0.0034243989221129575,-0.001732589150694663,-0.003459838714108892,-0.001511384653844517,0.003838410902865365,0.003607129459440388,6.131446444647415e-05,0.00034117150117473775
0,uptrend_momentum,split_base,512,22,508,0.021787800011225045,-0.015841858164188916,0.0007754922725976981,0.002408926388436791,-0.0019151727602611632,0.0014005067989226229,0.0013000192892992026,-0.0013099918901056079,0.0038736524859186716,-7.805332255723309e-05,-0.00010177176394486888
0,uptrend_momentum,split_base,512,23,492,0.018031599989626557,0.0028173516194800333,-0.001126574432950972,0.007496161412964461,-0.0032020744376257777,-0.0024712864167279565,0.004994611187218461,0.0033577438493741806,-0.006129644845460585,0.00017938755122483892,0.0013328529039966792
0,uptrend_momentum,split_base,512,24,484,0.016757199977291748,0.006100251437714052,-0.0016235222545235139,0.0034684560299441504,-0.0037456472442002576,-0.0026538340891408526,0.0012770480122298114,0.0007401062738630025,0.0013449380278009993,-6.788172800341597e-05,-0.001053553184339438
0,uptrend_momentum,split_base,512,25,472,0.017376700008753687,0.0008991066603453661,0.0017559175620057322,-0.0012301252860147474,-0.0014782008129818232,0.005806156281718008,0.004097643345820321,-0.007350770441083569,0.0007256041852784718,-4.853441985703798e-05,0.0012215713886800142
0,uptrend_momentum,split_base,512,26,532,0.021632499992847443,-0.0058004643435945365,-0.0013546230363260592,-0.0005135596243349608,0.0019578698270969123,-0.0024922540945004315,-0.00303924398173644,0.004830828416055437,-0.0011960631691905828,0.0001796831017410097,-4.94638989645085e-05
0,uptrend_momentum,split_base,512,27,472,0.019397600000957027,0.006726611436055296,-0.0029203882121780324,0.0019011155734358666,0.0018793861186569953,0.003300286579033693,0.006235110050203711,-0.0014706127154738052,-0.0015909081891026689,0.00018896358076913238,0.0002026210140532372
0,uptrend_momentum,split_base,512,28,480,0.01745620000292547,0.0031263266310581988,-0.003964529357346409,-0.002090036709488282,0.0017773026919932458,-0.004587782810339761,-0.005255343983508369,0.006518465619109253,-0.003962700762276323,-9.622503623965273e-05,-0.00011686039034441275
0,uptrend_momentum,split_base,512,29,468,0.018661300011444837,-0.006142164067753923,0.0050337331850520955,0.003506305397137239,0.0009339193577031325,-0.004999071209925775,-0.006904229997643008,0.0036489864804359054,-0.0012177510729275576,-0.00019975148632370162,0.0008833384997919642
0,uptrend_momentum,split_base,512,30,472,0.018028500024229288,0.006252915665653437,0.0026352430822472283,-0.0022959704196967344,0.005170857094085735,0.000739686024674264,-0.0012696196170758928,-0.0025017031113951536,0.002492081638710448,-7.700230251115681e-05,0.0005975390727424878
0,uptrend_momentum,split_base,512,31,512,0.017223000002559274,-0.008849645795963,0.0018375803025769937,-0.004504290465324806,0.003432014913980058,-0.0009778504551703092,0.00015862132380015074,-0.0031049458622064924,-0.0019440481818398293,0.0001445493206083142,0.00036418869629190693
0,uptrend_momentum,split_base,512,32,560,0.022191000025486574,0.00685429361488261,0.001263250573091367,-0.0010328230158649944,0.0021635166880558873,6.123938214266014e-05,1.738334947027952e-05,-0.0003432410046257016,0.0032048457716872336,0.00012959135863718763,0.0010764015777794322
0,uptrend_momentum,split_base,512,33,504,0.021863300004042685,-0.006408985626271312,-0.0002160674522576873,0.002490673113238702,-0.00018419236965957304,0.0002846403088418907,-0.00023319113281345823,0.0015555244354423909,-0.0015766685182573646,-0.00013789104469407636,-0.00038955986603361883
0,uptrend_momentum,split_base,512,34,524,0.018401100009214133,0.004547043300378817,0.0015553370458227154,-0.0014729388085504718,0.0003558871886698351,-0.0008867964311118019,-0.0020184772828749685,0.0012315715540495026,0.0035268174715280265,0.00010670645256074455,0.00012440707584984945
0,uptrend_momentum,split_base,512,35,540,0.021297200000844896,-0.01219067384806176,0.0020726179446691434,0.004029984846991801,-0.0010475304471391559,-0.0015722135054857464,-0.0026032498632982777,-0.000119069001057448,-8.8383162851092e-05,9.073913673075355e-05,0.00015252670131528416
0,uptrend_momentum,split_base,512,36,492,0.017541599983815104,-0.006174397775018731,-0.0009124172969992583,-0.0006731170721732551,-0.0023409673533596963,0.0032205786311822132,-0.002440823518004769,-0.0026945020186575045,0.0017666552880842633,7.771769397831046e-06,6.890933614740044e-05
0,uptrend_momentum,split_base,512,37,548,0.022965200012549758,0.005879372016903114,-0.0001533848324280457,0.004237785946326445,-0.0040055304582085,0.00255857211210283,0.0029944762565460763,-0.002772088040069373,0.005806395831829788,7.149766074034518e-05,-0.0013349752406801047
0,uptrend_momentum,split_base,512,38,472,0.016936800006078556,-0.004684299777186948,-0.0020736292077131496,0.0030547236957671944,-0.0037461055725889827,-0.005883285822205901,-0.000270055727144376,0.005081452896558289,-0.006357670764448833,-0.00010145960623172407,-0.002025320484671969
0,uptrend_momentum,split_base,512,39,536,0.02178249999997206,0.009700449693746298,0.0026632012705828725,-0.0019965146238658488,0.0030754391106291783,-0.0038472715267306064,-0.003123870541940699,0.0049524514929395885,-0.014500075921902675,-8.964718642667171e-05,0.0013768149055839577
0,uptrend_momentum,split_base,512,40,516,0.021341499988920987,0.0024494747488381834,0.0005325575429681017,0.002389379395996601,-0.0014511421250518095,-0.004222530784665742,-0.001796873662565441,0.003421165764797131,0.0009273746881817136,5.4058697990707736e-05,-3.362006387273097e-05
0,uptrend_momentum,split_base,512,41,492,0.01949619999504648,-0.006775959487075063,-0.0017083587903224998,-0.0029161305443357517,-0.0029219334073438134,-0.0014545346720250527,-0.006144798086221898,0.004082966286306634,0.0025552649874300637,-9.40079898195894e-05,-0.0002120545461542089
0,uptrend_momentum,split_base,512,42,472,0.01766539999516681,-0.0075091114663515925,-0.00159277753069406,0.004046277849805345,0.001333025016386919,0.005618940368033211,0.006073753008592242,-0.00470225915532079,0.005181057641549767,-9.431828755590449e-05,-1.4526274488330407e-05
0,uptrend_momentum,split_base,512,43,584,0.0218522000068333,0.010884391572842685,-0.004170658896401089,-0.002058972292660172,-0.004584340304602528,0.0006828886584025276,-0.002430144786768126,0.0010754056333741565,-0.0028333098006067077,0.00018690989696184513,-2.763336464466186e-05
0,uptrend_momentum,split_base,512,44,500,0.018793499999446794,0.005954086001506523,-0.0017590780349032672,0.002165947166682743,-0.001764609923701671,-0.0009799298413328652,0.001730880527964521,0.003165060557429292,0.0002076516382545031,-7.529567056417937e-05,0.00013102303180500863
0,uptrend_momentum,split_base,512,45,492,0.018569899984868243,0.005620993464791298,0.000610396337985771,-0.0033717805153457465,0.0044640734352913184,0.00692188196258132,0.0018662366256980262,-0.0053199415614376775,0.0030746240018378612,3.8245110292668265e-05,0.0005069096162064526
0,uptrend_momentum,split_base,512,46,528,0.021962500002700835,-0.003532230274754063,0.002234794553435391,0.004379624499695783,-0.005717438727227654,-0.0004868730110731476,0.0031291182865792765,0.002246612965894241,-0.004903679283997371,4.022591219055825e-05,4.854408850331598e-05
0,uptrend_momentum,split_base,512,47,468,0.01743129998794757,0.0021639150821765735,-0.0010916665211349063,0.007779105301386133,0.0012364356948071564,-0.002832397412043274,0.0014359819643705526,0.004052284566993525,-0.004344786427504381,0.00020869446019280193,-0.00024023219119579352
0,uptrend_momentum,split_base,512,48,508,0.01813640000182204,0.012525320606341598,-0.0002021827045356518,-0.0026843234447367944,0.002469214247354012,0.004540103275294992,0.006245851747559635,-0.0054946647029288954,0.0055604506512278145,-2.205405075398303e-05,0.0010054367747309805
0,uptrend_momentum,split_base,512,49,568,0.022984600014751777,0.01152016932188283,0.005370539965222042,-0.000218197895483856,-0.0005935268326080984,-0.00048710292502959253,0.005348619226103423,0.002194477040944759,-0.007269476957598725,0.00020437956584996422,0.0002915957313723013
0,uptrend_momentum,split_base,512,50,564,0.02226860000519082,-0.003144586813139183,0.0044783559779179635,0.0029538661510745347,0.00224614600701392,-0.00428395773475772,-8.701131315426223e-05,0.0028226729711274645,0.004146793621877819,-3.878321222674464e-05,-0.0010875340414056094
0,uptrend_momentum,split_base,512,51,516,0.021515100001124665,-0.0018697258902281473,-0.00011375578586289682,0.008103495245695069,-0.004966101093003803,-0.0013931200969820039,0.007984471787348835,0.0029878280966927112,-0.003609086062067372,-0.00012487691802470985,5.749815265549314e-05
0,uptrend_momentum,split_base,512,52,476,0.01860730000771582,0.002164052164330343,-0.0010846795002048242,-0.004423951933295067,0.0017200444236501664,-0.0004272537405966536,0.0008036394697971261,0.0007411388677025674,0.0017630441598153815,0.00018804743942784358,-0.000913661719987658
0,uptrend_momentum,split_base,512,53,528,0.02073649998055771,0.005616852279183419,-5.848157057608658e-05,0.0009350187335601251,0.00025386111564027717,0.0019160480378804718,0.0028740608647456925,-0.004825221936978551,0.0036654469709329605,0.00010630723612112435,0.0002973188462909994
0,uptrend_momentum,split_base,512,54,480,0.018009999999776483,0.0035094279740035157,-0.00013875690012321232,-0.0007975840375669043,-0.003180495063249219,-0.0008087525938036018,0.001143955319012182,0.0016244792439840477,-0.0020044247292995516,-6.585522660403274e-05,-0.0008848113762288419
0,uptrend_momentum,split_base,512,55,496,0.01670500001637265,-0.008995883060143404,0.0005009285576146653,-0.007116924430752422,0.003940277729848821,-0.0038168935212277593,-0.009123027994762285,0.008127748008394933,0.0027627046695968805,0.00031197251767819007,-0.002533148219849096
0,uptrend_momentum,split_base,512,56,512,0.01867719998699613,0.0029153603566850587,0.0006540260624532443,0.0006447977858794583,-0.0024512884892397085,0.002403477082643507,0.004386161095764849,-0.006331075317773842,0.0067275601429068145,-8.323467058028925e-05,3.770235897776211e-05
0,uptrend_momentum,split_base,512,57,504,0.020027699996717274,0.011303979912701139,0.003089260493297866,0.008429684443372682,-0.001578875232687673,0.0008053233932338282,0.003480852916326007,0.0013344725978510085,0.0032370973653945414,-0.00015116200807080486,0.0016537633337897213
0,uptrend_momentum,split_base,512,58,500,0.019624800013843924,0.007186218444094422,0.0002644678409706858,-0.0007513720424054107,-0.0023654231304417747,-0.0035752225664936244,-0.0010955876165623702,0.004084686436471375,-0.0010761361556125666,-0.00020055608914853546,3.3467780791947654e-05
0,uptrend_momentum,split_base,512,59,496,0.020604199991794303,0.0023105865292306726,0.0022544189805376877,0.001813152323950756,-0.005020028644245772,0.00039272572658323744,-0.0003853172289501999,0.0002096244310189608,0.0010752361904943178,-0.00011646649918338283,-0.00041036914195793147
150,oscillation_reversal,plugin,128,0,128,0.003501800005324185,0.010857792172037686,-0.002165698198049886,-0.001261901845506139,-0.0031619580876802583,0.0002625709086677442,0.0005591119420958367,0.0028605489313245818,-0.006379095058578581,-0.0008300120874070375,-0.0006460058247062703
150,oscillation_reversal,plugin,128,1,128,0.003182899992680177,0.0008371784394868674,0.001966857071374123,-0.0037775993336502953,0.004513502463880957,0.003666293289859256,0.0014421827398998263,-0.004942574379181076,0.005140907251260183,-0.00015099020652822797,-0.0011894936335570393
150,oscillation_reversal,plugin,128,2,128,0.003554000024450943,0.0035267427997991087,-0.000548264110133391,-0.0017655497130713953,0.001079134176880946,0.008506178996007984,0.003407258926477842,-0.002371397802277489,-0.0005492083324738505,-0.0002815624589354187,-7.219234267286017e-05
150,oscillation_reversal,plugin,128,3,128,0.003620300005422905,0.001239699776379409,0.00046211762299832806,-0.0004915853148649624,8.566975089101058e-05,-0.0022894959679885204,0.0023267680434907578,0.0009510148780722515,-0.0002629068293665308,4.491701732733827e-05,0.00015007216122442217
150,oscillation_reversal,plugin,128,4,128,0.004220000002533197,-0.009885814511896773,-0.0013570977174499166,0.004312578172966479,2.6020039725198796e-05,0.005201528083058317,0.00644304372471601,-0.0011432029457235,0.00023596805060192665,0.0007390848939549224,-0.001152926925134216
150,oscillation_reversal,plugin,128,5,128,0.003122800000710413,0.0074089307507794215,0.0006759517547836375,0.0017277511786896959,-0.002634945734931861,-0.000587309715317681,0.0007042849830941015,-0.0019859690874775536,-0.0013269128291617158,-0.0005694441328286921,-0.0008125903388238659
150,oscillation_reversal,plugin,128,6,128,0.003805700020166114,0.0027538122242321563,-0.0010637210334039544,-0.0024986370788006944,0.0020894043960066936,0.0020121407837917203,0.001277398486637449,0.0007354881974291642,0.00018796167940342252,4.068180645012617e-05,-0.00046005422988276874
150,oscillation_reversal,plugin,128,7,128,0.0035371999838389456,-0.001789604201930346,-0.0037489439209718147,-0.0011824788426477225,0.0012971909942147766,0.005605465956236668,0.001404472558829807,-0.0025587173356402355,0.0025215092642873944,4.7823101980830545e-05,-0.0010545530552706116
150,oscillation_reversal,plugin,128,8,128,0.003262100013671443,0.0042419147144415505,0.0011264372546527371,-0.0018794219002949285,0.004675138059744591,-0.0020084682398648903,0.0018369898863213991,-0.0016521286414128893,0.002790398761824626,-0.00036150329230324015,0.00017881162151784573
150,oscillation_reversal,plugin,128,9,128,0.0034602000087033957,0.0012038429769092997,0.001267946371929112,0.0011019278514487504,-0.0011577056928529373,-3.1229014184668545e-05,0.0017568438122204403,-0.0012563786894803793,0.0004668282748947301,-7.68742608247007e-06,0.000155119921697078
150,oscillation_reversal,plugin,128,10,128,0.0033533000096213073,0.0013451112455847973,0.0003743981177438122,-0.001905151189015556,-0.0006163420770383063,0.003947649780958767,0.0012223147678590031,-0.0022466221477016337,-0.00044378368012914864,5.2468391144505775e-05,-0.0002185649899808011
150,oscillation_reversal,plugin,128,11,128,0.0035408000112511218,0.0028787879785899216,-0.0006946609992350143,-0.0030383040073049604,0.0006804013279157454,0.00305225304168853,0.003796862828061789,-0.004516370217386668,0.0020760166965764276,-0.00016084728552117646,-0.00029490408825452486
150,oscillation_reversal,plugin,128,12,128,0.00342700001783669,-0.005104133122277731,-0.00020983029207563493,-0.00517821907797961,0.0008781715336462025,0.0008630004963367996,0.0027478659288134744,-0.0022131859829794412,0.0030456199174906037,0.000331505221883369,0.0001986558563492804
150,oscillation_reversal,plugin,128,13,128,0.003916299989214167,-0.00913850441325948,-0.001043234118952618,-0.0016465014348427905,0.0008902216265430945,0.0017167708076869048,0.001718772145598587,0.0014153347823411878,-0.0019315090825527085,0.0006362519944007226,-0.00013141399410530378
150,oscillation_reversal,plugin,128,14,128,0.0033830000029411167,-0.01000671092852698,0.0013440504393382982,-0.002124837226029257,0.002857925137149134,0.002635055483709902,-0.0009191637854320389,-0.0005002322925534888,-0.003852950644792353,0.0005878536205281667,-0.0007918864356614778
150,oscillation_reversal,plugin,128,15,128,0.0036788999859709293,-0.002686066780730503,-0.0007462228348116217,-0.0022974277706790725,0.0036329393141958477,-7.045472711590586e-05,-0.0011334135554120998,2.1008878286198638e-06,0.0014915568408426652,0.0003229932245753885,4.5073286583381965e-05
150,oscillation_reversal,plugin,128,16,128,0.003227700013667345,0.002712693481775323,-0.0010887582143460615,0.0009048639407667897,0.0016166948635075212,-0.006285732783640344,-0.0048203115828996885,0.002748218650432775,-0.00234454211073937,-0.0001551449003650596,-0.0007268470043299083
150,oscillation_reversal,plugin,128,17,128,0.003724999987753108,-0.0013953546584631175,-0.0020575135132309998,0.002548374794574095,0.00028166426246973794,-0.00023011492695740717,-0.0006606715571163532,-0.0013310218621960617,-0.003674462966886289,0.00014351431192281372,-0.0008359097692466781
150,oscillation_reversal,plugin,128,18,128,0.003225899999961257,0.001396746118657489,-0.0017486572842421518,0.001105401663258621,0.002280758816466498,-0.0062461395253025406,-0.007345214522613721,0.0072861730881432114,-0.002008224110296012,-3.305626824988873e-06,-0.0008720024004910151
150,oscillation_reversal,plugin,128,19,128,0.0033554000256117433,0.003208973708270459,0.00015912898261507,0.0007441102773387501,0.004728745264489807,0.0022603967166209714,-0.000767902733408306,-0.0035505616209634944,0.002534390627666832,-0.00036868140505971395,-0.00016424889787188747
150,oscillation_reversal,plugin,128,20,128,0.0034571000142022967,-0.0024044424985930216,-1.6526013439284676e-05,-0.005833655073957957,0.007912127155075823,-0.0014956365349555537,-0.000997088748441785,0.0045417111173741784,-0.005321306291633144,0.0002120010963510535,-0.00046483403462463813
150,oscillation_reversal,plugin,128,21,128,0.004085199994733557,-0.00646647833161756,-0.0022323612026398727,-0.0009666492085464808,-4.373275627873901e-05,0.00452169279009737,-0.0003019259610148774,-0.0021471633323097115,-0.0018642579233750225,0.00048654078547317266,-0.0012839758364837225
150,oscillation_reversal,plugin,128,22,128,0.0037367999902926385,0.00021907484183603798,0.003618764211220973,-0.005399199082974326,0.006423721318414873,-0.00247510419616625,-0.0034514200948554618,0.0005355345142369367,0.0011312280395117643,-0.00011476112843833368,0.0010307442102610743
150,oscillation_reversal,plugin,128,23,128,0.004059500002767891,-0.007729439451623776,-0.0008053614565873694,0.006505159455430755,-0.0023152276944359562,-0.0007554965770825792,-0.0022351864967705324,-0.0012075253315909312,0.006657176894999072,0.0004516803451623116,-0.0003347609501728622
150,oscillation_reversal,plugin,128,24,128,0.0038161999837029725,0.006008478954089543,0.0014004499776953715,0.0005527781413520075,-0.0011697123593962097,-0.0014141781014555042,0.002259607713158332,-0.0005556395036519627,-0.0011980609531989823,-0.00036889458024564844,-0.0010678520448453841
150,oscillation_reversal,plugin,128,25,128,0.004663500003516674,-0.0021567396895605722,-0.0017200413133333509,-0.0006036353282492699,0.0017407026692575628,-0.004684434477698262,-0.0025739546516524523,0.003037024399483401,-0.007998281065720326,8.875866979885129e-05,-0.00029282933827188466
150,oscillation_reversal,plugin,128,26,128,0.0033167999936267734,0.0005189458416235203,-0.00141748748530767,0.003869967553123147,-0.0016821380376926,0.001351026392713931,0.0017172983630292188,-0.0013721718136838227,0.00356465671701774,-2.8186070826698216e-05,-0.0007535081944723197
150,oscillation_reversal,plugin,128,27,128,0.003324999997857958,0.001337295746296153,0.0010620536837236004,-0.002075012958044482,-0.003238329019494005,0.001346522029240028,-0.004525046948279058,-0.0003766644219462146,0.0036777386808968197,-0.0004562592396295119,0.0007385603307718915
150,oscillation_reversal,plugin,128,28,128,0.003632300009485334,0.008985680040186789,-0.0016191692154544838,-0.00018646284371004452,0.0017960027241569919,-0.0013956619383820124,0.00021141286513964256,-0.0005451036391599077,-0.0009416910349258072,-0.0004572516331262228,0.00048011771582536254
150,oscillation_reversal,plugin,128,29,128,0.0037002999742981046,-0.006732262551370391,0.0011558924026182104,-0.0032039218513769136,0.00113797340555781,-4.728105011986842e-05,0.002183916148017624,0.0019940978341230686,0.0011358822202036981,6.184914117677292e-05,-0.0004209390317674428
150,oscillation_reversal,plugin,128,30,128,0.0037415999977383763,-0.0024653248020790244,0.00019607373897641446,0.005006118171582398,0.000603464559938001,-0.007410956444533521,-0.0004544607125814259,0.005773840465441744,0.0021344157594696943,0.0001631465746842205,-0.0005277401549074143
150,oscillation_reversal,plugin,128,31,128,0.0038788999954704195,-0.0016877674959431374,0.0010995106690490863,-0.0011520576782118655,0.002978758274368939,-0.000456677749370217,-0.0018756418869679012,0.0010900969732106566,0.0013351489947885024,0.00016930173631999823,9.704091491307169e-05
150,oscillation_reversal,plugin,128,32,128,0.003477599995676428,0.002610096849369862,0.0029698141012745,0.001851037030136121,-0.0016451085267993979,0.0037627145289959316,0.007432037322747595,-0.0028061386212386665,-0.004046067692945493,-0.0002697544692465177,0.0011608577037791367
150,oscillation_reversal,plugin,128,33,128,0.00396040000487119,-0.0019662611610723026,0.00034987770367296095,-0.006707299115029571,0.00541178322170822,0.0057394222517641305,-0.00042420976854383615,-0.001040241005570667,-0.0023599465549764965,7.258005388707061e-05,0.0006396840486316839
150,oscillation_reversal,plugin,128,34,128,0.003891999978804961,-0.0017093064350844364,-0.0003463569146319572,-0.005436696781544102,0.004214833823675501,0.0015450460389359287,-2.738118906460413e-05,0.001036017242373631,0.0017137244050026965,9.829520039599581e-05,-3.1261815304051665e-05
150,oscillation_reversal,plugin,128,35,128,0.0031319000117946416,0.004526012445314866,0.00252451684751467,-0.0021935295341208114,0.0015954203271653041,0.0014496908435110748,-0.0009920015503009664,-0.0012010003440436556,0.001220547981095159,-0.00021374563871330856,0.000530277576978298
150,oscillation_reversal,plugin,128,36,128,0.0031912999984342605,0.005219442629466253,0.002383446655047182,0.00026263847091977224,0.0015803775399010967,0.0027374150252210926,0.002417531075994988,-0.004904971006272911,0.007140542123266367,-0.00044989229635241664,4.5198604464591475e-05
150,oscillation_reversal,plugin,128,37,128,0.0032358999887946993,-0.0036197337515450536,0.002929909864040901,-0.0031162341767489773,0.0008798336282496646,-0.0019260280081898013,-0.0014596488415779285,0.0013721654591750323,0.0013622806157101292,0.00012487762914994494,0.000910473453014049
150,oscillation_reversal,plugin,128,38,128,0.004659099999116734,0.0017920705611445772,0.00022313767719925854,-0.0011974649467400857,-0.0006594833216776778,0.0009462937982006615,-0.0007425131762861535,-0.0003078161680458716,0.0033568351732484497,6.400188954494522e-05,-0.00017584216084552936
150,oscillation_reversal,plugin,128,39,128,0.0038388000102713704,0.0012100779691250271,0.0002891737382853806,0.00158136044612646,0.0012454503503400891,-0.0005827700366383834,-0.0006788472265640057,-0.0016940787312213705,0.0026587231942287494,3.549610414904623e-05,-0.0011583296977851361
150,oscillation_reversal,plugin,128,40,128,0.003830100002232939,-0.002900158555811187,0.0009627382373714233,-0.0013690050397685003,0.0019873020930699058,0.005494432951714432,0.004003045953023349,-0.005075359631644031,0.0018137943310941734,0.0002017146662330173,-2.36867656116106e-06
150,oscillation_reversal,plugin,128,41,128,0.0034885999921243638,0.012328686306851761,0.0004162274055881255,0.0009193692919834894,7.823885735436687e-05,-0.0015566229626908772,0.0029409991542112286,-0.0009516630230695146,0.0014548295560604483,-0.0007980684557488222,-0.00025561263496594517
150,oscillation_reversal,plugin,128,42,128,0.0034417999850120395,-0.004891097673648971,0.0008723521385162681,-0.0059007059070574144,0.0029450657612472794,-0.0005787339492592906,0.001194944165581454,-0.0001388074024438956,-0.0018068149601198958,0.0002368417568283984,-0.0004264946006297644
150,oscillation_reversal,plugin,128,43,128,0.0038244999886956066,-0.003363940235580362,0.00189756709086942,-4.866957082192906e-06,-0.001785274220937192,-0.003421110416156118,0.002684216089423482,0.0017687757516221339,-0.005047762030734354,0.0002963803108753111,0.00041924985225128084
150,oscillation_reversal,plugin,128,44,128,0.0033235999871976674,-0.007045421513019767,0.00011082074808319702,-0.00654921284133257,0.006604796091771806,0.0017578150270326684,-0.0003544141108193381,-0.0034757020610717967,0.0028042714459180834,0.0004297588169446702,-0.0011429113762334905
150,oscillation_reversal,plugin,128,45,128,0.003057900001294911,0.0016088239100720413,-0.0009084115710067255,-0.0041234851175427755,0.005297848783280834,0.004285614745486646,-0.0001729948872421375,-0.0010960963381500247,-0.00030686281204434505,-0.00013240018300024996,-0.0005486908475844445
150,oscillation_reversal,plugin,128,46,128,0.0030187999946065247,0.006615307516984057,0.0031369351268070046,-0.007482694121340795,0.004565040330650522,0.0019298725537326268,0.007299871020942284,0.0018701960507907151,0.00753313381487074,-0.0005678083243395344,0.0006022556759135802
150,oscillation_reversal,plugin,128,47,128,0.004042899992782623,0.004922372876139171,0.0022857110386545663,-0.0025302190773625857,0.004175523258296782,-0.00010227866939761282,-0.001552243517073771,0.0054307322487509215,-0.00041903024326159764,-0.00037667282412985387,0.0009567209051727613
150,oscillation_reversal,plugin,128,48,128,0.003915600012987852,-0.0055074626075354155,-0.001313494390141648,-0.0027011535433213462,-0.0007755903580425151,-0.0013462641382640868,-0.0021992028752769333,0.004502840828912738,-0.0021268167401257737,0.0005060944299139801,-0.00024370072691568017
150,oscillation_reversal,plugin,128,49,128,0.003097900014836341,-0.0008644453098481928,0.001325542991186267,-0.0034557487032302364,0.0021343656621873623,2.894535670123192e-05,0.0032833090968237577,-0.00431554818291554,0.0013796902040974517,-5.9949482488505276e-05,0.0006784670070603335
150,oscillation_reversal,plugin,128,50,128,0.003860900003928691,-0.0001978297648046796,-0.002081018795783714,-0.0025427954639116518,-0.002403983034483388,-0.003974872659495053,-0.0007403815430667681,0.003021367977384776,-0.005138959426318273,0.00011995461681068239,-0.0007913282256298166
150,oscillation_reversal,plugin,128,51,128,0.0037631999875884503,-0.0007277068343994849,0.0007212214288867994,-0.0003902771625254257,0.002599312549890044,-0.00250214694558994,-0.0009101170461898779,0.0016239941285203048,-0.00017843135771930307,4.2261835833370975e-05,0.00056846822465843
150,oscillation_reversal,plugin,128,52,128,0.0035052999737672508,-0.008193563830959438,-0.002419564015947246,-0.0023196249672920327,0.0018185202712611432,0.0023548349784605163,-0.0006501668164567855,-0.002751855656857713,0.0007990892603406507,0.0005811157895045609,0.00012486502547919123
150,oscillation_reversal,plugin,128,53,128,0.003329600003780797,0.000435337012005328,0.0006126910622710329,0.004776857696793896,0.0007434881610627635,-0.0031890762152356174,-0.0038188327296479435,0.006147305087744266,0.0030191762954539796,0.00023073858439915407,-0.0008299556522224787
150,oscillation_reversal,plugin,128,54,128,0.0030735000036656857,0.004403614290282391,0.0006746204139192132,0.0006562166808413975,0.00024259014122995248,-0.0002837881809045988,-0.00568607770013759,0.0022170693489607252,0.0007475531824521585,-0.00016369935233957443,0.0003018436688769203
150,oscillation_reversal,plugin,128,55,128,0.003249600005801767,-0.0006271679043473298,-0.0017785511492017902,-0.0007482786701312542,0.003695079525454505,-0.0033463389922280024,6.437447374180555e-05,0.0020521394940292608,-0.002592102470243699,4.9330223344198886e-05,-0.0009347348445797863
150,oscillation_reversal,plugin,128,56,128,0.004323599976487458,0.004954299030792513,-0.0009605786838572424,-0.005950863680517172,0.005712356376259988,0.0021073600597194724,0.0001726340377094669,-0.003715838471542674,-3.9488968032257664e-05,-0.0004652254390300989,0.0002366948479434905
150,oscillation_reversal,plugin,128,57,128,0.003908899991074577,0.005049750814225059,0.0004424613034232352,-0.0033637707997988507,0.0023999387321445476,0.0027859203820902443,0.0015616059798706583,-0.0032351964490827615,0.0004482095317461459,-0.00045560756711115336,0.0009183801199268348
150,oscillation_reversal,plugin,128,58,128,0.0034429000224918127,0.0032886821755055513,-0.0004963420738485498,0.0008838240957366494,-0.0010132829492017824,-0.0012941732866641755,-0.002690786192622457,0.004519170149646902,-0.00044029664283761546,-0.0003872144055833857,0.0006325587347865203
150,oscillation_reversal,plugin,128,59,128,0.0036684999940916896,-0.0012629241481344061,-0.00013903614649060165,-0.00039774602156121357,-0.00010352427675881548,-0.0022144560968087048,0.003307987073607161,0.003296691971099798,0.00039486101365302656,0.00029353780737859916,0.0003197317932597169
150,oscillation_reversal,multilevel,128,0,120,0.009069699997780845,0.010698011729397067,0.00595835163161656,-0.0002308691155393066,-0.002541686122357878,-0.02322556712003265,0.003999621454557239,-0.00888544087354872,-0.00575059528517279,-0.0012569457199186373,-0.0012580501570797536
150,oscillation_reversal,multilevel,128,1,128,0.009341199998743832,-0.03281821724272353,-0.023739209264898555,0.017809966803286517,-0.01576255496218826,0.016651592121331223,-0.006223367189256202,-0.010893144532394912,-0.03312675243903896,0.0033087372754744843,-0.016838359955312323
150,oscillation_reversal,multilevel,128,2,110,0.007505999994464219,-0.0626882053298547,-0.001712213144777394,-0.028790405526265314,0.04613333874871871,0.009803625641876907,0.053120108720154775,-0.005139163334076343,-0.022468446164149152,0.004057660846532892,-0.008014776610692253
150,oscillation_reversal,multilevel,128,3,112,0.008295700012240559,0.14395773650345836,0.0020998620093160072,0.009181817138765803,0.010419677757884447,0.05295333645720252,0.0006600697204276233,-0.026775285165127706,0.04094011772353491,-0.011824847178158543,0.0022379173341668273
150,oscillation_reversal,multilevel,128,4,176,0.01163210000959225,-0.04710923819628646,-0.0033881684779238663,0.01186452943885674,-0.03388951261128307,-0.006727748190092488,0.046919490108324344,0.029211981906800483,0.0721036210418629,0.004859053807621725,-0.00992123821906249
150,oscillation_reversal,multilevel,128,5,108,0.009634400019422174,-0.1410474041200744,0.014517651799350892,-0.023576133445259474,0.025588016843708625,0.009265789809725485,0.028412812553736382,-0.01969645669853334,0.020006874003946604,0.009429943300955534,-0.0027398429906385956
150,oscillation_reversal,multilevel,128,6,96,0.007259399979375303,0.14866666116627178,0.047583823213393016,0.02300025967860425,0.05207322683739225,0.03138452158581096,-0.018034633906858773,-0.07182122388399453,-0.020251372949121896,-0.01177391242190414,0.0025292673097852517
150,oscillation_reversal,multilevel,128,7,152,0.010234299988951534,0.09294426792599478,0.0031713475746252186,0.0038800937649527034,0.0025316372402321386,0.017512447773578854,0.009711570031528002,-0.022644896579675475,0.036535219964574366,-0.006096391602347118,-0.0011179989312737637
150,oscillation_reversal,multilevel,128,8,104,0.008021700021345168,-0.021079150622591768,-0.010100291028484094,0.008822290269470427,0.019285081218137826,0.0047038352130506075,0.015650169331156653,-0.00703554661975154,0.0036706217595074207,0.002875069161343646,-0.0006263263015152844
150,oscillation_reversal,multilevel,128,9,152,0.009267399989767,0.009392213697729903,0.008267839106011959,0.010016965381828061,-0.009794158976020565,0.003457289689620371,-0.01052008651683543,-0.021650912863621082,0.024052575438548853,0.0004890294157797902,-0.00535618748307924
150,oscillation_reversal,multilevel,128,10,138,0.009256299992557615,-0.04300068979471419,-0.006136905036560709,-0.04063335787825682,0.051579123011570076,0.013025773231814084,-0.033662040607973495,-0.004930980366330271,-0.0023557437546782353,0.002212913627390149,-0.00042688429650381227
150,oscillation_reversal,multilevel,128,11,172,0.011585500004002824,-0.01975264733557125,0.01365237708734133,0.02691811960640159,-0.028493953056152193,0.004335955347583291,0.011814501462495824,-0.0189589242803179,-0.003861171461489989,0.0011014885448633615,-0.003627244273311842
150,oscillation_reversal,multilevel,128,12,122,0.0070832000055816025,0.16139581429151112,-0.00973138389130124,0.00047146853024784737,-0.01656734928934187,0.011824161785140732,-0.002751535209501351,0.013580273849132905,-0.0254897238107086,-0.010100509056800825,0.0010684712790199084
150,oscillation_reversal,multilevel,128,13,116,0.007536599994637072,-0.042316968384364835,0.0032470063043184565,0.03319676204420141,0.006824289277093356,-0.006558844069785731,-0.06190354066795078,0.007772599611319981,-0.019639148087636164,0.0033402825767604306,0.007451311529742883
150,oscillation_reversal,multilevel,128,14,120,0.007039499992970377,0.06375013907670508,0.005320346060600873,-0.02543763829439524,0.023623198450688807,0.07347828392989021,0.010727912043819803,-0.045185725007817486,0.06728981979669507,-0.0040942450175859395,-0.0010371910342161922
150,oscillation_reversal,multilevel,128,15,138,0.010164300008909777,-0.028362100255215,-0.004390508117040672,-0.029295829544229286,0.008702599465014942,0.0008178530875392793,0.012420824079944388,0.014325147076066322,0.005645385801337511,0.0015124164788467983,-0.006712535553817502
150,oscillation_reversal,multilevel,128,16,192,0.01248539998778142,0.17639454560688922,-0.014558794460286918,-0.10342370424205008,0.06955665404989975,0.022861031091287898,0.039505209224996084,0.015526528032219784,0.011074324379333502,-0.009988334539040432,0.008799810418743826
150,oscillation_reversal,multilevel,128,17,142,0.009767800016561523,0.08396533888280905,-0.020636433954570356,-0.00903489380973853,0.0029061847261416607,-0.03809718884248477,-0.01462005644173765,0.01637284950451477,0.039335135552863575,-0.010297174397776368,-0.006735471512433587
150,oscillation_reversal,multilevel,128,18,110,0.00732649999554269,0.011810188898721053,-0.014382503388641455,0.007899126038601656,-0.021339837412172154,-0.005303101440219389,-0.0030645563554065245,-0.025518700512695443,0.010020249361835527,-0.0031549579861893206,-0.010201835754432696
150,oscillation_reversal,multilevel,128,19,164,0.010886000003665686,0.10973559699570122,-0.00600017467989233,-0.0005950628564175698,0.01565319531315921,-0.037053746069263475,-0.014840097159115733,0.04733976945968375,-0.0019104517940867227,-0.005039617436414629,-0.0015886182313603662
150,oscillation_reversal,multilevel,128,20,96,0.007644800003618002,-0.006151810288440542,-0.005287379264004258,0.052838365589203844,-0.0409029239079234,-0.03282424693764845,-0.022761150297734543,0.05408547837010148,-0.020391781679056416,0.0005853980231458713,-0.00678347454701418
150,oscillation_reversal,multilevel,128,21,122,0.008365299989236519,0.02893518792728452,0.004354906843581193,0.014751020678621338,-0.018128088937554455,-0.018733724658925664,-0.013869906805886782,0.019541250919218395,-0.004485314855792482,-0.0030783965932801903,0.0007275240082084826
150,oscillation_reversal,multilevel,128,22,100,0.0073124000045936555,-0.05651923320045668,0.019436281921457417,0.006320806692211621,-0.011356249484484325,0.024945373416394263,0.013109845451732717,0.006356383683556718,0.0142476597440849,0.00565978593813478,0.011588305166841898
150,oscillation_reversal,multilevel,128,23,114,0.009707900026114658,0.07166379312491925,-0.00769235353342514,0.0059084589833272826,-0.00206171868072373,-0.008088012653165142,0.020733292987874012,-0.015205815745524405,0.028898163603732572,-0.005205328082117207,-0.002212099127687189
150,oscillation_reversal,multilevel,128,24,280,0.013629699999000877,-0.033505141707662875,-0.023183669108378206,-7.573204222628093e-05,0.013427534177925412,-0.035429546099988,-0.0017977980728049775,0.00628808617166271,0.04758618423295505,0.0015893531023022348,-0.006246102820384186
150,oscillation_reversal,multilevel,128,25,148,0.009616700001060963,0.07675599260861349,-0.03162043039276764,-0.016994748520953236,-0.015351018552976456,0.022766290473615784,0.024738501658823724,-0.07163567385345483,0.041940135501871714,-0.005537378567067626,-0.006034756565783122
150,oscillation_reversal,multilevel,128,26,148,0.01200399998924695,-0.11062884475009628,-0.010498667556942289,-0.009610978392427484,-0.0013988117478767913,9.827046348423738e-05,-0.0061989938191085074,0.013674703533666935,-0.00855616826750499,0.008125363431452565,-0.0074879551676095175
150,oscillation_reversal,multilevel,128,27,108,0.006407100008800626,0.07465787564148202,0.00929000896633851,-0.004920988205568779,-0.011251417750257075,0.030771721227012775,0.024032008893071246,-0.01085323048990607,-0.022559295130494414,-0.004105128959296119,-0.004424203683751019
150,oscillation_reversal,multilevel,128,28,176,0.010751199995866045,0.03331054057809221,0.008794194134572652,-0.019376634300624758,0.016195119014921763,0.0036152855732822006,0.011094011548620993,-0.018509551105688922,0.027816131588896176,-0.0013073376547606457,0.0008699219875014017
150,oscillation_reversal,multilevel,128,29,144,0.012007100012851879,0.02405551456242497,-0.012192410769468124,0.03287674196906414,-0.0016658604995684638,-0.03192462970717718,-0.010600097966673836,0.03072170435636072,-0.02648786094800864,-0.0006790822049602163,-0.003165952182468003
150,oscillation_reversal,multilevel,128,30,112,0.0070395999937318265,0.02586930136561671,-0.000620402709842735,0.029488039914524276,-0.028769094322267062,-0.021552745192404098,0.013858269820429463,0.007333866288557192,0.007156182742470775,-0.00236566023809903,0.00516402136338269
150,oscillation_reversal,multilevel,128,31,136,0.009571800008416176,0.0020460565988972934,-0.020273305061924176,0.04533903895775255,-0.03702180963643345,-0.03786954721100246,-0.03313108086798146,0.0262411760157127,-0.039283259230199555,-0.0009031249231219454,-0.01251782901084157
150,oscillation_reversal,multilevel,128,32,134,0.01046770001994446,0.0045128792227462165,-0.0150906016133969,-0.008660775186036753,-0.004008505592062548,0.02779028579871101,0.023637483706846065,-0.023648749937379046,0.007916266482701391,-0.0007201855825543913,0.003647780791179709
150,oscillation_reversal,multilevel,128,33,154,0.009770200005732477,0.07404570653385276,-0.005312673753291695,-0.00906142313598723,-0.03524012273021159,-0.05133857630554176,-0.03263456282538782,0.04446109308943837,-0.022514569468816734,-0.00472899168280665,0.001113940933962267
150,oscillation_reversal,multilevel,128,34,92,0.006196800008183345,-0.029459026005019703,0.019660765786391303,-0.04190938485818692,0.02956244031573125,-0.01999639553379334,-0.04332372212432993,0.05059372401120504,-0.03320487486022668,-0.0002615982305855938,0.009538720029577131
150,oscillation_reversal,multilevel,128,35,162,0.009787899994989857,-0.1472134910544703,0.0023694550065848684,-0.02275641542594892,0.024261983337381002,0.03679412138184242,-0.044527049128771715,-0.010611489245632847,-0.010513611060664655,0.011022436120729586,0.006489201524248143
150,oscillation_reversal,multilevel,128,36,114,0.008189400017727166,0.0015463090219303684,-0.016708428850340788,0.02211534675669272,0.02281877469610007,0.0024673851544692134,-0.030107046948024192,-0.02924304754347174,0.006549683212445613,-0.0005400880236322392,-0.002869791048127806
150,oscillation_reversal,multilevel,128,37,142,0.012460900004953146,0.024993145780550768,-0.013940177068923004,0.013648055026184314,0.01325650358415696,-0.024672034036723633,-0.0036328337543364564,-0.012540310471380638,-0.011096922331329221,-0.00041651968254343867,0.0038030634136038822
150,oscillation_reversal,multilevel,128,38,114,0.011466800002381206,0.03410536172251314,0.009494406732731421,0.007832485165248006,-0.011178791655547526,-0.008460286108478442,-0.004014875245832135,-0.0012489359565013955,-0.008283192205719967,-0.001725627397721234,0.0032212598928702107
150,oscillation_reversal,multilevel,128,39,146,0.008235700021032244,0.003228720991984042,0.002874233842970644,-0.008661359406493235,0.01300839090455996,-0.011037946968538232,-0.0156911367752741,0.0017112329514149597,0.015319843532996053,-0.0004135232067179953,0.003411462305149697
150,oscillation_reversal,multilevel,128,40,108,0.007780200015986338,-0.019134911650866906,-0.0008024975649237484,-0.009446727684052969,-0.007381644437841244,-0.0011362746182610865,-0.012266506732768322,-0.010645269211327845,-0.013315087334974792,0.0011886436893678352,-0.0008366989736548109
150,oscillation_reversal,multilevel,128,41,92,0.0053943999810144305,-0.014501792956421641,-0.014576463601367832,0.028653515211361044,-0.020940128882250837,-0.03209988767273269,-0.0032333705662813614,0.03446171692833909,-0.015214134804252377,0.0005386989639792663,0.0014824154956892973
150,oscillation_reversal,multilevel,128,42,128,0.009567999979481101,0.07680207259585162,0.015148406250744885,0.02920968251373377,-0.02216244300719606,-0.009793163544147894,-0.03198303254677851,0.014946028983564726,-0.03574842559750782,-0.004837552226057699,-0.0003827028980593758
150,oscillation_reversal,multilevel,128,43,116,0.009414900006959215,0.063551724720148,-0.00492240746179763,-0.042805106925672375,0.07898563738453523,0.00900311501522534,-0.052379551570882324,-0.020297736930027357,0.0337772198020196,-0.004372651072759398,-0.003038169673881948
150,oscillation_reversal,multilevel,128,44,116,0.010154500021599233,0.015997019482357773,0.008107747067625376,-0.003493117650014641,0.005651377868816964,0.02794829780492057,0.014457883331963867,-0.010418512697750702,-0.004783844417398738,-0.0008018163599236628,-0.0024706022264579615
150,oscillation_reversal,multilevel,128,45,122,0.010070199990877882,-0.007105969698677115,-0.006646325722342569,-0.02062272668345693,0.022889008449477253,0.005057748104909568,-0.022348503145992144,0.01470445831130773,0.000550753898410613,0.0014168945097235799,0.00010553021815558886
150,oscillation_reversal,multilevel,128,46,140,0.0113178999745287,0.034546206907202996,-0.01809595124237733,-0.012064484449358464,0.0011986214729576255,-5.819883823797552e-05,-0.0009790518332253163,-0.0197925986025872,1.7335385220478914e-05,-0.0017995944914776377,0.0007121473725889264
150,oscillation_reversal,multilevel,128,47,144,0.013149499980499968,0.057085111634078,-0.00043036240178337366,-0.032378122047860655,0.03537391321714154,-0.025658154585934536,-0.06614188944575997,0.051357088077498204,-0.04755791450301415,-0.004613258050308293,-0.0032911608683824545
150,oscillation_reversal,multilevel,128,48,110,0.008895000006305054,0.046799165894237056,-0.010806524055050053,-0.019723013857548457,0.008208560658542845,0.02868805383440513,0.022529726928179415,-0.010990267531972507,-0.0036811844653230254,-0.0016433424152880406,0.0037074630842933347
150,oscillation_reversal,multilevel,128,49,192,0.01065280000329949,-0.10230474542655352,-0.007796676154081928,-0.04149621170062593,-0.0027312100063221203,0.022152576204707883,-0.007311030423749729,-0.019911393988810446,0.025487665081153764,0.006052553944001716,-0.00021888359355328176
150,oscillation_reversal,multilevel,128,50,128,0.006761700002243742,-0.022171611579269127,-0.005327608009967265,0.0011976000850003289,-0.004076186590068981,0.011620380016659522,-0.020260735208655727,0.0009235098743822048,0.01552266077181025,0.002444284153772431,-0.012406510254975247
150,oscillation_reversal,multilevel,128,51,164,0.01016520001576282,0.009011408740399802,-0.01687624021676212,0.0439356550916323,-0.04368717812559559,-0.07410736702227962,-0.012319631501808466,0.10658910684222571,-0.06139046131619215,0.00019259839903638826,0.002881117311690331
150,oscillation_reversal,multilevel,128,52,122,0.009932000015396625,-0.013571160293689436,0.00039169719212132806,-0.008309524706498853,-0.006466339566813837,-0.005720394902818389,-0.014779704975564172,0.012409822635393006,0.010949428436786297,0.0009293376789785289,0.008440441109624934
150,oscillation_reversal,multilevel,128,53,132,0.008405600005062297,-0.09096624878630159,0.028578857409525902,0.05834489563103295,-0.0537025531401472,-0.03808088656915638,0.030674391797295603,0.01615567693172583,0.01898522038006373,0.006382200404996864,0.007923052703143212
150,oscillation_reversal,multilevel,128,54,126,0.010441099992021918,0.04772496008016575,0.018996032852031115,0.0825182928901468,-0.06525554323612218,0.017513880680880646,-0.020840419772127458,-0.016250141964805016,0.0387147863353426,-0.0020062928435647265,0.008838096416431882
150,oscillation_reversal,multilevel,128,55,204,0.012826599995605648,-0.03717192639027662,-0.016173692005315862,-0.03186540583028058,0.014937723783553625,-0.029977569282735855,-0.03560805265541895,0.029321399934305346,-0.014917882690169046,0.002979434661853679,-0.0070510114060249925
150,oscillation_reversal,multilevel,128,56,100,0.00631019999855198,0.020984541995561413,-0.002148148334092773,-0.012008866737378835,0.013158973369554424,0.018300755769662808,0.0003612785756409853,-0.04567648429298999,0.008543366300896285,-0.0009360491357207165,-0.0013036650086896149
150,oscillation_reversal,multilevel,128,57,128,0.009381300013046712,0.04695488385090225,-0.012007529739252119,-0.009346723177758426,0.00520923116777391,-0.013639978272366153,-0.009632758433994562,0.010530904544799474,-0.014462934165793176,-0.002571362031928052,-0.0018041995633258608
150,oscillation_reversal,multilevel,128,58,100,0.007294999988516793,0.0703327621942886,-0.05847418885839623,0.011722544755602953,-0.0002497430545829177,-0.030256822470505467,-0.06400918761813021,-0.0006465799770383559,0.037556070344116135,-0.006085007021883798,-0.002245420932608429
150,oscillation_reversal,multilevel,128,59,154,0.011620499979471788,-0.022281614246275148,-0.0040213119707182285,0.022429766073835875,-0.012728905976839752,0.004563907485111303,-0.0037965090559238515,-0.01950896190837476,0.009735584125846596,0.0016333716287608077,0.006076535645221565
150,oscillation_reversal,multilevel_outer,128,0,122,0.01206749997800216,0.02250379384967619,0.0027119419715207526,-0.003488283115357857,0.008888254609435996,-0.016916818847301264,0.007015071193543479,0.009966352789535024,-0.011331414464592057,-0.001453454746126953,-0.003279762999505477
150,oscillation_reversal,multilevel_outer,128,1,118,0.010558099980698898,0.04559816378897611,0.002564761564085621,0.0005443513225767343,-0.000983076289960263,-0.01826939006322747,-0.022398590786180415,0.0012658824702977355,0.010024636109126553,-0.0031720015301092814,-0.005767980616922906
150,oscillation_reversal,multilevel_outer,128,2,166,0.010765599989099428,0.006751609954434121,-0.014792705188431742,-0.009956370787480797,0.007815597532073669,-0.004537827889767462,0.010821631506246342,0.004070873605995787,0.010351205711744358,0.0006758569861225562,-0.0024605282069973594
150,oscillation_reversal,multilevel_outer,128,3,130,0.011072499997681007,-0.027705386287010157,0.009306988778824861,0.007019754475559343,-0.02927931761435183,0.0053023718383636296,0.026507338658847218,-0.00940678216090952,0.02223675419305897,0.001294528986821903,0.006343393139404051
150,oscillation_reversal,multilevel_outer,128,4,126,0.01250770001206547,0.0077335887200493504,0.01186733979528994,-0.012193752688669533,0.0011775458724694523,0.007674264855168808,0.014327725402660616,0.015286288414064746,-0.04071705267364971,-0.0008427091570452478,0.004314062833273553
150,oscillation_reversal,multilevel_outer,128,5,120,0.010497599985683337,-0.0051500907005314735,-0.0075884586722248055,0.008320482457423766,0.014500167306573514,-0.006749728298879845,-0.02308797142905639,0.01275457692315297,-0.00455266550872839,0.00028469733106400465,-0.0012731192426497485
150,oscillation_reversal,multilevel_outer,128,6,128,0.012465500010875985,0.02153403708826568,0.0013723751742990998,0.02161378553659818,-0.010631358487478988,-0.03526401067547204,-0.002947267304412798,0.027180125094613716,-0.026025536155334778,-0.0018015142645185142,0.00017608456633094703
150,oscillation_reversal,multilevel_outer,128,7,114,0.009260299993911758,-0.020495092697182072,0.006842368754320802,0.006501914504529795,-0.003223737191702946,0.038166381412602354,0.008340318939569068,-0.020101623876071346,0.008367250610326405,0.001499276366128978,3.6264564237926154e-05
150,oscillation_reversal,multilevel_outer,128,8,124,0.012486399995395914,0.002487699384176225,0.0037910851963897816,-0.0005088499711028531,0.016112297267725173,-0.006460272718921886,0.0072697244280595045,0.007303572547846868,-0.013381360166663072,0.0006961020696553877,0.001936430243901358
150,oscillation_reversal,multilevel_outer,128,9,118,0.00991329998942092,0.02178824992288627,-0.004771695101700293,-0.004047089234761353,0.001282517719232728,0.008882491033906694,-0.0008038734967487901,-0.004655510689573825,-0.002530140980783289,-0.0015625047060426806,-0.008747688546853316
150,oscillation_reversal,multilevel_outer,128,10,110,0.009185699978843331,0.014440733824182827,0.002560798265619998,-0.0059591899434482,-0.00813542939636815,0.01110819475756653,0.02539720839340952,-0.004450372037348046,0.014439248276699373,-0.0013508847421136259,-0.003000837191426996
150,oscillation_reversal,multilevel_outer,128,11,104,0.006160100019769743,0.016665459790307247,0.004763103119912483,-0.012488239549097526,-0.004882519697294802,-0.006391558649621877,-0.010749530727116896,0.007841366868600224,0.002721189249920055,-0.0006364422074077526,0.004183182156445083
150,oscillation_reversal,multilevel_outer,128,12,108,0.007607000006828457,0.03443477496025615,0.0014849963274907994,0.0005610356689302057,0.0019153721111510903,-0.00842564683013512,0.0023469483823556165,0.01974731456785415,-0.009246290250059509,-0.002379580758245466,-0.0034189145213894033
150,oscillation_reversal,multilevel_outer,128,13,104,0.006495199981145561,-0.026306528985066246,7.914061788435776e-05,0.012348434552546713,-0.004841771776701174,-0.0006227000483262687,-0.003737589078588318,-0.016268847742440456,0.012956065466450764,0.0016943052836091547,-0.007893241981829929
150,oscillation_reversal,multilevel_outer,128,14,126,0.01234620000468567,-0.03259734462965901,0.006656633794906754,-0.002985784083451769,0.020951594423030503,0.018094932095096883,0.017694073943600664,-0.009799094155944058,0.007772992488824096,0.0020125188196697657,0.0036934291754349953
150,oscillation_reversal,multilevel_outer,128,15,154,0.015777199994772673,0.06029415099633415,0.012730711683780423,-0.00983191993806952,0.015089384001970896,0.021402557135069163,0.028036515707366243,-0.008569254866722335,-0.015013519853221288,-0.0033148013895494466,0.005222267643957562
150,oscillation_reversal,multilevel_outer,128,16,112,0.009060800017323345,0.0015360801834391382,-0.011655126781079852,-0.02198857808906434,0.0011516831130710282,0.007245667836775752,0.016499879254378912,0.004438383468141011,0.00237781567768445,-0.00025671182407385285,-0.009356341987600849
150,oscillation_reversal,multilevel_outer,128,17,114,0.009082400007173419,0.006671408522064606,-0.002478470631015516,-0.007639824412356343,0.002186159250773366,-0.0027940188134661795,-0.002170292963054281,0.0002064534835727514,-0.010245290493877754,-0.00022318482678732087,-0.0003677654984644439
150,oscillation_reversal,multilevel_outer,128,18,120,0.010270700004184619,0.001471216423249049,-0.010773598362398587,-0.00014963531630066222,-0.003959263625459984,0.0015140812599395888,-0.007849622405617426,-0.0014053024355849303,0.006729814005834637,-0.00028045452842911055,0.0008898732220440429
150,oscillation_reversal,multilevel_outer,128,19,112,0.00982450001174584,0.10120674036276747,0.029023418235101565,-0.040038711688067566,0.00864723437065221,0.013910768072180895,-0.05301616160817183,-0.010714850432477229,0.017414334617554206,-0.006439888423728668,0.010486603766794588
150,oscillation_reversal,multilevel_outer,128,20,108,0.006546799995703623,-0.0014434725539918508,-0.005479791495243263,0.010500410940725605,-0.025553746497670737,-0.0396869618160919,-0.02717691392295756,0.02322277281664157,-0.014827807955183672,-0.00027861534935084856,-0.0010127902782705999
150,oscillation_reversal,multilevel_outer,128,21,106,0.0056637000234331936,-0.0049403774907455025,0.006336985758548621,0.015284834487369803,-0.01251507978759612,0.007267677935610259,-0.004278852139340607,0.008103001314425798,-0.016783249978236263,-1.6637442178998525e-05,0.007511020990153125
150,oscillation_reversal,multilevel_outer,128,22,126,0.013553500000853091,-0.016910309798789536,0.012293121179227295,0.005366889242230255,-0.015926161142122152,-0.027960585438790857,0.02509746339653022,0.017457474763435888,-0.010009669526877098,0.0020372985588832564,-0.003544837330768822
150,oscillation_reversal,multilevel_outer,128,23,170,0.010815299989189953,0.06222090439785908,0.02602278462644141,0.006627641653595015,-0.013857948149622079,-0.014808271945239487,-0.011946870306112403,0.004394001177914156,-0.014130244733159728,-0.004294171911885941,0.005892309687158232
150,oscillation_reversal,multilevel_outer,128,24,140,0.012062900001183152,0.11027124749547437,-0.014141373748772033,0.02336147943692792,-0.0422603680150309,-0.008909118443760444,-0.07503167535324742,0.04907032380699332,-0.010382297037827226,-0.005325273917597705,0.012706754183034064
150,oscillation_reversal,multilevel_outer,128,25,112,0.009618699987186119,-0.03599029042223718,-0.004784473499656381,0.034979181486566854,-0.03084454570438027,-0.04509472032491506,-0.0477542079440121,0.04879443115274537,-0.027840331378095922,0.001976611829089263,-0.0021274370927931554
150,oscillation_reversal,multilevel_outer,128,26,102,0.00680510001257062,0.02839744321449833,0.006646656489630765,-0.020379177931146485,0.00710520464754142,-0.0018090004160497843,-0.002960574098314096,0.00992790131516343,-0.01709669788299877,-0.0015054310852274453,0.004107718911214889
150,oscillation_reversal,multilevel_outer,128,27,110,0.008965399989392608,0.04000172315557393,0.016119051641822615,-0.01758878999121038,0.02690133276698676,0.032463286931903396,0.05391632435842046,-0.022763031380209024,-0.009222242217392132,-0.0027910498436197672,0.008836706020807796
150,oscillation_reversal,multilevel_outer,128,28,166,0.010971800016704947,0.007445082688712369,0.0037866312574502273,0.0037534754405462124,-0.00415942445138856,-0.006008128107138644,-0.025179429146909377,0.013531688707598282,0.014920032875363528,-0.0008016046441834386,0.0037275658459218312
150,oscillation_reversal,multilevel_outer,128,29,124,0.013305200001923367,-0.026447798450803146,0.002028115138066732,0.017363456674559005,-0.023237791266510932,0.0031476227147510414,0.0006695790226871112,0.013411843455273048,0.004593946211812744,0.0019002714418843668,0.0007981628547775868
150,oscillation_reversal,multilevel_outer,128,30,108,0.005789100017864257,0.0015873409915583558,-0.012278660361828607,0.008834203241574152,-0.007809660894781373,0.018984866080810837,0.017603011963301458,-0.01583312207822851,0.02125439465052393,9.212954776047338e-05,-0.0021110600337427613
150,oscillation_reversal,multilevel_outer,128,31,116,0.00798880000365898,-0.046963680980471594,0.014458986587241377,-0.005613156938127186,0.031070070158471973,0.016692405212738938,0.0013985749581699152,-0.020349507993576293,0.011655199249901283,0.0027275334397289103,0.0013280300105798423
150,oscillation_reversal,multilevel_outer,128,32,134,0.010123299987753853,0.011481445099766233,-0.005860652985936915,-0.0201786261004038,0.0229275584363553,0.01012337596500001,0.013159529931969598,-0.01573998243778089,0.011808401701012433,-0.000991107389907855,-0.0022724900140225234
150,oscillation_reversal,multilevel_outer,128,33,104,0.007590799999888986,-0.006319364244491125,-0.0012534134547520948,-0.00755864266444446,0.011601356053892614,0.00564271768844696,0.0027932079280787417,-0.00624363514801087,0.0013623594099251579,0.0004979706992226382,0.0007865623789929694
150,oscillation_reversal,multilevel_outer,128,34,106,0.005727300012949854,-0.01581401673844996,0.0012607346898289532,-0.011426743379307092,-0.0030406173226897324,-0.005725130318503089,0.003115698327636841,-0.024447630550888992,0.013684539016947295,0.0005521575460070637,-0.0006550656084219317
150,oscillation_reversal,multilevel_outer,128,35,120,0.009189100004732609,0.00354043662636917,0.00046187140980739444,-0.00215142732329683,-0.015130946236062972,0.01410615436140547,-0.002114484861497784,-0.021663794279761235,0.00026762493976907056,-3.330183080715839e-05,-0.004281255564807206
150,oscillation_reversal,multilevel_outer,128,36,124,0.010385300003690645,-0.0029700697697908236,0.0015270048128470646,0.005881121161633754,-0.004556503568505969,-0.00945292505297166,0.003430000999644624,0.008904159114608578,-1.2412163440678538e-05,0.0004973901563573796,-0.0016760697319705077
150,oscillation_reversal,multilevel_outer,128,37,106,0.007335300004342571,0.054066736871596056,-0.011830820496474024,-0.06305906272984045,0.05870308053240446,0.03624550196525606,0.042204748505017986,0.0038284079091362314,0.015321661045979878,-0.00240549020278181,0.008612624866039576
150,oscillation_reversal,multilevel_outer,128,38,146,0.011638299998594448,-0.04189352186034313,-0.006867181415495456,-0.021912291206894825,0.050163816697511285,-0.005687462127964734,0.013520930100393031,-0.0065587887564765735,0.05169289643598067,0.0013823039147867352,-0.008093232134598179
150,oscillation_reversal,multilevel_outer,128,39,104,0.006442899990361184,-0.011452245059812214,-0.00655519845465965,0.0007354223999514401,0.0012497206493752157,0.002411780677158801,-0.0026261873233418085,-0.002020122841631687,0.0034634875400485475,0.0004865077415759624,9.451683066925348e-05
150,oscillation_reversal,multilevel_outer,128,40,120,0.010062200017273426,-0.0014501810766265933,0.003127468095616947,-0.007458442288246586,-0.01419493421537454,0.013306967865674025,0.003131431186036046,-0.010302525468196268,-0.00959434040728569,0.0007156191879190617,0.0018102236537690928
150,oscillation_reversal,multilevel_outer,128,41,114,0.008916599996155128,-0.01523716405873316,0.009555182683708367,0.006115348856220812,0.0030383239045349867,-0.004537380517419853,0.008980681492960468,-0.006249016750407624,0.005673415749764499,0.001912746878778651,-0.004968517412164218
150,oscillation_reversal,multilevel_outer,128,42,126,0.012050100020132959,0.0053250291436816675,0.0004295042800142713,-0.0006695121043117907,-0.0012753726067376806,-0.001814961781237413,0.0016770686352540567,0.003363539183861028,0.0003648915300263131,-0.0006446807626087073,0.002752423057776678
150,oscillation_reversal,multilevel_outer,128,43,118,0.008904199989046901,-0.02787350334814137,-0.0035020072730565744,0.024238696389695114,-0.027400221866552672,-0.001427037305200696,0.028882560657109917,0.006606489494276412,0.007751666796536489,0.0028516418153587695,-0.009084944696587705
150,oscillation_reversal,multilevel_outer,128,44,118,0.011354900023434311,0.026300894130817702,0.016870117352486183,0.0017427373454540298,0.007968326143427022,-0.007194364238516747,-0.011422718746313041,-0.010078416887465658,0.0051418518639428645,-0.0013857096399858327,0.003705112382747076
150,oscillation_reversal,multilevel_outer,128,45,114,0.009837400022661313,0.017264041428840107,0.001979823999441517,-0.006805479432174309,-0.0020438115151728965,-0.005193677360765973,0.003965322181696633,0.00715207619505609,-0.01662915493007458,-0.0016776556537721633,0.0008553069641928151
150,oscillation_reversal,multilevel_outer,128,46,108,0.0061286999844014645,-0.026815067265154573,0.006940219489317205,-0.016601627428958425,0.014545118176292521,-0.00479216894514332,-0.0380338800689085,0.00964040876767962,-0.013927350077085348,0.0017661209145486052,-0.0037468422225865744
150,oscillation_reversal,multilevel_outer,128,47,104,0.006638400023803115,0.0018651955924196787,-0.0005691241756501893,-0.0021726062978045238,-0.004020362741495849,-0.002949461698456116,0.007266469044461021,0.0008001198257558742,-0.0010440280074540485,-0.0003766014869295329,0.00015017555693263738
150,oscillation_reversal,multilevel_outer,128,48,110,0.00940529999206774,-0.0063393858488596366,0.009699005267863967,-0.006428169970379365,0.006679294353107235,0.013447957596160015,0.011848464391316134,-0.012393374496779576,0.0007788787962753156,4.482335630339169e-05,-0.002757973801840341
150,oscillation_reversal,multilevel_outer,128,49,106,0.006735600007232279,0.02436787616850983,-0.018177629142213002,0.039855724647016984,-0.005746169194710441,-0.0010556485505437755,-0.0035479753636841805,0.007030913013983131,0.015913440870674353,-0.001998069243611564,-0.008000917425119035
150,oscillation_reversal,multilevel_outer,128,50,120,0.008788100007222965,-0.010179914642387426,-0.004593434353501109,-0.027431958031001857,0.03642284008450728,0.03078976791799215,0.03704838051333239,-0.01341718804897426,0.013983661312213153,0.0015069378297709046,-0.0022706202809626938
150,oscillation_reversal,multilevel_outer,128,51,122,0.011901899997610599,-0.02701129737859494,0.0032437335908495693,0.003313048048714874,-0.03159708094087738,0.03149139355101548,0.008162797967814226,-0.013546135886011852,0.02397546758204535,0.0019990139665153122,0.009345631504617575
150,oscillation_reversal,multilevel_outer,128,52,112,0.010225800011539832,0.0034497876319589714,0.002879277417896397,-0.012672862618887512,0.006028528176511987,-0.001477664057856327,0.007270650885684954,0.0018121544020488164,0.005592444038960134,-0.0002432851754888432,0.002866404476142459
150,oscillation_reversal,multilevel_outer,128,53,110,0.008426300017163157,0.025626115965758527,-0.0017555060769895423,-0.028710586243872276,0.04941570271986247,0.026316984839095236,0.007593750578174623,-0.027910045910645876,0.012698787500950433,-0.0013966954826186509,-0.0048530035294817074
150,oscillation_reversal,multilevel_outer,128,54,114,0.009063299978151917,-0.003572868532213411,0.012034311651727156,-0.006967611707957884,-0.002853267795813881,0.009101012302439792,0.013289138553523885,-0.0036647680401408755,-0.008334228320161735,0.0003709477324209886,0.001658318584835096
150,oscillation_reversal,multilevel_outer,128,55,120,0.011222300003282726,0.009724742322909942,0.008160944266080185,-0.0003747180143326706,-0.007650196783692874,0.0041927646396204945,-0.0009763648790232082,0.0012339117156213168,0.00016942041908859563,-0.0008723618642718795,0.0021865386685652787
150,oscillation_reversal,multilevel_outer,128,56,122,0.010322999994968995,-0.005537192063144136,-0.00635151847693424,0.006348835603108746,-0.00660686100135949,0.0031185956571540842,-0.0002705434736630495,0.00016200456631849453,0.0033935269683316852,0.00032458502224259276,-0.003632841550110035
150,oscillation_reversal,multilevel_outer,128,57,104,0.006300800014287233,0.0012777727222193285,-0.008588450463350803,-0.0016456245564518423,0.0011529158957984302,0.00206130739908697,-0.005693154152547165,-0.0003632383373180188,-0.0008721498995203266,0.0006119639904474102,0.0035542569728929533
150,oscillation_reversal,multilevel_outer,128,58,140,0.012685699999565259,0.004362275831757118,-0.006893353483115265,-0.03140595425116434,-0.014821123888851798,0.01593411839368323,0.031818877708059315,-0.0030802921270335995,-0.06773141296313537,0.0002567637896403505,-0.002742365677980794
150,oscillation_reversal,multilevel_outer,128,59,108,0.009672599990153685,-0.004506152553658257,-0.00011416744565269539,-0.0018632760061627891,0.0033317093826300153,0.01472988809962702,0.006826516041243412,-0.005537815543408294,-0.001957952856419907,0.00027324784124994954,0.00047099268127837534
150,oscillation_reversal,split_base,128,0,114,0.009773199999472126,-0.029973930939568016,0.0062339416193769575,-0.010500903336910162,-0.014114506705890914,0.007679152738511044,0.01059488245646172,0.02281409820678284,-0.016334104704393882,0.001799678558998711,0.003870306839954649
150,oscillation_reversal,split_base,128,1,114,0.009861800004728138,-0.10434183977925167,0.012547175244933099,0.003105095848351477,-0.012682720338175723,0.028283063554569655,0.03854545834854823,0.009699101493447288,-0.05511133568776268,0.008378057217656425,-0.004135733021142482
150,oscillation_reversal,split_base,128,2,126,0.012713200005237013,-0.008731114973290167,-0.0007331788927337939,0.011358902681353932,0.005676097857301971,-0.0032046471052952935,0.0017367910325842575,0.004508891278694764,0.0097376234947201,0.0005301049424596265,-0.0017665989894810733
150,oscillation_reversal,split_base,128,3,118,0.008329699980095029,-0.050456631003556594,0.0030770515777410147,0.012034320095113077,-0.009721126991511422,-0.03251666136587447,-0.03511062112760891,0.019242836665775913,-0.02420711350911595,0.0036671626856228877,0.0007710187174933891
150,oscillation_reversal,split_base,128,4,154,0.016081699985079467,-0.021599121548978188,0.00035797012737918824,-0.006730595999766982,0.010739893319367954,-0.0038566649562953026,0.007702449500088346,-0.0002756172398811508,-0.0006557955552768162,0.00159385387185659,-0.0032191221340422153
150,oscillation_reversal,split_base,128,5,126,0.01164099999004975,0.08610405765763798,0.013004821937018265,-0.013850047374531025,0.03159773531270019,-0.006826195362502408,0.01218481850796996,-0.014806898748393063,0.00882843051444847,-0.006966061121025109,-0.009209035565128382
150,oscillation_reversal,split_base,128,6,118,0.008297199994558468,0.026115294624798675,0.009176441094379135,-0.0008247939736454942,-0.014053985392160009,-0.005693066779678108,-0.017652596915236185,0.01725499909403594,-0.017443091555048397,-0.0012174648825735426,0.0003991302884870034
150,oscillation_reversal,split_base,128,7,114,0.009507200011285022,-0.035945485931645746,-0.02604940274139836,-0.03209156631771029,0.032869312676266235,0.0260774293682956,-0.009922327853384452,0.018815095998677363,-0.018999629242853026,0.001520035605711996,-0.0012033100349166954
150,oscillation_reversal,split_base,128,8,114,0.008774799993261695,0.034486596304127176,0.004578323521164917,-0.035745424945156076,0.02360058320017583,0.019578109131038524,0.014245254770668764,-0.0029584334557059048,-0.018760053630075095,-0.0018038511761483225,0.002716598135774579
150,oscillation_reversal,split_base,128,9,134,0.009219600004144013,-0.03120507396748883,-0.007740759538889924,-0.01605161543558813,0.008227499269567071,-0.02541957688977282,-0.0007878437059395685,0.015769144098115074,-0.01371318797744272,0.0015394971189594008,0.005443774030546406
150,oscillation_reversal,split_base,128,10,110,0.005950399994617328,0.010886290193243508,-0.006099874422120937,-0.0014405568397517815,-0.0010802727537840438,0.012038635986691065,-0.0021781291395013168,-0.006410290530698007,0.00985700890379485,-0.0009534051057772811,-0.0021381591957316823
150,oscillation_reversal,split_base,128,11,122,0.009942900011083111,-0.007516776150379279,0.0020985640567798306,-0.008252908072007478,0.017569726002245063,0.005903466121697131,0.01745273346534069,-0.010586204758395034,-0.017833446837385462,-0.00033936457336333536,0.005199726116339347
150,oscillation_reversal,split_base,128,12,134,0.010370100004365668,-0.022532725544114715,0.010367546130007848,0.009789838252639706,-0.01128517111827371,-0.007961760800837879,-0.005897004318829302,-0.006121584135085721,0.02573568152907125,0.0011000926505141998,0.0001694507593491878
150,oscillation_reversal,split_base,128,13,118,0.008127900015097111,0.002984119129004391,-0.00413641663464978,-0.0012415179236724572,0.005426122215351792,-0.00753068032416281,-0.0002788689826244483,0.006722633998415691,-0.008752788486734362,-0.0001049841775504213,-0.0001617734421990185
150,oscillation_reversal,split_base,128,14,126,0.012100699997972697,0.02011916862198417,-0.0021562849897833526,-0.0028290906942058168,0.003400731772314958,0.012841828988180388,0.019618556487930476,-4.602690709946053e-05,0.006707785694115407,-0.0018913520044477148,0.0037391514029525494
150,oscillation_reversal,split_base,128,15,142,0.013147299992851913,-0.01210286879305617,0.010196935949305489,-0.00297780764142018,-0.0014129364444860932,0.0069768216972129595,-0.0034171351194437092,0.0040155985840870925,0.009250408585731423,-0.0001319969499240157,0.0016930110403252923
150,oscillation_reversal,split_base,128,16,122,0.010226399987004697,-0.007019159891306109,-5.7743809760670524e-05,0.014522686150863917,0.008968500498305648,-0.02323935790492002,-0.005235820925355815,0.004323796113785271,0.004901482446684911,0.0014401738821923475,0.008027370731071492
150,oscillation_reversal,split_base,128,17,114,0.00936209998326376,0.035913984784550754,0.0013471477873000684,0.005237329271615609,0.0001519930698274624,0.014563319367753878,0.01029077401933827,-0.01678135242551473,0.0016409440077459533,-0.0019548693038802965,0.0004232763028071031
150,oscillation_reversal,split_base,128,18,114,0.009722500020870939,0.03020899753506375,0.0018265857327094952,-0.021895747586594766,0.0275920013812865,0.015579565017819324,0.0170624461968427,-0.019562350669182098,0.0014219399889278182,-0.0019804305166279085,-0.001488550873456165
150,oscillation_reversal,split_base,128,19,126,0.013484900002367795,0.06035171361758331,-0.012370400107166397,-0.030717751956124705,0.027780669946266323,-0.017020085254608092,-0.015948168804629525,0.026720696476051457,-0.02954761627550192,-0.003618187129149118,-0.0017261954125474086
150,oscillation_reversal,split_base,128,20,142,0.01147500000661239,0.00884860376266339,-0.0027572531383350304,-0.013846766737775556,0.0030119507496853284,0.009531111134078887,0.012099874530807426,0.0001224546066348236,-0.007871236655668138,-0.0007203072071021576,-3.500784518449332e-05
150,oscillation_reversal,split_base,128,21,142,0.01360120001481846,-0.013216253451765993,0.0021927119175045697,-0.0031578721235942927,0.0024091231152091504,-0.0006106911660900598,-0.012415534422274627,-0.00045131859230091787,0.00018733451265824652,0.0007853756219752346,-0.0010135136420435617
150,oscillation_reversal,split_base,128,22,126,0.01308549998793751,0.03914707906934274,-0.0038407190684072766,0.00136609217942014,0.00656369610495579,0.009296680700401258,0.01175954716239511,-0.020248567185667844,0.004578889937249579,-0.0021647386441516958,0.0016807056034297489
150,oscillation_reversal,split_base,128,23,182,0.013369599997531623,0.023020682740397896,0.004526638950132278,-0.018347477610038805,0.024676485611218858,0.009733555161487096,-0.0025218611410477215,0.0044650514824264515,-0.006202489997897215,-0.0009002408441021178,0.0018346865644718294
150,oscillation_reversal,split_base,128,24,126,0.013538400002289563,-0.0013799462720432503,0.001965886787362688,-0.019806186386050157,0.036917577161374476,-0.01648990169136077,0.008775370229591907,0.019448970873100165,-0.0042572986641489655,0.0006628155372692868,-0.0014504858385602283
150,oscillation_reversal,split_base,128,25,142,0.011112599982880056,0.04382366112847864,-0.007734162926557346,0.0028903748123246522,0.011025419918793942,-0.020835681834418963,-0.0027363214414765397,0.001719763286365904,0.004295137981608451,-0.0017280417555013785,-0.00235160449872778
150,oscillation_reversal,split_base,128,26,122,0.010466599982464686,0.011895065676329471,-0.011430025154917065,-0.00017175177977568206,-0.0035591906302710383,-0.007565736086467728,-0.008031570705491792,0.01731701212335451,-0.002342697621626386,-0.0012785184219342757,-0.005902143779640179
150,oscillation_reversal,split_base,128,27,122,0.009818099992116913,0.05644202624995733,-0.012690893702531883,-0.007470189746533337,0.006841934701232541,-0.008983315300875221,0.0019260815525525346,0.008473543030933287,-0.01119651472048476,-0.004128310390238571,0.0036676475196364966
150,oscillation_reversal,split_base,128,28,118,0.008311200013849884,-0.06538463247397523,0.011941143871161323,-0.0631209044529114,0.06069356157275305,0.0440865198270682,0.03801627042992799,-0.035706674232819285,0.059173147332537826,0.0044838690243179415,-0.0012907774967015743
150,oscillation_reversal,split_base,128,29,114,0.0097237000009045,-0.032684948354503245,0.0013812469403899515,-0.029374444164804704,0.033538734179717186,-0.015533809256647185,0.00315395359806616,0.019083648558335435,0.0019833854007379557,0.0031075768252055557,0.00023456164711756276
150,oscillation_reversal,split_base,128,30,122,0.010328600008506328,-0.02048093628563075,-0.004535111436291444,0.010150699988864226,-0.01044428592289114,0.001420461354377547,-0.010733854791350392,-0.017059801926237888,0.010544639357851297,0.0011135035241340986,0.004282689283718233
150,oscillation_reversal,split_base,128,31,118,0.010002099996199831,-0.007305874543134266,0.0014908529527803908,-0.011936268828649958,0.012628992531108958,0.010277699821883032,0.01584962433719975,-0.01085847268360296,0.02214317657487396,0.0022284283631933592,-0.0010370818939183714
150,oscillation_reversal,split_base,128,32,110,0.007460499997250736,-0.009892196755854125,-0.0023019847697420366,0.0034848571228662055,-0.0035786134152953663,0.0025040218041981815,-0.0017695138580441972,0.003163668383604151,-0.0046748954637475275,0.0006412369201464389,-0.00016658814975419308
150,oscillation_reversal,split_base,128,33,122,0.010417000012239441,0.004569885157906292,-0.0007334388843628272,0.020835030395475497,-0.017729748913917074,-0.009104052858997732,0.0047409897417334795,0.019803535517337722,-0.02114714260305889,-0.00041683974966089734,0.00027004537414135885
150,oscillation_reversal,split_base,128,34,138,0.012991200026590377,0.039801028890111737,0.002128488549441668,0.006079311504325583,0.03248217045130343,0.009423194872983966,-0.0009739885026794012,-0.007986347130529647,0.007887036314156288,-0.0012503466028346993,0.010488353723265417
150,oscillation_reversal,split_base,128,35,110,0.006458500021835789,-0.04236622471309741,-0.008106707590066698,-0.0031666216676754276,0.015179274253787955,0.018780988761221015,0.0028375518531635396,-0.008680132457160298,-0.0076774180619662655,0.0029530163178903457,-0.0010345059619029154
150,oscillation_reversal,split_base,128,36,118,0.010104999993927777,0.032726874206931614,0.003783834233162606,0.013938586555537277,-0.019675992249421452,-0.017596404949602316,-0.0061116942644753244,0.014664879218723276,0.006385884782207689,-0.0024935566661649635,-0.0001331706988972722
150,oscillation_reversal,split_base,128,37,118,0.00964229999226518,-0.04455717858897497,-0.010903542239115948,0.012934464073364604,-0.010227038443293729,0.0070929662106816865,0.01093328615223384,-0.012448136606096451,-0.005734062129220971,0.0031080246161554804,-0.014666810786848491
150,oscillation_reversal,split_base,128,38,110,0.0067820000112988055,-0.008706958261080242,-0.0037681095592720067,0.00815688363895185,-0.006900306523392248,0.00065088920806647,0.00036412263157118774,-0.006658667747364455,0.0009745948992921138,0.0008677274668657057,-0.0016814732168482296
150,oscillation_reversal,split_base,128,39,118,0.010065799986477941,0.00379466748599677,-0.004327536398872843,0.012433902709764192,-0.012036256401011084,-0.013335796775365689,-0.022328192525283407,-0.007064920610031633,0.02009814109592341,-0.0001520928986120615,0.004272516012666595
150,oscillation_reversal,split_base,128,40,118,0.010365599999204278,0.0032524145419645287,-0.003078651840856286,-0.007450431410867176,0.0008413199963365648,-0.005152389391451686,-0.007483629355546781,-0.010543408838711233,7.184230566489973e-05,-0.000949730313629905,-0.0013385924336070756
150,oscillation_reversal,split_base,128,41,110,0.007176200015237555,-0.00862502145436087,-0.005666452143179599,0.002594428103175729,-0.010384566044039114,-0.008814178036743638,-0.014980183516086187,0.01731428140728271,-0.011795173943192735,0.0003016780366867994,-3.396846021096458e-05
150,oscillation_reversal,split_base,128,42,146,0.01260999997612089,0.029926610075293993,-0.012375345519836996,-2.062536426610199e-05,0.013820740533319411,-0.0048820174611470014,-0.003593481525385983,0.02305755353095933,-0.01686905299250838,-0.0012661193791652248,-0.0007504648381737981
150,oscillation_reversal,split_base,128,43,130,0.013344500010134652,-0.011694392787063714,0.002970073810221189,0.000444068780976108,1.2277585543246475e-06,0.007055427629980027,0.005616276512123032,-0.006762391466633011,0.005110695265375986,0.0006717503885891357,-9.649032830172334e-06
150,oscillation_reversal,split_base,128,44,114,0.009221100015565753,-0.015086274012100675,-0.0019183046824181981,-0.002317653323147476,0.0016211073358543323,-0.00287254683375783,-7.464651808308415e-05,-0.004276770475304846,0.0184666615178871,0.0010312663411358686,-0.001681906576968506
150,oscillation_reversal,split_base,128,45,114,0.009249099995940924,-0.005352795775982283,0.0004835341177596127,0.0027188293225572594,-0.0041229181011263345,-0.004765620381501705,0.007504593308496635,0.0012355961355427169,-0.004806332623129175,0.0003871622555339934,-0.00017848558196030827
150,oscillation_reversal,split_base,128,46,130,0.011574500007554889,0.0023458209304360184,0.0048667602170237795,0.013221302542828545,0.0020830155024264708,-0.026458925568696674,-0.0390252566642231,0.026061293881028146,-0.017473163171281347,0.00044563359777470633,0.0010256171231511947
150,oscillation_reversal,split_base,128,47,114,0.009778299980098382,-0.03535115116320249,0.008624932482565607,-0.0029665315542134136,-0.007135303371710995,-0.005277136049985386,0.014640179139566814,0.01201299292594859,-0.0036649337590606923,0.002774714552719541,-0.0011000650272195134
150,oscillation_reversal,split_base,128,48,150,0.013680300005944446,0.04183906904595855,-0.015388114522487732,-0.02718872677460315,0.03555814268427915,0.006202913312140819,0.006719173795718593,-0.01642004331945552,-0.017697813988567544,-0.0036243138967994386,-0.003996259424277487
150,oscillation_reversal,split_base,128,49,174,0.012362799985567108,-0.10825768462194665,-0.009799677407245497,-0.03443852877685766,0.023576316013144714,0.0014590689698283934,-0.010234863238858648,0.0014583771361217205,-0.0019241506877060298,0.006770623703974511,-0.018453343614811615
150,oscillation_reversal,split_base,128,50,118,0.010846199991647154,0.009290935924467163,-5.4485964581335586e-05,0.0025670630984859543,-0.017750356322859456,0.01626956298775496,0.023763600896087585,0.002518100484397598,-0.010109218254481994,-0.0009286762239658333,0.003250706887772749
150,oscillation_reversal,split_base,128,51,134,0.012695699988398701,-0.00041823181596831844,-0.0018122817754397508,-0.006520416420668844,0.010619817777186052,-0.005622348674068153,-0.0032314554037202506,0.0007578804926181425,-7.054226006549466e-05,0.00031326079869088886,-0.0010658692056515575
150,oscillation_reversal,split_base,128,52,130,0.012399800005368888,-0.001506610081139767,-0.004374136659456953,0.002278104751756438,-0.0015224429492170914,-0.0032868124196580575,-0.0159771575205302,4.97262137941927e-05,-0.006440586627242155,-0.00018264295896122938,-0.0020768811270263565
150,oscillation_reversal,split_base,128,53,126,0.012868299992987886,0.006053192285718985,-0.012634435713264983,-0.004494553672040001,0.004915152433686343,-0.008787068782056621,-0.015664907218399537,0.007433739948487011,-0.00950711687665492,0.00018257194886022498,-0.010049838116755678
150,oscillation_reversal,split_base,128,54,178,0.012539099989226088,0.04135793757342962,0.0002513688682174154,0.02188335662965853,-0.003279938730029369,-0.029570973908019587,-0.03125023750513285,0.019161270238023394,-0.014439001017863487,-0.0021408782663215223,-1.3948817614771826e-05
150,oscillation_reversal,split_base,128,55,110,0.00665690001915209,-0.014461610685377935,-0.007830506196589763,-0.005474249756591139,0.006517247713309202,0.0017222774611177019,0.0030042941322262927,0.006345989600085258,-0.005815128078707242,0.0010057521136602986,-0.0025537312612032882
150,oscillation_reversal,split_base,128,56,110,0.0074068999965675175,0.0592675478263275,0.004238173032723663,-0.026501013283072455,0.026686157358938596,0.016324689940448615,-0.005707492591014384,0.00942303730940632,-0.025172307061426747,-0.0036521682988572834,-0.005308573620429464
150,oscillation_reversal,split_base,128,57,138,0.013995999994222075,-0.017406157149738026,-0.0033833186180723756,-0.012148213542327018,0.014902713897836869,-0.011913641335370111,-0.015527452933652921,0.0008497784892391267,-0.00010624045981676572,0.0007974070600670496,-0.0035192998482294403
150,oscillation_reversal,split_base,128,58,114,0.009756700019352138,0.06940789110497379,0.027330079930194724,-0.010566255481066609,0.019948233987179567,0.049857564985861705,-0.03098785192718692,-0.016163227294219207,-0.01358282602664695,-0.004867837095919052,0.008420560011714862
150,oscillation_reversal,split_base,128,59,118,0.010636199993314222,-0.022737922417893207,-0.009703357055743864,0.006280162285096818,0.006075429148454771,-0.0010502944298512423,-0.005259958290218195,0.017965861828494932,-0.009643347890951106,0.002065392141315825,-0.003404929271784414
150,oscillation_reversal,plugin,512,0,512,0.011533000011695549,0.002644332660760025,-0.0005820688204461125,-0.0009785703186087139,0.002982258835540156,0.0013869661338026507,3.9731416636930254e-05,-0.0009201488163889684,0.0013697917302547082,-0.00023130056566483836,-0.0004249977597208667
150,oscillation_reversal,plugin,512,1,512,0.009661199990659952,0.0006141337947576939,-0.00016056298133543256,-0.0016165728502906074,0.0027289071254184144,0.000915811464825705,-0.0005218553711032524,-0.00018392892778811882,0.0009695427479940785,-4.228740002191432e-05,0.0004511982605950015
150,oscillation_reversal,plugin,512,2,512,0.010121600003913045,0.0040267077340369935,-7.566923248387052e-05,-0.0024300233020339615,0.0034962436296511004,0.001077619204175385,0.0007961616473345266,-0.002074420814491145,0.0019326310129595841,-0.00031558968641193436,0.0002681130948452192
150,oscillation_reversal,plugin,512,3,512,0.0118988000031095,0.00027299511435707806,0.00019923082737200384,-0.0008056072941546196,0.0016245919833630998,0.0004941534899733854,0.0005892439885621904,-5.562699217154421e-06,0.00036499978198215255,-1.2902959792531772e-05,-2.3550281790739123e-05
150,oscillation_reversal,plugin,512,4,512,0.010062899993499741,0.00461248493527723,0.0006037515176498204,-0.0025720731796946184,0.0017195798345944105,0.0027664611713427846,0.0022505847993711248,-0.0025078004175332655,0.001460745303608577,-0.00026871344710385916,0.0009682392482036217
150,oscillation_reversal,plugin,512,5,512,0.012182100006612018,4.2247612807553275e-05,-0.00034771712408289553,-0.0010564832134031437,0.0015684332457018696,-4.81599909779938e-05,-0.0013418537652000666,-0.000637985221070512,0.0016236957948248345,-1.929233889963284e-05,0.0002821119078310726
150,oscillation_reversal,plugin,512,6,512,0.010842799994861707,0.0007052400029278719,-0.0003818170514552112,-0.002508459917078953,0.002660878044408206,0.0007031248823671619,0.0001555027993096803,-0.00030941682405623516,0.000780774207731521,-0.00011694454640291176,-0.00011690808376076705
150,oscillation_reversal,plugin,512,7,512,0.010457800002768636,0.0028831786176953624,0.0005178868464202372,-0.001984184388854248,0.0012478782739552153,0.0030313979640737647,0.0013324189362686409,-0.0018575788056281529,0.0011912023481959679,-0.00022435831909150815,0.00019736231575812036
150,oscillation_reversal,plugin,512,8,512,0.011588199995458126,0.0005733777535293548,0.0004069675174266815,-0.0021253167452977245,0.0018811657331999872,-0.0008949156061435973,-0.0018266209188319157,0.0016892919059941188,-0.0011902991343789222,-6.482258797014785e-05,0.0001504799290110181
150,oscillation_reversal,plugin,512,9,512,0.010727200016845018,0.00010853772056564895,0.0006052030404409347,-0.0010044414877918308,0.001718518739537958,-0.00048242885422128585,0.00035989073069865645,0.0004049922692712934,-0.0012992585591736806,2.445754569101648e-05,0.00036365044600472765
150,oscillation_reversal,plugin,512,10,512,0.010609099990688264,-0.000854666701848602,0.00010864047999366179,-0.0011337492374042222,0.002051003799671307,0.00027766768752483854,-0.0005987570830968736,3.515873076207453e-05,0.0011670028017830862,6.50147382908749e-05,0.00016014542097387657
150,oscillation_reversal,plugin,512,11,512,0.010521599993808195,-0.002697872811666397,-0.0006842910716912532,-0.0020851168645762246,0.0017208987427529414,0.0026842921054488346,0.002406997471467585,-0.002699296731905905,0.00024614959052209046,5.2566063512711256e-05,-0.00017768057822046017
150,oscillation_reversal,plugin,512,12,512,0.01082299998961389,0.0007490476854992219,5.309978491454938e-05,-0.002763185526715305,0.003222036111290918,0.003221954852312223,0.0022736398458259627,-0.0020140509813272502,5.842413603986313e-06,-4.952453243740298e-05,-3.742457643447762e-05
150,oscillation_reversal,plugin,512,13,512,0.009946699981810525,0.00016962554403674712,0.00042832448085756996,-0.0011575931528068995,0.0018663359389095421,0.0006083093240580588,0.0006972273182161783,0.00015451420160991262,-0.00024347074423472715,1.999052654197268e-06,-7.82876971117062e-05
150,oscillation_reversal,plugin,512,14,512,0.01016979999258183,-0.00025117250663855,-0.000417105567438163,-0.0020355051224033374,0.0023363244835571417,4.153478352363812e-05,-0.0015536513386741606,0.0005053731381053216,0.0008358195453257037,3.166472467517911e-05,0.0003960659633666667
150,oscillation_reversal,plugin,512,15,512,0.009582300001056865,0.0026715111680377774,0.00010685662758762311,-0.00396342178082902,0.004462694494841646,0.0019196646918141712,0.0002905763105197903,-0.0016033132933367471,0.0023482050764993797,-0.00014923970285135162,-0.00012007381006897735
150,oscillation_reversal,plugin,512,16,512,0.01061130000744015,-0.00015923843139822047,-0.0002534672934252551,-0.003820454127338175,0.0027978046897989416,0.00041632131197584364,0.001605152577823517,-0.0002851324778251015,0.00010295308684908404,-7.887322849148963e-05,0.0004911874370783367
150,oscillation_reversal,plugin,512,17,512,0.01071790000423789,-0.0019019792950945504,0.0012221577525465355,-0.003442632157269141,0.0035218816604080266,-0.0005016053589366864,-0.002493297406393501,0.00018754522997481592,-0.0013734213447937763,1.7299822760332684e-05,0.00020423503258866274
150,oscillation_reversal,plugin,512,18,512,0.009727099997689947,0.00370374961411702,-0.0005178186919082369,-0.0012762431857361739,0.0011429186310155989,0.0012318391511824888,-0.0004101217888597626,-5.9276963386675196e-05,-0.00015346052929729416,-0.000301623331131364,-4.069449185291395e-05
150,oscillation_reversal,plugin,512,19,512,0.010924400005023926,-0.0007998850126505841,0.00031938692536602025,-0.0005935083159707684,0.0008217078418751687,0.0009573619341468076,0.002023133234289476,5.7901377136641266e-05,-0.0007083576314507286,4.1538788701546524e-05,0.00041830109740301983
150,oscillation_reversal,plugin,512,20,512,0.010704799991799518,0.0004916900255846828,-0.0009771524326870466,-0.00035200089827753205,0.0002932819349105201,0.0008164716078175201,0.0006506623266747237,-0.0005057149491097089,-0.00018766862675504852,-1.485118732129988e-05,1.7970261834625e-05
150,oscillation_reversal,plugin,512,21,512,0.009785100002773106,-0.0003490706672292157,0.0004164888693894652,-0.0004895613941710699,0.000916815857097437,0.0001891035637946253,0.00047889578721084953,-0.0007573621919642243,0.0011572514451408079,5.1395886007547696e-05,-0.0003388375180097025
150,oscillation_reversal,plugin,512,22,512,0.011068399995565414,0.0012929176152802248,-0.00029186288298182393,-0.0015705566994460934,0.0012519841392964457,0.0008263979342133252,-0.0005572302592268868,-0.00035638945205725153,0.0006114006316228809,-3.0178308282622647e-05,-0.0002538300534324242
150,oscillation_reversal,plugin,512,23,512,0.011584199994103983,-0.00022774314981240088,0.0014353464753236005,0.0015705076130123326,-0.0009715884765256973,4.0490431168892826e-05,0.003716702664216612,-0.001048988510247347,-0.00015219436657930898,-2.515279112361655e-05,0.00033344269357965674
150,oscillation_reversal,plugin,512,24,512,0.011546900001121685,0.001264700527376477,-2.954280249458693e-05,-0.0014331919907829796,0.0006496686239267065,0.0005364695053943037,0.00044836151216629466,8.932510889774411e-05,-0.0006632103253034049,-0.00012947091808144915,0.0001460872671708495
150,oscillation_reversal,plugin,512,25,512,0.011039100005291402,0.0027128889970127203,-0.00021718814416099892,0.0005107263542887772,0.0012188442039744048,0.0010673877591118373,0.0008265165776330422,0.0006497371748378822,-0.0011065452799170832,-0.00017799330932697505,5.619438062221122e-05
150,oscillation_reversal,plugin,512,26,512,0.010655899997800589,0.0008264633576137847,-0.0008883505290303842,-0.0013734600999498858,0.0020449630440583576,0.0005612523316183275,0.0005750005114053479,-0.0008497023822717525,0.002441902835481602,-4.5670457249603254e-05,-0.00011313648282818372
150,oscillation_reversal,plugin,512,27,512,0.009742900001583621,0.005614264009915188,0.000755872145858716,-0.0009608731795156424,0.0011978455698330639,0.00018774900914982675,-0.0014940945410544069,0.001203506863684278,0.0011028351428084252,-0.00038230153915525976,0.0007110222204484317
150,oscillation_reversal,plugin,512,28,512,0.010860500013222918,0.0021810951492505794,1.20195700837484e-05,-0.001452459644179952,0.00298678541942012,0.003777477417380386,0.002918338603308645,-0.001548122585670137,0.001447633551104792,-0.00016789510568783323,-0.00011560650675113107
150,oscillation_reversal,plugin,512,29,512,0.010891799989622086,0.0005991656154252392,-0.0002628050762132726,-0.0019061760971577578,0.0019837127151259323,0.0021680075545419094,0.0023433008941883137,-0.00011187730261957659,0.00010165945101480928,-9.461850294701325e-05,3.932690726953996e-05
150,oscillation_reversal,plugin,512,30,512,0.010061100008897483,0.0012078472654504038,-0.00027869165056528737,-0.0007844806295488149,0.0016636470228169277,0.0007314335013938194,-0.0009283922730395919,7.301600320753288e-05,0.0002106336655819602,-3.8531218441891204e-05,-0.0002439513538740385
150,oscillation_reversal,plugin,512,31,512,0.010491699998965487,-0.0004911755868810205,0.000711984519942999,0.00018769461999731761,-0.000926697736813536,0.00013444984690937518,0.0001969238869940853,0.0016367814627264166,0.0007733728184943361,5.451292415287286e-05,0.00034351416589173297
150,oscillation_reversal,plugin,512,32,512,0.010910900018643588,0.0033482381299299005,-0.001380211891032435,-0.002725343777642121,0.0034852921675416486,-0.000768038815034601,-0.0010010064042239493,0.0006221147082232179,0.0012819352459837673,-0.00026826943138655816,-0.00018585120206196713
150,oscillation_reversal,plugin,512,33,512,0.010596300009638071,0.0045141075180278505,0.0006461649533723669,-0.0020217254769968264,0.0022630062866208682,0.0004078586445912289,4.051635029759789e-05,9.644199950918412e-06,0.0007503425954817507,-0.0002622376427082577,0.0003201193803313822
150,oscillation_reversal,plugin,512,34,512,0.009770800010301173,0.0011188129710624443,-0.0010776617368527604,-0.0026390680075837705,0.0035537289088093315,0.0007991998559118945,0.001053603650385009,-0.0002231548669597344,0.0008221548094044018,-0.0001372510079039629,-0.0009312487647200657
150,oscillation_reversal,plugin,512,35,512,0.01111640001181513,0.0006836741520113781,0.0010097804876336173,-6.0206409146918534e-05,0.001291991702361637,0.002519391225578302,-0.00017583294568472438,-0.0022794025461130665,0.00034116171046963444,-7.173996277724398e-05,0.00014950864421536255
150,oscillation_reversal,plugin,512,36,512,0.010709499998483807,0.003938911776410549,0.0005456257039471448,-0.002422211501848292,0.0031472813448794627,0.0015852728514673987,1.533765877547239e-05,-2.227152628378895e-05,-0.0008914058186380712,-0.0002942578825648558,0.000106226642465381
150,oscillation_reversal,plugin,512,37,512,0.010240599978715181,0.003559206114580698,0.0003023840841857928,0.0005576885901377562,-0.0007840433305766406,6.990998069292203e-06,-0.0003047735083896674,0.0004997840900029157,4.664632005764443e-06,-0.0002421744525091076,-0.00029040789865122354
150,oscillation_reversal,plugin,512,38,512,0.010636199993314222,7.381230028009402e-05,-0.0010961991163346693,0.0006870148690161869,-0.00013864649364318568,0.0008677474643893054,8.002241866463143e-05,-0.001363272052669234,-0.0005568257943790336,-2.5074045733004776e-05,-0.00012707845517337366
150,oscillation_reversal,plugin,512,39,512,0.010178399999858811,0.0020503901498728893,0.00040958669513688266,-0.0017890352657347233,0.0011612155431962622,-0.0003965993973731022,-0.001137245229339633,3.504892839008826e-05,-0.0002890822686838143,-0.0001265542446553106,0.00019566362792865978
150,oscillation_reversal,plugin,512,40,512,0.011075800022808835,-0.000594915006211779,0.0007178230862285133,-0.001694362045313939,0.0015293330521097207,0.0005040367146051201,0.00024210793709759535,0.00017508699786332812,0.0013032508644540996,2.2729719889041593e-05,0.00031683522651328004
150,oscillation_reversal,plugin,512,41,512,0.010993900010362267,-0.0009461647160906858,0.000477849887623484,0.0005597757935581317,0.000491810157198945,0.00021682694670078248,0.00020868622853597202,-0.0002785782455891888,0.0005199640039360981,9.679448586236282e-05,2.9622046486816663e-05
150,oscillation_reversal,plugin,512,42,512,0.010234100016532466,0.00010826368366324715,-0.0006966509341902362,5.3361803483860676e-05,0.0010751056600733363,0.0013626999041715041,0.0006242406817704845,-0.0023572334874627328,0.00037029484882032687,-4.195587963328146e-05,-3.440449847500019e-05
150,oscillation_reversal,plugin,512,43,512,0.011432300001615658,0.001315791078042869,-3.4182485929759835e-05,-0.001738862463955425,0.0025515337848796104,0.0010330889207703098,0.00015712554687658626,-0.0009105405050776693,0.0003848626281273212,-0.00013220450930423542,-0.0001936380283705234
150,oscillation_reversal,plugin,512,44,512,0.011840099992696196,0.003739374355926499,-0.0008810601150066703,-0.0015017371141284892,0.0013146367390786653,0.0007813366107305263,0.001883538001891022,-0.0016534511464526519,-6.537273896234018e-05,-0.0002489948177203702,-0.0003563258930516531
150,oscillation_reversal,plugin,512,45,512,0.011161900009028614,-0.0024388607337214726,-0.0005115694631044408,0.000150121410925786,0.001108401429849011,0.0012890625059456557,0.0016717212713487774,-0.0001240231007886966,-0.0008267930536316815,0.00011820812981394111,-8.4532012705885e-05
150,oscillation_reversal,plugin,512,46,512,0.010338299995055422,-0.0008665029121619851,-5.0087280177042526e-05,-0.0020638351111587874,0.0022673637823729252,0.0003707427137578638,3.228502752914768e-05,-0.0003422422210033077,2.576515287221442e-05,7.267407175288562e-05,0.00019498209375872215
150,oscillation_reversal,plugin,512,47,512,0.010902299982262775,-0.0022066595913244396,-0.000340266493008654,-0.001600014826654792,0.0018277349319264394,0.0003662705889841013,-0.0007327103941001421,1.2254261285101814e-05,0.0004800105169426577,0.00021974173356778298,-1.2089818857698391e-05
150,oscillation_reversal,plugin,512,48,512,0.010700399987399578,0.002213159901490962,9.080783808136857e-05,-0.0014034715327506354,0.0011893718583555963,-0.0019276759377347772,-0.0017513323029261388,0.0009560323934678874,0.00029887026496610794,-0.00019211378034735772,-2.0620569103685868e-05
150,oscillation_reversal,plugin,512,49,512,0.00929689998156391,0.0035342458569796557,0.0002977601762806935,0.0010376060315033556,-5.7275440859398104e-05,0.0008363737359737335,-0.0005492116153333683,-0.0010697498803511243,0.0011676551965009115,-0.00022594440325233818,0.0004083976015578783
150,oscillation_reversal,plugin,512,50,512,0.009724000003188848,0.0016410477636132309,0.00027561807602731285,0.0003097019199745027,0.0003616374682039669,-0.0003646336500316721,-0.0009917557796601296,0.0012141468135844862,-0.000665275455451918,-0.00016839508363329254,-3.4273486165088033e-06
150,oscillation_reversal,plugin,512,51,512,0.010764100006781518,0.0013210396439555512,-5.3397455213421324e-05,-0.001131427648731678,0.0007213870557978908,0.0009372691542359559,-0.0009828714009483368,-0.0013438559307771187,0.0017112195333162023,-6.80778011989471e-05,-0.00025482317207241415
150,oscillation_reversal,plugin,512,52,512,0.009801200008951128,0.0006655569439266301,-0.00013334923410262647,-0.0016798657662839436,0.0029880492224868584,0.0007512351096291822,0.00011508952121453381,-0.00020086363998544871,-0.00010933777178203073,-3.426906029944369e-06,-4.8372187348760214e-05
150,oscillation_reversal,plugin,512,53,512,0.010383899993030354,0.0011980245792898175,8.815993376160013e-05,0.0008846355649181973,0.00015537536311739238,-0.0003406419597407084,-0.0009033397130913821,0.0002228503632084111,-0.0005883718583003043,-9.17927018893231e-05,4.536684559830662e-05
150,oscillation_reversal,plugin,512,54,512,0.010381200001575053,0.003142858697641325,0.00033251728368624485,-0.001490891005694742,0.0028763044860004756,0.00018640286267525822,-0.0012776523386686385,0.00037649504612440146,-7.935156909261934e-05,-0.0002863338595428822,0.0003528872584192098
150,oscillation_reversal,plugin,512,55,512,0.010416300006909296,-0.0018277337084716752,-0.00017928011785650977,-0.0017443456124053517,0.0017920622071118317,0.0012863269879893693,-0.00013046587226100276,-0.0013208428907448,-2.026332800212153e-05,0.00015307005058556498,-1.631700900453606e-05
150,oscillation_reversal,plugin,512,56,512,0.010169100016355515,-0.0013897079140823983,2.9615855941765985e-05,-0.0038588593965924434,0.0034110573837744206,0.0030547027606775664,0.00026659149555642873,-0.0015077315956908038,0.0009646911837506504,8.7699909431685e-05,-5.8562629525726164e-05
150,oscillation_reversal,plugin,512,57,512,0.010914400016190484,0.003980751394863871,0.0012380011919095723,-0.004228526823122545,0.002515840968251763,0.00025065352696782586,0.0009461117120296675,-0.0021544870690060535,0.0006801374567463202,-0.0002966051857100769,-0.00011940750999412236
150,oscillation_reversal,plugin,512,58,512,0.010326499992515892,-0.004253997927115086,-0.0009642626334918934,-0.0039032676390946797,0.0047832065382213285,0.000992868607857481,0.002340086016667426,-0.00370892948530804,0.0015009224124957114,0.0003008463368258489,-0.0007717220046856545
150,oscillation_reversal,plugin,512,59,512,0.010429900023154914,0.001928433028554427,0.0005365258961140452,-0.002621612740097378,0.0018214396893192332,-0.0009648461332704806,0.0002720248073148985,-0.000244794137000045,0.001963558461968385,-0.00011011866824196746,-6.769330263022507e-05
150,oscillation_reversal,multilevel,512,0,533,0.020636200002627447,0.032554505353676134,0.002352637122948217,-0.0014936722971143417,0.008038991385758315,-0.03652592096282826,0.014784801069473687,0.017640566649732056,-0.002992094784554572,-0.002146967127236815,0.0021061514405604108
150,oscillation_reversal,multilevel,512,1,485,0.015589099988574162,-0.01646206236061276,0.008727814295541873,-0.011453554659086396,0.0029001369144490874,0.01298095192725256,-0.006658233025995274,0.0032041698293608575,-0.010475763871858506,0.0015454233462695434,0.0024367552585168608
150,oscillation_reversal,multilevel,512,2,545,0.018281900003785267,0.02166683460178139,0.011264932023237658,0.0029018913930211627,0.009476897441560942,0.01055165119458684,-0.008444755952782917,-0.015132641080492963,-0.014685985852083255,-0.0019207935572389198,-0.001048475893131885
150,oscillation_reversal,multilevel,512,3,583,0.021336099976906553,0.004911960419448489,-0.009283548623392954,0.018047669896071383,0.01068184794169252,-0.021724352697034446,-0.010802711356579049,0.016774771253696606,-0.011340370758442743,-0.0010215256247148427,-0.0011479327853663461
150,oscillation_reversal,multilevel,512,4,497,0.017197999986819923,-0.033193745881178384,-0.0035809461586886154,-0.008617614032156141,0.014408544950442354,0.03061946005979834,0.028306145564551268,-0.025958745834129344,0.017334409317124187,0.0012890363282300884,0.00028085561183892067
150,oscillation_reversal,multilevel,512,5,463,0.013337700016563758,-0.022072893526208615,-0.0015599829441758418,-0.012653558979798203,-0.008010757946664507,0.01828752237483338,0.005032726609070471,-0.03242368301071594,0.039408454119766886,0.0013851208684534462,-0.0030248631745270946
150,oscillation_reversal,multilevel,512,6,469,0.017126499995356426,0.003192025003098012,0.00046463871650031494,-0.01359363933314357,0.002256493025966726,0.017554804379681037,0.010888728570949016,-0.018236125471487376,0.011188744741713741,-0.0008528607128856153,0.0020608581013672952
150,oscillation_reversal,multilevel,512,7,585,0.019057199999224395,-0.012317076657886854,-0.0034270140967272334,0.007253852026318869,-0.001546046042114404,-0.007680637947473873,0.005645727916295082,0.0012236856575213826,-0.0106453491962225,0.00044305699610422167,-0.0022648436728711116
150,oscillation_reversal,multilevel,512,8,479,0.01530349999666214,0.10171609484835258,0.005724872876155311,0.0047454367268881985,0.009338096850580244,-0.038719854511613944,-0.023729221146217772,0.03401550630392555,-0.036028576337723224,-0.007887487393672796,0.007193518804567036
150,oscillation_reversal,multilevel,512,9,579,0.01861349999671802,-0.005744412266060757,-0.014857529067354878,0.018272488729041938,-0.011339881637932207,-0.009216064912687413,-0.014519094481895837,0.002975715606015323,0.011600019411804906,0.0008152882146072857,-0.002228863761997563
150,oscillation_reversal,multilevel,512,10,505,0.017351399990729988,-0.03462662449059549,-0.0012467953565601844,-0.002328856293650834,-0.01949649291393348,0.009782345141796305,-0.010726146393154437,0.01048513618226609,0.005201037344175488,0.0029449355487844125,-0.0002353650649971416
150,oscillation_reversal,multilevel,512,11,491,0.015416599984746426,-0.02615429963032733,0.014629715593020167,-0.011509483369021373,-0.011652057567980496,-0.0316061861523483,-0.018448087473381412,0.034863026699337996,0.0034546645412651903,0.0015200615450073195,0.004039701765047574
150,oscillation_reversal,multilevel,512,12,457,0.016388499992899597,-0.01855802715913606,0.007813408132117314,-0.0037084212623919666,-0.021563729596185615,0.003236810688122155,0.0009483529605802935,-0.009731177391524931,0.03253468747116455,0.0014715138309425479,0.008980182267418877
150,oscillation_reversal,multilevel,512,13,507,0.014794899994740263,-0.000143944416912195,0.009822172457454738,0.0006180990981402158,-0.0040420464549462696,-0.008339949833813058,0.002696355520426016,0.0050226038201203384,0.015092342489163699,5.8468153002627695e-05,0.0012697218743301002
150,oscillation_reversal,multilevel,512,14,531,0.01944910001475364,0.023256445645390585,-0.002774781857174523,0.023600358016104852,-0.003715667805405995,0.0014546587731200798,0.007100663339804811,0.01147754414045508,-0.008281355474674923,-0.0011043354462523679,-0.0006221347358343586
150,oscillation_reversal,multilevel,512,15,481,0.017239100008737296,-0.030205944411945768,-0.007436364213879826,0.003686464188086235,0.0001905333267283716,-0.0003810949775858775,0.0048815058155786475,0.0020008865754745997,0.010635623429463234,0.002543047551556226,-0.002904289223291471
150,oscillation_reversal,multilevel,512,16,563,0.017639300000155345,0.01679287976723618,-0.009365025205985197,-0.0027859080097955465,0.007890638241446087,0.008341406547344644,0.007425563995425914,-0.006903390037484278,0.002669317841642743,-0.0020420778486838617,-0.003831602028725469
150,oscillation_reversal,multilevel,512,17,501,0.01500559999840334,-0.023442191700093477,0.00410253201035876,0.007738240898725463,-0.002481120872340389,-0.017782342044189284,-0.003697815160269154,0.007703407062466585,2.1593404945367028e-05,0.0013609589068456504,0.003949058997149077
150,oscillation_reversal,multilevel,512,18,449,0.014949899981729686,-0.0029965375105479295,0.003979569823400465,-0.0019895071744309473,0.009255624614385732,0.008035917899683795,0.012506419689819307,-0.005964637261957116,0.0024335576136806534,0.0006877993124860046,0.003871349036331885
150,oscillation_reversal,multilevel,512,19,479,0.014288099977420643,-0.003991146371526505,0.005399649479314522,0.014229977138053674,-0.0018496354124760215,-0.009337933597283297,-0.007543518730635411,0.005109296528432659,0.002865538779698165,2.6913790854184557e-05,0.008260461808969747
150,oscillation_reversal,multilevel,512,20,475,0.017645299987634644,0.006151127222759362,0.007244321646578771,0.019281035493719813,0.00914020717216417,-0.003998774129626556,0.005309840832960534,0.006057722742375766,-0.009164434035652515,0.00040430223103997686,0.004638361340854386
150,oscillation_reversal,multilevel,512,21,453,0.013357200019527227,0.034566761617448254,0.010070679031958907,0.02607930564893267,-0.01462461645689529,-0.01916413523016276,-0.008726749755781405,0.008310099033881857,-0.010016899097056152,-0.0021354164846370633,-0.0019093909811990913
150,oscillation_reversal,multilevel,512,22,461,0.014942700014216825,0.024710771913679815,0.0037022093613810455,-0.004278255119052191,0.006097561881882058,0.0001004644438710034,-0.005138683955232035,0.006560373288454922,-0.009016691308838535,-0.0018121502344011632,0.002147516356645542
150,oscillation_reversal,multilevel,512,23,577,0.018140300002414733,-0.0005798950387475354,0.007199590961737915,0.005058953577065678,0.0017341463721952377,0.004952391099743863,-0.004118700302016851,0.00989583370462107,-0.025838560750976396,0.0009145224416974818,0.0047631984968843875
150,oscillation_reversal,multilevel,512,24,465,0.01506500001414679,0.020443155989855587,-0.017168424891793082,0.004797176753041225,-0.002639898376883255,0.005790511743561899,0.004130698606152968,-0.00040104111794997914,0.027224103695635455,-0.0007110691040763922,0.0012476834106805365
150,oscillation_reversal,multilevel,512,25,511,0.01639089998207055,0.006354194455163579,0.016408994355195626,-0.00867215045418734,-0.0018213653720211018,0.006877747811510529,-0.011600082562710941,-0.002048924410993063,-0.009309357228309058,-0.0006207452013929528,0.006374808514488849
150,oscillation_reversal,multilevel,512,26,459,0.017218499997397885,0.03104627699650133,0.001669412429273405,-0.02337334624818255,0.026260188119454828,-0.03285755474641786,-0.010059580935419898,0.02664162651857069,-0.004223975009591554,-0.0025755825255639824,2.7717255160404086e-05
150,oscillation_reversal,multilevel,512,27,603,0.02007999998750165,0.028456844443230177,0.008134060808017088,-0.0051860830022940575,0.004092109798064056,0.028430763238702413,0.014239155977366958,-0.030383957498125412,0.023856506189392945,-0.0004300593267565308,0.004415742492493125
150,oscillation_reversal,multilevel,512,28,603,0.020534499984933063,0.006972634903710676,-0.005587706310137985,0.015470748414808107,-0.01435919520831367,-0.023672245027573948,-0.020055910267076656,0.005944158480419616,-0.008176171374448787,-0.00046350554556094594,0.004488289048967928
150,oscillation_reversal,multilevel,512,29,543,0.016927899996517226,0.013271846914509994,-0.006630747581582519,0.00963688099965252,0.0008287766555173677,-0.007570831031822981,0.02892077200597838,0.01665123434736116,-0.010654844135875297,-0.001070592840097837,0.0024836441373920423
150,oscillation_reversal,multilevel,512,30,427,0.014059500012081116,-0.005302336673833024,0.01192584335363575,0.027052886882967524,-0.02199285772865192,0.012861659166680391,0.003544276131375289,-0.014048935270543335,0.0030454494284570545,-0.00011601584487615866,-0.0010832242017042558
150,oscillation_reversal,multilevel,512,31,451,0.014775599993299693,-0.003926108984083584,0.0006779501912340212,8.419132831889611e-05,0.008827163638983832,0.0034067196134001253,-0.0009803506551098954,0.003960950740016812,0.011928090266810323,-0.00021914821733798234,-0.0014601254351398446
150,oscillation_reversal,multilevel,512,32,547,0.020017500006360933,-0.018237182723881015,0.021603184727878914,0.025165359186110084,-0.03452194315886186,-0.0036212278759537296,-0.017855572841445726,0.008116580907309994,-0.027296037026810105,0.0013981064280592294,0.0037872932457648756
150,oscillation_reversal,multilevel,512,33,523,0.016359100001864135,0.0025870257755070056,0.004680854593896223,0.023082568471249638,0.0034552063425608184,-0.0019677010813751155,0.009980548369030217,-0.023773447132122993,0.02371880594250511,0.0005266384371620711,0.0035103634432277265
150,oscillation_reversal,multilevel,512,34,627,0.020325500023318455,-0.011175383797456208,0.007170875721307273,-0.03239241961428413,0.022751615873052022,-0.015483532939425703,-0.012775554676870008,-0.00372392965531722,0.009524445780974476,-0.0004373758385948639,0.005130124728620231
150,oscillation_reversal,multilevel,512,35,449,0.015628299996023998,-0.016048863101045956,-0.0035375953276642674,-0.005914444319997099,0.007495853696928579,-0.002028049712893651,0.013806200342916521,0.01331891791866327,-0.004803813895491592,0.0018684938198989197,0.0019847717064110275
150,oscillation_reversal,multilevel,512,36,477,0.015298199985409155,-0.0006428103921230811,0.00644037603916547,-0.012928734386946724,0.01209210106854009,-0.002969415751401339,-0.004800236288814871,0.0027261522063947935,0.020324778089513326,-0.001339241123388807,0.002811662722855094
150,oscillation_reversal,multilevel,512,37,421,0.013264499983051792,-0.012895433001794054,-0.007154067533588878,-0.011579358464328778,0.005906141087420913,0.014808297398478101,-0.009057719567852509,0.004585214209225787,0.0017618993360446204,0.0010820511931519733,0.0020131128485892558
150,oscillation_reversal,multilevel,512,38,563,0.01768759998958558,0.007662617686977556,-5.434599627061173e-05,0.002872444198419214,-0.01304997485555703,-0.010836016732213632,-0.011674146802385347,-0.004967069141245273,-0.010529395982410308,-0.0010683415550245849,-0.001658089244905042
150,oscillation_reversal,multilevel,512,39,557,0.01849649997893721,-0.03383390218169242,0.004231639492867049,-0.011218634663308233,0.021600571048341448,0.006849273448384234,0.006099783213415877,-0.004594469880738551,0.035891320845557156,0.0024443170095154424,-0.006280601067318376
150,oscillation_reversal,multilevel,512,40,483,0.016941699985181913,0.02968852924908537,0.011002878966223907,0.0139563440389486,-0.0036812984589872817,0.006602697675664842,0.005284084837836359,-0.02418251685044708,0.008039967250525191,-0.0022714036891055365,-9.539853974428144e-05
150,oscillation_reversal,multilevel,512,41,567,0.017954700015252456,0.006929764536823407,-0.003786943161701716,0.003862274084818627,-0.008094518712241757,0.009428720021526775,0.003209867727121294,0.005080369175389119,-0.008551536195661095,0.0007955443592474931,-0.0037636769012491652
150,oscillation_reversal,multilevel,512,42,537,0.017270300013478845,0.02040586108244606,0.012149805569422207,-0.0036840818076403934,-0.008580241213470086,-0.005650908077158918,-0.0025188182072414106,-0.01439146168937435,0.007093347353982714,-0.0004145321703011524,0.007941910585784646
150,oscillation_reversal,multilevel,512,43,479,0.016658600012306124,0.022613452483824667,-0.009057698011145853,0.0025946562049136463,-0.004161440123977483,-0.01564398972643431,-0.02473749526238857,0.0074004414433647605,-0.005213184438695855,-0.0015329387702202435,-0.005183594870306417
150,oscillation_reversal,multilevel,512,44,547,0.017419699986930937,0.06782616404996848,0.007582458235619199,0.02080820575969791,0.0028734531630389684,-0.014760523799855194,0.0010554788994965145,0.011231612854179847,-0.0005282048832883174,-0.003739741594791974,0.0027788109522394453
150,oscillation_reversal,multilevel,512,45,465,0.015362300007836893,0.023486500479458133,0.0025774642698859675,-0.0030465296602716686,-0.009137246458233337,0.008980986288810127,-0.003806101178378994,-0.01225722039090918,0.028181102072108735,-0.0015442476036075356,0.004212873784143323
150,oscillation_reversal,multilevel,512,46,479,0.014818600000580773,0.028171142773636238,-0.015909680237325727,0.0063403237088693176,-0.0182645476135609,-0.005098545629150488,0.00289682433035621,-0.0051827888157975075,0.015172857123206375,-0.001705578952943357,-0.003307075704162153
150,oscillation_reversal,multilevel,512,47,535,0.019154600013280287,0.025301903050955643,-0.002429967255101571,-0.011214763130543787,0.006802094314699624,0.008745607759354498,0.012477716347470726,-0.013231888105209227,0.0034709402044947606,-0.0018697552122148083,0.0008869057996653769
150,oscillation_reversal,multilevel,512,48,563,0.016179800004465505,-0.00259570020799027,-0.008168926146899113,0.004203651202224827,-0.00348901305914742,0.027067793293794117,-2.4843219750940513e-05,-0.02650559843061742,0.01781981217004059,0.0009369536427625859,-0.002283733383238918
150,oscillation_reversal,multilevel,512,49,445,0.013388599996687844,0.01130758814360796,-0.011985636389649017,0.0017805149274607677,0.002959745941204373,-0.003301127440826359,0.00356512537614663,-0.002088385011106156,-0.02253150043942279,-0.0006420377746899802,0.0015072096118697413
150,oscillation_reversal,multilevel,512,50,453,0.013173600018490106,0.03216417751379605,0.00558941218400144,-0.015674207291411873,0.0009497477717593839,0.008674095058968372,-0.023553874860487628,-0.007019173066547515,-0.022802564575674603,-0.001588354982837219,0.0032427595520949887
150,oscillation_reversal,multilevel,512,51,455,0.015112099994439632,0.0275064561499601,-0.0050469491657421,0.011416907901959235,-0.019573886493724896,0.002433856317551027,-0.0060225948859718974,-0.002717096970477893,-0.003372728110467076,-0.001648424466234336,0.003227330334803517
150,oscillation_reversal,multilevel,512,52,535,0.018644199997652322,0.041515788885907234,0.0064479888658081465,-0.00832665198943995,0.007936686546956298,-0.016544617097871687,-0.005596513656950927,0.01021448122268615,-0.002680042436274756,-0.003207945347852039,0.0005099713055056128
150,oscillation_reversal,multilevel,512,53,573,0.017887800000607967,0.01960662385946295,0.008255859602758408,-0.009599229007778232,0.003854038202732307,-0.0017088146452237324,-0.016369118668504632,0.007666149809026589,0.0029296189556866827,-0.0012778243431750312,0.001491186045277695
150,oscillation_reversal,multilevel,512,54,531,0.01658659998793155,-0.004208908302016507,-0.0059626395347220735,0.024193608979183125,-0.026953255496473493,0.0009804653585682218,-0.01401912057128976,0.02502798514141355,0.0031010087314730754,0.00045252053917030756,-0.008303891034035242
150,oscillation_reversal,multilevel,512,55,557,0.01784740001312457,0.01681022550022035,-0.0021848210379158107,-0.01074385677171836,-0.001482596759395543,-0.0018036972170608707,-0.014552264820836108,-0.0017362286674709238,0.03395637985582025,-0.0009629970963366995,-0.0032642695865263017
150,oscillation_reversal,multilevel,512,56,617,0.02049799999804236,-0.05083704802909963,0.01406389956070443,-0.0380142226393393,0.04955115375360305,0.00480439861014823,-0.0013143047237264924,0.01499962104807271,-0.004598518068746046,0.0028362871379072454,0.005354033823590598
150,oscillation_reversal,multilevel,512,57,475,0.016461399995023385,-0.02119071087903901,-0.0020983757041793806,-0.001428988252557521,-0.014788780694187747,-0.003909186906367272,-0.0038190484140388625,0.005221371661834801,-0.007951602614512322,0.0018156839389306628,0.0006653225587375076
150,oscillation_reversal,multilevel,512,58,421,0.014556600013747811,0.03905336939463874,0.0045494171190420965,-0.019973168253535224,0.015226469779742903,0.015581030500298885,-0.001306101461791803,-0.027939543563503554,0.005255197721635104,-0.0019125204293131371,-0.0037834791699680958
150,oscillation_reversal,multilevel,512,59,511,0.017197800014400855,-0.0407221535545432,-0.0042199602729596115,-0.007764895124616723,0.0019224511218803512,0.002246709429090056,0.010956355307210033,-0.0028822376065341547,0.007892601734180353,0.0025774454801139744,-0.0034373283669888264
150,oscillation_reversal,multilevel_outer,512,0,492,0.015100999997230247,-0.013951996221674937,0.007762963108801352,0.0013136806183306762,-0.013240498594994132,0.019045863893536002,-0.0008972800008188527,-0.010387336747579598,0.006644527365462002,0.0007387657022363277,0.00030126227789632347
150,oscillation_reversal,multilevel_outer,512,1,522,0.021759399998700246,-0.01711500847706974,-0.0010843492736901464,-0.018210715054099918,0.019280354546227316,0.010438560348426044,-0.01114935823840249,-0.009883420359352269,0.010152664604880707,0.0008302399854782177,-0.0023096852982289295
150,oscillation_reversal,multilevel_outer,512,2,534,0.01984319998882711,0.04196184435201679,0.010039635781684882,0.010741416179352039,-0.001401172970308033,-0.01330121030273047,-0.0007841751277699785,0.012328462107178582,0.003857567568480799,-0.002821234896716154,0.002237054573503137
150,oscillation_reversal,multilevel_outer,512,3,454,0.011195200000656769,0.029770912507912736,-0.0006525921962463276,-0.018273906620545063,0.019861840055976642,0.003311246097619524,0.004723691622083136,0.0007450166273765734,0.01683125369688593,-0.0021551856863941564,0.00012354713752788646
150,oscillation_reversal,multilevel_outer,512,4,460,0.01780869998037815,0.03729169929689414,0.0017751727426955717,-0.01885052189727771,0.00797312078380735,0.017587702569369295,0.02209366409013976,0.003933120671401532,0.0016460338050552595,-0.0022448175531768833,0.0004604809623431019
150,oscillation_reversal,multilevel_outer,512,5,514,0.02157519999309443,-0.003362292826737883,0.0004950931429978672,-0.007540806198750639,0.008316866411173155,0.0013406022864948183,0.0012973708871107177,0.006224851891095536,-0.0010545797235152162,0.00020353857800145886,-0.00041697406829573075
150,oscillation_reversal,multilevel_outer,512,6,484,0.015892299998085946,-0.007288376033666261,0.00471896252435878,0.006544317252510484,-0.009709119768137342,-0.012100788890127534,-0.009829962631389326,0.015724510971643336,0.0003977852783471395,0.0006486217102978625,0.0011999362372670484
150,oscillation_reversal,multilevel_outer,512,7,470,0.015168199985055253,0.01529521028058956,0.0030904953803260167,-0.008441787621359009,0.0015422541220916843,-0.003524631443104219,-0.011072155152401208,0.003303064278087052,-0.002138818127581311,-0.0010352702125528037,9.515886636227817e-05
150,oscillation_reversal,multilevel_outer,512,8,510,0.01782049998291768,-0.0020459306404692025,0.0032587021142586646,0.0008476762892685577,-0.005773978915570972,0.0037122697748825863,-0.007937632550903106,0.006432385608384097,-0.0017237822732770515,0.0009181147588488416,-0.0023291382474816564
150,oscillation_reversal,multilevel_outer,512,9,502,0.01864029999705963,-0.02017828163736615,-0.006978962272901412,-0.00916023803197452,0.010764189415417414,0.00851437063780796,0.0011870467198258937,7.607639807209146e-06,0.008164824848354768,0.0013471115987992498,-0.0036041391895416746
150,oscillation_reversal,multilevel_outer,512,10,524,0.018554999987827614,0.0032272216202968713,-0.003222117647506024,-0.007603300373476086,0.0065192831066919745,0.009945910941297476,0.0077195461369156775,-0.006558488327120051,0.0017850110030806653,-0.0002509480909046441,0.0013138158166948622
150,oscillation_reversal,multilevel_outer,512,11,496,0.018084000010276213,0.01199406755031448,-0.0006424698846772373,0.004773319801502448,-0.0031871237877245545,-0.005087236948732887,-0.0017977580967683596,0.0021041009379273137,-0.0005160311416029629,-0.001093956752077416,0.0020475337524664588
150,oscillation_reversal,multilevel_outer,512,12,506,0.021932499977992848,-0.006807843201113801,0.008902016413656743,0.0006591769081108168,-0.000336569239302073,0.00783115053315776,0.021268915070989363,-0.008099535779666094,0.01070948473106715,0.0006383396255532733,0.0037558632663462735
150,oscillation_reversal,multilevel_outer,512,13,494,0.018634800013387576,-0.019237266181772034,0.0057228959844055835,0.0006533394521837496,0.013127206694524702,0.004698012783389207,0.008613999136947615,-0.007523000296303915,0.006056344113723878,0.0008703489024010081,-0.0007924921762286453
150,oscillation_reversal,multilevel_outer,512,14,512,0.01886539999395609,-0.02092791796719193,0.0005061381205611042,0.00038120478447857,0.0006489145592396365,-0.002394224976732097,0.002133017761494675,0.002498333800672503,-0.00523172403183249,0.0012560018340119076,-0.002551981122056711
150,oscillation_reversal,multilevel_outer,512,15,564,0.023940700019011274,0.0036192063280024844,0.0043720962379697696,-0.005188222721780129,0.009085690329106593,0.004140758139492204,0.007648670633448683,-0.00041403278823978334,0.006781065235265061,-0.0004549996305350964,0.0004261624049799736
150,oscillation_reversal,multilevel_outer,512,16,540,0.022020399977918714,0.04409217511673153,0.00737863179203833,-0.005340539659128993,0.009785194300804339,0.010423737313379186,-0.010338044298871037,-0.00290705656273941,-0.005351727535488119,-0.0027915033162403294,0.0008378057628764568
150,oscillation_reversal,multilevel_outer,512,17,520,0.019879800005583093,0.006576112669046598,0.0018105775237578716,-0.003458007847236741,0.0041695564206766095,0.0011633057444283,-0.007085397721242977,-0.000376284773712107,0.009345426087058751,-0.0002752574170893067,0.0005446340358344838
150,oscillation_reversal,multilevel_outer,512,18,486,0.017529799981275573,0.008125176612917966,0.004815204472666649,0.0008613763116995283,-0.0022549141168736716,-0.0007602008667563924,0.002533767954846445,0.0027998843356698768,-0.0004903670676804209,-0.000648138209221558,-0.0011193551715191763
150,oscillation_reversal,multilevel_outer,512,19,482,0.01739250001264736,-0.028546462504375036,0.006258559923668121,-0.006446923828725304,0.016209293230657215,0.0003240541725663871,0.0005992859611519321,-0.005409792642024119,0.004007352408595275,0.0017010262984219404,0.002099320841639256
150,oscillation_reversal,multilevel_outer,512,20,486,0.019422599987592548,-0.019983826872362644,0.0030254424585901395,-0.0037506398797786233,0.00297620711422174,0.002081284021673908,0.008370381923975915,-0.00862705828405826,-0.011207327000245492,0.0012786862171337745,0.00036325216324069716
150,oscillation_reversal,multilevel_outer,512,21,560,0.022575900016818196,-0.002192514584237461,-0.005335698365344939,-0.006157163344673901,0.0028010659206039045,-0.0031386487259930946,0.0035096363805463193,0.0010123217524915537,0.003599268421574325,0.00011829583520215642,-0.0006146875111406441
150,oscillation_reversal,multilevel_outer,512,22,526,0.021944299980532378,-0.004498177317649,0.0035689266287039696,-0.0002551311412928655,0.010372499741089393,0.0006977690203091025,0.005287701170961676,-0.0007012251738097702,0.005085737632715375,0.0002536118550340726,0.0006598558281355104
150,oscillation_reversal,multilevel_outer,512,23,538,0.022681600006762892,0.02705892138736493,-0.0006826199530327391,0.007707716980041426,-0.00830389390948253,-0.0043057489604364846,-0.0017190518019248795,0.002328463598354046,0.0028897307491539456,-0.001623687818966444,-0.0015393556136983802
150,oscillation_reversal,multilevel_outer,512,24,516,0.016780300007667392,-0.006765863160647919,-0.002755933792096559,0.002441455248291383,0.002194150558644166,0.0009098895278322193,-0.0017487964007413702,-0.001768983732251122,0.003431384146710337,0.00034420810493839194,-0.0001381921521527329
150,oscillation_reversal,multilevel_outer,512,25,510,0.019295600010082126,0.006341921445155415,0.00441404229648136,0.006947738930370108,-0.002539663320017689,-0.010774588814168892,0.0009460038670864554,0.0018235876255297398,-0.004059604081139494,-0.0008915583917297508,-0.003428562611716776
150,oscillation_reversal,multilevel_outer,512,26,504,0.021741799981100485,-0.01922700897741479,-0.004251603443911139,-0.009800607867017579,0.006567963382291639,0.0018316507924423739,0.0005317084766542407,-0.0034616834007729354,0.0008556424900824693,0.0014260494780646363,-0.0034107995130052086
150,oscillation_reversal,multilevel_outer,512,27,550,0.0228048000135459,-0.03901115614252704,-0.001352674807521086,-0.016898048812754286,0.010123041451045102,0.0018612975079205817,0.012935929524392036,-0.006210179315686238,-0.007153157119999521,0.0033385819351693883,8.681999947383725e-05
150,oscillation_reversal,multilevel_outer,512,28,500,0.018375600018771365,-0.016853461865313665,0.004479517331936655,0.005522298074069257,0.007281384624366741,-0.001643226791766188,0.002859395202109731,-0.0037171242074812835,0.003823785384004204,0.00147103895636185,0.0017567800494922988
150,oscillation_reversal,multilevel_outer,512,29,510,0.02203719998942688,-0.005110878393855405,-0.001675744169738508,0.006268914275845139,-0.004970748267088956,-0.0009814119401821914,-0.004142585046956828,-0.003373645624182789,0.0033990016866294256,0.0005916231123226056,-0.0018769026968442012
150,oscillation_reversal,multilevel_outer,512,30,558,0.022680800000671297,0.006767798854255352,-0.00020760161449217114,0.0032092253806124617,-0.0014255082866952281,-0.00284795855635869,0.0020233481594325174,-0.005659956120489519,0.003333489008630422,-0.0004618271955478993,0.0005381214898443388
150,oscillation_reversal,multilevel_outer,512,31,504,0.021414199989521876,-0.0022526680820528834,0.00011681809588934715,0.0029805533632924846,0.005970084635953785,0.00964888169581815,0.0030897791329426395,-0.012794177811925324,0.014048173138325716,9.184577446874818e-05,0.0034941062658230787
150,oscillation_reversal,multilevel_outer,512,32,498,0.018903299991507083,-0.015257754602363581,0.00758204803482471,-0.00038757310429309645,-0.007686866564501959,0.0029233151763526657,0.008365377173998762,-2.4240191686810307e-05,-0.00028641242676421993,0.0007395985383130202,0.0029148530963124778
150,oscillation_reversal,multilevel_outer,512,33,502,0.022054000000935048,-0.01903591423728509,-0.003410026677167239,0.009820790980864504,-0.0017014813384069712,0.01225970747659521,0.013434983517222616,-0.009334962486200488,-0.0015279912728777061,0.0008000526887536582,-0.00314695304895905
150,oscillation_reversal,multilevel_outer,512,34,566,0.022281500016106293,-0.005121480389256339,0.0023002796132817155,0.00787536865854433,-0.013310537598520368,-0.007140935789006978,-0.005225970046743636,0.011891132230794377,-0.001857483145349317,0.0003899373151215354,0.001192778367393437
150,oscillation_reversal,multilevel_outer,512,35,504,0.0183643999916967,0.008704867169354579,-0.0013909048141016766,-0.01280951637726129,0.005013462241347453,0.011228089801601516,0.009660516353763509,-0.009793260626972644,0.008594010237599361,-0.0005971813313876501,0.002102484064466297
150,oscillation_reversal,multilevel_outer,512,36,470,0.014381299988599494,0.011051939295107022,-0.004549239028860425,0.003941557858016542,-0.00026605479772279396,-0.0037980171870369657,-0.007025593724559582,0.007285268770883096,-0.011087548703799466,-0.0007289893233364648,-0.0026079892363346556
150,oscillation_reversal,multilevel_outer,512,37,472,0.015162600000621751,-0.013863409391320997,0.0029658954658724006,-0.007507802249687691,0.010887390661716767,0.0011974906439424962,-0.0037590228226608412,0.004710983330480599,0.00016846122493421645,0.0007479164427015943,-0.0035482530691918522
150,oscillation_reversal,multilevel_outer,512,38,532,0.017938300006790087,0.01386016009127664,0.010403477573966102,0.006214696673971324,-0.0020243552944670287,-0.010873915293874485,-0.024120398579882435,0.01570299526440142,-0.01611460295283102,-0.001228168781880076,0.0029002854722508277
150,oscillation_reversal,multilevel_outer,512,39,480,0.0167137999960687,-0.020635953847788376,-0.005417290586103141,0.0009452198931083912,-0.00505809681224429,0.00639679324448322,0.004619266004094436,-0.0030291599961542247,-0.0037031157516423043,0.0021215416022416548,-0.0015538687079980273
150,oscillation_reversal,multilevel_outer,512,40,554,0.021841299982042983,0.012701792257715448,0.004285980476429763,-0.009059688622495118,-0.00030047356387497546,-0.007129973426729574,-0.0033259052442064147,-0.003647801940111513,-0.008698929524167055,-0.0017301484382475343,-0.0005441250154422868
150,oscillation_reversal,multilevel_outer,512,41,564,0.02150519998394884,0.010308223057590186,0.0037938634978796825,-0.00672075091824962,-0.002957214683789514,0.00201561730013946,0.006050133653662312,0.0010257038951131847,-0.011544085616126992,-0.0007057933110562371,-0.0006223039252970362
150,oscillation_reversal,multilevel_outer,512,42,502,0.01917650000541471,0.016705214526017743,-0.0016952874077724846,0.004216571318845175,-0.010198833216473099,-0.004214181800306453,-0.0021724140535717613,0.0017605650095201032,-0.0015529222500509936,-0.000999230134129425,-0.00019849423417367436
150,oscillation_reversal,multilevel_outer,512,43,504,0.019490000006044284,0.026502221214508008,-0.0032253024039999197,0.001450278010353995,-0.0008897484075347275,-0.0009784165251662245,-0.012725424997264366,-0.008186282577985624,0.003270431726029592,-0.0020753454480610186,0.0011215293795573467
150,oscillation_reversal,multilevel_outer,512,44,536,0.02203559997724369,0.021100331299626466,-0.0008836117027772144,-0.00026671917630644287,0.0036537239382773146,0.002829752549480665,0.012624495684920528,-0.0063231195737365724,-0.00886499907097476,-0.0017225264769909641,-0.0012941732480832655
150,oscillation_reversal,multilevel_outer,512,45,542,0.020411600009538233,-0.007146394384533689,-0.0034031970121204784,0.00271027705116128,0.00413058960634814,0.00028354624955434705,0.00036486111659194466,0.0011373018618344867,-0.0008783230732599744,0.0002218812142972845,-0.0008098010973615994
150,oscillation_reversal,multilevel_outer,512,46,592,0.02248169999802485,0.00907829526602816,0.0029308340903457797,-0.007786075599179886,-0.006014409822918459,0.0013172951728995365,0.003462212998865734,-0.004646880267333487,-0.0005911931164447226,-0.00043033872269378643,0.0006217537381230405
150,oscillation_reversal,multilevel_outer,512,47,538,0.02134400000795722,0.01997322513009821,-0.00039957350084333546,0.015215133140971115,-0.01630569311366509,0.024038805714976984,0.022970711826836798,-0.006053804201520729,0.010962914705136346,-0.0011807574318933448,0.0023399367961703522
150,oscillation_reversal,multilevel_outer,512,48,512,0.01804000002448447,-0.0030261786376668863,-0.001300060524011568,-0.0037588648626096905,-0.0006566939008329374,0.004270125665083665,0.004392087896558982,-0.0033819183927416177,-0.0025203471386127003,0.0006554872925752752,0.003754872959198566
150,oscillation_reversal,multilevel_outer,512,49,508,0.018255800008773804,-0.007167162262593439,-0.004776091700220743,-0.005331495726591407,0.008690996035569524,0.003962625959984275,0.00300779639347154,0.004153358244785215,-0.0021145056384937323,0.0005054543570801895,-0.0022815687731304103
150,oscillation_reversal,multilevel_outer,512,50,502,0.01828280001063831,0.0007638427563288134,0.006872155058630816,0.004288093759837478,0.005858430384939873,0.0021693917832518415,-0.008234984595060908,0.0007092308898013899,-0.00733911027411449,-0.0006201382436705039,0.007053669683700673
150,oscillation_reversal,multilevel_outer,512,51,520,0.018856800015782937,0.010324471151987345,0.0029424231550219198,-0.004565766623125629,0.0018470266684078897,-0.0019189801269069399,-0.0009570605359060427,0.002201068955662328,-0.004702310754286376,-0.0007185797099016604,-0.0005560338511561112
150,oscillation_reversal,multilevel_outer,512,52,484,0.01916739999433048,0.003336360963818015,0.006692285966445253,-0.010238599230716367,0.013855313794871904,-0.005218559901940918,0.006322823637912597,0.014003022963137813,-0.0006786118079851454,0.0003270338308002326,0.004727783398061915
150,oscillation_reversal,multilevel_outer,512,53,514,0.017861199972685426,-0.025310760413559397,0.007071504162802337,0.014692135865945321,-0.019222635332924627,-0.0051718489177987265,0.013033780655686916,-0.0015377169213299942,0.00473798506228103,0.00173366591202671,0.0003751334099151363
150,oscillation_reversal,multilevel_outer,512,54,546,0.02093949998379685,0.01458397381860894,-0.003948824663971651,-0.006311834340017343,-0.003223107239110853,0.0021350080055605645,4.459938266012466e-05,0.004219470401456091,0.003543060238347404,-0.0008064492928962718,0.0014455364318248286
150,oscillation_reversal,multilevel_outer,512,55,504,0.01722509998944588,0.00914187768106941,0.003404342336250223,-0.0007674386329786356,-0.0024037809291843786,-0.01136942919845892,-0.006622386019281625,0.005570172249346592,0.011264774028427665,-0.00046578820047241126,0.001539700539923219
150,oscillation_reversal,multilevel_outer,512,56,506,0.018754899996565655,0.0042767857103535745,-0.004834237704070985,-0.009145935733978197,-0.0009231049213103105,-0.0010529900044532643,0.004542007634990793,0.012132634992158817,-0.00019320908871519249,-0.0002913540617529001,-0.0023693764109925463
150,oscillation_reversal,multilevel_outer,512,57,550,0.022149500000523403,-0.010045180381456735,-0.002737172308934723,0.007890720198581176,-0.007528451164845953,0.002835627236791468,-0.0010898460887919304,0.013423081640207878,-0.004226075148420611,0.0010228359357895608,-0.004154482589427147
150,oscillation_reversal,multilevel_outer,512,58,508,0.021238399989670143,0.012951449482963784,0.0025023775737286207,0.00017906892156043213,0.0006684887490099891,0.006361650111361129,0.013642999494802766,-0.0024785073690990244,0.0018032479668858153,-0.0009194053643543368,0.001922516221896263
150,oscillation_reversal,multilevel_outer,512,59,488,0.017359399993438274,-0.002754167295478275,0.00040174428416147863,0.010418760203653926,-0.003415405319824668,0.003225942334207516,0.006078577714183553,-0.006159835725010316,-0.00632949356838779,0.0002001108519907234,0.0015721458665717775
150,oscillation_reversal,split_base,512,0,496,0.022311400010949,0.00630296102339159,-0.0024066693980619768,-0.01652700462438989,0.01893966474527104,-0.006442089564354844,-0.009698546068662906,0.006477609052710842,-0.0022857044052307283,-0.0011348566119543267,-0.0015538036739646916
150,oscillation_reversal,split_base,512,1,532,0.02133669998147525,0.030999136087017987,-0.005251413123922445,0.0028361280726317693,0.004450903964517071,-0.008960948122571092,0.0012284543677748786,-0.0003209302738480842,0.004761778739553009,-0.0018365148133692496,-6.840515985313518e-05
150,oscillation_reversal,split_base,512,2,524,0.02097810001578182,0.011032933946833535,9.195664658794195e-06,-0.00030146917012413403,0.002187914088158163,0.013578356746793372,0.0022802744144266866,-0.006519330554687133,0.0063973807588233,-0.0005335707030669969,0.0003024981241220226
150,oscillation_reversal,split_base,512,3,500,0.0237751999811735,-0.0010339803518118673,-0.0025385727440756524,-0.014540130064496642,0.01307910088406993,0.01473699847251372,-0.005166385835407733,-0.011972811663725724,-0.0010282017063828661,0.00044497598558187036,5.4189938772587376e-05
150,oscillation_reversal,split_base,512,4,552,0.021522399998502806,0.016427548479708808,0.005135793528826958,-0.00038339908056325055,0.0018907098618113475,0.002582602660792729,-0.007592973471426135,0.004315263695007557,0.009202282540172243,-0.0008682298989560501,0.0036971927877291976
150,oscillation_reversal,split_base,512,5,520,0.019942100014304742,0.02438559652831928,-0.0004823597320898078,0.0018509016997233208,-0.0007098510865060847,0.003985925264341558,0.006226244865942389,-0.002243893435234001,0.006038974050194474,-0.0016631335370121299,0.0007741768145363588
150,oscillation_reversal,split_base,512,6,520,0.02115570000023581,-0.007020919832264739,0.00224121023602004,0.01459956081351076,-0.013954506461296876,-0.007126687546409745,-0.0027331632905442916,0.014280102002130396,-0.005341446782519233,0.0006087348320305483,-0.0027994196195011145
150,oscillation_reversal,split_base,512,7,500,0.0201736000017263,0.021596607435851345,0.0059340723128132366,-0.014460467911186442,0.0022758443746571135,0.027987074154297225,0.01346182732881072,-0.0073132765138629275,0.009372021572621802,-0.0016049301797720558,0.0003326525401602067
150,oscillation_reversal,split_base,512,8,460,0.017036100005498156,-0.010589114857358686,1.885465500364525e-05,-0.008854994071403393,0.005461282743504986,0.013031302570891806,0.0028793702223410753,-0.006052189988415173,0.01688681634413001,0.0005842652303203688,-0.0029292501292145137
150,oscillation_reversal,split_base,512,9,476,0.017811400000937283,-0.026750661248196493,0.0010073135198111407,-0.008291710739093603,0.006842316964590969,-0.001260188954292057,-0.005892625404626179,0.002433218827911278,0.000329085715301769,0.001840088473961517,-0.0022489966437456094
150,oscillation_reversal,split_base,512,10,452,0.014496300020255148,0.008625902606419284,-0.002865547140686609,-0.014072600755956097,0.010577828887428555,0.009931456183718042,0.005320863856125578,-0.010775520495449073,0.007863483683754837,-0.0002498239199589425,-0.0022580548103924665
150,oscillation_reversal,split_base,512,11,480,0.018816800002241507,-0.008385203249709256,-0.00026395319672607514,0.01046809366959038,-0.0006600287092321099,-0.019687395710219636,-0.011190213424710072,0.01304727946086653,-0.0015014038091863344,0.000607476779540869,-0.00279038940630722
150,oscillation_reversal,split_base,512,12,560,0.025210699997842312,0.024198891111845013,0.0006825552760734296,-0.00779434114552297,0.014657954821104727,0.0055766358420658215,0.0035012802190848027,-0.008065157409591482,0.0003259544099752659,-0.0016588750843886204,0.0014181069155956938
150,oscillation_reversal,split_base,512,13,552,0.02153510000789538,-0.00022289851583808096,-0.012189643452925218,0.01282904797271912,-0.014725569595435145,0.002657221404591706,-0.007878887597675162,0.0028614175669349783,0.00451967975430526,0.0011435517997442509,-0.004798965321723921
150,oscillation_reversal,split_base,512,14,492,0.020005800004582852,-0.020087454170865937,0.004678140341506725,0.0019473127163095755,-0.014880023080523738,0.03399753779497222,0.012068664359267685,-0.013000211527667616,0.008617820539656405,0.0020257179393029646,0.0018679749534135713
150,oscillation_reversal,split_base,512,15,480,0.01957499998388812,0.012052875152790401,-0.00030059624652037885,0.007117668772783202,-0.0012371375217087998,-0.01111474733780607,0.0009485813242162608,-0.006308718886364062,0.023974344733698656,-0.001604808455206819,0.0014622487818932212
150,oscillation_reversal,split_base,512,16,560,0.021982200007187203,0.01828301184361183,0.0007358933655311238,0.003775047339076997,-0.002371977714623557,-0.0014871602312437448,0.005753778435467614,-0.011533289125473504,0.0026069162827503786,-0.0016566038073018436,0.002851844442971531
150,oscillation_reversal,split_base,512,17,484,0.018014499975834042,0.008666070780807514,-0.0009464780525743272,-0.005090313705676813,0.007149347440047106,0.00159835105141799,0.004082970956702683,-0.0016973650480048685,0.008192104240540036,-0.00036103387941970614,-0.0005997572285075764
150,oscillation_reversal,split_base,512,18,572,0.022557799995411187,-0.015839324463324873,-0.0021004912546137,-0.005776078775589769,0.0024087421005379783,-0.003198333966257353,-0.0034848060091204718,0.005525622292092026,0.0012399860092059223,0.001389242690699874,-0.000270598124939516
150,oscillation_reversal,split_base,512,19,488,0.01856600001337938,0.016838083386436293,0.01195043186667036,0.005135355839966086,0.003194655657695239,-0.007777481616513933,0.0016299661254395332,-0.005046504399634582,0.006346538555121491,-0.0016100202855068861,0.0017312764387768733
150,oscillation_reversal,split_base,512,20,460,0.01714219999848865,-0.02804647285456799,0.0012879485199443657,-0.016081297614011843,0.01404063401429225,-0.0010130981427397628,-0.0059410053013109415,0.00665852106943369,-0.010803816112539989,0.0028453619460835473,-0.0011624640208452175
150,oscillation_reversal,split_base,512,21,492,0.022019100026227534,0.002898005223259893,0.004526228483577992,-0.004825613461065266,-0.0022989572980398644,0.004413449514589494,0.0077592111504647746,0.005395307367993358,-0.008330360027829279,2.819696852048306e-05,0.0017423278717964498
150,oscillation_reversal,split_base,512,22,508,0.02026229997863993,-0.008760219154797145,0.0002053512253935596,-0.012661353266033553,0.006370992762190178,0.010366749764710036,0.008620355344743268,-0.010508749624371056,0.0001973511591979446,8.676528784199536e-05,0.002637598574684377
150,oscillation_reversal,split_base,512,23,500,0.02132020000135526,-0.01979362241610309,-0.0034279267030519886,0.004409590133041106,-0.011843944744556264,-0.003365216917036102,0.0021976942554690257,0.004434347014972545,0.0024003146653940664,0.0014141234081020194,-0.00023846225071447614
150,oscillation_reversal,split_base,512,24,508,0.02236500001163222,-0.014874700051644952,-0.005342072412165942,-0.0056425405652425825,0.0030588871044486985,0.006627603122977674,0.008411285787081987,0.003701897951032794,-0.0008891023621775123,0.0009419133737536781,-0.0014494380574129185
150,oscillation_reversal,split_base,512,25,544,0.022592399996938184,0.009551259472068089,-0.0015165576782509818,0.00728953031177843,-0.004840594570482736,0.0004741874692796668,0.010381693892139403,-0.001861673502262582,-0.004832654411801795,-0.0004368629612963526,-0.0009640857183419317
150,oscillation_reversal,split_base,512,26,488,0.018185699998866767,0.014875135123036176,0.0002870877573222127,0.011469305030345428,-0.010917754991423622,-0.002716426809241871,-0.002100413864604275,-0.005318424021325811,0.001477987497656287,-0.0009812276181242136,-0.00015757867735690338
150,oscillation_reversal,split_base,512,27,524,0.022842699981993064,0.0028028595214821027,-0.00037323379328955633,-0.007578695829993522,0.01883348884593706,0.015113992828873291,0.004937742736526285,-0.006607244984376331,0.001494350290528498,-0.0003043394839936888,-0.00025368968546530515
150,oscillation_reversal,split_base,512,28,520,0.018279200012329966,0.020006409503247148,0.005930788868710906,0.0038857978660629664,0.002890769420128346,0.015247142989451479,0.00035706346447106384,-0.010588780759578576,0.01954135412045536,-0.0016899459814740622,0.001020162582935817
150,oscillation_reversal,split_base,512,29,584,0.025350800016894937,0.0023086866382359505,0.0023260591859139137,-0.005599825654965689,0.005532982421822215,0.013069022560015766,0.011021987227734498,-0.005642819910864733,0.004053782512938967,-0.00041276723267073676,-0.0007199299314682177
150,oscillation_reversal,split_base,512,30,556,0.023288800002774224,0.0296785821869436,0.0006278997557178457,-0.0005707153658526763,0.0056753191852158425,0.007808278627201478,0.00942387878430675,-0.0018392886167855997,0.00022803255669335518,-0.0018771382384452004,0.0019438408407543514
150,oscillation_reversal,split_base,512,31,588,0.026066399994306266,-0.007690948417408907,-0.0022609911549694955,-0.0026710486377562073,0.002452393588868333,-0.0015721646419554626,-0.012994577462403501,0.012689408290984482,-0.008309588638462725,1.997287811020621e-05,-0.0027429593697535243
150,oscillation_reversal,split_base,512,32,532,0.022215699980733916,-0.006319851482611281,-0.004694839335361441,-0.009245839549313514,0.004574314088641459,-0.0015908687634959284,-0.011633558406625796,0.007601382910761794,0.003945673248653575,0.0005018226375133013,-0.001669364528190344
150,oscillation_reversal,split_base,512,33,460,0.014933500002371147,-0.005675380316572687,0.0009349132675205436,0.010110097847468708,-0.0036428721904876366,-0.0018953693064527072,-0.012564861643366496,0.007945109247000568,-0.015906180543328034,2.8562253542312306e-05,0.0007293631065794182
150,oscillation_reversal,split_base,512,34,504,0.022490300005301833,0.0035725742403166067,-0.0029988006684030337,-0.005196916948025088,0.012035669082220271,0.0024121622866031004,-0.005789697637197339,0.004029236102764636,4.197287544036123e-05,-0.0005143935531203006,-0.0015607650921113144
150,oscillation_reversal,split_base,512,35,456,0.01621900001191534,0.017523045136579464,0.002349387066973255,0.007700680158936528,-0.0046385841051157445,0.003757373506586137,-0.001817687642004621,-0.005761941655761221,-0.0028686457240392864,-0.0013007305710321724,-0.00047622654879034986
150,oscillation_reversal,split_base,512,36,572,0.02692519998527132,0.005739509080291089,-0.0015424494628143769,-0.0003381903373077994,-0.0004593593397836597,0.002783741712901013,-0.00383411842671664,0.005670553978478535,0.001481944189678211,-2.5863313106455642e-05,0.0013310764046067238
150,oscillation_reversal,split_base,512,37,484,0.019976100011263043,-0.013604383095178519,0.001147626734614544,0.000487567716155704,-0.003802868592232357,-0.009303349666690094,-0.005892171542197552,0.0005087538874449292,0.013787293777472634,0.0009063146981407831,-0.0020508841295817917
150,oscillation_reversal,split_base,512,38,480,0.01862819999223575,-0.003813028460123086,0.002256901416076553,-0.002766945902817653,-0.002581463831542525,-0.0015210816153670395,-0.0008058117057058037,0.005076505919525865,-0.004369383023659175,0.0002171516862259179,0.0017071596691955395
150,oscillation_reversal,split_base,512,39,504,0.019550400000298396,0.00033756991509138886,0.010236822084437488,0.0039350647885212035,-0.0005665998928443036,0.002819151094817614,-0.003947775323987987,0.012307132062846815,-0.00531785942573252,0.00016914883149529567,-0.0012441405000443756
150,oscillation_reversal,split_base,512,40,492,0.019707300001755357,0.017140113156283346,0.002819577973802793,-0.00362334801265541,0.004382609552410306,0.000294089745702022,0.0007362163559570714,0.0008927863594048689,-0.002308638655372055,-0.0011226096930682483,0.0015169160857441744
150,oscillation_reversal,split_base,512,41,480,0.017893799988087267,0.001216283714266055,0.0005778536128999993,0.0006459916615951684,-0.00225359819482313,-0.001137433957018976,0.0013350973674874434,0.006008783843923025,-0.006205212183858273,0.00019169753157862753,-0.0007575752009006031
150,oscillation_reversal,split_base,512,42,468,0.018714699981501326,-0.0006741150515879946,-0.006664675677203967,-0.011231063949238911,0.012486793786928392,0.01054534097406159,-0.00041299320018401575,-0.009130142045760152,0.0012563426748719915,-0.0002410642694643718,-0.001204507107978138
150,oscillation_reversal,split_base,512,43,488,0.017459800001233816,0.005383811999447806,1.3913265472911634e-05,0.0013541618791494338,-0.0017217585261737687,-0.007959540682484837,-0.011601763430524839,0.010031951128955708,-0.0036059366949832776,-0.00015222991511065,0.0022084189566229035
150,oscillation_reversal,split_base,512,44,528,0.022018599993316457,0.016269850877242958,4.970398455176467e-05,-0.0013281890234613646,0.0029910306548788525,-0.013384092585112972,0.01656158297977735,0.007422280025882471,0.012673448716466954,-0.0011294371710905994,0.0029903197620744885
150,oscillation_reversal,split_base,512,45,484,0.017721800017170608,0.006060427640497673,-0.0031721830732335185,-0.010397650450994606,0.005764408279294887,-0.0005591772282043269,-0.017829790576829325,-0.01356877225195353,0.010289062442381997,-0.0005096144467713686,-0.00036736969849925115
150,oscillation_reversal,split_base,512,46,532,0.021431699977256358,-0.010114147256513632,0.0022551663315121756,0.0021230286759302665,-0.00845174137030016,0.0045498868873208205,0.00334121292344481,0.005890528537205051,-0.0134984430596617,0.0007168969990978991,0.0034940945817858505
150,oscillation_reversal,split_base,512,47,520,0.021487100020749494,-0.005657692143412327,-0.000948952521196217,0.00394791977071738,-0.0013148518119742703,0.0011985061122028432,0.0006292334056541388,-0.0028155371146825568,0.003184438857677059,0.0005364898463461904,-0.0033738657252431687
150,oscillation_reversal,split_base,512,48,476,0.017775799991795793,-0.012439414184860286,-0.004119370969290286,-0.011982273844051082,0.025941507456037616,0.0027158588891690602,0.01671926209900184,-0.007839605327872866,0.011902000630744489,0.0005793096890657239,-0.0033234169002484817
150,oscillation_reversal,split_base,512,49,480,0.017833199992310256,-0.010175495169129816,0.0015798995002192235,-0.015673265077235616,0.032349406602662424,0.0037117961582448984,-0.0029837121932301766,0.0021950371280864025,-0.009308090573528473,0.0007680131152121876,0.0019394434016116284
150,oscillation_reversal,split_base,512,50,536,0.021215399989159778,0.003739959849209197,0.004937976410764879,-0.006457495414938563,0.004873684036853329,-0.007781008766253901,-0.018235651058277937,0.010773056084844478,-0.014871628016358274,-0.00043713303219787244,0.0007701610278072482
150,oscillation_reversal,split_base,512,51,480,0.018857199989724904,-0.012750053650354504,0.010916753535336618,-0.0003016192692241443,0.008128050983236986,-0.009743670124622976,-0.0347261869871396,0.010072618931469688,0.022730397082982478,0.0006059645001023806,0.0043167268597428645
150,oscillation_reversal,split_base,512,52,508,0.021557900006882846,0.006960552982181467,-0.004567049504967597,-0.009121460632397304,0.015109182955560746,0.006919641114457824,-0.003190244689754361,-0.0018364196638806548,-0.008274696062003869,-0.0006006581733671874,0.0018017540319186093
150,oscillation_reversal,split_base,512,53,508,0.017352099996060133,-0.008567961615160538,0.0026119301725236405,0.01352710288447077,-0.014851668640179384,0.0011277453912398845,0.005449972985056403,0.000731258372292247,0.008631892761957496,0.0010172868645511694,0.000682738127401776
150,oscillation_reversal,split_base,512,54,520,0.01834079998661764,0.005770044357485527,-5.3876429484674574e-05,0.0026314760771953237,-0.002636354177750999,-0.0015585100239624184,0.0033196199095075567,0.0010459880573158704,-0.0008422023065629728,-0.0008871192657552389,-0.0019459988550123615
150,oscillation_reversal,split_base,512,55,492,0.02025480000884272,-0.018541256901911402,0.0003347584058286749,-0.0014852338238572189,-0.004192895040292105,-0.004280053270975834,-0.001991990622631135,0.005381571245686647,0.009115301877588734,0.001370988197322098,0.003003203643677445
150,oscillation_reversal,split_base,512,56,516,0.022239199985051528,-0.0341546027551566,-0.0018618314749793128,0.014091051703127763,-0.002596828779180313,-0.010400665332345219,-0.01030661225696303,0.009010619451293446,-0.004868846813104141,0.003223105168806378,-0.0008603655121347416
150,oscillation_reversal,split_base,512,57,480,0.017298499995376915,-0.004918086442938816,0.002150797498893136,0.0043198287428217125,-0.0064635530619782345,0.004161448943707123,0.004463203857799606,0.0041897914341937565,0.004367727781727462,0.0006826968147145954,0.0012034903065970312
150,oscillation_reversal,split_base,512,58,476,0.017698300012852997,-0.011535212060120602,0.0008982472685828564,-0.001992836558672461,0.004676018870106451,0.002659918002911513,0.01002383210370908,0.00036702571060456276,0.004897724542658336,0.0006834553760240301,0.000568508829432143
150,oscillation_reversal,split_base,512,59,528,0.02231749999918975,-0.011862190913956615,-0.0007723084354368428,-0.0007995369372735927,0.013809872855380132,-0.01326446607372384,-0.0005059092137587693,0.018759800150478085,-0.01483713347768707,0.0013678816655988588,-0.0024678279569997465
290,negative_shock,plugin,128,0,128,0.0038475999899674207,-0.030840401267023313,-0.0152954323729572,-0.0059674134811480055,0.01617859303242028,-0.02569114994502938,-0.014684359100592903,0.018183283037269547,-0.009239502156927088,-0.0033620668242856752,-0.00030507991873148356
290,negative_shock,plugin,128,1,128,0.004203499993309379,0.07699771756286605,0.009542010244674534,-0.016404494392693363,0.01722539294892634,-0.0004963931797518378,0.005006801703035288,0.0005201232738880648,-0.013897921789124643,0.01119130931821383,0.004488461056222193
290,negative_shock,plugin,128,2,128,0.0036868000170215964,0.0096518417573749,0.004714434191584871,0.00589241532399698,-0.016723496609873587,0.0027165979589521077,0.03156909673835578,0.013412680130249379,0.0030327427548370086,0.0018458409541847148,0.005644518117065889
290,negative_shock,plugin,128,3,128,0.00345209997612983,-0.032207330537152905,-0.00841469353661127,-0.00025899834459974986,0.016014645467759374,-0.007411875465580021,-0.02004985566261703,-0.005208080397819808,0.0169306173522384,-0.0034031995331205867,-0.0005552035165322944
290,negative_shock,plugin,128,4,128,0.0036619000020436943,0.0951472764498201,0.0022883553155459498,-0.021064989229131203,0.0008608218226165377,-0.0012757473333419502,0.009688434519198173,0.007551695594093799,0.005290369189454359,0.012970569757221157,0.004319489204604031
290,negative_shock,plugin,128,5,128,0.003292799985501915,0.01781876969387943,0.0028359447622860875,0.017386965366669494,0.003016489082889908,-0.02357601956938797,-0.027545577676052833,0.013203990469946242,-0.0004640348752292767,0.0026502592226469745,0.0018575108104658964
290,negative_shock,plugin,128,6,128,0.003110899997409433,3.822811474247487e-05,-0.007638482717273707,0.004009761948378848,-0.010799417342223871,-0.01395843440819707,0.006326355548663495,0.012951945947104406,-0.0033119467549041536,-8.840802452923175e-05,-0.001860278769863105
290,negative_shock,plugin,128,7,128,0.003202799998689443,-0.01651807439061639,-0.0025792190681579695,-0.025720266759473625,0.001969576660976305,0.0035217946331791367,0.009013792587525132,-0.002597754145108997,0.004786052670284264,-0.001829259048513255,0.003978464667740742
290,negative_shock,plugin,128,8,128,0.003472300013527274,-0.009078026364877282,0.003859152502644748,-0.007228791564501191,-0.003685048805935707,0.010812185240520104,-0.002330747799730549,-0.017961749124336242,0.00083766088525773,-0.0017039008647860988,-0.0029293499396045772
290,negative_shock,plugin,128,9,128,0.0037583000084850937,0.0034218379814446166,0.011715402180473483,-0.002005861676980424,0.023770898090228886,0.0017899313605249983,0.003355463821755611,-0.012890349100668762,-0.006398124463620212,0.0006069381171305669,0.0017008388057857852
290,negative_shock,plugin,128,10,128,0.003937800007406622,-0.037236735821297016,0.0019865780099224194,-0.01942734690221179,-0.010882923980361194,-0.029061405106841295,-0.024381972851491768,0.015792497914309245,-0.045577184434703176,-0.004433822461754954,-0.0039662344598556136
290,negative_shock,plugin,128,11,128,0.0035031000152230263,-0.014512952812891796,0.0010249847409292382,0.020295114286504337,-0.01341369438631219,0.011593542527911449,-0.002975196414277221,-0.0029224743884939284,0.0016922108568337548,-0.0022747998172036976,0.0010940119747785495
290,negative_shock,plugin,128,12,128,0.0035351999977137893,-0.05015399641737932,-0.01441129547023987,0.0290450096943316,-0.02694881684694826,0.005834080146749452,0.005001233249518081,0.02242020670367988,-0.0014314570405933541,-0.006044200747739932,-0.0060460471454399905
290,negative_shock,plugin,128,13,128,0.0035231999936513603,0.027661698064763002,-0.006966909899386087,0.029837142099135697,-0.03050391943896785,0.007874901068701111,-0.011473073413321568,0.006727079609237106,-0.010559757836161933,0.004513245825867858,-0.0001348248804355467
290,negative_shock,plugin,128,14,128,0.002952499984530732,-0.02718289366912186,0.00062624415876466,0.04082922358403252,-0.029827108400781305,-0.02406983449988567,0.013891285084736305,0.031347822120836435,-0.010055496242731542,-0.003984991889384176,0.00271737634087534
290,negative_shock,plugin,128,15,128,0.0035462999949231744,0.010114721940025776,-9.150373114251062e-05,0.002206668503213471,0.001053288513284476,-0.01216731193507958,0.0021802528282554856,-0.01137149028449632,0.0012218886919641379,0.00076571693796988,-0.0005589873698469427
290,negative_shock,plugin,128,16,128,0.003170899988617748,-0.0050179723448816925,-0.0017819632739573968,0.00038401581898080735,0.012600979539162782,0.023651696255489626,0.005874525564627209,-0.02403161392581523,-2.301840101591858e-05,-0.0017624521824707482,-0.0027067391975709823
290,negative_shock,plugin,128,17,128,0.0029223999881651253,0.01748555481723414,-0.0030169626983153255,0.040328522511651976,-0.03670743929709838,0.026931099547350592,0.02438547182990885,0.018285992219003035,0.006588357178429798,0.0012901302192486388,0.006385467376353726
290,negative_shock,plugin,128,18,128,0.0033785999985411763,0.011584763228904824,0.0004968448564186007,-0.017679862549361144,0.015345521037680785,0.0065785111678702156,-0.016796978882809472,-0.02214838125275312,0.0013912753193833377,0.0014603434589277509,0.0013546750691175728
290,negative_shock,plugin,128,19,128,0.003256099997088313,-0.024170359083470747,0.004599489685727172,0.014722950969130913,0.003947329276650687,-0.018060839529644632,-0.011891945757295408,0.024414077561911766,-0.012541484201303462,-0.003042037727629364,-0.008987353415481772
290,negative_shock,plugin,128,20,128,0.003633800020907074,-0.008484569342594952,-0.001735654488555808,-0.03447688783083956,0.021188418840397412,-0.0070253645863654745,0.006790536359309339,0.0001344973221294012,-0.0080079133240534,-0.0006349040278435505,0.002143103451650696
290,negative_shock,plugin,128,21,128,0.0030955999973230064,-0.0036538080155873055,0.006972811702959712,-0.01696439021388195,0.016995289651342522,-0.020415278772880092,-0.02685789244753697,0.014872597570125663,-0.0039834769734063856,2.269923667852892e-05,0.00500879637201139
290,negative_shock,plugin,128,22,128,0.0030657000024802983,-0.08714120166691272,0.013587907063658058,-0.022023814876988,0.010011842299594799,0.013894361593503858,-0.03144546808840478,-0.01870258502729918,-0.002136110883773675,-0.011555042013499136,0.004313749715164429
290,negative_shock,plugin,128,23,128,0.004549100005533546,-0.0711693201054378,0.010720857521750947,0.011430550565287483,0.007057481119775618,0.0501954789306399,0.00742723988407396,-0.048661458383925854,0.06957627262234128,-0.00928898988764024,0.0019319343683862921
290,negative_shock,plugin,128,24,128,0.0040751000051386654,-0.02106896474515994,-0.0019313259991773626,-0.024269672501037988,0.022908297710981605,-0.0006368639985910246,0.02881354305252026,-0.0051427807371098025,-0.00550019268470378,-0.002543973223604828,-0.00027140374517597825
290,negative_shock,plugin,128,25,128,0.00357070000609383,0.02567401727580373,-0.0044159666294299365,-0.011851180421211789,-6.799632268361276e-05,-0.01014985720949283,-0.00339391401025919,0.007083992171278487,0.0029712399189348133,0.002357819206343508,0.002187074545880267
290,negative_shock,plugin,128,26,128,0.003670799982501194,-0.048566018904903877,-0.007612010537849728,0.0048371698636588585,0.023829877129755813,-0.022668080292456642,-0.006206446482909234,0.018745268024106327,-0.000992669798260634,-0.0057994233785891025,-0.007503065743947873
290,negative_shock,plugin,128,27,128,0.003693800012115389,0.008544258766197504,0.0026650893429618263,-0.016565761343591563,0.004155717778729303,0.021266668957595162,0.01063286204038728,-0.004985132031817601,0.008134841263819532,0.0007023470559788172,0.002149380444749309
290,negative_shock,plugin,128,28,128,0.003630499995779246,0.028399885442198614,-0.005511906000670041,0.007232461261256286,0.009544962496983401,0.009135619804001568,-0.024674787189983165,-0.0023756537759882313,0.024803124224367208,0.003293864187666649,0.00025186564952254923
290,negative_shock,plugin,128,29,128,0.003577800001949072,0.006831393488831774,-0.014867605952324208,0.015093243009563159,0.015396518193266708,0.0024366293242540273,0.0019375334414983274,-0.008673913709521771,0.0028575300900909578,0.0008529035235460553,-0.010326438844729273
290,negative_shock,plugin,128,30,128,0.003584099991712719,0.0005522148062098928,0.008157408895106669,0.0019002867720309417,-0.006656586029453806,0.005717376156755601,0.002179079299165109,-0.0015925847100451292,-0.006991037383459416,-0.0003113837338853228,0.0013984043056246619
290,negative_shock,plugin,128,31,128,0.0032282000174745917,0.03977385851980528,0.0026556261244028044,-0.010912855914605377,0.04302585781710334,-0.01775028069754113,-0.03202686555796032,-0.0301544069697937,0.010237325719147417,0.00592390913967025,-0.002858159971375599
290,negative_shock,plugin,128,32,128,0.00379879999672994,0.023998329257418086,-0.018807266528730635,-0.004937935816479536,-0.004427169718480005,-0.020007052824545377,-0.015543671407281114,0.003638670034442991,0.016456864724030833,0.0041135188008238534,-0.00017395523260974358
290,negative_shock,plugin,128,33,128,0.004656899982364848,-0.010461176503348352,0.006035709488530475,-0.00309572236100894,-0.010116260803122324,-0.031329023593648996,0.012284256936293158,0.042731748685379274,-0.05209326321640217,-0.0022049996951134564,0.0013153062381565082
290,negative_shock,plugin,128,34,128,0.003759399987757206,0.03445030051996727,0.022639397906234975,-0.026133935887669317,-0.01750645436920475,0.00810018584397846,-0.0012704656694057866,-0.02368774344768277,0.025833731477832314,0.0034154417177545077,0.006364226301286351
290,negative_shock,plugin,128,35,128,0.0033777999924495816,-0.03451097351087401,0.004848872433448101,0.017363984237471423,0.0051086053284630775,-0.0056051174292583265,-0.018978451428100295,0.011263775812865057,-0.003437989130285605,-0.005122856498122304,-0.0016362284391401676
290,negative_shock,plugin,128,36,128,0.0034691999899223447,0.04641940491516399,-0.006038637765583666,0.027217686584708634,-0.018172270125530975,0.01697797700182576,0.005024095696395697,-0.002408495245524401,0.014511614481982434,0.005558879392900444,-0.003590684897842158
290,negative_shock,plugin,128,37,128,0.0039326999976765364,0.015024839977445406,-0.0006917993122435866,-0.001418351139049975,0.0132043580677734,0.0033539864368998997,-0.010592285583038537,-0.00938943831555283,0.015764392830661333,0.0010147519461066485,-0.001907715076541928
290,negative_shock,plugin,128,38,128,0.0031691000040154904,-0.034901193949671526,0.0024913601280721117,-0.007680416797055698,-0.008976298212368951,0.0009432667099432521,-0.00430639674138699,0.012964481353490575,-0.004646828697661013,-0.004940804355255316,-0.0021693782574645592
290,negative_shock,plugin,128,39,128,0.0029338000167626888,0.05858564831685905,-0.0020196037266529405,0.017573081566975613,0.007021340341765736,-0.010720173490575063,-0.016456041569503106,-0.02845748978290635,-0.0012261576293324068,0.006764669347077216,0.0039553640311499735
290,negative_shock,plugin,128,40,128,0.0034201999951619655,-0.024295286618742452,0.0023709553710356047,0.012263281460999555,-0.014668666444669971,-0.009194789689759071,7.839083142752656e-05,0.0011955006462351482,-0.01433367737855838,-0.003369163402704132,-0.0004375379507175587
290,negative_shock,plugin,128,41,128,0.004208300000755116,0.015856558884064453,-0.016272408941672933,-0.05011729367211778,0.038927363078950665,-0.0021199714739653904,-0.027337901380705507,-0.001046746280943988,-0.005367666261575782,0.0025600667755687786,0.0004132906035460687
290,negative_shock,plugin,128,42,128,0.003761500003747642,-0.004516310366011936,0.006443024426893134,0.0030168357962452813,-0.021301636597063377,0.006298894497259186,-0.04967225847575054,0.0108934442776389,0.006851452843550917,-0.0002267948371709971,0.0020802015348791603
290,negative_shock,plugin,128,43,128,0.0034502000198699534,-0.015954193977876806,-0.006080612932827004,-0.004954297719723647,0.0038396187854651594,-0.01523827711618663,0.002251699139539286,0.009018209502676707,-0.016735596363574072,-0.001810324935500008,-0.0004785696507085295
290,negative_shock,plugin,128,44,128,0.0038175999943632632,-0.03001513707057493,-0.0053156536720287,-0.016617840954662767,-0.02644953131921722,0.04022221673327026,0.0058281104584804126,-0.009502125031756684,0.019269087281102416,-0.0036963490428382414,-0.0018539173721238344
290,negative_shock,plugin,128,45,128,0.0041037999908439815,-0.0185422475722363,0.0004514678122951515,-0.0037195526712955358,0.007781158614651741,0.01039177843609153,0.007708806265655899,-0.019942970424479095,0.02131058369280268,-0.0024839386331320062,0.0012975276614081424
290,negative_shock,plugin,128,46,128,0.003476999991107732,-0.003703089513432406,0.008897918378433458,-0.009526798865559495,0.0012511032435172694,0.030178315589368003,0.012418937342250042,-0.012744106260190131,0.024890964496208513,0.00012673823706077985,0.0013964859362316307
290,negative_shock,plugin,128,47,128,0.0033033999789040536,-0.04132154814403491,0.0076011420501433825,-0.01746615599256845,0.01847560272709515,0.0012925468852053915,0.014547096616553614,-0.03774693756588343,0.009131606683585636,-0.006300210792688102,0.001276031847044786
290,negative_shock,plugin,128,48,128,0.0031578000052832067,0.0822614406101388,-0.001898099846310427,-0.025218334713676367,-0.008362966255264054,-0.01620712641177653,-0.025891854378861164,2.2982581564388177e-05,-0.016526342235172325,0.011601439958378704,0.003334501324817224
290,negative_shock,plugin,128,49,128,0.0038834000006318092,-0.005514864768594554,-0.007158183031440849,0.004902935405234849,-0.014072746318050942,0.056545381182143285,0.038751218100952174,-0.02125137700284071,0.040939409566144606,-0.0012109800456299358,0.0014217413641126175
290,negative_shock,plugin,128,50,128,0.0038631999923381954,0.06170117954734758,-0.016534962526435975,-0.013507280503594132,-0.007654094032816446,-0.013701849679552779,-0.010305006070324571,0.024332032017455495,-0.0023351766891347484,0.008862838085452308,-0.010596522661810152
290,negative_shock,plugin,128,51,128,0.00400029998854734,-0.003804403263736675,0.003744675885934115,-0.03729531099433926,0.03906033663588889,0.0024252504149713007,0.005768714619192482,-0.008471934725920503,0.013159964494938173,-0.0003954258670812202,0.0009493580884168118
290,negative_shock,plugin,128,52,128,0.003194799995981157,-0.022020753901072575,0.0011078493001604015,-0.021372848203797413,-0.004018401925761348,-0.01260805699975997,-0.006431006283654974,0.019108532816327597,-0.01242237166902136,-0.0025648763615567275,-0.0014346354615335068
290,negative_shock,plugin,128,53,128,0.0037407999916467816,-0.033586226238627254,-0.010977481482679791,0.01487465772374819,-0.004039367092980796,0.011274870409203087,-0.029050227458160622,-0.00442724266202109,-0.012660357632131672,-0.0037655712317475154,0.0007761431274642477
290,negative_shock,plugin,128,54,128,0.004129499982809648,-0.0971066239980827,0.0049442482545918,-0.06589288520349944,0.05714717929842725,0.027462408621436424,-0.035470439533545166,-0.060867323677447176,0.026615225837103646,-0.013639123085436763,-0.0016785163574877528
290,negative_shock,plugin,128,55,128,0.0032906999986153096,0.055988938022425584,-0.012256861108094853,0.018550577296564525,-0.030090296811311413,0.018662111641019826,0.0017915600651055353,-0.006994118142041449,0.006831824841145955,0.007281838375723932,-0.0027431178009658464
290,negative_shock,plugin,128,56,128,0.0032756000000517815,0.02956702010092077,0.015533896026386692,-0.02817866310510899,-0.008156585932229262,0.013401758684281215,0.009115543089052172,-0.02265713795452185,0.017608596088940717,0.003336370750362252,0.003982019779410029
290,negative_shock,plugin,128,57,128,0.0035650999925564975,-0.012004675469702667,0.0031384214571443586,-0.006004597623301907,0.006682304850420684,0.007164372339795978,-2.132511543382655e-05,-0.006221769848331126,-0.013384562183917075,-0.0017191801928191737,0.00027282523202210707
290,negative_shock,plugin,128,58,128,0.0039021999982651323,-0.12480479782324728,0.008999185431816435,0.017021927683287814,-0.018505341101518396,0.04679121230405347,0.004005263657149089,0.006101248592915022,0.028501254513285744,-0.01498736666530054,0.0006285759544133472
290,negative_shock,plugin,128,59,128,0.003554100025212392,-0.030914275469554275,0.011886400395260321,0.013660836206008671,-0.003365909683326615,-0.0065708688724260885,-0.0036575297197016404,-0.0015471768611413515,-0.0053088664886305524,-0.0034819893104321275,-0.0025772136264382447
290,negative_shock,multilevel,128,0,166,0.0105430000112392,-0.023663610609701118,0.06740919027640063,0.07650825467085846,-0.08277476510998548,0.05797164872415028,0.07168787363651151,0.021712595079271646,0.06320161901650447,-0.0003723578096855144,-0.0018597789225505248
290,negative_shock,multilevel,128,1,132,0.008141199999954551,0.09327686581191043,0.12296387957303492,-0.009076377578195615,0.020925337672103292,-0.023710652576157273,-0.005925743154549941,-0.1299407972568679,0.03096479183028955,0.01588483643512142,0.010463159713222205
290,negative_shock,multilevel,128,2,112,0.008926900016376749,0.4064521859790022,-0.04833938203480341,-0.03298725649757427,-0.027637225366745104,0.0334094366433411,-0.01584942164335825,-0.08240702208024898,0.14942368203264283,0.0594760300796976,-0.006132548655265486
290,negative_shock,multilevel,128,3,100,0.00721099998918362,0.13974602493470387,-0.03975474363521452,0.04068455791677688,-0.035903583508891675,-0.05629268541782925,-0.11262051396675575,0.005678643643941671,0.06352887159742529,0.019258104247936305,-0.027529915739363697
290,negative_shock,multilevel,128,4,116,0.008903399982955307,0.011710725125787367,-0.0002126662819725564,-0.09964710616411653,-0.015161219812039951,-0.10341712272451274,-0.03778399925969485,0.13096013175018703,0.026847909916740686,0.0016217055787918733,-0.013315876572511506
290,negative_shock,multilevel,128,5,122,0.00847329999669455,-0.13794283141446015,0.021101360919947163,0.04745055772974154,-0.26304325258017375,-0.005884575799788465,-0.10649174180675391,-0.0698948047722733,0.04690536045869294,-0.018058501696957056,0.02535756363902343
290,negative_shock,multilevel,128,6,130,0.01047039998229593,1.106631274910423,-0.07170367900450948,-0.0684298793040145,0.148693187974553,-0.024760178636653158,0.04590066167239956,0.1381282953968809,-0.16980961764041863,0.15424015413003722,0.05717941251124952
290,negative_shock,multilevel,128,7,162,0.012518800009274855,0.07586440807074347,-0.001983137265646623,-0.13051222691287795,0.038345848295313165,-0.06466261403930797,0.0386719639394261,0.00579766962443507,-0.07389583238088088,0.006626600824056027,-0.004208592103832444
290,negative_shock,multilevel,128,8,150,0.008889899996574968,-0.05531529149828793,-0.00191759121399334,0.22295894419170034,0.06594895545299219,-0.18038256855260107,-0.11425985231094536,0.09228954799051221,-0.1645678566296817,-0.008171495252650708,-0.004436304734638218
290,negative_shock,multilevel,128,9,134,0.009169299999484792,0.014962711537266441,-0.05974394982388812,0.14020885084690302,-0.0010656535270433926,-0.10559308411732908,-0.030581170952056282,0.11606066639526293,0.014834987480513344,0.000835442381807548,0.007404286910724136
290,negative_shock,multilevel,128,10,144,0.01248990002204664,-0.17861034444811855,-0.06449242328755772,0.1548075787152295,-0.013502278553992405,-0.014839457393775034,-0.02116695824285133,0.11995167839364067,0.04078432317344116,-0.016199161306114374,-0.02008827650650169
290,negative_shock,multilevel,128,11,150,0.010326299990992993,0.31403626200170554,-0.010427013794230316,-0.053937544986745176,0.1507872178878264,-0.1628148176256391,-0.1273817468092285,-0.06705723512048639,0.049959697160590705,0.04081755416676872,-0.010348015723386542
290,negative_shock,multilevel,128,12,228,0.014287700003478676,-0.0520611339488927,0.04404891839146129,-0.14631994946553328,-0.1216685158591675,-0.031538718104805304,-0.058767025473430115,0.17248176825226283,-0.10316445229373421,-0.008255490778413472,0.030355958402127754
290,negative_shock,multilevel,128,13,178,0.012336699990555644,-0.2915255804769021,-0.1821151278032081,0.01670716456711901,-0.03561449653081749,0.02145799658420309,0.13116355641953698,0.069836449749578,-0.03397265665585228,-0.04386954299806321,-0.044476553054754606
290,negative_shock,multilevel,128,14,108,0.005800299986731261,-0.49052862183806106,-0.1496135077861923,0.09325860922688281,-0.11356464708914636,0.03130035375287059,-0.00013977775090748187,-0.16646906521371452,0.016862383564130428,-0.07183584292355263,-0.07764618544834442
290,negative_shock,multilevel,128,15,94,0.006493599998066202,0.011734274056797252,-0.07030747777359823,-0.13010958276077741,0.043710636525582894,0.02000895509237074,0.06349382222034251,0.0008393275103057995,-0.007913536775002648,0.00344284581362164,-0.019852113546024768
290,negative_shock,multilevel,128,16,164,0.007956799992825836,-0.40436029481385033,0.00044145735070055386,-0.024152981450752654,-0.003530760692140119,-0.03495503461028936,-0.05392744590458461,-0.1140624789602653,0.11630772196205275,-0.06230163824989683,0.019403471339276383
290,negative_shock,multilevel,128,17,134,0.00826450000749901,0.03261093874118805,0.0682270002636709,0.053149577561951676,-0.013516699344463728,0.16127090820566953,0.03812445522161621,-0.13146133016180295,0.03158915651654555,-0.00021881981940415762,-0.013221245105578313
290,negative_shock,multilevel,128,18,126,0.009263799991458654,0.03102499749958971,-0.04789855616167531,-0.022601046460889975,-0.08483535712072948,-0.0017007748034968129,0.19754946047758193,0.09250699934119815,-0.11123263283879595,0.0004656766041867561,0.001341911724226724
290,negative_shock,multilevel,128,19,112,0.00736939997295849,-0.12181413845413804,0.03962293796258595,0.035297044641082694,0.011548905956646835,0.14580549994969538,0.3149034332375157,-0.05505750358964963,0.011030165076633252,-0.014944911199668749,-0.011790970672472404
290,negative_shock,multilevel,128,20,112,0.007153299986384809,-0.1574548689761414,-0.025610094904994142,0.03011265508280052,0.005718762631840923,0.0019837388687982123,0.03731610152978369,-0.07731455295265748,0.16456110683225986,-0.025061977766579552,0.03330669275047583
290,negative_shock,multilevel,128,21,120,0.009120899980189279,0.23019688326016327,0.013943020686759742,-0.02701281207042626,0.07294099332804148,0.19719565652525456,0.046061034519034066,-0.21316260241984086,0.17519084868759027,0.03252474737061584,0.0032261051169482973
290,negative_shock,multilevel,128,22,96,0.007023099984508008,-0.04561321146410732,0.02516409628030777,-0.11437787425838118,0.10774056017035967,-0.013737905378372904,-0.006128729330794191,0.07438558247970109,0.04022092937042855,-0.007227916931247552,0.00689942329088755
290,negative_shock,multilevel,128,23,148,0.010081499989610165,-0.5123841658729331,-0.20271770058191438,-0.00824641942114928,-0.06259858599414156,0.02385468449275048,-0.11759077245849728,0.1435820091158701,-0.14273316253954707,-0.0645604524290567,-0.02238539266044295
290,negative_shock,multilevel,128,24,98,0.006410300004063174,-0.08970152919121058,0.12713719111171043,-0.12773261370098815,0.15535134773208087,-0.21077355989437066,-0.17873490469451492,0.04319422574347766,-0.061386970964085213,-0.008551770362628318,0.0012288849462825013
290,negative_shock,multilevel,128,25,108,0.007633700006408617,-0.03856384924454343,-0.12445406647491562,-0.05151925055983707,-0.0019656290459032907,-0.052447062988782205,-0.026012443975565215,-0.0451990552017872,-0.09625585664330995,-0.0090178128424019,0.010397305702138345
290,negative_shock,multilevel,128,26,96,0.007115999993402511,-0.06755913876489011,-0.026492714781974062,-0.07936768346085574,-0.011580847085655453,-0.010454180957151924,-0.005137210559642629,-0.060079756087999196,-0.006918883336994774,-0.01433558449215053,0.011873160711326344
290,negative_shock,multilevel,128,27,130,0.009464900009334087,-0.024457341581395817,-0.010435949006503794,0.028452843581227294,-0.054112039953560606,-0.1310931579503019,0.10118107864936274,0.08396260230246776,-0.03995353852449676,0.0011074343176590265,0.005554503176424939
290,negative_shock,multilevel,128,28,112,0.006214900000486523,0.13708019302485652,-0.0511396057788045,-0.003657144463184906,0.011573076649526576,0.11267056812788995,0.10997619343360741,0.08826361560369064,-0.07598137889848156,0.016043640037469078,-0.03530115981410197
290,negative_shock,multilevel,128,29,156,0.01338790002046153,-0.666917286067516,0.08684622228820388,-0.17694818766372963,0.31977051714787935,-0.22131835354033028,-0.3666582182178351,0.036937943791740216,-0.07008298647534704,-0.0930089850289508,0.06688087341795639
290,negative_shock,multilevel,128,30,114,0.00945849998970516,0.03829654543302433,0.018496076790851666,-0.02942361990995133,0.2625330783172025,-0.03543468467731364,-0.17438555843013345,0.029866816770033562,-0.05621966087482471,0.007647899226333777,-0.010387529322773382
290,negative_shock,multilevel,128,31,92,0.005557399999815971,-0.28979406159025617,-0.1274825999273679,-0.23307417705382355,0.11865170733100563,-0.002014324703325905,0.07647518537327157,-0.17665932982517155,0.04633727138124347,-0.04769182814212132,-0.0934167220909977
290,negative_shock,multilevel,128,32,90,0.005421599984401837,-0.08376291819348526,0.027485717182284784,0.09201968389102916,0.020094521093015034,0.15299273761989524,0.1384912404171679,-0.08466149408406122,0.08223056508962875,-0.010513445888640156,-0.0021307523293402656
290,negative_shock,multilevel,128,33,150,0.011448699980974197,-0.3336975418116555,-0.02550803798865135,-0.13383782863451202,0.14268501186592725,0.06923290118548217,-0.0955402163594279,-0.21448897117863475,0.07711509830867311,-0.04155608247169351,0.006124688478686837
290,negative_shock,multilevel,128,34,92,0.004898999992292374,-0.10906202746230645,0.023986537433306344,0.04811434847297074,-0.06605421588320094,0.04852837141120185,0.14613789582202924,-0.03550993737219202,-0.009298667716535102,-0.010673008925375248,-0.011792530232796512
290,negative_shock,multilevel,128,35,142,0.012600200017914176,-0.4221358362828297,-0.053393146807687225,-0.15946364640134178,0.07030257261331631,-0.18804210446775607,-0.1838168089279405,0.1445025343870447,-0.12822013071413066,-0.04914161781724537,0.0023886465946776235
290,negative_shock,multilevel,128,36,176,0.011580399994272739,-0.04453766139604087,-0.007767274063618126,0.08787313215425427,-0.11091959580508932,0.03209129373103832,0.10451050595941115,-0.032790551899474454,-0.016089936516481072,-0.0017102242603178651,0.004733303223568711
290,negative_shock,multilevel,128,37,162,0.011292099981801584,-0.09661975143456711,-0.1407520934038734,-0.06289857883947067,0.06406329044749755,-0.03988067765958998,0.057959517772077716,-0.0723744383018468,0.009283685573600165,-0.013946555154774583,-0.08230289492997153
290,negative_shock,multilevel,128,38,112,0.006836799992015585,-0.026956369212602752,-0.015614369642530202,-0.027615021169491175,-0.05760729586885035,0.20387494870905362,0.0981378635129493,0.05744328290950575,0.10895536344163313,-0.0039016281125818517,-0.08579194495066544
290,negative_shock,multilevel,128,39,134,0.009050100023159757,-0.18962494713573716,-0.08386414371750406,-0.024652259474666753,-0.01732612308239426,-0.11845660995054165,-0.27652500397119917,0.056888785310701524,-0.10428037163286062,-0.021864068627562364,-0.003815608424203674
290,negative_shock,multilevel,128,40,138,0.009776199993211776,0.11925367445184352,0.12067952929535822,-0.06323806868611878,-0.09081908630496069,0.14325874910077074,0.0103780660157671,-0.12404299566076397,0.1128714270104631,0.01890247521497609,0.017592257278460467
290,negative_shock,multilevel,128,41,244,0.011231099982978776,-0.1576989720102594,-0.05566510562149339,-0.02427810997416941,-0.0555407900505576,-0.004542419509660366,0.19899597808231972,-0.019489513401242584,-0.0030234447011329266,-0.026741784373918002,0.0034410745196471423
290,negative_shock,multilevel,128,42,110,0.006499600014649332,-0.23804095562958194,-0.026599160191576973,0.06382835993839263,0.1636503145954604,-0.21577425987674254,0.06210955857256405,0.2105583133121443,-0.1960447133418231,-0.026547892320734186,0.0038933010252322838
290,negative_shock,multilevel,128,43,124,0.009030899993376806,-0.04500740724907411,0.009617574746426188,-0.15788210516091788,0.3021387340727405,0.03616025790411341,-0.05650373854949008,-0.1314115262382917,0.15418628102732457,-4.59509148576449e-05,0.006939640228403424
290,negative_shock,multilevel,128,44,102,0.0074828999931924045,-0.20311644796056735,-0.11562429145546187,-4.7428686019144134e-05,-0.08684269397837535,0.031870000641459145,0.003651638751069564,-0.056375175554036025,-0.03677947640058763,-0.03005099970141776,-0.022005498035543983
290,negative_shock,multilevel,128,45,132,0.009739399974932894,-0.02285209474413003,-0.015414371287982724,-0.03912564427489172,0.12780680524049567,-0.24970712199313125,-0.1735400917432883,0.09521698359473316,-0.036746490626881054,-0.005288124848748029,-0.006457456294654639
290,negative_shock,multilevel,128,46,118,0.015304100001230836,-0.32677755880052756,0.05412657658329185,0.02295629792324792,0.06274678559346933,0.07811099869270208,0.006033997420484579,-0.1908153942883279,0.15058216645540495,-0.04885566396922291,0.016162866630054715
290,negative_shock,multilevel,128,47,112,0.013729199999943376,0.14487614760005682,-0.11897785452213361,-0.0794869049378386,-0.00982790196702497,-0.06782620735883632,0.11386974236774988,0.05000342728193256,0.20026576220231437,0.012795614142796948,-0.006616157668460141
290,negative_shock,multilevel,128,48,122,0.009237599995685741,-0.05210490302641654,-0.01660202392982884,-0.09075467380467596,0.11407630254986668,-0.08420879737773866,-0.0855529676596468,0.11080953681431892,0.05709713766323464,-0.004053633714336886,0.0019119312922136664
290,negative_shock,multilevel,128,49,122,0.008827899990137666,0.019865137717498357,0.03749447951979712,-0.13648681087088693,0.13556461754700078,0.07628186553537868,0.03914577692112074,0.2863747360215317,-0.21615756659951718,0.005303052842716714,0.004364002529238958
290,negative_shock,multilevel,128,50,100,0.00697250000666827,0.2735501743296417,-0.012478926816659942,0.14822063090585294,-0.16733364480862709,0.10500898610494355,-0.035370081057043805,-0.001155550278009484,-0.10481572761870342,0.036253231982581756,-0.021174181251476742
290,negative_shock,multilevel,128,51,148,0.009010600013425574,-0.20343385007427633,-0.047636726026722684,0.016955106360794343,-0.018810078228600546,0.2875935595826221,0.30181307193710916,-0.08107345886583027,0.2959367209544215,-0.02306647735666186,0.0236882658779716
290,negative_shock,multilevel,128,52,104,0.006807099998695776,0.17173732740458708,-0.02680150347198395,0.2287740131637938,-0.12146623303871176,0.12707548774059377,0.23706484400736147,-0.025817757602240553,0.01905298059980548,0.02041726834677681,-0.036895518184516043
290,negative_shock,multilevel,128,53,106,0.006146500003524125,0.2617151051398777,-0.00831232639499133,-0.17766036269628577,0.1267023860407391,-0.04233203013782945,0.10016495974603139,0.07332118945048151,0.02527739676178546,0.03297874101190165,0.0214051578883648
290,negative_shock,multilevel,128,54,112,0.007349199993768707,0.008775445818861511,-0.04401403506853751,-0.033125784084079145,0.09026603681512918,0.021023748739069977,-0.022006096055260844,0.006136954927889312,0.03268337688534996,0.004927288835731078,0.005233525039140861
290,negative_shock,multilevel,128,55,122,0.007329599990043789,-0.1612321436109575,-0.04881691210151838,-0.10247603001675659,0.02294664873989633,-0.03320164487236452,0.0732978507258875,0.12329155019475688,-0.03588933965546856,-0.02056913639553505,-0.0018373573551479718
290,negative_shock,multilevel,128,56,138,0.010181999998167157,-0.0054689405424295495,-0.07416562150869849,-7.68096509336954e-05,0.01297339647778297,0.09608067863473882,0.04603379706494613,-0.08446271698843949,-0.08449923302067382,-0.0016291025584986196,-0.002887941665022545
290,negative_shock,multilevel,128,57,148,0.00910890000523068,0.2056678276063118,-0.08018350737690935,0.2748493701487366,-0.2434919299711473,-0.03945472774280116,0.10835641419387566,0.05376168107983466,-0.04214452044675557,0.026222479886150007,-0.009158821973428778
290,negative_shock,multilevel,128,58,188,0.010597299988148734,-0.17376893835026896,0.10308048791369602,0.01599701213082509,0.07514836435456805,0.04221685280766418,0.017672974198190358,-0.12651384131505652,0.04157799242189884,-0.021178967557454385,0.04439493699199555
290,negative_shock,multilevel,128,59,106,0.006851599988294765,0.2992363263319104,-0.0013090415171032681,0.07192649870701487,0.003017318072872369,-0.13095146237757463,0.43265333565113456,0.05693065011097319,0.04275166710914565,0.04607133255884298,0.09679008401293988
290,negative_shock,multilevel_outer,128,0,118,0.010922199988272041,-0.03507440987821926,-0.03488583249258092,0.03015005788994795,0.015891702753472906,0.007431435379965413,-0.019454209341319594,-0.029124974624865657,0.029984231884800504,-0.004701028078735544,-0.014028557891247318
290,negative_shock,multilevel_outer,128,1,114,0.009785600006580353,0.08882926048889452,-0.009989659962598712,-0.0033355736334495616,-0.017804185760848246,0.06658646769370714,0.008662243515507397,-0.08825720570307392,0.047161383638426986,0.012458350184457916,-0.010310509081804947
290,negative_shock,multilevel_outer,128,2,104,0.0058283999969717115,0.14226934487820414,0.0107744121760013,-0.03452244815653851,0.06502699705462307,0.002361701520449505,0.058720943889592966,-0.10267496512275809,-0.013781936566534458,0.021820906694890375,-0.005686958012729418
290,negative_shock,multilevel_outer,128,3,122,0.010926399991149083,0.3079545100488106,-0.04951476177893378,0.0359197888588885,-0.06281878932563711,0.09212650421478327,0.08480996658105269,-0.03521590330876303,-0.038569237349347925,0.03999069239289591,0.013344424840411822
290,negative_shock,multilevel_outer,128,4,110,0.010343500005546957,0.034269711970620134,0.05153901906226736,-0.04125966855170541,0.046965796923025924,-0.012142692744830909,-0.047848785681062336,-0.06676460907409129,0.006108683840317337,0.004805813576787837,-0.005262933157879164
290,negative_shock,multilevel_outer,128,5,110,0.008982700004708022,0.01961572376711093,0.023834063596463367,-0.07573653410355437,0.016750602302971058,0.03437434890467724,0.06819867652753388,-0.03838501713549286,0.09569979477061766,0.0026287376584019956,0.014462799305087029
290,negative_shock,multilevel_outer,128,6,124,0.0142070000001695,-0.11302099889942227,0.0021601285538585466,-0.004666922505445135,-0.039393838862004225,-0.008250075377956134,-0.01742443926772207,0.06102438337411,0.0058703151804720384,-0.012870782751405107,-0.015325043785804803
290,negative_shock,multilevel_outer,128,7,120,0.00974609999684617,-0.23919623142462462,-0.02890870320359547,0.07304694598650223,-0.06901326180985753,-0.03518265849592897,-0.1440298916037638,-0.07868512406255568,-0.003168053998494105,-0.0305491701559197,0.003164529504850147
290,negative_shock,multilevel_outer,128,8,126,0.012496999988798052,-0.0640555719695741,-0.01679455374317821,-0.017147178725085623,-0.0528645077964872,-0.03298072091026126,0.027495766059549998,0.0380678142838196,-0.12103722959953131,-0.009328021223500484,-0.010698012561217104
290,negative_shock,multilevel_outer,128,9,110,0.009736600011819974,0.18071192143268994,0.04777577283044583,-0.0297137308887029,0.0757408129732298,-0.05200784608918592,-0.03141791718132835,-0.02685614923194435,0.0073124594597459595,0.02223374550898494,0.015090645020388375
290,negative_shock,multilevel_outer,128,10,132,0.011162899987539276,0.14240766748363712,-0.005258465792297651,-0.02496631582827292,0.048553565441400263,-0.0078101020365978465,0.034711762082584745,-0.0039380637367496625,-0.04436165241147356,0.017999318775626327,0.003878479857850591
290,negative_shock,multilevel_outer,128,11,120,0.009518700011540204,-0.04736146329271029,-8.275098343551185e-05,0.026040750947387985,0.01722189440227445,-0.02804506426025639,-0.010869302106587368,0.04445984967266424,0.0060326948693026315,-0.007859933699096629,-0.007226238479972618
290,negative_shock,multilevel_outer,128,12,112,0.009944000019459054,0.009823593828560925,0.02128756598342778,-0.009578915752784143,-0.0005057883968927312,-0.03755445800406882,0.018155159827888633,-0.049254659215334465,-0.01679422684785438,0.002089081706059883,0.0014760448487596976
290,negative_shock,multilevel_outer,128,13,110,0.010190800006967038,-0.012059800235310553,-0.002918019298933397,0.0523622608769395,-0.02517160404723226,-0.0013635293632295793,0.004434595694035132,-0.02561714699272798,-0.129236167348158,-0.0018289990428334354,0.005225778411245789
290,negative_shock,multilevel_outer,128,14,104,0.006078799982788041,-0.051767509306242854,0.027569821047894304,0.025652465920789968,-0.06833436330454608,0.13346330827550462,-0.005541469946529104,-0.07486595505597589,0.0118269125822705,-0.00916949953814865,0.006793368283462925
290,negative_shock,multilevel_outer,128,15,106,0.007041099976049736,-0.21350416691601656,0.0034815938407326457,-0.06860572315718005,0.025649390806151612,0.10620989580267573,-0.10050321207903863,-0.12955305067042916,0.09883590633509429,-0.03130124724464427,0.021155826108960045
290,negative_shock,multilevel_outer,128,16,122,0.009791499993298203,0.2662075686860534,0.006962439317472027,0.07569330100157574,-0.23085731995226816,0.03687125687668634,0.2561430255228318,0.13991898710177333,-0.08586971331669188,0.03831299282466489,-0.027522071567678996
290,negative_shock,multilevel_outer,128,17,108,0.00702580000506714,-0.26312924058593357,0.0654906951110788,-0.009972518214944038,0.009765681851973667,-0.03779216193733031,-0.03980277577947934,0.006843265581399605,-0.04941201519601767,-0.034775042319008166,0.01286094980670729
290,negative_shock,multilevel_outer,128,18,134,0.011095199995907024,-0.045610933596445774,-0.014331626929715962,-0.03837657091696881,0.09231698815294874,-0.05564429875934172,-0.10894373414589047,0.0025645221305477276,-0.03051485620461486,-0.003761338870555716,0.0024868277788735677
290,negative_shock,multilevel_outer,128,19,106,0.007442000001901761,0.03301854123196337,-0.005000682357859608,-0.0273175527334229,0.022101643206020864,-0.015888448640087097,-0.02560084558534556,-0.005724572119127499,-0.0014919428748518264,0.0053555809302682595,-0.002732052038378745
290,negative_shock,multilevel_outer,128,20,106,0.006614800018724054,0.0829341259067698,-0.03191862677637405,-0.0447671155561827,0.03636460420307079,-0.0066050161182927055,-0.0333103803248686,-0.015212683109773622,-0.018659498999791014,0.007672305854252248,0.014527576849331253
290,negative_shock,multilevel_outer,128,21,108,0.009766000002855435,0.003448617450783076,0.005328200762244042,0.05236848151629708,-0.08227190223378891,-7.438762596937432e-05,-0.02448472805822439,0.0011335926421074526,-0.03298340517883942,0.001390786461166714,0.010249944200369652
290,negative_shock,multilevel_outer,128,22,112,0.008671599993249401,-0.08278684332458416,-0.014022695032488475,0.011593078150480163,-0.014566225306179837,-0.040679646949878856,0.045243446132558846,0.06742996811172551,0.02534183071398054,-0.010314431146474947,0.009754622302986463
290,negative_shock,multilevel_outer,128,23,106,0.007059499999741092,0.08708516826087465,-0.0020121058451540606,0.04053061063786227,0.05844002641919419,-0.09809365798413763,-0.11465859696096174,0.011265569998363955,-0.053635112533000684,0.009425061692247234,0.013836789909527174
290,negative_shock,multilevel_outer,128,24,112,0.010778500000014901,-0.005632696729157707,0.02246016287978362,0.044438416073851426,-0.06260068129033729,0.010558016754275793,0.03119608191051132,0.02425010317705547,0.025891436424927562,-0.002297549452658439,0.004147470396760296
290,negative_shock,multilevel_outer,128,25,118,0.008341699984157458,-0.05125484319919029,-0.0164019029893878,-0.0035917599285175475,-0.024706452156524773,-0.01287027683335118,0.011885800300642051,0.019077562877252412,-0.015928950863932857,-0.007936315109814468,-0.00553558507208019
290,negative_shock,multilevel_outer,128,26,120,0.009666999976616353,0.06555662037691608,-0.0652807490031341,0.10956117877233909,-0.157587135569317,0.035517916465897345,0.06632807152607118,-0.028807704673262508,-0.03975793961011601,0.009289439177533105,0.008687869844181939
290,negative_shock,multilevel_outer,128,27,112,0.008155099989380687,0.07139806574866801,-0.009081984169492466,-0.03003531798387386,-0.05736885663427753,0.014951068931584169,0.034182699799318615,0.013039754346903399,0.03264418823024018,0.008482946275032969,-0.003342285067987085
290,negative_shock,multilevel_outer,128,28,124,0.009831700008362532,-0.05550917170085058,-0.013629032070765512,-0.027698376811241397,-0.009387157433046672,0.04197079643812644,0.00997388341904461,-0.027052624966282125,0.0007315860125957109,-0.00825162642358709,0.0019352913290312031
290,negative_shock,multilevel_outer,128,29,126,0.010378999984823167,-0.05279654565926042,0.0037617531200008192,0.006606414222549118,-0.004991332601795152,-0.06022409942814209,-0.08742372087831958,0.07302939962922421,-0.016972514113112173,-0.0062604349429577115,-0.0009205408852396063
290,negative_shock,multilevel_outer,128,30,108,0.009001300000818446,0.06337008143186956,0.0439630495369841,-0.08158119428678781,0.10200426971985013,-0.058868977014695935,-0.05764074153076969,-0.036686366433754676,0.01148278681705512,0.011001394738470083,-0.005496986135035459
290,negative_shock,multilevel_outer,128,31,138,0.010587900003883988,-0.01696731192364669,0.030246035139210918,0.002482198749249711,-0.028122687807787344,0.05069983707560917,0.017773778286753996,-0.025824742083922318,0.03060685023803007,-0.0038157082834952743,-0.006192913134490405
290,negative_shock,multilevel_outer,128,32,110,0.006689300003927201,0.06517366518323955,0.0024857270297048094,-0.03134227929097525,0.05027834845345854,-0.1015592754152281,-0.07220718730327276,0.07182582685475287,-0.08661433833530843,0.006636956612833649,0.016320677075261823
290,negative_shock,multilevel_outer,128,33,176,0.010672500007785857,-0.06324419414360712,0.026857920425034022,0.00891163189940401,-0.04206727793092715,0.03560346610407665,-0.11086499812579013,-0.08601179161564944,0.05284748542036114,-0.0083020383456506,0.032987725778895464
290,negative_shock,multilevel_outer,128,34,114,0.009286099986638874,0.07310061270070231,-0.04548762886195915,0.020740385422723225,0.03393547576239741,-0.09802809993404969,0.03377124813529625,0.08466053902830169,0.004824369491314275,0.009107357798548708,0.0028848172759645325
290,negative_shock,multilevel_outer,128,35,120,0.0093918000056874,0.24358736751001292,0.0945357707386146,0.06776113392717273,-0.06796805155464417,0.11607731325842163,0.043615017378382394,0.02275320307274483,-0.06052679705126066,0.031726811400082336,0.06350987528643465
290,negative_shock,multilevel_outer,128,36,104,0.00782289999187924,-0.17640327079832926,-0.02951498805042289,-0.02381362389441764,0.051447521302096434,0.010077933656400685,-0.043639731078604894,-0.11276332993101261,-0.041697638562199026,-0.019873547779294752,-0.0019991338331775063
290,negative_shock,multilevel_outer,128,37,112,0.007204100023955107,0.0016671780335681917,0.028339835582972102,0.02030951447477678,-0.04079449478147903,0.0033145930493249966,0.013354247566122163,0.039486100501996885,0.013523902051994358,-0.001168717427671702,0.009214792257711803
290,negative_shock,multilevel_outer,128,38,108,0.009042899997439235,-0.07302588231078865,-0.003962612420156101,-0.022864368440211485,0.035619399509816976,-0.009295072170432895,-0.0021694029695334435,-0.05880511586555061,0.04643626111321131,-0.010016808613259718,-3.0139854433705745e-05
290,negative_shock,multilevel_outer,128,39,106,0.007492299977457151,0.009036889510139598,-0.005589969755682626,-0.0019509753921586812,-0.05793441043352817,0.11966060068845916,-0.0013146571172689414,-0.03582170951516515,0.10336144122718238,0.0006586516402091789,-0.017493389208775544
290,negative_shock,multilevel_outer,128,40,146,0.013305299973580986,0.1208654253225486,0.019938766217538754,-0.060217157860637596,-0.019726343910385708,-0.009237014106143072,-0.00564234378297296,-0.0031228253868322577,0.0980850871881901,0.016927176266516967,-0.0005173837791192986
290,negative_shock,multilevel_outer,128,41,130,0.012626400013687089,0.10562399677521941,0.028629255423035682,-0.05708211106375044,-0.02168198788796096,0.03293453526868163,0.12836697482117063,-0.011272106007822923,-0.05191755908880561,0.01647148014598541,0.014564098690568798
290,negative_shock,multilevel_outer,128,42,104,0.006519299990031868,0.024618333026985913,-0.035447131469257195,-0.048626836852136576,0.016737521765901285,0.047129770872075864,0.08707149187862537,-0.0531318598735797,-0.05301472911703957,0.0021271849463239518,-0.03305222480672365
290,negative_shock,multilevel_outer,128,43,122,0.012455400021281093,0.15358356099331283,0.01996989921169568,0.027148068395819035,-0.0907356927432505,0.025963731563396403,-0.012156230774782806,-0.10563199033552692,0.12451858109851113,0.01960978624668453,0.006839090040755119
290,negative_shock,multilevel_outer,128,44,144,0.012570099992444739,0.03622180079224958,0.025911354807808328,-0.04943935742537726,-0.005705779711543827,0.03677848606698094,0.030634989994808133,-0.0027516211675983975,-0.021169300600884382,0.005589830172015879,0.0015519465856771628
290,negative_shock,multilevel_outer,128,45,120,0.010108099988428876,-0.01517330885730333,-0.004976043028729385,0.0036405950425395885,0.05625699477325278,-0.012468310761115941,-0.048389779481565434,-0.017940742749226173,6.886609209298261e-05,-0.0006083267143936603,-0.007516699907578345
290,negative_shock,multilevel_outer,128,46,110,0.009703700023237616,0.006628830304677003,0.019179049895593492,-0.01685824097970553,-0.01199768230037047,0.028910925665719022,-0.03104152162509039,-0.032268255520626773,0.0365598751993695,0.002438949020955359,0.010024231724960284
290,negative_shock,multilevel_outer,128,47,112,0.009015299991006032,-0.20304721834916534,0.0010231943984684605,-0.07899019382817243,0.03813377266745967,-0.0025763870512351883,0.023897001272119193,-0.023078455083320338,0.0016577640111514746,-0.026423308654858046,-0.037647128161017306
290,negative_shock,multilevel_outer,128,48,116,0.010024199989857152,-0.03170178682777417,0.021431855548554774,-0.04014895596171353,0.007552979621959842,-0.06986399820241376,-0.03933925101186339,0.03232010286951593,-0.07319770653833271,-0.0054975406160850514,0.012713200943130842
290,negative_shock,multilevel_outer,128,49,126,0.01324250001925975,0.25164615068425233,0.09580795500505992,0.04078991553398096,-0.17749439076156737,0.015164821347788782,-0.03674340868916212,0.05450691304611853,-0.10381785450884107,0.030901370489656438,-0.017942346156490048
290,negative_shock,multilevel_outer,128,50,110,0.008743999991565943,-0.12386260529714721,0.016843128256493235,-0.04419991052571999,0.03310567107464505,-0.004583040324737981,-0.01573064994506987,0.05510408582658827,-0.044376230232041944,-0.019467974088908917,0.003477737032079034
290,negative_shock,multilevel_outer,128,51,114,0.009371499996632338,0.008311985636177775,0.016188842503581678,0.11335443437218062,-0.05443037197685038,0.114028120731083,-0.05794509606746168,0.07628050665928122,0.1665284258197591,0.003752303050486708,0.02342217828165824
290,negative_shock,multilevel_outer,128,52,122,0.010678200022084638,-0.06676881106244557,0.027320024193560305,0.02687603522976193,0.0008173832573738577,-0.03317418566116288,-0.07168866183943723,0.10405189359318907,-0.02732035635224106,-0.010493001663714741,0.008420859643676552
290,negative_shock,multilevel_outer,128,53,138,0.012532200023997575,-0.2042331445201921,0.06491995634260708,-0.05545172528049354,0.0756982824988771,-0.0558428809671793,-0.0048374843904308105,0.08201575400443217,-0.09125225465468553,-0.0302786894864339,0.009723275426078228
290,negative_shock,multilevel_outer,128,54,102,0.006966799992369488,0.0067612225797903155,0.09414713489155511,0.09768736779459017,-0.09132386422562824,-0.047586213194598374,-0.011718288143850755,0.03887017956035813,-0.023486254144419256,-0.0021790409856949564,0.03240182091268293
290,negative_shock,multilevel_outer,128,55,144,0.013088300009258091,0.10564331654207124,-0.017795716413298825,0.08675342246854535,-0.1674591225169843,0.061589668315589985,-0.030686091465700817,-0.04433246749295443,0.005879578416958709,0.016269776919341776,-0.001477186642711638
290,negative_shock,multilevel_outer,128,56,106,0.006425100000342354,-0.032547293181262135,0.02016835196033157,0.10712695466891024,-0.11133801510697754,-0.007067822531570225,-0.10598669071461622,0.029095812950040288,-0.04558487496483206,-0.004077578335715136,-0.0005638297593209129
290,negative_shock,multilevel_outer,128,57,102,0.00626569997984916,-0.12567415501518892,0.06699918970409875,0.07356884445589354,-0.110485302522351,0.020379605447053282,-0.004169223470224194,0.020437920709750763,0.07146234248713182,-0.017697051136229835,0.01772025470236516
290,negative_shock,multilevel_outer,128,58,106,0.006965400010813028,-0.05409212970351255,0.012015572601174949,-0.1260226476176503,0.09412364188011324,-0.021552511458934494,-0.02434391352476056,-0.03909311989684301,-0.012226133221660381,-0.005411857966461606,-0.011768834031407868
290,negative_shock,multilevel_outer,128,59,120,0.010063699999591336,-0.1383958461013328,0.03250305734302554,-0.041721393152723676,0.022829325269953436,-0.011913088227515703,-0.04700640207370641,-0.029691371425990327,-0.027443329129151754,-0.02129232200056804,-0.022493078563098262
290,negative_shock,split_base,128,0,122,0.011407200014218688,0.26910120999288656,0.030771162895120923,-0.023623970775738846,0.06274018450433391,-0.09047608785375591,-0.0011348582430267262,0.07971630482013603,0.08718854959783863,0.0358651515968459,-0.01543714097415021
290,negative_shock,split_base,128,1,110,0.007050299987895414,-0.13412143512659574,-0.03173300946625897,-0.03482721193888981,0.013890728129816893,-0.05307469829720969,0.01284393219774565,-0.04214226104289978,0.10330776478073274,-0.01599209859101687,-0.014452765940801526
290,negative_shock,split_base,128,2,122,0.00975329999346286,0.05025373181693421,-0.018793285616667387,0.0023354200652894535,-0.007271539907580981,-0.009269623690911739,0.07227865415432352,0.00839819686014665,-0.010495845802916026,0.008372610095400534,-0.005014271381983891
290,negative_shock,split_base,128,3,110,0.006423400016501546,-0.17469075024724512,0.010773452207781035,-0.041109819190264914,0.035641699910622625,-0.006664546751165737,0.010470161441982446,-0.011919686105712545,-0.05544298882221445,-0.024758513978612583,-0.0037866317987605125
290,negative_shock,split_base,128,4,126,0.01329600001918152,-0.01102203810786769,-0.010155702996283673,0.10012889645436232,-0.08020029316712336,0.0006266540856919356,-0.01866328025975658,0.019867691950925984,-0.034406200806224474,-0.002992163917485579,-0.0019493006304587494
290,negative_shock,split_base,128,5,114,0.010573299980023876,0.03255927162514879,0.025419418623090256,-0.10307359898412445,0.04306106127395497,0.008638877221369214,0.028827934718582172,-0.09309691712453237,0.0270877783120638,0.002279764224300431,0.005245715959031103
290,negative_shock,split_base,128,6,186,0.016720900021027774,0.15123168241937876,-0.00902297953854957,-0.05617206950384561,0.03620421397977876,0.039734775833730196,-0.014604222100875596,-0.008998137087431584,0.011198713935794084,0.019149360680427645,0.00785313437986974
290,negative_shock,split_base,128,7,182,0.01254039999912493,0.0847228706888055,0.01966938718996051,0.06343703285223332,-0.0737081486056144,0.036900413114447285,0.045556335943723894,0.04685990106894535,-0.02855563238161026,0.008209307878235053,0.004280011029120368
290,negative_shock,split_base,128,8,118,0.008183900004951283,-0.21417281610099437,-0.008320517703280102,-0.019769842761211725,0.0368317469657915,-0.04048423908356321,-0.02614100138766153,0.007954009462034648,0.0024275711637963466,-0.02734470522199956,5.43757031600256e-05
290,negative_shock,split_base,128,9,118,0.009979199996450916,0.06296477536010289,0.022574404236309912,-0.04715057552333968,-0.03158883171005043,0.07276566322202611,0.10339294905666022,0.014533443175867975,-0.05960692510852844,0.007778000532438706,0.003161779952058681
290,negative_shock,split_base,128,10,114,0.010284899995895103,0.22388756781234642,0.002245964167477559,-0.09685074099786455,0.08338616019487952,-0.06042807686506679,-0.1485754595569359,-0.06108323407389795,0.04231081949927171,0.03239574854684465,-0.017726683000163963
290,negative_shock,split_base,128,11,114,0.008970299997599795,0.05435541865134434,-0.018152548086610563,0.08396750877828012,-0.046935926141935,0.0415003212980815,-0.06418378974334152,-0.05594864844474773,0.03010556722732096,0.006009642277333119,0.021388507914378865
290,negative_shock,split_base,128,12,126,0.01271800001268275,0.06868036972155804,0.016031614709412497,0.006643209041328098,0.04218277444956198,-0.05065418248554383,0.050230151762879614,-0.043421867244562075,-0.02437288216766643,0.011803864727202958,0.02223847574504225
290,negative_shock,split_base,128,13,122,0.010434099996928126,0.08018013681689948,-0.01838008493940864,-0.1074831506038737,0.02528779678641202,0.14392757956649116,-0.031620468301151915,-0.10088346011756907,0.02803401213780534,0.009232871385151227,0.004085953579920561
290,negative_shock,split_base,128,14,114,0.00870730000315234,0.05236424528042559,-0.03532579149886915,0.05226573018758405,-0.033696546616999265,-0.07239167355153328,-0.02743595649909919,0.0550721103426002,0.0238032810474502,0.005177695925692301,-0.03542121747962439
290,negative_shock,split_base,128,15,110,0.006697599979816005,0.10559660221949962,-0.03618571847082772,-0.04265848498512749,-0.0011060815359753007,0.04436731539755051,0.08110687221744686,-0.08433082911281307,0.043278292916383,0.014021685225817907,-0.01098848779063549
290,negative_shock,split_base,128,16,110,0.00645089999306947,-0.13609958333056493,-0.05116649234395408,0.023329209111861465,-0.05536933499410436,0.011279642955816955,-0.02486240981254484,-0.018127833286532745,0.0324293467579713,-0.018029103406636094,-0.03144795516732804
290,negative_shock,split_base,128,17,110,0.006170499982545152,-0.10608109515534296,-0.013466310859957397,-0.06793138361853135,0.11616941484767045,0.03021806245231189,-0.007394805454654566,-0.07541100359599288,0.008722966520571284,-0.011652638126120532,0.0009122460945712244
290,negative_shock,split_base,128,18,126,0.012269400001969188,0.052618729908735416,0.04302783977994229,0.04750807856862492,-0.0591553067869951,0.04309523003875863,-0.012057094184452402,0.004065029431830969,0.010854003382917112,0.008064035969656064,0.005502496082641622
290,negative_shock,split_base,128,19,114,0.010315199993783608,0.3350746803848899,0.04345220988911073,-0.06593588812702604,-0.0010657146666242013,-0.12456852779714751,0.06153965558554207,-0.05570951351514557,-0.056937316508847924,0.04096013248791981,0.029611709364823192
290,negative_shock,split_base,128,20,122,0.009868100023595616,-0.08786683535210493,0.04178399294388846,-0.06391905055874128,0.04220311649655613,0.10126016827922117,0.10664978674372698,-0.17804025799624174,0.09756638729205555,-0.0126285704397484,0.02297375453597022
290,negative_shock,split_base,128,21,114,0.009822299994993955,-0.20304107152103024,-0.009324232402942573,-0.030261208758804625,0.03235362419326564,0.06985982385524162,-0.00034695601190765926,-0.0545990930871431,0.0003608840834809834,-0.023947662059164133,-0.008863768304346917
290,negative_shock,split_base,128,22,126,0.013095399976009503,-0.35582011650947964,0.002495286655326663,-0.07664055847491881,0.07980134270424778,0.04039584238094316,0.04409518244418894,-0.04879776478499818,0.01448897691661887,-0.04516399300396918,-0.023490003399855845
290,negative_shock,split_base,128,23,114,0.010123999993083999,0.06230992113954653,0.014376993604532406,-0.11558108939507936,0.0710768836726414,0.04849458891950583,0.1644414075744675,0.04556007278239406,0.019040271957669733,0.007552318478410158,-0.003194330730767387
290,negative_shock,split_base,128,24,138,0.012557699985336512,-0.08918070668001188,-0.032077002867351455,0.0700892671261541,-0.01081633675853148,0.07187341514911669,-0.052071633941370474,-0.04675065546238295,0.08774668962301559,-0.013075720464332988,0.007204361943174827
290,negative_shock,split_base,128,25,122,0.009887199994409457,0.07843896332302121,-0.031561860690629405,0.07298600247282103,-0.06350404363161458,0.05333899609169779,0.0153383135346645,-0.019521926133734675,-0.021676580086303333,0.009977538934875647,0.002706548506455671
290,negative_shock,split_base,128,26,150,0.012875000014901161,0.23929343077226767,0.022472061726711512,-0.20184768380725698,0.4289930167659398,-0.05478804674437957,-0.17429599004191115,-0.26776887221614504,0.2622108175920494,0.033643764792645164,0.020615273315904698
290,negative_shock,split_base,128,27,170,0.008910700009437278,-0.053065084428159506,-0.04084323896621748,0.07477592937546285,-0.12291734760634314,0.0766755452601156,-0.058593188675157185,-0.017645888164363754,0.013601273537223322,-0.006598103687507502,0.034185513598853884
290,negative_shock,split_base,128,28,118,0.009824100008700043,-0.13136245972784702,-0.015621320895344298,-0.04341222752379296,0.024252036344654105,0.001424687770511232,0.008191331013060719,-0.002180111978156575,0.04647091255397055,-0.018064846911467425,-0.0016994022887312007
290,negative_shock,split_base,128,29,122,0.00947930000256747,0.06710118628789233,0.02347035584590406,-0.018291709586987608,0.032712038543411294,0.004630934499872755,0.0223356740240667,0.00551193872950803,-0.021384423577655423,0.00863356818647539,0.014302036558841793
290,negative_shock,split_base,128,30,118,0.008784000005107373,-0.04613386115140331,-0.011133934866428542,0.03714977045134533,-0.03456621903077407,0.10016869144208074,0.04476108319675052,-0.0586905323500251,0.05140866497522788,-0.006602493479531124,-0.010120028465474098
290,negative_shock,split_base,128,31,146,0.012216500006616116,0.04819214239513181,-0.030576638188999184,-0.04162352095670708,-0.03224677324443502,-0.005482688792326979,-0.009224993727234801,-0.010903749782541316,0.024303535279506374,0.007293164890449758,-0.00387124523440962
290,negative_shock,split_base,128,32,114,0.008389800001168624,-0.011226858135876771,0.06951881303845711,0.01569652909524476,0.00043624539763876814,-0.02408090778923704,0.017373328268065,0.041161953913187395,-0.04977921146757935,-0.0007667736186831323,0.023766418597136466
290,negative_shock,split_base,128,33,198,0.018491599999833852,-0.39971362351735085,-0.07098984597728285,0.063988985283991,0.0417935455097211,-0.04101199166924326,0.10612671690528244,0.19071222720905998,-0.05372206291858683,-0.05378878318845043,-0.017248952541074433
290,negative_shock,split_base,128,34,110,0.006230500002857298,0.08672586633235319,0.04459849037818019,0.05894926395202943,-0.029815095789152903,-0.07792431160566596,0.1728379204320915,0.0666354685163172,-0.0031294300711311868,0.012979247476528965,0.03245476868772129
290,negative_shock,split_base,128,35,118,0.008831599989207461,0.020412207836460954,-0.018312646072097687,0.049481750983388494,-0.06182821728561942,-0.01370191288696181,0.004836663221383387,0.026119751646110762,-0.05525222465306072,0.0031472619928288744,-0.02470818002704759
290,negative_shock,split_base,128,36,138,0.010561799979768693,-0.0644005352665609,-0.07973854803422237,0.12006783835025554,-0.06963475648931358,-0.012509626739897126,0.0074430923600314145,-0.05244924766373997,0.020667964845742383,-0.011256711068358367,-0.008771413959474308
290,negative_shock,split_base,128,37,138,0.01249739999184385,-0.28187047492449013,-0.0900510236486132,0.1649846646423832,-0.09218948344745652,0.02368734638746929,0.0021353313999955574,0.06046740016385964,0.22226658699254237,-0.04022228570055567,-0.019875838735094735
290,negative_shock,split_base,128,38,118,0.009220700012519956,-0.0151168048127587,0.023054616273255685,-0.01931463748722514,-0.02635139471585173,0.026617901967876455,0.007442045414736279,-0.011135153968179599,0.06402261684889918,-0.0023712404987751945,0.021279964352428897
290,negative_shock,split_base,128,39,142,0.013675499998498708,-0.26015349011220834,-0.07332283168160848,-0.26593894420508046,0.1834239893936424,-0.021666597411513118,0.009269560198530362,0.2159689437440017,-0.03554013345422696,-0.03490055361086904,-0.031264417991693605
290,negative_shock,split_base,128,40,142,0.012039099994581193,-0.19409395752291855,0.053663992602807443,0.10820936573142799,-0.04551477638284016,-0.07336271255510582,0.15229507776357393,0.1348662353315157,-0.0702229997690266,-0.022268353380942185,0.021566207366573203
290,negative_shock,split_base,128,41,110,0.007398200017632917,0.044464087830315066,-0.031317826224079984,-0.04021511217149783,0.04074931491312021,0.02526588096254249,-0.012492419960009044,-0.032273413333163616,0.03611373009011102,0.006951467049235152,-0.0027463785859033604
290,negative_shock,split_base,128,42,122,0.01010010001482442,0.3560802104884857,0.0005887231016842909,-0.046282200080743845,-0.02163043366498709,0.046628787028653945,-0.09045248095170406,-0.08999114958153473,0.048010745929850586,0.04473335918364595,-0.003740676532933774
290,negative_shock,split_base,128,43,114,0.009731699974508956,0.15962342432653695,0.046483801164632535,0.002923007615544743,0.037086371776048836,-0.09842827398388736,-0.16320785217562228,0.009800887929484808,-0.048847783913902376,0.022752967187625296,0.015941698769553148
290,negative_shock,split_base,128,44,110,0.006541800015838817,0.10459835805527881,-0.029013772275239914,-0.008724601064457646,-0.01987422078266781,-0.11437945009872563,0.01929178511748466,0.13846810942607357,-0.028644945093918944,0.01431214829948187,-0.0003097944076254078
290,negative_shock,split_base,128,45,118,0.00981869999668561,-0.44037210712244734,0.03729891518264386,0.11041324589601734,-0.006823580508544649,-0.04678892342914796,-0.0020250840328175632,0.019336234335886483,0.03747799406538503,-0.05574633055428335,-0.007779188093803163
290,negative_shock,split_base,128,46,126,0.013198500004364178,0.06979431175159398,0.018476407819598195,-0.011403830188937451,-0.00593194982909768,-0.03506055181742055,-0.011257683804321683,0.019554329973251728,0.0039191486139953016,0.008803109744719971,0.010330436956506078
290,negative_shock,split_base,128,47,146,0.012799799995264038,-0.13710091444920952,-0.047814424040086435,0.02577235894244237,-0.0021103412522305463,0.09535289501948341,-0.03194217692824931,0.03822186737405683,0.0956527273015019,-0.020815179202502865,-0.01540711093513088
290,negative_shock,split_base,128,48,130,0.012878600013209507,-0.06767404263423274,-0.05613958831196174,0.0009304220795961007,-0.09173850676324889,-0.04691059257362127,0.02899053134372841,0.10212152854205561,-0.12433135828870334,-0.008606037506039783,-0.034677718676336663
290,negative_shock,split_base,128,49,122,0.009705699980258942,0.0012443338731294774,-0.008021494240500773,0.020653959115128646,0.012734714383161719,-0.019739560705237004,-0.04516819145242258,-0.004868496911718179,-0.02840294436912651,-0.00013484063661198289,0.004131058783855947
290,negative_shock,split_base,128,50,114,0.009531700023217127,-0.03244921282265133,0.0029377290545643153,0.03935409090158209,-0.028921246517269728,-0.009099109868879258,-0.03408928595133194,-0.010864302956435909,0.03733183614476606,-0.00441846540471917,0.015460285849167713
290,negative_shock,split_base,128,51,114,0.010059499996714294,-0.08839755414132626,0.006422627847764128,0.009097822167529673,-0.03534903838625446,-0.08278716853396215,-0.0895418542002837,0.07155009229690386,0.033482699221199085,-0.01162254649879801,-0.008201000838330216
290,negative_shock,split_base,128,52,122,0.009537499980069697,-0.09072136884042382,0.03583581574359376,0.03185725422976911,-0.03709661739326307,-0.007433154407822534,-0.0476294218676052,0.06925208770118771,-0.02529274467473221,-0.010241772519099081,0.014470486953308928
290,negative_shock,split_base,128,53,118,0.008961700019426644,0.058981021038341776,-0.0011256107677710327,-0.023543408629901594,0.002237890938385624,-0.07165591437452559,-0.06238153772489637,0.07696683155285729,-0.029400480310613025,0.007646712419632986,-0.006693831857626076
290,negative_shock,split_base,128,54,126,0.013307200017152354,-0.009508311342155334,-0.030520736585233865,0.0021985453804466816,-0.04455119151528083,0.05716255547595139,0.029837637200213478,0.0064523249664772365,-0.0028891640551208576,-0.0032452214792042912,-0.01967349156000258
290,negative_shock,split_base,128,55,122,0.009913199988659471,0.08864229773770162,0.028542382604695816,0.0028602108373581158,-0.03335136086439659,0.04772704319711289,0.002780676088473033,-0.10062115070230644,-0.019443070577880205,0.01234179656108628,0.011329950462511848
290,negative_shock,split_base,128,56,122,0.008968900016043335,-0.0372610289932281,0.003734928047968422,-0.03651088017521542,-0.05987163023043528,0.03126337905765284,0.0288968755670733,0.026148520748000986,0.03220182810414905,-0.0032195053333549557,-0.010285134496234364
290,negative_shock,split_base,128,57,114,0.01032229998963885,-0.03851771581504444,-0.00045183331838540843,-0.02262316622282215,-0.030482073078987093,0.039182271260947886,0.09206545640675329,-0.040132439958254364,0.011808179386660138,-0.005028476682627484,0.028098251730971403
290,negative_shock,split_base,128,58,110,0.007475099992007017,-0.1636322811267979,-0.03535162732747525,-0.016937398720197866,-0.030135615573375196,0.08942630244375957,0.09019337496609493,-0.007014451134531618,0.0434790994233311,-0.01862514303053594,-0.00848587140016594
290,negative_shock,split_base,128,59,138,0.012003000010736287,-0.011134465477556352,0.05048729387376251,0.002813088981391032,-0.10120703338892281,0.022399027314697926,0.002868803696917277,0.05297761259709409,0.015060263456597394,0.00476514810780926,-0.004621176251675609
290,negative_shock,plugin,512,0,512,0.009753899998031557,-0.006871951391098078,0.00020318993117191675,-0.006338135337986409,7.047244484582229e-05,-0.0003575069424122862,-3.9881455588548203e-05,0.0049261322867049625,-0.0009127342469327865,-0.0009955422014263423,0.00041985699914033197
290,negative_shock,plugin,512,1,512,0.012092099990695715,-0.0004401016173954529,0.00038225770602378885,0.010940877462906142,-0.012367632788312483,-0.0021213286790514327,0.0014503209872594061,0.013564007668038544,-0.0014033963190129063,-0.00010121144277611498,0.000603865881258928
290,negative_shock,plugin,512,2,512,0.010919200023636222,-0.00011470953705388776,-0.004948420262150011,-0.00022026850051613917,-0.0012150947372189978,0.002928394567586443,0.005997563542212525,-0.0019936627634691982,0.009793166722237503,7.193044263054135e-05,-0.0015290824891436708
290,negative_shock,plugin,512,3,512,0.010924599977442995,-0.009230005126810112,0.00017783792694247262,-0.00355855945079568,-0.00463672101245437,0.0015673975439095818,-0.01112508912918815,0.002275126398393161,-0.0020649597607771387,-0.0011265782189238992,0.0018619825724586225
290,negative_shock,plugin,512,4,512,0.00992959999712184,0.012843441534316014,-0.0005606359148802616,0.008924031139148357,-0.015272567938358239,0.014395811181080406,-0.001746621835309868,0.0023106591232982666,0.004092570253427065,0.0015724158175138513,-0.00044752844966812006
290,negative_shock,plugin,512,5,512,0.01210180000634864,0.006075227684215481,0.0019831279701609003,-0.00038358089709820037,-0.006232520614918626,0.010019635253421578,-0.006428337974439211,-0.007511772509184879,0.007986117372450585,0.0008448577181828152,-0.0006927880238909941
290,negative_shock,plugin,512,6,512,0.010127899993676692,0.001995779529548107,-0.00017487121761507754,-0.006191523736105656,0.008598800290067718,-0.009602893790866925,-0.00842389672977593,0.0048332400229815645,0.0013968045325562716,0.00020506127234871761,0.0010498753339294995
290,negative_shock,plugin,512,7,512,0.009632200002670288,-0.004626724299057258,-0.00030300561708586956,0.0066431992496469765,-0.0014953170586352014,-0.008319357993674063,-0.0007864927443692025,0.0013327531942827406,0.0010959006835739589,-0.0005944022480524001,0.00047033476197322766
290,negative_shock,plugin,512,8,512,0.010330400022212416,0.012724084192965007,0.0017298472199868773,0.0012914160761042532,-0.0016428274346571715,-0.0014472131952553008,-0.008244105338783345,-0.001573381922905864,-0.009050070878337682,0.0017805133470341968,0.001972902685918636
290,negative_shock,plugin,512,9,512,0.010110699979122728,0.010616197688969506,-0.001037832339134543,0.01504307562139775,-0.010433826217488187,-0.0003743270013826842,0.0063239181146943005,0.004861016365035657,-0.007453500530144495,0.0017972610901267623,-0.0012912727405765742
290,negative_shock,plugin,512,10,512,0.009237999998731539,0.018271259332002583,0.0009357690061598345,0.010354754301167625,-0.011411010896543988,-0.013124924650763304,-0.012378033687780423,-0.0037360719085326338,-0.0043368314216177,0.0025006270066879194,-0.0011886272293226898
290,negative_shock,plugin,512,11,512,0.011071100016124547,-0.00446620160771845,-0.005534872732323023,-0.0022140878407597557,0.010414208645588277,-0.016139589165716884,-0.00668420419439171,0.012314443423696747,-0.008163846118201633,-0.0008541776831080319,-0.001261120022285311
290,negative_shock,plugin,512,12,512,0.010821900010341778,0.00786379572756025,0.003320179471389272,0.009561010315108935,-0.004000908854148704,0.005347821694390885,-0.0011055404525042944,-0.006395525061153734,0.012777985830729836,0.0010152122552594977,0.0007995100120423755
290,negative_shock,plugin,512,13,512,0.010171800007810816,0.02575419677890949,-0.006558029693454434,-0.0009472034136409666,-0.00018140600329322724,-0.0013928744959327574,0.00492452623486226,0.003225407595011334,-0.0040604797333691055,0.003302790719538334,-0.003490058461936466
290,negative_shock,plugin,512,14,512,0.010824199998751283,-0.004153719381011187,-0.0024646666629906744,0.007843808030510933,-0.00036589728669845936,-0.00401592772889685,-0.006283512676779163,0.006122826840644421,0.0036275526115014645,-0.0007611596548675014,0.00027546850241270997
290,negative_shock,plugin,512,15,512,0.010549800004810095,-0.020186678310557506,0.0012715286640902572,0.004906650001913963,-0.0038026592611262243,-0.005502312856538784,-0.012824002500636051,-0.0027722935566621746,-0.00557131662666311,-0.0026639905165060343,0.002757060941334832
290,negative_shock,plugin,512,16,512,0.011114000022644177,0.0058097010911545965,0.0025101880906865993,0.0020003031098403535,-0.0007866947097675437,-0.0010396345215958065,-0.00028111605921025056,-0.0022624045424120528,-0.005231284527621047,0.0006102723216951146,-0.0008454810235416895
290,negative_shock,plugin,512,17,512,0.011295299977064133,-0.003348155847386509,0.0019686455638465404,0.00350228920868221,0.0063855427219430974,-0.007220058507931247,-0.0022367812365323017,0.01390582281549758,-0.0037191164030198577,-0.0003043088612748116,-6.843951554448861e-05
290,negative_shock,plugin,512,18,512,0.011882000020705163,-0.0028830301998030504,-0.005520971893617489,0.001438390722884991,-0.002757224667159244,0.014655348667915902,0.0018846049594508695,-0.007696564203083511,0.011128607794897228,-3.910083110222397e-05,-0.0002303646043596062
290,negative_shock,plugin,512,19,512,0.011999899987131357,-0.0044505686128740824,-0.0005437490250828442,0.004499860671043432,-0.0013893269743185115,-0.005050736323361271,0.010495918722603494,0.005316651116490095,0.00032780732895264724,-0.0004889577079104826,-1.273249603010261e-06
290,negative_shock,plugin,512,20,512,0.011781999986851588,0.02967202435643781,-0.00033648768750584035,-0.004275012315356795,0.007165327255217286,-0.006411929790518236,-0.006799668816422471,0.006498882100640769,-0.0040306460408926865,0.004171045042449146,0.0005608569591988641
290,negative_shock,plugin,512,21,512,0.010654799989424646,-0.011463276962178743,0.0010430766321997875,-0.005216342684170761,0.008813184860998866,-0.0011412068742246535,-0.011846774946557337,-0.0025796234979883954,0.0064927546424860165,-0.0012134271399861177,-0.00036367281790225623
290,negative_shock,plugin,512,22,512,0.01194180001039058,0.03186968143919551,0.001663056729615939,-0.01663218247051573,0.011002421134540667,-0.0037681514574761147,-0.004473667193925355,0.0008949518436008546,0.0019181364351857568,0.00389434046597413,0.002129776693074224
290,negative_shock,plugin,512,23,512,0.011814800003776327,-0.0011634306733043775,0.0018156185818111637,0.0028581603286607026,-0.002639277386896945,0.006708827125457457,0.0032830217134703155,-0.0026371286188604333,0.00631185129059681,-0.00023541135336571962,0.0024494455663778185
290,negative_shock,plugin,512,24,512,0.009806000016396865,0.009026469288529206,0.00014427223090131492,0.013192614907968822,-0.007746072246442049,0.0027824516433832204,0.006628298390201988,0.008713558999441,0.0010716011442296503,0.0012502437343128814,-0.0005525021301292074
290,negative_shock,plugin,512,25,512,0.011627100000623614,-0.0037466377298604856,0.00517117951174332,0.0031060950834268576,-0.002092431895777015,-0.0037497351285330264,-0.0021650357771068078,0.014159801395918685,-0.00809791636265065,-0.0007155209585572814,0.0021242905626420424
290,negative_shock,plugin,512,26,512,0.010899499990046024,0.018309900567536223,0.004168216241240826,-0.0026499421529002864,-0.008414297100884132,0.008979738549954304,0.016870705052721504,-0.0017287055784957143,-0.006932804404377677,0.0026003958991432908,4.6469906643323844e-05
290,negative_shock,plugin,512,27,512,0.010836000001290813,0.009857873700795505,-0.0014157206223241643,0.005961485036417262,-0.005161521421913178,-0.005496818470865938,0.007917384448532247,0.003441694439698665,-0.010542334337071264,0.0013428572707850962,0.00030421728544578145
290,negative_shock,plugin,512,28,512,0.011517200007801875,0.00046990972399066355,0.002309593020791246,0.0007527862425055817,0.001564013560504226,-0.003601050988270383,-0.0011817314267421949,0.0005927732733482352,0.011257046481905847,-4.017377777835465e-05,-0.000829595465773435
290,negative_shock,plugin,512,29,512,0.010719999991124496,0.01190645318902699,-0.0022355044937390793,0.001901172304241187,0.0024020632385167114,-0.00232539137988736,0.003234606917511339,0.006393334660948216,-0.004744331540452981,0.001614729030805441,0.0010697927374749864
290,negative_shock,plugin,512,30,512,0.009345599974039942,0.005103823609507748,-9.16603426424526e-05,-0.003819600849214507,-0.001621822505371703,0.01205350768715367,0.005204738728606189,0.002580711488482714,0.0012462658706838374,0.0003562174098323059,0.0018309396399063022
290,negative_shock,plugin,512,31,512,0.009567600005539134,-0.004900709097361668,0.002154521601712742,-0.0014507564494112078,-0.0024796128051734604,0.01242914367327807,0.00043474851034813224,-0.003879820794215477,0.003953348855227822,-0.00038081593311762446,-0.0015374492083504844
290,negative_shock,plugin,512,32,512,0.009464900009334087,0.02010329123276291,0.0064772167775628345,-0.009994998459043487,-0.0011325323750546166,-0.00517626819892867,-0.0032695790610380152,0.005429266140527887,-0.0025837198226664883,0.0025178261786015987,0.0018031445997495378
290,negative_shock,plugin,512,33,512,0.01113870000699535,0.0027305571204587855,0.002803930722088998,-0.002907438641416984,0.0011759725296392192,0.010041453044945024,0.0023989852040748705,-0.005614977271465439,0.005033267993582662,0.0003345511648257143,8.996460797767674e-05
290,negative_shock,plugin,512,34,512,0.011091000022133812,0.0063560484507961,0.0038183875563472308,0.000531732651150216,0.004951849711264764,0.0007792642247528506,-0.006892979120774023,-0.0039635653492282935,0.002944103130198233,0.0006325876805694447,0.00265814325556217
290,negative_shock,plugin,512,35,512,0.010133300005691126,0.009481910534528818,0.0074882474046334855,0.004398116728846026,0.0002451535141501267,0.005648814117621646,-0.0007379313398512743,-0.005693778402478708,0.007443018155538391,0.001328099084642053,0.004120542757706138
290,negative_shock,plugin,512,36,512,0.010633300000336021,0.0024183605777341687,0.002094818890892855,0.0012124439526968824,-0.00668074890656705,0.004715087133751477,0.005033187866902836,0.006182715820166532,-0.0013914332138706656,0.0006475521420170497,0.001259885203580954
290,negative_shock,plugin,512,37,512,0.0117966000107117,-0.007797602543409762,-0.0035615398720995933,0.007113533925483123,-0.0040330735925426285,0.011024429597664004,0.009332554902503416,-0.006392999634532491,-0.006558781475490125,-0.0010232066969541316,-0.0024199025386169902
290,negative_shock,plugin,512,38,512,0.011266699992120266,-0.0126323759306996,-0.001146509434119001,-0.00259020347157492,-0.0002449137446863308,0.0027686734789508474,-0.008572409152990368,-0.00717998993443675,0.00238870287162413,-0.0016164826060048824,0.00025248516335188816
290,negative_shock,plugin,512,39,512,0.010877399996388704,0.0025030648411860624,0.002603384364996473,0.0006103999841784855,0.0029471360159477496,-0.0072609172051367925,-0.01305079597430244,0.00543151289787562,-0.009096877335954531,0.00020697988623720118,-0.002199979960873583
290,negative_shock,plugin,512,40,512,0.011341300007188693,0.0018411257323088996,-0.0033080617901666888,-0.00045576326033741854,-0.004465817090141683,0.013275631537701019,0.007374945834924341,-0.003719731658948468,0.005584025295956861,0.00011045447142110212,0.00041144502115372594
290,negative_shock,plugin,512,41,512,0.011421200004406273,0.0003490307581533302,0.003932415099511006,0.001397797425715838,-0.004754673094013931,-0.002554635689889284,0.005682484584854147,0.003148975166953504,-0.004993263128236807,-2.6119008272770036e-06,-0.00026739979448132153
290,negative_shock,plugin,512,42,512,0.010605600022245198,0.007732038251865781,0.0021814401551181746,-0.0034064920362313336,-0.002719833422630381,-0.011815814920066656,-0.0002897790251970405,0.01059558967415685,-0.010396268884351273,0.0009292321701496522,-0.0007647359855954577
290,negative_shock,plugin,512,43,512,0.0101489000080619,0.00448613414238572,-0.005429241899544121,0.005686010278894896,-0.005718584719202301,0.007151587504826365,-0.0037305456281336888,-0.0009093824990320748,-0.0031859857462673094,0.001004031275860452,-8.892399746890751e-05
290,negative_shock,plugin,512,44,512,0.010341200017137453,0.00714642344771252,-0.006969857099386698,0.012874153475024921,-0.012172487655344687,0.003228986378401821,0.008688814301353164,0.0014652214555855706,-0.003669677427242568,0.0011638856154602595,0.00036098188181103274
290,negative_shock,plugin,512,45,512,0.010892899997998029,0.004493046389182374,0.0034355254482112923,-0.0023061463970333942,-0.0008570209595574048,-0.0007170683578457336,0.008545233186850073,-0.002670503085079714,0.005606522946228401,0.0007495114750489749,0.002896925627825328
290,negative_shock,plugin,512,46,512,0.010218900017207488,0.008708135494204083,-0.0024975912769264236,-0.002266757314966501,-0.001357791264079195,-0.004365226284680093,-0.0019043589682220664,-0.0003562224726707086,0.0018896495105014943,0.0012584056194226716,-0.001358073541684942
290,negative_shock,plugin,512,47,512,0.010529999999562278,0.015379854119049735,-0.0031957084076747948,-0.004224966620376245,0.000955921961277387,0.001775494285953876,-0.0015128524300287002,-0.0007936090967129933,-0.005716891656137285,0.002290472931913512,0.0008347522321412795
290,negative_shock,plugin,512,48,512,0.010609400022076443,0.030063977604324155,0.004903831653533044,-0.014601456204808388,-0.0014711998253848048,-0.010812652696535701,-0.008554026156019577,0.0008763331759515968,-0.005273102333743343,0.0035221779530012834,0.001304931057503157
290,negative_shock,plugin,512,49,512,0.009489799995208159,-0.0066254002386589034,-0.0012187213873108922,0.017483837023434746,-0.007762092979880868,0.008141861005103631,0.005418060621056088,-0.005208589369705428,0.0031745045601248058,-0.0009312230256984424,-0.0007725682714037039
290,negative_shock,plugin,512,50,512,0.009423300012713298,-0.006294668965663897,0.0019066482042342612,0.00043604084287944355,-0.0036927647232862103,-0.0005963906429871545,0.00270293220375271,-0.0007967359206291641,-0.003341100452027021,-0.0009594655777091266,0.00193107393014048
290,negative_shock,plugin,512,51,512,0.011594200012041256,0.009504620474162931,-0.001436791006684949,0.00034236679561356655,0.00951327182658686,0.0032139301757508803,-0.004463115070867909,-0.005837224519741059,0.0014836285574957402,0.001240384088019917,0.0028341169112027493
290,negative_shock,plugin,512,52,512,0.011061299999710172,0.010156437347330998,0.00030864490872766235,0.003346734955428657,0.005448934644212957,0.006311503961472453,-0.008173570113416151,0.008325488287880855,0.005721719038500868,0.0016052550372879857,-0.0012890515441137066
290,negative_shock,plugin,512,53,512,0.00976980000268668,0.01022228676121069,-0.0001278047724893343,0.0021859400856476248,-0.011645422449641939,0.00689725114084912,0.007052976482255305,-0.00662784693794954,0.01011938719990368,0.0009925269146268258,0.004863319399867854
290,negative_shock,plugin,512,54,512,0.011255199991865084,0.01242540014732367,-0.0029968754834819077,0.001132954657489981,-0.005870862344947547,0.0007984471019653545,-0.0026368072657364816,-0.008752669379202526,0.0011943123873502332,0.0015421951187239394,0.0012106369329760336
290,negative_shock,plugin,512,55,512,0.010119900020072237,0.009133037807037099,-0.001407780592675157,-0.003028711028635066,0.003937762016944215,-0.011932855635537674,-0.008053789886407457,0.005832616381455774,-0.01049529771590271,0.0009570231372444619,0.00154357649644013
290,negative_shock,plugin,512,56,512,0.010023299983004108,0.003698738094815006,0.00172876055403935,-0.008705392102013895,0.007902266287477977,-0.007451976130717091,-0.012572242686189259,-0.003393250189393545,-0.00526690519628993,0.0002674899372536491,0.0004537333698777057
290,negative_shock,plugin,512,57,512,0.01142030002665706,0.026745299066430424,-0.0020346407077196293,0.011883200733861168,-0.009438712528700705,-0.0019319643462186616,-0.013850346451085757,-0.002463403294986262,0.002256115123216906,0.0029179403936828684,0.00021248687708887092
290,negative_shock,plugin,512,58,512,0.010685699991881847,0.006851268107522184,0.00434202027938447,-0.014360587037184458,0.011790677407212829,-0.006941899388949883,0.007743726448706333,0.0033984876682491834,0.0022133943045959522,0.0011209686529031137,0.0017897853737391248
290,negative_shock,plugin,512,59,512,0.01024809997761622,-1.725969316684467e-06,0.0018787474344889865,0.007883985805533098,0.00019263205333711381,0.00045341339235182914,-0.0014462591380920917,-0.00226603261762474,0.0027593326238200913,1.987443907700959e-05,-0.000490849989921828
290,negative_shock,multilevel,512,0,631,0.018585999991046265,0.025361636315963436,-0.027825156403620793,0.006174407640481064,0.01718288807869516,0.12754714696566022,-0.005793484018273021,-0.11322342613180217,0.05882253639513054,0.006833779290774415,-0.009526741377577842
290,negative_shock,multilevel,512,1,419,0.014970799995353445,0.03715529930313789,0.02817824501436223,0.005106813571999638,-0.07120700356896657,-0.051684740835304485,-0.013659242749974944,0.03294393658412804,-0.04139130072143866,0.004930608825465405,0.013533514752323086
290,negative_shock,multilevel,512,2,477,0.015558800019789487,0.17003441244481535,-0.002866289190537997,0.07374606704357291,-0.013054931345163173,-0.111468874416711,-0.07541206162778373,0.06843433562566166,-0.023891044443079955,0.02270733452915641,-0.002176214847699165
290,negative_shock,multilevel,512,3,617,0.021707500010961667,-0.1088092216099686,-0.007026837930185405,0.07579743742666807,-0.04733873028152119,-0.02472048049803874,0.08543598171245602,-0.001859941880961305,-0.048845594764779586,-0.01320688569551982,-0.009066717703012815
290,negative_shock,multilevel,512,4,487,0.018596200010506436,0.16943621089247157,-0.04582153756958211,0.08984810515805076,0.020435847391853078,0.028721283379044175,0.10342244349106172,-0.10703906148652997,0.0983595325822456,0.02304990720925977,-0.011418853570632378
290,negative_shock,multilevel,512,5,531,0.015695300011429936,0.02036799389218678,-0.02271659979932912,-0.1515982497749664,0.14268847499931314,-0.04231556379963528,-0.061755013281414424,0.07850719712762792,-0.0592638333231364,0.0017333437351193517,0.018317331613707338
290,negative_shock,multilevel,512,6,423,0.013684900011867285,0.05760956271238951,-0.044180175823657984,0.009452934406010168,-0.0008971780101663651,-0.054293925757167745,-0.04962566373257741,0.028342804805841313,0.010041121506213762,0.006475201447145549,-0.011931785797642489
290,negative_shock,multilevel,512,7,495,0.015326100023230538,0.09338112023374773,0.011008258048078028,-0.024220212855705556,0.07764249797000813,-0.002486872078919457,-0.03572462910254687,0.020009067428861726,-0.00856452295434849,0.011875823680877933,-0.016047667068880864
290,negative_shock,multilevel,512,8,519,0.016615000000456348,-0.10416087772990702,-0.05970690708018428,-0.015787687305414334,0.11172132925496567,0.08620141160383038,0.03203989032047906,-0.0615660197295195,0.06080054710636058,-0.012882156046237173,-0.01900822814381067
290,negative_shock,multilevel,512,9,519,0.016825899976538494,0.09261853622755034,-0.03032754681647247,-0.040505356437438245,0.08598031723374783,0.05641040122323503,-0.046987326126857236,-0.03497005827998031,0.012448443612686821,0.010452887656054751,0.01334371324594436
290,negative_shock,multilevel,512,10,513,0.01784159999806434,-0.026256933736456323,-0.024439644683447944,0.11815829569806081,-0.12325480393492534,-0.04180262687433179,-0.018982660379255816,0.06603620276967152,-0.08884844204588482,-0.0006147064881629543,0.009638192776247514
290,negative_shock,multilevel,512,11,441,0.013462900009471923,0.022386427313489946,-0.024699955349301004,0.04426105632997799,-0.12693822875089078,0.03886426146631503,-0.009707561198518327,0.033425291826545855,-0.005039029003772242,-0.00038686599201294983,-0.006870627530762258
290,negative_shock,multilevel,512,12,463,0.015743199997814372,-0.08376371290985772,-0.028004294645336155,0.013671144512655756,-0.0018001174113133679,-0.0622871812238423,-0.03408698256319432,0.008558342463710929,-0.005821286830002377,-0.010428153776198162,-0.003973759603408781
290,negative_shock,multilevel,512,13,597,0.019063300016568974,-0.03481884925360762,-0.01060490358906761,-0.08806324664045194,0.0605875350622852,0.06446722730163615,-0.00827428672442124,-0.12054930346628834,0.016369632464682923,-0.0012675107711506428,-0.007878404434259977
290,negative_shock,multilevel,512,14,553,0.01872289998573251,0.05344488764259199,-0.0112993935080592,-0.06469088305186874,0.09449764087843725,-0.053613475290082646,0.07764775861446316,0.04769843054725698,-0.11234327422908745,0.007389923882480383,0.0008293370899297923
290,negative_shock,multilevel,512,15,517,0.016574099980061874,-0.06372982462795442,-0.010456728042747417,-0.06323960118522713,0.03414699803637647,-0.020080750568306344,0.008618667166145483,-0.007366383158477533,-0.04812810974718264,-0.00975262308811267,-0.00035439350344709824
290,negative_shock,multilevel,512,16,541,0.016673599981004372,-0.04354251167101255,0.04651636270041306,-0.014793854012921461,0.06056441141619368,-0.13896724719706172,-0.0985766446527029,-0.003952248817109452,-0.07438219151228118,-0.005504653135524651,-0.011199858336822086
290,negative_shock,multilevel,512,17,457,0.013693699991563335,0.18664442744132168,-0.049213677905697514,0.08692221020732836,-0.014890349138971071,-0.003331649453510554,-0.0857821014010741,-0.07431239668506849,0.09274681058202285,0.02610607270860455,-0.0008374466893965635
290,negative_shock,multilevel,512,18,485,0.014718099992023781,0.002523495799429831,-0.0560272484789261,0.16533222658132904,-0.050386555623602496,-0.11272140394500874,-0.07634765043753146,0.059284152354695696,-0.04385307912037831,-0.0025708205329168484,0.005918701192277613
290,negative_shock,multilevel,512,19,521,0.014898099994752556,0.08639276508300554,0.07179238903789725,0.02544206794002266,-0.01732888141774635,-0.03628536939614512,-0.05509712141928717,-0.04258976673073015,0.010289458318726782,0.007724239160071988,-0.00332817435879223
290,negative_shock,multilevel,512,20,437,0.011751400015782565,0.1266811088687491,0.061741114563467,-0.05648617890950634,-0.004559867874377611,0.04322525608949475,-0.007924319631948312,-0.041757920954059634,-0.05897771885063104,0.01574486724377821,0.030490042068069392
290,negative_shock,multilevel,512,21,551,0.018079599976772442,-0.02313953772048487,0.0383466627425581,-0.0763037517989091,0.08087203922675434,0.028259787049080054,-0.10051186307166492,-0.054680377630818386,0.04849133528221391,-0.003077970777628041,-0.004686343321660744
290,negative_shock,multilevel,512,22,475,0.014723700005561113,0.07991174882813236,0.025015381965951627,0.056781284471096836,-0.03942581061467679,0.09392611902814621,0.010244214076589755,-0.054893474983732295,0.10036155723678064,0.012073479341100288,-0.0001954513431049675
290,negative_shock,multilevel,512,23,563,0.019308999995701015,-0.017232584314294024,0.05344745694009204,0.024846830255897862,-0.07774937646600379,0.0859926061293928,-0.10907967398215931,-0.08396035603375136,0.011904223162270173,-0.0036184801980762783,0.03598310853667145
290,negative_shock,multilevel,512,24,409,0.012952000019140542,-0.008553050934515674,0.05286977800776879,-0.0736930296581953,0.10861063507270738,-0.020445030855537876,-0.07228582132531121,-0.05093811014974666,0.03423881529142928,0.0016141604748903034,0.008455204175920066
290,negative_shock,multilevel,512,25,551,0.016940100002102554,0.17954262594005493,0.002512120373775464,0.06140065421119283,0.0014842452055228968,-0.06195680267436937,-0.009294365013802507,-0.01766858516019416,-0.016175119547891345,0.02260981212274098,0.021234282921385912
290,negative_shock,multilevel,512,26,467,0.014379199972609058,-0.29228492033973097,-0.01313553563921365,0.06978468999280378,-0.08015281319853959,-0.20113896843874163,-0.05463061575875033,0.17534514047873,0.009763775892450461,-0.04316226702082778,0.0015332102080664644
290,negative_shock,multilevel,512,27,453,0.014246000006096438,0.11506579505011429,0.0188005116200319,0.052845885060538215,-0.02324685695901706,-0.010922903751596935,0.10512422733656307,0.08164620205661019,-0.04879061339842121,0.013122893596503926,-0.005691385062802016
290,negative_shock,multilevel,512,28,453,0.0140397000068333,-0.19837969444424255,0.05268922441998724,-0.019201458280355133,-0.010747548812006714,-0.04330137086190936,-0.05424373823547489,0.03263297596324261,-0.016152415688411942,-0.026816860676485532,0.008995644440907667
290,negative_shock,multilevel,512,29,473,0.014010600018082187,0.023657581647080338,-0.010496740682469316,0.022373369292988186,0.011416214034550662,-0.07107897933835698,0.07397858449685918,0.01348015201541363,-0.026184369492543092,0.0043244625222508565,-0.0004284583194479285
290,negative_shock,multilevel,512,30,441,0.013945500017143786,0.04943989593804916,0.0347826442247476,-0.011988823827983358,0.007923133321857314,-0.051879028842844156,-0.0203671728314112,-0.009231543800689251,0.007643568313462716,0.006593927334013241,0.00782957079758929
290,negative_shock,multilevel,512,31,483,0.015591300005326048,-0.05399830314735242,-0.0264017780821353,0.011057016715090323,-0.027129938532626553,0.1532166429228972,0.033076325637606596,-0.1375650985759722,0.10028285839373272,-0.008416604789183272,-0.019247341282087806
290,negative_shock,multilevel,512,32,515,0.016702699998859316,-0.04756848508030939,0.018456470255347485,-0.013866747189115116,-0.023304322237102132,-0.01998112629876561,0.0932094863353591,0.06796015770965982,-0.12009929862111851,-0.006565500334120482,0.015076966235203089
290,negative_shock,multilevel,512,33,499,0.016824399994220585,0.08343385474681704,0.030783239939875716,0.062068262592130864,-0.02565594530712452,-0.03898578563843799,-0.030321238438644392,0.051549054550064984,-0.06716772506446626,0.012427146018504597,-0.016300040092062765
290,negative_shock,multilevel,512,34,477,0.014949200005503371,-0.0637589137902034,-0.08735621004628503,-0.029956686711190842,0.057656931523216264,-0.01670148943936742,0.0002412398923775102,0.044957288469634524,-0.0443547694128204,-0.01285778889794562,-0.001644569300956963
290,negative_shock,multilevel,512,35,469,0.015874599979724735,0.06440983714520977,-0.008900586448936312,-0.017166428128973375,-0.06587759947658327,-0.029668160758570605,-0.007392062331503743,0.0675339432228959,0.03643946954490023,0.008726068824730614,0.01077779715109627
290,negative_shock,multilevel,512,36,451,0.016712199983885512,0.020793836637944037,-0.0017976331985469689,0.08062985861887138,-0.042723753064215164,0.08133201105236554,0.09067190514065118,-0.02384993481800944,0.07127778171114454,0.0018764255944928182,0.006519156280458929
290,negative_shock,multilevel,512,37,467,0.014099699998041615,0.08949061354909313,0.03648402492409373,-0.016593495695352505,0.043682259278608006,-0.021784024063281768,-0.010152806053328517,0.022813493139614376,-0.004165252043278539,0.006898529036843861,0.00636865168865205
290,negative_shock,multilevel,512,38,569,0.019982099998742342,0.018327842366666732,0.002633314798372427,0.13069264130517322,-0.10318288891041782,-0.003093717783097111,-0.04587297457318523,0.15684915063087815,0.08393937071157444,0.006173283058824631,0.03094341382701195
290,negative_shock,multilevel,512,39,581,0.01944880001246929,-0.11663692465888383,0.003101989744804612,0.05181048508773437,0.06470722172879069,0.016017327742611512,0.004793362567188686,0.08088519855306507,-0.03506022111011648,-0.012347715036792134,-0.017896705377381954
290,negative_shock,multilevel,512,40,547,0.01690190000226721,0.09140346939237491,-0.023335556818779687,-0.016799756281068865,-0.006038558918333522,0.09329155818202309,-0.0604962393804137,-0.08268264557427298,0.020363940264873995,0.012415633813268729,0.0015827142546084834
290,negative_shock,multilevel,512,41,483,0.012921500019729137,0.09314717523216795,-0.04777840653893386,0.06724125208584368,-0.057475417036373024,0.09023967481266827,0.04713193559471025,-0.0493543820618347,0.10853642925516004,0.011340462341268995,0.005255261878918037
290,negative_shock,multilevel,512,42,605,0.01902400000835769,0.018665880561120476,-0.010060812168524016,0.021378434427777603,0.035231369266412335,0.047311843955976,0.02654104337552625,-0.003611820023754743,-0.004596472006326937,0.0029802971574529433,0.013487782162607957
290,negative_shock,multilevel,512,43,545,0.01815859999624081,0.0855567011774902,0.00497376388586503,-0.051227043686615514,-0.019567425095883575,0.10635335801388664,-0.04810469533094201,-0.10896254814606471,0.08426259445632603,0.013742075458430713,0.005218287399381908
290,negative_shock,multilevel,512,44,477,0.01630799999111332,0.016783910671808854,0.03569215819081196,0.03412160442202147,-0.006918712019781671,0.05255950552847247,0.01062393521656192,-0.06971744724142052,0.0894849093266692,0.003340994151162902,0.023580036036598726
290,negative_shock,multilevel,512,45,453,0.016295599984005094,0.1503744432893625,-0.0415158277900131,-0.03308188427018095,-0.03362424741571872,-0.04249461452347323,-0.0745965689173047,0.07179039829528011,-0.06980837217199341,0.02016159591432326,-0.001623862745979473
290,negative_shock,multilevel,512,46,475,0.014335099986055866,-0.006927881479181013,0.0033954414750388706,0.0057054903910837935,0.0181812163080299,0.011659535620059976,0.05548973641621361,0.033589606878907274,-0.06176274412488434,-0.00022088372488177844,0.00045959699204729717
290,negative_shock,multilevel,512,47,523,0.017594500008272007,0.10694885220792799,-0.014012464120105437,-0.032447950804277544,-0.031326738390433394,0.13763834374869915,0.024946172467708874,-0.11755534320728069,-0.00783364607330441,0.016242008048380586,-0.017902340212811903
290,negative_shock,multilevel,512,48,515,0.014535299997078255,0.06113876281564301,0.028673015712971768,0.04890440750678453,0.007268343018297847,-0.04122942403854245,-0.010926933149958254,0.06542789572612841,-0.08937094508477525,0.010000968488615633,0.027364070489395886
290,negative_shock,multilevel,512,49,577,0.017054099997039884,0.020031712971024157,-0.015972761373426788,0.025560743819964038,0.010246639793175853,-0.060516344426510806,-0.024963744319921703,-0.03831334612015284,0.07996345535529144,0.003387552316851797,-0.0006078115185027648
290,negative_shock,multilevel,512,50,501,0.016621100017800927,-0.2853520953278431,-0.053144664438636115,0.18518945243269716,-0.11487568115433304,-0.07585659587593492,0.08615675365651938,0.17545588967911468,-0.03672863599131844,-0.0374720021155008,-0.007671537122914377
290,negative_shock,multilevel,512,51,535,0.01741910001146607,-0.040389710071775414,0.005739679099580282,0.07113298563221077,-0.04509018657402035,-0.03159532200516741,0.024232432040905267,0.03227146063043001,-0.017510013719074995,-0.004994024493403143,0.003203555247517451
290,negative_shock,multilevel,512,52,457,0.016335100022843108,0.08461218910019404,-0.05340157767014768,-0.11207936264586943,0.030387761572283144,-0.0045517516893053426,0.04710935652026579,0.07448270745368508,-0.016411443460266455,0.013347401617339353,-0.013090967725616314
290,negative_shock,multilevel,512,53,453,0.015289900009520352,0.004145434743408671,-0.03990189448578929,-0.03140399676052093,0.05993335130874002,-0.0018332118343292571,-0.033225639876127554,0.003342693747040352,0.03863207808282154,0.0012579735438628611,-0.00409098198377754
290,negative_shock,multilevel,512,54,561,0.017486299999291077,0.22956952639067524,-0.01858715982430438,-0.03902086433006951,0.05358691175349989,-0.0147623083526557,-0.053765161094759005,-0.09882439754571919,0.05396458333458211,0.030213367991941405,-0.0006672083993500877
290,negative_shock,multilevel,512,55,565,0.017198899993672967,-0.052368580037748066,0.014477655619129282,0.011896734308922251,0.006891956587532648,-0.023410202729531995,0.007862279989816163,-0.0019263223978233266,-0.03906268175093895,-0.006496223155111805,0.009129989914639775
290,negative_shock,multilevel,512,56,563,0.021967200009385124,-0.0367099650523105,0.005212217504418548,-0.05173766065997001,0.11756777477823985,-0.11170038346539325,-0.058880008506702046,0.08657776798778999,-0.06439322087129838,-0.0018998443002825102,-0.03089850938512904
290,negative_shock,multilevel,512,57,479,0.017852499993750826,0.08064300658511263,0.0045328198514838795,-0.027086971005223753,0.00011037919371178042,0.0008426347576226001,-0.0703518603314915,0.024918781703287044,0.03743965857603446,0.01117645223338233,-0.021311564271470445
290,negative_shock,multilevel,512,58,423,0.013732299994444475,0.0315050266387272,-0.0054574095807091915,-0.02283347614025477,-0.0017097973058242612,-0.11845587753219368,-0.09091469265887125,0.009908216693836333,-0.04132136888786015,0.0032338361563120275,-0.014939846781429745
290,negative_shock,multilevel,512,59,525,0.015589599992381409,0.027306546287542595,-0.005692800041381636,0.01491746856793159,0.008646624645045087,0.012753447956543703,0.06121332426107161,0.009890320714987565,0.08627409920535577,0.0023312764819800255,-0.01301731106347927
290,negative_shock,multilevel_outer,512,0,494,0.017539699998451397,0.0004892143967884791,-0.019318227089164593,0.05834762959609715,0.0053624936655763365,0.006038976678844183,0.06262455262950166,0.018152079509083284,-0.014301040767624151,0.00030754907862258246,-0.0032176600129781015
290,negative_shock,multilevel_outer,512,1,530,0.021912399999564514,-0.06212577458425992,0.0018449889863451864,0.008512952170507649,0.0006218927136342591,-0.00558569210735466,0.0212363546049068,0.028366904661797844,0.025373125171871857,-0.00832324072870001,-0.013254470759727695
290,negative_shock,multilevel_outer,512,2,472,0.017621000006329268,-0.06119406105016618,-0.0016357367110417383,-6.502821961029951e-05,-0.047221359639518165,0.05773834196909463,0.055954069564935725,-0.05608929033321535,0.04929021038674992,-0.008513511085606797,-0.007091346112059197
290,negative_shock,multilevel_outer,512,3,542,0.022245100000873208,0.11319460950926317,0.007600805894713871,-0.003246137811394663,-0.014733380287447057,0.019341128137254422,-0.0097566924515193,-0.045281148354327866,0.034659649941079465,0.016276653229134772,0.02015940423578024
290,negative_shock,multilevel_outer,512,4,496,0.018141699983971193,0.07899938930274109,0.004226470261393093,-0.013123878839243312,-0.004252562708866921,0.0008670229428994629,0.020443552433965693,0.015236838557639276,0.004833799539370364,0.01075060568094277,0.014768248262363247
290,negative_shock,multilevel_outer,512,5,490,0.015591900009894744,0.055033316065699805,0.019987241014798315,0.04270300185254351,-0.014292714819671076,-0.009349808614132739,-0.007610978600764309,0.025614077670144713,0.0033355530914551458,0.007957364974878955,0.006701180140351098
290,negative_shock,multilevel_outer,512,6,498,0.0179733999830205,0.01469011531856857,0.005467537421233617,0.0056138281832294416,0.00575083527729934,-0.027271263389634825,-0.014989434356510145,0.02659382028846482,-0.022887157655856204,0.0016878857479121067,0.008647192120101265
290,negative_shock,multilevel_outer,512,7,508,0.019071900023845956,-0.05649251130074346,-0.024961030746238733,0.020338584628626585,0.029104539290044567,0.022709063379983876,0.029291704687114943,-0.054775381426927644,0.000970950138502978,-0.007021657000469084,-0.012138862129074402
290,negative_shock,multilevel_outer,512,8,472,0.016991600015899166,0.0592525329340507,0.011772437153076921,0.0209859624580977,-0.04295073022089546,-0.01633283564831867,-0.002177993138196681,-0.0018543748224020757,0.003603466477548448,0.006853583538531108,0.006333209046277363
290,negative_shock,multilevel_outer,512,9,510,0.01962549999007024,-0.10663099061564593,0.024823663367972867,0.05502604899860252,-0.11404423296642323,0.016712410946999642,0.02422531748006914,0.08381446938602569,-0.04203965754307761,-0.014576502360583101,-0.002812537520947647
290,negative_shock,multilevel_outer,512,10,536,0.018210900016129017,0.08492025036974414,-0.05639768607284582,-0.004957837735012328,-0.0402029300976614,-0.12457300483025614,0.05400744232059621,0.08471975440813913,-0.1587990287649631,0.013943440713378698,0.012335460406115906
290,negative_shock,multilevel_outer,512,11,480,0.017637400014791638,0.007186228684897256,-0.013453349964477732,0.00419787935460616,-0.020624253347187777,0.039900539281996196,0.06453018833998149,-0.00904605556402832,0.018703430661876203,0.0010304616476056825,-0.009178300532803874
290,negative_shock,multilevel_outer,512,12,482,0.016942999995080754,-0.0072927141726897,-0.029228238172729012,-0.010756985979579773,0.003594517640477554,0.01669667308201701,0.005930510194639336,0.01729515269792245,0.003024989908392396,-0.0009389854717653424,-0.00796204308924256
290,negative_shock,multilevel_outer,512,13,470,0.016794900002423674,0.13622562381127662,-0.014025831212007385,-0.05195373465337106,0.04978367766522049,0.0062051013993226775,0.010532531634549274,0.01424477863191765,0.020451707205785687,0.018872436819269256,-0.0031150264772719896
290,negative_shock,multilevel_outer,512,14,478,0.015053899987833574,0.10993521077942278,0.0034363803236268867,0.05506256215053103,-0.06263794183007937,0.0434042560950933,0.04540426335151022,0.006647099433405795,-0.005594822570336892,0.01422720136418182,-0.014683824433828745
290,negative_shock,multilevel_outer,512,15,498,0.01926530001219362,0.03697504052494383,-0.007122453030558605,0.018594373386556347,-0.013293070430597624,0.040666526085275656,0.029573513506625956,-0.026396715443331976,0.010244684698549488,0.00456653063073187,-0.010811285679480575
290,negative_shock,multilevel_outer,512,16,520,0.021690199995646253,0.057218869207024854,0.045101521459820805,-0.04095353119821746,0.034318858567067796,-0.014168483063220577,-0.04063275934068551,-0.04342310929439317,0.00710529286458186,0.007019551371864393,-5.1469091094848405e-05
290,negative_shock,multilevel_outer,512,17,512,0.02017220002016984,0.012678359514285751,0.02162836312392238,-0.005444822959464714,0.04221985724343817,-0.013370575693665107,-0.030710731355576074,-0.00048557613594245037,0.02008463734570845,2.6235042319064857e-05,-0.00020906170053013628
290,negative_shock,multilevel_outer,512,18,494,0.01907989999745041,-0.04808265788685445,-0.023543871111090287,-0.0010669071173006154,0.016536689301866688,-0.015168704182070298,-0.012288346471211149,-0.0005182531367999987,-0.02037841731941909,-0.005079146316840269,-0.0010297487323336384
290,negative_shock,multilevel_outer,512,19,514,0.018925599986687303,0.010960926117685618,0.018922484692885856,0.003828252227300889,-0.02969441766948405,-0.03780763751666797,0.00027448068326269486,0.054190585234183054,-0.04796286148848271,0.0018378688596904222,-0.00023264734031191653
290,negative_shock,multilevel_outer,512,20,494,0.015502700000070035,0.05397978198249965,-0.0026467724776424446,-0.006870129652925952,0.041353011337966324,0.010407692336273616,-0.060660054875221255,-0.013420669226653472,-0.030854725238675065,0.008573657338758717,-0.013641669125100628
290,negative_shock,multilevel_outer,512,21,534,0.019764299999224022,-0.09141069529967154,-0.019824006326731116,0.05000255898482274,-0.033208800109808374,0.01142127038304241,-0.06478086816467932,0.019915569443742218,-0.003521083333717867,-0.013280470106937293,-0.0023377396409835004
290,negative_shock,multilevel_outer,512,22,518,0.018726699985563755,0.08421181358876541,0.008782403277052646,0.052007645669430835,-0.06185834861899552,0.0952409749083066,-0.003966287366042183,-0.03036632819153747,0.06276870198058804,0.010892295843883803,0.012169395970768476
290,negative_shock,multilevel_outer,512,23,580,0.021104899991769344,0.07614687343169296,0.0022954105184298406,-0.019502942729818323,0.011477202617378104,0.01631730316094092,-0.030397306784735473,-0.026339132574141225,0.02165235709488196,0.012591542213701378,0.0035148569569394533
290,negative_shock,multilevel_outer,512,24,502,0.018292599997948855,-0.04787681563319028,-0.017762995850776765,-0.015329024879348814,-0.007573092359786024,-0.02161845987411178,-0.026238767030645937,0.035080878599108,0.0027016814873319344,-0.007144896367869641,0.002215812920677842
290,negative_shock,multilevel_outer,512,25,516,0.019299000006867573,0.07563648949742056,-0.006316572947655956,0.011354498617332223,-0.016240601342921736,0.026184722402950743,0.0023020133439944457,0.0007322364211693486,0.021513813164837012,0.010655844866418357,-0.006574640811999158
290,negative_shock,multilevel_outer,512,26,572,0.021599400002742186,0.01396841879757122,0.027558541659598677,0.01505992502469773,-0.048978391305289595,0.0609227912480899,0.04025831414285698,0.041373331218397744,-0.015710845850693343,0.0011139005769547888,0.015276586786287537
290,negative_shock,multilevel_outer,512,27,574,0.0255757000122685,-0.03588840644903169,-0.024638086120704058,-0.029779470222319852,0.07582976434235898,0.019227937030803437,-0.04141045535211949,-0.01834338020833208,0.027169799515572867,-0.0036382731426118017,0.00323183962287083
290,negative_shock,multilevel_outer,512,28,520,0.02221049999934621,0.02413506230584961,0.006318977230642717,-0.02913267119631181,0.0039361277835032234,0.00541013288604882,-0.004080684091477622,-0.013569852902913841,-0.005189094283135868,0.004676835049330652,-0.011002702567238882
290,negative_shock,multilevel_outer,512,29,560,0.021293900004820898,0.03342531135889033,-0.017685939597757393,0.057950980786776136,-0.06684229443628571,0.008176835749822335,-0.0020033986037313028,0.007942481779324757,-0.005204112893617056,0.002955690580531127,0.006256848699846651
290,negative_shock,multilevel_outer,512,30,538,0.02292799999122508,0.02177922965678196,0.025572052952952784,0.015720458362154587,-0.00017380197683632503,-0.015259550642926748,-0.022451421734786477,0.026183499039536654,-0.0028917940491771242,0.004273181973052031,0.008313214769703196
290,negative_shock,multilevel_outer,512,31,518,0.01978700002655387,0.057420294152616555,0.022549305325026907,-0.008281116948310923,0.0012730489549209977,0.048332534555856795,0.05478580072313191,-0.07659283103065687,0.020722504047706234,0.006706111675875672,0.0009165086781434263
290,negative_shock,multilevel_outer,512,32,558,0.018064400006551296,-0.01231222546148012,0.006452316396722272,0.016831029337147987,0.023658838997965375,-0.044721381639630416,0.011904820565061168,0.07400199680408485,-0.03915503208425457,-0.0031880862393615654,0.004801864189118761
290,negative_shock,multilevel_outer,512,33,554,0.023706400010269135,-0.007635985775522552,-0.0030270000713586353,0.02368567889778973,0.007230252989747815,0.07017378543105636,0.012043120489189615,-0.005403161199111602,0.013753934785640612,-0.001491949798518045,-0.001878778278241072
290,negative_shock,multilevel_outer,512,34,566,0.020851200009929016,-0.018616966389615696,-0.023593469235679895,0.024422542915361573,-0.03432771792464109,0.04952801978345132,0.03937754453196279,-0.033274488024308595,0.005058635821486735,-0.0027098815310076124,-0.006984244840455286
290,negative_shock,multilevel_outer,512,35,474,0.01835140000912361,0.012870891848445705,0.006367909569408708,0.0282970687905293,-0.03439719754850497,0.023665546689697642,0.018404775864224558,0.00195347905646105,-0.004536301955785364,0.0027082279618400765,-0.004572428660570399
290,negative_shock,multilevel_outer,512,36,498,0.017615999997360632,0.031492825648002334,-0.014805186812816232,0.0013009003165163216,0.007748777722183203,0.024796393476168473,-0.017302862349998695,-0.02579649563706591,0.03947457665672504,0.0041880731192061055,-0.010686969847195443
290,negative_shock,multilevel_outer,512,37,516,0.018572699977084994,-0.042628368864404596,0.01073034797476325,-0.02574270370181401,0.035372498187500746,0.017610946832271022,0.005364072579909206,-0.055923534089784045,0.04803668635953545,-0.007040447604931299,0.005022549345271136
290,negative_shock,multilevel_outer,512,38,476,0.017517800006316975,0.06301156946723879,-0.013827009488006851,-0.04999329775146713,0.07243047562927907,-0.010355673433325382,-0.018203607183238706,-0.04154460422169178,0.009998945267023999,0.008370610799550083,-0.00016402890578020004
290,negative_shock,multilevel_outer,512,39,462,0.015173299994785339,-0.021799281825015494,-0.029275744951747226,-0.004507857278945367,-0.009667109181816454,0.031753936841354066,0.003084936964457909,-0.040692990976601784,0.016312549510261013,-0.0033518631644236813,0.008090593777384466
290,negative_shock,multilevel_outer,512,40,540,0.021947800007183105,0.0811862560208562,-0.0030606596062184317,0.004129407596371718,-0.03137792106957261,0.03561380678581034,0.022697148743323126,-0.010310588939715088,0.03683907546448912,0.010422543951738267,-0.0028887333266536795
290,negative_shock,multilevel_outer,512,41,480,0.01771559999906458,-0.0356227227963093,-0.013210211500101944,-0.00820945294812257,-0.03537315100550384,-0.004968584570916638,0.03913015294136497,0.0356838629707297,-0.017940819547325817,-0.003245868042879266,-0.018165315153580348
290,negative_shock,multilevel_outer,512,42,520,0.022297099989373237,-0.006777918222211859,0.014307776028111091,0.055227359031516036,-0.06735634903587254,0.050238172958679335,0.006425639079808994,-0.027462975375677882,0.028760430541323826,-0.0008300773134607781,-0.008713149920145085
290,negative_shock,multilevel_outer,512,43,504,0.017541699984576553,-0.12088446216065138,-0.023361608930688126,-0.07163417028205682,0.06486869591307089,-0.0015262748544231839,-0.007691193908116853,-0.05715011263846342,0.07918009060910033,-0.016641498382353348,-0.00388718406647201
290,negative_shock,multilevel_outer,512,44,500,0.019256900006439537,0.008667512028905979,0.02724429838685041,-0.00916760217797341,-0.02556274176391148,0.015760615117689215,-0.08569365968824177,-0.01595052729666057,0.00581021852599967,0.0017827145613784794,-0.0005011564187396199
290,negative_shock,multilevel_outer,512,45,480,0.017436699999962002,-0.0016386352740876216,0.0203365834405837,-0.008763283634977536,0.029425808335028163,0.014219676875116213,0.05452318791086944,-0.017018862819565425,-0.0018409476824033009,3.690157344697516e-05,0.0021413726003813058
290,negative_shock,multilevel_outer,512,46,474,0.017633700015721843,-0.02322379394902406,-0.024436072687095786,-0.05800863114733424,0.005441904151356037,0.022447523086927462,0.006173486646076868,0.007497501820225199,-0.017780379564921595,-0.0020701925812378562,0.010843137339519237
290,negative_shock,multilevel_outer,512,47,510,0.018892499996582046,0.03541324176411691,-0.005934559256564477,-0.021559746205656274,0.028593415915717946,-0.05388857302745885,-0.024967499327123704,0.032093696050884704,-0.021218936838804204,0.005214471794987748,0.014840529401839102
290,negative_shock,multilevel_outer,512,48,528,0.018062999995891005,-0.02794723893694094,-0.009909515994879504,-0.030598274543096517,0.03409573136808232,0.013990913073465207,-0.017860175014938594,-0.03911480736865129,0.05391077640515069,-0.005698973434477956,0.00030066816754870384
290,negative_shock,multilevel_outer,512,49,506,0.018954800005303696,0.05919715133354535,-0.0024369242147624973,-0.018960678978318005,-0.0012646917910191908,0.005415349689301877,0.01491955353579922,-0.028542135476494267,-0.024385664266298797,0.007001474684523648,0.0067735201350039844
290,negative_shock,multilevel_outer,512,50,538,0.0206270000198856,-0.02136616722328637,0.002957645807149059,0.023450155102918365,0.0009764219778036054,0.023184941239416848,-0.020260154844808042,-0.04857934957490803,0.02263263709778173,-0.003497269783319297,0.007708861267951451
290,negative_shock,multilevel_outer,512,51,558,0.022492999996757135,0.06215491524530708,0.007119489884952104,-0.0030546601746682957,-0.03535395045421925,0.0054037076577619384,0.009517491253873796,0.006283906618503266,0.019050428935259153,0.006852955287301328,0.014697250130844974
290,negative_shock,multilevel_outer,512,52,570,0.025618799991207197,0.01839024500284985,0.020686819709576348,0.07004163284222073,-0.03599425327107542,-0.040913135865824284,0.02329522334825681,0.01068093322046299,0.032863524794931404,0.0007799867244064582,0.010724515094002131
290,negative_shock,multilevel_outer,512,53,486,0.018091499980073422,0.0464742570431616,-0.021121933121712226,-0.013432087309926012,0.007729269571634916,-0.021715865797343095,0.0061326197222669075,-0.0014121949314463934,-0.01982607724392727,0.006274599847924339,0.008098773935250537
290,negative_shock,multilevel_outer,512,54,566,0.026301000005332753,0.04045308208052878,0.013487959468180436,0.015547561175619585,-0.023265360393158078,-0.010666869540287668,-0.028968423397462962,0.013480897838442927,0.015812890374214603,0.005597965875886071,0.0107218467189562
290,negative_shock,multilevel_outer,512,55,494,0.018095899984473363,0.03174474365525715,0.01679540250112365,-0.02850967678743773,0.020200987437433204,-0.0201432910074714,-0.01799527265949138,-0.02903567066555491,0.008331253794299191,0.004452226023925268,0.015432718517162191
290,negative_shock,multilevel_outer,512,56,474,0.01773910000338219,-0.02149101923189258,-0.028324973760245134,-0.01609252609925361,-0.01914736903313191,-0.013637694687531298,0.06615173282646879,0.010690049417138107,-0.006818607379436803,-0.003292711489677367,-0.005086713331749556
290,negative_shock,multilevel_outer,512,57,470,0.015020699996966869,-0.09893234417917994,-0.0027379666894591865,-0.003969974255642581,0.007587078310110742,-0.009659960804887222,-0.01320263284577151,0.008605870045422823,-0.04184417614365544,-0.013813448714060126,-0.01171417731382243
290,negative_shock,multilevel_outer,512,58,480,0.02093200001399964,0.07700536190425733,-0.0072150009944769505,-0.00860896744245591,0.02316029100553967,-0.030494553124307943,0.02141568172414824,0.010016122033572118,0.014692981960103624,0.011364651765358186,-0.0013419767590675852
290,negative_shock,multilevel_outer,512,59,596,0.0248612999857869,0.060307287360218384,-0.009428462301168223,0.07412406918339122,-0.0011848140527687308,-0.02445718174370575,-0.07743398035739257,0.011544669527028532,-0.01949918050721654,0.008834834293695592,0.0060761271686956345
290,negative_shock,split_base,512,0,476,0.017689300002530217,0.07961363916597568,0.010146284060992628,-0.012609234703112685,0.023978049052598715,-0.0038498674967453175,0.0095536832288838,0.024862017846592966,-0.006331585350042332,0.011922851470689949,0.006352268343813569
290,negative_shock,split_base,512,1,484,0.017945999978110194,0.07340484553249577,-0.012991683451840843,-0.023959602069800152,0.023931645060596425,-0.05359608678443473,-0.01736374691859657,0.04316819834782368,-0.06333042756901229,0.00921599581333785,-0.008299630569901018
290,negative_shock,split_base,512,2,536,0.022824700019555166,-0.1106634747384581,0.016443499064218096,-0.057941205558850926,0.026002839403368568,0.05264169656601746,-0.054871421601094074,-0.003257973884623992,0.037492177926005774,-0.015775031511943892,-0.006649771152186049
290,negative_shock,split_base,512,3,560,0.022065099998144433,0.04511226925433891,-0.0030226999670121815,0.031490701510025976,-0.02405452844331058,0.060217941454681914,-0.03430660591884495,-0.050608549841898054,0.03993809851290108,0.006869432401602133,0.004491646509244299
290,negative_shock,split_base,512,4,496,0.020302000019000843,0.03755375660055269,0.010578200077251592,0.030446763455646963,-0.0033360149551716492,-0.05761809781907493,-0.017831860195537494,0.02809689180640478,-0.030918704171513888,0.004984884448507753,0.0198217117022697
290,negative_shock,split_base,512,5,468,0.018209999980172142,0.008571797250252417,-0.00766210119969688,0.004327439974678596,-0.03868154708151438,-0.034273216083216526,-0.01082659509501874,0.048784249411026735,-0.02982261135831856,0.000767920080368633,0.0031896082178927794
290,negative_shock,split_base,512,6,480,0.017462999996496364,-0.047198043319648206,-0.0017721484905008189,0.018783917476283867,0.009181721077104427,-0.01194572052067235,-0.002004705286530281,0.025902990774779526,-0.008551248978930448,-0.0061741062235952625,-0.0169011397726056
290,negative_shock,split_base,512,7,512,0.021833700011484325,-0.08984520932756583,-0.020089775679712346,0.004914495659383085,-0.024904753793535243,-0.0707292180637215,-0.11267095262853002,0.05413312649260247,-0.052165488802724314,-0.012899475165462207,-0.011176668704531944
290,negative_shock,split_base,512,8,472,0.015489000012166798,0.014626965314844826,-0.009069544459835972,-0.022315005045317214,-0.003767260273439858,0.0008367012189080307,0.018116599146859133,-0.015365466930584501,0.03236872955629401,0.004124350039019809,-0.0005652089706038763
290,negative_shock,split_base,512,9,548,0.022208800015505403,-0.00818220444429979,-0.0007375539073960338,-0.04438616075600466,0.07034803590910362,-0.025351518214214986,-0.036165923356147496,0.018625307583105356,0.05140698515992309,-0.001034650843786385,-0.004487125999418023
290,negative_shock,split_base,512,10,496,0.020396599982632324,0.02519754076245086,-0.0010074202710272167,0.0010976112492368864,-0.012221308238985455,-0.01035707753035386,0.011671103325954545,0.03555424794809804,-0.029365265865860087,0.0033049542384729425,0.004539093391431526
290,negative_shock,split_base,512,11,500,0.018178900005295873,-0.0031448015686592673,-0.03689099847413762,0.017347265711671972,-0.04027804744884537,0.0009286520185827829,0.015496213506048287,0.0688657034764562,-0.0569255337747379,0.00019022329353519108,-0.0005319387353641106
290,negative_shock,split_base,512,12,540,0.018947699980344623,-0.0007561764975905757,-0.013265248323365203,0.005862163975473417,0.033662968690269704,-0.025323440926986785,-0.0031898599567547923,0.03853473002021224,0.013194286486267987,0.001189404108235891,-0.005455063594581843
290,negative_shock,split_base,512,13,500,0.018476800003554672,-0.036592392639503625,0.0015849278187702203,0.05725438493444297,-0.03649008496884323,-0.03655096758942005,0.004908192061441543,0.021278970178358208,-0.04355748632866524,-0.004120170995888031,-0.00529528768691246
290,negative_shock,split_base,512,14,532,0.018222000013338402,0.07277855245118248,-0.005447878204465318,-0.047891047843309,0.004589884242196867,-0.02062750028747045,-0.0414991740243594,-0.046216065467472735,-0.03925305123250411,0.009062430226296969,0.008011187225802078
290,negative_shock,split_base,512,15,528,0.02045769998221658,-0.06740827728198714,-0.00027755429727957005,-0.014071341782904931,-0.011978871375078548,-0.013071131740976238,0.0032309687949679936,-0.02480609715231557,0.007799209166277306,-0.007751390152165314,-0.003030411737192385
290,negative_shock,split_base,512,16,556,0.02546570001868531,0.05497062836611264,0.03888684451019087,-0.06211430361491273,0.0717715821253503,-0.016383023679319462,0.019841871649005156,0.027709940924433775,-0.03142638275293803,0.0071290486621870585,0.018923492365669457
290,negative_shock,split_base,512,17,552,0.022508300025947392,-0.0066891421563689876,0.007063456075837274,0.0018211665744280348,0.0191022221213829,-0.04550163229049139,-0.018481533383198058,0.01549779769314714,-0.0020268929688655483,0.00043617245710841945,-0.003942041339511952
290,negative_shock,split_base,512,18,480,0.01667250000173226,-0.043982028895518735,-0.0032476290916210564,0.05732176666021568,-0.09154882234816601,0.07855411388250085,0.06237146838832064,-0.016786309500820985,0.051691044950581855,-0.004422123606145882,-0.00417809557664344
290,negative_shock,split_base,512,19,512,0.022606000013183802,-0.0036011891827185255,-0.005366878132889576,0.0325611833518651,-0.02062796071218061,-0.1051534427198497,-0.07831655415221751,0.09146754258743023,-0.07191299793300289,-0.00024918326987233925,-0.0013485480124990346
290,negative_shock,split_base,512,20,492,0.02160020000883378,0.05535419017142997,0.02490038485347184,0.014073635939818382,0.01095710266110322,0.011728493538315338,-0.061680428017799646,-0.04421370055783539,0.04364361105188565,0.009584675866731592,0.001753400156042703
290,negative_shock,split_base,512,21,464,0.01792879999266006,0.014102749925004932,-0.02690842332742103,-0.004009520781968633,-0.06397277753663934,0.02147985029214446,0.04147371145939398,-0.004830027825569122,-0.00034965788628254536,0.002104732417368322,-0.006624052945349054
290,negative_shock,split_base,512,22,464,0.01804729999275878,-0.007301731677324716,0.005410825025606416,0.017656981807715577,-0.05174216037761757,0.0287391361930676,0.04291142797000027,-0.0026456516361067282,-0.00818215308707958,-0.002602014840042954,0.006154926963811541
290,negative_shock,split_base,512,23,524,0.021103500010212883,0.06115183416088876,0.01534903953647494,-0.002335145370156025,-0.025610462302153074,-0.027063461759931816,0.03639670600346054,0.014606407456994434,-0.06491501453441426,0.007471084599272188,0.021210275217203138
290,negative_shock,split_base,512,24,480,0.017487899982370436,0.08090057402667936,-0.015556470545158288,0.06041408595285678,-0.009202715955017635,0.01160219771085366,0.0677686113094192,0.006293119588034241,0.020182389028670512,0.010948631265780114,-0.010887502951295687
290,negative_shock,split_base,512,25,560,0.02495890000136569,-0.005608181419239614,0.03106729239494675,0.022294713286954808,0.012601861128136058,-0.0033398808630869365,0.039210970666928927,-0.0022838935650511968,0.026078830505487836,-0.0010520204670010896,-0.002595479519916016
290,negative_shock,split_base,512,26,468,0.017675999988568947,0.0796728858570864,-0.03233044502217193,0.002853947737685651,0.050145386045173324,0.01987899200587451,-0.010604465471800953,-0.026210127361499434,0.03209242460234054,0.012239246442069586,0.005821374601014826
290,negative_shock,split_base,512,27,528,0.020984400005545467,0.003950340658405939,0.012273276472923204,0.010676501901511603,-0.029364845820093056,0.040486037598971035,-0.006157271040833039,0.002220193645874653,0.009785391675516491,0.0007684091561904153,0.0004923155651557069
290,negative_shock,split_base,512,28,496,0.02073339998605661,0.09223152416019188,0.008430359525251499,-0.02904906656384964,-0.002903006919915729,0.04073759745281006,-0.002644397489326597,-0.028947775808211923,0.03537820453601449,0.011272998871180958,-0.0046601826710303456
290,negative_shock,split_base,512,29,488,0.018005099991569296,0.010529738788340223,0.012600051400925873,0.024350157937000596,-0.018894577207660357,-0.05727045128762239,-0.04615346074819518,0.014862605449175361,-0.048778815461102534,0.0004241973718348387,0.0053950284791136815
290,negative_shock,split_base,512,30,500,0.019393900001887232,0.008923917512347302,0.010690491798571896,0.039296383037259824,-0.05822645973319725,0.01680928210481689,-0.0337442884268221,-0.0011775088850279388,-0.03787518667314276,0.0015248260687061351,-0.0018713021285243579
290,negative_shock,split_base,512,31,496,0.02018389999284409,0.07871064628456367,-0.021050298062188378,0.009613271496016028,-7.894342462481246e-05,0.021697106734809585,-0.04825276790526979,-0.01813053307457027,0.03611713355355385,0.009605495070491854,-0.011923296186901803
290,negative_shock,split_base,512,32,452,0.013994399982038885,0.03796235492566914,0.023526950758932207,-0.0015208561490605908,-0.005917791879297393,0.025630972652141443,-0.05735286293821187,-0.021564573773023395,-0.026770232093691355,0.005087665441732567,-0.0038495753674897687
290,negative_shock,split_base,512,33,492,0.0210953000059817,0.07245261552056684,-0.014754402389452892,0.015600491177849087,-0.003061816809402297,-0.0014113632591652363,-0.024053811397260073,-0.08241882561006987,0.07061447167952448,0.011235247292316581,-0.016512281317336275
290,negative_shock,split_base,512,34,512,0.02013640000950545,0.011443859991659531,0.011772394882204638,-0.02003988957470505,0.05063813943399879,0.004542935793830268,-0.00016892065753787295,-0.03221052631668822,0.007989028729503635,-0.0001089483633898324,-0.001738922450627701
290,negative_shock,split_base,512,35,484,0.016932700003962964,0.012223437183357614,0.005685050777567544,0.011776919640314765,-0.03529987392848232,0.05944722287395408,-0.0068479421719540206,-0.02867417595450551,0.026642804755751842,0.0013100958453146753,-0.002561006072296999
290,negative_shock,split_base,512,36,468,0.017958099982934073,0.02227674896675738,-0.013648888754357194,0.009847619737836771,0.0035350946637910815,0.06858476896699811,0.04693983079709154,-0.03367026351296329,0.02594312590565323,0.003211940736521449,-0.019569549052276876
290,negative_shock,split_base,512,37,544,0.020253900001989678,0.011109914522158931,0.015868117812771608,0.0649952733393441,-0.022173295622782318,0.01635155262533938,0.013984571042761943,0.007570950373974339,0.0025479882398150534,0.0007247204432903609,0.0013611294000444793
290,negative_shock,split_base,512,38,472,0.017815700004575774,-0.02119138349141005,0.012779460035280165,0.018863394853017044,0.008480077923739901,-0.023823986034108798,0.0050846720062802135,0.027263097210423238,-0.014120785718798268,-0.0033905465309963757,0.007145446467798777
290,negative_shock,split_base,512,39,588,0.023683099978370592,0.027825251561061876,0.033914982696945414,-0.011658358633067582,-0.00275894881462151,-0.030880235266405966,-0.006434002514237906,0.05533159529051394,-0.0525696675164125,0.004362836377427272,0.011937289671589215
290,negative_shock,split_base,512,40,508,0.019777500012423843,0.10487460302635698,0.004447125254505238,-0.00878981894626528,0.03794755843371067,-0.05548789369682829,-0.01900148651061658,0.038229904700654974,0.002320494567273451,0.012405953255028338,-0.007434224028172655
290,negative_shock,split_base,512,41,456,0.012876000022515655,0.12412386815309842,-0.0062413624309483814,1.2306410632203363e-05,0.02290551427087396,0.013434103003537274,-0.06263101010987784,0.017304201882235998,0.028368454704066015,0.014562393612680519,0.0008778720197069724
290,negative_shock,split_base,512,42,492,0.017296799982432276,0.040196047705462826,-0.01248888993834744,-0.0450126271466247,0.015606539231586891,-0.020759985110903968,0.003987037069570485,-0.03948923888802742,0.021259918129318586,0.00343922615567852,0.007177143688728266
290,negative_shock,split_base,512,43,504,0.020048300008056685,-0.05414663414998183,0.02969998631289241,0.04031607312508974,-0.06254580222281977,-0.003772222590759623,0.06557401422173706,0.00964783745704425,-0.04517918536945682,-0.008252835625612586,-0.002643884342508402
290,negative_shock,split_base,512,44,484,0.01881050001247786,0.051494655062032525,-0.007325998401594358,0.027823338677573646,0.017230410691751342,-0.02073313975808119,-0.043499632571065226,0.03453601211031152,-0.0006905113340115547,0.006478235709020686,-0.017166849070955965
290,negative_shock,split_base,512,45,468,0.01600880001205951,-0.05071258311710153,0.03572871111006183,0.008821839072685474,0.02250874175806204,-0.07758502201625947,0.038546809747758246,0.056004632588934344,-0.07081455667554729,-0.008090926085907477,-0.010491598538785748
290,negative_shock,split_base,512,46,508,0.020351000013761222,0.094749228030736,-0.021763642407593764,0.008288842862206741,0.009373020525136971,-0.0008365474003502786,0.015865377071243306,-0.012986163846397619,-0.013598059123318374,0.011614484626956167,-0.005528153829106613
290,negative_shock,split_base,512,47,564,0.025004299997817725,-0.08490821722061645,-0.015143439333167941,-0.015411511130209905,-0.058609566690118076,-0.007713760271614642,0.02744502248209038,-0.0035543490541398047,-0.031034719621952655,-0.011992030495346417,0.009456704972413485
290,negative_shock,split_base,512,48,472,0.017163700016681105,0.009611758547711662,0.0071161628602923,-0.024373277253140247,-0.0006398223017581528,0.006313802110426023,0.0006610319244228748,0.03600713459140146,-0.014990121252605371,0.00045172019982037327,-0.0075618498694044675
290,negative_shock,split_base,512,49,540,0.021391100017353892,-0.048835810889817935,0.020125627093597893,0.014760671276160061,0.020237257409590516,-0.011053677153294458,-0.022713667293702507,-0.022354469552471928,-0.054367972996039196,-0.007065732289797023,0.009393330096846706
290,negative_shock,split_base,512,50,464,0.013925200008088723,-0.04678715490892566,-0.03102549204531903,0.033089206883573176,0.0372815759757204,0.07911356005270957,-0.02638506412881369,-0.027270692240180184,0.0548441446877603,-0.007901583677524627,-0.017562865778841037
290,negative_shock,split_base,512,51,508,0.020789199974387884,-0.0772970348729767,0.009655087927483087,0.059565834711827956,-0.010026805482075164,-0.029167178166726655,0.009648873217058502,-0.035618598518958045,-0.004253563952270581,-0.00994485863507552,-0.0005241983759743596
290,negative_shock,split_base,512,52,520,0.018687900010263547,-0.05674434935691937,0.02964432223708054,-0.06888965116330083,-0.008195962588381593,-0.02956844429992427,0.009875331021778152,0.013082299947512362,-0.033979134757740836,-0.006798779949611716,0.007662335402122194
290,negative_shock,split_base,512,53,544,0.020900300005450845,0.00041426709170707147,0.0028232048205736144,0.03638897414236425,-0.04717033166063926,-0.006164711604555768,-0.027098260967082077,-0.007610348818712471,0.028072315161318723,-0.00027043815129003705,0.0017683747469146784
290,negative_shock,split_base,512,54,520,0.022352600004523993,0.06460431202273563,-0.003761064961942757,-0.0465998326658821,0.011100991453948706,0.015357987038075912,0.00206788765452839,0.04191662955107471,0.022777483899044382,0.006925159740584175,-0.004515274666193658
290,negative_shock,split_base,512,55,556,0.022133399994345382,0.03023821772268425,-0.005906642308151013,0.0056627829081834155,-0.016201592939787422,-0.005076073372732785,0.0017679653144242898,-0.031998063622803594,-0.02202257898322534,0.0044473514695831115,0.001251155596555188
290,negative_shock,split_base,512,56,504,0.019227100012358278,0.03215322704262796,0.027346323829410536,-0.02279909525500532,0.017148499567947055,0.036772883358396645,-0.004761240931586628,-0.01623122568497288,0.01591088837290369,0.00513281874735382,0.010817058183798425
290,negative_shock,split_base,512,57,492,0.020475100027397275,-0.01656904965383924,0.006076326139921604,-0.035200134137710996,0.0383701015659863,-0.009427246693045538,0.010631646943931438,-0.012116143127424001,-0.005695455907259136,-0.0028771096510506024,-0.004785598773015727
290,negative_shock,split_base,512,58,488,0.015386599989142269,0.07872843063747095,0.028430229059041207,-0.03170056481357767,0.0011710257754747766,0.02654402573155098,-0.0045766702585756935,-0.01200299519234341,-0.0024287879400381653,0.009514739712109376,-0.001047723770628399
290,negative_shock,split_base,512,59,508,0.02090219999081455,-0.06434131859177107,0.007816240326717277,-0.004787812055260822,-0.02504134358811434,-0.024669294518775708,0.009418439690528909,0.032738066960443124,0.016450111098043382,-0.007887745947323093,-0.011070510116983727
350,style_switch_lowvol_quality,plugin,128,0,128,0.0033178999728988856,-0.004468962799562922,-0.0014671621874004167,0.002367546373678182,-0.0009508508897148385,-0.0003237551543466711,0.0008101635295864939,0.0005333200724115558,-0.0029040336483460113,0.00020108144881245758,0.00010777257452857201
350,style_switch_lowvol_quality,plugin,128,1,128,0.0038769000093452632,-0.004406813674171544,0.0015540849376835988,-0.0014565024280241473,0.0008990797704515022,0.0027686548740384355,-0.0020954745587390754,-0.00040617027956036707,-0.0024198686137282587,0.00013554953186967593,5.6771813227658556e-05
350,style_switch_lowvol_quality,plugin,128,2,128,0.003894699999364093,-0.004077464123180048,-0.000718957579654832,-0.0019497362051604707,0.0003099566875855872,0.002205343522930025,-0.00032717494679510326,-0.0011550917929493655,0.0023161486842039275,-4.0220394509420043e-05,-0.0005532135634119859
350,style_switch_lowvol_quality,plugin,128,3,128,0.0037385000032372773,-0.0030575211216008,-0.001767321014617647,0.001847873872191009,-0.003116507605884662,0.00554211910403143,0.003482340309779361,-0.003246371443498902,0.0032612968769848523,0.0001502024971476595,-7.976653420381951e-05
350,style_switch_lowvol_quality,plugin,128,4,128,0.0035961999965365976,6.254387275658686e-05,-0.000481377126177864,-0.005284669998876515,0.006890102439545569,-0.00025601028886747257,0.0011731857748991893,-0.001719679925865373,0.004843020129255208,-4.366121989112206e-05,-0.0008958036028181279
350,style_switch_lowvol_quality,plugin,128,5,128,0.0038730000087525696,-0.0005024417115426308,0.0005151023019304879,-0.0004083624968600278,0.0019932798083994513,0.000973498301014775,0.00321774788556925,0.0003378908773558682,0.00020815934986972816,-2.9952749131577528e-05,4.7584772471608554e-07
350,style_switch_lowvol_quality,plugin,128,6,128,0.003001000004587695,0.00029127335432345316,0.0005761604802574311,0.0019381484802280472,-0.00042887218180611504,0.00121165758654413,0.0014196450810585626,-0.0006613718027932892,0.0006342721209535489,0.00016376996621083475,-0.0003372138081822314
350,style_switch_lowvol_quality,plugin,128,7,128,0.0030346999992616475,0.002746188742395327,-0.0007560466891513486,-0.0009349818525282648,0.002648880202747391,-0.00039159484524648304,-0.0023223917944340884,0.0008512175240643068,-0.00020683686433992852,3.5345685877558566e-05,0.0004974977398833473
350,style_switch_lowvol_quality,plugin,128,8,128,0.0033549999934621155,-0.007987420597152142,-0.0007915163334824241,-0.002039293230316128,0.0026171963482855176,0.003826352334483954,0.0021644554382239077,3.546583589728204e-05,0.0029389379140172885,-0.00014410591649301668,0.0004385021513054195
350,style_switch_lowvol_quality,plugin,128,9,128,0.0031180999940261245,0.0009849995333393482,0.0005030832482685077,0.0038427880914877538,-0.0013018218699938537,0.003821875404380852,0.005797040953600906,-0.002077255181626613,0.003959380842367374,1.6657282415988717e-07,-0.00036848968354966647
350,style_switch_lowvol_quality,plugin,128,10,128,0.003912800020771101,0.003906918982770892,0.0009250783184911126,-0.004715211006282665,0.0021993469246431334,0.0058077020947518015,0.0015538569723439757,-0.0030021433368846496,0.0038660927955091176,0.00010746109794024751,0.0003038424861283209
350,style_switch_lowvol_quality,plugin,128,11,128,0.0035684000176843256,0.00446580229209009,0.0015819313905149717,-0.0016403494440426216,0.0014541876321181918,0.004520312342273476,0.0026672845518345076,-0.003168703983101589,0.0013835719605968873,-0.000240001250565162,0.00024284061612876812
350,style_switch_lowvol_quality,plugin,128,12,128,0.004153399990173057,-0.004266513188349244,-0.00038693564751155884,0.0025284382020038946,-0.00034442468951570963,-0.00020010889443349163,-0.002429959807739068,0.0006446515330219695,-0.00010867136180767298,-0.00015119752633763756,-0.0011491439834310304
350,style_switch_lowvol_quality,plugin,128,13,128,0.004082300001755357,-4.539719141119622e-05,-8.532715537766956e-06,0.0044026589998404034,-0.002119894232138887,-0.0019578454370774976,-0.0009938062547812418,0.0010816642111095194,0.0018454697734350699,4.472397284494338e-05,-0.0001403449419146601
350,style_switch_lowvol_quality,plugin,128,14,128,0.0037438000144902617,0.0001421840250272774,0.0010003049215512657,-0.0035296031081017373,0.0002982056641974257,0.002071001214595236,-0.0009162446347316047,0.0007863682010830387,0.00014650997405497637,0.00017904007015656314,-9.294670514831005e-05
350,style_switch_lowvol_quality,plugin,128,15,128,0.003457800019532442,0.001785289913515314,5.2325963867715024e-05,-0.0005585406818527964,-0.0007979979322664593,0.0007410736281047267,-0.00012561243975732644,-0.002175828079332129,-0.0007138102721845857,9.555875698850317e-05,0.00020561127440381133
350,style_switch_lowvol_quality,plugin,128,16,128,0.0036205000069458038,0.004784461030129369,0.0029003112845722274,-0.0011215711683399032,-0.000912374346254888,0.002723814242457948,-0.0002061267720688882,0.0002454420206247934,0.0029770971937393303,0.0002885454043903754,0.0005725857602598369
350,style_switch_lowvol_quality,plugin,128,17,128,0.00309209999977611,0.0062861720371960375,-0.0007533575615034974,-0.0037402090779813458,0.0007755057837404478,0.0019995940570193384,0.0008867626329588622,-0.0030395125774537795,0.00351648046439175,4.3863666037025537e-05,0.00034297465396452285
350,style_switch_lowvol_quality,plugin,128,18,128,0.00384769999072887,0.008019522555110568,0.0006392306902802328,0.00372630371494175,-0.003022603083356123,-0.0017704861184032886,0.0011161362251536908,0.0010325409377588352,-0.004267904332200864,7.268177502707034e-05,0.0003270218563531153
350,style_switch_lowvol_quality,plugin,128,19,128,0.0032946999999694526,0.0037685066001459035,0.0005675892068125356,-0.0021911840282598793,0.0013141266540832323,-0.0004165206838946273,0.004795154430660319,0.002697225819107369,-0.0051092262271902516,0.0001598483418121957,0.00011782833632581951
350,style_switch_lowvol_quality,plugin,128,20,128,0.0034266000147908926,-0.0004786958042793306,0.0014921368752000863,0.0006667413085941546,-0.0013035410588669706,-0.0012321595348935076,-0.0005735216642387232,0.0012473749711242692,-0.0006840000670235723,-3.878761601405524e-05,0.00044996950177978346
350,style_switch_lowvol_quality,plugin,128,21,128,0.003877599985571578,-3.3209787676414084e-05,-0.0013201185098801512,0.0013084904318725486,-0.002237163303279205,-0.0011091222148530801,-0.0016274737848738247,5.6664980754690295e-05,0.0017999582142055903,-4.746958594248218e-05,0.00036240155049214876
350,style_switch_lowvol_quality,plugin,128,22,128,0.0046996999881230295,0.0052985651017298865,0.0011370241298262348,-0.003175277293256793,0.0011109817422781615,0.004949552021727117,6.0894661891764356e-05,-0.002463229180794718,0.004004848192916286,0.0002178277674086053,-0.0004070360602058582
350,style_switch_lowvol_quality,plugin,128,23,128,0.003453899989835918,0.0013448115228107392,0.0004668594430218827,0.0009579360101474781,-0.0004072473141611163,0.0022097811810300946,0.002882423010863125,-0.004451056784095698,0.0031322769695883404,-6.311395784378911e-05,-0.00027618471703674786
350,style_switch_lowvol_quality,plugin,128,24,128,0.003035400004591793,-0.002261257922813928,0.00010305819506507596,-0.002773246907498681,0.003332522679980881,0.0039098038001984785,0.0017891903697760509,-0.0022783833252015377,0.0025470617336652737,-0.00012093081394375266,5.276167488640989e-05
350,style_switch_lowvol_quality,plugin,128,25,128,0.003563400008715689,-0.001093289824721024,0.0029145193027336025,0.0005775095106049316,0.0024679762258046846,-0.0004919921517230186,-0.0004806272659300466,0.003162479814919182,0.002218720297642074,-0.0001837731802176928,0.00034672625155419734
350,style_switch_lowvol_quality,plugin,128,26,128,0.003009600011864677,0.0009705605492545611,0.0009759764006573472,-0.003178865881519769,0.0027656045082804746,0.003040807208200547,0.0013074363342685238,-0.0012501879409616264,0.002979869203707736,0.00038159161049877645,0.00027694435226176793
350,style_switch_lowvol_quality,plugin,128,27,128,0.005058800015831366,0.0055494526754399955,0.00046846789806950003,-0.0008117862892121532,0.0016543260213425378,0.0005162008898027819,0.00046044123609340385,-0.001388682748240607,-0.00025878239350048566,-4.625226967871803e-05,-0.00020462580985266914
350,style_switch_lowvol_quality,plugin,128,28,128,0.00418700001318939,0.006228941348440638,-0.00037745617928839487,0.001002199635743411,-0.004430679264199737,0.00015593390722147362,0.0008589080415069108,-0.0017214627202289453,-0.0023412508696881167,0.00032867668751759106,-0.00037120750237250354
350,style_switch_lowvol_quality,plugin,128,29,128,0.0038194000080693513,0.007458629813755145,0.0009899824040909895,0.0016228696160178243,0.00032181337837161106,0.002289399442973254,0.004186557586103135,0.000293287063391437,0.00044157162752125607,4.443417880426533e-05,0.00017807583211660905
350,style_switch_lowvol_quality,plugin,128,30,128,0.0033808999869506806,-0.006696027271008587,0.0007710240176417857,0.0023515887972579705,-0.003200385139895295,-0.0038430777755195126,-7.03110851187758e-05,0.0024829828678618058,-0.0003952080812154251,-0.0002540004148936681,-0.00014172697291038404
350,style_switch_lowvol_quality,plugin,128,31,128,0.0039265000086743385,-0.008599184475352366,0.0033985457657149444,-0.0006067300550446721,-0.0005933938097267614,-0.003549933840274635,0.0023817519329276202,0.0008612818451697328,0.004832526904534796,-0.0001366642319235612,-0.00012960830651178993
350,style_switch_lowvol_quality,plugin,128,32,128,0.003581500001018867,-0.0033582651332408533,-0.00030625206800774106,0.0004623523155094305,-0.00110127352838755,0.002220066944353995,0.0018431424264269511,-0.0015141186654791653,0.002525934283662216,1.6866528641780993e-05,0.00021055891252618614
350,style_switch_lowvol_quality,plugin,128,33,128,0.003144999995129183,-0.001971003896059729,-0.00012427535039886164,0.0020999988888541167,0.0010650186391499123,0.0004980893778771034,-0.0016747761309274458,3.327292732646628e-05,0.001567443899479484,-0.0003171706926382477,-0.0010374777436948806
350,style_switch_lowvol_quality,plugin,128,34,128,0.003171499993186444,-0.00441532964602726,0.00024197629823217596,-0.0006650036649695005,0.0009979319502724168,0.003090008438436372,0.0019033600998302565,-0.005206931288985985,0.0028232146745247127,-0.00021620946717446809,-0.0007142766150981517
350,style_switch_lowvol_quality,plugin,128,35,128,0.003783699998166412,0.0044010220229146425,0.0020601712497089254,0.00013545658942217117,0.0012560158968568393,0.001344591362065511,-5.421798220728237e-05,0.0021206363668324017,-0.00033351617252524817,-1.0152698131697018e-05,9.601875991150961e-05
350,style_switch_lowvol_quality,plugin,128,36,128,0.003835399984382093,0.0070752920425760845,0.0013733365364805624,-0.003734458438142704,0.0019032111626933557,0.002465359569448528,0.001307976447321365,-0.0012985465104910776,0.0015935052457114285,0.0003294403732853884,0.0011563307008692978
350,style_switch_lowvol_quality,plugin,128,37,128,0.0033676000020932406,-0.008850850642853904,0.0014629261387089927,-0.0028423756328252244,-0.0021272387349928526,0.0037190684922516707,0.001706889562475768,-0.0038559179527350696,0.0033068383944135204,-4.782703442896439e-05,0.0003164905740513879
350,style_switch_lowvol_quality,plugin,128,38,128,0.004078400001162663,0.0025431131139987593,-0.0017363607614984402,0.002740820724435897,0.001351335243188825,-0.0029628636277043417,-0.0019908687585461515,0.006597452062735632,-0.0008945688715109317,9.231475943206519e-05,-0.00010282847243731517
350,style_switch_lowvol_quality,plugin,128,39,128,0.0038404999941121787,-0.0024365813881042004,-0.002104917672537731,-0.0007695077969946552,-0.0015743824373371232,0.0009565008948205179,0.00011956098808828426,1.3011922781003575e-05,0.001825798228332075,-7.479499448690589e-05,-9.643403463017109e-05
350,style_switch_lowvol_quality,plugin,128,40,128,0.0035392999998293817,0.005816586433856071,-0.0016458632078721973,-0.0010670646295309468,-0.0008276205245699076,0.0035726368291493006,-0.0004270579461754858,-0.0030947185012859223,0.0011409791188835901,0.00027922193010098653,-0.00012911023328063883
350,style_switch_lowvol_quality,plugin,128,41,128,0.003137299994705245,0.005006705714031997,0.0017324189135506888,8.528110993831603e-05,-0.0006558973461315076,0.005710064987339098,0.008155116675014559,-0.001957872204561611,0.0038934719396976005,5.056327600695825e-05,0.00106344474319829
350,style_switch_lowvol_quality,plugin,128,42,128,0.0037546999810729176,-0.0020871919192766764,0.0004173467241045553,0.0021511793372367546,-0.0008678311861578703,-0.0004867087765005951,0.001168596917223649,0.0004979483964962983,-0.00014719512682206107,-9.074913917680671e-05,0.0005166117372416798
350,style_switch_lowvol_quality,plugin,128,43,128,0.0029934000049252063,0.0031457333991830017,-0.001992024331329146,-0.004494023519940754,0.001674851470342702,-0.004220547164284171,-0.0038981582766060533,0.0028689030598564053,0.0022132998109945625,9.2606922955435e-05,-0.0007535613455044655
350,style_switch_lowvol_quality,plugin,128,44,128,0.00370550001389347,0.003796770547245089,0.0007613890357494866,-0.0009717842560192876,0.00019886370650856218,0.0021852755447597616,0.0025473081550070093,-0.00021694751207075217,0.0004042228509311924,0.00012568094981670652,0.00018827676515798696
350,style_switch_lowvol_quality,plugin,128,45,128,0.0035396000021137297,0.0036417759638679844,0.0015259809964276753,-0.0035208021289547305,0.004094301392116976,0.005989920109060316,0.003981474416298961,-0.0013119897257106237,-0.005015291580360046,-1.1229196068852811e-05,-0.0005059835252867895
350,style_switch_lowvol_quality,plugin,128,46,128,0.0038560999964829534,-0.0011206251165257145,-0.0024907799857351405,-0.0017019655725521957,-0.0017420633707808091,0.005073993770243321,0.0005724957643173887,-0.003518279132287929,0.0028949525808870374,0.00032039132939338724,0.0010607492685995464
350,style_switch_lowvol_quality,plugin,128,47,128,0.003079199988860637,-0.002886433559288775,-0.00029990827318349025,-0.001622123458211707,0.0026785293370479735,0.0038573301026834485,-0.0008273235694680262,-0.0024410308083445444,0.0019724727920969985,0.00021316146968268612,-0.0010727756036113588
350,style_switch_lowvol_quality,plugin,128,48,128,0.003911800013156608,-0.006156113807705031,0.0005220586995569058,0.0008145556118487206,0.003274469250887798,0.004161215374387134,-0.0005087938319698569,0.0025031832004511773,0.005872778423422619,-7.755906623970744e-05,-3.1932722655408264e-05
350,style_switch_lowvol_quality,plugin,128,49,128,0.003553599992301315,-0.002740960742484758,-0.0003539233128274116,-0.00022762859619251518,-0.0005337294511702383,0.000607385173479411,0.0011996877985986458,0.0012861804357439523,-0.0026285060250412955,0.00027131995016229705,-0.0002241192469724357
350,style_switch_lowvol_quality,plugin,128,50,128,0.003039100003661588,0.0024330448020452662,-0.000873060502644776,0.0007110408444506143,-0.00033873431440687736,-0.00022298354323599124,0.0002451818124128529,0.00027108023957489127,0.00026004278694522723,-0.00012989809360418265,-2.0789450663476772e-05
350,style_switch_lowvol_quality,plugin,128,51,128,0.0028845999913755804,0.0017385043834997134,-0.002836443928887147,0.0022403525685320003,0.0011083566861828506,0.0003117499529945227,0.0006736217642903569,0.0016147105100667062,0.0037953742965471026,-9.612073798673831e-05,-0.0005865556245958993
350,style_switch_lowvol_quality,plugin,128,52,128,0.0028812999953515828,0.00132992897651993,0.000950445624096026,0.003200601181517799,-0.0010459109405750173,-0.0020741044799826485,-0.0021787257172121107,0.0022831287033955807,-0.0004975233071371208,-6.960066326130795e-05,-0.0003781741493757734
350,style_switch_lowvol_quality,plugin,128,53,128,0.0036486000171862543,0.0012989363301365718,0.0008363679814208005,-0.002225001898814664,-0.002180118511804421,0.00294371008198189,0.0019362135962848828,-0.003321457236126335,0.0010455649476868436,-0.00010486405389980677,0.0006067655932172692
350,style_switch_lowvol_quality,plugin,128,54,128,0.003919899987522513,0.003648998602013214,-0.002013527040375583,-0.003413065699748952,0.000851012346328989,0.0016055934142071952,0.00040636717167687197,-0.0025373233789006107,0.0017751284062466303,-1.705736217040487e-05,0.00012080972239864484
350,style_switch_lowvol_quality,plugin,128,55,128,0.0034508999960962683,0.0013720303262081891,-0.0010041431106631413,0.001802609319777155,-0.0011941199803454546,0.0038420204105853815,0.0012855205956669924,4.959687270037692e-05,0.005283717484442398,3.1687225883347356e-05,-0.0001274315706399756
350,style_switch_lowvol_quality,plugin,128,56,128,0.0037466000067070127,-0.0020462987601732752,0.0017015278127268235,-0.003166691303049569,0.0011933410357668416,0.002832572627656229,0.00041185498508355706,-0.0017158916196046733,0.0031714226209184435,-0.00042498847710260477,-0.0007791947474348724
350,style_switch_lowvol_quality,plugin,128,57,128,0.004078600002685562,-0.0017978543957372609,0.00010816598413485489,0.00012299308453148747,-0.0001908150404248469,0.0014109566674587299,0.0011892658785595757,-0.0026546716381015754,0.004721773665981136,1.155889368332898e-05,0.00028867830083301004
350,style_switch_lowvol_quality,plugin,128,58,128,0.0038342000043485314,0.0165438849227861,0.0020208029041225636,0.000244519662509154,0.0027972496701908493,0.0027900446263147715,-0.003264741572568032,0.0018857630892720513,0.0017202772935924113,-0.00044433354174753837,0.001364625695960047
350,style_switch_lowvol_quality,plugin,128,59,128,0.0033358999935444444,-0.0006084542931810769,8.294214398895286e-05,-0.0011991311369172171,-0.0007759090735546958,-0.0002137044296914692,0.0007011029021660405,-0.000778512679887357,-0.0003332225294234337,-0.00011773724229861086,-0.00032394219913725364
350,style_switch_lowvol_quality,multilevel,128,0,150,0.011442899995017797,0.03381576016935309,-0.0009768562920058196,6.237334505820428e-05,-0.010625855657494227,-0.0011314695455142884,-0.03940618316514832,-0.006449510875672507,0.01996325141485277,-0.001203746617273427,0.004302326305806686
350,style_switch_lowvol_quality,multilevel,128,1,94,0.00669679997372441,-0.058938882689413205,-0.03298402871502149,0.000641425140570384,-0.06361404812920206,-0.017913654429353637,-0.003880891094250898,0.0017299040490758048,-0.0008686212164814342,-0.0028126181434927275,-0.005000563392351652
350,style_switch_lowvol_quality,multilevel,128,2,108,0.006621799984714016,-0.009203929829389263,0.011991971903896972,-0.01755657990502888,0.017108887054680035,-0.00563943240183822,-0.0127908327461791,-0.005131511009600822,0.018575686803415467,0.000509769337929573,0.004759925703825132
350,style_switch_lowvol_quality,multilevel,128,3,140,0.00965110000106506,-0.004728464086355109,0.0030422543154677013,-0.02717081273397033,0.013241533142821778,0.020900061303598894,0.008993728643455571,-0.007701855857020888,0.022738868397140885,0.0014091820295669651,0.004371870778829896
350,style_switch_lowvol_quality,multilevel,128,4,94,0.004911899974104017,0.15523050427283103,0.03487736320890333,-0.03950017516577087,0.04358230186131636,0.02437937297837211,-0.06045356446393121,0.003615123963591927,0.03424777943995729,-0.0004299283894316782,0.003929767493281328
350,style_switch_lowvol_quality,multilevel,128,5,108,0.008228299993788823,0.08846573597148749,0.008192603722900305,-0.06818702239404614,0.016494653735162203,0.03950573187516004,0.08339624927134472,-0.060989814389583105,0.03005070672813404,0.0007315201422130474,0.005994439183191278
350,style_switch_lowvol_quality,multilevel,128,6,166,0.011111099971458316,-0.024077363717477786,-0.013460072493250248,0.006302128742236513,-0.0023494592653042438,0.018499787373295835,0.015518436641793958,-0.013788590611021998,0.009424077689461536,0.0001792171515243106,-0.0060524047537127415
350,style_switch_lowvol_quality,multilevel,128,7,120,0.00780069999746047,0.07663717454451326,0.007416852295002727,-0.04067131956448186,0.04195728663470088,0.014872309180442493,-0.016723403357180797,0.016746981854866113,0.018885520132192943,0.0023070631785105425,0.008189523420515748
350,style_switch_lowvol_quality,multilevel,128,8,130,0.006446600018534809,0.02702780476443983,-0.006173080249711875,-0.011951346003256043,-0.007049181652052722,0.06379332992541169,0.01755590455541214,-0.07221624568140474,0.06362677362567543,-0.0046436345371512,-0.011284237029489462
350,style_switch_lowvol_quality,multilevel,128,9,96,0.006744399986928329,-0.12233512355300234,-0.019605168954539336,0.051809419378569026,-0.05448063405253664,-0.039633262909568825,0.019073637259325683,0.03618928843833916,0.0004492326432974814,0.0009098437796325331,0.0031150827572611205
350,style_switch_lowvol_quality,multilevel,128,10,102,0.007745400012936443,-0.03177544943772752,0.010626064526909671,-0.015843443813969425,0.042455273232785966,-0.04886304172994724,0.002706666955546117,0.004409394546259036,-0.016813496204988596,-0.004431790233101323,0.0192535342057481
350,style_switch_lowvol_quality,multilevel,128,11,96,0.007635999994818121,0.00849017646480831,0.014207461541348118,0.0018243901603668873,0.020089793086462474,-0.03388842971308746,0.0030597951920403174,-0.016254611888680496,-0.03760083388706501,0.002243439709315081,0.010178407256293744
350,style_switch_lowvol_quality,multilevel,128,12,230,0.014151499985018745,0.08882781572474692,0.013035463410252968,0.004039278035627681,0.003291079821742674,-0.038563483663918784,0.00783958093820853,0.031324520576467625,-0.061204797831122384,0.0010541486808103122,0.006165393323934899
350,style_switch_lowvol_quality,multilevel,128,13,102,0.007211299991467968,-0.02787134391543074,-0.0016480025477693,-0.017828929656204154,-0.011087293453201585,0.03188849624818318,0.030971257403608357,0.01023408220142428,0.010089826221022117,-7.604011330556027e-05,-0.0056505217188466805
350,style_switch_lowvol_quality,multilevel,128,14,126,0.0091281000059098,0.013107548449603306,0.006231434582198227,-0.028097905463858566,-0.002063379416344634,0.011176576184827857,0.014708324551974357,-0.02719760791113616,0.08260500986306206,0.0023233627275007075,0.0012782059507816508
350,style_switch_lowvol_quality,multilevel,128,15,112,0.008829900005366653,0.025806990764490372,-0.0030904699553586062,-0.006808938730372952,-0.011481380766086081,0.007852119375136456,-0.00615401762164587,-0.003905564918944033,0.010403236928382116,-0.0006160072346072747,-0.005355185777160131
350,style_switch_lowvol_quality,multilevel,128,16,100,0.006917499995324761,0.0076779541068494874,0.007268560280622459,-0.04149795403940569,-0.005891544889163217,-0.012776386660165284,-0.03981672785313032,0.047921549551726,-0.016220349756615796,-0.0014209763347569184,0.0020471982613658357
350,style_switch_lowvol_quality,multilevel,128,17,126,0.008599799999501556,-0.04627310439706114,0.02163963524228032,-0.007890880773268447,-0.012663634532267957,0.01827133917950298,0.007248576917068974,-0.0003907129587107477,0.0025765667922367755,-0.0003174651035564296,-0.0019636713940857555
350,style_switch_lowvol_quality,multilevel,128,18,108,0.00979790001292713,-0.004122289685128424,0.008707667139505338,0.004192522381462161,-0.007345730823779742,-0.040976000190632154,-0.019401196469028905,0.04138725685073319,-0.04001559250603696,0.0019800312363209066,0.0033545339355281205
350,style_switch_lowvol_quality,multilevel,128,19,96,0.004706700012320653,0.0503348233899886,0.0014486859637792113,-0.007457461617684799,-0.011629173288111869,0.021504214052658257,-0.017502766297329737,-0.0161090848918671,0.00208064829795689,-0.0008751843639634305,0.0022299899360949922
350,style_switch_lowvol_quality,multilevel,128,20,162,0.008303700014948845,-0.013033826897710517,-0.020997594118698414,0.012293772481479143,-0.017663101070587724,-0.01892062867002718,-0.005284238732520948,0.03271449062385258,-0.021320849572517724,0.001183001316030587,-0.009253231255304351
350,style_switch_lowvol_quality,multilevel,128,21,120,0.008323299989569932,-0.026638387394572548,0.004047117122893715,-0.022001427253725288,0.010763973512086437,0.040603667516999814,0.013868145234334746,-0.013097473100176516,-0.009230738824886058,-0.0017514993573936437,-0.008604240107156649
350,style_switch_lowvol_quality,multilevel,128,22,88,0.005644999997457489,-0.013148294891685609,0.005060198179918898,0.024215988784438078,-0.014943856812184148,-0.0089904967587176,0.031427969746567704,0.010672839939250316,0.005594976975509523,-0.000997105344580895,-0.0035652906531942197
350,style_switch_lowvol_quality,multilevel,128,23,106,0.00693689999752678,-0.012824919750460998,-0.019886318205400613,-0.03290096659725206,0.03226690157361377,0.021399484807148,0.028930800850726652,-0.014335608378419474,0.004091378228047159,-0.0012724915479959756,5.97779999345528e-05
350,style_switch_lowvol_quality,multilevel,128,24,130,0.008873000013409182,-0.08561821523445166,-0.01187633164808364,-0.011368911508152418,0.032110718171338655,-0.02813433365928679,-0.08394307766955947,0.043848482379649785,0.02024265097994295,0.0014851279578146177,-0.004270619332481036
350,style_switch_lowvol_quality,multilevel,128,25,114,0.006892199977301061,-0.08147458380319453,0.016029756614575306,-0.04426721984724381,-0.004389959730156461,0.015788061841475746,0.016347926415201317,-0.03968120460430499,0.003969794372878591,0.00394974329046731,-0.002062496512975788
350,style_switch_lowvol_quality,multilevel,128,26,98,0.0071743000007700175,0.014023035820598651,0.01881800636443356,0.009095782803725826,-0.040055621498202756,0.0027902723386196743,-0.001265029134060108,-0.01740849867334783,0.0073054925293753615,0.0008266912422467843,0.007321793330568885
350,style_switch_lowvol_quality,multilevel,128,27,104,0.0073444000154268,0.00010923124829309451,0.002818162529218642,-0.0019536244230040304,-0.00202732990973997,-0.006433543324950053,-0.014731439983379153,0.007789882309674099,0.007136390888486736,0.0010965044760360063,-0.0010492272649269027
350,style_switch_lowvol_quality,multilevel,128,28,144,0.009267300018109381,0.14414846768739256,-0.003552006540871185,-0.0017842691345841487,-0.06337776027622061,-0.020835914031883118,-0.015381107575189151,-0.028084013735377025,-0.006630138181962174,0.004284896764431929,0.021039730569728757
350,style_switch_lowvol_quality,multilevel,128,29,98,0.006383500003721565,0.003964584653369534,0.026051490595393446,-0.00371530766089389,0.0068485044893387016,-0.006090962083808908,0.0027402763174092333,0.03287069510705961,-0.02097010837534854,-0.003198078935580798,0.007654389523342936
350,style_switch_lowvol_quality,multilevel,128,30,96,0.007480200001737103,-0.06198682536440069,-0.007308973604870733,0.01765877203030936,-0.0059499561509575435,-0.038867825037199884,-0.04179945851490016,0.0064502802500433064,-0.010350833201445735,4.145045875320469e-05,-0.009633465195756134
350,style_switch_lowvol_quality,multilevel,128,31,106,0.006551300000865012,0.05699345354577534,0.00046165947087165894,0.006230938122932872,-0.03600537796649101,0.01450091393463428,0.03217238653457197,-0.0074331883716879255,-0.012667087153490457,0.0015776242817135792,-0.005116974453706022
350,style_switch_lowvol_quality,multilevel,128,32,124,0.008954599994467571,0.0017254888459189,0.012189920380415425,-0.0112945870441301,0.032197850145935764,0.0036761837173765514,-0.001170775087258125,0.01195320562853212,0.005435419121424841,-0.0005938955769863156,-0.0009014492071892603
350,style_switch_lowvol_quality,multilevel,128,33,114,0.007686099997954443,0.056608130180631225,0.009983675151085713,-0.018769722849223576,0.0020527321782905085,0.002961922581822346,-0.026986794421183697,0.01358102071868849,-0.0026572235542442067,0.0005961098683961645,0.008722605329398713
350,style_switch_lowvol_quality,multilevel,128,34,100,0.006832099985331297,-0.027603895184092488,0.009291714704466327,-0.006440086397676658,-0.00047675852395357115,-0.015278300180002787,-0.0033754392252867515,0.02770220059138205,-0.031720035619179215,0.00027096964973893656,-2.613586647625978e-06
350,style_switch_lowvol_quality,multilevel,128,35,118,0.008696600008988753,-0.005704791132750257,0.008350373143375323,0.0050036125898001455,0.00471925999791648,-0.006456482094136026,-0.0010092897524352014,0.0023916293254492285,-0.003471108388344315,0.0017368073154803655,0.0014085392737325222
350,style_switch_lowvol_quality,multilevel,128,36,120,0.0093918000056874,-0.04000325752898645,0.003108033077157851,0.0037403775757002965,0.014754762708590625,0.0042079967020155085,-0.022358485805965743,0.011969964509316682,-0.013848917400589909,0.0009187127017252673,-0.0007287997910290085
350,style_switch_lowvol_quality,multilevel,128,37,158,0.00887040002271533,-0.06198530547497857,0.008351710123808115,-0.01795904505811063,-0.0011501674367188819,-0.0019670439046056603,0.00019491466788506176,-0.027427209545022035,-0.01643001923120305,-0.003058587834506544,0.007641252370125305
350,style_switch_lowvol_quality,multilevel,128,38,194,0.013736499997321516,0.0669305991214426,0.03608269380135101,-0.06491420977700647,0.03158039419964144,0.011335324766434028,-0.06359815099036253,-0.01246566683528244,-0.033020624586540794,0.00032371159418927126,0.01455172328980505
350,style_switch_lowvol_quality,multilevel,128,39,102,0.007305400009499863,0.031917134239770446,0.014583384823623952,0.002557375301310629,-0.005950587207070636,0.011839030373931404,0.014244728403157063,-0.009517926112147012,0.005314401599924861,0.0011705374282093449,0.002251852994198316
350,style_switch_lowvol_quality,multilevel,128,40,118,0.0080391000083182,-0.03303551095593168,-0.005771143344965626,-0.009824412106407592,0.011980437006090592,-0.0006952449890267368,-0.007750562867553148,0.02174453780268292,0.027954311378431643,0.0005256112555803735,0.0007143937376827422
350,style_switch_lowvol_quality,multilevel,128,41,120,0.008003900002222508,0.004605429589609223,-0.004420538663645505,0.0033980590502874306,0.008960302040706128,0.0020552151596949335,0.040616835063869657,-0.0025062831207295173,0.0019237022957953821,-0.004225185982866085,-0.004705830428816668
350,style_switch_lowvol_quality,multilevel,128,42,110,0.008970500028226525,0.020687977526826593,0.0036876767689368963,-0.01897484583064031,0.029806755745668954,-0.014737970933548616,-0.011657933973461192,0.00850247301736042,0.02357118711953339,0.0024826749709822254,0.0014205148542368237
350,style_switch_lowvol_quality,multilevel,128,43,124,0.008532299980288371,-0.011987801249895945,-0.010035485881828862,0.0027527072722837794,-0.011598068030243623,-0.011269171910783879,-0.007675922367723816,0.007103928808682173,0.004174415308315129,-0.0019985107545277747,-0.005442828127033602
350,style_switch_lowvol_quality,multilevel,128,44,114,0.0063421000086236745,-0.0177325656515828,-0.0024768822716207395,-0.00281429746958084,-0.003253149255801599,-0.0078046513811463,-0.010828469766241565,-0.00991337412456945,0.019828162891603905,-0.001518986799308987,-0.0029578508877404026
350,style_switch_lowvol_quality,multilevel,128,45,108,0.006821399991167709,-0.011939204102820754,-0.0009816732913322714,-0.0018793453860793579,0.025378739944397512,0.016218683045085468,-0.005651809715325303,0.010547591980621595,0.02073243132958543,0.0007983533140532272,-0.006177150125509974
350,style_switch_lowvol_quality,multilevel,128,46,118,0.009085900004720315,-0.03974320409126529,0.009543914294224643,0.00276577815071308,-0.004412522037091863,0.010594707440165793,0.01041628810014348,0.002974833457755925,-0.010655210249053597,-0.0007325474186499841,0.0012039843181675994
350,style_switch_lowvol_quality,multilevel,128,47,106,0.008534299995517358,-0.04565566034608272,-0.014589129238328842,0.01940958536247446,0.005535176446148761,-0.03257841666808485,-0.06598291911610162,0.02135566418507351,-0.011279370104541412,-0.001126939002539121,-0.017412624781790793
350,style_switch_lowvol_quality,multilevel,128,48,102,0.0060968000034336,-0.01023605188375267,0.0038235096900342933,0.04428618029763302,-0.06358256685368967,0.05721614398454081,0.044966199042997396,-0.057189985845946506,0.06388019274630306,0.0006975040025150763,0.0032174019582482255
350,style_switch_lowvol_quality,multilevel,128,49,92,0.007062499993480742,0.02620626579447454,-0.008719996742079412,-0.017700879912143818,0.008855028813171663,0.007120175035731995,-0.016482199022031775,0.010928011944648933,-0.04077937901701445,0.0035466246434764366,-0.002490083320288147
350,style_switch_lowvol_quality,multilevel,128,50,110,0.00647609998122789,0.020021979970765744,0.00351859168876866,-0.016246332007412653,-0.00969857540884461,0.040448167065792684,0.036171570281373924,-0.02053134135071474,0.018943924313015267,-0.0016732505838651516,0.005909791449874014
350,style_switch_lowvol_quality,multilevel,128,51,118,0.009102500014705583,-0.0078082253224177394,-0.00019240371473322625,0.03222046814655249,-0.04440639513746988,-0.008655338465074427,0.013962282299198655,0.011769899294613438,-0.015965758118978438,-0.000461639157306732,-0.0074373580747934265
350,style_switch_lowvol_quality,multilevel,128,52,130,0.009324400016339496,-0.13665263750708642,0.011630700118833269,0.01607602284786295,-0.031182720986211325,0.029832528882043,0.03560937356873355,-0.03960370007762584,-0.022937233776955872,-0.002806769394051951,-0.0017136679924852109
350,style_switch_lowvol_quality,multilevel,128,53,116,0.008259599999291822,-0.035741517217630484,0.01142204250069856,0.00018214248549163354,0.0022876210680135354,0.027395910484014744,0.02787558209498047,-0.04456716638569957,0.014816178725425786,0.0004897664027408286,0.00553026693515371
350,style_switch_lowvol_quality,multilevel,128,54,138,0.008933700009947643,0.013195756859430672,-0.0045546994402581595,-0.013296506625924076,0.021089715793993068,0.006227161230187707,-0.0012103742753749958,0.009799812681451988,0.0015938534271675215,-0.00022326565064792415,-0.0025560204619777377
350,style_switch_lowvol_quality,multilevel,128,55,134,0.009349800006020814,0.03453200990153581,0.015746839381859477,-0.001773657000005846,-0.03543000963062991,0.05898359045619246,0.012088230580002484,-0.03749429827443297,0.02553117916824505,-0.00035040203527672163,0.004910066311461356
350,style_switch_lowvol_quality,multilevel,128,56,102,0.006887499999720603,0.019051619679849776,8.880186650241602e-05,-0.08036859051848573,0.04778678686194505,0.02100323407715145,0.0254424239874814,-0.0030746076285638004,0.02786275876992334,-0.004709647718984903,0.023174563760942044
350,style_switch_lowvol_quality,multilevel,128,57,108,0.007415999978547916,-0.0045917535128486425,0.013805208546572151,8.78423393533444e-05,-0.013835377016652394,0.003398083313550627,-0.013186581429117506,-0.000591496607705198,-0.007313295902349458,-0.0010441961403488077,0.012990600296505719
350,style_switch_lowvol_quality,multilevel,128,58,114,0.006352199998218566,-0.029206046142086693,-0.013015487939803921,0.028050761800263408,-0.04208649892787866,-0.0212060890525812,-0.003143924328153196,-0.016865241033270698,-0.004337602235043058,0.002039214021835423,-0.0012644105022855878
350,style_switch_lowvol_quality,multilevel,128,59,146,0.011522999993758276,-0.04255842813271886,-0.024250317221802115,-0.048524215165446444,0.0479274764295325,-0.01444613843398829,0.014831446443958379,0.03127296886290807,-0.010845271259140128,-0.0029568264277178105,0.0018179611617000267
350,style_switch_lowvol_quality,multilevel_outer,128,0,138,0.012203199992654845,-0.0001938956312835631,0.00427807877365545,-0.011683935679561362,-0.0024031026923913715,0.01875711476691276,0.014181630461420538,-0.009222371025033203,-0.001930040443721051,-0.0003023201740688805,0.004008496725608024
350,style_switch_lowvol_quality,multilevel_outer,128,1,114,0.010195300012128428,-0.03282600680252151,-0.015309937499912779,0.016026426015099206,0.0005352501230247609,0.004498950635118304,0.01602873629747406,-0.012000494150238402,0.004129760341957984,0.00013191113784589577,-0.006351160030515171
350,style_switch_lowvol_quality,multilevel_outer,128,2,138,0.012862500007031485,-0.0033788185405694976,0.004035706937814684,0.006870084693524026,-0.0026890025996643835,-0.005794211528781441,0.002460784002112224,0.0043881599293203455,-0.008472681984820133,0.0009847330503393564,0.0010441404034348446
350,style_switch_lowvol_quality,multilevel_outer,128,3,108,0.00644050000119023,-0.009593739440048581,-0.001189384323377252,-0.0009050078396151274,0.004252100803297364,-0.000944100664283017,-0.00630748360093932,-5.432429940725866e-05,0.0024258756212381023,-0.00035634264608244346,-0.002269322228590376
350,style_switch_lowvol_quality,multilevel_outer,128,4,110,0.010335400002077222,-0.012613947766357441,-0.0034268400624319654,0.011732874050506062,0.0024690502721575218,-0.0012282258098842828,-0.0035207791280297994,0.0041420198228241095,-0.006460043518378746,0.00012780438797630185,-0.0008794506327132412
350,style_switch_lowvol_quality,multilevel_outer,128,5,124,0.013219799991929904,-0.0029503490147030445,-0.002001192553769551,0.003084273625147651,-0.002349245487607514,-0.002018245562848394,0.01002820086095833,0.0032657173974480133,-0.005198049686390057,-7.55948819324905e-05,-0.00031493694713071515
350,style_switch_lowvol_quality,multilevel_outer,128,6,106,0.006221000017831102,0.019028728449736958,-0.0020622242150761467,0.017106446357556777,-0.005678931054183567,0.02104184781100552,0.001394230220785897,-0.012049000076414513,0.024258659141656255,-0.00048504610571094753,0.001007530865348429
350,style_switch_lowvol_quality,multilevel_outer,128,7,102,0.006440900004236028,-0.025334628898209366,-0.0017330409688938917,-0.0027015692150347335,-0.00046397738336653065,-4.0641175559297595e-05,0.0036741632273675343,0.001202152676136122,-0.00039460042325417286,-0.0003978814349871958,0.0005820605511497638
350,style_switch_lowvol_quality,multilevel_outer,128,8,116,0.009903199999826029,0.011940653833196233,0.00480015940143519,-0.015456175341234796,0.014012456541101273,0.007837780452026398,0.012930100470540568,-0.03499421495864358,0.0019125117463713735,-0.0008024132592348604,0.002857012550310985
350,style_switch_lowvol_quality,multilevel_outer,128,9,116,0.009933799999998882,-0.029506553817719817,-0.0028868254268629616,0.02288477728964501,-0.0013353300684532915,-0.01769514885639857,0.0036498383791643565,0.03209478971792347,-0.011457037321319214,0.0010800475012050221,0.0015784624373110796
350,style_switch_lowvol_quality,multilevel_outer,128,10,112,0.009286999993491918,-0.014868742533409487,-0.004448620436128392,-0.01012626473405065,-0.0010708424038931533,0.005638234137856327,-0.017456913121393955,-0.009036661827475334,0.0046883824405283105,-0.0009485777639285144,0.0008326080285137513
350,style_switch_lowvol_quality,multilevel_outer,128,11,120,0.009844500018516555,0.004775514777559569,0.02223017226795312,0.01388473028635417,-0.010030804641615189,0.021605751978117548,-0.0006040486037970586,-0.01015181396090386,-0.015345865857664828,-0.0009597183603015974,0.009878805049287693
350,style_switch_lowvol_quality,multilevel_outer,128,12,112,0.010083399974973872,-0.02136886488760268,-0.002810193973063197,-0.001385294271734687,0.0004665174916924062,0.0017685369644183356,-0.012263402911862713,0.013121229043355508,-0.02777996171107893,-0.00032057708041137906,-0.0019746474615649793
350,style_switch_lowvol_quality,multilevel_outer,128,13,110,0.009586800006218255,0.022534639571115546,0.0013844675074387715,-0.006170730344687453,0.00464494810334938,0.005757647183923646,0.010602719527664872,-0.0010473169975476902,0.004132620124408381,-0.000354036003275819,0.0023017278513458887
350,style_switch_lowvol_quality,multilevel_outer,128,14,122,0.013070099987089634,0.018506304430086128,0.007266047559547401,-0.0146882968284227,0.020828793594505964,0.0017923642472530918,-0.016049823787993796,0.0003716202788159855,-0.009825313581753144,-0.0006062558939102712,0.0018309696480285152
350,style_switch_lowvol_quality,multilevel_outer,128,15,122,0.012897800013888627,-0.017878744846397437,0.0029800651626722624,-0.014399048210178223,0.008986709337535096,-0.00956277357481636,-0.005527847302694596,0.014411560484796008,-0.00025641035664616154,-0.0002753967473868248,0.0009619828153603922
350,style_switch_lowvol_quality,multilevel_outer,128,16,110,0.009496599988779053,0.033404653155835226,0.005789354000127775,0.028363518575359747,0.02230816599121127,-0.005915271939983248,0.005438079200745614,0.026380838732254212,-0.020674712426747725,0.0007998503708911827,-1.8198599587982475e-05
350,style_switch_lowvol_quality,multilevel_outer,128,17,110,0.01027939998311922,0.019405246879103374,-0.0019405285027672223,-0.007784749891299713,0.010364500803718493,-0.008011763739283103,-0.006475066529753505,0.01555623285402805,-7.506068070748714e-05,0.00018569282566808436,-3.690367164466508e-05
350,style_switch_lowvol_quality,multilevel_outer,128,18,116,0.009948199993232265,0.001058963632532463,0.0005622400514838804,-0.024836766057590158,0.00445237850986529,0.0005078700896976041,0.0010736836952002448,-0.014022198922693022,-0.013651216215059108,0.00036539216865389556,8.659471308785727e-05
350,style_switch_lowvol_quality,multilevel_outer,128,19,122,0.011710999999195337,-0.09763668592235761,-0.023819174191827615,0.0682419058475779,-0.05876659779319319,0.07194485015425951,0.023098530440155023,-0.06561199532272224,0.044077411031264786,0.005974842149899914,-0.004655935734594638
350,style_switch_lowvol_quality,multilevel_outer,128,20,102,0.006056700018234551,-0.02861022712232919,0.01901294945168535,0.008546021972845687,0.024077467067882365,-0.010100775092404313,-0.009021563229364312,0.007503896676382109,-0.019603877929012543,-0.0004179000043992062,0.002530608192426886
350,style_switch_lowvol_quality,multilevel_outer,128,21,106,0.006486799975391477,0.036560205578737306,-0.006725817310946197,-0.00635339453193252,0.009131558467792476,0.00433373805765142,0.011639980572066394,0.004057743356497288,0.007482213197951432,0.0007027633134933032,-0.0033476113737223945
350,style_switch_lowvol_quality,multilevel_outer,128,22,108,0.007219499995699152,-0.02437076123658295,0.005808397207024878,0.002712829444834803,-0.001304488055750782,0.002615834096209059,0.009148781135700054,-0.001945517285968162,-0.0017587978292467332,-0.0008680352658035236,0.001213629261484654
350,style_switch_lowvol_quality,multilevel_outer,128,23,110,0.009613200003514066,0.02096190061177079,0.00448740513346317,-0.011790663993101894,0.011106092706768187,0.0012413732760084522,0.008365267306630618,0.00140010829970246,-0.006640144087134456,-8.359028304926277e-05,0.002615893573087196
350,style_switch_lowvol_quality,multilevel_outer,128,24,114,0.009415900014573708,0.04293109056062415,-0.003402287476717155,0.0045448579098472264,-0.021471840815892724,0.03263654639872345,0.021730360731065677,-0.020108614503830693,0.01871394186284612,-0.0005297225042612141,0.00028425540740059375
350,style_switch_lowvol_quality,multilevel_outer,128,25,126,0.013292399991769344,0.040093912038595046,-0.012869377957466377,-0.010924826140973034,0.009455367764643358,0.00037970774464113376,-0.01372970672227677,0.003520730568966149,-0.025649551746804854,-0.0006930928379941528,0.0009590311884145532
350,style_switch_lowvol_quality,multilevel_outer,128,26,106,0.006857000000309199,0.0002814188992832062,-0.004156704853686537,0.004740719715229063,-0.0007641183616543454,0.0031219607193355885,-0.00047595956731932853,-0.00401815513920988,0.0001377614045416423,0.0001957963051492019,-0.0004918161460736562
350,style_switch_lowvol_quality,multilevel_outer,128,27,124,0.00975349999498576,-0.03423578216417421,0.007364986378768727,-0.0005146853515115811,-0.010892668666262002,-0.0027510601862786145,-0.014057688616170152,-0.017709792605598927,0.007367953336189588,-0.0018560866759457742,0.005158989780378842
350,style_switch_lowvol_quality,multilevel_outer,128,28,138,0.012516099988715723,-0.04130228715086212,0.007400337858125864,0.0045313499299540535,-0.019076706495819506,0.029182575135629756,0.01322367057622589,-0.011402161358600869,-0.0348240410428394,-0.0038661178819436605,0.01668446341172075
350,style_switch_lowvol_quality,multilevel_outer,128,29,114,0.010815899993758649,-0.015361106028942566,0.007090188098280883,0.010407501890200633,-0.008597718636711178,-0.013077961955903657,-0.010952729291760253,0.001998355988978956,-0.0062937256394700256,-0.0008123306506401942,0.0022167420048638297
350,style_switch_lowvol_quality,multilevel_outer,128,30,140,0.011888800014276057,0.03890378245524192,0.0011932427511871352,-0.017700526199959897,0.015874882229485913,0.0067354063628222004,-0.005319528237431348,-0.013640965006065667,0.007792394985093017,0.0002251555480264028,0.0012707593469304984
350,style_switch_lowvol_quality,multilevel_outer,128,31,100,0.0037338999973144382,0.042578722199911115,-0.007515100388899453,0.02973754731950733,0.019251057887926977,-0.007468617757442777,-0.01594194495649818,0.024977306939994583,0.008746203193940932,-0.0012243810568688747,0.005014732039365316
350,style_switch_lowvol_quality,multilevel_outer,128,32,150,0.013099700008751824,0.02656584106992063,0.0016176017130050738,-0.00774714729759698,0.0376948140019938,-0.003185515932099453,0.010894054287870228,0.0200747470769731,0.026229136115805168,0.0004669292083952125,0.005102424647725401
350,style_switch_lowvol_quality,multilevel_outer,128,33,106,0.0073561999888625,-0.01040181965594602,-0.00574025263635188,-0.0019773289800947753,-0.004689940930946007,0.0013483602766110256,0.016505012418460217,-0.017401149105288068,-0.02977333171141086,0.00234997494012944,-0.0020139960900427863
350,style_switch_lowvol_quality,multilevel_outer,128,34,104,0.006810199993196875,-0.0034327489922891573,-0.0017716227109261808,0.00045296003571158275,-0.0013525380238199648,-6.032259566412261e-05,-0.0013100689106449646,-0.006312062942308394,0.000791486703160756,8.603567508351257e-05,-0.00020735096517809692
350,style_switch_lowvol_quality,multilevel_outer,128,35,130,0.011584199994103983,0.00039449531304106727,0.008420970056037567,0.014332668342968827,-0.010857185222413709,-0.008211718035774395,0.008997183467672077,-0.001280286065579853,0.006242128547719406,0.00012293776719710434,0.00038856949029258714
350,style_switch_lowvol_quality,multilevel_outer,128,36,108,0.010278600006131455,-0.005947851219188204,0.0023402478034598075,0.0043787051080332855,0.0047600523089604205,0.007174953238558987,0.010389149684877428,0.0014225888464097758,-0.013790288548119261,-0.001989724551905114,-0.002721456387292575
350,style_switch_lowvol_quality,multilevel_outer,128,37,122,0.009832199983065948,0.009938022796722134,0.0038850284011281142,-0.001099485703778065,0.005123812350649786,-0.0005053128273399168,-0.016674723144559152,0.0030942820924802997,0.00501104626697539,0.0018894416437327075,0.0029186433866385535
350,style_switch_lowvol_quality,multilevel_outer,128,38,120,0.008754999988013878,-0.007538236739456009,0.01957744023604489,0.001878048931644713,-0.03357163424991299,-0.029123167877511687,-0.002422081344681975,-0.03685414689339223,0.02026553157630373,-0.0005522699559835584,0.0072168837191061526
350,style_switch_lowvol_quality,multilevel_outer,128,39,104,0.007910500018624589,-0.0023579667248226225,-0.00383304992054308,-0.0035997359870064876,-0.009979013806056482,0.00934300594547738,-0.0022483208440591774,-0.006903950780217018,0.006145054390342866,-8.234707201005225e-05,0.00010863370554760683
350,style_switch_lowvol_quality,multilevel_outer,128,40,116,0.010220299998763949,0.014863321029027831,0.0005590762228789828,0.004706816893810599,-0.006132873966928843,-0.0033501177637741257,-0.0023775154202491386,-0.00010321849504509351,-0.003785458049216866,0.00035904548639340906,0.001910073524584956
350,style_switch_lowvol_quality,multilevel_outer,128,41,110,0.010831399995367974,-0.049574213406751666,0.004239155720194529,0.015612528943666376,0.0007946967231158397,0.008372573057396797,0.0030061946056316223,-0.027034087867763373,0.04965787423644213,0.0013642490333848297,-0.011798304783365146
350,style_switch_lowvol_quality,multilevel_outer,128,42,114,0.009042000019690022,-0.020072957838889245,0.0009013129316877823,-0.021654064103030297,0.008242795369873209,0.005158407135283703,-0.006438172985695394,-0.0038964106817016625,0.0032139568597874075,-0.00033102684826538567,1.8740481932929036e-05
350,style_switch_lowvol_quality,multilevel_outer,128,43,128,0.012328699987847358,-0.016116603403594738,-0.005744899282489918,-0.006206503615652873,0.003407530049657122,-0.00036236178218173183,-0.002039399677865715,0.00715378095550246,-0.0012140324578028667,0.0008847455770950349,-0.0022567857609962516
350,style_switch_lowvol_quality,multilevel_outer,128,44,108,0.0067134000128135085,-0.01914987649058949,0.00020213254035766218,-0.009052463903526408,0.009836474607584193,0.007859483262993615,-0.004476399152598476,0.00850892882839068,-0.001078160475349372,0.0008650847260167858,0.003247041085524513
350,style_switch_lowvol_quality,multilevel_outer,128,45,104,0.005570899986196309,-0.0168859052667227,0.013684362231162362,-0.019945134970609773,0.00837423170257478,-0.022658294592848023,-0.011692027973906024,0.019316270294025314,-0.002417457730918841,0.0016461072464245279,0.00536254046119221
350,style_switch_lowvol_quality,multilevel_outer,128,46,140,0.014129899995168671,-0.029975899433387198,-0.0011113328549858365,-0.02694435313484616,0.028161652830025752,-0.010566504771511751,0.003996456006655958,0.011116970378137522,0.0384804463116404,-0.0006999239550151241,-0.0022113845283195034
350,style_switch_lowvol_quality,multilevel_outer,128,47,100,0.0037751000199932605,0.017891725787638584,-0.0045175424604430746,0.0007013114285981947,-0.0075478787780406936,0.003456669154759786,0.0017427158275817238,-0.0033556800517723995,0.0038430702769413037,0.0006919911592990726,-0.001997721923485136
350,style_switch_lowvol_quality,multilevel_outer,128,48,114,0.008252199972048402,-0.006719572654378317,0.004995667661714212,0.00567970822342239,-0.0042032123407064565,0.0029381636323865742,0.0035158465205395546,-0.00243838553444625,0.0031129190913779426,0.0005272732092919642,0.0014232263130705262
350,style_switch_lowvol_quality,multilevel_outer,128,49,106,0.005518099991604686,-0.0076097478709117854,0.0006553425001478361,-0.0027076333871613547,0.004039740648939938,0.009040652508943536,0.004970189964474274,-0.010597470222145985,0.00810060790115055,3.478253721358568e-05,-0.0003274034255988406
350,style_switch_lowvol_quality,multilevel_outer,128,50,118,0.00920830000541173,0.057948150206939684,-0.02567175604739887,0.02508329987239335,-0.015514189527569291,-0.012580316141009223,0.01570346879541455,0.032143654530549445,-0.013196836533791934,-0.0010663433412076238,-0.009872953008274924
350,style_switch_lowvol_quality,multilevel_outer,128,51,134,0.009882099984679371,-0.02103119878053773,0.005416364063859232,0.030802497383813965,-0.051726570756929637,-0.0189413875092186,-0.005629188274033195,0.013651218188087061,-0.0015970966519908577,-0.0006008466193999718,-0.004431903920158075
350,style_switch_lowvol_quality,multilevel_outer,128,52,120,0.009148300014203414,0.005877734880273422,-0.007661476736487281,-0.0096819606269972,-0.0065721073087677785,-0.001706985680651267,0.0012475239320102443,0.0016440593198916158,0.012862235607022677,0.0019269992387681782,-0.0054136389759034285
350,style_switch_lowvol_quality,multilevel_outer,128,53,122,0.012523499986855313,-0.018554260318494904,0.006384126193596652,0.0018592207285767343,-0.0011589898126972205,-0.021776272150230747,-0.0019659260461797725,0.012973854570134547,0.018980858933110984,0.0003167611376251185,0.007989318533811364
350,style_switch_lowvol_quality,multilevel_outer,128,54,104,0.006881500012241304,-0.005820963263866024,0.004117679485205445,0.0024450312592778347,0.0001899627602310952,-0.003113340492572255,0.0022281418742123105,-0.0011201537383059873,-0.009847366334462654,-3.776230319146831e-05,-0.0001473842919276611
350,style_switch_lowvol_quality,multilevel_outer,128,55,104,0.007984999974723905,0.0358285807397508,0.0045144556646442135,-0.01662892972545501,-0.0026499632887557033,0.017774528891879304,0.005959632170428104,-0.02317047313320246,0.024784310129276177,-0.00045232270562091403,-0.00021623990298890328
350,style_switch_lowvol_quality,multilevel_outer,128,56,110,0.006411200010916218,0.006743404383170471,0.004432180106259677,-0.0328739677586619,0.025075796437691932,-0.010822865198152874,-0.02425385393609802,0.002579157924956706,-0.0010109409349067472,0.00020880312655760852,-0.0008088269194470481
350,style_switch_lowvol_quality,multilevel_outer,128,57,112,0.008509500010404736,-0.022961441077761737,0.01091761004498393,-0.013257798051374262,-0.006627749613460372,0.004757145076228919,-0.007872266756241045,0.011172598052012858,0.001775706625361574,0.0020050695854894056,0.00022696220830303323
350,style_switch_lowvol_quality,multilevel_outer,128,58,102,0.005540899990592152,0.04171029875615214,0.002681125962826982,0.022192359081235572,-0.011386674284752268,-0.0008986730676249788,0.007359727199277038,-0.001614228542305602,0.0013198266367356417,0.0009539415603453897,-0.004440740350856763
350,style_switch_lowvol_quality,multilevel_outer,128,59,106,0.005773100012447685,0.022815097378622133,0.004133125780572478,-0.005103849030934679,-0.02420074291042041,0.01356599279054177,-0.007494458226782292,-0.010383941895100805,0.014141989174600753,0.0016993972131911493,0.005882665028214803
350,style_switch_lowvol_quality,split_base,128,0,110,0.007340200012549758,0.011405719204532866,0.0017359776548568815,-0.009344734846647244,0.002626107032702927,0.009180828548936214,0.007664663379773612,-0.0232327841144336,0.003805406793119457,0.0003307138531120765,0.00031637067834358254
350,style_switch_lowvol_quality,split_base,128,1,126,0.011427400022512302,-0.004661706816435951,0.0048722541946603845,-0.0035703942073463065,0.001850509268056438,-0.0030222088382552996,0.003412842505534309,0.0016305828416465554,0.008399342544310314,5.223687679040554e-05,0.0017848589375124273
350,style_switch_lowvol_quality,split_base,128,2,118,0.009367199992993847,0.0017419675427333362,0.010105170462928578,-0.0001943580955553567,-0.009980805190518846,0.00015543385700952337,0.009574233206157716,0.002323837132903378,-0.00456479398029748,0.001590143934470288,0.0020613242411748538
350,style_switch_lowvol_quality,split_base,128,3,114,0.010010199999669567,0.011785621727143331,0.009436495765062612,-0.005141091435375623,-0.0017082769812109323,0.00010917548654856574,0.009055793217247693,-0.009513726988626918,0.0003518431872164468,0.0005655956725580205,0.005415769349806742
350,style_switch_lowvol_quality,split_base,128,4,130,0.010773799993330613,0.026675769310133886,-0.00012287254172360955,0.015938668737713265,-0.010115967426073224,-0.007875964390230032,-0.01850372255835675,0.001333194384550405,-0.006478556071121755,0.00014776217794871963,-0.0007867231550427609
350,style_switch_lowvol_quality,split_base,128,5,138,0.014822600001934916,-0.010583405414235645,-0.00967354124156713,-0.01189735425949682,0.014308449910258291,-0.004626489861500524,-0.015687771949307566,0.0014286187426441699,0.0016626783806305875,-2.9811665284329034e-05,0.0038354403819830856
350,style_switch_lowvol_quality,split_base,128,6,142,0.011317299999063835,0.002616671700853219,-0.014641142516547457,0.015268399660915349,-0.02073912957844326,0.034968260851009916,0.022002508175376977,-0.03362546106414085,0.040152462927161965,7.129544862664351e-07,-0.006141093533208542
350,style_switch_lowvol_quality,split_base,128,7,122,0.008998599980259314,-1.655652605968977e-06,-0.005360020656405794,0.00536602098189415,-0.01499550649405389,0.003883323788093042,-0.0008172592790320589,-0.0024385020148738174,-0.0008259959786479267,0.0011183692398373229,0.0009107175565596121
350,style_switch_lowvol_quality,split_base,128,8,110,0.006744800019077957,0.005102026069440324,-0.0015423087985163954,0.019406602096549173,-0.01322862641549329,-0.0031172067924846282,0.0005470381937516429,0.002161455875153919,-0.004266131501543153,-7.025699585686404e-05,0.0046632161226044504
350,style_switch_lowvol_quality,split_base,128,9,126,0.012141899991547689,-0.01283131038907386,0.004234382742030071,-0.008313922947102002,0.010647472401010792,0.009209431258208401,0.006146704201406111,-0.01701688139455277,0.020587607815870598,0.0003805993565925843,-0.0005688272185486523
350,style_switch_lowvol_quality,split_base,128,10,134,0.010953699995297939,0.020266756368139516,0.008308025956285065,0.00748267727490443,0.003224611693431074,-0.004310308904349841,-0.021516406654502974,-0.011412288508127607,0.01380710291560707,0.00035044569523211115,0.004089259482265932
350,style_switch_lowvol_quality,split_base,128,11,114,0.009980500006349757,-0.0037010797121196067,-0.001160069522865214,-0.0005546486166594207,-0.0011902339422221095,0.007369390806648142,0.005333063932002421,-0.008834533026264782,0.00557321990516981,0.00010576908475559701,-0.0014527974527106108
350,style_switch_lowvol_quality,split_base,128,12,122,0.01024370000232011,-0.01656935043744318,0.008557570021938916,0.012483237176925016,-0.032031188831395344,-0.0006439690719160442,0.0035015775856321435,-0.04230300278457869,0.005365969747867035,-0.00019774880997740189,-0.0020072640877375606
350,style_switch_lowvol_quality,split_base,128,13,126,0.011655899987090379,0.06326403505378461,0.0024320863666105075,0.011624051004689537,0.00880951465256706,-0.02120042474722985,0.03415504402607046,-0.00460237671687016,-0.016629805968034907,0.0016453959826879226,0.002058142413350074
350,style_switch_lowvol_quality,split_base,128,14,122,0.010202100005699322,-0.0019319225515516882,-0.000628101219555079,0.0004834472919303598,0.0015739250576806058,-0.003371181656874529,-0.006906765490488307,-0.00687079445431177,0.003408298216177366,0.00020258887226353613,-0.0016423465213911061
350,style_switch_lowvol_quality,split_base,128,15,122,0.010310599987860769,0.025234701825153093,-0.020601364405361228,-0.006206139198474694,0.014474712434819145,0.018480991872010254,0.02138396497324702,-0.007794932854726835,-0.005116001612902282,0.00032616307630450436,-0.012361287349027767
350,style_switch_lowvol_quality,split_base,128,16,114,0.009321400022599846,-0.00989624454200543,-0.006125503823679811,0.013429708109940392,-0.021327106538166864,0.005806888044356369,-0.00669708599457562,-0.006281375889418514,0.013811250105525785,0.0010486011737152274,-0.0010593497102264354
350,style_switch_lowvol_quality,split_base,128,17,126,0.012677500024437904,0.03362207893337564,-0.01919126131090217,0.0298035088847358,-0.016395360631212257,-0.018593386103968438,-0.007965435541655982,0.0101529104340731,0.0021448238985944503,-0.00011406884334130615,-0.00025100090908307946
350,style_switch_lowvol_quality,split_base,128,18,118,0.010109700000612065,-0.0038376220780050054,0.012782144696833045,-0.006477013930348044,-0.015554096652253427,-0.019517363618470084,-0.024908508899258726,-0.01596243144791383,0.010800316825932998,-0.0007483766088704994,0.003960929731420921
350,style_switch_lowvol_quality,split_base,128,19,114,0.009454300015931949,0.008163881780829826,-0.0008109168338365773,0.0023159294437527984,-0.00656290285634023,-0.003143039465598509,-0.0014033109548070076,0.008421210471695017,-0.00117010505997741,-0.00033019699127963443,-0.0027285349285939044
350,style_switch_lowvol_quality,split_base,128,20,118,0.008586199983255938,-0.08070221813027596,0.003281147549910534,-0.023190142500619897,0.03117382886480035,0.01150582360769461,0.007559898834224368,0.004085672681668341,0.05569192560497531,-0.00014144584551886553,-0.005284257290308192
350,style_switch_lowvol_quality,split_base,128,21,122,0.009984200005419552,-0.046161460852577364,-0.0077381536192848545,0.0045540840919518185,-0.019540524411593964,0.01346644250147685,0.0017982920483470381,-0.008080591900019063,-0.010317131230400452,-0.0002320679441563301,-0.0017456939817347306
350,style_switch_lowvol_quality,split_base,128,22,118,0.008588099997723475,-0.0049597346467246785,0.003253663403673699,-0.008072517473390096,-0.0055996680429540565,0.012759130554229479,0.011796506484596183,-0.019654792602210543,-0.0010418601655958338,-0.00029636287278039824,0.0028047771530094493
350,style_switch_lowvol_quality,split_base,128,23,126,0.013902399979997426,-0.0021639884977825014,0.008917199729958287,0.014323943763025853,-0.00612916112062063,-0.005252646202654527,0.02488457841009799,0.014285763135554958,0.004656189508879815,6.9242546378278625e-06,0.00040098748148246626
350,style_switch_lowvol_quality,split_base,128,24,114,0.010558200010564178,-0.0010213914165753957,-0.010962116481113972,0.0005475888431932342,-0.0036265818408525814,-0.003295462930048751,-0.0015126641514491492,0.016303037540157068,-0.01951682789910873,-0.00035710047463533896,4.7042496244165905e-05
350,style_switch_lowvol_quality,split_base,128,25,134,0.011866900022141635,-0.027765308838641155,-0.006084730759633057,-0.0023046642577840503,0.00642408322117818,-0.008920096280622987,-0.009284304420252836,0.002364168749905479,0.012641057039657516,-0.00026361735572274505,-0.008724043633373776
350,style_switch_lowvol_quality,split_base,128,26,126,0.010330499993870035,-0.00712786414901489,-0.0035082600528666455,-0.013939522366293955,-0.0019260308014974429,-0.01181165358550775,-0.009771859082146686,0.006071621895863865,-0.003371097922037163,-0.0012727837254110578,-0.000764652663886507
350,style_switch_lowvol_quality,split_base,128,27,126,0.01041860002442263,0.012444035803945425,0.001979487493182909,0.002460468719952206,-0.00505889865719854,0.004186750716348013,0.002654237380064802,-0.0011413967650547492,-0.0016947624667716255,0.0003299412811329245,-0.0003209542720686102
350,style_switch_lowvol_quality,split_base,128,28,166,0.011320199992042035,0.0182879711598256,0.0036346389604454904,-0.0560685384779734,0.0364372854312473,0.011203015170850159,-0.011857753883163208,-0.011904970695162304,0.007350050032857905,0.00010057375024611801,0.0006564090927586452
350,style_switch_lowvol_quality,split_base,128,29,110,0.007081199990352616,0.00800671266730561,-0.002336439005255787,0.008720360371096992,-0.0006798790194373224,0.004673660245637891,-0.007002054225247437,0.005068606170953028,-0.006288847758977434,-0.0004656592647123924,0.004172523814465793
350,style_switch_lowvol_quality,split_base,128,30,114,0.008961599989561364,0.004774780687721743,0.010103206202210571,0.009095057299889795,-0.008458054561180576,0.0012226090211426015,0.008992991169902183,-0.0011129281211739745,0.005630072972206852,0.0005590662965386458,0.0019370884992560046
350,style_switch_lowvol_quality,split_base,128,31,110,0.006921299995156005,-0.031442704993581594,0.009513738363857212,0.012593276551161733,0.0017102005434241091,0.018923723011301723,0.004861704181039201,-0.004239908042904491,0.014906626437008352,-0.00123152382595169,0.0002309217347476567
350,style_switch_lowvol_quality,split_base,128,32,122,0.010407299996586516,0.034052963494612246,0.004156433056198529,-0.010095811130587929,0.015761504952379202,-0.008173041456631423,-0.0024666049544701694,0.009063449898018761,0.00030177515472650033,0.0003509423863886257,-0.0004278311359209953
350,style_switch_lowvol_quality,split_base,128,33,110,0.006482500000856817,-0.039894917715069804,0.0025105786566823798,0.0046082949906437794,-0.0024802399511532547,-0.0024822462296296504,-0.011328071225892996,-0.014396391173080336,0.005871350610323802,-0.001684813393382448,0.004581844999860288
350,style_switch_lowvol_quality,split_base,128,34,146,0.011055200011469424,0.021502201210854135,-0.00707451171998843,0.00818206852835285,-0.006036450458244609,-0.01825036480747887,-0.028528519937503723,0.017537507752165803,-0.005103045331282049,-0.0008734445093188289,-0.0029968360823361376
350,style_switch_lowvol_quality,split_base,128,35,142,0.013166399992769584,0.006808603819290343,0.030753754455109146,-0.014868147570365415,0.009443077453204435,-0.028797384238316365,-0.00827832787054703,0.01383737417871372,-0.022231005979101597,-0.0005035877098846652,0.011312631281805745
350,style_switch_lowvol_quality,split_base,128,36,138,0.013604900013888255,0.02284054449881958,0.006792630286592813,-0.011765987434260222,0.0036411504576401047,-0.0021141726734284273,0.004837957384829195,-0.0017754467613549734,0.0011344363802599355,0.00013485939027543353,0.0007678930973547597
350,style_switch_lowvol_quality,split_base,128,37,142,0.012808100000256673,0.005938865634877085,-0.0011544906203766066,-0.010595474837095996,0.016101684703391746,-0.0020519910004569443,0.011300454414980746,-0.00021843585142721517,-0.00437442835455585,0.0002347454363974438,0.0033435051457968617
350,style_switch_lowvol_quality,split_base,128,38,114,0.00929109999560751,-0.011736513685729704,0.0010069154830954778,0.008507381837009144,0.002801340819388505,-0.010974311303255383,0.0022637455772141937,0.01057765488519458,0.0017850304570892616,0.0013883767119676014,0.0013192304872126919
350,style_switch_lowvol_quality,split_base,128,39,122,0.010286099975928664,0.020611971387839524,0.0002469961416934373,0.015905932252529332,-0.020287024156240775,0.011074460477232428,-0.0004348595459466493,0.0024996831140974237,0.030909329221069436,0.0015033462357863093,-0.003143474177161627
350,style_switch_lowvol_quality,split_base,128,40,126,0.013070500019239262,-0.011373880702192838,0.0027036450397413055,0.0021250373369409493,0.02251351200935949,0.018220574382464418,-0.007986995558389809,-0.004493385489961116,0.03174993189773163,0.0009149278080340464,-0.0007996290177863252
350,style_switch_lowvol_quality,split_base,128,41,126,0.013722899981075898,0.00409579942359963,0.0009646541298869562,0.0015587740601214323,0.004649873318040708,0.005375916899217688,0.008730839370571328,0.0025398284708520857,-0.01371856322402377,-0.00037019352718737654,0.00018827817911430008
350,style_switch_lowvol_quality,split_base,128,42,118,0.008460400014882907,0.018574076741640008,-5.065379526722458e-06,0.006202336888694721,-0.004331457357388038,0.00324874567789754,0.0023461674823516297,-0.010241948201546138,-0.006600129420634146,0.0003210376503487141,0.0017581998445378362
350,style_switch_lowvol_quality,split_base,128,43,126,0.013261299987789243,-0.03335502736060271,0.00589817452258478,-0.009826509211413526,0.014491889948047957,-0.005195112078031,0.0018732237749695562,0.006697441920177764,-0.00046748782690518993,0.0002691516672797377,0.0015055510238244552
350,style_switch_lowvol_quality,split_base,128,44,118,0.010093999997479841,-0.01860517116168423,-0.002042704342535948,-0.02584613081647984,0.02897235812621335,-0.008098747249667972,0.0053636344731211455,0.005006217357590981,-0.0004592176478663528,0.0012797974578565327,-0.0005019567645133775
350,style_switch_lowvol_quality,split_base,128,45,118,0.008857700013322756,0.027534561284305738,-0.010272114264821929,0.01504643772004123,0.0013776840872720124,0.004456810938668772,0.0061908933839730385,-0.0075209614334262615,-0.003661622590241269,0.0013663370845897118,-0.000584474970590643
350,style_switch_lowvol_quality,split_base,128,46,122,0.010884799994528294,0.009369372466392814,0.002454971391973142,-0.006278629317768941,-0.003284596087833757,0.018340118559297423,0.012860527747066705,-0.011364816285275098,-0.0024180222391014376,-0.00031817988644329727,-7.068204241170942e-05
350,style_switch_lowvol_quality,split_base,128,47,126,0.014572199987014756,-0.009482016884988276,0.004339630616935758,0.0078456976098039,0.0020519878583103537,-0.037934532999421344,-0.005102603310676435,0.024055597633081023,-0.024943005116141954,-7.687873308684469e-05,0.0038697783783685305
350,style_switch_lowvol_quality,split_base,128,48,122,0.00912240002071485,0.005562304787912831,-0.008501217543437628,0.0036345081189145512,-0.010244534296628348,0.01144598926032924,0.015899907525857623,-0.014423906297834457,-0.002559693718825686,0.0009418200966895488,0.0017325651993331565
350,style_switch_lowvol_quality,split_base,128,49,158,0.018458799982909113,-0.017356276290795343,-0.0030309995165845455,-0.012101816445678138,-0.0017682350455373163,0.0015616344273245851,-0.0015973916472089007,-0.006098968925928023,0.026230454504577637,0.00011471859135004381,0.00021752728826942474
350,style_switch_lowvol_quality,split_base,128,50,110,0.005887800012715161,0.0070525109081683,-0.003949317178005182,-0.009100085593430228,0.006680778821519222,0.004998301122466941,0.001327853726876577,-0.0005075981492023484,-0.0019813113282334998,0.00022524818379776826,0.0005856803358690844
350,style_switch_lowvol_quality,split_base,128,51,114,0.00948079998488538,0.010498769804210443,-0.022493571260897603,-0.03129403623796302,0.017837402441643425,0.010308702869229679,-0.021107902431172186,-0.018367534598209792,0.011951142615762111,0.00017395814888461302,0.0008838573488714016
350,style_switch_lowvol_quality,split_base,128,52,114,0.009954200009815395,0.02416866705950548,-0.008562382200744553,0.03452006721574859,0.00969964621472125,-0.0018061397950889916,-0.006038547616334328,0.010293961493859572,0.010008108382245303,0.0008348874995439003,-0.002107366577360957
350,style_switch_lowvol_quality,split_base,128,53,122,0.009636099974159151,0.004010930910844449,0.002472522836730999,0.00829911188203649,-0.004250232219303529,-0.009565518556206269,0.0028013334808597795,0.0092073725732448,-0.01140207322658292,-0.000240969901726112,0.0008514581379104591
350,style_switch_lowvol_quality,split_base,128,54,126,0.012520600022980943,0.008975647849252357,0.00198835055786427,0.0008295780166036791,0.009840917468509573,0.002125850402479887,-0.0022610144801494753,0.01394459873956092,-0.0015143688653643233,-0.0007955059407554829,0.002490428976392691
350,style_switch_lowvol_quality,split_base,128,55,122,0.009884099999908358,-0.037098718095650095,-0.00907344070896024,-0.009735834777412047,-0.0025464960536583916,-0.017468057394306215,-0.016613984765780982,-0.0026450100357115884,0.009450873213482234,-0.0006643955641011596,-0.004263980948395539
350,style_switch_lowvol_quality,split_base,128,56,166,0.011110899999039248,-0.007769297752228878,0.012280429277811785,0.021122807007398374,-0.020010740045113332,-0.013445410253955053,0.01661765536460545,0.007315894044133979,0.003165717136854032,0.0015426218338040715,-0.0010020398233851154
350,style_switch_lowvol_quality,split_base,128,57,114,0.008432800008449703,0.008071062671124337,-0.0009467776299934835,0.0029904349037505216,-0.006484284107862956,0.001299259157395742,0.001257434887474318,0.0011327322069538824,-0.012582864163517438,-0.0002650283065293861,0.0033893123676860155
350,style_switch_lowvol_quality,split_base,128,58,122,0.00995929999044165,0.06678236520997774,0.01121568484054928,-0.0301489454138542,0.025069238279331534,0.000752897170289806,-0.018597159776371157,-0.010038181318571005,0.017382442689038616,0.0003739021745760341,0.004554612301259006
350,style_switch_lowvol_quality,split_base,128,59,110,0.006420499994419515,0.007357447252342287,-0.0034269637521622985,0.002246381186758557,-0.00750294812403704,-0.0031239815947638307,0.00173874498542461,-0.0037597662017554976,-0.002594658292556608,0.0001090882876284937,-0.0014064726811877618
350,style_switch_lowvol_quality,plugin,512,0,512,0.0109888999722898,0.0017756083178974292,0.0005276811638215571,-0.001954857117299419,0.0008578484792954312,0.003467595123417477,0.0004929561902310942,-0.0005224151252589464,0.00402194335147769,0.00012820336952012017,0.00042019276862789056
350,style_switch_lowvol_quality,plugin,512,1,512,0.010027699987404048,-0.00015455079387113746,0.0011590450671353733,-0.0001460066338439566,0.00023716011771297165,0.00041278122788816274,0.001376306412984685,-0.0006687131722041658,0.0002548520897264955,-2.6912986259834746e-05,0.00015527972128204437
350,style_switch_lowvol_quality,plugin,512,2,512,0.010704500018619001,0.00018987011702209617,9.516547588017874e-05,-0.0005530628849049577,0.00010211620232323944,0.0019454269803154847,0.0012928402945125012,-0.0018701768823387122,0.0013156616397046535,-1.8051763949375426e-05,0.00010496253995790543
350,style_switch_lowvol_quality,plugin,512,3,512,0.01052390001132153,0.002017703878102271,-0.0003088500810231037,-0.0012821980014833137,0.0018388200000815512,0.0018635335709704776,-0.00032780147492599384,-0.001558316427455028,0.001948497850249923,4.974932371577138e-05,3.319777011426075e-05
350,style_switch_lowvol_quality,plugin,512,4,512,0.011085599981015548,0.000530913986953201,-0.0007696336096756917,-0.0013409944514143624,0.0011221004874791775,0.0025369085423686223,0.0014675071657605158,-0.000312912576816983,0.0028489764832938095,-4.44318998370014e-05,0.00018036184491415297
350,style_switch_lowvol_quality,plugin,512,5,512,0.01118770000175573,0.0023529064825501514,0.0005351070947391237,-0.0007394572394596265,0.000904433524448456,0.0008051222668347331,-0.0006479677210243102,-0.0008242374825138838,0.00246811315760771,0.00011523644924988632,0.00024940273656714335
350,style_switch_lowvol_quality,plugin,512,6,512,0.010409200011054054,0.0009790147469406485,-0.0002976999061055592,-0.0008019728998278224,-0.0006718425993496139,0.003237474162319218,0.0030193146143897556,-0.0015078669215379844,0.0006011324681277583,-1.7553580987967516e-05,-0.00010342685863058189
350,style_switch_lowvol_quality,plugin,512,7,512,0.00993410000228323,-0.0016334592225369473,0.0005904125528380884,-0.002449501024767697,0.0015728545770638913,0.00017698883088497396,0.0008814850945415415,-0.001280348111147805,0.0012016545235923827,-0.00015178196642348204,-0.00015711231447262407
350,style_switch_lowvol_quality,plugin,512,8,512,0.010266199999023229,0.002524818591349266,6.217571170314532e-05,-0.0006316640167949436,0.001445312634774405,0.0024904900849149433,0.0011132851069910433,-0.001258934817076843,0.0012657029071528017,-6.725418548285664e-06,-7.2407283872669e-05
350,style_switch_lowvol_quality,plugin,512,9,512,0.010750999994343147,-0.0008556321162928943,0.0009537837173484311,-0.0009924323440574953,0.0009483485095971406,0.0015171334438646232,0.0011046678613052606,-0.00029424636015605143,0.0020223057966020997,-5.962244043857454e-05,0.00036812314848465424
350,style_switch_lowvol_quality,plugin,512,10,512,0.009581199992680922,-0.0011368543331392999,0.0012453768657158546,-0.0005027420309093189,-0.0009008518917218933,0.0017771535198799963,0.0012016318223359232,-0.001550663771704196,0.0022292654586446685,-4.058877916732884e-05,1.145019318681515e-05
350,style_switch_lowvol_quality,plugin,512,11,512,0.010930599994026124,0.0009920026417207502,0.0002646934178328085,0.0008778783052294334,-0.0023787152411916847,0.00222712429629332,0.0015247205186656127,-0.0023148838372149634,1.0196498447846307e-05,3.1084058277555405e-05,0.0004787371909422324
350,style_switch_lowvol_quality,plugin,512,12,512,0.010413499985588714,0.0011865410043748362,-9.485986182622713e-05,-0.0007270671023302576,-0.0008106802948462425,0.002125326347657618,0.001483402342233131,-0.0020093719105358366,0.0015042341278806415,1.3397622208198868e-06,-6.700984840319669e-05
350,style_switch_lowvol_quality,plugin,512,13,512,0.009567600005539134,-0.0008060289134615141,-0.0005709180809132649,-0.0023455229841822397,0.0004626706868793101,0.002035371118417533,0.0011194554345055118,-0.002347183292413477,0.0008270638901329574,8.154009105434483e-05,-0.0004322640183940264
350,style_switch_lowvol_quality,plugin,512,14,512,0.012228600011439994,0.0002901072011186386,-0.00024266770777117398,-0.0010282419086743704,0.0013436355663255875,0.0005914018899278462,-0.00015157573129952374,0.00024060082342667783,0.00010901824679246956,-6.666726658917396e-05,0.0001420441129762848
350,style_switch_lowvol_quality,plugin,512,15,512,0.010330500022973865,-0.00017690490455377043,-0.00048367057007794905,0.0007202932153252521,-0.0009073132406496032,0.0011194530629553576,0.0004317528230615766,-0.000593473495643629,0.00297496464739735,-9.318562121561002e-06,-0.00040608502943518436
350,style_switch_lowvol_quality,plugin,512,16,512,0.00985110001056455,0.0012804941059118527,8.312958669779814e-05,-0.0006739224457145773,-1.7547097727161514e-05,7.29665518514495e-05,0.0010073950320322546,-3.678724133227966e-05,0.0008566085864116678,1.229603360377689e-05,5.6237964528080794e-05
350,style_switch_lowvol_quality,plugin,512,17,512,0.010714800009736791,0.0032071049900448223,0.0003475055684322292,0.0010274867078588158,-0.0006867194799889539,-6.328088286292448e-05,0.0008260105924011524,-0.0005342899059936642,0.0005116865399830587,-0.00016909699728917408,-0.0001486232099136196
350,style_switch_lowvol_quality,plugin,512,18,512,0.010908700001891702,0.001660392112907126,0.0003934044237248104,0.0007055837786407835,-0.0017472521823225162,0.0037847355222916787,0.0012302391575678075,-0.0017092284295935436,0.003310402578859921,4.679517804616298e-05,0.00032892672261964213
350,style_switch_lowvol_quality,plugin,512,19,512,0.00971199999912642,0.002110672213806993,0.00041918640314805335,-0.00041952909808509314,5.1316594425721185e-05,0.0014507767374970745,0.000317637425215528,-0.0007182121187299762,0.0014153490404911501,-6.540721259392513e-06,-4.6505866473687934e-05
350,style_switch_lowvol_quality,plugin,512,20,512,0.01107220002450049,0.0028542061388159685,0.0002005800208719677,-0.001000760590933864,0.00022830738373008728,0.0008211971165348375,0.0009658239696853362,-0.0006765476192615228,0.000801550531188762,6.802435753124272e-06,0.0001475987992150089
350,style_switch_lowvol_quality,plugin,512,21,512,0.010695200006011873,-0.0015810576021612465,-0.0007108889191763398,-0.00042048859555942914,-0.0007070224304077737,0.003346598615794624,0.0010513567293340671,-0.003215723273712144,0.0022677904990665793,-1.2705130220481675e-05,6.0578315727912505e-05
350,style_switch_lowvol_quality,plugin,512,22,512,0.009831699979258701,0.0008988745701441896,-0.000534469046349531,-0.00027514763369323265,-0.0005699437414374521,0.0023276254184983495,0.0020430342551985767,-0.0012398056476435678,0.0014970590466182804,5.9298645038466576e-05,-0.00023851771893426997
350,style_switch_lowvol_quality,plugin,512,23,512,0.011326000007102266,-0.0011416520673249908,0.00027927393198264386,-0.0002598242989683403,0.00044229157753667184,0.002212933123332054,0.0012027300318528695,-0.002068290087920261,0.0016068177518304611,-1.9686896484484775e-05,0.00022781362804116863
350,style_switch_lowvol_quality,plugin,512,24,512,0.011062299978220835,0.0024458183373340403,0.0005038064851484297,-0.00012067419011331337,-0.000298696624900161,0.002497415083267296,0.001982791981148475,-0.0019818508425175707,0.0006868567606839832,0.00010252440525325238,0.00015681416902660908
350,style_switch_lowvol_quality,plugin,512,25,512,0.010119599988684058,-0.00028800076054343206,0.0004251314374319448,0.000968686200954109,-0.00043136080583929996,0.0006695899749617508,0.0002150235463589673,-0.0008861689170247832,0.0009255950511426102,-5.445580981460992e-06,0.00011722725664166667
350,style_switch_lowvol_quality,plugin,512,26,512,0.009455400024307892,0.0015791790370306602,0.00012811940014929916,-0.00039960414456137504,-0.0001165768816490262,0.0015350850261632524,0.000379738859392655,-0.00130199491751551,0.0017573961328282484,6.728763376515205e-05,0.00020913487183238093
350,style_switch_lowvol_quality,plugin,512,27,512,0.011336900002788752,0.0008795818766334282,-0.0006372005502615909,-0.0010756566515243418,1.7593725477880538e-05,0.002319344009177464,0.0020013739230210514,-0.0019422310934986808,0.0008835303657176421,3.876947130649433e-07,-0.00033347421954186375
350,style_switch_lowvol_quality,plugin,512,28,512,0.010568799974862486,0.0011503954174953116,-0.00013419224218666327,-0.0011948478106190517,-0.000433369535752814,0.0012933766922383135,0.0008387369396752872,-0.0017546872361088866,0.0006235375922983962,8.442405235987989e-05,0.0002527822617374524
350,style_switch_lowvol_quality,plugin,512,29,512,0.009979900001781061,0.0001184296968519358,0.0013179119498001322,0.0006906200086095176,-0.0006729095560408473,0.0011040621211329447,0.0008493335336339405,-0.0021111374798898643,0.001476090670095217,0.0001195532825091258,0.00029179692853274563
350,style_switch_lowvol_quality,plugin,512,30,512,0.010412400006316602,-0.0011556522945187335,-5.942634682667304e-05,-0.0009541973581106763,0.0011083680189049102,0.0019060640929765798,0.0016628128959543765,-0.0012168934627855407,0.0013973823540657183,-1.237268385386526e-05,0.0004362312340771655
350,style_switch_lowvol_quality,plugin,512,31,512,0.011091799999121577,0.0008298623944077832,-0.001053689153495825,-0.0014586626226507527,7.075666039097916e-05,0.004195474513227539,0.00031850115900089335,-0.0022280655966244603,0.004006107726911421,0.0001460789908832143,-0.00046553006142679504
350,style_switch_lowvol_quality,plugin,512,32,512,0.010678299993742257,0.0012526155917174594,-0.00023563429210853376,0.00013691913359055043,3.075621137121023e-05,0.0010433056083076393,-0.00024393813912748142,-0.0013265601795952719,0.000339301098077078,-8.980352774644472e-07,-0.00017688732308308543
350,style_switch_lowvol_quality,plugin,512,33,512,0.010242499993182719,0.0009238154501073584,9.349315518868834e-05,-0.000553486539395174,-0.0005313805913939767,0.0011937329970081612,0.00114870000697602,-0.0011197511341978204,0.0014283310534003476,-2.9691653526617656e-05,-6.475934524758948e-05
350,style_switch_lowvol_quality,plugin,512,34,512,0.011047200008761138,-0.0007290911449687092,0.00014091949794442453,0.00046375481648483534,-0.0011113414789215986,-7.977551277312024e-05,0.0010362465695418802,-0.0006372597862146206,0.0004926040552598752,-2.9001356893299767e-05,-0.0002969924504452189
350,style_switch_lowvol_quality,plugin,512,35,512,0.010574000014457852,0.000507728951189415,0.0001719455890988201,-0.00013745240439431319,5.9605646080253014e-05,0.00093632853811394,-0.0003837014081715234,-0.001234243869785388,0.0008920276002400053,-1.1991450010578457e-05,8.474093983801962e-05
350,style_switch_lowvol_quality,plugin,512,36,512,0.00993559998460114,-0.0011575749977413374,0.001441757128361471,0.0013191441240878274,0.0011429752572179766,0.003327635553055046,0.0017975642294187396,-0.0012435963242896967,0.0019606913458971166,-2.859802260509142e-05,0.00030829279626360805
350,style_switch_lowvol_quality,plugin,512,37,512,0.010635299986461177,-0.0006036566790238975,2.3229182951339043e-05,-0.001963186749831214,0.001417037112630663,0.0034644521840840473,0.0008074639821086842,-0.002687278190373219,0.0013995891874543048,-5.919007233860594e-05,-8.760827893896895e-05
350,style_switch_lowvol_quality,plugin,512,38,512,0.010303699993528426,-0.000938662545454655,-0.00042019314352629054,-0.00030788650735299946,0.00036881371370684737,0.0005840900984423102,0.0006107745158034471,-0.0005550501817373685,0.0010367326493569767,-1.4053605639256313e-05,-4.590286729591213e-05
350,style_switch_lowvol_quality,plugin,512,39,512,0.01056840000092052,0.00010595526887458519,-0.0010465470197381576,0.0005783398185664412,0.00033339590344482953,0.0019789788473994403,0.0015266793874930545,-4.0875827112122005e-06,0.0005210810714578954,-1.967937451786192e-05,-0.000159028219853969
350,style_switch_lowvol_quality,plugin,512,40,512,0.010634600010234863,0.00019644979736184394,-0.00045934954989650215,0.0010779855917422787,-0.0002409738501624633,0.0027508531473553373,0.0006297157667976247,-0.0009530442242439188,0.0029984520121866284,-6.958990420891159e-05,-0.0001754721349409489
350,style_switch_lowvol_quality,plugin,512,41,512,0.010625800001434982,-0.00032705068839057085,-0.00023002338242698877,-0.0002138577781236569,-0.0009017502844480935,0.002494490030253084,0.0011698595647128066,-0.0018233211738872403,0.0024550875027204836,-4.79419625308933e-05,-0.00022090168827687965
350,style_switch_lowvol_quality,plugin,512,42,512,0.009594199975254014,-0.000819858058349065,-0.0001374813181138513,-0.0005552799514394808,-0.0008577624417111868,0.000844523662781682,0.0015887023064382363,-0.0014081356945987791,0.0008234243499229557,-0.0001394090596294783,0.00010699278253858339
350,style_switch_lowvol_quality,plugin,512,43,512,0.011025699990568683,0.00030832179009149626,0.00024383433531176906,-0.001362664567254103,0.0013317480211549077,0.00090815388930013,0.0006063749126807708,-0.0006551280427969866,0.0021857543829603364,-7.063145963907801e-05,-9.393949321501447e-05
350,style_switch_lowvol_quality,plugin,512,44,512,0.010676600009901449,-0.0004558218815044591,-0.0001808444627290271,0.00028267791172269295,0.00017621040569749767,0.001707338160629493,0.0006230410603204771,-0.0009216534891713302,0.001559223740028123,-5.8361909962072875e-05,0.0003076474738556069
350,style_switch_lowvol_quality,plugin,512,45,512,0.010441299993544817,0.0006395827754854672,6.15122745265645e-05,-0.0005798273259822387,-0.0016348415377272646,0.0010259356383286295,0.0006072951002659986,-0.0014872299380003407,0.0013458875240006194,-1.5328778829279582e-05,9.725055515769952e-05
350,style_switch_lowvol_quality,plugin,512,46,512,0.011207800009287894,0.0008137228866329985,-0.0002046735077633122,-0.0003738476954144359,0.0010959864952194685,0.0014366084028182228,0.00012446153452822924,-0.0004732909534336562,0.001781916587486368,9.374645736881842e-05,0.00027281751805002563
350,style_switch_lowvol_quality,plugin,512,47,512,0.011296999990008771,0.0012962610458545254,0.0011585490884735712,-0.001222760179867017,0.0004854981593625628,0.0008312938679945999,-0.0010474186130561124,0.000909885488131619,0.0004474242650462187,-0.00011154565773546312,-0.00041837199540844296
350,style_switch_lowvol_quality,plugin,512,48,512,0.010641799977747723,0.0003398099867926315,0.00043647009089471504,-0.0011488250769953723,-0.0005215246072805969,0.0011283355413874933,-0.0005576880920529468,-0.0011242016222467507,0.0001780224974907271,6.25368099436307e-05,0.00033067914904623614
350,style_switch_lowvol_quality,plugin,512,49,512,0.011090599989984185,0.000582484960581054,0.00012320457526740185,-0.002400123098624237,-0.000571492880940439,0.0026177611840219705,0.0008275117801470267,-0.001283665931673459,0.0018775630417194498,-0.0001353490074405927,0.0003138904560381852
350,style_switch_lowvol_quality,plugin,512,50,512,0.010200700024142861,0.004076385551576049,-4.8303387633379756e-05,-0.0033748731059230486,0.0007206506247054888,0.002115132310887345,0.00024318487341271774,-0.0018996443123568355,0.00113449001078717,5.256366403466729e-05,0.000501408690375874
350,style_switch_lowvol_quality,plugin,512,51,512,0.009391200001118705,0.0003213873079726373,0.00019744799759208629,0.0003895931519127268,-4.684760531155505e-06,0.0010580997944257687,0.000905748381353274,4.016323678660909e-05,0.0011138419554522834,0.00013935317137971813,-0.0003403565787082426
350,style_switch_lowvol_quality,plugin,512,52,512,0.010980299994116649,0.0003913552206833178,0.001002743622439749,-0.0010605528387963453,0.0026889944114384767,0.0011172831146048518,0.0022651088404687628,-0.00045721186587254143,0.0032130549747416263,-0.000138294771837729,-9.792456407711474e-05
350,style_switch_lowvol_quality,plugin,512,53,512,0.010650600015651435,0.0016979632783976416,-3.500419731925329e-05,-0.0011147149313781401,-0.0012335898561803957,0.0012404304030747763,-2.6777739849876043e-05,-0.001175204364069796,0.0003937153756488016,-2.3086649990289743e-05,0.0003564144090834791
350,style_switch_lowvol_quality,plugin,512,54,512,0.009724700008518994,-2.367477251727495e-05,0.0002688824809349711,-4.0152717997575645e-05,-6.694616753817583e-05,8.115631914878651e-05,-0.0001703710776564734,0.0003470989233438863,0.0021560582430078493,-3.4027690645624185e-05,0.00029715902849857076
350,style_switch_lowvol_quality,plugin,512,55,512,0.011054400005377829,0.001213657324041507,-2.8090514893915265e-05,-0.00195424583728935,0.000157957143283296,0.004028324510064432,0.0030151773898800813,-0.0021771070281995735,0.0018040473643457877,-2.8504694922647987e-05,4.8717607235441964e-05
350,style_switch_lowvol_quality,plugin,512,56,512,0.010795599984703586,0.0001849543965652893,-0.00031404674794721914,-0.0010873703976771807,9.715184047923621e-05,0.0011353427300793038,0.0017659450205372844,-0.0008620229497040583,0.0013472505685603962,7.261297265617006e-05,-0.0001294151053213833
350,style_switch_lowvol_quality,plugin,512,57,512,0.00942599997506477,0.0012222357294265633,0.0007893544129434623,-0.0007840675715899708,-0.0011997302306183397,0.004445589630442215,0.000984605581569553,-0.0034556236676562824,0.0038023324570487416,4.304988509091405e-05,1.7704545462393964e-05
350,style_switch_lowvol_quality,plugin,512,58,512,0.010110700008226559,-0.0001278397490357802,0.0005076352290524418,-0.0005401714135717955,-0.0003990235965740449,0.0026366536665728612,0.0006762108085079203,-0.0012505906569972524,0.00222785214807879,5.3590807662349e-07,0.00021845920946394817
350,style_switch_lowvol_quality,plugin,512,59,512,0.010561900009633973,0.001951471415827108,0.0009692329646238594,0.0005544761215572459,0.000981126881072918,0.0007817984171417487,0.0003563916784562184,-0.00012117703852700013,0.0010121695785063813,-6.963795787843041e-05,0.0001255622574010093
350,style_switch_lowvol_quality,multilevel,512,0,455,0.01391519999015145,-0.027265910715518375,0.00014663705611281142,0.005569571726667085,-0.002071874729128803,-5.6949623949764055e-05,-0.003355736872295927,-0.004736883937984366,0.012083964469382443,0.00011637966734397113,0.0016081462321709682
350,style_switch_lowvol_quality,multilevel,512,1,421,0.014997400023275986,0.013136913755679994,-0.0012363313431331725,0.0013973415482083603,0.002761674245820692,0.019545216991396316,0.008549026833915617,-0.009172437097098973,0.002034183187619249,-4.824843752184738e-05,-0.0018902895848936431
350,style_switch_lowvol_quality,multilevel,512,2,475,0.013727699988521636,-0.008625831906109905,-0.0020267189023894694,-0.011185543706878798,0.026045413444717228,-0.018191152047996113,-0.011395969800114352,0.019337788998632303,-0.00770968043375256,-0.0002773548895846443,0.005083549090361567
350,style_switch_lowvol_quality,multilevel,512,3,461,0.016690699994796887,0.03015893983951178,0.016831047015134437,-0.004551628320727622,-0.008793447940001248,0.010377404781628023,0.02160173548541785,-0.03070185811020657,-0.007020884978715234,-1.3975881247370318e-05,0.003531430154805043
350,style_switch_lowvol_quality,multilevel,512,4,467,0.015482399991014972,-0.011474953054298388,-0.014692256824822785,-0.026421318723292345,0.008359884461582874,-0.01642805559215504,-0.0005545806547650267,0.003887960816667286,-0.009567946156442025,0.0004412980718465773,0.00027098287829373664
350,style_switch_lowvol_quality,multilevel,512,5,521,0.01779280000482686,0.015438892599720134,0.0033709548525335527,-0.001162855502537678,-0.00943202210049459,-0.00996253216863138,0.012225430683741791,-0.01363469885944334,0.011177740468648466,-0.0008892798250458887,-0.0006176194065734635
350,style_switch_lowvol_quality,multilevel,512,6,463,0.013836500002071261,-0.009554131062463805,0.006097763726961078,-0.006554526887630907,0.00889298412195015,0.010243489437980044,-0.01265275842627552,0.00575014748678192,0.006814847857177434,0.00016019916340927158,0.0023994494607950164
350,style_switch_lowvol_quality,multilevel,512,7,463,0.014047800010303035,-0.022111822560688776,-0.005717837021121597,-0.01907495982526157,0.003358795463182353,0.02203814235103481,-0.005966913470167399,0.0018409834550505383,0.03508753161464944,-0.0006760407530997938,-0.0035689510163014787
350,style_switch_lowvol_quality,multilevel,512,8,451,0.015551800024695694,-0.012688913957673343,0.01120255198694792,0.011539441585411604,-0.015201917128544936,0.024447013935916865,0.014115995085091608,-0.03697311127511293,0.014713856225972231,6.177907096624882e-05,0.004689973570629834
350,style_switch_lowvol_quality,multilevel,512,9,457,0.015478499990422279,-0.02728691859837237,-0.007620462138038557,-0.008801509073737699,-0.00047314700641844904,0.006874625558009799,0.0065401576965011966,-0.0067917586108588906,-0.007301249865984673,0.0013685796720311937,-0.0034125526750348736
350,style_switch_lowvol_quality,multilevel,512,10,601,0.019118999975034967,0.011853245668882384,0.004802754169390748,-0.0007686148614581664,0.012698311883950078,0.004483262088015873,0.015419949174250196,-0.003409236435843321,-0.011390548316366121,-0.00018263496883555636,0.002719710420419878
350,style_switch_lowvol_quality,multilevel,512,11,669,0.020634599990444258,0.0060993476515420674,-0.008517504001667765,0.005647291401395329,0.03098442883713693,-0.027224166548119072,-0.015917183284761216,0.028118690685194944,-0.0011012746383535694,-7.554393720247492e-05,-0.0010648865431851918
350,style_switch_lowvol_quality,multilevel,512,12,541,0.016803900012746453,0.038536708741042855,0.0069570008280824235,0.0015391709082938538,0.026456291002828116,0.00666190641670366,-0.009311144974134176,-0.005589973532087165,-0.0050802273598557785,0.0012311288333192423,0.004290955158191737
350,style_switch_lowvol_quality,multilevel,512,13,523,0.01996160001726821,0.01717387493151535,-0.0128487780835338,-0.011169718787515158,0.018505272783573584,-0.005599777225787385,0.015306101994062767,0.005431583664463182,0.0074508158423684965,0.0005457137031377814,0.0020349794516526455
350,style_switch_lowvol_quality,multilevel,512,14,481,0.01607969999895431,-0.0020641866159748896,-0.008596682460411169,0.05203310035468832,-0.0461957604367055,-0.005893410842536647,-0.016072482111430524,-0.020945330807267647,0.032801610541805366,0.0010782975084803082,0.0024024259263989065
350,style_switch_lowvol_quality,multilevel,512,15,561,0.016769599984399974,-0.004387283294806202,-0.00034917149663616596,0.006356344156677782,-0.00702905457232753,0.007323601333826018,-0.006697389194922099,-0.004702895291724551,0.0009264415471199846,-0.00024631035273044584,-0.002161832958632416
350,style_switch_lowvol_quality,multilevel,512,16,539,0.01576869998825714,-0.014538671324954667,0.00047560463086230095,0.004452157511488852,-0.00959395855003154,0.0006472577024550518,0.0022929814393992855,-0.003637599755957198,0.0020650182481636377,-0.00044401656044490515,-0.0016665570068538458
350,style_switch_lowvol_quality,multilevel,512,17,433,0.012852500018198043,-0.041475552029843425,-0.005719350333765394,-0.027537710221243225,0.03141982507732703,0.009413948811976878,0.012013261581576567,-0.021640375001323413,0.03181062077837443,-0.001509718928051716,0.004562975574801972
350,style_switch_lowvol_quality,multilevel,512,18,443,0.014686000009533018,-0.01582834424173018,-0.002916864158283796,-0.004261569675213443,-0.011047162257618402,-0.007611582115977983,-0.03404605365010272,-0.0037273795946313965,0.022971682560627753,-0.001260162351893816,0.004064384372570217
350,style_switch_lowvol_quality,multilevel,512,19,455,0.012807299994165078,0.01781273272927003,0.010189410723906622,0.016708992104187022,-0.00546160711202681,-0.002835941406385032,0.003978047551852918,0.003240542040797114,-0.005289599809491068,-5.748662544972255e-05,0.004578183231203615
350,style_switch_lowvol_quality,multilevel,512,20,473,0.018524100014474243,-0.07913429497003702,-0.0020548507336368756,-0.001972243176068146,-0.01486705314584145,-0.0046181461121885085,0.005135776441965588,-0.020432576212107544,0.011840163934554336,-0.0023762147116056396,0.001099071919045464
350,style_switch_lowvol_quality,multilevel,512,21,493,0.01560119999339804,0.025501117734130968,-0.016821402917094178,0.00048150910717364266,-0.02099290348773187,0.007940215196751527,-0.002711342647207995,-0.006777180265359092,0.021503001372787,0.0005550443412567226,0.0006393507710645655
350,style_switch_lowvol_quality,multilevel,512,22,531,0.02058809998561628,-0.0063413368048412955,-0.007117663600913868,0.026356619790828952,-0.015431798365832777,-0.012829116092394746,0.008239741212294548,0.0004958640966781858,-0.0072737852546747766,-0.0009835272932880443,-0.00531452983524592
350,style_switch_lowvol_quality,multilevel,512,23,471,0.015515799983404577,0.07931248280865223,-0.019787516919147926,0.02840210168027374,-0.0142244986321527,-0.043734795956964195,-0.02839585976077583,0.028897264885835022,-0.011475103302011298,0.0004968464284555387,0.0010754437246626274
350,style_switch_lowvol_quality,multilevel,512,24,435,0.014765999978408217,0.03713796348678163,-0.0024545103631178054,0.01462972354302451,-0.0029148283673021283,-0.0047170679459833725,-0.00380994732742414,0.001057583646191602,-0.014637534380811642,0.0011151343883538717,-0.004891607841801779
350,style_switch_lowvol_quality,multilevel,512,25,519,0.018612299987580627,-0.02821645300635427,0.017322129626013604,-0.006592752187550418,0.006941082761666273,0.014379478661133286,0.0219967178347514,0.006207961914175911,-0.007773674558510113,0.001893255934040364,0.001051493425271771
350,style_switch_lowvol_quality,multilevel,512,26,517,0.01714959999662824,-0.012152809644456685,0.004253441428610524,0.006749500750406096,-0.01315516366826386,0.002484573362387705,-0.013257738283737332,0.005617993883082228,0.01774432986650772,-0.0032252989216369605,3.215237426304875e-05
350,style_switch_lowvol_quality,multilevel,512,27,599,0.01678970002103597,-0.023873091492901774,-0.007369344068127347,-0.02166495159913691,0.0014212364798981809,0.012378592046213293,0.011204466239138644,-0.006653078680852813,0.018383726941544064,0.0020073830927797966,-0.005437641990289085
350,style_switch_lowvol_quality,multilevel,512,28,461,0.016178199992282316,0.042238376367463006,0.0008393021337370218,-0.020265344293291868,0.004357262918664587,-0.014121578596907616,0.00852326718418745,0.005755858245147818,0.005598867546954836,0.0015852517125897556,-6.854390172240638e-05
350,style_switch_lowvol_quality,multilevel,512,29,559,0.016721800027880818,-0.004837766142518469,-0.004032006768851517,0.020942297431795685,-0.010006952609526129,0.003525975009007334,0.01291757799326213,0.004130806270274986,0.004131238971651326,-0.0005882612493705958,0.001364544018861818
350,style_switch_lowvol_quality,multilevel,512,30,439,0.01297440001508221,0.000987487980008428,-0.0051055390736423015,0.014583776898666455,-0.005584127692562365,-0.007768151700002209,-0.0019537889771134094,-0.003553206399736125,0.005039395308657421,0.0012115378150441309,-0.003953133684189269
350,style_switch_lowvol_quality,multilevel,512,31,545,0.01712579999002628,0.009279175510403347,-0.0023934391854272936,-0.018405269050733655,-0.004195088711726755,-0.009230720386735511,-0.030078982661852088,0.010732226940541772,0.029403080393535026,0.0017849786045091712,0.0023394904035755034
350,style_switch_lowvol_quality,multilevel,512,32,577,0.0184268000011798,-0.03629776151932063,0.0007893129310695815,-0.002495534859298602,0.03115237855252354,-0.011878349079618319,0.012261055973221751,0.01108086977461573,-0.023230568926125805,0.0003618190699862461,-0.0007191569526018719
350,style_switch_lowvol_quality,multilevel,512,33,497,0.01629329999559559,-0.010203232479220649,0.00454982068011641,0.003864727186597131,-0.01856441949410495,0.029983946942825558,0.0026312676066297795,-0.01163626342011512,0.016700158289023225,-0.0005359818877086765,-0.001046146725494411
350,style_switch_lowvol_quality,multilevel,512,34,547,0.015827000024728477,0.032183098779334576,0.0066506125742223764,-0.017188673679523165,-0.001135532768893929,0.047476274598308596,-0.010336317048611921,-0.029379897071291336,0.01738627109286186,0.0010637088155552729,0.00022199550353433655
350,style_switch_lowvol_quality,multilevel,512,35,439,0.014599100017221645,0.0001646101824101007,-0.010799075244208275,0.006038796928563853,-0.00809023618920152,-0.01734699961902173,-0.010736657070279952,0.005112967633225509,-0.0045656799716890595,0.0017305879214113305,-0.0050784442826916
350,style_switch_lowvol_quality,multilevel,512,36,463,0.016541599994525313,0.009754303174911669,-0.0016807222692371742,0.008178604202313778,-0.008988476917251992,-0.0013129913650850938,0.003333244288618131,-0.0005629963948223835,0.007395537826509107,0.0010783466548498423,0.0014418620044358164
350,style_switch_lowvol_quality,multilevel,512,37,453,0.01571120001608506,-0.005685671532905376,0.0003662555513919383,0.007385328297871589,0.0003941341335168542,-0.0010016907000711436,-0.010663429104244717,0.013623014572586759,0.0010463534303819428,-0.0006451066660882582,0.0005130858902458619
350,style_switch_lowvol_quality,multilevel,512,38,497,0.016062399983638898,-0.035393338969290464,0.0086115866654434,0.0003863617463922679,-0.0019277935613446844,0.03380778230354072,0.011866752427520924,-0.025564358213637936,0.019843328199194425,0.0001855154238543364,-0.000577247872340172
350,style_switch_lowvol_quality,multilevel,512,39,479,0.015912899980321527,-0.04144572154869023,-0.010735120761309372,-0.03280606949278492,0.023059505184497616,0.017479977191421577,0.004823645566411992,0.004694209221516731,-0.006027359198054854,-0.000652547018202402,0.0002414739628642327
350,style_switch_lowvol_quality,multilevel,512,40,603,0.018060400005197152,-0.022051841128951373,-0.00850953846964059,-0.02779383591668259,0.004276022450500897,0.012197870598999785,-0.0046888361119738105,-0.016190835980084934,0.012879757941896821,0.0007673410674779633,-0.0034747611696750633
350,style_switch_lowvol_quality,multilevel,512,41,495,0.017233500024303794,0.014333428941813898,0.0021804506388849133,-0.009870221400994354,0.015183027810196164,-0.007760468462832322,-0.0037667486193581883,0.010803690427102691,-0.016584629327179416,-0.00027755420469884994,0.002748238115065404
350,style_switch_lowvol_quality,multilevel,512,42,547,0.019677800009958446,-0.006764542927427575,0.0017044577126395977,-0.009655694630516168,0.004394414515453597,0.009341557209175682,-0.0032643350100309055,-0.0062237472078432885,0.00897665866249394,-0.0003113092297080584,-0.00253798855498933
350,style_switch_lowvol_quality,multilevel,512,43,441,0.012386500020511448,0.006673620071631134,0.00537163131854221,-0.012243019905313433,-0.0013520004060012176,0.0008576753896137093,-0.018120362530741927,-0.003071630040180752,-0.00047615538358561474,-0.00019752251284990097,-0.00045490444810976203
350,style_switch_lowvol_quality,multilevel,512,44,561,0.018972999998368323,-0.006637533654190831,0.0004001430026495996,-0.004449401020545966,-0.003428276968853006,0.00429467502793076,0.00043259830596355134,0.006769377413455098,0.011479921298692495,-0.00019139272763238945,-0.0045670373398505795
350,style_switch_lowvol_quality,multilevel,512,45,475,0.013841400010278448,-0.007012744186743107,0.005217837698196176,-0.00728122755563047,-0.02422496234180842,0.026122754179670835,0.0042483479186390775,-0.030233697349072646,0.004125296247280539,0.000918422913049963,-0.002450135935056351
350,style_switch_lowvol_quality,multilevel,512,46,451,0.015097199997399002,0.012284442440358544,0.004597051029604264,0.007994793324146961,-0.018551417960741452,0.007887153622592196,0.01725932890834091,-0.001258870371794071,0.00294369076514673,-0.0011565060028321907,0.0012856611632581056
350,style_switch_lowvol_quality,multilevel,512,47,619,0.019572499993955716,-0.03061968709135776,0.003565357858257584,-0.017309740481019454,0.016429343424564955,0.021539262444357794,-0.00454076503352605,-0.008128098820469823,0.021444639961459795,0.0020556592222170374,0.0012752970183318097
350,style_switch_lowvol_quality,multilevel,512,48,543,0.017396600014762953,0.024693427570718178,0.003186155459653418,-0.003343455734535066,0.0019322875659471708,0.007097247274792935,0.020159195756688578,-0.006956775306972328,-0.006723639175933849,-0.0005896084842298013,0.0015364711718607428
350,style_switch_lowvol_quality,multilevel,512,49,493,0.015197000000625849,0.015169785001234776,0.0036960991698491473,0.0009459453763016009,-0.015918895059333523,-0.010222150176176292,0.0038451062116532705,0.0070968818875340855,-0.005435023921419445,-0.00019131467441892795,0.003228551048313035
350,style_switch_lowvol_quality,multilevel,512,50,535,0.018622699979459867,-0.021179353084081514,-0.007782060666967132,-0.019952886047054804,0.0053081609577427065,0.002635874437841396,0.0007089853743307938,-0.003411421059495471,0.025056898226028492,-0.002223795030019295,-0.0034465051571911623
350,style_switch_lowvol_quality,multilevel,512,51,475,0.01476849999744445,-0.013188354383257047,0.006823272992217025,0.022056614902700968,-0.004799157220680584,-0.011012484966788728,0.0019485446118249563,0.0012719055840699227,-0.005382777518075205,0.0010576894538549624,-0.0010353491581845805
350,style_switch_lowvol_quality,multilevel,512,52,523,0.017882100015413016,0.012468400017327689,-0.0072484511327271395,0.003286435298334431,-0.002427861524045812,0.00459789446917606,0.0019348101042315064,-0.005641885289310411,-0.0051746440288411594,-0.0002509480473375121,0.002129079917493863
350,style_switch_lowvol_quality,multilevel,512,53,429,0.013544099987484515,-0.01768632160991828,-0.002286085803491253,0.003307550717581474,0.010828036722026148,-0.011883003577487396,-0.0024711898143985156,-0.00043616296774749556,0.007406894420226661,0.0016381113686751597,0.003444821973462087
350,style_switch_lowvol_quality,multilevel,512,54,469,0.01673159998608753,0.022354598680826714,-0.005859651925092456,-0.006326280065815599,-0.004889616474610895,0.015021499811262265,0.0003080695345047314,-0.016313824777057662,0.006930641696847414,-0.0002603564186840047,-0.004801965973386358
350,style_switch_lowvol_quality,multilevel,512,55,589,0.01933199999621138,0.004988323663776791,-0.0011511370516220532,-0.008926250380041186,0.00035027911893984956,0.0010605442157889046,-0.0066417193460101736,-0.02242840250575274,0.0084255682096113,-0.0004426598202434208,0.0007502950411372519
350,style_switch_lowvol_quality,multilevel,512,56,529,0.017775299987988546,-0.0024944889059074363,0.0014217578853008453,0.012419219149001274,-0.022313877156734753,-0.0026174601984805725,0.007462512568960163,-0.012320353455416136,0.016493711587799834,0.0003692416938698832,0.00013254301304524365
350,style_switch_lowvol_quality,multilevel,512,57,533,0.01640449999831617,-0.022198384970782442,0.0025362371138988597,0.017676743878584325,0.0063070348268804855,-0.024682068803227986,0.01750069684297931,0.014095946749336594,-0.022003828264409685,0.00015312722073445776,0.004547352145698817
350,style_switch_lowvol_quality,multilevel,512,58,535,0.018275199981871992,0.02898539721320023,0.001087986528207427,0.00360250751504654,0.02439111016358967,-0.006258720194866179,-0.0036333139869998443,0.006933760649132802,0.019733658439248434,0.0017055340765691075,-0.0007350802052297651
350,style_switch_lowvol_quality,multilevel,512,59,439,0.0158547000028193,-0.027364066778188947,-0.010804439360341036,9.456205167596548e-05,0.004577003396944927,-0.019156874930037832,-0.008680626938361427,0.00532770841144325,-0.0010161110816975876,0.0006346719338446652,-0.00832334472945314
350,style_switch_lowvol_quality,multilevel_outer,512,0,556,0.021632500021951273,-0.023524181398275244,-0.002437067298473034,-0.0020730362438764944,0.0069338767101435475,-0.009002521789159666,-0.008636168711034998,0.009500554777357267,-0.004652613300041273,-0.00045668835940667544,-0.0023915992089873473
350,style_switch_lowvol_quality,multilevel_outer,512,1,494,0.018826200015610084,0.014459603476583456,0.005469395522311913,0.0034542474585238553,0.005836485652012098,-0.0059314567259524985,-0.009951314842747751,0.0021449018146781442,-6.896662567787757e-05,-0.00035892372636758834,-0.0007181224560508576
350,style_switch_lowvol_quality,multilevel_outer,512,2,504,0.01849059999221936,0.0012185690658372004,0.0009564881204057761,-0.008746133499291292,-0.00012019975567094842,0.005186792851336876,0.007584502590448204,-0.005648951092735649,-0.0008363788533771075,5.705446458929379e-05,0.0012580199414937712
350,style_switch_lowvol_quality,multilevel_outer,512,3,504,0.02214089999324642,-0.00589261303522106,-0.0013795634893852078,-0.002811216620488086,0.011070881227537358,-0.006991896261636797,-0.0054054417905962954,0.0074928112553050725,0.001826234126894032,-0.00013462935634602264,0.0013399118795625478
350,style_switch_lowvol_quality,multilevel_outer,512,4,498,0.018186000001151115,0.026508152958699873,0.00426197890562362,0.003603767771581727,0.000924280684116056,-0.01308182100407863,-0.010282423856524107,0.004005861743116907,-0.0040078224915219745,0.0008095801133002758,0.001194663189320754
350,style_switch_lowvol_quality,multilevel_outer,512,5,488,0.01781479999772273,0.022043249307561616,-0.0024197251447289425,-0.008178729383278266,0.0009644467771596531,0.009512563944677772,0.007229877660020457,-0.012867895453999498,0.005844072519970473,0.0011308127625249342,0.002872640343650995
350,style_switch_lowvol_quality,multilevel_outer,512,6,516,0.019230500009143725,-0.0023053501928749563,0.0016275560855545962,-0.004442504003085373,0.009995522545392464,-0.002888427544890176,-0.005588971881909489,0.005289488341165236,0.0004046735974309925,-0.0006879524028734451,-0.0018098224513854117
350,style_switch_lowvol_quality,multilevel_outer,512,7,502,0.01733940001577139,-0.02802262318889179,-0.002079486290915823,-0.0033399733925105132,-0.007848369072237175,0.008896662592741578,-0.011721260767514374,-0.016962112486950197,0.003944006327477625,0.0006062897697992171,-8.204110721829052e-05
350,style_switch_lowvol_quality,multilevel_outer,512,8,534,0.023440000019036233,0.0015356344993148476,0.005329784162948166,-0.02130899965780496,0.002559151338345487,-0.0028697715121207713,-0.010682159149897152,0.00047948616088442535,9.498639849463393e-05,0.0005307347756213894,0.0035176165284064994
350,style_switch_lowvol_quality,multilevel_outer,512,9,504,0.017447999998694286,0.0034609692612692926,0.011776300105523841,0.004311596219399495,0.009844873720282797,0.014183178256982596,0.00718412907643391,-0.004813845379898671,0.004022916948783137,0.0006358306629514971,-0.0002477942224671528
350,style_switch_lowvol_quality,multilevel_outer,512,10,472,0.014855399989755824,0.025999039037398416,-0.004451675110922617,0.0025892603739156236,0.008410937353214566,-0.001999269580804258,0.003632407567992497,-0.0017625891816549501,0.0031384509722204856,0.0003122601954944026,0.0016024787529797563
350,style_switch_lowvol_quality,multilevel_outer,512,11,476,0.01721789999282919,0.005703884136897688,-0.002911627482367225,0.0007174951789221905,-0.010192652326733331,0.00251544139494724,-0.012439928269596416,-0.0006055455219992097,-0.003195715977677481,-3.8246020833336195e-05,0.0011022593721237586
350,style_switch_lowvol_quality,multilevel_outer,512,12,490,0.017074900009902194,-0.020757785394108153,0.0013257088165397604,0.01042564143207848,0.009364562416026444,-0.006012530304766295,-0.0027894301209212837,0.007807490415000589,0.008274075662076706,-0.0004293251186274305,-0.0011380642646250567
350,style_switch_lowvol_quality,multilevel_outer,512,13,554,0.019005599984666333,0.008615828829561663,0.0013287254112916052,-0.00014676539631588404,-0.0140919525253974,0.0014235659648929022,0.008834811025776938,-0.0063853814443524,0.005610444541036991,0.00033269210667138705,0.00037167622626936087
350,style_switch_lowvol_quality,multilevel_outer,512,14,456,0.018323700001928955,0.0053728029125316296,0.005030286094367617,0.00013787616981150044,0.004604508778626624,-0.004536027640454892,-0.008709994570740278,0.005117958042011641,-0.0035165554647604135,-5.270799779446321e-05,0.0007746118675019367
350,style_switch_lowvol_quality,multilevel_outer,512,15,566,0.020132699981331825,0.008561249321064132,0.004130349946083474,-0.008634442634368994,0.0005741422321097779,0.00511411768270954,0.006792406188579861,-0.0014550258393914036,-0.003587642879794852,-3.543016062425745e-05,0.002034147439916761
350,style_switch_lowvol_quality,multilevel_outer,512,16,500,0.018733700009761378,0.010293832344861982,-0.0024225444729064965,0.003416235476082194,0.0016898298612513002,-0.003423697294875817,-0.004107808111281561,0.010084588685234652,-0.0036310549749509185,4.441406775624306e-05,0.0018027649829762118
350,style_switch_lowvol_quality,multilevel_outer,512,17,548,0.02052019999246113,0.020358705635768796,-0.005427009792805749,0.014276255497071016,0.00560106603771585,-0.002496571231061777,0.019204372444116033,0.01384411994207823,-0.0021167757419934406,0.0008277127926264192,-0.0019286580609056063
350,style_switch_lowvol_quality,multilevel_outer,512,18,500,0.01803239999571815,0.003535897214453477,0.00330437120205327,-0.0034996627267861588,0.0109307127811342,-0.001115788257968438,-0.0014768225756341658,0.006064341862497317,0.0020657639958128896,-0.00023772962407948124,0.001969030368576713
350,style_switch_lowvol_quality,multilevel_outer,512,19,496,0.020138899999437854,-0.0014900055965710486,0.005172058584279917,0.010417506670076782,-0.0026148753801097813,-0.00870167157986948,-0.0032380680056680626,0.018718278550655342,0.0082727224604944,0.0005838594737093359,0.0026101951946081643
350,style_switch_lowvol_quality,multilevel_outer,512,20,516,0.020445800008019432,0.011540512623347439,-0.004960639944526452,-0.0035025537148592398,-0.0006678863590774967,-0.006061324416410499,0.02286888004319574,0.003704356986343661,-0.002602278224552867,-6.284735190340093e-05,0.0005394681416630681
350,style_switch_lowvol_quality,multilevel_outer,512,21,544,0.02079270000103861,-0.008864541337305715,0.0008315856499349367,0.005783774110625098,-0.006127816163826053,-0.010311015831048013,0.0029859801069657506,0.008240859952350042,-0.0017640221666061708,-4.202055204393182e-05,-0.001423277400466245
350,style_switch_lowvol_quality,multilevel_outer,512,22,486,0.01893039999413304,0.02144731266026501,0.0013377893301260999,-0.010645739817150961,0.00025748329231527423,-0.0031244067253217447,-0.010500252827702427,0.001809889197862699,-0.008949545406675334,0.00028053370739686056,0.00394135651365332
350,style_switch_lowvol_quality,multilevel_outer,512,23,492,0.017264699999941513,-0.0069972391706170966,0.01072216851726187,0.007205395253605886,-0.00358536940190772,0.009477556026602973,0.006998600907499313,-0.00647474696526523,0.0023122796914898723,-0.0002077587785630673,0.0034062790328591203
350,style_switch_lowvol_quality,multilevel_outer,512,24,462,0.015150599996559322,-0.015572593399969097,-0.0024282815084064255,-0.008303542919899824,0.008274503509035434,0.006684262899602992,-0.006204603769508823,-0.004270973408393245,0.005520568850540444,0.00022499290257860683,-0.0032204296296614505
350,style_switch_lowvol_quality,multilevel_outer,512,25,500,0.016551400010939687,0.020391575809446418,0.004179904893949529,-0.0036102071050576096,0.007444818335749737,0.004703576223038467,0.003937890971536776,0.001418097567974029,0.004458169945459479,-0.00030783645225313037,0.0013160692244602445
350,style_switch_lowvol_quality,multilevel_outer,512,26,566,0.02303280000342056,0.01974128035058675,-0.002899947621408162,-0.0026030935914735554,-0.0022174661858944864,0.0034497627962116694,0.005431102837465926,-0.008727464133181189,0.0007510850751947561,0.00018314763669792,-0.002680188069254064
350,style_switch_lowvol_quality,multilevel_outer,512,27,524,0.01895140000851825,-0.004571524856912396,0.0031766065925392275,-0.0030489067151144205,-0.003807405626688425,-0.009230532546615405,-0.013626208782008025,0.009641455533173589,-0.005103671042555424,0.0002967217112651151,-0.00013274633157444687
350,style_switch_lowvol_quality,multilevel_outer,512,28,550,0.02129209999111481,0.011035417380804637,0.0010607851358615536,0.004553648128033236,-0.013910322268828372,0.007143726045486998,0.001558616020069162,-0.013963066700217868,0.005616101544724436,-0.0007508762104405345,-0.00035195115989582654
350,style_switch_lowvol_quality,multilevel_outer,512,29,526,0.018858299998100847,-0.008284662071988703,0.006631645764853906,0.013229879739940715,-0.0061412811970351,0.012034181065350246,0.014088296005152802,-0.005428412045801078,0.010944119463774347,-0.0005451883892766753,0.0010512681632056273
350,style_switch_lowvol_quality,multilevel_outer,512,30,488,0.01778980001108721,-0.0006819425927136435,-0.004885328750803382,-0.0031896393447968163,0.011987287597365264,0.0017254704229961984,0.007782396285731058,0.005778254963438813,0.005348949163492036,0.00017640367256734285,-0.0005827899531396943
350,style_switch_lowvol_quality,multilevel_outer,512,31,550,0.01858669999637641,0.0025124558778719863,-0.006958687357438978,-0.009969174734616578,0.008683853097070957,0.0008605376719847941,-0.007513281735840297,0.004973041619513152,-0.00712292188730351,-0.0005571349291350512,0.0018036107852582755
350,style_switch_lowvol_quality,multilevel_outer,512,32,498,0.018839399999706075,0.014213954768580776,0.0015225374250341893,-0.011816587294079365,-0.0017431384599385,0.014436440996239154,0.015849663659827862,-0.018947294950348994,0.002467497723086861,0.000639268783958821,0.0019213247049126806
350,style_switch_lowvol_quality,multilevel_outer,512,33,544,0.021263300004648045,0.003496350656966886,-0.0008758961876040764,-0.001554423776286625,-0.007643712795922137,0.008998707115936762,0.009747828184967491,-0.00744550717715978,0.0030503453424994826,-0.0002731773391849735,0.0026578520485735337
350,style_switch_lowvol_quality,multilevel_outer,512,34,470,0.01394790000631474,-0.004813326135295951,-0.005326911718202416,0.00344476996361007,0.002841033754575999,0.0027482696144144883,-0.003911760454496569,0.0015486442148364098,-0.0033777658518697237,-0.0009520899426916653,0.0015663237027132022
350,style_switch_lowvol_quality,multilevel_outer,512,35,520,0.022003999998560175,0.007517418396066059,7.593857395338902e-05,0.003846235360182672,0.002898899441891469,0.007015483988157902,-0.0027048115066383997,0.0034589980839823554,-0.004534033162121772,-0.00016428389830850117,0.0006629206763686279
350,style_switch_lowvol_quality,multilevel_outer,512,36,466,0.016589899983955547,0.006982290907830102,-0.004144269439280571,0.006105082667741872,-0.0024447158679319152,-0.014349272569670458,-0.0018375853009783515,0.009437071234171956,0.008421330772426378,0.0009568562288259991,0.002073422237241517
350,style_switch_lowvol_quality,multilevel_outer,512,37,464,0.018191799987107515,-0.007412204919860205,0.0020843057725301517,0.0037950164855716693,0.002820312234340106,0.0024864892882916823,0.00582427429610391,0.008658429376397415,-0.005076675954598467,0.00017172506391030949,0.000682157616902461
350,style_switch_lowvol_quality,multilevel_outer,512,38,512,0.020650099992053583,0.005538914463999088,-0.0013499446298050417,0.00695921114412819,-0.005162928501438524,0.002347135282620173,-0.008899902383153548,-0.0012604811499771133,0.0006163770556364001,0.00030718732840948797,0.003544744910019411
350,style_switch_lowvol_quality,multilevel_outer,512,39,486,0.019108700013021007,-0.001313165135604613,0.007716351335636232,-0.005062587735628441,0.00403635092023362,0.007950265680324357,0.0003328205148405022,-0.0038963674253107324,0.0024869269771233644,0.0006201441062595501,0.0013660593918442868
350,style_switch_lowvol_quality,multilevel_outer,512,40,464,0.014998600003309548,0.009430239448345019,-0.002563204272121182,-0.002328563651178876,0.0012950796022973793,0.0035993515675499786,-0.0016682129222051595,-0.0018838941290404562,-0.0004136519370621385,0.00025161869819665723,6.819371903888875e-05
350,style_switch_lowvol_quality,multilevel_outer,512,41,494,0.018114700011210516,-0.003092970858110188,-0.009387945402241806,0.003144409402197981,-0.008850592419092534,0.007733411580527863,0.00811683954407499,-0.006494148919397187,0.0019778253745966457,-0.0001847805437237393,-0.0011746930117080162
350,style_switch_lowvol_quality,multilevel_outer,512,42,496,0.018610900006024167,0.00958754764832054,-0.003192099844146174,-0.005116978751002809,-0.009587198821077237,0.0025970818663159714,0.0009630729814459304,-0.005155529115929489,-0.0030832647946002784,-6.0894704303934404e-05,0.0009598703628111067
350,style_switch_lowvol_quality,multilevel_outer,512,43,488,0.018013799999607727,0.01889780463584852,-0.003327388867183638,0.0050234296210581635,-0.008467819895212697,0.005542595459482749,0.002619481763454393,-0.005202083810546474,0.005700778264845441,-0.0005177650904415709,0.0009821176879289623
350,style_switch_lowvol_quality,multilevel_outer,512,44,484,0.015653900016332045,0.0033708867295045445,-0.0024473472812858903,-0.00021615793910557583,-0.004699924977526891,0.0016482201551658953,-0.004366891551707289,0.0014192351518859945,-0.0002582259364713903,0.0004528410734024377,-0.0013333809366350717
350,style_switch_lowvol_quality,multilevel_outer,512,45,482,0.014606699987780303,0.02973794873636668,-0.0031444744727851344,0.003344265037484442,-0.004147953147724558,0.010137846508601361,0.01925794537348642,-0.011530726270083318,0.0011581489930225588,9.659785811541294e-05,0.0027800071407578695
350,style_switch_lowvol_quality,multilevel_outer,512,46,526,0.02006519999122247,0.02291171758574738,0.005296675181770645,0.0048364922257163245,-0.008309608690843259,-0.0005140591760050728,-0.0006531576731792311,-0.006496036950177525,0.006922548640499061,3.6979647199199506e-05,0.00398348556388656
350,style_switch_lowvol_quality,multilevel_outer,512,47,482,0.017543399997521192,0.004773651651298344,0.008639355107663583,-0.009693878647412259,0.005387654134048578,-0.00755948126476735,-0.009730569139297046,0.003457108270825357,-0.004528460059479872,0.0003735868988246083,-0.0020597406761167117
350,style_switch_lowvol_quality,multilevel_outer,512,48,510,0.018739799998002127,-0.005604508810912917,0.008826475610778648,-0.006868432534283246,-0.00970094348376847,0.0016488138529967252,-0.012563333050642332,-0.012471646003737178,-0.004457684746379473,0.0009888570647810777,-0.0001726310837830589
350,style_switch_lowvol_quality,multilevel_outer,512,49,544,0.01872900000307709,0.02923451357874986,0.0025193558658200524,-0.010840866906429327,-0.0049207520849970515,0.005715078512544151,-0.012492836001549087,-0.003710087318853228,0.011802871476416992,0.00010131419825498883,-0.0024567252000508564
350,style_switch_lowvol_quality,multilevel_outer,512,50,552,0.02314999999362044,0.013710844960638707,0.0037867428370120934,-0.013821812310625401,0.0032643424347481827,0.01454986646354019,0.014682425507475777,-0.01180828965379056,0.0061585846034757094,-0.00018081618514430444,0.0028761237817096883
350,style_switch_lowvol_quality,multilevel_outer,512,51,524,0.018465800007106736,0.021678004329291612,-0.00015861712122979972,0.00648622731345816,-0.015067474934233199,-0.005368052667891465,-0.014714605525174071,0.003106373267671847,0.0035807288936523917,-1.2758468890121373e-05,-0.0002547893920799039
350,style_switch_lowvol_quality,multilevel_outer,512,52,526,0.021529800025746226,0.016087155889150124,0.0023395153837293043,-0.003912932905966575,0.01217962475192518,-0.006366521803625555,-0.0020050122846301047,0.007784973364982361,0.0038990312554870996,0.00022668159029668142,0.0008864077719339144
350,style_switch_lowvol_quality,multilevel_outer,512,53,510,0.01762219998636283,-0.0068224141752759124,-0.006301455328011628,-0.009201920094183863,0.010863542449139178,0.01598845627673458,0.0023653877276482247,-0.00226155957999465,0.010005817606595382,-0.00012652776088736248,-0.0008458444098699237
350,style_switch_lowvol_quality,multilevel_outer,512,54,510,0.018561100005172193,-0.0010480771886230156,-0.0010194048443838697,0.0006149517270031537,-0.0011791225235351734,-0.0036628760880129435,-0.006890874001524288,0.0048941347845825964,0.00914656972151386,0.0002498647584418831,-0.0001587730908531597
350,style_switch_lowvol_quality,multilevel_outer,512,55,456,0.01578779998817481,0.0036649497134423874,0.0015017533121813613,-0.002581641293904329,0.001731994395536779,-0.004106596394477914,-0.0033335957648126103,-0.003229444479401014,0.0009147096034448438,0.0002706838473626241,-0.0015511860573579278
350,style_switch_lowvol_quality,multilevel_outer,512,56,558,0.02181649999693036,0.01633955258536656,0.005007572920179657,0.002115066602303411,-0.006758506875378976,0.007309672937792946,-0.005479208677967361,-0.004413368638925236,-0.003429100175736757,-0.0005693420377149111,0.0003538057664526219
350,style_switch_lowvol_quality,multilevel_outer,512,57,474,0.015102899982593954,0.008624055333752139,-0.010117522135977308,-0.0010062685495723033,-0.002951396988767288,-0.0012040898538532435,0.0015498002753457185,-0.003776601652611023,0.002124100145363474,-0.0005337025407164451,-0.0024486954935628
350,style_switch_lowvol_quality,multilevel_outer,512,58,470,0.017627399996854365,-0.00728177612979913,7.294083585571533e-05,0.0023028479370662226,-0.004062538203697272,-0.007979405902824513,-0.0025591028615290843,0.0007623101718452266,0.0016931781537467881,-0.0006747088413489867,-0.001350842813336544
350,style_switch_lowvol_quality,multilevel_outer,512,59,498,0.01929490000475198,0.0031741625709995353,0.002854370828766147,-0.007846998143496254,0.007857624390543303,0.008778455143406718,0.014085554438066895,-0.0031695050921370076,0.004620151208611711,0.0001394114168732049,0.0008374739091145372
350,style_switch_lowvol_quality,split_base,512,0,508,0.02064040000550449,-0.00950098403994616,0.005452923032377504,-0.005276140016335798,-0.012874811240200002,0.002150106670150432,0.011693187187393931,-0.008230727771679904,-0.004421589389174488,0.0003123435137983736,0.0020483341218888993
350,style_switch_lowvol_quality,split_base,512,1,528,0.02403169998433441,-0.014207989034500032,0.0010937506335077902,-0.004994517493603002,0.001081737104866267,-0.0015645321434969886,0.005024418164832208,0.0008342750177162061,-0.01513702567205209,0.0006726331947112636,0.00017975231412839773
350,style_switch_lowvol_quality,split_base,512,2,528,0.020674800005508587,-0.005095155210911683,-0.0010006929944033304,0.0081187427387011,-0.007089428092737648,-0.009555368106499634,0.01634190797613576,0.0006098164142267871,-0.009051077464324975,-0.00011652536533764183,-0.0014477038585824235
350,style_switch_lowvol_quality,split_base,512,3,464,0.015757899993332103,-0.02451980367007402,0.002998991368656312,-0.014111582772636702,0.008025108700016834,0.015430652375841594,0.008711218714082872,-0.002482267689086093,0.005764345323538884,-3.864679150805811e-05,-0.0029232393861291913
350,style_switch_lowvol_quality,split_base,512,4,500,0.023092899995390326,0.006523808202028756,0.0029302302754816525,-0.010089812196570786,0.015870320252356598,2.102981561571491e-05,0.0010335517942749151,-0.00044290954110029625,0.0024759034180967237,0.00023193229062480231,0.0030220509686799193
350,style_switch_lowvol_quality,split_base,512,5,480,0.025843199982773513,-0.031126529592450193,-0.005247201820250558,0.002301116140996107,-0.0027256035091810108,0.006310949728483989,0.004660812138491085,0.0007812648284480671,0.0010873369779136111,-0.0009970785399909935,-0.002347561402905329
350,style_switch_lowvol_quality,split_base,512,6,476,0.018166800000471994,0.0067742642332126205,-0.0019998212478003177,-0.0038316500067441042,0.001211106842498033,0.004551593736759601,0.00417510332484691,-0.006968830995376482,0.01858471855155306,-0.000460697976985537,-0.0025959493334476134
350,style_switch_lowvol_quality,split_base,512,7,488,0.016960899985861033,-0.012947991332410013,-0.0007797758012800928,0.003926025441150013,-0.003984254888436239,0.00320848028996915,0.0032691502878558557,-0.003421532956991126,0.006527014786208844,-0.0006007769951683999,-0.0009206783501079641
350,style_switch_lowvol_quality,split_base,512,8,508,0.019998200004920363,0.02743381121807927,0.006025111889582548,-0.00820171685704502,-0.003856088203290191,0.0044052807844076605,0.010554096046615571,-0.004646341578652252,0.001633113322941758,-0.0005802082892516058,0.0020585897441406454
350,style_switch_lowvol_quality,split_base,512,9,584,0.024288499989779666,-0.01208091846432292,0.0010953964978770076,-7.514580837523332e-05,0.008520536698344757,-0.0011284338304625794,0.007575725859779029,-0.0005913535486233148,0.008782890139323166,4.987614360701334e-07,0.002199424952358236
350,style_switch_lowvol_quality,split_base,512,10,504,0.018288199993548915,-0.004060682698869147,0.0020689488666529618,-0.0006148607357729999,-0.0029557109073493014,0.004320731043015825,8.094648378274018e-05,-0.008923971708919311,0.013450138095938475,9.018432217950747e-05,-0.0013612982296518858
350,style_switch_lowvol_quality,split_base,512,11,464,0.015243100002408028,0.013219815013474448,-0.0033236794719525135,0.002705131021776794,-0.0026417543757571464,0.004103845357246857,-0.012337068912193947,0.0041332171590270795,0.005127908552548572,6.242679830487174e-05,-0.0029755106706581638
350,style_switch_lowvol_quality,split_base,512,12,508,0.019553799997083843,-0.0010994610121706702,-0.0028677340951122027,-0.00491497153877731,-0.0030458690358927247,0.010911552687865773,0.004053288390980032,-0.00839460020032127,0.0032760362797414643,-0.00013563731001128252,-0.00032796187020234637
350,style_switch_lowvol_quality,split_base,512,13,468,0.017836100014392287,-0.01780017062042846,0.00617927557701099,0.011625614613379083,-0.012210185681747969,0.0005507422974509504,0.009934801359952517,-0.017512808991299027,-0.002594337973715824,0.00047604342181715737,-0.002197143543137017
350,style_switch_lowvol_quality,split_base,512,14,448,0.012768300017341971,0.0035116827839650373,-0.008202121874120746,0.007131863899170546,-0.006000446492818336,0.010575131827915401,0.01120896356209929,-0.007147160278926345,0.0014919005241281658,0.0005432154710868101,-0.0023264312449129756
350,style_switch_lowvol_quality,split_base,512,15,536,0.02208629998494871,-0.00733761435053909,0.0016013279934697234,-0.005763689186585269,-0.01204571202110933,0.000841953944720644,0.015974185456935554,-0.013179128623808064,0.012213169126271104,0.000207818483741961,-0.0032170938262867884
350,style_switch_lowvol_quality,split_base,512,16,448,0.013658099982421845,0.0044984789740693315,0.0003586872347201286,-0.002018739184198568,-0.0011707846721691613,0.010923000660679829,0.007265351420049132,-0.0047119334081643,0.005946202496677463,0.00029091580081544454,-0.0005234645148389312
350,style_switch_lowvol_quality,split_base,512,17,540,0.022946200013393536,0.022118344223210677,0.0008799776302371994,0.0016088751999893583,0.00016449127260372432,0.0023808007738184904,0.00942344897862527,-0.004432453459309276,-0.0017175380688795416,0.00032919748763687086,-0.0001663510424604669
350,style_switch_lowvol_quality,split_base,512,18,468,0.017688499996438622,-0.004431060997043747,0.002760065109890656,0.0020919806306280903,-0.0007233049414946125,0.0011522995795929017,0.006348192007195476,0.004037839911410243,-0.006600651120675484,-0.0005168299607925609,0.0009143605278235835
350,style_switch_lowvol_quality,split_base,512,19,500,0.02019739997922443,0.010727496452624542,0.0021107812157248416,0.015490702061598425,-0.0029503656606940524,-0.012040123830781273,7.856335029776161e-05,0.017130030574650422,-0.0054937178913063685,-0.0010784025491020778,-0.002889702723439587
350,style_switch_lowvol_quality,split_base,512,20,540,0.022701599984429777,-0.008846960215836887,0.0018789062560204991,0.0023539084918139538,0.0020204472033337854,-0.0005236069471038858,0.002815586265099614,-0.0005745673983982291,0.001897167056679798,-0.00028538258952091915,0.001162006223587181
350,style_switch_lowvol_quality,split_base,512,21,508,0.0177999000006821,0.012072532326377233,0.002300137338350857,-0.00067394442261564,-0.016518878046878717,0.014056470707815178,0.0019603641354100448,-0.0007554694740766508,0.006704340279401681,0.0009637651026043658,0.00023301493485658784
350,style_switch_lowvol_quality,split_base,512,22,460,0.01366469997446984,-0.004290700332034018,0.007281008036684082,0.005621587859057921,-0.013986835922122829,0.0028034213072686254,-0.004480247150173746,-0.0012091925223875557,0.005535139270917453,0.0011388356788581712,-0.0002616783987166453
350,style_switch_lowvol_quality,split_base,512,23,460,0.015977300005033612,-0.001812362471114555,-0.0008664368107989446,-0.004054801620450325,0.009367785414352162,0.014008050561650196,0.001934308500380931,-0.0034109966784056493,-0.0023570698049539783,-0.00028025099834686325,-0.005455989545292519
350,style_switch_lowvol_quality,split_base,512,24,480,0.017407000006642193,-0.008011533373050796,0.00016916647209342306,0.0003783756955921638,-0.0014542895258865534,0.012035849282860906,-0.004360901108794122,-0.006168902122209341,-0.002232985288428221,-0.00041275084574686743,-0.0016111845451850762
350,style_switch_lowvol_quality,split_base,512,25,504,0.020692900026915595,-0.010754206498003665,-9.988615722670621e-05,-0.0018422259357305532,-0.0018014252718919718,-0.006933598287037606,-0.005675106030364965,0.003685292348603439,-0.005751085931059683,-0.0002706867441657117,-0.0012552847928092882
350,style_switch_lowvol_quality,split_base,512,26,500,0.01798049997887574,0.02772439177198611,0.0008221223333043683,-0.007426376036252437,-0.0035820591600224673,0.010394945395532987,-0.005023132740731408,0.0021022372079416707,0.0011259148278982521,0.0006765911786217521,-0.00027951764113010876
350,style_switch_lowvol_quality,split_base,512,27,500,0.020327200007159263,0.010592635784894331,0.0028615722574364412,0.009460592096673815,0.0032203156153618184,-0.014492773072016758,-0.00301732405008841,0.008126851933040267,0.0021966449191490383,0.0008370305575158765,0.000784487865782894
350,style_switch_lowvol_quality,split_base,512,28,472,0.019928599998820573,-0.003842018018891841,-0.002638204239016748,-0.007065868047286128,0.002096458702840743,0.00039494173020000604,-0.004867882892724941,-0.0010086295440895347,0.0012483298825795078,0.0002478961753530441,-0.0017368368043789236
350,style_switch_lowvol_quality,split_base,512,29,472,0.017435199988540262,0.006686834024364277,0.010357953420156378,-0.00507065919362721,-0.0061153748358921695,0.010266023841122972,0.013417030046788759,-0.0023903515122972335,0.00397723177608183,0.00046717321713254483,0.0004131116426495892
350,style_switch_lowvol_quality,split_base,512,30,492,0.020550800021737814,0.015322688181418376,0.001787965796076807,-0.013319245860735745,0.0051778426781496035,-0.004352095572282394,0.010473100326062195,-0.012917393357006146,0.00924160874731821,0.0006374734789038412,0.004013094378440043
350,style_switch_lowvol_quality,split_base,512,31,532,0.02260480000404641,-0.0017289139376557878,0.00255488064478382,-0.009521481997686399,0.013058170832368687,0.0031442996316145945,0.0010337835497096538,0.0011087269568082962,0.0003624796369643852,0.00030683039373476253,-0.0003720627149035774
350,style_switch_lowvol_quality,split_base,512,32,592,0.02500639998470433,-0.0021917300101384467,0.004478040061574359,-0.00023996914893099067,-0.00431992595124705,-0.011977431218447271,-0.002473474648330079,-0.0004869842879010631,-0.01643400972761012,9.063760206615663e-06,0.002331766710264294
350,style_switch_lowvol_quality,split_base,512,33,472,0.018042200012132525,-0.00462004005353404,0.00549684685044812,-0.017044507630271898,0.013111594456864278,0.0019375587974298785,0.016744906653686435,-0.003326385299278907,-0.015820979727852402,0.0006690170421631143,0.005752359986793835
350,style_switch_lowvol_quality,split_base,512,34,544,0.02228780000586994,-0.004199053365964206,0.0003803769577740431,-0.0008979895754301444,-0.008780013929625956,0.004871700832481171,-0.009601451391186937,-0.009835715471842966,0.0035727154708720945,0.00014588473470713252,0.000795947505848545
350,style_switch_lowvol_quality,split_base,512,35,536,0.019888599985279143,-0.0006910904435707507,-0.0002942847737601595,-0.0062058152889562955,0.004572419065308697,0.006134037255062244,0.004555417905860748,-0.0033813366907707266,0.010192496075844975,-0.00020718875227411165,-0.0005373420764266069
350,style_switch_lowvol_quality,split_base,512,36,480,0.018200699996668845,0.002270564953687163,-0.005304521216456212,0.004580286847890952,-0.005851535580079645,-0.0003175410209927793,0.004281851081315192,-0.005477907560856148,0.0007958477105640417,0.00032511048430579543,-0.0013308027328143308
350,style_switch_lowvol_quality,split_base,512,37,516,0.02150529998471029,0.008170477668932242,-0.004576852178067352,0.001926762390953857,0.0030784790679284843,0.007986872537719056,0.001742620245343889,-0.003908705590837903,0.0012550385954461997,0.0011603101119530299,0.001884954160290594
350,style_switch_lowvol_quality,split_base,512,38,484,0.018280899996170774,-0.01706234592626177,0.0020844764363795554,-0.00882907193121237,0.005058248138155101,-1.429636015964856e-05,-0.004621651001302129,0.0015590829992880716,-0.0018136074069511356,-0.0005537810928138049,0.002153508642321192
350,style_switch_lowvol_quality,split_base,512,39,516,0.021737699978984892,-0.0015529006232850016,0.005618123527682911,-0.00077429499646348,-0.0037954936507489877,0.009660773308222535,-0.0029239690699893587,-0.010016805009628734,-0.0017276735550783198,0.0002852518179688291,0.0002435340595926553
350,style_switch_lowvol_quality,split_base,512,40,484,0.01802830002270639,0.02152677640443921,-0.0008134870540123773,0.007225718139550016,0.002409030869740195,0.007783837278424445,-0.01108761052562212,-0.0012037549709280502,0.011830362468550303,-0.000953075398201941,-0.002378168838808132
350,style_switch_lowvol_quality,split_base,512,41,528,0.022194800025317818,0.010123738364500706,0.008471566777068949,-0.025134158741596236,0.014873482561376643,0.014898856491142254,0.006768045160087853,-0.003444998886106016,0.01076096846415914,-0.0011373791315145187,0.00332339811179395
350,style_switch_lowvol_quality,split_base,512,42,520,0.021832400001585484,0.011864890548544145,-0.0011679187711382065,0.010578899219941325,-0.0003792022406462699,0.008550970107538424,-0.004206773428349414,-0.0017516106362370728,0.007743096843746628,0.0002960230315826445,0.00019825109295488357
350,style_switch_lowvol_quality,split_base,512,43,588,0.02266700001200661,-0.005790736166400244,0.006721645830565297,0.00955043176946327,0.0028543802471225344,0.006607712388373975,0.0025057613527672195,0.005795322048986239,-0.014234341148989239,-0.0004879216108015872,-6.808198920839705e-06
350,style_switch_lowvol_quality,split_base,512,44,532,0.021921500010648742,0.010798660188008897,-0.0021048797254070778,0.005096894945103299,0.0009941335824411735,5.877569870463722e-05,0.003922997615720188,0.0043869970302562915,-0.004096343973566441,-0.00014280568905405305,0.00035323217215321994
350,style_switch_lowvol_quality,split_base,512,45,460,0.013826599984895438,-0.04590325322123297,0.0037912577317469874,-0.0017333371637706946,-0.008874630042486682,0.011219231722877362,0.014246746083286282,-0.01980884172202351,0.005801341394049532,4.746966489304859e-05,8.192239015481723e-05
350,style_switch_lowvol_quality,split_base,512,46,492,0.019156399997882545,-0.007897170246599852,0.006671642164048766,0.01106470403107498,-0.003539172830577836,-0.0036708044000431255,-0.0031845249899652506,-0.007768245266503417,0.00997416071043172,-0.00010296490663204937,-0.0008918557930518835
350,style_switch_lowvol_quality,split_base,512,47,536,0.020928200014168397,-0.0016257873610921341,-0.00888261854099848,-0.0065131003104431425,-0.008377156307318643,-0.005724858042212451,-0.0036315361620140735,0.007874920928412937,-0.005372292183595028,0.00044780015084914143,1.558356171669262e-05
350,style_switch_lowvol_quality,split_base,512,48,476,0.017754500004230067,-0.025150389321775442,0.002513129861632925,0.021296321646543125,-0.010931774935439087,-0.019543005577452848,-0.014271160311686237,0.008244155682461424,0.0020068998502172225,0.0004627955744971792,-0.00010948760467371242
350,style_switch_lowvol_quality,split_base,512,49,496,0.019463400007225573,0.007034477796812361,-0.003139360385114907,-0.0006914546179950505,0.0013154752864616966,-0.003381867943411087,0.00030320089957607834,-0.0009577236040302011,0.001965294994723239,0.00046234216831928345,-0.002764461306973899
350,style_switch_lowvol_quality,split_base,512,50,480,0.017588599992450327,0.009106121227318043,-0.0007480637665612266,-0.006626845867105384,0.006042915657522312,0.006376054724023748,-0.002959881935477879,0.004166235608591324,0.0011440054723712318,-0.00041015669782965556,0.000742354970603083
350,style_switch_lowvol_quality,split_base,512,51,496,0.018953399994643405,-0.014644616183070997,0.00109621694449619,-0.012557032606933036,0.0009165846243716899,0.01460519461857394,0.007730338429494962,-0.02001203068270434,0.00896226920186081,0.0006142811214335561,-0.0003772811512966521
350,style_switch_lowvol_quality,split_base,512,52,464,0.013146100012818351,-0.02325795017309212,-0.015676979824787274,-0.0073195477479367135,0.0007299838900022939,0.01025785166268615,-0.0005106614334686218,-0.003160355052135663,0.013431569166254227,-2.4714851357449065e-05,-0.0014122288946491729
350,style_switch_lowvol_quality,split_base,512,53,508,0.022662100003799424,0.02238823982069425,-0.006133563654238723,-0.007711877890687699,0.004590213258559766,0.007462829605033737,-0.0022218295295349964,-0.0005560228408722834,0.002826686732782336,0.0004247280958476404,-0.003959438918424
350,style_switch_lowvol_quality,split_base,512,54,516,0.021040699997683987,0.01418967486315656,0.003325159641517187,0.004115815164802382,0.0026200708943551394,0.00280917788185736,-0.005124424245494919,-0.004198872967681215,0.0062247902271646265,-0.00048712678326133936,-0.0020814066870099204
350,style_switch_lowvol_quality,split_base,512,55,532,0.019246999989263713,-0.005146619742400578,0.002015522088732795,0.0003350431000390101,0.013254942636690826,0.0033306526907456767,-0.0089102784067016,0.013164777501597988,0.0007013968607021281,-5.268592026296934e-05,-0.0011948116238684624
350,style_switch_lowvol_quality,split_base,512,56,488,0.016830700013088062,0.014043939815269885,0.007007928945686599,-0.005356462693134034,0.004674453294275068,-0.010019513033254124,0.0003031053882113392,0.013022083344470031,0.0009257333312489008,-8.356448029379494e-05,0.0025240397275393895
350,style_switch_lowvol_quality,split_base,512,57,472,0.018253800022648647,-0.012281821503110208,-0.002365210006319922,-0.005920163206903371,0.00019158527059445575,0.00564198266442867,-0.0022001557523994887,-0.0013035902055189687,0.004833837946886132,-0.00014415547768366552,-0.001245457154895704
350,style_switch_lowvol_quality,split_base,512,58,536,0.020327200007159263,0.005236730946811974,9.48446254364483e-05,-0.007009962093084412,0.0017729526784651278,-0.0036222327955901163,0.008802557364024688,0.004456052529039733,-0.0022954992322619296,-0.0008688074471006807,0.002861553132745074
350,style_switch_lowvol_quality,split_base,512,59,488,0.01854099999764003,-0.019193255648075242,-0.0025522266293758456,0.00045213086242960123,-0.012825926089052373,0.01676411246805707,0.008954496453027986,-0.009220113113651698,0.0019971021020071924,8.020315551843208e-05,-0.005362139063838519
