day,level,outer_batch,replication,cost,g0,g1,g2,g3,g4,g5,g6,g7,g8,g9
0,0,1,0,3,-0.007624770159305774,-0.0010334190894371706,-0.0021220371260944567,-0.00025226797958670144,-0.0014873940195596215,-0.0016559758981645474,0.001982366857929094,-0.00047242358611439153,-7.16956836563787e-05,-0.0005569610061748843
0,0,1,1,3,0.024552129152889044,0.01656973160157018,-0.001135009555316153,-0.05600081563711632,-0.03202584224320827,0.002035585214358717,0.041003226540289164,-0.020439428465284723,-0.00037635170007129757,0.0026038772268010776
0,0,1,2,3,-0.017846065737620875,-0.005782246838488364,-0.03781332926470984,0.02108812779562015,0.07327018087773148,-0.005219178969627471,-0.03336502256643414,0.014373193527772818,-0.0005849036439846005,-0.006664611173091294
0,0,1,3,3,-0.00933580032889276,0.0018839430077173648,-0.019461489049412407,0.0008693986333692952,0.010290101681393595,0.0010704799077120078,0.002975420435839553,-0.009504419411142396,0.0004608682380917369,0.0007583732119496162
0,0,1,4,3,-0.0024234605922659447,0.001067822841065691,0.0004356037499672378,0.0003798297799432943,-0.002216206180949133,0.00011636881571913099,0.0024933347801133925,-0.0027096461296012933,5.057230633126423e-05,0.00034434241626640836
0,0,1,5,3,0.00015985035236976405,1.3671798330248705e-05,0.0006943337040762744,-0.001213594868465503,-0.0011385156001166611,-0.0008152871110060367,0.001289464746804816,-0.0009667028281327565,-2.9377117827111723e-06,0.0002138303170697166
0,0,1,6,3,0.009013514952166145,0.0014979415703856008,-0.004497851863356928,0.006285100730668883,0.0013704691075366007,-0.0009988491670252985,0.0007975616012632729,0.004034951632944544,-4.8023057118671816e-05,-1.5491003029499108e-05
0,0,1,7,3,0.2611024410358246,-0.09959489617267349,-0.04098259656537211,-0.07368417909187777,-0.12049970693527184,-0.026169885194174822,0.19458531160043765,-0.022479188573879497,-0.003281356047762737,0.03880361985165008
0,0,1,8,3,0.05245116575249804,-0.012375625853750315,0.042028399601525615,-0.005005903087652392,-0.04393558491374112,-0.04359471731218355,0.027554496427008704,-0.032401436719278344,-0.0005311995138396789,-0.006444814552612494
0,0,1,9,3,-0.010938498402593687,-0.008479694249564391,-0.011543323302179314,0.0012850789377234309,0.019992966488718983,-0.005487840757458351,-0.009484053125514967,-0.0034446671086863024,0.0012637320889061384,-0.0022605008719252316
0,0,1,10,3,0.001476234585387687,0.005729112446384644,-0.025998622865335212,0.00549386262216402,0.007920550450286017,0.010429284101087665,-0.02230167777480246,-0.0040898680611080795,-0.0001548505119478742,-0.0037669205139253736
0,0,1,11,3,0.0022362778309199397,0.0005245010863857254,0.027054649004802107,-0.01778191653196398,-0.014307808198729259,0.003424843896682034,0.002892096150615682,-0.006970109764809572,-0.00028905077454406664,0.003525910005349404
0,0,1,12,3,0.009209393784706884,-0.015212610968519315,-0.018836643145944056,0.017425459525257384,0.0024812657511149774,-0.010562808822921276,0.00598844430426324,-0.005666358092845073,-0.0005518584403777225,-0.008436736649469546
0,0,1,13,3,-0.17613714174604353,0.0426913709556443,0.059055818791595376,0.056645704419294625,-0.15921762414020302,0.08130060095564574,0.0846838596421657,-0.26451121452173054,-0.0034913859658635177,0.004025744898632168
0,0,1,14,3,-0.023420839684642376,0.0007765998597962598,-0.0018428647617485393,0.0014996894094565741,0.0017126732861298699,0.005431822264383064,-0.0018037317462112456,0.008673694389866366,0.0003472008379577873,-0.0009257762856404009
0,0,1,15,3,-0.18932296256326356,0.12912658463207585,-0.08595811389122449,0.08550752708734076,0.11204895791626501,-0.05413037774176435,-0.168027084699927,0.10153722142544591,0.009817699587622578,0.010487801575910104
0,0,1,16,3,-0.03454698154831257,0.001159772319080733,-0.006477877401960349,-0.0008613802582891903,0.0019512973116748054,-0.005054835428754419,-0.006358763851247526,0.0016423092656048261,7.891037153195841e-05,-0.002542199136940102
0,0,1,17,3,-0.02389380143359132,0.0015290149403590272,-0.02746423600848599,0.029955677196934025,0.023675827284691562,0.002602132332599035,-0.023132861240851392,0.02323990019195205,0.001149328953926594,-0.0013329460522237355
0,0,1,18,3,-0.0003760891897545951,0.0005242125999937756,0.0005548327494821928,-0.00039590718390459395,0.0008024633102208165,0.0010162164571984765,-0.0010512539405821708,0.0004606557954364206,8.075521186309132e-06,2.6736287144605517e-05
0,0,1,19,3,0.03579486879922386,-0.0015748035144397526,0.00831315135705533,0.0030793053674046437,-0.013363580435984117,-0.004320323962795708,0.007898461116877802,0.0013602564673295947,0.0001657339433200663,4.990459067653592e-05
0,0,1,20,3,-0.019384548122376385,-0.0047385333407089425,0.0076545289193368175,-0.004840308151582005,0.018545023954801936,0.012238341258048771,-0.01907446312555672,0.00960498261877784,-0.00022218329062545706,-0.0008349619450472774
0,0,1,21,3,0.3315387826907128,-0.07049080725140826,-0.03299749847481472,0.08670866400222986,-0.12717248272144122,-0.05827628990565727,0.002510265549921455,-0.06417069579823165,-0.0012177470954088882,-0.02202181702919552
0,0,1,22,3,0.015858132194412216,0.006063194205695181,-0.010753905488076044,-0.02578401590137075,-0.01988815611553211,-0.031181670786953497,0.025256274195642126,-0.023433707239275913,0.00019165873629946323,0.0030331586679618406
0,0,1,23,3,0.02238177054548365,3.105337098777984e-06,0.01092507172168773,-0.015647732520921203,0.0005551565306120949,0.03524212360535162,-0.017383285444526973,-0.010752603671882134,0.0004862457302646853,0.0018354240143903387
0,0,1,24,3,-0.009386380488740584,-0.020256863495359743,0.005967818149798611,0.004909916133905503,0.03297554992208645,0.024522750393758532,-0.043054657563995485,0.04372325185686755,-0.0004341114781245049,0.004464043832094014
0,0,1,25,3,0.06627355360552985,0.021472636478226077,0.033329400688105484,-0.013551929102998466,-0.013713240949213798,0.009602914043909443,-0.0149931288914612,0.00849351158466711,0.0017350550055210943,0.0023003095663098718
0,0,1,26,3,-0.0017787831583065627,0.0008443088821433424,0.0002831276445752384,-0.0013851016616168745,-0.00268011179234053,-0.0002161550411087553,-0.0006147947805498637,0.0011201552960529223,9.877025883820692e-05,-0.00048080094247532264
0,0,1,27,3,0.021740165855230975,0.002886863242631595,0.0031037264108179042,0.007729249908462797,-0.005566722468135905,-0.001004593897700133,0.0019670425329780072,-0.005350511778890601,-6.516678781333053e-05,0.0002889956271816789
0,0,1,28,3,0.03928226501741925,0.010803467318557147,-0.039055627636925716,0.04028631658105572,0.010473958569514689,0.016697245609475716,0.004853605968765868,-0.0052284870880140765,-0.00015086898387111318,0.006236657385969625
0,0,1,29,3,0.11726867175601736,0.019201058507320824,-0.028210095115568358,0.01070240910593568,0.023324790475634908,0.04009212234482108,0.00031520767340260583,-0.05116991797635406,-0.001746155215509562,0.0021018222950846674
0,0,1,30,3,-0.013613777879814975,0.008421379765293432,0.0043069359082596615,-0.0039717663421821175,-0.0036391108877341202,0.014012751813901951,0.006878508452846928,-0.005762426617949679,0.000176910824842643,-0.0006603166006632363
0,0,1,31,3,-0.009403445025951732,0.00099579463976184,-0.0020904110850384163,0.00846547704066234,-0.0017615167981790243,0.0024523038076813795,0.005888251574434348,0.0005070260735053101,-0.0005245675538570178,-0.0021455700510586754
0,0,1,32,3,0.0002088836746646597,-0.0021798076105236895,0.0024072193569969888,0.001381730580128758,0.0027342457062670277,0.002166326537393874,-0.0028666653953676475,0.0009022670836033765,-3.999415433478026e-05,-0.0005035117660832735
0,0,1,33,3,-0.002058067575940172,1.5853532049423784e-05,0.005140604061189609,-0.0017294077223061531,0.00019698016123845125,0.0004785124146964041,-0.0010282833498411414,-0.0011910910374340784,0.0001447954794007327,0.0002399372417278621
0,0,1,34,3,-0.007731662541137241,-0.001990516308919424,0.00755866800553742,-0.0027152951844050606,-0.006186049732840582,-0.0028697957956991807,0.0054542667751771925,-0.002564847006440873,2.3629818523492136e-05,-0.00067427356579983
0,0,1,35,3,0.0009316431010722177,0.00017519046194835932,-0.001032338082570524,0.00023372013399118323,0.0009714401692545653,-0.00022269633897552764,-0.0010019142834705435,0.0007671851257543366,-5.11417771051821e-05,-4.7461951380243756e-05
0,0,1,36,3,-0.011758243711647107,0.008822187954257599,-0.041707591228200586,-0.0041924057208944316,0.018667517245951577,-0.03461302785438744,-0.021093764295297617,0.051233155262037006,-0.0003000027432435956,-0.0010587875375294826
0,0,1,37,3,-0.11075638698762995,-0.0037951101748301417,0.01646931601490415,-0.024034840717979563,0.00250807139119033,-0.01287385738147649,0.007684887276303983,-0.0021263488690315634,0.0017643590466370556,-0.009366123098912502
0,0,1,38,3,-0.0031544512353090144,0.001261844913077666,0.011589126227244154,0.005109642632111804,-0.006063836711191566,0.0008515279228679382,-0.0019237618192446365,-0.010762435057370583,-0.00019475155425799983,9.400102183173309e-05
0,0,1,39,3,-0.058304499667113624,0.009921286043783683,-0.0046560588435853425,-0.0018813435190818655,0.013078387034423518,0.017660911595433947,0.008435500196200317,-0.03499710842405267,0.0005161928274333705,0.0043941697390802404
0,0,1,40,3,0.008016024344467998,-0.0009122103143131008,0.0013542406796739016,-0.007688555416618222,-0.005041479186244546,-0.0006395928921307352,0.005428871316049601,-0.006361400017909689,-2.9843674704134195e-05,-0.0011607646579245333
0,0,1,41,3,-0.0006347644814335528,-0.0004470431620900773,0.00023245782133293218,0.00010240650167058186,-5.3768518848786076e-05,-0.00026325778211271387,0.00023317873136017902,-0.0013453895756942592,-2.0193741535365048e-05,-0.000166261177438301
0,0,1,42,3,-0.02952468269673659,-0.004563667515348483,-0.0040007331236131954,-0.015652076770838234,0.0011590457800200447,-0.0033593814015315964,0.005987859869196815,0.0005885950605442129,5.878369095806531e-05,0.0004086145155051206
0,0,1,43,3,0.004404459085935279,0.007756079099821344,0.0051164924546833294,0.0027048636960480986,-0.0020500434220964777,0.002187435202552408,0.007128394705218034,-0.0026952091693997035,0.00032616992209245926,0.0008153833285993019
0,0,1,44,3,0.002255727947197589,0.0009819190077304638,0.0003372401222359833,-1.643432127205745e-05,-0.0007901682961876813,-0.0001946125867368029,-0.00048166481990943855,0.0007906107023643469,-6.26513604146969e-06,0.00024580095871939555
0,0,1,45,3,-0.007408417003041974,-0.002399911441568259,0.02933615028405877,0.0010081023719162503,-0.01600052547459733,8.44568277274146e-05,0.0028238659123613645,-0.0029274336523187287,0.00013284438242925479,-0.004356221439197702
0,0,1,46,3,-0.04526376673603758,0.007021065549740786,0.0345725416357337,-0.04589924980143198,-0.005327404703014045,0.059054316747583165,0.022316639347128533,-0.05045095446763416,-0.0013233954508680688,0.0030688160279699456
0,0,1,47,3,-0.03066332326553744,0.006561597586265161,0.002854251689160139,-0.0063410318753223125,0.019270788145761823,-0.005610161855598364,-0.020253899596236555,0.02555554623987239,-0.0006829329284417716,0.0016807214226293608
0,0,1,48,3,-0.0009730757158857388,-0.011006015686652298,-0.010220571257888769,0.009874393250447096,-0.005024621302200214,-0.019489522732846206,0.009845989455845316,-0.032837864335349715,0.00030303991193457436,-0.0016028251349192242
0,0,1,49,3,-0.0028284115709668336,-0.0011399563086596032,0.0037711722604959795,-0.005732169808441748,-4.756483072043612e-05,0.0030421046936440098,-0.002189973174249672,0.0013481091838540627,3.1882825481913704e-05,-8.963239674028396e-05
0,0,1,50,3,-0.012675056178202413,0.002013320418614212,0.0008552873171641548,0.00034404479271364353,-0.0012240657202839081,0.005956780160818118,0.005639133675336729,0.0018179882662330107,-0.0006400817476551885,-0.0010835617840023353
0,0,1,51,3,-0.000460944824786066,-0.0012657593919935025,0.002341166132841717,0.004216343572714386,-0.0008295068811890832,0.0028883792772819586,-0.003698113980430064,0.004141665708552507,3.938966482160834e-05,-0.0005886158651718119
0,0,1,52,3,0.03209613500276199,0.00864176106272385,0.008070339122196337,-0.00019195386526107473,-0.028778028021901398,-0.032486007640021866,0.04121247868145886,-0.017607329579274807,-0.0003241134448090825,-0.0031792479978164983
0,0,1,53,3,0.0009225492766824805,0.0019062030810066944,0.0014473767507230423,0.000965703234020926,0.000364054898519801,0.0019453905236670444,-0.0022315135314755685,0.0023242564174805994,-6.437619551478612e-05,0.0011917243045101267
0,0,1,54,3,0.027778885994138247,0.016526534438683717,0.004008379193417222,-0.03019256863293665,-0.001700738838295685,0.00801345097534982,-0.014887709506864872,0.023679712649288368,0.0006813678603099324,0.004997385120558421
0,0,1,55,3,0.007321188058833413,0.004634483933097923,-0.02196488928274446,0.003385983263541704,0.017976881413635088,-0.0027751869069756315,-0.006603151955386229,-0.01408966983459195,-0.00016122200632522171,0.001781092223203362
0,0,1,56,3,-0.03673688235187653,-0.001299744808893819,0.11895308423981571,-0.05292894351825343,0.006093343805909828,0.03205569250553556,-0.014180105748766852,0.03843178499478698,-0.0004236900181553092,-0.02694154017257058
0,0,1,57,3,0.06918504601926433,0.05281869608288695,0.08449176948644105,0.05724219894327997,0.13575921213860692,0.006249727599032668,-0.18563627692514442,0.18075783050554445,-0.005682336728184128,0.04467946963044387
0,0,1,58,3,0.00011069750456960142,5.208504688623557e-05,-5.401052598882324e-05,5.1338751913656246e-05,6.378893799259062e-05,0.00011328857392655754,-8.36995217486255e-05,2.0516206296454235e-05,-1.0247875982679367e-06,8.501384527221563e-06
0,0,1,59,3,0.04305790000980351,-0.05978993461285791,-0.046475312087439165,0.09506047272713902,0.037157585900761084,0.024037231453710686,-0.1318328780112325,0.11610879131342838,-0.0014248974543253703,-0.009005102410167547
0,1,1,0,5,0.0506574137731865,0.005697384401402419,-0.02144718159705783,0.024141136823360478,0.014552490964198148,-0.008516208020523587,-0.004028017884202661,0.014045733517131462,-0.00027495499521238895,0.005165323864140537
0,1,1,1,5,0.003402315859222375,-0.005211691188041467,-0.017752662937486275,0.0014996146405803093,0.01977527293115518,-0.00885404648609942,-0.005439209477673675,-0.0015976989378949438,0.0001346719935813801,-0.00328283078691282
0,1,1,2,5,-0.015337964786274295,0.0032249580325304627,-0.002756969463454921,0.007111255195782831,0.004213360736223916,-0.0067110115819469735,-0.001072221712781746,-0.004139769026058262,7.062250193033409e-05,-0.002126497115313503
0,1,1,3,5,-0.002597027935133994,0.0008544184145612982,0.0007424254864578351,-0.0020339798308389254,-0.0043204338927420064,-0.0008948374999153061,0.0017159252800390888,0.004499707115129442,-0.00010345401821146774,0.0009593379122376514
0,1,1,4,5,-0.18075226454279886,-0.00265087293694141,-0.02117584509347704,0.026005261119316364,0.048220436227434146,0.0476837754499951,-0.023705272254581085,0.052494856807838296,0.0014677547225507915,0.03387462797478206
0,1,1,5,5,0.023207488431655,-0.0014244991104441218,0.0051003537582403205,-0.001401397732255717,-0.0014370614486049853,-0.0010406771130234483,0.0023547260344189878,-0.000565672285555934,4.013452456392171e-05,0.0003693775185217402
0,1,1,6,5,0.00027645155864714475,0.0002143686078678703,0.0029081365953850464,-0.001929820705388976,-0.002253884242565693,-0.0016624637529454047,0.0027655168622575236,-0.004965500789008019,2.9447078217099682e-05,-0.0003700134394881616
0,1,1,7,5,-0.011261200798944134,-0.004755390746348123,-0.002741705492818133,0.011605936010255984,-0.005097708741873833,0.015029464888202101,-0.01981914779029984,0.005172222952960531,-0.00024195402497142224,-0.0032979956748207364
0,1,1,8,5,0.06721258980599121,-0.012418157958231115,0.007079367413755428,-0.0004452990386305496,0.006784362715332156,0.03710967061153849,0.004107356872063625,0.01570465268927343,-0.0011749830697302675,-0.002223649507922228
0,1,1,9,5,-0.013911441803655628,0.00744195344015137,0.015086317467614114,-0.024333327662696917,-0.020916010394794148,0.004261952995456072,0.02928220993748514,0.005994352421126708,0.00029633106203017813,0.009732124081177823
0,1,1,10,5,0.0002929757068330728,-0.00012682809200394084,-0.0003702934610819693,-0.00024503812059246727,-9.325807128181204e-05,-4.339534625866464e-05,0.00030339688336779275,0.0002705170383982691,3.81892477893873e-06,4.646491599646723e-05
0,1,1,11,5,0.03500167174238046,0.005339299551698275,-0.005113874500404266,0.01776351885745129,-0.005127469445261466,-0.0018832213387918577,-0.002545065508684794,0.00585163574235866,-0.0002945266534721692,0.0026810977773112704
0,1,1,12,5,-0.010862594816487985,0.0030772646076904107,-0.009162387559026186,0.008769221684349985,0.002343698742169775,0.009436657141590653,-0.005038026396955035,0.012306091130042348,0.00024659607172892913,-0.0013265751177328
0,1,1,13,5,0.0006185566359091265,-0.0004728035311147058,0.0005387891163020186,0.0007298012503822362,0.0007569833560590364,-0.0012231422334616272,-0.0006843852133857397,0.0005074570357688835,-2.9997356524304153e-05,-0.00013381260123369792
0,1,1,14,5,0.000682259073092165,0.00013508917531605938,-0.0003445725155986234,0.00019538936693544703,1.3752843500680502e-05,-0.0003631476335007495,9.540230497286572e-05,-4.3975729198465816e-05,-1.1405928003274643e-05,8.816564837599685e-05
0,1,1,15,5,-0.034158791376220986,0.01049246238735119,0.0038567565780354513,-0.014414268070131296,0.0022714871777851997,0.008405118223218457,0.00012688315079790647,0.0030804747580234376,-0.0007289946138994691,0.0033561036939062294
0,1,1,16,5,0.0071192315686371774,-0.0023793744314702585,-0.0021723983280466054,-0.002189450420625498,-0.0036169509558194217,0.0014495747002359542,-0.011498164026547375,0.006844698820016439,0.00019307127352128075,-0.0020934641122448876
0,1,1,17,5,0.0016649854222951768,-0.0007404151353100359,0.006771614467952231,-0.001759599361141775,0.002114332158952675,0.0031100013294228586,-0.010599514219622004,0.01188793769646566,-0.00024394698833814162,-0.0006197790990511608
0,1,1,18,5,0.00020456731156136659,-8.499899933944135e-06,-2.148920684958526e-05,-2.0515199312506508e-05,-9.701162919533808e-05,5.8972777463492826e-05,7.576446085799283e-05,-6.804685013400588e-05,1.2943298122318227e-06,2.3621699189302327e-06
0,1,1,19,5,0.00655771720423716,-0.00045480460543693144,-0.0016869851355973704,0.003456726512703326,-0.0050226394461870385,-0.0063305969385134605,0.0018703202347437379,0.0015476568482754274,0.00026457952252830706,-0.0005591350430396631
0,1,1,20,5,0.013474769981009702,-0.00039334940083226346,-0.0013505294811027465,-0.0007302958437979114,0.004654658817238629,0.0002447847708162234,-0.005171743862899224,-0.000624831130289057,-5.473836641070256e-05,0.00030569443206945554
0,1,1,21,5,0.0006337106332137269,0.0026348274199322883,-0.00037297713098297965,-0.0009360354543885361,0.00148290558205601,-0.00015218748884442875,-0.0018104684736286766,-0.0007558060411138095,-5.680056367720979e-05,0.0017860834047547425
0,1,1,22,5,0.0008483672679197911,0.00017560771186860913,-0.00041184241633371,-0.00034059924582169327,0.0007146208595835158,0.0002684442259454983,0.00012039869621322675,2.594184447494604e-05,-9.237700267902716e-06,-2.6233868350270817e-06
0,1,1,23,5,-0.01801004715031558,0.0023193895415685993,-0.006923004568018015,0.006372312572484869,0.004035077436612038,0.0012190248102050179,-0.0002483055525602144,-0.005364392422962357,-0.00029515966914645447,0.0018651180991127226
0,1,1,24,5,-0.008404756814245613,0.00041137415774015,0.003640676838080498,-0.0011541005256874024,-0.0042739940058930045,0.0038179252565482677,-0.002262836839146631,-0.0003627294266098709,5.268233544002996e-05,0.0005430588727149021
0,1,1,25,5,0.002892241774951436,-0.006305428532909253,-0.005109631171088906,0.0037618762165142995,-0.0017592517738757496,-0.010675941162734012,-0.0011100564782866964,-0.01278172619587341,-0.00038200813733167466,-0.004633174709890086
0,1,1,26,5,-9.966984193379461e-05,-0.00023634838038288502,0.00014331729639021753,0.0010083517076636343,0.0009999498517805133,0.0017168323002079062,-0.0006881687258490069,-0.0005541181075458773,1.9989754644679956e-06,6.183696725479482e-05
0,1,1,27,5,-0.004289088991359393,-0.0004415495865698804,-0.001279702731145524,-0.000575440863642823,0.00019732288987538604,0.0008470546419490537,-0.0001376617503067272,-0.000723025145495817,2.9838190457845094e-05,-8.361888667732157e-05
0,1,1,28,5,-0.002953623116094846,-0.0004108463718176199,-0.0007967364417080251,0.0008323494365466904,0.0014619010554272017,0.0008862179973260668,-0.002657107657112629,0.001946723828717058,2.7478043233722446e-05,-0.00019028729164618605
0,1,1,29,5,0.023919986870186823,-0.0010950976791548898,-0.006692513482437101,0.009923172697787773,0.011870017138631027,0.0041108355953221746,-0.014221029441032805,0.00598145257776387,0.0002705601072206277,0.0019800198684723487
0,1,1,30,5,-0.005536093858282005,0.00017704891645568547,0.026881593673713854,-0.03471023898587118,0.0009120795581994185,0.012810163990524674,-2.1542242869641287e-05,0.00021461578144298728,-0.00014532280071253689,-0.005139307301768839
0,1,1,31,5,-0.03217866928132077,-0.0011909961011414354,-0.03447927938772919,-0.033414605303008854,-0.0003288686204791647,0.00498561207795713,-0.005760866994476948,0.018043420196715575,0.0032364593262771382,-0.006780616356591055
0,1,1,32,5,0.03387376141881099,0.017741030793170232,0.007787614588974729,-0.0005237081214691561,0.029528391601503248,0.028150489871402312,0.012111749187194302,-0.021320392955918005,0.0012550098763217542,0.0028328983968138348
0,1,1,33,5,0.0033908989798951874,7.341856493725405e-05,-0.004008910669017682,0.00141321235485321,-0.00034824808888246113,-0.005540527515444037,0.0036435722070404684,0.007427640843562061,0.00024251069227886258,0.0008944675001296776
0,1,1,34,5,-0.004267990159258488,0.0006739122245336672,0.0006898211200332006,-3.567715760629041e-05,-0.002083589168612169,-0.0022799670342781167,0.00202766336491079,-0.0005426895657582329,7.013968330778347e-05,0.0005405322121214212
0,1,1,35,5,0.009297273679514674,0.0006406171005531179,-0.004541414046135251,0.0014688771887377608,-0.003255045282538139,-0.005025337301837799,0.001086126492614787,-0.0034865560622419104,3.2167888242077024e-05,0.0019624143516801707
0,1,1,36,5,-0.0003566938733501285,2.142609084752721e-05,3.474025600576384e-05,-0.0005787069652585867,-0.00011277975878801765,0.0004181664852978979,0.00031757718220305607,0.00017134612692114605,-2.30542085360334e-05,0.00031110368766687404
0,1,1,37,5,0.039032241924691104,0.011672297813197124,0.006649029258635536,-0.008959671664081627,-0.0038994274023669714,-0.009627683272152803,0.01717773776595902,-0.013162627764785658,-0.0002768231827631502,-0.0029428496952040445
0,1,1,38,5,-0.0006258536269804178,0.0006032345917964106,-0.001700626032927392,0.002292157374795111,0.001202503049592259,0.0008316845090224313,-0.0007496260921803471,-0.002832992832108077,-0.0002088887349888154,0.00016679048072774645
0,1,1,39,5,0.00225383329771821,-0.0005882768533760561,0.001225112751030541,0.0013809075350714323,0.0018811841763709046,0.00023954772163377693,-0.001776536864209228,0.0014436685790556998,-5.138582834826593e-05,0.00014947677043634672
0,1,1,40,5,-0.014797225698897324,-0.0009390575184157055,0.0024401909361723585,0.012497909503509524,-0.007641791282333856,-0.000599896884634623,0.01113542285487193,0.0004975679339454289,0.000208150769031393,-0.002739702967540592
0,1,1,41,5,-0.0005729504234650711,0.00010549351034711646,0.0006527467484746489,-0.0001421165021565875,-0.0008296173071763331,-0.00041577963207708855,0.0009657910176156089,-0.00017130049685705866,9.870535628907656e-06,-4.613748414032687e-05
0,1,1,42,5,0.30595798252282735,0.0645417190915178,0.04020503068718458,-0.11276433296252127,-0.0060843068633682695,-0.07762889912818302,0.1047971525666334,0.012436082205659024,-5.632124979572153e-06,0.017583945690282626
0,1,1,43,5,0.01799773555077108,-0.00977163405786035,0.004112567329822578,0.018314932266966698,0.029233306086746378,0.026540405122005128,-0.03126080388389933,-0.014935769805514873,-0.00019637420393180962,-0.003094962841252136
0,1,1,44,5,0.0002429279353845574,-0.001272516289355306,0.003862471940802959,-0.0010261004526795087,-0.00022299217687483477,0.0022203906297751973,3.914176452155797e-05,-0.0008366561917006919,-2.3474118961519352e-05,0.00017013679405049667
0,1,1,45,5,0.003440719356731561,-0.002477561526740553,-0.0003863315609666858,0.005364125253659158,0.00436238662670185,0.010273467910384228,-0.0035501762538254905,-0.005500246141662917,6.399328604511787e-05,0.0012541390087574846
0,1,1,46,5,-0.0014366306542346677,-0.0017208107603259933,-0.0015846001138403905,0.0011104501584586134,-0.0010584453670517966,-0.00022386075029936172,0.00021864894791143654,0.001614066774724926,-0.00012575882111415539,-0.0008228666264304833
0,1,1,47,5,-0.000869526638264193,0.00019730515830885937,0.000587456019803386,-0.0010742857980677175,-0.0010425298956144762,0.00010678690216269063,0.0012588278094200667,-0.00014977348168028107,-5.642666853068524e-06,8.939650287933445e-06
0,1,1,48,5,0.003235573949226883,0.00017770973365340288,0.0017273251363751768,0.0013767719902777833,0.001917972771841353,0.005583829356975877,-0.003349509016585916,-0.0013647550994852044,0.00012087548470017611,-0.0007988155976748618
0,1,1,49,5,-0.019403736065040166,-0.0034718659193268037,-0.0029945194269658903,0.019665104973068323,-0.0033642397501500326,-0.009058131229852287,-0.012864885146576722,-0.02285084121991132,-0.00033271764098135334,-0.004481725709545732
0,1,1,50,5,-0.0013196675629144929,-0.0010097375986200098,0.006200096034139945,-0.010355250743755463,-0.0030162969349232806,0.0025072959010493468,0.0050116163946221795,-0.003591319010863856,-4.758878780345117e-05,-0.0022661869382227117
0,1,1,51,5,9.643045059384691e-05,-2.444705767708625e-05,-5.081285205773362e-05,1.896110547103878e-05,4.992267053359009e-05,7.079318590533943e-05,-7.408294744396875e-05,0.00012783463031559877,7.323984713108307e-07,8.724741285917447e-06
0,1,1,52,5,-0.0001332452526438162,-0.00011998306570715217,-0.00011417286143688979,-7.575378568940024e-05,0.00018765463944367554,1.786241000432458e-05,-0.00010024354601199904,0.0005143537809933089,-8.056671031617344e-06,-5.4930257252571687e-05
0,1,1,53,5,-2.9600955834909897e-05,-0.00046744583167065496,-0.0004478280528648467,-0.0005880768249843946,0.00016012069848530964,0.00011910438848919264,1.6912177037723874e-05,-6.172101892619677e-05,-1.6693073387444275e-05,-0.0002484004374439556
0,1,1,54,5,0.025092982603476123,0.004186745650499128,0.025859535560679502,0.0008870882026791929,-0.021028560738230454,0.006781053457254776,0.004187358740927622,0.008074539241594325,0.00025612294670029196,0.005350272775666417
0,1,1,55,5,-0.0022878592102416255,-0.0008981316080744551,-0.0038925597514753705,0.009533957606217669,0.0008602917418417893,0.0016638308344952913,0.0007233651092623461,-0.006636061563875627,-0.00015382317949527816,-0.0008138823543931502
0,1,1,56,5,-0.00036760894641125753,0.000646852021133917,-0.001190840480486066,0.0011571037182015306,0.00016421497222617523,-0.0002591230295696551,0.0006635579768403115,-0.0008969770420087295,7.061744934199188e-05,-6.654902137990459e-05
0,1,1,57,5,0.0002794898932718296,-0.00012460174330847126,2.5621011062889592e-05,8.407681025275256e-05,-5.6367634731034786e-05,0.00010161017791955581,-6.486433125659531e-05,0.00013006734366905262,8.946395510404382e-06,-5.109099603266823e-05
0,1,1,58,5,0.03783877668641162,-0.02620535551891482,-0.06765232582349118,0.05281912025779929,0.008638090455056539,-0.04340418643385038,0.004882531653702032,0.01985626836515669,0.0008234661436339578,-0.00704354580476606
0,1,1,59,5,0.008472470290814571,0.01559980307908729,0.050011684117046644,0.017681913656359703,0.03846267522679099,0.04714808586598045,-0.07506735160679127,0.014612760329259466,-0.0020919491036998808,0.003722437480986538
0,2,1,0,9,0.0005800093172223597,-0.0004202174140026712,-0.0006115851018307296,0.0006090562839049447,-0.00013557917389806813,-0.00013339800488372148,-0.00011032498377471379,0.00015033252796819437,-2.497258186517484e-07,1.5143801427615334e-05
0,2,1,1,9,0.0017180822453632572,-0.0009131911204611285,0.0007021609462029587,-0.0022239020511570337,-0.0003209766815814722,0.0010449475079186649,-0.00023130705850291149,0.00240677457224179,5.0625860874465705e-05,-0.00021515975028148102
0,2,1,2,9,-0.01568285174452778,-0.0023578582062354957,0.017644940963057455,-0.01487599817196222,0.0020521854958549597,0.008319875343665866,0.01817495677790348,-0.016271691317805616,2.574820011017737e-05,-0.002198996372034865
0,2,1,3,9,-0.0001960982944822622,-9.793996838526827e-05,1.6764353523881682e-05,0.00013931963861386128,0.00010238129129045997,0.0006552271948747964,-2.886272686390479e-05,-0.000246663041048771,2.0010724481931613e-05,5.639595951807053e-06
0,2,1,4,9,0.0010020456517825618,0.00013154001968240206,0.0006533947447849653,-0.000967547492163524,-0.0002301254900024724,2.0431153378908547e-05,-0.0002025750444704136,0.0005963396315832467,-7.365476715020683e-06,0.00015967339678184828
0,2,1,5,9,0.0010019803779558912,-0.0004371562850589173,0.00011540655695546269,-0.0002496380813994998,-0.00045344110397947516,-0.00024241266923226597,0.0008214705738700938,-0.0003201699121572247,-2.6131751569017346e-05,-0.0001945107412475962
0,2,1,6,9,-0.0052341626900870705,-0.007157861981578335,0.01931417243162756,0.004589505878507145,-0.025802849141031446,0.014862483772159539,0.034872289858014896,-0.014041073337009291,-9.364683313707129e-05,-0.0007440378288174957
0,2,1,7,9,-0.00225315296982035,-0.0007415123651355793,0.0004606592156395496,-0.001471499660466593,-2.1239143996388057e-05,-0.00013781724223736752,0.0009355224056535791,-0.0023073457339404537,-4.07332547563228e-06,-0.00037558988290253034
0,2,1,8,9,-0.000786304332314931,-0.0025100062079892885,-0.0018626416774257428,-0.004585942938997464,-0.0027454718985060853,-0.003963098139687683,-8.551832269697121e-05,0.004165442323007,0.0001457807605090514,-0.0017296763703832827
0,2,1,9,9,0.0016534246389911863,0.0021395716132029292,-0.0003384026388536715,-0.004705188575593618,0.0065281834749765285,0.0011745632019336638,-0.0006604435763450829,0.007191346263030919,0.0001227543314882164,0.00016403252837156746
0,2,1,10,9,-0.01053136636074828,-0.0019301947549405553,0.006260513235979096,-0.008114663269210893,-0.010681288473991914,0.013319618164555222,0.008004573394270199,-0.0026914655046229915,0.00033223818768991916,-0.002543803297647995
0,2,1,11,9,0.00027739622744851836,0.0005565123001092072,-0.0002509911336469125,-0.00020288223333320753,0.00019769794880591493,0.0006543980014611797,-0.0008281148048657181,0.0003764286655423192,-1.3410797285306188e-05,0.0004656919668385881
0,2,1,12,9,0.0005745801338490436,-0.00023162981065137826,-0.0007789108608282452,-0.00020853822759795082,0.0007589526651356924,-0.0013816284914413162,-0.0001962239496595236,-0.0005177754132198417,2.2442888081672992e-05,0.00020011476077391765
0,2,1,13,9,-0.0018641687511477061,-4.2535789431382436e-07,0.00014763748831805198,-0.0007805600001167159,-0.0003023089773412826,0.00012779472084641002,3.9840272242400225e-05,-0.0010790110482169787,-4.140978467449853e-05,-0.0006429712407786297
0,2,1,14,9,0.0033795916912395868,-0.0001811787609361455,-0.0002424125003894376,-0.0009845928997034073,0.0005769267007280171,0.00036703244908512417,-0.0001389464230046507,0.0005325029496086132,-4.799094547315622e-06,1.8162393301226395e-05
0,2,1,15,9,0.005108543793247359,0.0006720617712943031,-0.006432997399834356,0.007185470240472412,0.0026333066312744413,-0.0064390785108711605,0.0033699315960172057,-0.0025384571850182456,0.0001090965174560033,-0.003010094913747107
0,2,1,16,9,0.003676686089687436,0.0011422787039973466,0.00031523859833970034,-0.0012760674658812466,-0.0004947003792436094,-0.0007459038997686603,0.0006442741358954296,0.000675589625161966,-7.179500094725433e-05,0.00017511064594742957
0,2,1,17,9,0.0004176899163346679,-0.004525046739296911,-0.0022887851564147446,0.0034327836520914846,-0.010084148296930504,-0.0070888431854913315,0.0026237007403932494,0.0027003568357566714,0.00016226374884820036,0.00206963680261494
0,2,1,18,9,-0.0016693964774124712,-0.003958706165440942,-0.01167967531344075,0.005841921318482334,0.009012805651034525,0.0029497997298314274,-0.0038753898227689813,0.0018027506006954707,0.00019910663710169023,0.0033955617723551677
0,2,1,19,9,-0.036343693320490054,-0.01683228710933032,0.027376624410497458,0.006008967177956925,0.0062342953845855266,0.05585600159187717,-0.0017340273546075625,-0.02295291179459985,-0.0015071520215294482,-0.005670043919796425
0,2,1,20,9,-0.00018284666717128395,-8.114463702837164e-06,3.151685431680645e-05,2.1747574926031862e-05,4.373655775637107e-05,4.4813890598717775e-06,-0.00028562700770661014,8.61742918756389e-05,5.459196000125348e-06,-2.958890584451932e-05
0,2,1,21,9,-0.001244173954798862,-0.0004029546525527152,-0.0003896290249870886,-0.00021842274715976775,0.0001877060946693716,3.908218568236089e-05,0.00021098807646871716,-0.00012370366622517232,1.3949644583236863e-05,-4.136573828471526e-05
0,2,1,22,9,0.0022172267481036555,-9.435591136648961e-06,-2.437268014193962e-05,0.0022381838581596713,0.0005029836315928308,-0.0008978023456177029,0.001618459739749432,-0.0023067061470990074,0.00010924221301772643,-9.066830635446791e-05
0,2,1,23,9,0.0002414844505954775,-3.662275389604936e-05,0.000213218068678343,-0.000181471428817628,-0.00019536325985145236,0.00015808794546457187,7.989594951783851e-05,0.00020407836286511134,-1.6733426318230942e-07,-3.446764186567688e-05
0,2,1,24,9,0.002791018356911663,0.000891195711976935,0.0011814606340427277,-0.0006609296778931316,-0.0005489603576963621,0.0012241426114124056,0.0002476942884018775,-0.0005453062050722743,-4.648046499304987e-05,0.0007130189114842202
0,2,1,25,9,0.0012252841040005286,-0.002090347549018571,-0.0030032151071280634,0.0025844131889882216,0.0018626876669631121,-0.0001230831792080186,-4.804500098310604e-05,-0.0008754883578532851,-0.0001864084165764154,-0.0004521327034804382
0,2,1,26,9,-0.0015481782015562373,0.0001622700834382839,-0.0011112528001509885,2.7147155941961068e-05,0.00031711836667784994,-0.0010963782008213208,0.0006472070408301627,0.0006057891354567341,-5.0900583291923236e-05,-0.0007548787566186148
0,2,1,27,9,0.01154574138286569,-0.0010305056702455632,-0.003778738842104913,0.0006673476003351804,0.0006123561337986145,0.0005792046176222925,0.0032177869636186435,-0.005068465785059782,-5.026286357011849e-05,-9.104198756094212e-05
0,2,1,28,9,-0.0017957277097563355,-0.0028227766230791386,-6.3161591548929e-05,0.001768148694158976,0.010149633083523596,-0.0034343974540264827,-0.0037418710184852003,0.0022159859670928005,0.00010121089435775372,-0.0018534790028550167
0,2,1,29,9,4.350840155405744e-05,4.867009879491223e-05,0.0003619498644313438,-0.0001756955984947043,-7.633683105393023e-05,0.00013394295605055647,-3.77498130092956e-05,5.818242226910007e-05,-4.378912619494726e-06,3.895774569908931e-05
0,2,1,30,9,0.0004359610747463043,8.063385169755637e-05,-0.0003404172039874127,-1.4517363105528978e-05,0.00018658306538479403,8.62567036890202e-05,-2.520347562231522e-05,-2.9784097211428094e-05,-1.2290656671280208e-05,1.2766983304936828e-05
0,2,1,31,9,-0.008727741952022193,0.006815367767605701,0.006171407558508977,0.02159711687875586,0.0012491824688553661,0.021016142236037653,0.005207615981658266,-0.018527316079181424,-0.00046556659300400516,-0.0012018930200249501
0,2,1,32,9,0.005018996770276128,-0.0030145992892147764,-0.0036107536230280853,0.004818704318829699,0.006663188406482353,0.005727234460215379,-0.008550959208458043,0.001828402761054699,-1.7847338849174194e-05,-0.0015901511752241682
0,2,1,33,9,-0.0007344072191739727,5.70428622256486e-05,0.0009926942863667596,-0.0008773987265084502,-0.0010650919218322366,0.0003261909104720212,0.0005801030621736081,-0.0002565605394358953,-1.7684381261212402e-05,-0.00014214354073588376
0,2,1,34,9,-0.005868591474082016,-0.003558786800376931,0.0005019827207628452,-0.004343433680921187,-0.0014686280850961938,0.0007373028813553332,0.002169214818565869,-0.0022467506277112415,-0.0003431926688532747,-0.0006451708808172682
0,2,1,35,9,0.00047735033304375824,3.764009738285394e-05,0.00022903578168816655,-6.0145032579057745e-05,-0.0006461409964182012,-0.0002036741166604329,0.0008241426408520985,-0.0005196050885609226,1.3218311379050927e-05,-1.6326811253693164e-06
0,2,1,36,9,-0.0013693624604332664,-0.00040026851177038644,0.0001055052279934761,0.0006779651826593967,0.0002736286291478632,0.00015565683488240242,0.0012287783755227232,-0.0004959227053844767,2.1002293062310096e-06,-7.571027756089962e-05
0,2,1,37,9,-0.0016050349931907163,0.001556988466101721,0.0018603712117021768,-0.0008665620299219295,0.0007209845465661139,0.004346916853180311,0.0008020629837480506,-0.0038574505791327644,1.9094871318215496e-05,0.00045567089304693516
0,2,1,38,9,0.00013508973183224248,0.00014681262634996047,0.001074975849421246,-0.0009283124158671612,-0.0011849480417605875,-0.0005876642197625034,0.0013653233495672173,0.00022660063888351286,-9.736598143079722e-06,2.98450624526798e-05
0,2,1,39,9,-0.0016764181973497516,-0.0013269961577643985,-0.0012719074918228932,-0.0009699929224976687,-0.0007357974255120704,-0.0008481259791758572,0.0006579154029904401,0.0014701090919212651,3.156112147517239e-05,-0.0002959031576867428
0,2,1,40,9,0.017075391704661214,0.00019498490908196765,0.0129938304652538,0.0062610638410417994,-0.007389780305240122,-0.005116781728279219,0.016192982682932715,0.007266823580357039,0.00023672742589323875,-0.0020831643103987156
0,2,1,41,9,0.009564777350710691,-0.001639915344793008,0.0062473989389498046,-0.003038467948358783,-0.0037628331089362456,0.001233879256848049,0.0006127805972013599,0.0020146987261668186,-6.3735933543309846e-06,-0.0008190011387949122
0,2,1,42,9,0.002820170415362533,-2.5202002514377114e-05,0.001056424640534504,-0.0009244973406602336,-0.0019123130664098252,-0.00215681043426601,0.0011528375481880456,0.0005239814869288014,8.907905844296985e-06,0.00014151309685091792
0,2,1,43,9,-8.152306329591637e-05,0.00012173883316564915,7.42946432161147e-05,-0.0003694823683089089,-0.0005914592414993919,0.000272797553019297,-0.00022637978432209725,0.001003218505483558,1.054528211417505e-05,-1.8743454838988267e-05
0,2,1,44,9,-0.00456162564884935,0.00024210349603014127,-0.0038879386885308956,0.0006629457873132481,-0.0006179682529555739,-0.0006109153104973257,-3.4099379071277934e-05,0.002424745941868369,2.3014942464147394e-05,-7.956395584297828e-05
0,2,1,45,9,0.01819196950253222,-0.0024747230317507564,0.007882101536239156,-0.005654686168305536,-0.009120155547557242,-0.0005770470641384204,0.007217219088618507,-0.0037224200945322134,-0.00012041142418113654,-0.0005759649882464343
0,2,1,46,9,-0.0001328459461732517,-0.00011611049872760335,0.000979594774925168,-0.0015618408186576407,-0.0016557134470081521,-0.0010714405580845494,0.000525011419895497,0.0004716674777308206,-5.802135823954592e-05,0.00011909330754518977
0,2,1,47,9,0.0007026807665160702,0.0006432054668781543,-0.0013050281780321864,0.0012199147573423886,0.0006506187530374532,-0.0011386311870753138,-0.00023078522405346912,0.0009031880337013274,4.435809426985654e-05,-0.00023754594414748622
0,2,1,48,9,0.00013316232604127298,2.890810004385909e-05,-2.7049708811605792e-05,-3.998524871287111e-05,-1.2166568288400562e-05,-8.748074276446643e-06,-1.3200436932953676e-05,6.56608833510372e-05,-6.925519024642194e-07,4.0856097697799705e-06
0,2,1,49,9,0.0007918856046715199,0.00016312894805065536,-0.00043177574268625377,0.0001756794925086405,0.00022271216179355828,8.687573140308683e-05,-0.00024127791508391346,0.00028566828451564384,-2.200037497475888e-06,0.00013353969168976006
0,2,1,50,9,-0.0030758053800390554,0.0005921723832165964,-0.000776568033978074,4.726853450854645e-08,-0.001888910578084618,-0.002270510591094395,0.0009433043352819579,0.00015514703208564703,1.1165616444090007e-05,-8.147378734189347e-06
0,2,1,51,9,-0.008664981812168864,-0.004751724197020237,-0.00998764877379008,0.006748765008763441,0.009855581068029024,-0.014424540160718225,-0.005310850270360625,0.011934845867747419,-0.0003299388556667853,-0.0010875779442654188
0,2,1,52,9,-0.008176512378449284,-0.01271341954502666,0.003970597393611526,-0.009553912212054467,-0.00046442895119918243,0.0038700540577891202,0.013016809403164077,-0.010281208038668763,-0.00025380780680959,-0.0038921831467759356
0,2,1,53,9,0.04027547388024745,0.01506013010326661,0.010909776155772648,-0.0070061360644205735,-0.0043517073460517105,0.007310813470050981,-0.004957373347376564,-0.009460030116166218,4.1969400216396743e-05,0.00711149637962859
0,2,1,54,9,0.00555112687666866,0.00033123767727431423,-0.0008987520597883138,0.0024940364430268225,0.0007359363253132327,-0.0001864531815049352,-0.0005490915462226784,-0.0018588832057550957,1.5067723765495266e-05,0.00037879185629218035
0,2,1,55,9,6.27191136497815e-05,-0.002720618229122542,0.0005118810140963446,-0.0014935613447619104,0.0008862658107029558,-0.004047464396846835,-0.0024247347608696863,0.0032333822506327332,-5.9864548631759185e-05,-0.0007583127747399948
0,2,1,56,9,-0.002181741129341757,0.0013285145929977633,0.0008688692617327305,-0.0010023824059381414,0.00048163343814053186,-0.0013667668544280107,0.0017569759330816038,-0.00301814473810835,-6.438154620190787e-06,5.145048064297081e-05
0,2,1,57,9,-0.03923215926853637,-0.0004427623751032725,0.01066240042995674,0.006495687004791254,-0.008956100144867621,0.010678949042361052,0.005662448032723349,-0.004720403188595704,-0.00026887505481818744,0.002002714524974581
0,2,1,58,9,-0.0014481238661962126,0.001164451655707864,-0.0004746652434934342,0.00031942899915643485,-0.0006850913189755545,0.0011213455730368018,0.0011025296832474056,-0.0034480637615167957,1.157674433437638e-05,0.00017347005347064076
0,2,1,59,9,0.0008759720275621115,-0.00011221375513957251,-0.0007904330216933265,-9.771401822777203e-05,-0.00042364131545697195,-0.0007199284411053036,0.0006039200173744815,-0.00039783287051124304,-1.1034596812748396e-05,3.8386532898152026e-05
0,3,1,0,17,-0.00026471455442625034,-3.6295065119974473e-05,3.10426098377919e-05,-0.00027688310521781104,7.04094667776786e-05,-8.881915315066151e-05,-0.00022940776859579093,0.0002538854547736917,1.4596665299459352e-05,-3.705552360635576e-05
0,3,1,1,17,-0.003384093156281788,0.0010547767031238058,-0.0005891760761761066,0.0009364878903601203,0.00220939132218195,0.0007513370942656677,-0.0025559715826590983,0.00044036792263770066,-3.486162095597089e-05,-3.1941224957487627e-05
0,3,1,2,17,0.0012147341968129332,-8.629984033589621e-05,0.0036575642955203797,-0.00014502519257638053,-0.0009519099426731386,0.002107851280242144,-0.00023538088494142706,-0.0024431646524627412,-4.2888403530889706e-05,2.717739079488963e-05
0,3,1,3,17,-0.0022140771585666074,-0.00015023211212391674,-0.0009538142012896802,0.0002944854648027134,0.00041115416438465926,-2.4060445794384575e-05,0.0008489276529951927,-0.00033260270943143996,7.116112501316667e-05,2.725226174621031e-05
0,3,1,4,17,0.0002575188145160831,-7.261948896375117e-05,-3.760942626521752e-05,-7.212209074878381e-05,-7.762195639050486e-05,1.2590278960870779e-05,5.819178167229266e-05,-0.0001058735056404955,1.4661833676168447e-06,-3.0634532392331526e-05
0,3,1,5,17,-6.634808450284975e-06,0.0003497236590883018,0.001938888416533348,-0.0011667298596582081,0.0004421496141476976,0.001190278538611402,-0.0008785383061354113,0.0002305974579360642,-2.1475283421750445e-05,0.00029773562921251687
0,3,1,6,17,0.0001234142620769736,0.00012879550244322062,0.00041411133123329583,-0.0004785569629787769,-0.000640328202617111,-0.0002852718442173338,0.0008524131826238796,-0.000275682352231056,4.233794324774169e-05,4.412693272121428e-05
0,3,1,7,17,0.005535640067059514,0.0011142211292046816,0.0005083257097592225,-0.0008200007471183729,0.0030571975342662413,0.0004647075240268836,-0.0017374389962625486,0.002399426449560303,-0.00010224395851902171,0.00016860886117692428
0,3,1,8,17,0.0019280374724496873,0.0005785307927455627,-0.0003658573512028519,-0.0002243377495990366,-0.0006976179882722036,0.0004520131522763757,0.0009120297716184105,0.00030332399315422193,6.742884980687422e-06,0.0001386887299643357
0,3,1,9,17,0.0005851391826784645,-8.753330643362215e-05,-4.704226904143377e-05,0.0006224884705396841,-0.0010562596509956382,0.00048574950716250606,0.000879190002643245,-0.0013723044018966691,7.128762227285068e-05,-1.802881159747952e-05
0,3,1,10,17,-0.0011585539500211727,-0.0006619350905802431,0.0015429694350960798,0.0013117691588235884,-0.004535097974979659,-0.0034184718196842495,0.004018109642293777,-0.0036201344991293382,-1.7035955182115558e-05,-0.0005542711707542886
0,3,1,11,17,0.00030573033507677534,-7.429124084656722e-05,-0.001019439387160969,0.0010518093226794267,0.00218935193155584,0.0021564560871465055,-0.0006180580754170622,-0.001152559190337286,5.549680821255337e-05,-0.0003531038961904568
0,3,1,12,17,0.00013384418098694626,-0.00010635520770560914,0.0001502396518035051,0.00017469727432374368,-0.00018788203005890675,0.00013860754851564264,7.968946249946879e-05,0.00017209885245584783,-8.821874955028408e-06,-2.4144717729526878e-05
0,3,1,13,17,0.007787953872591051,-0.0017955773714849461,0.004280201635497792,-0.004231611664512594,-0.002848126621980249,-0.0017795021379555024,0.004317175305159106,-0.0020026437032725957,-1.9597676298573596e-05,0.0008841608602490428
0,3,1,14,17,0.0009559467326512949,0.0010308660903656393,0.0016736986700539656,-0.0002262343550755452,-5.5858409912955047e-05,0.0021321881469680793,-0.00019376421298471753,-0.0006408803425839812,8.49944180215837e-05,0.0008971798780735551
0,3,1,15,17,0.0020491630383847412,0.004878429845013139,-0.002670071597157946,-0.0005125451066943457,0.0028174250780521994,0.0009924262617815199,-0.011627036963165686,0.01273501378630198,-0.00015913401594564355,0.0024751397675752437
0,3,1,16,17,-0.00022574995817151736,-0.00038102541665436943,1.9173530252181784e-05,0.00019424037879944291,-1.9470170071134667e-05,-0.0004006693138653871,8.011389521651748e-05,-0.00015498958394400403,1.4504250061675106e-05,-0.00010105851472738275
0,3,1,17,17,5.323913960547607e-05,1.2761923224453243e-05,-2.565885774221281e-05,-8.455040972176243e-06,5.402204623484236e-05,8.665989683059821e-05,1.3036150314486984e-05,-0.00010003984222264045,-4.397190040436224e-07,-4.527568428160789e-06
0,3,1,18,17,-0.0003793668747637843,-1.0677961127098627e-05,-0.00014637522374711168,0.000371061007915318,2.0801004863109037e-05,-0.000172714384840548,-1.294865872615617e-05,8.615959802797692e-05,4.95497623564846e-06,-3.341868915474282e-06
0,3,1,19,17,0.0021170866219485567,0.00039017914736990186,-0.0004235100135017544,0.004516661678996854,2.36116845475504e-07,0.002234402382634283,0.00039345016308111713,-0.0013896011281493404,1.4319770084666375e-05,-0.0006422928595185502
0,3,1,20,17,-0.0015287632898153079,-0.00023482384291712314,-1.6606259708086657e-05,-0.00046719935639949304,0.00044722345679173043,0.0004518873270183093,-0.0004035185013269809,0.00021492937161016274,-2.096544786897648e-05,-0.00020678963422946623
0,3,1,21,17,0.0016308097405247947,0.0003885120635964091,-0.0008011043662124117,0.0008722671184172707,0.002528971980989063,-0.00031339707871007864,-0.0038816942002994344,-0.0003422376207448372,-5.28512448162381e-05,0.00041663068266343286
0,3,1,22,17,-0.0006950820986187314,0.00031864192225915076,-9.798369248165608e-05,-0.00023761726122530864,0.00023786791713025296,-0.00040574024692437995,0.00034972296511914265,-0.0006776795848756862,-6.929850253008688e-06,4.6471337879401225e-05
0,3,1,23,17,0.011397099776808396,-0.002015920219577879,-0.0029850194131141802,0.006209692327771266,-0.001083723722765686,-0.011980463583969802,-0.004175745891897218,0.004792958479264289,-0.00014004220834581608,0.0006044063100951594
0,3,1,24,17,0.00029154984356874063,3.801717235558521e-05,0.0004973422157199205,-0.00024711370070961525,-0.00037379595295905683,0.00021135391153872556,0.00044562662190848626,-0.00033328672571704816,-1.0241969258096075e-06,6.735211839293662e-05
0,3,1,25,17,-0.00023409327240776225,6.0900235452652346e-05,-0.000534559983270266,0.00284621260625596,-0.0016349042039869117,-0.006593450710663123,0.0016190782137389308,0.0015432861991461016,3.393698740989966e-06,-0.0005076635982322866
0,3,1,26,17,-0.0007508345427304073,-0.0005858852862179567,-0.0003605447823463471,-0.00016277371920550538,-0.0011477965713128542,-0.0005821086036407864,0.0011049576678518194,-0.0031268699356664983,2.3543753201000035e-05,-2.1101351526339985e-05
0,3,1,27,17,-0.0018545683901783662,0.00037149979140914353,9.274659707312711e-05,0.00016295798396282697,-0.0006043437877458109,-0.0007700543416015428,0.0009292734913166013,0.00047000102337724984,3.462354925326085e-05,0.00036844425232129206
0,3,1,28,17,-0.0030096830390285477,-0.0005136364182592616,-0.0017989832636506893,0.0022006553360439576,0.0013610598016059732,0.001963732702347304,-0.002047987889412758,0.0017336056902775897,7.488890104649518e-05,-0.00010590479338143459
0,3,1,29,17,-0.004124429609937796,0.002001365801578176,-0.0009242529164096607,-0.0005977170807251896,-0.0013027558835509876,-0.00030919001707546315,-0.002421168135266937,0.0040242935362899196,4.998629979071124e-05,0.000955824111809407
0,3,1,30,17,4.798537972423387e-05,2.8317085134228772e-05,2.828014057908508e-05,-3.6060369020941304e-05,-2.9796570019020294e-05,-2.2068431409003253e-06,2.8809915811986018e-05,-9.461770229457874e-06,8.740243615016577e-07,-1.136903407903795e-06
0,3,1,31,17,0.0033415911513579085,-0.0012684196235491546,-0.0005850836799122155,-0.002780519407406004,0.0008314769477139981,0.001879643751827617,0.0002384053493571567,4.80144956080515e-05,0.00011521132965247217,0.00015853702747044277
0,3,1,32,17,-0.0013624303812482792,0.0007457234287234874,0.0010605075990906686,-0.00032925589919146513,-0.00038945069038110017,-0.0021902407584007224,0.0015986974088149364,-0.000132935453804978,6.1586355820635e-05,0.0001431488337585031
0,3,1,33,17,-0.0009555934607091719,-0.0002665351872058163,0.0005322150452142478,-0.0005637514832444895,0.0006820519192457584,0.00025775803980420563,-0.0001596491657508023,-6.62873712861553e-05,8.603592360634448e-06,-0.00026543950777099443
0,3,1,34,17,-0.0021669057131616033,0.0002900469917265884,-5.3212952646021735e-06,-0.0008772308150137621,-0.00015778743308870322,0.0032682302909343305,-0.0018272373643413438,0.0019303087840659837,0.000122750790786123,-0.00020095617219876194
0,3,1,35,17,0.0012398918170078458,9.326570469471459e-05,0.00027505568667511706,0.0006999587376205437,0.00022220820570606142,-0.00029034437795094734,6.780779988830522e-05,0.0002676563462830745,-4.155921683858946e-05,-4.114015493270467e-05
0,3,1,36,17,2.696841375793082e-06,0.00033239915053953026,-0.00018005293816930013,0.0004370527294047061,6.182112775376976e-06,0.0006031585941354765,0.0006904095415689325,8.740478451738034e-06,2.3720468246992294e-05,-5.824904094969796e-06
0,3,1,37,17,-0.0005699294826138219,0.00012499066282740614,0.00028546382229896163,3.147015996729474e-05,0.0005829245033122122,0.000324167543771171,-0.0002313613633283324,-4.070334548873755e-05,1.4671326896603881e-05,-0.00031630756122924417
0,3,1,38,17,-0.0013371674223835567,-0.00024375705462418014,0.0005949735397869522,-0.0006531471446019643,0.00013330418838737056,-0.000403381250740873,-0.0006565213293425644,0.0006660846041839325,1.8008782053871848e-05,-5.3655719558509836e-05
0,3,1,39,17,-0.007663199687149731,0.005131719282269798,-0.00048583835743589825,-0.0014639638783151482,-0.004441321394270333,-0.0029066709611185143,0.0020057657743105996,-0.0018763821892865452,-0.00016914933047016258,-0.0001239042094572724
0,3,1,40,17,0.0009123144164293004,0.00013063144034601562,-0.00045776214093336433,-0.0007859375777068431,0.00031294398084034253,0.0007626392687868774,-0.0007293783226279569,-0.0006464903369954886,-2.2611287537775183e-05,8.90646106762862e-05
0,3,1,41,17,0.010752216139263093,0.0010792084276020895,-0.00453652164040037,0.005685915111826781,-0.004637269414131477,0.004042976198846618,-0.005112585360869261,-0.0025599161113688327,0.00012622373537512035,0.0018040579616244363
0,3,1,42,17,-0.00013783235031569627,-0.0005100123769101177,-0.00014853038863616518,-0.0003355148064973969,-0.0004913989512823838,1.1121199497268881e-05,0.0008560355442378638,-0.00039523572111722195,-2.2456727414787015e-05,-0.00020042934667820463
0,3,1,43,17,-0.001069155957079826,-3.0785691116138776e-05,-8.7102792176213e-05,-0.0005669089567730863,-9.607366824689737e-05,0.0008739567513004991,0.000281814376837606,-0.00044303543743037604,-1.5788783544511397e-05,9.904201150578062e-06
0,3,1,44,17,-0.004097007284595567,-0.0019506589666239758,0.002527126912724412,0.0020509154123767065,0.0032362942257251853,0.0042306556444997164,0.0011371217112721625,-0.006009046693827259,-0.00036884938632266774,0.0028072560034461
0,3,1,45,17,0.013663077898540685,0.00025830565575191757,-0.0045583404921852935,0.00040418227630598477,0.005202097388855321,-0.00010210984465916196,0.0037418735210819837,-0.004791940226193484,0.00027504135802787434,0.0010837886136294823
0,3,1,46,17,-0.0004209509145397551,-1.7725495541121206e-05,0.0002916164196882831,5.966277627438154e-05,8.018926299055682e-06,0.00020672880323710366,-0.00026934088957204105,0.00041987271530664693,5.6631955688496954e-06,1.2720657150418527e-05
0,3,1,47,17,0.0001262932378501258,4.367862530446759e-05,0.000786183917490651,-0.0009396390078438877,-0.00048504981781461137,0.001345034574326684,-0.00043074533657628053,0.0003283563479325066,2.289399131799752e-05,-1.845331480429491e-05
0,3,1,48,17,0.003474282156928415,0.003567249431929453,-0.004473236158228907,0.00034141117148700766,0.0021020849387081123,-0.0020551806284857884,-0.001219518616730986,-0.0021869541248842866,-9.850988498736357e-05,0.0013341484616112699
0,3,1,49,17,-0.0004251842299611689,8.102350909633246e-05,9.654897610123527e-06,-0.0004051781935501677,-0.00021994256939500962,2.1025779028446392e-05,2.636262115576125e-05,0.0003090183170388768,5.499607156548898e-06,-4.125656076116465e-05
0,3,1,50,17,-0.00044267943441758835,-2.139062218253165e-05,4.112182324961504e-06,-0.00010809361083369737,-9.457309266271766e-06,-0.00013247488671294042,0.00018072106593392193,6.653977397754012e-05,2.7892569803688963e-06,-1.8197540732830367e-05
0,3,1,51,17,-0.0023118176184362283,-0.00010859432420468984,-0.002020032524931575,-0.0007042775533305957,0.0015398978599433675,-0.00034468040921007396,-0.0015428310380225796,0.0019752976796259475,7.746207141963512e-05,0.00017296108537417237
0,3,1,52,17,0.0024635711045990108,0.0015536688930918748,0.0020465511356687394,-0.0004004344089552549,-0.0014542032004773546,-0.001257537101161817,0.0003049079470132289,0.002293522862576408,-0.00013116135550163353,-0.0005107398041701485
0,3,1,53,17,0.01527403434050198,-0.0009563205558669155,0.004390166701274006,-0.0025466126429322567,-0.0018957434746964014,0.00442749602089288,-0.006308626907981108,-0.0011012981618379301,-0.00015348478242828482,0.0022683929255349687
0,3,1,54,17,-0.002644715822811407,0.000278978140033428,0.0010886080277252301,-0.0013729972922811168,-0.0017866921000344676,-0.002306816953854103,0.0019832543102149,-0.0012341055906450401,-8.408638979198675e-05,-0.0008837914010992925
0,3,1,55,17,-0.0009863721650981412,0.00014683974847123546,0.0009801148016060246,-9.066923281273739e-05,-0.0005135802890523438,7.690881801755735e-05,0.00010913798194883756,5.119300787522423e-05,-9.865840865318512e-06,9.809048968676053e-05
0,3,1,56,17,-0.0007241434212609571,0.00011234226006777746,-0.00031855388103913494,0.0007933687861397551,0.0011526835400129409,0.0004914186454995562,-0.00021568918997422028,-0.0002817611587738891,-1.531829072054677e-05,-0.00011867598345211114
0,3,1,57,17,-0.006028193763091698,0.0005129831248029011,-0.00035793637266951113,-0.00035941789727997044,0.001012041273945643,-0.0008252671375660587,0.0014733119826778232,-0.00185400967618081,-7.164781787631142e-06,1.4634282499877812e-06
0,3,1,58,17,0.0013418594002478253,-0.0017770562832594473,0.0005268212800801681,-0.0032624779777698345,0.0020779377227353475,-0.0016972140319607648,0.0004817472761679395,0.0013277824463043065,6.878909091196107e-05,-0.0006358659928054917
0,3,1,59,17,0.0005497638064148485,0.00027181503802295996,-0.00025466630076951424,-0.00013397645354882215,0.0006238152236095988,-0.00043539660776013774,0.00029058194501266213,0.00036438146393743946,-2.878257793443175e-05,-9.622172765467633e-05
0,4,1,0,33,0.0008219476682827585,7.3759030874082155e-06,-5.9109581082996796e-05,0.00034006357259904174,0.0002297599767980446,-0.00013374894422447104,-3.455730293092189e-05,0.00012495252723737055,2.3760168685996953e-05,-4.647189790345751e-05
0,4,1,1,33,-1.817767768472507e-05,-6.271096721612882e-05,0.00014823841330725406,-0.00024259816428873055,-0.0002958960144309092,-0.0001612355292135778,0.00031649921546763373,-0.00015049345429312685,6.076868754041695e-07,1.2771126908208125e-06
0,4,1,2,33,-0.00043723790812989825,6.75886971065161e-06,-0.000541793167958942,0.00013941468421089227,-4.336602586791027e-05,-0.00011740874956360513,0.00014231841111162822,-0.00016095671791384488,-5.531779347482902e-09,-1.2466660319666856e-05
0,4,1,3,33,-7.01750165957843e-05,-1.7943757470814378e-05,1.1052180723305836e-05,1.073591474406329e-05,-7.47946260398799e-06,3.426914598843069e-06,3.632086355896326e-05,-4.084873346508914e-05,4.7486606586441796e-07,-7.194741083297114e-06
0,4,1,4,33,-0.0030155376824889386,3.9750047029637155e-06,0.00023830787874404562,8.112078970891612e-05,-0.0009521411797311543,9.671093415520874e-05,0.0008769887625260013,0.000857469090650481,5.458004632355814e-05,-0.00019586426275582455
0,4,1,5,33,-0.00044707885644440607,0.00015326036246657377,-0.00017791097319117338,0.00036378999014425115,0.0004076483302527634,0.00037042713894826906,-0.000535585246375329,-6.188165690845337e-05,-1.7108867311199914e-06,6.625799040489464e-05
0,4,1,6,33,0.00013921086545976968,-4.850559750809286e-05,-3.66304927735099e-06,4.165709956212862e-05,3.637295368351744e-05,1.0045883430635987e-05,7.655448350212687e-05,-0.0002149228620248497,5.595843030061941e-06,-2.8463136835531594e-07
0,4,1,7,33,0.0005545277337911426,0.00022365743391065035,-2.239525185215163e-05,0.0004806020329790373,-2.5618837161448417e-05,-0.00023074367344538775,0.0002853402730882867,7.465865045595566e-06,-5.435715763488758e-06,0.0001775487469819396
0,4,1,8,33,-0.0018358105286239215,-0.00022448565924398993,-0.0003711486095651102,0.0006817856885488221,0.0006152685233248887,-0.00015317909191364754,-0.0008969078503534084,0.0010429163798469257,4.0881076535847395e-06,-0.00012305782631340533
0,4,1,9,33,0.00014188967033889994,-0.00010384353650580082,-3.003530208600392e-05,-0.00028035260977778153,-0.00021241065469446884,-0.0001735271648162987,-5.0471948289013576e-05,-4.693618559648906e-06,-1.579680450951321e-05,-6.771743401113502e-05
0,4,1,10,33,0.0004978175347869231,8.664096381526498e-05,0.00019396648764332536,-0.00016628018898738047,-0.0005082837413470708,-0.0003748619121729043,0.00026243573166592407,0.00010870235461489455,5.868470002511727e-09,0.00012296627789513633
0,4,1,11,33,-0.0014587437932766824,-0.00037384300429188597,9.818454757257569e-07,-0.0005327856240735556,-0.0007106071266858212,0.0004492604128834827,-7.3042737786954234e-06,-0.00039650262956862555,1.929573508015051e-05,-0.00015952791811106002
0,4,1,12,33,0.0004111712175335384,9.033867512851631e-05,-0.00023831161104312338,-0.00041178719232377544,-0.000244860660831946,-0.00023718847297433794,-0.00044581925974248167,0.0001640313769496961,-2.0116072202575138e-05,4.9994352628830754e-05
0,4,1,13,33,-0.00026096585463838984,-0.0001975194766941093,-0.0007499574017757051,0.00035317732975709444,-2.4759799058617333e-05,-0.00044262538115224294,0.0001759708582705728,-6.304542616730741e-05,-8.672856240384665e-06,-0.00010559828349824826
0,4,1,14,33,0.000926230338277937,-0.00010317373597920917,-0.00011270991786341488,-0.00019911727807324432,0.0005057046982448232,-0.0006629700822963968,-0.00038292842885665,3.837471845493296e-05,1.4553797173893704e-05,-5.340860925648972e-05
0,4,1,15,33,-0.00032096122857676253,0.00027110894876768724,-4.3001281771674966e-05,0.0003197272360324075,1.3425988891951785e-07,-0.00018264139081268065,-0.0002295872960132774,0.00018241657641655505,2.3633262986059154e-07,8.365761871089562e-05
0,4,1,16,33,0.0004028035552607322,-0.0001948810254426571,1.4756334774517379e-05,-0.00033760059228300825,-0.00024142580587394668,-0.00018716663315343702,8.754022114063329e-05,0.0001415352612075497,-1.1700947818893542e-05,3.378384844993507e-06
0,4,1,17,33,-0.00021602181377167336,4.9035738965522644e-05,1.5965001904221743e-06,-1.4790175398491826e-05,-0.00014421996292585248,-9.219689562142928e-05,-5.232372964839586e-06,1.9380028690791456e-05,4.237368712259458e-07,-2.6711513950874374e-05
0,4,1,18,33,0.0014318726849780411,0.0011707276766968443,-0.0007740958776493391,0.0010116554689233621,-6.753107589086488e-05,-0.0004003170656333833,0.0004019909258004238,0.0002334882649556611,9.682157610181902e-06,0.0007590413905382349
0,4,1,19,33,-5.008080251808374e-05,-9.902625305394306e-05,7.940901101955774e-05,0.00016379594735066363,7.982199138335821e-05,0.0004643815652189078,0.00020130180637258842,-0.000419751335894678,-1.7845306918782197e-06,-4.697513913775735e-05
0,4,1,20,33,0.003598359087068688,-0.0010102649769349065,-0.0008350671694190958,0.0018186089258966148,-0.005631023217338686,-0.0019477169780636621,0.0033822615651183012,0.0012036235491375213,0.00014983462409666132,-0.0008050002847408514
0,4,1,21,33,0.0002190210150876789,2.3126259476845702e-05,-3.055593633855091e-05,-4.00923305208638e-07,-0.00019639098048418422,-0.0003432163192873518,0.00011950352414891776,0.000179506159044322,-9.183394817288756e-06,-2.2847925386942614e-05
0,4,1,22,33,0.0018882965450834153,0.00016485098962449248,-7.2533500458680206e-06,-0.0004277811899798286,0.0008253841094465319,0.00011322775949679195,-0.0004185897021774601,0.001227053020432588,1.8953422233599395e-05,-9.634020479718326e-05
0,4,1,23,33,0.00032137107879166317,0.00010706480160191087,-0.00033038689228537157,-3.448737934457947e-05,0.00047745153392717487,4.956742579313877e-05,-0.00036458774434003474,0.0002784775101163457,8.380258094322155e-06,-3.310817098895664e-05
0,4,1,24,33,-0.0008492544884482412,-0.0003064662205663945,-0.0012881114036295833,0.000504828017115543,0.00031556796624309676,-0.0008741163849782716,-0.0009182879558875952,-0.00041843568447299915,-1.203079067718621e-05,0.00022610200323412575
0,4,1,25,33,4.37223509493791e-06,-8.243460695976035e-06,-3.0677918819343395e-05,-3.266732147567787e-05,2.887401760902865e-05,1.2231857417332496e-05,-2.542568253391431e-05,1.6356158800092637e-05,-3.7536234320549345e-07,-2.659632038083435e-06
0,4,1,26,33,0.0004661204193367618,-0.0004642090511441125,-0.0006409183534806476,5.529821071264559e-05,0.001204034109963564,0.0007637060331885202,-0.0018756245542015148,0.000913427626644148,3.769983548234413e-05,-9.46769885770063e-05
0,4,1,27,33,-0.0010569259124277508,-0.00010275135404373376,-0.0008374587868400601,0.0008168622076031346,0.0002592635687893412,6.75207444852554e-05,-8.556763445747587e-05,-0.00030961093819254496,2.198830607035858e-05,-2.5724748847265543e-06
0,4,1,28,33,-0.0014996572873460774,0.00012752562478902062,-0.00014768638033493443,0.0005717169645653287,0.0004954574062048909,-0.0003356293909814144,-0.00023277421282142242,-0.00013646005774029007,1.6641256728102667e-06,9.49747476196977e-05
0,4,1,29,33,0.00019783445774839795,0.0001403806716148196,-0.00018604745966052842,7.256787673658569e-05,0.00033950231131760054,7.964365160688077e-05,-0.00038417998383483197,0.0005342291307873558,-2.345900138496855e-06,-1.423970152886411e-06
0,4,1,30,33,-0.00027101365411776984,-0.0006526010600484408,-0.0007459302186161664,-0.0003036117955248441,0.0015916774215050638,0.001397839247707247,-0.0007942825929618584,-0.0002371948724233614,-6.78013818401975e-05,0.0006794598523526483
0,4,1,31,33,-0.0028638457001926724,-0.0003794441952534245,0.0017400155317433504,0.001162206347708498,0.001692753615068485,0.0027415332721542982,0.0004838960105973833,0.002726951421183517,0.00016814753753176135,-0.00019980205871112053
0,4,1,32,33,-2.808187404067939e-05,-2.966917345305667e-05,-4.476339602487875e-06,1.3529038004319133e-06,-5.2550199512991e-06,-2.3679912544670877e-07,-2.199226838478604e-06,-2.6588403354104685e-06,-2.7828810770589137e-07,-7.69064150169978e-06
0,4,1,33,33,-0.0010340139087112905,-0.00028214565407287727,-0.00014315382592672006,-4.148889162260285e-05,0.00024722766785146655,-0.00036264921215140396,-0.0006539175259778226,0.0005527038564661639,-7.720456825372017e-06,-4.041673268379099e-05
0,4,1,34,33,0.0027166805494790334,5.888876690069554e-05,-0.001532307615297289,0.0013400705377145234,0.0007253789970339592,-0.0003466977179020162,-0.0015378304841909345,0.0015903669336086348,-4.221300319526721e-05,9.77843995453624e-05
0,4,1,35,33,0.00015460151099278458,-0.0016604354822213926,-0.0009221149820010574,-0.001112269295419828,-0.005122060192358773,-0.0028090999034581917,0.001062559594538793,0.0017156645138581735,1.359625079480138e-05,-0.0003076736249068402
0,4,1,36,33,0.001204387350319996,8.825940481976188e-05,0.00024485354092579597,-0.0005300792319918334,-0.00033879077030695256,0.00012358080465628443,-9.384367678468353e-05,0.0007671810602793729,-8.886566649347828e-06,4.128050771039934e-05
0,4,1,37,33,0.0005574344369094821,-8.213890516609959e-05,-0.0007494593026085117,0.0005176124801520292,-0.000187299143478873,-0.0014866565745195197,0.0003086147260971192,-0.00017776914420804745,-1.870030929376503e-05,4.625994323284483e-05
0,4,1,38,33,-0.0014859837040357821,-0.0007260549617520071,-0.0003540316587809845,-9.791639290468345e-05,3.2828093467219585e-05,-0.0005874230188200999,-0.0003939963847081362,0.001346238976345636,6.2413408627658525e-06,-3.0485685472878854e-05
0,4,1,39,33,-0.0005249943357922048,-3.608963076369872e-05,-0.0002016698000874242,0.00021403037036648993,1.3599010783078777e-05,-0.0003251709394263889,-0.00027146015031587857,0.00022073554399327063,6.25101589278609e-06,6.278915542467904e-05
0,4,1,40,33,-0.00027017123904639204,0.0032496402365749803,0.0016082172318578457,-0.001533527336020087,-0.0005010326374004457,0.0028093181701549274,0.0016008839142573337,-0.003551824254055287,6.279205407311613e-05,-0.00017896133470813935
0,4,1,41,33,-2.3413798462383292e-05,-3.8876414157279205e-06,2.58737560303559e-05,-3.891134362767339e-05,-7.000119577837769e-05,-1.761771418614145e-06,8.834158847292761e-05,-4.1350579336918406e-05,6.598823296319373e-07,-2.0303459529239504e-06
0,4,1,42,33,-0.0007150020074963544,0.0002531552202799031,0.00016048271341931685,-9.685734596967935e-05,-9.32315736164225e-05,6.194468533703139e-05,-2.456557506684331e-05,0.0003633015232403614,-6.911517194925318e-06,3.8976933560285264e-05
0,4,1,43,33,0.00038888776125336447,9.117576375656044e-06,9.525888819263172e-05,1.1400975807660203e-05,-6.970209717239056e-06,0.00017091777940114126,-2.1403059263148935e-05,0.00015028905909818995,6.199500628240759e-07,5.525604760868921e-05
0,4,1,44,33,-3.497419998313038e-05,2.4603628032115796e-05,-2.267037217663029e-05,6.157779246627161e-05,3.943373997996648e-05,1.7081304810020704e-05,-2.112109111995316e-05,-6.365183550880638e-06,-2.27846152608115e-07,8.86852166839635e-06
0,4,1,45,33,9.889965138643928e-06,6.17057322549183e-05,5.1662168701261397e-05,0.00010771037708454002,9.901745903213942e-05,-0.00020182970556634913,3.89438616055894e-05,-7.430906492151648e-05,-1.0879684479384612e-05,7.66391886264486e-05
0,4,1,46,33,-1.2300858263903146e-05,-0.00010052779119867328,-0.00013210537562682574,4.4407778880262583e-05,-3.76545578574637e-05,-7.967806806528299e-05,0.00010496955047915947,-8.932330125578383e-05,-1.5768464323304478e-06,-9.335343079701778e-06
0,4,1,47,33,0.0001532225568682948,2.5750598850949158e-05,-0.00010492967945673011,-9.293119371063105e-05,3.378379155330891e-05,-0.00013055378455689322,-3.357704260077473e-05,3.141128552969222e-05,-3.665609629275958e-07,1.3859018105769126e-05
0,4,1,48,33,-0.0009525870638966712,-4.283257477028925e-05,-0.0010597852756222702,0.0004105708939216468,0.0011575383824231273,0.0009603622550632902,-0.0010911667739679342,0.0013697441950314623,7.069313045357204e-06,-1.0371723140819951e-05
0,4,1,49,33,-0.00015228277224917192,0.0006330895711425356,0.0007218041108164087,-0.0006939019772762324,-0.0001738325691098539,-0.0005002074937793009,-8.107917944458493e-06,3.546314360876661e-05,5.958244945968228e-06,0.00038499923970117993
0,4,1,50,33,2.9467721693146736e-05,-0.00015997917368272782,-1.2959976486263145e-05,0.0004468639804472566,2.5643043790360188e-05,0.0001925154446061398,-2.6398403614975806e-05,0.00016986426532002302,-5.078861661905733e-06,-3.8504247397124814e-07
0,4,1,51,33,-0.0006183341617588115,2.2921513835398827e-05,0.00041007769066003785,-0.00019372534526460535,0.0001385151521874403,0.0005425091792303326,0.00020257405734582968,-1.4739012682028793e-05,-8.904713251254816e-06,5.4180597450400235e-05
0,4,1,52,33,-0.0027097090445166367,-0.00023571366319610046,-0.0004918344431888088,0.00021299681332910986,0.00039431983881039535,-8.191184608917144e-05,-0.00048516724766999725,-0.0001322834613561029,3.3773312228494385e-05,-0.00022859815795505414
0,4,1,53,33,0.0004225205795369442,-2.8250264623917792e-05,4.120232730594689e-05,1.7562465788782247e-06,8.175340074077228e-07,-3.144876262391045e-05,-2.788607747774079e-05,-9.21664144209725e-06,-1.3048050524548746e-06,7.449637378394634e-05
0,4,1,54,33,-0.0006789363118142309,-0.0006055817383686619,-0.004046039158958681,0.0012328928679086835,0.0021795662394644313,-0.0005485198432807028,-0.0002278032343248975,-0.00023244707902341319,8.25722340572625e-05,0.00020573471585825481
0,4,1,55,33,4.362953366086509e-05,1.9706585903592825e-05,2.788949593884162e-05,-3.0356409172817223e-05,-4.029059511179834e-05,-3.725927884270374e-05,9.762209237202865e-06,-2.2757456823286494e-05,1.2905653018683295e-06,5.484925244320362e-06
0,4,1,56,33,0.00024099456940298764,-4.0450201897833407e-05,1.5681027966352383e-05,-0.0006737856325596163,0.0002434920509783983,9.854044845076021e-05,-7.974427708704766e-05,0.00017994464437862866,-8.918551649794037e-06,-6.781237597154163e-05
0,4,1,57,33,0.0027967900471429683,-8.827754480501011e-05,-0.0006717499760452254,0.0009192258032239667,3.260617462395777e-06,-0.0003929907489888021,0.0016069977257433601,-0.0014755077517301862,3.329357766982175e-05,0.0004188372566413133
0,4,1,58,33,0.0005016067817040331,-6.347624463727132e-05,-0.0004081807568585307,0.00012886786900284902,0.0004154839504917923,-6.0948168238095086e-05,-0.00036646417079862377,-0.00025881715360150635,1.3067632729054017e-05,0.00014322788418890645
0,4,1,59,33,0.00019758980589571165,0.0002439864065159685,-2.911837936066561e-06,4.3906846822036345e-05,-0.00011910930486092032,-3.7791528116549323e-05,1.818267723368025e-05,0.0002982660093432725,-6.1168215532341015e-06,7.279307230677959e-05
0,5,1,0,65,0.00014749511085102265,0.00020078795627918037,-0.00026875775425778606,0.00023286946490401692,-6.48271501986616e-06,1.1755160172491542e-05,2.405116531633917e-05,-8.950681192704812e-05,-2.055692969997251e-06,6.868603106120657e-05
0,5,1,1,65,-6.577533531311764e-05,-1.1259707355147726e-05,4.401917705099687e-05,-8.282829776802222e-05,4.074691144505869e-05,0.0001016244862304897,-6.249757574787244e-05,-9.76991820223387e-05,1.4407367849760041e-06,-3.163650062725623e-05
0,5,1,2,65,-7.314457245239265e-05,-0.0001059628073487221,-1.0829819799078236e-05,6.158975307050373e-07,0.0003306350331936365,0.0002499264388211619,-0.000449004718590086,9.760390461657519e-05,-4.5261738410988134e-06,3.0133428139697236e-05
0,5,1,3,65,-0.0014551909337862728,-3.528541703405199e-05,0.00032199644339388184,0.0004885394170698854,8.310533159007897e-05,0.0007834088503461745,-0.0010943347268476255,0.0005878385181450233,-6.4694786832937e-05,-0.0001976668483048295
0,5,1,4,65,-0.00034809818400564115,9.080387809338704e-05,-0.00016607853998436083,0.00011384366205802268,0.00014263238300659181,-9.646265430882381e-06,-0.00012876142844267288,0.0002324690848887135,1.16538612962724e-06,2.7428856062868734e-05
0,5,1,5,65,8.256743017652755e-05,-9.186934080096979e-05,5.2687949758889806e-05,-0.00013933956259911773,-4.565527205721933e-05,0.000163245775614586,0.00018091070562831744,6.93487716054296e-05,-5.6494039519341114e-06,-5.9990881736619334e-06
0,5,1,6,65,0.0002933975621607787,-8.400035522701287e-05,-9.708246204953639e-06,0.0002533993779594218,0.00011929255173912629,0.00014111651027156688,-0.00032743288870512046,0.00019810426033191453,1.0172264456551144e-05,-5.663696621551441e-06
0,5,1,7,65,-3.165892935212093e-05,-1.210869387941263e-06,8.168272392559928e-07,-2.1498903925452874e-06,3.107637242784108e-05,5.437148538081541e-05,-4.8344956303650536e-05,5.9463468128313826e-05,1.871159992587195e-06,6.9117906181765955e-06
0,5,1,8,65,-7.36346977615419e-07,1.926035577430123e-06,2.631011572216745e-05,-1.783711368316251e-05,-1.1625333384598822e-05,-7.389278326088838e-06,3.229613778114738e-06,-1.7659092574636347e-05,-4.5830563540498146e-07,8.119332393978954e-06
0,5,1,9,65,-0.001533872442455464,0.0002537710583610293,4.7259200691993016e-05,-0.0005742652054968111,0.0013398239242395221,-8.997774332005295e-06,-0.0005173424876185918,0.00033345907132838524,1.7920040829748379e-06,-8.474902976944834e-06
0,5,1,10,65,3.0370345019760194e-05,-4.848944348782111e-05,4.870481150109036e-05,5.863584212676565e-05,9.012541070740802e-05,-4.591166094490187e-05,-0.0001572746177604864,0.0002658438222752669,-9.563200603652395e-07,-3.0494134678702393e-07
0,5,1,11,65,-3.116351472589991e-05,-2.7720111699340565e-05,6.390700405670018e-05,-0.00012832781787366164,-8.903128149548566e-05,4.7566899623699406e-05,-7.348022616617525e-05,0.00016955565513785195,-1.250779984551099e-07,8.106407410200513e-06
0,5,1,12,65,-0.00022581309868466477,-5.762178770716128e-05,-4.675525095759702e-05,6.113009900632006e-05,-4.480444650716105e-05,-3.842168692932098e-05,0.00010312961839046341,-0.0001123091599655662,1.6513780278405004e-06,-1.1202938324688828e-05
0,5,1,13,65,0.0033999583649419202,-0.00016433395997650125,-0.003036745016006994,0.0029647553278118856,0.00074297325429824,-0.0010358173435803114,0.002267923058963493,-0.0031660534232051175,-0.00010764423003298676,0.0006283236437981044
0,5,1,14,65,-0.00015102207487911265,3.374205474151711e-05,4.311452812962063e-05,-2.539528667978617e-05,-2.785505403613414e-05,-3.08248091475112e-05,3.123958686568047e-05,6.785999627061435e-06,4.555479627525475e-06,-2.6459613993529754e-05
0,5,1,15,65,5.2287477448385635e-06,9.345245096077652e-05,4.102087401241211e-05,1.7400652838106036e-05,-1.0052074588123372e-05,3.656290643975857e-05,-9.954118786937171e-05,1.3852403081297558e-05,7.009746750348359e-06,2.4660646499951468e-05
0,5,1,16,65,5.3974583747097645e-05,-1.19202310952739e-05,3.758862629618925e-05,2.2782114532177677e-05,4.7099879755888775e-06,7.601685509992362e-05,-6.286919313110575e-05,6.919252982871467e-05,5.385628200293867e-06,-3.589589061907576e-06
0,5,1,17,65,-8.993712393241494e-05,-5.4909879943408515e-05,-0.00014103086954089084,0.00011067435354462084,8.908237059242219e-05,-3.709675709790542e-05,9.045796763827095e-05,-0.00010886679965070226,2.6145228210012246e-06,-1.8997978379101556e-05
0,5,1,18,65,-8.463200916378282e-05,-2.6060531134270894e-05,-1.2206416438986922e-05,-9.339185475655843e-07,-6.514318921398681e-05,-9.919416028274827e-05,5.04261088885136e-05,2.1697888601347665e-05,2.0946783812831532e-06,-1.7252686381772735e-05
0,5,1,19,65,0.0025565892879086884,0.00023420362401942594,0.0004269246506168586,0.00017513541235830197,0.00019351446645628388,0.0016202966613005126,0.00025720504078151737,-0.0011032682619759298,5.852436586205704e-05,5.3332166052031314e-05
0,5,1,20,65,-0.00034535650043522175,0.00039365183395836435,1.8546288363891723e-05,-7.451120140972896e-06,-0.0006140801812130069,-0.00026512702744881214,0.0004110503381334205,-0.00019497350347832273,-3.8155788652006595e-08,-3.146277948014294e-05
0,5,1,21,65,0.0009383063287417435,-5.5751364753805334e-05,-0.0008935392430523977,0.0006902038239063401,0.00018257834357263413,-0.00038772680499917677,0.00016956920687521583,-0.0001427610561332414,-9.03848077002505e-06,3.793007759839411e-05
0,5,1,22,65,-1.1656511465034884e-06,-3.747958437194625e-07,4.4824518845965637e-07,-8.475806000253364e-07,-1.3561249173883283e-06,-6.05160153615244e-07,1.0940022558913324e-06,-6.251561849552986e-07,5.0983247369832144e-08,-7.18401064549335e-07
0,5,1,23,65,-9.948927856007477e-05,0.00010676187704496675,-0.00037368759434019413,2.5416699699583333e-05,-0.00023577837153569448,-0.0003352323203110663,0.000327886274128637,-0.00015069063037865163,-7.288521684165797e-06,-3.075027800667565e-05
0,5,1,24,65,0.0002139511432192983,-0.00016410241688818666,-0.0007685681207728874,-9.496907621149693e-05,-0.00034589910504438697,-0.000178967189664428,0.0006532894250655566,-2.8994623459042175e-05,7.389843313426327e-06,1.1723796474309687e-05
0,5,1,25,65,-2.6558197965392e-06,1.3171766937726435e-06,-1.3591030106689681e-05,2.0740008874068413e-06,1.0202686259102259e-05,2.7694732197217816e-06,3.533478562131466e-06,-1.021113711511059e-05,3.631877308566356e-08,4.854849064312163e-06
0,5,1,26,65,-9.56522446160257e-06,-9.120052713561059e-05,-5.6105048198427636e-05,1.85611015428906e-05,8.572103777269184e-05,7.977428997867065e-05,-0.00010233747295318204,5.9475389279816765e-05,-3.995716004530676e-06,3.06597800191203e-06
0,5,1,27,65,-0.002215369413069176,0.0007681389247343489,-0.0010788213221633472,-0.0004494447745228545,0.000396083894623005,0.0013172087886875875,0.0004065565997455874,-0.0030795753254056124,3.924650762506238e-05,-0.00023107547354954646
0,5,1,28,65,0.00018258134436455813,-0.0003778443659911073,0.0001513410145218682,0.00011201108500562797,-0.0007983543512203431,-8.268122447942579e-05,0.0007853280071601894,-0.0005531263461024603,6.149853829210391e-05,4.212234479808742e-05
0,5,1,29,65,0.0012670165420317096,0.00024602553737934304,0.0001747625145615002,-0.00022734881626870974,-0.000848325611454728,-0.00021579266458189285,0.0014595743205724702,-0.0006162339227898606,4.773245707941109e-06,-1.2635284003403316e-05
0,5,1,30,65,0.0014010319604220833,0.00013410637162049576,0.0007762551677616215,0.0015318460184752507,0.0005558031068751963,0.0028438631413058857,-0.0017595110768538324,-0.0005821263027264409,-1.2275294498602767e-05,-0.00012700664681528477
0,5,1,31,65,0.007069376735039847,0.002804655706191102,0.0015164466115468963,-0.0016257649922674748,-0.00526749940680678,-0.003556231235698625,0.007524087775642057,-0.0011012775394996293,0.0003743818821918547,0.000808968321789469
0,5,1,32,65,-0.00012211529438468338,0.00013102436458796676,7.940625143621501e-05,-2.0689452850186205e-05,-0.00013300283560080877,-1.3945805168592479e-05,5.763643773044099e-05,4.746248090204095e-05,6.686031830555863e-06,4.120432439390631e-05
0,5,1,33,65,7.148409259744818e-05,-0.00011515303028872063,0.0003929730067502809,-0.00037325925412391356,-0.0006031978879779693,3.258788499686653e-05,0.0003913554467532698,0.00018017148454942998,3.1039084105713757e-06,-6.640087854047492e-05
0,5,1,34,65,0.007268396216108267,0.001906210571572323,-0.003407165036933854,0.0010523298098170234,-0.0041787056880308445,-0.007812711783817426,-0.00013485421669933096,0.003482875552789836,-8.622625893636802e-05,-5.310408242135077e-05
0,5,1,35,65,-8.055409515152857e-05,1.0521649044072573e-05,2.3556779759631457e-05,-4.648378140452274e-05,-1.5983440642914778e-05,2.1273750329280537e-05,4.061618624957123e-06,-7.279455507289347e-06,1.2237388466416776e-06,-9.948352871836137e-06
0,5,1,36,65,-0.0028591948701461242,0.0006256537532152732,0.0007458769763280741,-0.0003634144452177156,-0.00030684825695837924,0.0006063472027100183,-1.865123049898023e-05,-0.00011706331326425574,4.1931736412344125e-05,6.884288702555583e-05
0,5,1,37,65,5.5176023866557597e-05,-5.0101392966380485e-05,-0.00011281318596254124,-6.55532020380517e-05,4.304382590855739e-05,-0.00018308262889174624,3.105132841112743e-05,-3.421178851729816e-05,-7.766550935920604e-06,-3.362834620188629e-05
0,5,1,38,65,0.0003137488170054172,0.00021816130962953986,-0.0007767250334429378,0.0012133683343518535,0.00014847905830276607,0.00012154305921034485,-0.0002455471018209702,4.651416284396676e-05,2.431323618779367e-05,-8.130688299106222e-05
0,5,1,39,65,-0.0008966679910077433,0.0002512113306148966,9.359943414879731e-05,-0.0003120965679989571,0.0005285109629213115,0.00016027003395019802,4.259266585593699e-05,0.00034391993925085286,1.8344883810037714e-05,-1.0165086803140375e-05
0,5,1,40,65,-0.0006920159743761555,-3.2912878485277435e-05,-0.00030258633367911036,0.00013770285178037214,0.00028162016884874277,-0.0004989747428524549,-0.0003343326213024836,0.0002817049514301597,1.5293685522344213e-05,-4.788282235530704e-05
0,5,1,41,65,-0.003971777657748804,-0.0005748108421459373,-0.0011399447972951686,-0.0021134060634178963,-0.00026329365899875585,-0.0019871700729598343,0.0011988037259460947,0.0003404499066772136,-0.0001823784851693664,-0.0003460688475532631
0,5,1,42,65,0.001042437525867239,0.00014993347133410382,0.0004026017119274996,0.0003650366374489625,-0.0003182266897549469,-0.00017547972442276435,-0.0004998990292962608,9.052249514752344e-05,2.2527782415290468e-05,6.0367162372868447e-05
0,5,1,43,65,0.0002260251209766352,-3.875598014376357e-05,0.0001477663911581172,2.606066703326746e-05,0.0002144710693357344,0.000127875734368389,-2.1625060199062495e-05,-0.00011375344737689113,-2.511928835364566e-06,-3.8225508693559744e-07
0,5,1,44,65,-0.00021791185280134584,-8.604846819454779e-05,0.0017073925199424364,-0.00214050134563908,-0.00015878441377555706,0.000803517889026655,-0.00011792338516972274,-0.0001719928922143634,-6.999492417715585e-05,-3.4084753374233373e-05
0,5,1,45,65,0.00016627645699898987,0.00013141695202814342,-5.8337204543311915e-05,4.0130521689113225e-05,8.986593378411205e-05,9.708498300060089e-05,-6.66028053070219e-05,0.0002464572789641283,-1.913349105889112e-06,-3.298971185855485e-05
0,5,1,46,65,-7.661247164350617e-05,-2.926830803907811e-05,7.445416968025437e-05,-9.156744188782268e-05,-0.0001026616339194871,-8.253480328777171e-05,4.946443538831971e-05,-1.722415005683414e-05,-3.302887331263371e-06,1.2827362702838835e-05
0,5,1,47,65,-2.325033925689191e-05,-9.850931675725885e-07,9.62416231484387e-06,-1.5070552112868642e-06,6.808974951168642e-06,6.8831203699191535e-06,3.2794987278296313e-06,2.583339960708446e-06,8.180224212528417e-07,-1.9292928333558394e-06
0,5,1,48,65,0.0006711031392244057,-5.0348055418398935e-05,-0.00017481629976163435,-0.00019025806766213393,0.0003314906730044835,0.0005584572764756221,-2.09564997719137e-05,-0.00029723605246004676,1.2570285439228804e-05,3.8571522660033255e-05
0,5,1,49,65,0.00027639470318384835,-7.121295761014696e-05,0.00036166269066050514,-0.00012704901330850586,0.00010824784109912386,0.000282646075491588,-0.00028524294314988887,8.236429111108756e-05,-8.977271545021881e-06,-3.177284760477723e-05
0,5,1,50,65,-3.666536302780909e-05,-3.364255471923812e-06,5.064987956198937e-05,-1.7154106402416238e-05,-3.462862946409473e-06,2.1380342624790053e-06,4.647548616605473e-06,5.956970226456258e-06,-9.224906336333708e-07,3.7814960593093436e-06
0,5,1,51,65,3.701607272888519e-05,8.938151279602384e-05,-9.744049773281925e-05,-0.0001538959667652424,-4.873194497295765e-05,-9.169215941438442e-05,9.186883163237058e-05,-4.983702103908959e-05,2.8089924310936115e-07,5.478808763520097e-05
0,5,1,52,65,-0.0004743852982090453,0.000205295288965992,-0.00015364005615986102,-0.0004248477200582261,0.00025331823832728536,-8.912348730415896e-05,-0.00022841646712931196,3.350168609477693e-05,6.368492068850817e-06,-8.821917412665251e-05
0,5,1,53,65,0.0001639337836752551,-5.969087346920826e-05,-0.00011735529433752762,0.0003640469170673562,2.6937550068344152e-05,-0.00016019803708418345,-0.00013427822403773188,-3.517841042172608e-06,4.320544491198831e-06,6.577233241820462e-05
0,5,1,54,65,-0.00036384389006028235,-0.00047990680673470106,-6.81149952148396e-05,1.857768951607225e-05,-0.0005964785098474175,-0.00106570414450844,0.00027305320362387795,0.0003376906664902037,8.720668084277595e-06,-0.00021456958911612943
0,5,1,55,65,-0.0013213653463754792,-0.00019617848492682038,0.00027405188177329645,-4.268685323290177e-05,0.00018983170214217001,0.00015407868531559516,-0.00029221001404419094,-6.168092770154324e-05,5.178013976990651e-06,1.122258666633795e-05
0,5,1,56,65,-0.00010588268017643797,0.00028623166612715806,5.77992261665479e-05,-0.00011125856218072427,-3.278043777178227e-05,7.248105636637316e-05,5.2724763140096735e-05,5.0397241247886995e-05,5.364743082307523e-06,7.051713303271503e-05
0,5,1,57,65,0.00012252862214474344,-3.776073613980335e-05,-0.00016756496958972346,1.1721480136414222e-05,-5.065120402149621e-06,-9.971403806766553e-05,1.3695593394884004e-05,7.67622204476661e-05,-3.6464644738581366e-06,-2.808955324318396e-07
0,5,1,58,65,8.471023551568727e-05,6.506313378929176e-05,-7.186442068895995e-05,-7.814821461638528e-05,5.0969295627097434e-05,7.001421361585875e-05,3.709266299153217e-05,-4.4168928172482884e-05,1.1896510229249608e-06,-9.195514310233934e-07
0,5,1,59,65,0.00010066836277815094,-1.6386496615251324e-06,-8.035908061059901e-05,-2.4543453628033637e-05,9.532168638874168e-05,-3.074918652934396e-05,-4.2801654961661165e-05,4.4047386814667794e-05,-2.8847035728458263e-06,-3.6695941044939076e-06
0,0,8,0,10,-0.02561498455415496,0.006811591787300718,0.0012019714445312248,0.024881019518626937,0.00020977400227732224,0.006887186632554165,-0.012256868152082876,-0.00304369068885175,-0.00015338066745954456,0.002242465260970422
0,0,8,1,10,0.009471421659213747,-3.707202700681207e-05,0.0024778496954196458,-0.0025663292069884208,0.0007418753591635026,0.00034913925338252833,1.4575323958231946e-05,0.0005412564217543253,4.3143205298408045e-06,0.0008009592853210981
0,0,8,2,10,2.3512534844328753e-05,-2.957677225677844e-05,-0.0004503694358165011,0.000504192910973579,0.00016403216538699936,-0.0006681849159895136,0.0001009466603834885,0.0005767605568884642,2.872360724116079e-05,0.00012043099962289521
0,0,8,3,10,0.09621346985543196,-0.005393994033391177,-0.03325711975100151,0.029315326037488175,-0.034470841876868843,-0.02543494138439316,0.007703709514763528,-0.006749415377265869,0.0012528085075565723,-0.009882773277145568
0,0,8,4,10,0.0003927507404810047,-0.0002028508140889722,-0.0004486832327640257,0.0006719525359419713,0.0010590167173701785,0.0006501079064373784,-0.001131101368347079,-9.207472982448291e-05,3.557723370779392e-05,1.1877841418710416e-05
0,0,8,5,10,0.005476222126238644,-0.0012487641575634372,-0.003342499269039902,0.005223948907650345,0.0018517283240784567,0.007617640355757476,0.0009542439979805168,0.005891719852953721,0.00011172988640706618,0.0001344731662376831
0,0,8,6,10,-0.009932420675518637,0.009524737430728507,0.018888325955513496,-0.03260833433280633,0.02131368853571182,-0.0008070841436396446,0.0005095261623955898,0.008195814529328391,1.2438967698147361e-05,0.002274799277803442
0,0,8,7,10,0.14294792267355746,-0.0012811223882716121,-0.0091321661428654,-0.0006633664968086776,0.014392194218735185,0.03533599474747008,0.023375282361934806,-0.018385370940813214,-0.00030162095963743793,0.0014671259747260695
0,0,8,8,10,-0.009769193909200856,0.0022379509824028113,0.008713759337345786,0.00666693618331372,-0.03249478103554689,-0.006846421160952409,0.014048805659663289,-0.0033834298321074327,0.00021086559892027876,0.0019506618166671374
0,0,8,9,10,0.00015982373549066172,0.0018794321345673227,0.0037711453051970938,-0.002114313981375257,-0.005748342702771523,0.0023700689431614933,0.008706221324841163,-0.004606845352294518,-0.0003184925321469612,0.000944882226525152
0,0,8,10,10,-0.02222684520436135,-0.008823426134176223,-0.03950485135042685,0.05005527849116626,0.02077456470426359,0.007042688217415223,-0.016370882363499296,-0.0063376627749312,0.0007006929332026144,0.006459364148202706
0,0,8,11,10,0.001473857735379213,0.0001060437806112782,-0.00229458344166363,-0.006391341454095193,-0.01731925984666151,-0.013418944962555466,0.021355550863516096,-0.007081071078739347,0.00018874496730868706,-0.0015970182346481312
0,0,8,12,10,-0.00858222748044839,-0.0075428252568988195,0.06900885305780861,-0.05399863077290387,-0.04663324079123875,-0.016885069204156368,0.04340711302284756,-0.053310587879591274,0.0003004843912047945,-0.004652583073433067
0,0,8,13,10,-0.008149539150091133,-0.0010032775519756157,0.0037818197899388054,-0.0016689702042537089,-0.0029387116266809334,5.383445443354299e-05,0.003326405766184676,-0.001086784221331972,0.00010036242950306161,-0.0007121443249382721
0,0,8,14,10,0.001650751728637598,-0.0016362672304790352,0.004218247123647548,-0.0065850399436877104,-0.00487685522750382,0.0007463660350162276,0.004234352450865241,0.002836073023267762,0.00039586498626316034,0.00030850156426676925
0,0,8,15,10,-0.006544102138460962,-9.851097156237414e-05,0.0028530799212321974,7.732042643072043e-05,0.001093406254433987,0.0020600394485282706,0.0027331547342126193,-0.004224519019257687,-0.00021408134082768937,0.0002666383677795728
0,0,8,16,10,0.05619194279222376,-0.005200032653334887,0.044200619955091454,-0.012919678765485188,0.006365201251230796,-0.03922033874588364,-0.029840847691363564,0.007315545983193417,0.0015621052792086287,0.006461171894868676
0,0,8,17,10,0.005533627270422621,-0.0014184435037199717,0.00035892813219302937,0.0005098024598816505,-0.0021103655539474273,-0.001572033580930892,0.0013367445971204266,-0.0014889519616755635,-2.1447857010244783e-05,0.0002738797568058118
0,0,8,18,10,5.811677000980708e-05,-2.6557771312588194e-05,1.8991994129865154e-05,3.5221796872661695e-06,-6.701514612801073e-05,-2.061060637239651e-06,7.743698894627083e-05,-0.00010171311472545973,-8.669295557532754e-07,1.5400375831348952e-06
0,0,8,19,10,0.004762415095431343,0.002050225460448833,0.0053347646595295305,-0.004500582331307256,-0.001839956849847785,0.0008160312440518029,0.005701795254057244,-0.005637979855980619,0.0001469128994016676,0.001040293458059594
0,0,8,20,10,-0.003614488784657986,-0.00022136730878764347,0.0002794202537295451,-0.00022672261153104466,7.824914095963271e-05,0.00041860953711730605,0.001147578689311567,7.614081430705808e-05,-9.302457549946602e-05,0.00031190269861046713
0,0,8,21,10,0.0024565005425839586,0.0011491548414486704,0.002398158027087133,0.0014157277121824555,-0.001628269332616725,-3.169319756991969e-05,0.0003082682992004748,-0.00048240491764358506,-0.00012005594595197235,0.0006575543060532785
0,0,8,22,10,0.003978437667027765,0.0008828873995735258,-0.0022198921859642156,0.0010251624641707095,0.0035154578590710114,-0.000459601701048404,-0.0029115580872421413,0.002409480381202465,-0.00012971508660401704,-7.741229648615587e-05
0,0,8,23,10,9.848654962264525e-05,-0.0001341326650445035,-0.0001244925999891148,-8.36677542920183e-05,1.361961942701525e-05,6.03702546868976e-05,-1.1147117865541796e-08,-6.516067866886128e-05,4.918079830446409e-06,-1.5673457419926844e-05
0,0,8,24,10,0.00235219832298847,0.0007904984764896972,-0.0011904813218709238,-0.002130257028566109,0.003158727645724099,0.0027334738576872872,-0.00011578289345967645,-0.0014981891424780236,-6.761158347942154e-05,0.0007170908581028248
0,0,8,25,10,-0.0034775911499164112,-0.00032450330194621995,-0.00421103333258434,-0.0037485382451913803,-0.0014403781483058563,-0.005169495223311684,0.000632004461238468,0.001049342150424274,5.212458710796699e-05,-0.0011041790601376156
0,0,8,26,10,0.0012388369201319785,4.3559429543449496e-05,-2.6306660765676904e-05,-0.0002480202294490555,-0.0005285588448884404,-0.0015857013399571027,0.001647646148840754,-0.0008260646156074948,-1.6836837837740754e-05,-0.00014173857074035984
0,0,8,27,10,-0.0029747058590982277,7.662897795028824e-05,-0.004004900179363593,0.004276655253344076,0.008792788774264254,-0.0029378712026826015,0.0014885062464023427,0.0012676446504650482,0.00013273170548064745,-0.000143320192056111
0,0,8,28,10,0.019048460389801562,0.007980007689382836,-0.005085856922234387,0.007697193537974776,0.011285921809573402,6.424301904223075e-06,0.0022594852638833703,0.012352951982809102,2.1616977950446343e-05,0.0015614623958741273
0,0,8,29,10,-0.005892227850795799,0.0009718469786531452,-0.0016972998097844626,0.0005716171175959778,0.0024006470757733747,0.0009991983356671193,-0.0018780896426171228,0.002055843060278419,-3.459359644451457e-05,-8.933403006694974e-05
0,0,8,30,10,-0.0029193573850562256,0.0003003748530405964,0.006759077491916753,-0.002792757596726536,-0.005728558969897967,0.00015482784440909155,0.006147664541241161,-0.0036233047811820612,-0.0001640296815753643,0.0010957526226122386
0,0,8,31,10,-0.04841947601808851,-0.0067983630651651476,0.01379538276235243,-0.019479676101624686,-0.07989148250439644,-0.031615115327659885,0.06984613266120372,-0.025331522935535963,0.0022037151488244794,-0.0016972650610494022
0,0,8,32,10,0.0032622330792465336,0.0018868343204078227,0.001804408452457966,0.0028425552291121156,0.0036253659939872755,0.0027169328075170164,-0.011025239025117456,0.0029764657650141295,9.897327461709891e-05,0.002146261204583824
0,0,8,33,10,-0.03508874392890325,0.015081900776310097,0.004842698060899594,-0.02920011939045198,0.008611390763351892,-0.0008217595688027068,0.0009050274847493527,-0.015420609355111626,0.0005543152182364024,0.004138176031668134
0,0,8,34,10,0.00035730677244107665,-0.00037695062565964554,7.560167756250122e-05,-0.0009455893287967306,0.0003864377431614377,-5.404416182018487e-05,-0.00018179061315753801,-0.00048282971468692384,2.92856770191471e-06,0.00020760402326211848
0,0,8,35,10,-0.007570073994446064,-0.005542746262247976,0.01829981491768192,-0.017956816578700987,-0.010283687271163891,0.0050519389971043615,0.011578094109199407,-0.010786624952406164,0.0004432267889701238,-0.0004263824246371159
0,0,8,36,10,-0.00867233728496664,0.004869917410686787,0.0027875013642438386,-0.00059658275550607,-0.0004893546915804301,0.00405889412755588,0.0016555521672574423,-0.001977637557631726,8.714996094693779e-05,-0.0016435137984284892
0,0,8,37,10,-0.037997139829085,-0.0208249423390763,-0.06578871261556295,0.010625700120992808,0.010049772438598968,-0.022655328583454135,0.020866523145533427,-0.03768672064241764,6.506757996483511e-05,0.000521982145885784
0,0,8,38,10,-0.003527373496885756,0.003468814888938543,-0.0010513104432285343,0.0038795861953288425,6.159696004422047e-05,-0.0033819043245203375,-0.002611598917859979,0.004242896096739441,7.16603817948927e-05,0.000977050850594326
0,0,8,39,10,0.0747284479714978,0.013682901407396506,0.023173052777061005,-0.030760397928613015,-0.01048102378351049,0.03661679033084829,0.03690525984006527,-0.01765121410909763,-0.003071733837820798,-0.001981215138120456
0,0,8,40,10,-0.0016651559501326026,0.003541072964391591,0.004971368680352694,-0.0022652608573645733,-0.0030778619823384596,0.007233847450801741,0.001181452123048893,-0.001708746285672334,-0.000270783908960854,-0.0014426222132751748
0,0,8,41,10,-0.03673069352298403,0.0034152019788759908,5.4250744142864994e-05,-0.0014207972982140686,-0.005236681026314868,0.0025023620943939845,0.010011218823780216,-0.008201444812982628,0.0010693056951429987,0.0006928689035720915
0,0,8,42,10,0.00735927700753503,0.0001271329433240383,0.00015603026315461066,0.0013933314888821048,0.007291404310403406,0.004350158023949765,-0.005150089882325869,-0.0014559310065874864,7.619126007669171e-05,0.0016757301028476165
0,0,8,43,10,0.013699489627075786,-0.004611484403500961,0.01072619046219373,-0.013606693787089208,-0.012923681872831013,-0.012126734086235286,0.015724372006411896,0.003973145142165568,6.257253521281804e-05,-0.0003762384942573554
0,0,8,44,10,0.008824707454873508,0.0015021076355068862,0.0015267742268234182,-0.0024238716792980147,-0.0008126307555168365,0.0015752366284299151,0.0021211182081584605,-0.004979221261214259,0.0001005470997627797,0.0018019450275761659
0,0,8,45,10,0.01721429159851685,0.004189892366914928,0.004277705004777643,-0.004699684673776934,-0.0023280531060888357,0.011432571380943089,-0.0013343339059460734,0.0015620184122457105,-0.00022193233379334145,-0.00043128731944174463
0,0,8,46,10,0.0673112654405193,0.045124242791625135,0.06994356370596605,0.00011426768121288529,-0.037354358787472876,-0.058654958961156245,0.08321607735115764,-0.05732372026411743,0.00040225786528769083,0.02543193131959589
0,0,8,47,10,0.006044478807242456,0.0020314991949139244,0.0001353986897703428,-0.002495968005254871,0.00045177736048282176,0.0025515686694858233,-0.00015155390894328285,-0.0007763388952253226,5.341441989494619e-05,-0.0002778065508967606
0,0,8,48,10,0.003795865232161418,0.00040253678384538237,0.0010259569889260057,0.0001436195478949724,-0.0020028377745744163,-0.004323098541715014,0.003428084666482168,-0.002567289206135935,4.832590538200258e-05,-0.00043313431586419174
0,0,8,49,10,0.0065223985649055976,0.001297547828266113,0.0013318590868503133,-0.002707043097460375,-0.002393072917031721,0.0002798792788409382,0.0003497631795257324,0.001186532439913521,-6.85796371177874e-05,-0.000125681795749566
0,0,8,50,10,-0.0030536349861807325,-0.0011636129061131607,-0.0020619874709606393,0.0005188870885374286,0.0014382386834549256,-0.00221239071156479,-0.0015430661140025566,-0.0014153050774246096,-3.674765553869009e-05,-0.00023124722880229072
0,0,8,51,10,0.0031914450129806064,-0.00029107974464863965,0.0018477046651077585,-0.0033822421433597188,-0.0015702416633127962,0.0015168607976136282,-0.0010360113035111857,-0.0007800918817152402,3.5774725392945154e-05,0.00019340211642967958
0,0,8,52,10,0.009606447405153514,0.014533731006638028,-0.013357549217643296,-0.004252601129716427,-0.0013926198447222786,-0.020206860849658934,-0.026256393190489963,0.04228758042529624,-9.273786292880341e-05,0.0010831237542714765
0,0,8,53,10,0.009439856948866046,-0.002368556532405411,-0.0015911005099699888,0.0008266952190632425,-0.001161483740800294,-0.003072634933724144,0.0021765450193371285,-0.0020812062963101374,0.00024160599947489829,-0.0008904661590417386
0,0,8,54,10,0.008363949273246669,0.0029214898849048224,0.007603231124812981,-0.008615969600540375,0.0014278186846331483,0.006537552600850464,0.0070242259667136694,-0.003936455697277913,-1.417478907715619e-05,0.00047457938227327
0,0,8,55,10,0.0009417228664816635,0.00020722689938226216,-0.0005991050070908133,0.001514800261410865,0.0014649760943838293,0.001025793446923701,-0.0019329333437883346,0.0004243390732077708,7.966735749241805e-05,0.00016538168461446238
0,0,8,56,10,0.0036922433551366016,9.553558226343952e-05,0.0010508179736891945,-0.004762092906915953,0.0046391607561380695,0.0027931312545423637,-0.003309852903470886,0.0028932410050354286,-2.5084594071527085e-05,-0.0004158521890866137
0,0,8,57,10,-0.0013822978764968367,-3.5103086559830964e-05,-1.0638591489694411e-05,-7.069564183104755e-05,0.0003932691510290758,-0.0005695269382823658,-0.0002612107569172932,0.0002078358638709388,-1.4241868744021865e-05,-0.00010268617987643594
0,0,8,58,10,0.0014301352716419872,-0.00035991073377191147,0.0028334150497007085,-0.003967059562043934,0.004065094369553473,0.003312083032236451,0.000931929043577646,-0.0021846673870505214,-8.951524229937066e-05,-0.0013890035860581963
0,0,8,59,10,-0.03436288295289967,0.0012865813830934413,-0.006432846300425053,-0.008017449100087733,0.01436209321864667,0.045144914821594044,-0.0011769192540158077,0.016786149565148692,-0.0014805624365648313,0.006194680930212075
0,1,8,0,12,-0.004791259670058731,-0.0034805918876429733,-0.0014455817381367878,0.00029155678736148807,0.0027718437130998244,-0.0016998950815135705,-0.009313848836001616,0.007061401603840852,-0.0002408038740345382,0.0004970217160094076
0,1,8,1,12,-0.003086232141760669,-0.00020294608170200938,-0.0011208500384300541,0.0008660540145803061,-0.0003099626429737153,-0.00033374360020760926,-0.0007840177155768802,0.0006426052470330804,-2.5092020010733135e-05,-0.0001731945573070485
0,1,8,2,12,0.0024764600550334693,-0.0037256892692830216,0.0016326750081530142,0.0016800774553642067,0.0008122254584943574,0.001564838969972165,0.0031457060522390337,0.0007359158334392209,-0.00011392013352589701,-0.0007370382961008514
0,1,8,3,12,0.0017226134180327,-0.00033198012295099655,-0.0010152655283104295,0.0008543928392449086,7.317343970195955e-05,-0.000697173104525598,-8.133932620365654e-05,-0.000254792487912666,-6.891740564185766e-09,2.6470344228816877e-05
0,1,8,4,12,-0.006659516539151132,0.0028622698655308833,-0.0010750123441506034,-0.007441636542846433,-0.001953022920343755,0.0027861835129247706,-0.00030179065874225836,-0.005588304365259062,0.000162240651048195,-0.000624782202498673
0,1,8,5,12,-0.0030648887708539145,1.3216692487737864e-05,0.0004374515742815518,0.00440691947312952,0.0017138217505694002,0.0013988310008239482,-0.002708526689438613,0.001621585722845185,3.573835712407933e-05,0.00012380467620495125
0,1,8,6,12,-0.009124470458641825,-0.003063670892160223,0.01852284643021935,-0.004833851375469586,-0.013713974149970696,0.005245769840667026,0.013317528711628822,-0.019343122407118604,0.00013188555478322667,0.0014156013640321524
0,1,8,7,12,-6.972889520602608e-05,-0.00010308517915947017,-0.00032259371909057716,-0.0006581476950947067,0.0003080700036842452,-0.0009892236633835478,-0.00030157430911971223,-0.0002195821026588034,2.7767013457356828e-05,-0.0001534548353901194
0,1,8,8,12,-0.0004131580040121394,-0.00013729374926983135,-8.672700704313257e-05,0.0003109937016062508,4.01276026412218e-05,-0.0002498598296511124,3.48909302103738e-05,-0.00011770695840556247,-6.68620632910259e-06,-4.845310760584945e-05
0,1,8,9,12,-0.0009253431418588603,-0.0002969270553634392,-0.0004941340448152032,-0.0009161098043641922,2.5093212071615787e-05,-4.096712203875263e-05,0.0006545480476020473,-0.0007483942615545359,6.563464380480997e-06,-0.00016604158120089513
0,1,8,10,12,0.0014538218465217603,-0.00019267699888325613,0.0006223636393075468,-0.00036883144186023635,-0.000827022159906452,0.0003653024070895498,0.001285304908935292,-0.0008102857468360585,1.9761434747526027e-05,-2.7850508419946036e-06
0,1,8,11,12,0.003098076339631023,0.0008788899508853327,-0.00458495234106271,0.003486105512584575,0.0033815326705007435,0.003028025937206044,-0.0019728569510329237,-0.0011104700289484735,6.20625041369547e-05,0.0006520885120505019
0,1,8,12,12,-0.017271250322370743,0.01557571848644771,0.006665543212228513,0.007268157363953474,-0.003511550046058704,-0.0025137189590254457,-0.005669958158279767,-0.0014994936008624767,-0.00012938188442035566,0.0025141010756103786
0,1,8,13,12,-0.002661344302658305,-7.26346978784004e-05,-0.0012131362103266717,0.0022657921024440927,0.0009644208496682273,-0.00023702959553729294,-0.0014608589841131892,-0.0002641121976141379,4.3520318483628335e-05,-0.00012876674271262824
0,1,8,14,12,0.004205364602321975,-0.004655699209110659,0.005724153647799997,-0.006493826574380671,-0.004954204696312415,0.005865139691571246,0.0021716741751512,0.002964988662523156,-0.0001587675057474328,0.000270405931152513
0,1,8,15,12,0.0010930577570699217,-0.0007033834949465121,0.00039170513287140724,-0.0010789659347269108,-0.0016180371863389366,-0.0015806063624116521,0.0012118281615933714,-0.0008222716205942028,9.86747882660925e-06,-0.0007428375854343782
0,1,8,16,12,-0.0006914654714448502,0.00013678152506344467,-0.00028383423587952485,0.0001553500018729919,0.0015082252290705743,0.0009791237389003052,-0.0008401845272629685,0.0005529854075404666,1.9605970737920483e-05,8.870756699970033e-05
0,1,8,17,12,0.0015992852435707083,-0.0005837700699643731,0.0019323296515532282,0.00032472259849845755,-0.0011627506843227648,0.001415099162481071,0.0023437311963186557,-0.0006197442844101875,1.221920351549865e-06,-0.00015812158359838733
0,1,8,18,12,-0.010535143019683463,0.0001884337155619888,-0.012113442964053494,0.005858487981109146,0.010553965589490658,0.006529316222967834,-0.007943007053723493,-0.009291556712366145,-2.1835794613277938e-05,0.0009545012656697015
0,1,8,19,12,0.003953498912883815,-0.0014814093231379178,0.0033614090086454326,-0.0005602613126095752,0.0037824177788132306,0.003557019384123742,0.0007247164913135535,0.0065147661914990215,-9.687221277077855e-05,-0.0005428336654468031
0,1,8,20,12,-0.004086484015665702,0.00028373468802377766,0.0007927277202219791,-0.0002693343017313365,-0.0013600062995601863,-0.0002523231869719705,-0.0012517680348733645,0.0012993589347261832,7.367933981966015e-05,-6.721319458165334e-05
0,1,8,21,12,-0.005938509671663046,-0.007490102218168692,0.013732093209582272,-0.009845416101980736,-0.011141513695797967,-0.002774919313881511,0.010799324732024915,0.002567148699433368,0.00025888863953230226,-0.001814043728685292
0,1,8,22,12,0.002248147417957058,0.00024352206445376863,7.462962893736046e-05,-0.00024919100955792927,-0.0007256589752432751,0.0011645095368092492,0.0011279554996497675,0.0005928597940437583,2.8028377527723357e-05,0.00017751259801672257
0,1,8,23,12,0.003827748261539934,-0.0014762601096237333,0.006151470862884717,-0.004355882488662906,-0.008004142212024385,-0.004000573733153403,0.001056886540183781,0.0003847441153463201,2.8986356435444294e-05,-0.0018083778458519487
0,1,8,24,12,0.0012729543648692656,0.0007369547313231575,-0.0021430713736391707,-0.0015212890665797921,0.0003396844934664305,-0.002841066259595226,0.0008720577630395791,0.002177516986469581,-4.983822088500549e-05,7.910944040041502e-05
0,1,8,25,12,-0.01738310773380418,-0.0037928728097915776,-0.0009361141839674125,-0.0026185016058252047,0.004849144252309134,-0.010264901437635808,-0.001395884578576815,-0.008995244740400029,0.0007373268821793782,-0.0024226651233720062
0,1,8,26,12,-0.004361260487208053,0.0001527773292447966,0.001700660623060155,-0.000861923544137179,-0.00014662984199078748,0.0002751098476300157,0.00015206127054110657,0.0016071222942513176,3.249956021027407e-05,-0.0003342458978734165
0,1,8,27,12,-0.0004545495349752199,0.0009303628172889066,0.0006010613057148627,0.0005477818284251415,-0.00014352063568422925,-0.00010390618401622166,-0.0002989589371238268,0.0007976474071193202,9.15374625535913e-05,0.0005576790959923967
0,1,8,28,12,-0.0003987425475899314,0.0003431592239485647,-9.145317841573659e-05,-8.924699818478276e-05,-0.0005539786295699566,-3.255474761696328e-05,5.7748610368858094e-05,-5.601655879452266e-05,1.859364794717409e-05,5.6127389042335124e-05
0,1,8,29,12,0.0017778986499019564,0.001024339258572928,0.0014658564241318607,-0.0014021254674148021,-0.00011757483143667774,-0.0016922211744846236,-0.0012407926923542225,-0.0006575176111164966,-6.970395596830268e-05,-0.0005427137177232652
0,1,8,30,12,0.0006884167741936204,-1.6967305037435254e-05,-0.0004002330514826073,-7.134747460913069e-05,-4.2695291009158364e-05,-0.00014628781332601699,0.00016811015633052005,0.0001944537702931454,-6.80727540982927e-06,3.8825827038922943e-05
0,1,8,31,12,-0.00020739407932759924,0.0006073595306548131,0.002933968405086361,-0.0013994946733977775,-0.002141178898488857,-0.0008947510682313905,8.922520388523591e-05,0.0019872393278580125,4.551098040390851e-05,-0.00018552640485201572
0,1,8,32,12,0.002650072634179781,4.797518435674374e-05,-0.004102521649380436,0.0009260154778022453,0.0009198250594644664,-0.0010351385889379237,0.0012556715302310833,-0.0023238602755160064,2.809975625405033e-05,-0.00028536741387739917
0,1,8,33,12,-0.006709001882487025,-0.0012804791518933945,0.00026669991449799655,0.000571002398257476,0.002810929476822117,0.0003305451159919693,-0.00025716170472526697,-0.00010099736204364552,4.1813870869194345e-05,-0.001442105368992281
0,1,8,34,12,-3.316696634390133e-05,0.00018332206861420539,-0.0011169607284351568,0.0011073908871022874,0.0005089353242813273,-0.001337657442908486,0.0002118659446647565,-0.00016813103014452378,-3.09053458163711e-05,0.00020989712388588106
0,1,8,35,12,-0.002882156695152252,-0.001391659828544718,-0.002823276812000569,-0.0020499709621858127,0.007585271924202041,-2.551241215639874e-05,-0.002939520140961275,0.0016357179210024218,-0.00015641971562728685,0.0008756140558679554
0,1,8,36,12,-0.0042259807453864755,-0.0002493279876305542,0.002482776104461891,0.0018872004073797848,-0.0005615156753339037,-0.0017563395211746397,0.0008426770267396407,-0.0031131556744224756,0.00011504492316712836,0.0003895281227231328
0,1,8,37,12,0.004177125532713326,-0.0010146912694133257,-0.00036516070509648224,-0.001397394448473337,-0.0005944713730429225,-0.0008751068513270725,4.821802707392496e-05,-0.00413445111498365,-2.4034001336042673e-05,-5.4850056766918394e-05
0,1,8,38,12,-0.015310649342642145,0.01355142259484049,-0.006618407872318503,0.0003660781833451053,-0.003584254941620421,-0.005735987476494113,0.0012624703393618688,-0.015727784440364358,0.0006469460388527737,-0.00015625928578618352
0,1,8,39,12,0.0003147729734471664,0.00016128761373221392,6.004070955313524e-05,0.0008632543160233762,0.0003191983348595173,-0.0003140587564109003,-0.00044051349659268366,0.0002619923757662874,2.1632641426023006e-05,0.00011511663026513823
0,1,8,40,12,0.0012171265268769561,2.0712907780243073e-05,-0.00019533430068030904,0.0005274972292046532,0.0006123128542025843,-0.00040634627216298613,0.0005364369897761063,-0.0006389183155632457,-1.3126357950834119e-05,-0.00017757608353850783
0,1,8,41,12,-0.0029438911484117774,0.003088182923572375,-0.003188221620230325,-0.01009095632953759,0.00505330856427666,0.01119995606815004,-0.0029531631802844115,0.0008563740769100313,-0.00011824338964040944,-0.0011213754481643483
0,1,8,42,12,-0.0005567110259459647,0.0011532980550303024,-0.002490146856518914,-0.0026824604498603393,-0.003993042871526045,0.004520411924510471,0.00808777518382457,-0.0017168223969016216,0.0002101138416014049,0.0026959157996702507
0,1,8,43,12,0.004363620294148282,0.00044847360473314107,0.00033701169481991386,0.0026930675603906093,-0.0018328039751618133,-0.0013160853548699549,-0.00021804278813644304,-0.0012408534414603543,-0.0001173433137356282,0.0002866864932175242
0,1,8,44,12,0.0006331413796362454,-0.0011665436315003448,-0.00021469206682002455,6.35892095108109e-05,0.0011838987918972963,-0.0009530324642140309,-0.0001226732972065672,0.0007857827082911872,-4.4547432809612916e-05,6.463324842637509e-06
0,1,8,45,12,0.0021979928883614913,0.002049623912025827,0.003028513994628718,-0.0018072049074030687,-0.001340935980781328,-0.001320368242683469,-0.000794136581622452,0.00208042298576477,1.0750446222741698e-05,0.00028273965758880844
0,1,8,46,12,0.0012183191950477183,0.0002612969292492756,-0.0008457365639106993,0.0010687715300515214,-0.0002008906727201444,-0.0010220253363148,0.0006973739724590901,0.00021032316174570483,-2.8686406989399582e-05,-7.356205325926212e-07
0,1,8,47,12,-0.008532030955881056,-0.0016243532758428766,-0.0024984652567722854,-6.521173778381857e-05,0.003838519305183319,0.0019414166720410908,-0.0019323079160222727,0.0006051422845059934,4.405798682990284e-05,-0.0002207378403755614
0,1,8,48,12,0.0022088531792681353,-0.000547912877288382,-0.0008079583866785086,0.0009628299906776909,-0.003214102059243532,0.000652237172181581,0.00019677014528037164,-0.0004698531667718369,4.939472557581992e-05,-0.0007465997363756863
0,1,8,49,12,-0.001132518388394574,-4.129394286861425e-05,0.0008441896439423944,-0.0004647995087622163,-0.0005317216503364121,6.864660100679973e-05,0.0004457302890678669,-3.131017076899749e-05,-1.3942495380251053e-06,-8.60520622913034e-06
0,1,8,50,12,-0.0003503038534222833,-3.630693445647653e-05,0.0001496882455898871,0.0003168945068830079,-0.00030015983721111243,-0.00014838500353829537,0.0006895359949987516,-0.0007441642424649292,1.930619979673367e-05,0.00016934363222445044
0,1,8,51,12,0.005043098737435183,0.0025595364210234577,0.00018259424495477771,0.002867005956066393,-0.0018121045523563188,-0.00368481792487599,-0.0026495331049972053,-0.00021902406664023842,-5.643267661589445e-05,-0.00015322438316676804
0,1,8,52,12,-0.002364995917086031,0.0018147406452617934,-0.0009451559319064768,-0.000446782914839961,0.002435976599409022,0.001260972485319263,-0.002320174438023649,8.255416213602589e-05,8.587356619106229e-05,0.0003486137993132638
0,1,8,53,12,-0.002353813394335722,-0.0012996919214147942,0.005184850214148956,-0.0005411419252731612,0.00036779465181679705,0.004649531607739812,-0.0002656164834872243,-0.0021099872788432543,9.216663442547687e-05,0.0005054349997921612
0,1,8,54,12,-0.0006236937527413255,-0.00038607069376955057,0.0007741272953635249,-0.0012897871996156783,-0.0009150439052082571,0.00026706433593051313,0.001824878551487451,-0.00044014842902507893,3.030067249009088e-06,-0.000408172337508868
0,1,8,55,12,0.004157669307923945,-0.00015943662300237104,-0.001217643339337705,0.0020604042114063547,0.00043637384096146956,-0.0004232963735019574,0.00036237677346002853,-0.0029879971071284195,4.7848712410904296e-05,-0.00026792936616973156
0,1,8,56,12,-0.010666839333005244,-0.005203582797349747,0.0011995966734312307,0.009159074091807265,-0.0028262215859824816,0.01024021246125597,0.002908427210565713,0.0057941469445133295,-0.00012538785358371483,-0.0014188182991288233
0,1,8,57,12,-0.001215108253625085,-0.0005391685903048718,0.0007036079222775917,-0.001446302284832484,0.000612996242799054,-0.0001897822146668886,-0.00011417790686523056,-0.0005977662590300857,6.687671614910386e-05,3.1091941752977113e-06
0,1,8,58,12,-6.084394596312291e-05,-1.9509554987999875e-05,0.00018694023633438202,-0.00020541125356910177,0.0001000177731189908,3.0525245412796215e-05,2.4310367788334804e-05,3.559268649616848e-05,-8.323452452441805e-06,-9.942262209888443e-06
0,1,8,59,12,-0.00020759218330098386,-8.03816954124487e-05,-0.00018048920301817404,0.00025278577538386546,0.00011572409141479535,-3.8007298115432246e-05,-2.302121288337327e-05,-0.00027942995694823304,-5.41709319493457e-06,-2.1930235243621327e-05
0,2,8,0,16,0.0002673560771390646,-0.0003661675526066407,0.001478692535926393,-0.0011102818487596145,0.00015033397475950808,0.0010261305656174041,-0.0006263725024287446,0.0014902470453401918,2.335349175396393e-05,8.525945347744192e-05
0,2,8,1,16,0.009050913112931889,-0.002864222075050707,-0.0009652999623604541,0.0064939094087250425,-0.004548678014209598,-0.008052087493780176,0.00267912017168764,0.0007475845655886582,-0.00013309906731367644,0.002015749825761132
0,2,8,2,16,-0.0003723189690609892,0.0006209002786742149,0.0007439599656912636,-0.0006145359096849044,7.400201755849173e-06,0.0009267867263133291,-0.00018531627385510015,8.307531415140542e-05,-2.1712573145144028e-05,0.00025497319884212655
0,2,8,3,16,-0.0006469061897732836,3.2534461328694915e-05,-0.00025365831533717405,0.00018199206130029586,0.0009846709053916898,0.0001684477459312318,-0.0006136158912066376,0.00016609975261564202,-9.678673002446786e-07,1.759986947314064e-06
0,2,8,4,16,0.0031186680130779218,-0.0017750174254615699,-0.000399758407788207,0.00017444998741094519,-0.00317416237705667,-0.0037591851317906643,0.0012749983626727304,-0.0011188416416791733,-0.00013118979279383376,-0.00017327640286957417
0,2,8,5,16,-0.011496702718242716,0.0008382567345542754,-0.007770642302445839,0.0021231388665622353,0.010842208620667353,0.003933980063761256,-0.0026055664599101388,0.011302683041384234,6.673247185597681e-05,-0.0016564948063146545
0,2,8,6,16,0.0002554982281921508,7.617008008083316e-05,-0.00042036432273089664,-0.0004465227964912143,-7.360606014156993e-05,0.0004543503509177224,-1.0484920710344123e-05,-0.0005513227853701109,-2.5030220827203185e-05,0.00020991425668027942
0,2,8,7,16,0.004606047615823345,-0.0011617923548293825,0.001513031539423934,-0.0015975714582738261,0.00011605324467751162,0.0022895202608274492,-0.000943797672035867,0.00218676119347313,0.0001452869554344424,1.4890216476665303e-05
0,2,8,8,16,0.0005512725976196099,6.278315977979948e-05,-8.650751261666086e-05,0.00015029625744911578,0.0001952558313456274,5.7407570479945484e-05,-6.92496596396865e-05,8.150993631313142e-07,-5.690896299866658e-06,4.526266888076423e-05
0,2,8,9,16,-0.0034525033724750707,-0.0012171818279560819,0.004933654762261126,-0.0044186556550136966,0.0032305088223628263,0.0034678391167443185,-0.005018785974241401,0.004553635124602626,-5.626352749511343e-05,-0.000684010437926707
0,2,8,10,16,-0.0013105243587068149,9.666959823663286e-05,-0.00011864290626829212,0.0013124572408948878,-0.0018396754061990252,-0.0007577391626388428,0.0016137399994871691,-0.0012619025510323546,0.00012688819256220083,0.00010532694087747127
0,2,8,11,16,2.5650266369403477e-05,-0.00029616535415283616,0.00014036547419966395,-0.0003537127772207831,-0.00011001499754765912,0.00023471313271971976,6.501515481734667e-06,-4.7329553129352603e-05,-1.2078518166220525e-05,-0.00011200421274111535
0,2,8,12,16,-0.007719420086279579,-0.000892678246854849,0.00047466691023086957,-0.0004152831672172226,-0.0016182899688810914,-0.006171544160826686,0.0013344021779833507,-0.0027679430859223458,0.00013010601378188978,-0.0006492701509967678
0,2,8,13,16,0.005101524633672073,0.003963387895625614,-0.0005737028758461988,0.003605135244374739,0.00321524154095534,-0.0006485074578707758,-0.0010693912704656731,-0.0006125184496388715,-8.543848359662484e-05,0.00044687342785176105
0,2,8,14,16,-9.302227422835615e-05,-0.00015157898208022588,9.104147366223453e-05,-0.00011219095125146388,-0.00016016544884814817,7.849806743824182e-06,2.672378380134746e-05,-4.5243443750204226e-05,2.5515794777890377e-06,2.2198891189078358e-05
0,2,8,15,16,-0.0008155053843507307,-0.0004322924037225257,-0.0007468661829526455,-0.0018398856207556174,0.0002272033779144117,0.000586233309792143,-5.7624026803977457e-05,0.00014102834933079372,2.8540340244289043e-05,-0.00022987033120756758
0,2,8,16,16,0.003658396886578607,0.0017287070130620411,-0.001976000647555618,0.0036367793273703896,-0.0013022976851312415,-0.0035991710520102242,0.0004003732695861212,-0.0006682866951226596,-0.00010113390993101528,0.0004258350651451068
0,2,8,17,16,0.0008419737420113605,0.0003881251583466987,3.193476654605521e-05,0.002435745348299696,-0.0006122930248845695,0.0033401422383517324,-0.0015248248598691348,0.003963093294872153,-0.0001241593264466181,-0.000606259008186838
0,2,8,18,16,0.0006816410858031787,0.000262916763667003,-0.0002321598351802331,-0.0003130929572884451,0.00011850156940315834,-8.742375759465082e-05,0.0004251053866199708,0.00020453736711219402,-1.6856197795243897e-05,0.00018654246523044024
0,2,8,19,16,0.00026512135463682056,-0.00014127853968921514,0.0012640923017430694,-0.0006346481249537627,-9.965060614393662e-05,0.000779855631986232,-0.00020340038356319063,0.0011504937095822227,-2.5547327704976725e-06,6.019226678850144e-05
0,2,8,20,16,-0.0016683991134944422,4.2380067265637976e-05,5.435866570007454e-05,-0.00045732178165969694,-0.0002795370142605622,0.000305638855840932,0.00036726487824295434,0.0008558131718485493,-8.855965042196612e-06,-9.748043173384698e-05
0,2,8,21,16,0.00029557776273197826,-1.6729584510344706e-05,-8.800551362247682e-05,0.00012780271786419972,0.00010153256813496285,0.0001114602251782621,-0.00010386082776795712,3.6388226163232617e-05,-2.736955174049044e-06,-8.9183151498846e-06
0,2,8,22,16,0.0009769099595427527,0.0002333812905816384,2.1557597228827167e-06,0.0003163445419073681,-0.0006243124571949774,-0.0009148338107741133,8.55460615641761e-05,0.00013598962810421788,1.601785265927601e-05,-1.9345690186316524e-05
0,2,8,23,16,-0.00013681108708450514,-8.84010454537921e-05,-2.378375502154529e-05,-0.00010614873811292785,-0.00010999365064129368,-0.00014146119813617162,0.0001514010933221313,-0.00017464591406681661,-2.297242813787346e-06,-0.0001140528431802249
0,2,8,24,16,-0.0024264032792337266,-0.004373720930192354,0.003235729863420319,-0.005952140812848578,-0.004326092999274398,0.0040908083534291016,0.0002173779862533749,-0.004979200451972735,-0.00010141973204434523,-0.0032250674304333494
0,2,8,25,16,0.0007155667482431728,0.00018119698815091938,-9.292978328378758e-05,0.00010842527966817446,0.0002610263286031575,0.00015018761264698805,-0.0001625704595120475,-0.00015205856352849795,-2.7464536140205486e-06,4.7486794942079976e-05
0,2,8,26,16,-0.0002104094003824111,-3.655190279073563e-05,-0.00021513189957525182,0.00010861001119519175,-7.136795010960782e-05,-0.0002467298934356246,0.0005793724606788012,-0.0005831645212515412,-1.0973506555802363e-05,2.3779558199701723e-05
0,2,8,27,16,3.2295741677307245e-05,9.930502529849869e-05,-0.000211150227359796,0.00014904193294173402,-2.1768456404225068e-05,-0.00010917934439121508,6.535701199285325e-05,-2.2487914949379576e-05,2.3088400481378074e-06,3.742474980983104e-05
0,2,8,28,16,-0.0011434981059634587,-0.00017069003560535174,-0.0007013174593426386,0.00013674381024793498,0.00046766313574032425,-0.0007937307889448038,-5.416251907989917e-05,0.00017980051140026012,-1.924356373593333e-05,-9.135710353604843e-06
0,2,8,29,16,-0.00016263775203155395,8.911509596869185e-05,-0.0004132162931422195,3.887752168263734e-05,-0.0003574982859883068,-0.0007177654924801894,0.00035869938021203485,-0.00011954261654526309,1.0023837922566155e-05,-5.4256075226924296e-05
0,2,8,30,16,7.29480445724707e-05,-0.0003672991595306682,-0.002020423692937623,0.0009985269133465072,0.0012011292252786642,0.000876991663609061,-0.0020415519016961435,0.0021459176672631686,-2.964273366305635e-05,-0.0001793769132705284
0,2,8,31,16,-0.0007397065064244564,0.00021406488221462202,-0.00020146273307685678,-3.4515949431761655e-05,-0.000485321738042186,0.00038320040209523145,0.00033765540981382634,-0.0006654366137392961,-4.8534451013364e-06,-0.00013336333255262406
0,2,8,32,16,-0.0001235337630717906,4.963657675991213e-05,-0.000161444728440969,0.00017407603895764557,2.842292290290063e-05,5.4407720329077876e-05,-6.341486550273721e-05,4.9990912033273164e-05,-1.9064393764791608e-06,-5.62373768422131e-06
0,2,8,33,16,-0.0022547034076123153,-0.0011092428023444679,-0.0004167205633078309,0.0010364553336229515,0.003066273957726286,0.004663730123354893,-0.002174417839640984,0.0007648508335647522,1.9093461795340657e-07,-0.0004934657008806935
0,2,8,34,16,-0.0024784116403195997,0.0030466782137357385,0.0007125692070480741,-0.0030408318774278586,0.0011994613089788592,0.0054431209397936674,-0.0006074943962659798,-0.005110597413517586,-9.563648778106562e-05,-0.0008033768435596379
0,2,8,35,16,-6.826958003925131e-05,7.748065602485328e-05,0.00011885577965416368,-2.7182488647392025e-05,2.4256861420317977e-05,0.00010100631980023061,2.4218598961205833e-05,5.235594178036037e-06,1.0570383204046883e-05,-3.616712571955818e-05
0,2,8,36,16,-0.0035281009164597026,-0.0012415672963037806,-0.002201362897031086,-0.0002929608118514337,0.0035556021580541615,0.001886434244705312,-0.002625766957583762,-0.0017234871676749847,5.0399693126416095e-05,-0.0013006844615737832
0,2,8,37,16,0.0012121821409650216,0.00012964717707737014,4.170003501994458e-05,-4.091022348971404e-05,-0.0003082567781967753,-0.0003440327948768352,0.00018677423895930543,0.0003421798615228292,-1.825078448473511e-05,7.795296111412661e-05
0,2,8,38,16,0.00016939858680848887,5.989175749054154e-05,-0.0006950172322793898,0.00039271606314427934,-0.0002517216368996115,-0.0006155177704843767,0.000413682688786004,-0.0007049465586475308,4.386883980585657e-06,3.659945529273211e-05
0,2,8,39,16,-0.002043767861311954,-0.00430907560801666,0.0001311770756241733,-0.0037158599337683736,-0.00867864025951768,-0.003184250269604922,0.0036692303324063185,-0.0001547007762372275,-0.00010432298800301765,0.00014292810149102122
0,2,8,40,16,-0.0067730009234222635,-0.004918559171990549,0.01181487994004165,0.005488993126065202,-0.010224405274892307,-0.015098140116985419,-0.006952680593214699,0.00805198800378508,-0.00013284356252805696,0.0009620554523444911
0,2,8,41,16,-0.00010925028846039659,-4.9214461603703205e-05,0.0003287202180293564,-0.00010213917943456346,0.00023572402679155195,0.00030772461012045253,-0.0006245655335845768,0.0003086082417365279,3.5030330204178957e-05,5.764233095717541e-05
0,2,8,42,16,-1.9235857688618656e-05,-0.0003251714793162436,0.0001207716063137522,-0.00034060001730628134,-0.00046270896610265153,0.0004998319853719045,0.0003040882402493465,0.00041119734761081673,2.7710759746692436e-06,-0.00010788701200049297
0,2,8,43,16,0.0005952527816848335,0.0002069967713208957,-0.00011497560123305262,0.0003222986086886717,0.00015954377687105007,-0.00038446698133717285,-0.0003478000854314297,0.0006179787908770999,-5.999584466667356e-07,-0.00015433262404205208
0,2,8,44,16,0.007709168535746657,0.0016895259927032047,0.0013258922104831185,0.0001475218912496636,0.0021589346042919485,0.0016464655619438321,-0.003462639046257646,0.001548431375238862,1.727365534584413e-05,0.0009880804954040053
0,2,8,45,16,0.0014554044412698095,-0.0002588334564556096,-0.0005916311304796745,0.00044169236203517374,0.00013402874573515403,-0.000697282020816744,-0.00012037062208104828,0.0002864686762577551,1.5943062786862877e-05,9.52578751391369e-05
0,2,8,46,16,-0.000367549385317296,-0.00037553785609012024,-3.9091302922846586e-05,0.00014297543497575858,0.0002657591752770914,-0.00025207906020977623,-0.0001452245674876724,0.0002627977138220899,-8.195397602964403e-06,-8.558152181880718e-05
0,2,8,47,16,0.0012067316000129256,-0.0005312278097093098,-0.0007871827510327876,0.0005072895951652553,0.0001180339577789376,-0.00045380691595199796,-0.00011738513878014868,-0.00036696221351694195,-3.157900070508348e-06,-5.564953982541941e-05
0,2,8,48,16,-0.0011486244332605177,-0.0002442181601469409,0.0012075719695898712,-0.0008577236462390592,-0.0005811527557346664,0.0029364311642980237,-0.000830020177861101,-0.0002953464183647483,-2.4847504219115416e-05,0.00010413271648765939
0,2,8,49,16,-0.0012184610577010706,-0.0005924484506898902,0.0002759437495441054,4.5157265314552915e-05,0.0012814007021308845,0.0017196834176125444,-0.0004928734753781006,-0.0007076104134760018,-2.5213549137836993e-05,-0.00018385701578436483
0,2,8,50,16,0.0027274289270243245,-0.0007528775034161632,-0.0014178625450609892,-0.0022822607224098636,-0.0030604796894068698,0.001185510467975296,0.003301412325609003,-0.004905268402149967,0.0002597323477718578,0.00041403408711905776
0,2,8,51,16,-0.0003459145413945786,-0.0003704135370459535,0.00035821096991606064,-0.0003234287542408971,0.00014954791581429946,-0.00012579997883811644,-0.0007039088859988494,0.00019450884813818528,6.521075987311018e-06,-7.668262466718589e-05
0,2,8,52,16,-0.019667496283169092,0.0006620247115837183,-0.0028699015072025814,0.005386453753282246,-0.0012038903355011776,-0.003909569387773404,0.006549791722266432,-0.0068998516350987716,2.3579437783650544e-05,0.00011430010246830442
0,2,8,53,16,0.0016519285974608436,0.0024078324918923645,-5.107808010335654e-05,0.0025599663605378777,0.0004532598531418794,-0.0015430767528293874,-0.0025664283683276778,0.0038064709593064877,-0.00018168360121099709,0.0006622670165167233
0,2,8,54,16,-0.0045958425031884815,-0.0005602365919220084,-0.005788935304975436,0.004661888499075152,0.0024714898968916325,0.0014294905221149852,-0.00012756157426942438,-0.0011009537282695922,1.9395594175292318e-05,-0.0009508050640217988
0,2,8,55,16,2.0302173863043205e-05,-0.0001677778256603937,0.00014422655067185657,-7.605039438763201e-07,-0.00010061591959104608,-0.000321323407163264,0.00023715334084773132,7.392038778343275e-05,-1.8500543560748414e-07,-5.4561519359513215e-05
0,2,8,56,16,0.007252587577777488,-0.001605242188885117,-0.0015804142714348631,0.0003507929694785007,0.003500178012196071,0.007083697241047073,-0.0008614016516134916,-0.002305294962027505,-1.8946435959806397e-05,0.0008206646626449266
0,2,8,57,16,-0.001921737514980829,0.00014603630138447643,0.0012871611153666487,-0.0019023244173350553,0.0009141588310581296,0.0013530039089774838,-0.0010950283713341458,0.0020078192326713792,2.7741896230623993e-05,-9.53105191343096e-05
0,2,8,58,16,0.00032332218686867333,0.00024920453773844117,7.029030674432476e-05,-0.0007513534295390898,0.0009287810626988854,-0.0003902345584143373,-0.0012649571580511066,0.001030851769340285,-2.248294482430493e-05,2.65601504231475e-05
0,2,8,59,16,0.00021432693367772897,2.789735248227394e-05,-0.0004781382768875346,0.0005807031992732744,0.0008404823214278232,0.0006238489625595659,-0.0003476412512478275,-0.0008292122040646118,1.7581882203848143e-06,0.0001050149956783554
0,3,8,0,24,0.0037034747158348107,0.0006613612128184328,-0.001486438836615204,0.0005728390469126656,0.00032893998580946833,-0.0012897588327177583,-0.00125169988393612,0.0014589155243758946,-5.9501926531823126e-05,7.310086570010363e-05
0,3,8,1,24,0.00011853137933551047,-1.570048718027826e-05,-4.7883507568997095e-05,-1.5851130057095865e-05,1.660756344654163e-05,1.9329580266050447e-05,-4.941137489232605e-05,-1.8183607527936692e-05,9.319683245134633e-08,-1.1192011315248792e-05
0,3,8,2,24,-0.001697732790478627,-0.00029956414587549294,-0.0004359540781226973,-0.00024988126120297394,0.0007185341785932677,0.0006123847203216202,-0.0009016281454596367,0.0014956180280921083,5.0688945226743474e-05,-0.0004203236420569493
0,3,8,3,24,3.4102476260173605e-05,-3.153150287073023e-05,-0.0002710926525748403,0.00011162861220756379,1.3161839871581839e-05,6.342255700475055e-05,-7.014555687094898e-06,-0.00012372091533302058,-7.907031981803808e-07,-3.2721605475614904e-06
0,3,8,4,24,-0.001872193470904789,-0.000815022837875122,-0.0010726255334619007,0.0007095352849956647,0.000981346446920733,0.00014122787851682036,-0.000631329939134009,-0.00014629949469797333,-3.4231356542352674e-05,-0.00035102969166125755
0,3,8,5,24,-0.0014896452075792448,-0.0006396343531941392,0.0007197646976408161,-0.00026330064515623047,5.746617081211328e-05,0.00033653400846497697,0.00031099615920637716,0.0011654255804869704,7.459453049706863e-06,-0.0003933090125237111
0,3,8,6,24,0.0010537965921517292,-6.892467955645173e-05,5.148588510705144e-05,0.0005069779590662436,0.0014842157971234901,0.001277567275339146,-0.0009574519562555292,-0.00035265017896923926,-2.8418085996214986e-05,3.822387402928211e-05
0,3,8,7,24,0.0007942910898838555,-0.00030230222997918734,-0.00010316730373936803,-0.00011296517486883732,0.000516484758614504,4.214191994171131e-05,-0.00030651085269909635,0.0004452150916686872,3.2049747419894975e-06,-3.201550221875015e-05
0,3,8,8,24,0.0012507787756375773,-0.0009305552233053763,-0.0002738770706695252,0.002599902179718579,-0.0002205512188576484,8.350475600979641e-05,0.00011604558408465559,-0.0010765085639636478,1.3129068657363795e-05,-2.7157953852266904e-05
0,3,8,9,24,0.00010972969733167375,-1.280066855683045e-05,-0.0001029390047779312,-2.898219359782477e-05,0.00014841169732885602,-8.938891279513728e-05,-2.718345815656823e-05,3.7394460695861574e-05,-1.957812364523242e-05,-2.7731539634603762e-05
0,3,8,10,24,-4.3050747870018196e-05,-7.530961617197918e-05,-0.00017516221089293186,0.0003296077718529947,-0.0001844322098021893,-0.00030054341143962105,0.00022112723089535378,-2.793550855438333e-05,-8.869237198684054e-06,-4.1844777927850875e-05
0,3,8,11,24,-0.0002019659190401579,3.4895135051930126e-05,3.289558410745018e-05,3.322108067483064e-05,-0.00010788267753564762,2.9193738180074995e-05,6.859787418014652e-05,3.505756028132954e-05,3.5241075124148196e-06,-9.479738711790135e-06
0,3,8,12,24,0.0007887348380864793,-0.00041007756332519087,-0.00047425153367611504,0.0006325753946719468,-0.0003220999695387127,0.00014967243964533752,-0.00023778631067477237,0.0009984550134707034,-5.4682563514065e-07,0.0002013198066670466
0,3,8,13,24,-0.00048227107555316116,-0.0002751821243487946,0.0005559814354017879,-0.0008349696573584579,0.0007649763557360324,0.0010102575622420854,-0.0007222106008911325,3.9748474715913815e-05,2.399732347959914e-05,4.04064617670736e-05
0,3,8,14,24,-0.00035922243601475,8.891317616119855e-05,-0.0023163509158740103,0.0011207576507879231,0.002109881248900259,0.0003388045747929932,-0.00109434242327816,0.0004964380144496035,2.116226420711848e-05,0.0003470657545945622
0,3,8,15,24,-9.481992569690009e-05,-7.276938396239757e-05,3.1830085066771896e-05,5.201472770070318e-05,-1.718289987733448e-05,5.487648477384347e-05,3.146085457420044e-05,-5.0686269979028414e-05,-1.5699549081094082e-06,-4.2639718857960906e-05
0,3,8,16,24,0.00044587817303954475,-5.08250780387007e-05,0.0004922107496052358,-0.0003710385832728418,0.00018863587150672867,0.0003936593057153636,-0.0005830536423339261,0.0003807570638632433,2.47446122241755e-05,0.00010817652199789706
0,3,8,17,24,-3.3196206059524626e-05,-0.00013531227632359918,-0.00019030205512650207,-0.0002685270176643918,0.000254373424732642,-0.0003142039558811888,-2.210694696073282e-05,-7.247990219368958e-05,-1.1587062830199164e-05,-1.094198993007526e-05
0,3,8,18,24,-0.0010972522896870215,0.0002285150068758517,-0.0015162820868448517,0.0005278784365757694,0.002002881454407545,0.003939335544083655,0.0003220011339630325,-0.0013126489614325105,1.1206062400078842e-05,-0.00017578958949694397
0,3,8,19,24,-0.00011626071603917609,-4.6157368725951904e-05,2.422896638664804e-06,5.773865365503437e-05,9.514118355627346e-05,7.520715141949891e-05,-4.432160849796138e-05,1.1671890954967396e-05,-9.712154464833357e-07,-2.164564848175926e-05
0,3,8,20,24,0.0005098854248393386,-0.000247523306186711,-0.0003596155656237681,-0.0003406521297237855,0.0011043757518473386,-8.161876441484886e-05,-0.0016555897942436447,0.0020375296262098727,-3.5896222511200895e-05,0.00015515055137382448
0,3,8,21,24,0.0005313308559576025,0.00011933013177007598,-1.9133132923527384e-05,0.00015504264604724493,0.0004581533464035477,0.00027013725495253553,-0.0003844324506813944,0.00028673437045648853,1.4659926340207427e-05,4.034053979594001e-05
0,3,8,22,24,8.569250860095574e-06,-0.0002630312657903095,0.00031621479356372514,0.0002463682313952555,-0.000537150245333091,1.51928704354087e-05,1.4462574863199305e-05,-0.00011279024228938915,7.546575521851131e-06,-0.000175043583932017
0,3,8,23,24,-0.0002872836303781936,0.00043510185590303076,-0.0007444472026185098,3.834346752508151e-05,0.002001303663779283,0.0028799475665338345,-0.0034579109438210437,0.0036480566002178626,3.354561957064107e-05,0.0002262053571179072
0,3,8,24,24,5.991086381132508e-06,9.009035732818017e-06,-1.2552232318038726e-05,-2.2982695033278487e-05,7.182473844762126e-06,-2.1786723538938196e-05,2.0127165416625363e-05,-1.0622483825446267e-05,-1.9814367944474283e-06,5.01900308684086e-06
0,3,8,25,24,-0.0011555900279509633,9.75057841732791e-05,0.00046933580631424365,-0.0010660738342226671,-0.00031009347670147967,-0.00014511462168184365,-0.0001558330859500462,0.00019991784771620615,1.549128396677679e-05,-3.370781006865759e-05
0,3,8,26,24,0.00026298169925392833,4.721276292108442e-06,-4.811139559223344e-05,6.614519316594072e-05,0.00021217278924963803,-3.257668491502435e-05,0.00011350657413182999,-9.587198842171801e-06,-1.1145799673836563e-05,1.9566816719891507e-05
0,3,8,27,24,3.0798765481929754e-05,-0.0001960667764442031,-3.787145195915638e-05,0.00034311830505244734,0.000391351996081576,-2.328114562536232e-05,-0.0005461985541328232,-0.00017084979879174362,1.636943936945747e-05,-8.246361002073857e-05
0,3,8,28,24,-1.7066264016790894e-05,4.6585992860507916e-05,-0.00015322088074325475,3.788270958869329e-05,2.8000689810655424e-05,-0.00012110100254805918,-2.9717554271012842e-05,3.5250738120713235e-05,-3.16540980554123e-07,2.9507410906057112e-05
0,3,8,29,24,-0.0003226911888937346,-2.2863529529071502e-05,-3.2283979411862155e-05,6.853945075153583e-05,-0.0001867308294603861,-0.00016828651692402536,8.195753496722273e-05,1.5955115968532187e-05,6.024034705294909e-06,2.4051767402368638e-05
0,3,8,30,24,-8.121138474805941e-05,-2.196176741347439e-05,-1.695838051519426e-05,0.00012402433583803395,0.0001616614883279721,6.703631155800947e-05,-9.531124405468076e-05,2.1681012388767334e-05,4.028545905667776e-06,6.938680078585077e-06
0,3,8,31,24,-0.00039635907598534984,0.00014529952793367683,-0.0007233950079902039,0.000355487399644702,0.0005759878085471043,3.083816009058985e-05,-0.0006306350253136608,6.32028043527405e-06,1.5724816011370278e-05,4.6318362097746047e-05
0,3,8,32,24,9.900334309150483e-05,0.0001524728843643994,-4.2258383195522006e-05,-1.3633406928187232e-05,-0.00010960691922538757,-4.921738186610827e-05,5.525006792168138e-06,0.00033696437897449597,3.22677002720201e-06,5.84125142339709e-05
0,3,8,33,24,-0.0007243440041401904,0.00026262472278307497,-0.00023730919776238104,1.4043088056269024e-05,-0.0002724718274403771,-0.0011734832133444841,0.0003633215216261312,0.00028708460841125145,-3.200402825103285e-05,-0.00021565759951457976
0,3,8,34,24,-0.0001275139691397037,-0.00012911844750924386,0.0001346661955948284,6.50820040921767e-05,0.00021070417544521427,0.00029926919172072665,-0.00041095464589674033,0.0005304775761491968,2.1120378851911808e-05,-0.00010932751005782968
0,3,8,35,24,0.002161717446885544,0.00014704127033688888,0.0005718780984073819,-0.00018468803383481163,-0.000437398029478667,0.0006292789219819959,1.6979547471871712e-05,-2.6087283947648688e-05,-2.235515916517252e-05,-0.0001052791738458867
0,3,8,36,24,-0.0005208522929726286,0.0008483813111116205,-0.00017068651920188746,-0.00011541611464496151,0.000316164099958616,0.000651809850938748,0.00030850280399149203,-0.0010856301246282506,-9.516864528534319e-06,0.00039284081774690756
0,3,8,37,24,6.44407800660845e-05,-1.7845241533922216e-05,0.00011060101815518553,-0.00012536333593866564,0.0001042828679993122,9.171908063446068e-05,-0.00011494759682410114,0.00011759622768510555,-3.1312846283603e-06,5.0107921633441974e-05
0,3,8,38,24,5.945023356688153e-05,-5.2512566413373765e-05,-0.0002729844210246116,0.00038618356198222113,-9.856433833947625e-05,-0.0002391468480473184,0.00031010339203394176,-0.0003809977253764153,-2.8360328374065982e-05,-9.876703686435236e-05
0,3,8,39,24,-0.002009409480802823,-0.0002075760930101545,-0.0011274906520631698,0.002109961568023706,-0.0011778902709541274,-0.0009123421605062223,0.001867276636584548,-0.002958287920904626,6.247544038741564e-05,-0.00039874581950826365
0,3,8,40,24,-0.002284891441254086,-0.0002710349734077542,0.00028725380434684576,0.0005001866235398416,0.0007256802322908752,-1.921864947871608e-05,-0.0002896415277701081,-0.0006934564706273256,4.746309590596898e-05,-0.0002723912076703704
0,3,8,41,24,0.0015371714830921003,-0.0002710264168168339,-0.0008196621956899993,0.0007848322218991027,0.00038461118271012305,-0.0001761315718750972,-0.0007426422943853685,0.0009726368778839071,5.324746623178244e-06,8.916355756716404e-07
0,3,8,42,24,-0.00022819371150433767,0.00010301604008479124,-0.00036764435729623544,0.0013034954881343038,0.00021132947236535493,0.0004453934348352316,-0.0006366117391314092,0.0002497586422450528,5.661740801085907e-06,0.00020798307432067507
0,3,8,43,24,0.00023301242336598506,0.00013326299021377324,5.964782191473787e-05,2.697344292996554e-05,-7.266721418661514e-05,-8.799594207472864e-05,7.442866505127783e-05,-0.00010487200455880245,3.830077684384238e-06,2.3287204935405308e-05
0,3,8,44,24,-0.0003007599233985965,-8.768537471840706e-05,0.00014640258137347493,0.00015158073253599474,-8.673324777902902e-05,3.148239185727294e-05,-6.984320022603617e-05,-0.00010073952530052779,-1.176133546157124e-05,-0.00013950867391286789
0,3,8,45,24,-0.00023626814667595213,-5.423625239307222e-05,-0.00023834558582214434,0.00019980051949239464,0.00012077051687931094,-5.848120298695488e-05,-0.00018778303692431066,0.00013714710673591653,-3.8014537684679175e-06,-7.025157618114249e-05
0,3,8,46,24,-0.000265992553189824,-0.00011000165061369251,-0.00011451299050657532,5.626342293114701e-05,7.681537542405449e-05,4.9737719941428706e-05,8.730036284566524e-07,-5.7818508168621584e-05,5.12722504055099e-06,-4.256900051522773e-05
0,3,8,47,24,-0.0002730374368208026,-9.370669628934504e-05,2.6475630253822526e-05,-0.00011843912466218785,-2.677217253752922e-05,0.00012352394277884653,-8.167100777675194e-05,0.0001332664793203247,-6.9414165817840154e-06,1.8822516042981242e-05
0,3,8,48,24,0.0004620499027507083,1.2443447226178606e-05,-0.00023219058726708334,0.00019353847481476627,0.00010505335234945667,3.3936820271574604e-05,0.00015941372743467734,-0.00033988143630732365,-9.399459497439414e-06,2.8154907879747744e-05
0,3,8,49,24,2.4927520432580007e-05,-0.00019314453550856346,6.055252502923657e-05,-2.8903959681921863e-05,-9.964659194751373e-05,-4.407469234028752e-06,0.00043421128806380376,-0.0003697639297072374,-1.6644129642886338e-06,-5.3862122543251907e-05
0,3,8,50,24,5.25842697334765e-06,-1.8287091321579957e-05,-4.1596928900815214e-05,2.6237147032667657e-05,-6.270926100668587e-05,-3.3946082536971124e-05,8.14574698580144e-05,-7.353843045416878e-05,-6.18245956780957e-08,-7.254483894593385e-06
0,3,8,51,24,-0.0012779399531907237,-0.0004249042782884523,-0.0007812803487539735,0.0006791865741784295,0.0005290317059302462,-0.0008794488057462998,-0.0006568029789963022,0.0004092987699012944,1.0618798372324703e-06,-0.00017788723380694651
0,3,8,52,24,-0.0001103418903162548,-1.7624411479260566e-05,1.2469881284766763e-05,-3.434006974558237e-05,-7.974301029605046e-05,-5.727040623087672e-05,4.791485561327979e-05,-3.1248926703672458e-06,-2.821401872164279e-06,-2.4965019344089257e-05
0,3,8,53,24,-0.00024643441488804847,-0.00012710134974503669,7.208517989519887e-05,-0.00012220843073270502,-0.00036060591352832846,-0.00023344611931432882,0.0003650099229161579,9.3453423907099e-06,-5.333312694743467e-06,-2.296585442101097e-05
0,3,8,54,24,-5.772886560674883e-06,-9.839577798751089e-05,-0.00013462419132914593,-1.7117963100703496e-05,0.00016650507596570224,-3.69964462564162e-05,-0.00021742332708322832,9.174173133111673e-05,7.578082200150913e-06,-3.0535703116921305e-05
0,3,8,55,24,-0.0001440173297996077,-0.00010190908591823035,-0.00041116747442580673,-6.201072378899495e-05,0.0004335198938693024,8.214534046697408e-06,-0.000492281227113306,0.00036397199774300723,2.1290188956276103e-05,-0.0001221591024650131
0,3,8,56,24,-7.884722806981378e-05,-4.172392683107436e-05,1.6868796852948418e-05,-0.00017887448629176882,1.5185468123942955e-05,0.00015431761784650552,-5.401351690982414e-05,-1.909232974879846e-05,-9.653702514382649e-06,2.446696895026245e-05
0,3,8,57,24,-0.0006435048145336088,-5.0055236379359115e-05,-0.0002671933947066304,-0.0001275880529097769,0.001051406941130669,0.0006442150434093396,-0.0006354986744710569,0.0005471294362704161,-3.628781586936498e-06,1.917720463878527e-06
0,3,8,58,24,0.00028594419876660127,0.000315916621172455,-0.00013568141961360817,-0.0003103338325230401,-0.0001704215317071901,-0.00011921817318231286,0.00019004830255669813,-0.0003003692676245907,1.0285769795656812e-05,2.748449182050063e-05
0,3,8,59,24,0.00011254951819626501,9.985554422532587e-05,-0.0003018110923756432,0.0001564593121455058,0.00020791218834670383,8.917538309626534e-05,-0.00012596045578702528,0.00017367132776127518,-3.635152911641446e-07,2.0337844750566304e-05
0,4,8,0,40,0.0005076189845478186,1.9140748558463773e-05,0.00013462756439941938,-0.00036551180616974154,1.3408403093429723e-05,4.580896995565937e-05,-0.0001453009747998082,0.00022826167940112664,8.745898812823697e-06,3.991510714566289e-05
0,4,8,1,40,0.0005126074064791189,-0.00013589784354205498,-2.476652704885325e-05,-0.00013391644712630845,0.0002504491580929913,-4.265989399413385e-05,-0.00013940150570161713,7.69105561301405e-05,-1.3142951160616978e-05,0.00011467460923274991
0,4,8,2,40,-0.0004578020513118955,4.979895734042881e-06,0.00012391316487611273,-0.00032141562192277155,9.928261991146643e-05,0.0002639267201107067,-0.00023231640220301643,5.538934747853865e-05,-5.225285048854052e-07,8.926877475037808e-05
0,4,8,3,40,-0.00016931465922852723,-2.5638619890965965e-05,6.686174804217545e-06,-5.122907868462461e-05,4.005122519005585e-05,3.636717945486182e-05,-5.5259363047000856e-05,4.111123963325318e-05,3.030021803545072e-06,-1.8121322382814422e-05
0,4,8,4,40,0.0002655027950990965,0.00023813973899323537,0.00010879231461204625,4.36208912630911e-05,0.00029009938471384296,8.953188245204113e-06,-0.0005202201193089617,7.977205093768095e-05,3.660633335175969e-06,8.583027490446301e-05
0,4,8,5,40,-0.0008648529816195638,-3.8596389901426e-05,-0.0002428270005525233,0.00011950533711978095,0.00010043645489520291,6.429664122307421e-05,-0.0002830574483257243,0.0002264085893580001,2.0352605122599175e-05,-0.00010240018061234987
0,4,8,6,40,-0.0003276342713268678,-6.683539202548563e-05,-0.0008201461768250567,0.0006117650861220617,1.3131464772655305e-05,0.00035613265264795396,0.0006003622495141881,-0.0013108885557183382,2.1515541345902567e-05,-0.00011771603978721727
0,4,8,7,40,-0.00011648324252338597,1.6902968472871013e-05,1.4710481324193931e-05,7.705756670309336e-05,1.579306170100837e-05,-3.982693382219271e-05,-3.151463713740914e-05,-4.6995562104105584e-05,-1.3175858815041337e-06,5.241862648671428e-06
0,4,8,8,40,-0.000650696009791339,-0.0002568040647029363,-0.0006542547150692056,0.0004381738097369966,7.030330789859241e-05,-0.00022065032762817735,4.8554273224544494e-05,4.719881367117254e-05,-3.4777295414837774e-06,-6.35605358063949e-05
0,4,8,9,40,0.00015173358428957541,-4.017460979033366e-05,3.393520306821445e-05,-7.623544494368611e-05,7.409970243087988e-05,3.23528090230147e-05,-0.0001829977863868983,0.00011892202597124974,-3.1512603329453365e-06,1.3856754852774101e-05
0,4,8,10,40,-4.553849580734172e-06,-1.8692607020801632e-05,-6.506298151915411e-05,5.512658554647073e-05,-1.449175773062707e-05,-6.047634953534855e-05,2.045556006407981e-05,2.076834360691778e-06,2.691414245865764e-07,-7.358844786918767e-08
0,4,8,11,40,-0.0006386338630404472,-6.36222289103082e-05,1.9584394403984997e-05,0.00038605441247129013,0.00033777474396574003,0.00016726806659939065,-0.00042207899672420685,0.00014071500266107825,-9.578815621873743e-06,-2.7862095196082095e-05
0,4,8,12,40,0.00023978503348743327,-0.0003227363999912977,0.00029565197098546214,-0.00017978279184078722,0.0008344916892775956,0.00026026242567985826,-0.0003934329883340537,-8.463460445867611e-05,-2.0481067819087568e-05,-0.00010100030469668565
0,4,8,13,40,1.829932168750358e-05,-2.0142189579051152e-05,2.8425807955180366e-05,-1.9113959417313046e-05,5.982301292652972e-05,6.488529022509047e-05,-8.686482191477403e-06,-1.4765523393374077e-05,-1.2705601024400134e-06,8.663969355944595e-06
0,4,8,14,40,0.00021459501332847595,0.00013639856920242372,-0.0005060388770582508,0.00021509972205456496,-0.0002809097357655908,-0.0002313828943186738,0.00026047779259374477,0.00018050333937421226,-3.1462659897094935e-06,-4.5360488945283444e-07
0,4,8,15,40,0.0011940836773443942,-6.831378159382357e-05,-0.000415881251971391,0.0004210176475461289,0.0005620162938681664,0.001568238299558493,-0.0001910606318935786,-0.0003813894824873076,-1.0802311043596281e-05,6.199258242204145e-05
0,4,8,16,40,-0.0006298032024580698,-2.6594633326464233e-05,-0.0007855635233359622,0.0014102823438910288,1.2932065271576885e-05,0.0010845601505590633,-0.000145233044113876,1.0910168470224603e-05,-6.720523141242902e-06,4.84242702947115e-05
0,4,8,17,40,0.00013358751967965896,3.3825307885356365e-05,-0.00013472148414503404,-0.00019167019990594633,0.00012614530104453818,-0.0008221989482445897,0.00048524007949084057,-0.0010499275757250533,-4.951124314566211e-05,-0.00019125882984556293
0,4,8,18,40,-0.00040920302813469544,-1.6968001216841268e-06,-0.00020084590379040198,0.0002942394981067443,0.00025178977264332203,9.312315907637116e-05,-6.258708599519876e-05,1.9982880386352568e-05,-6.370892348126649e-06,-2.7004582729322977e-05
0,4,8,19,40,0.0005699788517379659,-9.295849103978842e-05,-0.0001538925774240624,0.0006104336916041145,0.0008384992674569433,0.00048680861060302,-0.0005239170132245526,0.00015690342035069014,3.007278569769771e-07,0.00014410455686268323
0,4,8,20,40,-0.00021702954968194068,-0.0001316476828938479,-5.383556986060974e-05,0.0001635657650199203,-0.00030171877267380826,-0.0002730013788641534,-3.1064398360281434e-05,-1.9745553263445157e-05,-3.936407009617025e-06,3.230786480848974e-05
0,4,8,21,40,2.5496676015934625e-05,5.7797579922501665e-05,-0.0001729164438244023,3.697842375902456e-05,0.00010817602080572952,-7.596312826564465e-05,-0.00011963330015362946,-6.0031435577115265e-05,-3.289223448651142e-06,-3.168444513152843e-05
0,4,8,22,40,0.0007767416379454079,-8.271427896667887e-05,-0.00029206931426713234,0.00015415836385133561,0.0003248608818708913,-0.0001996750913743504,7.728518333338911e-05,-0.00032961001804286574,-6.257853920009213e-06,-8.314128887033286e-05
0,4,8,23,40,-0.00013663216727219013,-0.00012115400218126037,0.00010756646024850609,0.00012573503086364495,-0.00012669018616071428,-0.0001241552967465301,0.00015049759676405628,-0.0005157174900594617,-6.939133810152474e-06,-8.795094410920069e-05
0,4,8,24,40,-0.0003279510563666791,9.550104952383523e-07,-0.00011445042384120916,-9.560417528745927e-05,0.00016653269469401826,-0.00020636673881885718,-0.00013400449215116036,6.916889079488364e-05,5.014148974295366e-06,5.4340555345484725e-05
0,4,8,25,40,0.00042544482871796456,9.369165410322792e-05,-0.0005364910104526727,0.0014014175189936706,0.0007091726329566186,0.00027204741399314167,-0.0006988786274656508,0.0002641570316388911,3.1143740712807997e-06,0.00019368017735343752
0,4,8,26,40,-0.0003993478090296309,-0.0004420985810628695,-9.374590608041616e-05,7.627519462275915e-05,-0.0004122370339637249,0.0018234225500554369,0.0010088958101864792,-0.00011519059711281155,-3.010916637154394e-05,-0.00031194726998340155
0,4,8,27,40,0.0004503602423489519,-9.191044321134357e-05,-0.0004996160533903297,0.0006030797167182687,0.00039969005360998165,0.00021130816187471202,-0.0004771167310700043,0.0004359334220747998,-5.053896707507164e-06,-0.00010293913637354196
0,4,8,28,40,0.0016053190259846572,-0.00033743425023361086,0.0002305928919482175,-0.0005485776305048631,-0.0006799294614468822,0.00018770150375458687,0.0006416293803219622,-0.00040308355385244073,-2.5497003345849622e-05,-0.00012269750553361219
0,4,8,29,40,8.17878670446421e-05,0.001523975702958165,0.000582218442191013,-0.0009148537889331831,-0.000245970545033713,-0.0001868001150674622,0.000819772614549513,0.0009781507633738647,-1.8322409120757558e-06,0.0006634267597050868
0,4,8,30,40,-0.00013906775400811036,-7.297624900109955e-05,-3.6316895320702826e-05,-9.308203533671015e-05,-2.1289877718621822e-05,-5.8660878485146854e-05,0.00025645149702873803,-0.00022492306674971364,-1.4180068984076927e-06,5.74730639340932e-05
0,4,8,31,40,-3.89665834815732e-05,-3.553672245491236e-05,5.4311284682824496e-05,3.062940883521054e-05,-3.59558891441095e-06,1.7828183194334715e-05,3.031598261649569e-05,-7.08391122264292e-05,2.5788723653716666e-07,6.332151394245449e-06
0,4,8,32,40,0.0001719683063249218,-0.000189915796657255,-4.718943800643627e-06,0.00017699326664267237,0.0001411176453870884,-4.8615419451503697e-05,-4.5455046675831966e-05,4.1676768259111186e-05,-1.1356852193509125e-05,-1.8646174157806046e-05
0,4,8,33,40,0.005343138279875958,0.0009077885221637984,0.0011092340501640888,0.0013373597516523911,-0.00103426023375063,-0.0008417388318300643,-0.0001903012517590353,-0.00037055252387211383,8.56730516631941e-06,0.0007822629009342503
0,4,8,34,40,-0.000620787576705291,-0.0002447440760575705,-0.0003639479965276047,-3.1336300681457407e-06,-0.00020988428037212393,-0.0003867340861573098,0.0002147911944727806,0.00031262810183261614,-1.011714161922239e-05,-0.00010636022920885383
0,4,8,35,40,-0.00023572219959679033,-6.467468228056946e-05,3.344860597773371e-05,-9.364782620514305e-06,5.69212111521228e-05,3.405624274201496e-05,2.705543234585945e-05,-0.00013539818459217833,2.859513332210816e-06,-1.7195519329699782e-06
0,4,8,36,40,-0.0007904685695889652,0.0005031098894895795,0.0001598075191981861,-0.0004547556420479322,-0.0006062137363379821,0.00027588755316459605,0.0006774392344685582,-1.9813110604319996e-05,-1.701645501608035e-05,0.00022809233088560106
0,4,8,37,40,-0.0036062671425604043,-0.0014698657201442198,-0.0035039504042646786,0.004491581361500431,0.002798748716878932,6.628873226194716e-05,1.1611684804265182e-05,-0.0002640176340062551,-6.143362194920085e-05,-0.0007465356869313577
0,4,8,38,40,-0.0013728444465472636,-0.00014726635237542036,0.0004925830417874882,-0.0003391595988902545,-0.0003283414330181771,0.0004304737259961198,0.0003136766398911132,-0.00045988408475409765,3.349918454211927e-05,-4.253094729633294e-05
0,4,8,39,40,-0.00013295792317638105,-0.00042219589058752386,-0.0004776763054248534,-0.0003909332049313056,0.00038691518389997147,-0.0007256989981523002,7.320652577664935e-05,-0.0004412956520238216,-4.306687400327582e-06,-7.398682238257276e-05
0,4,8,40,40,-0.000234903100442979,7.060003806472065e-05,-0.00019843783774919509,9.007955203077671e-05,0.00040968949309431736,0.0003489410221109026,-0.00044410207173923167,-0.0003981907714763849,9.746996464307387e-06,1.961753136907058e-05
0,4,8,41,40,-0.00039813812800662497,-2.1125717533961564e-05,1.6123848080128193e-05,-5.965870283247858e-05,-0.0003315292225452752,-8.256964271978656e-05,0.0002399347433636907,-0.00021525203191447562,7.622133516817587e-06,-5.876233117288295e-06
0,4,8,42,40,0.00019924334866144866,-2.3835919252213827e-05,5.5158205002564264e-05,2.580252522639523e-05,0.0001598554324472746,0.00025720266438397985,-0.00028913520780794326,8.814020994720606e-05,-5.392626528679493e-06,-9.402950808830634e-06
0,4,8,43,40,-0.00030528287522251955,0.00035921435135095864,-0.00024230705804852718,-0.0001943741077840273,-0.00033546095440867296,-0.0006347194693315878,0.0006291363706145916,-0.0002153381117012511,3.689968984047174e-05,6.473317528394469e-05
0,4,8,44,40,0.0014413155898151332,-0.0004765625745032643,-0.00018808057565714573,0.00047224026490768885,0.00020586032396610761,0.0005386664681194182,-0.0008577105238123908,-1.930974991998901e-05,-9.676978733471778e-06,-0.00021983874175561361
0,4,8,45,40,-0.0002810522918795952,2.0888710930315144e-05,4.800299888138561e-05,-1.956985995330468e-05,0.00011368403660260303,0.00017473398031276222,-0.0002094319009134109,1.8785013124233895e-05,-2.199856135948989e-06,-3.6538417189323474e-05
0,4,8,46,40,0.00016145620670123228,-0.00023782208676349296,0.00023179191051810088,-0.0003563297334802455,-0.0002364985249582391,7.29319791052084e-05,0.00036502739558985864,-0.000271681332225495,2.8345559535968822e-06,-0.0001366887956579927
0,4,8,47,40,0.0004852154920612726,4.5458675902032325e-05,0.0002990431408373375,-8.60686114327344e-05,6.104695676086644e-05,0.00011264496655654617,-0.00017303749629547639,-0.0002665065913819655,-1.7799799177069894e-06,1.6080849703129413e-05
0,4,8,48,40,7.566770102718326e-06,-2.717362564802761e-05,4.4833736352143766e-05,-3.6289230150734414e-06,-8.409299490537405e-05,-1.0365810473336e-05,8.154646513702225e-05,-9.836111094727342e-05,1.5626422010068912e-06,1.3282842188027366e-05
0,4,8,49,40,0.0008012773514652306,0.00012824158567121933,0.00041337294816275834,-2.324527943897177e-06,0.00015852399447764258,0.00045549822253056817,0.00020129616067653144,-0.00034679418568513045,-3.037132779924469e-05,0.0001439566848008883
0,4,8,50,40,0.00012228378178458097,5.573460848226993e-05,-6.609335086783043e-05,0.00010608046846039298,2.2132832106945885e-05,-9.810169988018374e-05,-6.851892629174575e-05,0.00017246595711951703,-1.4233107435843622e-06,2.637100747320173e-05
0,4,8,51,40,0.001063893934678695,0.00010743543264239774,-0.0004314852692253678,0.00042654980091484803,0.00042769088223527105,-6.435411697934185e-05,-6.528213665205961e-05,-8.503221990294299e-05,-5.9306916830024075e-06,6.81769378487326e-05
0,4,8,52,40,-0.000509168131327326,-0.0008073862692875881,0.0011579035803345166,-4.188824844384149e-05,-0.0021487644713142373,-0.0014616008281897385,0.0007371296879105986,0.001210192354607792,3.5813770672499095e-05,-0.00024123634729739037
0,4,8,53,40,0.000287417692264913,-0.00015423392500766257,-0.0002671539637934192,0.00010340684531925498,-0.000127342606612633,-3.129455192428377e-05,0.00030661685124559133,-0.00033213486982558915,2.4969178962348097e-06,-4.188598850314892e-05
0,4,8,54,40,2.8008921282964352e-05,-0.00025191806374400813,0.0010623748112074196,-0.000816610000532984,-0.001177932180898361,-0.001281408810094644,0.0003254352420902855,0.00037136354437437933,1.8818374867396444e-05,-0.00013930691269546604
0,4,8,55,40,-8.244861978734756e-05,-8.583663125009484e-05,-4.758890868987696e-05,2.632686715401283e-05,8.137646811438061e-05,-1.2653968754403872e-05,-2.7325393754742418e-05,6.266841490683242e-05,2.555416107877161e-06,-2.146989399265089e-05
0,4,8,56,40,7.268676984456601e-06,-8.35519804196565e-06,3.2862339417002084e-06,-5.218655550402544e-06,1.1125956518912364e-05,-1.0819459436453326e-05,5.550197980324294e-06,-2.7441197157505993e-06,7.513153712249358e-07,-3.080189269891942e-06
0,4,8,57,40,-4.7019797697111434e-05,-2.6724769100076604e-05,4.211903121470338e-05,-0.00015423905978332854,-5.1596640670713244e-05,1.9963481300131e-05,-3.344629476241889e-05,8.238996972669945e-05,-6.620438618376492e-06,3.125755533734184e-07
0,4,8,58,40,-0.00026023798082199705,8.483871359891638e-05,-0.00014642418663119878,2.6068037989517234e-05,-0.0003653202143681963,-0.0010712552467411524,0.0008556140666378003,-0.0005841124380637321,3.2873501755101017e-06,5.456017150934674e-05
0,4,8,59,40,0.00026513597977276796,-6.328875063646539e-05,-5.6498166415576374e-05,-0.0001355707022482294,0.00013692991364848352,-0.00014803318118828432,-0.00010521057420603852,2.4409206051227055e-05,1.6159378541252095e-05,-3.1062220791106164e-05
0,5,8,0,72,-0.00016650741836470408,3.868186418090292e-05,-8.071783006175384e-05,2.7982551651991236e-05,-5.702300362509866e-05,-0.00016920015445230212,0.0001225237242431191,-9.686899612451882e-05,3.9412546316255314e-07,7.304563778604113e-05
0,5,8,1,72,-9.05852969210925e-05,-9.16149985728584e-06,0.00016614261296195076,0.00011665702476531379,3.244741399223254e-05,0.00014643737191638448,7.611095585758262e-05,-0.00013062919998326636,1.418443507012306e-05,1.346485104778583e-05
0,5,8,2,72,0.00012319305573546874,2.5934917867174108e-05,-2.250451887969034e-07,-5.334028345466748e-07,-1.1746074961084602e-05,8.522094924300795e-06,-1.0499574924927374e-06,3.04122658249287e-05,9.357198355225205e-07,2.0102197309081747e-05
0,5,8,3,72,-7.774877737011763e-05,-1.5578146384639286e-05,-2.41671589441639e-05,8.28514344010631e-06,-1.7467701101737688e-05,-3.6500676593904844e-05,2.78590183267044e-05,3.096158326507195e-05,9.765135850676937e-07,-4.14170078036947e-06
0,5,8,4,72,2.351919618864793e-05,-9.689923772577341e-06,3.845821668043568e-05,1.2929414300972213e-06,-1.0069193478494146e-05,0.0001318450800030034,-4.066246121776684e-05,1.915479660640378e-05,2.0383159155415707e-06,-1.992066832503551e-06
0,5,8,5,72,-3.8103355469695543e-06,-5.3248057051502205e-06,-2.4737546876286186e-05,7.3043928968436494e-06,2.1915540311893428e-05,-6.8923534545185885e-06,-3.00481989897722e-06,-4.547773974804252e-06,2.2084350134114562e-07,6.175052080713966e-06
0,5,8,6,72,7.515165549143099e-05,1.771672247094446e-05,1.2218592306550026e-05,-8.681957454934955e-05,-5.660931468914175e-05,-1.5527134854075825e-05,3.549707957942016e-05,-2.3985065345047598e-05,3.5823278991125627e-06,-3.597252723737363e-05
0,5,8,7,72,-0.00033047673087024704,-0.00018792737130053096,0.0001677558128461827,-0.0002403923228314072,-0.00011759623274836538,3.927666732817317e-05,0.00019364278230798025,-4.1326311117909996e-05,1.2606006561428865e-06,-9.896794187923573e-05
0,5,8,8,72,8.767873948393633e-05,-3.343378818584895e-05,-5.493185024863221e-05,4.970342242847973e-06,-3.537866625568781e-05,-9.212065829386815e-05,3.2505962838032236e-06,-5.833735428123041e-05,1.5627689581748297e-07,7.981755803772341e-06
0,5,8,9,72,3.605503120579456e-05,2.2797518296488222e-05,5.634541780291415e-06,6.450510663261506e-07,5.530229658169514e-05,2.5133362282131257e-05,-3.807617085661213e-05,-2.171460693684954e-05,-2.0679660222748314e-06,3.347034461262414e-06
0,5,8,10,72,-0.00014889045889459636,-1.4596424149713314e-05,4.790137283091832e-05,9.866529776403026e-06,2.2092346714052635e-05,2.334846245391525e-05,-2.8709955924765362e-05,4.864454983781604e-05,2.433092040417023e-07,-4.480199140362545e-07
0,5,8,11,72,3.625970038216507e-05,5.7177292565961276e-05,-0.00014347563524355758,4.282621435619135e-05,0.00010248596374631454,-4.602558749198271e-06,-1.3493272794933694e-05,-3.0138270632008545e-05,-1.4215721682008928e-06,3.4432291707680484e-05
0,5,8,12,72,-0.00046582224846245977,-0.00011848541158933793,-0.0002172927450993319,0.0002287445181780239,-0.00023719120494178632,-0.000310902212738399,0.0001928276099419918,0.00023568774382637766,3.164851696461435e-06,-1.8097500622248063e-05
0,5,8,13,72,-8.972089466190988e-05,-5.714691165269943e-05,1.9432210978317393e-05,2.1210792623115903e-05,8.00759531892882e-05,1.5793952222161726e-05,-9.615752748939844e-05,5.742146338564613e-05,1.1002454644592298e-08,-1.4044408883301935e-05
0,5,8,14,72,0.00015367342174321853,3.477447615397949e-05,5.397527006197146e-05,-5.9737000809421934e-05,-7.663551113009372e-05,5.039229525169766e-05,3.291142299719627e-05,-5.9509038125888936e-05,-3.4988542345478447e-06,6.282323462866201e-06
0,5,8,15,72,-9.306644638037909e-05,-8.42983775706302e-06,-4.509846924573768e-06,1.6396988647927424e-05,3.067281647041417e-05,3.394985306150971e-05,-1.7992722950899802e-06,1.8387809461019337e-05,-1.3468180860232093e-06,1.8933105039723136e-07
0,5,8,16,72,0.0006144346216875138,0.00019465666059861715,-7.547035065067719e-05,-6.562459911798682e-05,-6.627531289957707e-05,4.804614998344418e-05,9.066241061644069e-05,-3.6838439607401556e-05,-1.2815414625630658e-06,9.256849940170406e-05
0,5,8,17,72,-2.1075217308571647e-05,8.514955969392846e-05,3.9678540453604255e-05,8.204679504209702e-05,0.00010169992535720169,5.5908823175732935e-05,-0.00013356748566534745,0.00019790967954128454,6.741371989877392e-06,2.522487629455433e-05
0,5,8,18,72,5.56655382366874e-05,-2.1082364224049137e-06,-4.5497545936413374e-05,7.46432058297028e-05,5.376980695764533e-05,1.6398176171023124e-05,-4.905488255393867e-05,2.9787689346857694e-05,-1.2576599308901655e-06,-1.255343706501192e-06
0,5,8,19,72,0.0003171837300836474,2.7790098492399464e-05,3.173273231578678e-05,-4.736515126093778e-05,9.469738002166398e-06,3.1614975705554314e-05,-6.204513476351421e-05,-7.499320096270971e-05,-1.7995129856435554e-06,-2.489717660474178e-06
0,5,8,20,72,0.0003532231888713714,-0.00019947170980198298,-0.00026515551510474975,-2.5219325351778136e-05,-0.00018114950106672365,-0.0006049683524513793,7.819847852463428e-05,-0.00027593839920247613,1.1683794197758598e-05,-6.456470985081664e-05
0,5,8,21,72,0.00013111353048083675,-3.5326743848510226e-05,-3.603371670037569e-05,-7.750421489269672e-05,-9.472903627129476e-06,3.1234020248915276e-05,3.4680267283589616e-05,-8.11214929889452e-05,-2.5817362180875494e-06,2.7849104663359153e-07
0,5,8,22,72,-3.914257002174145e-05,-1.8827910589694669e-06,-1.3035803377693593e-05,-2.1428098605113155e-05,-7.364379010450787e-05,-5.772223719877687e-05,6.34687707836329e-05,0.00010716043018160163,-5.8079561535405584e-06,1.6108600610749028e-05
0,5,8,23,72,3.5230272895359675e-06,1.3184584176792727e-05,-5.7205338191303385e-06,2.8772906799680614e-05,2.954972182279556e-05,1.8586739198412328e-05,-2.512327765016499e-05,1.703500085758312e-05,2.4647439379874086e-07,1.8043585505918793e-06
0,5,8,24,72,0.00022847619589296553,-6.575889443533834e-05,-0.00014838996335298285,-6.600101051230573e-05,0.00030391843133049,1.797424691493569e-05,-9.171248642290957e-05,8.786741701154435e-05,-5.597499953131093e-06,-2.6218940908254466e-05
0,5,8,25,72,-0.0004033943632009346,0.00016613577575391776,0.00025065805559420124,-0.0002563136877924107,-0.0004822816238947298,-8.932861751755332e-05,-2.0957614783100414e-05,0.0003202772262522708,1.1987843179263161e-05,7.115133591244585e-05
0,5,8,26,72,-4.107432370496119e-05,1.9084537201776863e-05,2.8537665035134595e-05,-8.288154246619034e-05,-2.4057778122499834e-05,-1.3425999687477338e-05,7.070848065285668e-05,-5.486691100965514e-05,-1.4740800000887693e-06,-5.261770465394696e-06
0,5,8,27,72,-1.0590105056816935e-05,4.783157526849321e-07,-3.480924724876144e-05,1.2206854364272124e-05,1.1033078752902319e-05,-6.683554975074403e-06,-1.3701033575827079e-06,-2.1170030710376485e-05,-3.6646210921646005e-07,-5.656976944347647e-06
0,5,8,28,72,-6.398215150899906e-05,3.986815107453685e-05,6.211016685370553e-05,-7.910778689097648e-05,1.7153163016745356e-05,6.941171053532634e-05,1.0601090819760487e-05,-3.5102725412350994e-06,-5.400234328946884e-07,1.027190323155657e-05
0,5,8,29,72,-2.3437746855823726e-05,1.1007622344875797e-05,-3.579963591777505e-05,3.011788374387261e-06,-6.711394307657974e-06,-1.9382164289044363e-05,5.6780718168762905e-06,-7.591645862525322e-06,1.4631157663861907e-06,1.9212019669963878e-06
0,5,8,30,72,7.360929152965265e-06,-9.81338914065561e-06,-1.7054474581849012e-06,-1.2418913935986155e-06,-2.829817516763398e-05,-2.047470372929763e-06,2.310256981108663e-05,-4.913366925877997e-06,1.9816865541879093e-06,6.309995379767826e-06
0,5,8,31,72,0.00016574578445964033,-5.808187105820024e-05,-0.0003581721532578769,0.000132008001392428,-4.634402036343563e-05,-0.0004510354675472211,2.5276202132390988e-05,-0.0002614846025837424,7.792459648978285e-06,4.1161803576970794e-05
0,5,8,32,72,-1.1623325499773653e-05,-5.552950239815621e-06,1.7463097720618224e-05,1.1403490853958254e-05,3.887687598452824e-06,-9.094074532043953e-06,-3.297117329503849e-06,-5.042367588893861e-06,-1.4169547915829337e-07,-8.914231156993413e-06
0,5,8,33,72,-0.00039253149921712207,0.0007547446169122855,0.00029942801609966036,7.968588890156436e-05,0.00018514047140500258,0.0003424837226727136,-0.000691743708504238,0.001258856113731154,-3.11575636174003e-06,1.716304454493973e-05
0,5,8,34,72,0.00027383647185208877,-2.5048282217940452e-05,0.00021249582565724927,-0.0006660295695708237,-0.00016810872311877648,0.00013717625438103192,0.0003668534543081508,-0.0003220381986326836,6.8273301759042845e-06,4.080958044975327e-06
0,5,8,35,72,-0.00019449075165178396,0.0004165623712370525,0.00014688775040105223,-0.0003684523284748009,0.0001971804442438223,0.0005152039771125252,-0.00030283440615405666,0.00028189141151343047,2.42840130191664e-05,-4.8315609759023324e-05
0,5,8,36,72,8.327851290013711e-05,-5.987795998181642e-05,-7.722071553751556e-05,3.181033058317582e-05,0.00012622237424759513,0.00010180976964155913,-7.343968701876273e-05,6.014886630520516e-05,3.7624799287914773e-06,8.038588296966844e-06
0,5,8,37,72,-0.00017957047116217377,-5.674459210478794e-05,-0.00016140553913764383,0.0002550856461364654,0.0001658571984084813,-4.5437484387687444e-05,-0.00023812856104165375,-6.448536142590761e-05,-8.365917240792427e-07,-1.6900263120843907e-05
0,5,8,38,72,7.079637867960025e-05,-1.725085340906047e-05,8.321639947588629e-05,-4.611910508881144e-05,-3.6759066401540934e-05,9.531821340195081e-05,-2.735852828912587e-05,-8.856830851856254e-05,-1.5073530143128412e-07,-3.053366425806902e-07
0,5,8,39,72,-1.2704136667140653e-05,3.234541543850065e-05,-9.041368675959306e-06,-6.963488040501482e-05,-5.1721237416705444e-05,-3.1940613184504124e-05,9.828511285357102e-06,-6.9931298035806434e-06,2.3121819890225983e-06,3.83731896752673e-06
0,5,8,40,72,0.00018875031861270968,7.409602856562244e-06,-0.00032095639049772986,0.000365641431182179,0.0003016713540647711,8.165305625119517e-05,-0.00026612516054513305,0.0002209614336095671,-7.909057247085458e-06,-1.260089380772926e-06
0,5,8,41,72,3.941338928059881e-05,-5.349911105514101e-05,-5.3938374551133365e-05,5.8108008096506904e-05,1.5999462969409297e-05,-0.00010001326405771685,-7.890982775259607e-05,0.0001311940338374559,-3.267794638376823e-06,-3.0833524001328454e-05
0,5,8,42,72,-0.0006040145695263933,-9.737496350057688e-05,4.875279940475644e-05,-0.0001432369907888596,-1.5787737937929736e-05,0.00014072410420634522,-6.494794434615451e-05,0.00031269822310200994,-1.0372213764594442e-05,-7.3747697294969634e-06
0,5,8,43,72,-0.0013734681764062248,-2.6872120516198237e-05,-0.0005082798699360838,0.0006120726681718297,0.0005823392737335559,-0.0016268001183734606,-0.0003020241098811337,-7.623687211307926e-05,-5.635380349906833e-05,-0.0002267108086845557
0,5,8,44,72,-0.00021681449774072726,-3.262770575161848e-05,-3.80276204079989e-05,4.461173209271648e-06,3.472160303704829e-05,-9.879077709554714e-05,-3.289660926352908e-05,5.6644833466119006e-05,-9.17405097994054e-07,-1.2363500296087402e-05
0,5,8,45,72,8.020052187478828e-05,2.1691472487038728e-05,-4.2448730949743445e-05,6.507825033083801e-05,1.5335658488006277e-05,-5.223383520989253e-05,7.282740604639175e-06,6.60914047909134e-05,-1.712393686749609e-06,6.019361467387287e-06
0,5,8,46,72,1.8402389031987693e-05,1.0882067920163826e-06,1.3929956685541943e-05,-1.546507806034932e-05,-8.176129899135984e-06,-3.887938052385418e-06,1.7204825044860176e-05,-2.272078283686849e-05,-1.4755983954102343e-06,2.7444481961386926e-07
0,5,8,47,72,5.938929442931998e-07,-2.6435077115211047e-06,-2.303362707069556e-05,2.095798172064241e-05,8.5104845272336e-05,8.199789151906019e-05,-4.6985258844484236e-05,-4.847979926938831e-05,3.353716003643664e-06,-7.117657024539526e-06
0,5,8,48,72,-1.9445399350460593e-05,3.9802970144508445e-06,1.3937294307772379e-05,9.799877969402304e-07,1.7481249311479512e-05,3.5810732546543625e-05,1.0029523268508786e-05,1.3620437985206348e-05,-1.1936167448820659e-06,2.569334106913894e-06
0,5,8,49,72,-0.00011176112593468334,-1.7175444714635753e-06,-8.40830735127107e-05,0.00023363816388820063,0.00015761763627971065,5.951706610652099e-05,-0.00010326946192608139,-0.0002057916950624368,-8.700489616396995e-06,-9.552310935609463e-06
0,5,8,50,72,0.000277153790843805,-2.3793668104208984e-05,-0.0001376219979671171,4.5072414247160755e-05,-8.453378794338576e-05,-0.0002218641915877018,9.507257666528569e-05,2.399710328657656e-05,-2.502365970844927e-06,-1.1751307987075313e-05
0,5,8,51,72,9.445408727943703e-05,-4.8694104200294584e-05,2.7885674919644906e-05,7.255072358581608e-06,4.0214285648057127e-05,1.6623542474826524e-05,-3.442136642815511e-05,-4.9102655366354425e-05,-4.299213455556014e-06,-3.2101087178863476e-05
0,5,8,52,72,6.704400283480125e-05,-2.8598123682423393e-05,5.515951831354217e-05,-2.3437020652159432e-05,-9.718616279925471e-05,8.949272162851147e-05,2.0552467869588466e-05,-4.100528809436503e-06,1.777882699815098e-06,-2.9148204459641888e-05
0,5,8,53,72,0.0002589048239635955,-0.00042288408584606355,-0.0006756949913221735,0.0004772943282224085,-1.5714508654275688e-06,-3.32265364182455e-05,5.3257171317335584e-05,-0.0004459926928289653,7.735094418636566e-06,-0.00019500438046491817
0,5,8,54,72,-1.2721518291602611e-05,-7.931172149249914e-06,-2.4198582475984398e-05,3.57684058471343e-05,-1.185148139528454e-05,1.726524138945071e-05,4.684712500071649e-05,-7.606107315038808e-05,-3.934875805957809e-07,-1.8164198156019894e-06
0,5,8,55,72,-6.314867106226463e-05,-4.556805807381212e-06,6.466292924903162e-06,-3.243652935235833e-05,-1.7513862561134253e-05,1.5215770477028675e-05,9.030818320886402e-06,1.710410529661383e-05,5.368801268649436e-08,-1.764366270596159e-06
0,5,8,56,72,0.0004805048494080052,-4.6377658317662685e-06,0.00020009610121100754,-0.00012373336095126942,4.7610334979775906e-05,-7.655905756797648e-05,0.00025876020418792186,-9.116087716958289e-05,3.527377695466642e-07,-4.251927422296619e-05
0,5,8,57,72,-0.0004714950884325242,7.119304683243072e-05,-0.0001422943283822436,0.00033108724348715604,7.269145680256358e-05,0.00023582138771047334,1.0167757512406764e-05,3.722113887424606e-05,9.056966123764066e-07,-5.4494560994116135e-05
0,5,8,58,72,0.0010244318009992024,-3.966654387647349e-05,-0.000758243476894674,0.001438647374887413,-1.4731484625577964e-05,1.969276868730601e-05,-9.915523449243882e-05,-0.0002971197207580792,-2.084974895534601e-05,0.00016624169051836015
0,5,8,59,72,9.901702948014267e-05,-1.6641634842240726e-05,5.3817233863716875e-05,-0.00014065182497129727,-6.093812486477972e-05,-1.1448461463544205e-05,-4.4298645288432214e-05,0.00021703869126267586,4.223592864037879e-06,3.533629852669588e-05
150,0,1,0,3,0.2130900855765874,0.07336157463566831,-0.24222786755581246,0.09199709456905075,0.19754917355561394,0.03983929955900736,-0.11405447267346908,0.08953529234121671,-0.010772047837343833,0.02091747185161178
150,0,1,1,3,0.049977386613599,-0.0013853397764861549,0.0075208053758575415,0.02190355860887484,-0.018113994099458543,-0.014586389806575964,-0.012751405981471094,0.0017832307434285804,-0.004347038056904499,0.0035712597336863194
150,0,1,2,3,0.00025867599327871843,-0.0005683897932466293,0.0006741903434955799,-0.0007378195861628132,-0.0005260384074085495,7.96543095882366e-05,0.0007623668915124848,-0.0008369910867811311,-2.9757224096810068e-05,-7.20738133626573e-05
150,0,1,3,3,-0.28462999029996494,-0.07867157699794934,-0.21229722753605265,0.04319904426671242,0.12883861351638834,0.001517108594873319,-0.08643142235458488,0.020539209615073765,0.01952805794757079,-0.009423228628051611
150,0,1,4,3,0.05358016709159248,0.012618821752248708,-0.0049467139678383235,-0.0002311156417559618,0.03752103882000213,-0.030139211418706995,0.008721585440408824,0.0021057098969182756,-0.0033944519983468697,0.0034489483630426167
150,0,1,5,3,0.20584219688672697,-0.006504390160946048,0.09688001009596242,0.016053040791489084,-0.12455561877409786,-0.15625724878816422,0.11492913813238027,-0.07178591301675831,-0.012618624145613669,-0.021667054713812684
150,0,1,6,3,0.038241623283174,-0.010657550671232039,0.013572078627049984,-0.022926320418851797,-0.01562525903801036,0.021361057106436074,0.0171376874492838,0.0015779316937127965,-0.0031139028701156,-0.001214511659541604
150,0,1,7,3,0.03525276821054101,-0.02460617556097764,-0.0037382068752690794,0.030540402130128805,0.0042252956363718515,-0.011854342665444719,0.027347932541719498,0.009399139572303783,-0.00203854884086503,-0.020726412965259098
150,0,1,8,3,-0.03742890100568566,0.006747840406254083,0.0014163935680121212,-0.006376632574316045,-0.01705067392562978,0.0063622657710451815,0.006774044701131111,-0.009138074894345503,0.0017296815905057663,-0.0005239205054876815
150,0,1,9,3,0.003999652416099129,-0.000940202091803341,0.00416158763880312,-0.0026249439395479093,0.0025603162874317524,-0.004172679391215677,-0.006201109917876553,-0.000868868796322408,-4.692825463912765e-05,0.000542244427655167
150,0,1,10,3,0.05449865390170337,0.001297529196087829,0.006388232495762569,-0.02192785434544286,0.05989881605088217,0.0651091668008244,-0.11229655421425594,0.055731049142028144,-0.001359590537499007,-0.0026834182719984606
150,0,1,11,3,0.0155344457764515,0.00991313933106117,-0.044326007999566285,0.001007047881526932,-0.019817963969777523,0.006663077244109187,0.02410016855015496,-0.007999093291970355,0.0008658161542311577,0.0018638836137324962
150,0,1,12,3,-0.00837396672497505,0.042850929398104226,-0.013061871144485726,0.08231468912953599,0.0730143819141733,0.022192652169437718,-0.02863821113425269,0.0005273094120793958,0.00047209588342619224,-0.0012382493846619994
150,0,1,13,3,-0.347960830223749,-0.25751387311102814,-0.5036859854603292,-0.21161506520921208,-0.025148688398609523,-0.6170887685912964,0.13367090915310292,-0.031228470106625144,0.005672869764598664,-0.29079983251672925
150,0,1,14,3,0.013420453724953964,0.01608236345202923,-0.030047392022687032,0.006115532707720658,-0.012960546576812998,-0.014725360414638232,0.0018981111651797892,-0.0029263306907147974,-0.00026215453075613887,0.005915961144122022
150,0,1,15,3,-0.09629323534013359,-0.053788166376188946,0.01985516744825074,-0.1603642608832203,-0.07624187072016225,-0.001145290347538444,-0.009081500760393837,-0.37158081591749437,0.000552494493552423,-0.009858091065003948
150,0,1,16,3,-0.012694798874555243,-0.0005276768129882021,0.0037111482833800348,-0.004592432293123178,-0.006320185310438131,-0.0005812380538240007,0.005085296776144631,0.003688036943417652,0.0002558456052065886,-0.0019665977889981616
150,0,1,17,3,0.010074989548641744,0.012180469206189216,-0.0004540226954571095,0.01365484633459318,-0.016099655133333408,-0.011562696771523419,-0.014724458452188074,0.023905282133352412,0.0004641256824361354,0.0024002919854636093
150,0,1,18,3,0.002344989054069599,0.0010934239557307255,3.690413876291458e-05,0.0006694441741971947,0.0018950627570812912,0.0014761720058355954,-0.0013464903579512829,-0.0005264344452298222,-0.00014472097638590058,0.0009272789354701459
150,0,1,19,3,-0.018495633345493395,-0.0021117338334238353,0.0043717743546147665,-0.0022793084315291577,-0.003582286839361502,-0.0009598477622132755,0.004097944808274362,0.0020506106345007406,0.0014872263817331647,-0.00020471874230704683
150,0,1,20,3,-0.045505904159736814,0.004451927015080683,0.01659257911707693,0.005855652269169967,-0.016639266948252306,-0.02579412626770098,-0.021464815507987997,0.006913538354294103,0.0011966760636500822,-0.0015171780322390175
150,0,1,21,3,0.0465026370502874,0.02707630481899989,0.04018732241711883,-0.035656726671653954,-0.01914293234430909,0.033542526246186886,0.011444520185488168,0.012922345448075096,-0.0037618131955508938,0.0003359080757857215
150,0,1,22,3,0.011488286798774486,-0.006623994034428741,-0.020994207828753105,0.02170922279692783,0.006941554921340389,0.00585137903431862,0.000990611910771317,0.01788334592449028,-0.0005785290940806974,-0.0006099308407813378
150,0,1,23,3,-0.1437656146655426,-0.025014650088039048,0.2622054896809189,-0.2184343445763838,-0.13806876675224464,0.11476138151764202,0.06964950442546673,-0.12249072506733155,0.007985804175563263,-0.0009933705702458652
150,0,1,24,3,0.009520585520887167,3.512080694462475e-05,-0.005392665299558469,0.008816440892572408,-0.0005997390380504395,-0.004047194018587416,0.005167057988894671,0.0017315237162176796,-0.00043101342962952505,0.001142393534880589
150,0,1,25,3,-0.007156378406673018,-0.00020520014147025088,-0.0035426427442901555,-0.0007004420731665758,0.003834197488873432,-0.0036741430189599165,0.004059650528444163,-0.0023363753226203544,0.00028645216217046345,-0.0003338764272988422
150,0,1,26,3,0.007329621131197267,0.0003525739418507354,0.004014953410759054,-0.0018032282571379453,0.006496915791631398,-0.0014160242081076972,-0.0020157217415273576,-0.0034219711978326498,-0.0004117626404211096,0.000742577167128873
150,0,1,27,3,-0.003915028730914416,0.0005988641404388742,0.0034711038250038414,-0.01915188472587317,-0.001166357540746403,0.01994209264274596,0.006646253692475944,-0.023449081233270448,0.0026807875827504104,0.0012475449756681363
150,0,1,28,3,-0.05040359651589802,-0.012620451637203298,0.027272936331203493,-0.04426991421610134,-0.0842178599021471,-0.0003578524394675254,0.04873038665771048,-0.013795105315985042,0.0022993306625758115,-0.013540591026898799
150,0,1,29,3,0.05507674870181661,0.011741317899503584,0.07083149672218829,-0.014136177951853037,-0.019112693101793785,0.0479028658394236,0.002106653272261574,-0.03177582691592234,-0.004736590605882465,0.002815431987072792
150,0,1,30,3,-0.00041434314685703967,-0.0007734335635527858,0.0024603144939728473,-0.0007784914556756894,-0.006898354068423252,-0.005656845952077372,0.004173008031254884,-0.0014229934664429004,-4.74194740852624e-05,-0.0007451673480893822
150,0,1,31,3,-0.0007526770081557503,-0.0003566208073790829,-0.00016458414513272708,-0.0002526796133956441,0.0006094852092342812,-0.0003381417413779394,0.0014060188092144927,-3.3308297991791216e-05,8.399548818735289e-05,-0.00019793092536833553
150,0,1,32,3,0.003524257827567855,0.015166569997852136,-0.015823530020400618,0.008773609658131003,0.024345123484251385,0.005514222648724378,0.004893492822624741,0.005360795960066027,-0.00046734397908264466,0.004348991925325936
150,0,1,33,3,-0.0987968122859103,-0.002325333328215972,0.03133105606909742,0.007885533846619814,-0.03428027342012556,-0.042335950277007615,0.04042306815707752,-0.051275150462488754,0.005890234831587721,0.004104078969111842
150,0,1,34,3,0.008962767428624242,0.0016431686837168,0.005135883082267848,-0.003001565442790352,-0.004503307511313588,-0.004812233370825435,0.005256220071957915,-0.006006512968243805,-0.0010979588826656383,0.0001206100602784547
150,0,1,35,3,0.07645832335922907,-0.008391337869728609,0.0020865027945891172,0.007464884849634237,-0.05748984953016468,-0.02330665012630301,0.04897961492430659,-0.005783469643714409,-0.005138018617905482,-0.004939231647457897
150,0,1,36,3,0.09412901290963491,-0.004326592742137946,-0.012461479262789779,-0.10454469816906273,-0.029188630445671847,-0.19832419381612212,0.13157105568283115,-0.19302121230899388,-0.00148240803567591,-0.00565255969203004
150,0,1,37,3,0.0008843887420063683,-0.0006198389183589734,-0.0021281748864501178,0.0016790391474554175,0.0015230516711557773,-0.0014826686219357598,-0.0020076965293349494,0.00041396240798210695,-0.00010227966474877274,-0.00043964767097082365
150,0,1,38,3,0.06709438186918223,0.03352792251676857,0.0031280562342822144,-0.007008224052674995,0.00488776378711673,0.0014723162778929471,0.002115273181362362,0.02531573639325672,-0.003511916357861113,0.01035260421241641
150,0,1,39,3,-0.3522798870527154,0.11965633574182157,-0.16164347484618186,-0.3584473279327076,0.1604695626379871,0.3833091479753323,0.27015220055308925,0.18945034771430386,0.024358319653439205,0.15212567458222737
150,0,1,40,3,0.07125768202222374,0.001959124679513382,0.00822460303035641,0.01672216498880635,0.015365303503641113,-0.0050576107284093,0.0014850714433621514,0.002488564186722144,-0.004816394390600564,-0.003840219855662944
150,0,1,41,3,0.004986895487419761,-0.00015161814363569826,7.699646229837155e-05,-0.0036918768640677967,-0.0024309153495981357,-0.0016368815546029915,0.0011637650351320184,0.0004118432370475826,-0.0002966393271997342,4.654104668091703e-06
150,0,1,42,3,0.048826423225867624,-0.041303601785440076,-0.08683586946956762,0.05225058255561861,0.09658031213559341,-0.05249067330246525,-0.03790708501926975,-0.022445865120303457,-0.0030981734842169136,-0.007124021350639271
150,0,1,43,3,-0.01776892262033531,0.001474372908514797,0.0012675821274747748,0.0027996509092638885,-0.0064664793941921015,-0.0052390258955169414,0.009308247673202739,0.0033259010052276083,0.001023321619690335,-0.000832153933009023
150,0,1,44,3,0.006095659382232034,0.001499886962271149,-0.010527998391852943,0.004530825314447743,0.00384912116172932,-0.004578254739157262,0.0021034767593897824,-0.0031225437217053892,-0.00045839650348143614,-0.0004433086295186348
150,0,1,45,3,-0.35902510952165007,-0.01815283260562636,0.008559584057915914,0.16409304373378616,0.2155648039556758,0.19958591335059206,-0.2821381431725138,-0.20821432656495845,0.017870433497642002,-0.04738061713737325
150,0,1,46,3,-0.13619305215004107,-0.004212763890779268,-0.012074095785339493,0.03730821901230815,0.04300314250152247,-0.08075038288510339,-0.011693047320206337,0.014413587233398542,0.008805445205233079,0.0006527661410458015
150,0,1,47,3,-0.011697073671515559,0.008036475976081675,0.004798832128555397,-0.0013659478948839666,-0.0006236344676860474,0.0017933282588395716,-0.001462110302690737,0.0038474088617047866,0.0009602166434430306,0.002022291367915557
150,0,1,48,3,0.007083089801806498,0.008242294494407576,-0.016331723211421758,0.012189004116658271,4.3031405650642934e-05,-0.0026824479236846237,-0.0008342732804423106,0.007753140962134098,-0.000446015888247357,0.0019075661078763325
150,0,1,49,3,-0.06170524185012031,0.027221120225310508,-0.024808733889542606,0.03787996633106314,-0.06864579651269434,-0.050978705427622416,0.041103384381324805,-0.06904792643198919,-0.0007282539055013145,0.02750413466480807
150,0,1,50,3,0.13043626189523175,0.017490017886180296,-0.03238771292918428,0.05286051847513686,0.035122804863540844,0.10083605256252749,-0.019125258569765016,-0.04028742249957294,-0.007178654009214907,0.001781420397145193
150,0,1,51,3,0.10145470317798815,0.03118153380102326,0.009436856158872324,-0.013234648637835765,0.004924747392203249,0.0036860071300597146,0.003405370256462465,0.04596028788116124,-0.005407070905176946,0.008732075214035443
150,0,1,52,3,-0.0005480514469411833,-0.0009881270397616444,-0.002742830566595763,-8.848478312581408e-05,-0.00101132363722328,-7.965799962856826e-05,0.0013272170347497696,0.0015301029109253835,-2.0843966213379793e-05,0.0002744401743939849
150,0,1,53,3,-0.008889518776816546,0.008326925006669634,-0.02887286532400278,0.013158622178074808,0.03672516023258587,0.01694797024208288,-0.028963930693587086,-0.013444405566527257,0.0017974291640788656,0.003069130633714
150,0,1,54,3,-0.005964327177262054,-0.0013356721473095523,0.002368994027178263,1.2462674699766383e-05,-0.0017514177339742005,0.0016412721887164444,0.0010504180716229064,0.0011393472108141985,0.0004994293563947324,-0.0006523938340471839
150,0,1,55,3,-0.007934965508031083,-0.0010356174489893095,0.010167815920407481,-0.009671366548700822,-0.008138615699623564,-0.0022008075493284013,0.008903734138080373,-0.003459185544580934,0.0003113639471995736,-0.0009090879723207665
150,0,1,56,3,0.009519115831588217,0.006347936161020691,-0.011393261981597305,0.007991301347765918,0.0016381689519770753,-0.01094208809965722,0.0032584130587627576,-0.0007760176300532256,-0.0006956237460077748,-0.00041086525877305274
150,0,1,57,3,0.005486234075420447,0.0026783348364568175,0.002063604159480083,-0.0021064263122909954,-0.0016713268105147075,-0.00012319995661182838,0.0017138297972252622,-0.0027378109808957663,-0.0003182186064130658,0.001516924878225503
150,0,1,58,3,0.021899102655520038,0.007436717408073293,0.00989203526350836,-0.0003618556666715733,0.011750033510397521,0.008456300425343354,-0.02185171557942713,0.0025361641388491393,-0.0019511564540906114,-0.0007998750551409505
150,0,1,59,3,-0.5580088188380177,0.20820225404018697,0.4221391568511007,-0.2945932935051547,-0.44545580278420555,-0.12554023351312135,0.1081193959079374,0.09487336701837251,0.04070014410326421,0.056615557121015986
150,1,1,0,5,0.043500127364115015,0.009559908085374543,0.019364319527299025,0.0014534378650006862,-0.02838092434258742,-0.05681659033892636,0.028709268987416162,-0.030932941064732586,-0.0038019210990907267,0.0009237503890847133
150,1,1,1,5,-0.08063591283111761,-0.004211415869035586,0.21765540198378136,-0.12542740689230605,-0.0786512696932858,0.13226919701146478,0.01178935113412939,0.07293753426229634,0.005432982398951825,-0.011876290381582971
150,1,1,2,5,0.002554841893420059,6.60007117492359e-05,-0.0009656713580649654,0.0006647660238747972,0.0011166227396500919,-0.00027360567899402567,-0.0002650448205547122,8.592786371208817e-05,-0.0001746411000549257,4.249092479990257e-05
150,1,1,3,5,0.007677811060454583,-0.005796054267460544,-0.004100500094857715,-0.005214829477535734,0.0053140398328271575,0.004897611947638872,-0.007656721059853739,0.009022750932472422,-0.0006144695972941647,0.0010690546825199978
150,1,1,4,5,0.03064987689821919,0.0009118979730114657,-0.011302541890284764,-0.0032811024004868357,0.008241359300906496,0.007091890982163567,-0.019563837348963085,0.004300593983441172,-0.0020744794857443538,-0.0030303443033847187
150,1,1,5,5,-0.018177453453866683,0.006525350175857565,-0.004973234157560959,-0.010116367495956548,-0.008996194886297175,-0.00812554577659744,0.02170045535706093,-0.008434012026398614,0.0018512814626571203,0.0022739213885592598
150,1,1,6,5,0.19371091973684987,-0.034348134003875534,0.12416308585632138,-0.07105633812034944,-0.06259388509237045,-0.08884986521190054,-0.01008063502674647,0.02956851892462318,-0.014832750863255863,0.0007714519029558795
150,1,1,7,5,-0.06542907524992911,0.01390253843049353,0.021977173417540814,-0.025548174276994448,0.06772362272788325,-0.0009042748675624674,-0.02729821225336353,0.022121232997322455,0.007059847005395017,-0.0070717910214429065
150,1,1,8,5,0.01930189653502178,-0.0013324288913750951,0.008135217266756442,-0.0001473501634843254,-0.012802440261305973,-0.00023629776979587546,0.0075339072910629665,-0.005840081372495229,-0.0009100575390913428,-0.0009633234532794436
150,1,1,9,5,-0.0001686039181483306,-0.0002756485362661521,0.0019239567777912696,-0.0038855224817543593,7.635359408076472e-05,-0.00035512352962968147,0.00018247979902383637,0.0012417610364815364,0.00010951604770687815,0.00010515228343101779
150,1,1,10,5,0.01145310466565553,-0.01066229474748625,0.017395044458174858,-0.009931430586106248,-0.009904262867882261,-0.006473226829463375,0.013222306299957742,-0.007863024330720371,-0.0012104030949269102,-0.0048466610533486635
150,1,1,11,5,-0.030150092818819828,3.7822167983918664e-05,-0.029136807745233195,0.035085471704484755,0.001758153023163338,-0.022625245470884677,-0.011235953721440525,-0.01684348699785794,0.00013851539215349064,-0.003945245461266272
150,1,1,12,5,0.028003783858608553,-0.013457993996282941,0.019554197869250767,-0.02296471381854106,-0.005324269374349398,-0.031492645437570604,0.005214156669281758,0.007573611428075153,-0.0034869071731618577,0.001226763525686844
150,1,1,13,5,0.007855209690324784,-0.0008907408607826645,0.0009904921625927673,-0.0023705304045198443,0.0023345584998454216,-0.0009919831988732602,0.0020299114987227564,0.0045274223515333585,-0.00047229588843679225,-0.00021190695336736502
150,1,1,14,5,0.00044341731701513527,-0.0003138012780228045,0.001731356734997076,-0.0018496166666377208,0.00020652129530364206,0.00035519140133977785,6.029958003235523e-06,0.0001904139608520111,-5.51438953150495e-05,-0.000287111048936864
150,1,1,15,5,0.00029092680612079625,-0.001093832908317903,0.006134606493539157,-0.0013175304052207863,-0.0010876037028926437,-0.00523445226075024,0.0005043991409723654,0.00033663815194480765,2.9395650682385885e-06,-0.0005183197515465035
150,1,1,16,5,-0.13846923255300395,0.0005605787533778126,0.02812560828990695,-0.03682274144477777,0.0171838693413783,0.04545451174007554,-0.041203738437292206,0.030388490592068346,0.009638065983408283,-0.018145678094224325
150,1,1,17,5,0.0014476423061575902,0.017942866811399078,0.013759892376736438,-0.00831015879442002,0.017852534516829024,-0.009701248140443808,0.019390115164469285,-0.006945821421332464,0.0006294570125271388,0.007394198733111512
150,1,1,18,5,0.00508326320473961,-0.0024714772422821277,0.08180739712600088,-0.07086969788275414,-0.04595664089749809,0.0017101429725870818,0.004299440077517869,-0.0014725055580370866,0.0012425016234571468,0.005036152864088821
150,1,1,19,5,0.008250487283304624,-0.00020735697010702153,0.0034278081687106375,-0.00043067572096170683,0.0005651555225557287,0.000897445051417366,-0.0013942144116268287,-0.004519503128341313,-0.0003463346576342529,0.0003271822347938738
150,1,1,20,5,0.14163198348667053,0.003000910823391133,-0.027577258569778686,0.014033890333820596,-0.04692175279995751,-0.0736562944427317,0.05545642694924628,-0.0603973413711164,-0.008450017430796678,0.0017544216942609614
150,1,1,21,5,0.004097712211759857,0.0009816738992620283,-0.016808974731027,0.006940122560433903,-0.043193288921275136,-0.006369658925082673,0.05814962465426552,-0.029713109551262128,-0.0016932267985102787,0.004315492001138424
150,1,1,22,5,0.0023594873672705043,0.00020783038306062637,0.0011770544234961792,-0.0002915757790074433,0.000566744713072691,0.001504184089821094,-0.0015423188505465585,4.494538259475275e-05,-0.00013715586013250631,7.015388122535289e-05
150,1,1,23,5,-0.0008186158100749354,0.0025881800425856874,0.012805391157442603,-0.0004951992445783837,0.02514030651756698,0.014555123860041111,-0.017070088540275218,0.012666060669245818,2.957796631859902e-05,0.0015667829140989691
150,1,1,24,5,0.004984179093627085,-0.00853058679645347,0.00991874356249184,-0.009014450600166628,-0.004222336910935007,-0.0011702728932880778,0.016342865971237963,-0.01543954385380137,-0.0009055739365586427,-0.0010619729928915463
150,1,1,25,5,0.0025530234656514095,-0.013157567377458646,-0.02735865041662793,0.03730698519924302,0.008401790845154382,0.0026342543099911906,-0.02408964194185048,0.004493950319702789,-0.0006134412551618169,-0.0010239547027440167
150,1,1,26,5,-0.1086972207411851,0.02285891073181245,0.04488115169224677,-0.03742221599918253,0.1059467472338689,0.09189785571647621,-0.04643880349213533,0.09106910149315268,0.006839526308063003,0.02957313189613108
150,1,1,27,5,-0.060519221445903604,-0.00649237239728928,0.012100310961440191,-0.0008924748799867612,0.007874330781292375,0.027823793292928237,-0.021021039970056908,0.004506557333374277,0.0034152661681151374,-0.000994342527871514
150,1,1,28,5,-0.07705558392923297,0.0015354412699694494,-0.055831612939385475,0.015056876768999675,-0.0478260813667064,-0.062487032960770635,0.06293912213538772,-0.03510178237742882,0.0035888649656594896,0.004288210748851074
150,1,1,29,5,0.0022120480542009396,-0.011183602972672436,-0.006864481131941779,0.053140712113967654,0.06493504919125419,0.042453336478140216,-0.06253372945802635,0.03634902051014435,0.0010688389371173448,-0.001739855219360302
150,1,1,30,5,-0.087474708235477,-0.01447179554495551,-0.04831338576409022,0.004789224192356666,-0.002685125130450079,-0.02339839386326098,-0.004882349305897091,0.013098938779688164,0.004995363343197182,-0.011666070614552748
150,1,1,31,5,-0.0004108710651680168,-0.0002577767932752353,-0.00027616506465645454,0.00046036996189489633,0.0006713371520575784,0.0005251437813803549,-0.00038363610081817106,-2.3528130298073133e-06,6.0140557884633296e-05,-9.582051895052806e-05
150,1,1,32,5,-0.10495468902453614,-0.0023667482864908303,-0.01889554542616513,0.01820224835037085,-0.028225638040521746,0.008636052663178332,0.023341536303984268,0.014063269773047827,0.007190098675018786,-0.004548444028542233
150,1,1,33,5,0.0036720052067959817,-0.0006858295998130758,0.0032785308103089454,-0.002118784420351017,-0.0019974660827725608,0.00015471375342566686,-0.00012571703030434702,-0.001448074433760007,-0.0003250514030395856,0.00045027803771726434
150,1,1,34,5,-0.004022819811843167,-0.00444617317844728,-0.00415101469190002,0.004260990413988347,0.0006066063958290456,-0.006340947201296346,-0.0007839875268807784,0.006240476287049344,0.0005806566128731948,-0.0032134477485130136
150,1,1,35,5,-0.02170936221237651,0.0017699145537045928,0.001160461547257411,0.0013972210214085463,0.007380888073144951,0.008954987710033325,-0.01276450257039404,0.017176931220551767,0.0016429167467129102,-0.0026555207185402488
150,1,1,36,5,-0.0015719023611341977,-0.0003174194756847811,-0.003732803869921363,0.0027313716984428147,0.0043208435147225515,0.004011758168050179,-0.0032331024165385457,0.002841153736513946,9.075585611787328e-05,0.0005344621836473541
150,1,1,37,5,0.002468735291768318,-2.8247466108254538e-05,-0.0010282071738145528,6.195802971855344e-06,-0.0011735039080353542,-3.1137046706298046e-05,-6.887969323348475e-05,0.00019917923093061874,-0.00016663590439127765,1.719374447942377e-05
150,1,1,38,5,0.01606416929490488,-0.026154329054739196,0.011377704880243795,-0.001438750556092342,0.0036575974661634714,0.021077031693315124,-0.008245426011145703,-0.013922585811127559,-0.001990767899715053,0.0013588328625490952
150,1,1,39,5,-0.0009374573831405869,-0.00018885816426588675,0.0003508816995515192,-0.00041533170429638706,-0.0006570253770267812,2.2798416780739665e-05,0.0003240553368433495,-0.0003677336067747509,5.679743816508657e-05,-0.00011995137883956056
150,1,1,40,5,0.0741168597030823,-0.009937476025385819,0.0009494658703663786,0.01315978161534869,-0.0042364894689597915,0.02137069494873382,0.012193745366640961,0.005605368440465972,-0.005235948590471394,0.004878709596266122
150,1,1,41,5,0.00018504704028531193,-0.011926239095740905,-0.001327078402828237,0.007509373337784991,0.009194277639729378,0.009880725633387686,0.0005770901657260669,-0.010387508419704719,-0.00016151716722385875,-0.0017099542788890315
150,1,1,42,5,1.408517394618719e-05,1.4855230316848342e-05,8.061635833518013e-06,2.9863512746782396e-05,1.0016515551264682e-05,1.801882363264761e-05,-4.127458349949293e-06,-1.5143065470550489e-05,4.44849193871149e-07,-8.555005554079048e-07
150,1,1,43,5,-0.016463100448957185,0.004691223310194983,-0.0026050027474703143,0.0005286934744557843,0.011983133631938097,-0.004745349448839558,-0.015144422049817342,0.0028607570922882953,0.0005941595484657677,0.004048851555277606
150,1,1,44,5,-0.004962460120793002,0.06536884651161218,-0.15537514212414455,0.0025388178059488845,0.020194581245394073,-0.09369207444578898,-0.14484518335695007,-0.024743783766207283,-0.0009005472618362191,0.0015692676516248167
150,1,1,45,5,-0.03458135186629766,-0.013744953516611102,0.025663852816108453,-0.007776443657889276,-0.016729230816490484,0.007495864330862521,0.01764427344051585,0.0013110358246057985,0.0023657349618240483,-0.004138178109219951
150,1,1,46,5,-0.07866791487539639,0.07936973430138003,-0.047118864555775054,0.05686572952811451,-0.1039745190762263,-0.030765130758049233,0.057391701484577125,0.06277099184777482,0.006194793493027939,0.02408727125522949
150,1,1,47,5,-0.012742180121174293,-0.004420075209944341,-0.004261383287830915,0.010072910631216014,-0.0027269398026664635,0.003058094687719958,0.00676234709325497,0.0036199946418802973,0.0011075100946182595,-0.00022178543717410023
150,1,1,48,5,-0.0023514436121519753,0.012730534754336489,-0.07199918864233418,-0.059529237491883484,-0.052950591692232776,-0.09805477124898115,0.0921981798433352,-0.07296666729951774,3.823964499818188e-05,0.01574521877131899
150,1,1,49,5,-0.03849733710238545,-0.003314645356176592,0.029296851187708018,-0.01248599950800119,0.014337922320840213,0.014078350234361254,-0.005088287629031795,-0.0027546530742588765,0.002834643244171383,-0.00477013701862568
150,1,1,50,5,0.0002263537223656479,-3.6203370042709314e-06,0.00022634316635167576,-8.46633277962063e-05,-0.00018884740643574928,0.00019492898952675012,-6.949533248981328e-06,-7.832073349193538e-05,-1.1437597576794469e-05,2.5082243327594657e-05
150,1,1,51,5,-0.020431237304246144,-0.009800997795046056,-0.028535608862882807,0.0005241158185118804,0.046386344970164584,0.0628002389184315,0.017594632415702464,0.027611357201830628,0.0027656748181466074,0.0064560718651480555
150,1,1,52,5,0.13794017014605825,0.07471772343493344,0.019510121820618002,-0.0345709066916509,-0.013685177786511444,0.04032744376524608,-0.011975586455703647,0.043800863395420865,-0.010760431105170153,0.02368043754281382
150,1,1,53,5,0.018858501223350272,0.01977845541832334,0.00044573803255942547,0.034487613846462845,0.00042605696740648474,-0.06263562545452975,0.04517596817431015,-0.006679667859037524,-0.0006238036775612516,0.005030916507181313
150,1,1,54,5,0.12062204547759893,-0.03207400032784576,-0.019824668095047532,0.04554419794482501,0.015142856351792354,-0.014409542591490732,-0.038841646143817826,0.010412362230460328,-0.0055953509624382955,-0.0025892832548632242
150,1,1,55,5,-0.005244409274301364,0.007604921165924663,-0.018395095135123767,0.013924377040682483,0.011607443306102218,0.004731584883349394,-0.011775285694371562,0.01938047473860416,-4.419063934366174e-05,-6.029485443361777e-05
150,1,1,56,5,-0.13915528896718768,0.02422585581184722,0.040278209910042675,-0.03110937814428776,-0.061711323008926997,-0.10974792122080378,0.007031235635219488,-0.01790283559117662,0.010348338107331951,-0.008167131807800378
150,1,1,57,5,0.02506847556764091,0.007089682220480324,-0.0029503240436663885,0.009518125684681827,-0.00794023412663731,-0.010718899989360221,0.024976299989399726,-0.039221539611656774,-0.002229772762996184,0.006534881791301465
150,1,1,58,5,0.023093420316265677,-0.002686314663222404,0.0020962004394324205,-0.004123990907763932,-0.004898553663090404,-0.009858843848406577,-0.004837224359936592,0.003376582890617947,-0.0018856638465263886,-0.00043466910235759044
150,1,1,59,5,-0.13027756444637767,-0.045396624826319516,0.14934327982009327,-0.16071437114105874,0.0837520020118232,0.0010861833740943988,-0.02779078918391491,-0.0734361862790954,0.011904691926117615,-0.024821056458249616
150,2,1,0,9,0.049668229239572134,-0.03614660067931726,0.013548885845617805,0.06616380233094785,0.0076896408327841725,-0.005072928303257916,-0.047190171443638275,-0.01329986731086661,-0.0027832735849173773,-0.011248990452232214
150,2,1,1,9,0.0003068185193154259,-0.004903386139319841,0.0013297836280612453,0.006827702200571184,-0.015408884123229988,-0.009648146232121272,-0.0010862237457973257,-0.0044592321094547955,0.00022162248649860736,-0.002795298775846924
150,2,1,2,9,-0.00630397375757336,-0.001079554810082016,0.0002463418976836981,-0.0007791839319409552,-0.006049658308236206,0.0002233269644098436,0.006753465111012597,-0.0021364172231635114,0.0002704760338159284,-0.0011907984130706765
150,2,1,3,9,-0.002109514908309032,-0.0011420633185969865,-0.0010288105829717499,0.0015473930543310245,0.002210549902962374,-0.0017511644413807721,-0.0003504854551891526,-0.00029390613357453384,0.0001137037309134217,0.0006147507658126099
150,2,1,4,9,3.591428405833259e-05,4.4158369763334724e-05,0.0003770707003203482,-0.0001068839138930622,0.0004002612998845427,0.00024802304908598803,-0.0003047502873882593,0.0002561037653576927,2.84022549133699e-06,7.556975772442697e-05
150,2,1,5,9,-0.009950544935603496,-0.0010520478349088215,0.001568281515606994,-0.0017578357955791498,0.004471540831402527,0.0006942529767903966,-0.001727628814978506,0.00035498522125623695,0.0007313952065755349,-0.0007666807591283803
150,2,1,6,9,-0.00910783311965566,0.003992249467829319,0.0038651371657511683,-0.0006406605911768022,0.005860558104321988,0.005298759501749194,-0.007486671359208246,0.002326997493382088,0.00029316472208966546,0.0012122364633090849
150,2,1,7,9,-0.011744500945413492,-0.0027749433252805657,-8.711135415309013e-05,0.000260900139708643,-0.0002559709798433898,-0.0006842761481848231,-0.0002739272700134208,-0.00010687974392325909,0.0008924883262631819,-0.0011832303900878084
150,2,1,8,9,-0.012077293634758212,-0.004227136717280141,-0.006874802293282477,0.016442958923891443,-0.007490078117102866,0.04406935565370896,0.003477064263769444,-0.028073248777431694,0.0009616948925690674,-0.0049620129159611386
150,2,1,9,9,0.0004052124498544047,-0.0002567943495289908,-0.0014004292774074207,0.0012721944979677555,-9.552622391159324e-05,-0.002795798186864505,0.0013940913733518777,-0.0006404492402192725,-3.9037931245562494e-05,-0.0002460691649202083
150,2,1,10,9,0.0019016996645189375,-0.00042590358168436375,-0.0024590542926516503,0.0012579175366976226,-0.00130442778550115,0.0007053989227608512,0.0006740167575787802,0.0014104426252390446,-0.0001722668302187808,-3.903430214166564e-05
150,2,1,11,9,-0.014512084818340954,0.0012135239399138395,0.0064553332181603385,-0.006033145443574879,-0.0034188720379088413,0.0035653081025608623,-0.00020010345301081192,-0.008298792234756562,0.0008258399557775355,-0.0010799607847072617
150,2,1,12,9,-0.0003104203995791888,-0.00034133300949298304,-2.310538133152825e-05,0.0001229522547337014,0.0005124428217412631,7.544395300592327e-05,-0.0006259357097219192,0.0008478685264435396,4.541665908990979e-06,-0.0002051126085629687
150,2,1,13,9,0.013989641289043038,-0.008102859009768449,0.028244735220510884,-0.017909203823248794,0.01671623070444536,0.02215811521906635,-0.023442055515142543,0.018239789176693937,-0.001536129133355911,-0.00518540758923262
150,2,1,14,9,-0.0005511763619520879,-3.7311439509429104e-05,-1.846021829134547e-05,8.029280208860754e-05,-5.155599985890082e-05,-0.00012977055655755192,1.0641533164787405e-05,-2.8665761805042772e-05,3.895737390516332e-05,3.0328997483877958e-05
150,2,1,15,9,0.004112710093007329,-0.0034174916868315985,0.000841413378976222,-0.001994451269022186,-0.0021143539572891293,0.006627754845112309,0.006995065573407373,-0.0022758779901037285,-0.00029664354948829354,0.0005384364331131427
150,2,1,16,9,0.005012932766471453,-0.0014340139403618765,0.006065076697582671,-0.0033335727521656283,-0.010901107591606694,-0.004499492736239697,0.007190282978825792,-0.006003487492769247,-0.00034513128274868415,0.00013489141618007366
150,2,1,17,9,0.0008943134886840914,6.145594785739293e-05,0.00035952651093292443,-0.0014890145879072883,-0.001397735324776465,0.003298052514714718,0.0007614072297398444,-0.0003070821424496886,2.403365308119242e-05,0.0008595893242856641
150,2,1,18,9,-0.003186077594360398,2.7978685302704753e-05,0.005363260364739392,-0.005898299438311825,-0.0018482964566206375,8.130864394631378e-05,0.0017236915089519154,-0.001333507725641682,0.00018664107303310065,-0.0005231315485908791
150,2,1,19,9,0.0017793996141960689,-0.0004973182153389771,0.0030904302581200734,-0.0064684890364381685,-0.0018243360049950985,-0.00036852829506248927,-0.001302183051958259,-0.0006927088114266554,-2.2357140206910334e-07,0.00038066191015370665
150,2,1,20,9,0.0022917747817894365,0.0021934080392721775,-0.0038618575180409953,0.003167029308086981,0.0006611869040144339,-0.001747016313935281,0.0024011477917725427,-0.0004081729477313102,-0.00016325099596203234,0.0003862540052405846
150,2,1,21,9,-0.004812462809024142,-0.0007972806049242696,0.010267326455125415,-0.00876073048247369,-0.005404061547442642,-0.0016616729378628962,0.003911578717876566,0.002744239368165137,0.000600300923506828,-0.0007922247656257511
150,2,1,22,9,0.00033035573679095047,-0.00038123482678208246,0.00034461498820514773,-0.00023840876994231426,-0.0007059596456921042,4.806192545234653e-05,-0.000739618984607186,-0.00035929973976519554,-3.335035027979162e-05,-2.5710718744935418e-05
150,2,1,23,9,0.025051864174723784,0.0014574480761247865,0.003706172917360577,-0.0020332336996148784,-0.00261476862901681,-0.012752706345999376,0.0005251796815312896,0.0072159202599798985,-0.001858930159533745,-0.0018286993469721336
150,2,1,24,9,0.05749492609143699,0.009532850605867595,-0.01542691200261834,0.022863353061458862,0.01764948583952229,-0.002556668817630868,-0.011023712754717141,-0.01149609986409351,-0.003862548913449181,-0.0009864802095944972
150,2,1,25,9,-0.0007326977054904729,0.003727468141994098,0.0024762504522038375,-0.006893352031081124,-0.0018615307452360958,0.0007811435270204236,0.005546671514706242,-0.021134436444646056,-2.8602083597733745e-05,0.001975543923183077
150,2,1,26,9,-0.004481332048625053,-0.01128358325684988,-0.004245780665310296,-0.010727075585430592,0.03919534028719511,0.014719696251174317,-0.03694480845546333,-0.01595472039601716,0.0003147927529955833,0.00013867249425275155
150,2,1,27,9,0.0003936665671132608,0.00024518957189268624,0.0020245249366798047,-0.0014001792853026976,0.0031050592273298484,0.0018691721920073162,-0.001053143075556802,0.0021038806476217147,-9.947589458237151e-05,0.00019561136608590245
150,2,1,28,9,-0.0016549767393079973,-0.0016791630427158868,0.0020414492894782164,-0.0018829142791164744,0.004421757330490425,0.0011728577248944275,-0.004122940885677553,-0.003590852973076396,0.00028280578704638354,0.0020926944183615633
150,2,1,29,9,0.008624555078533321,0.00198325752089146,0.0004821933910794213,0.0012314704977071337,0.00024069680482035675,-0.0024351441615338082,-0.0031769911746123577,0.0011933407530273557,-0.00055814298214062,0.00022327015864948105
150,2,1,30,9,0.0025460531616780914,-0.0003956706565314237,0.0006555003476200177,-0.0011044225210707984,-0.0009351696418480947,-0.0001667159267766617,0.000870684278804688,-0.00022117362303489916,-0.00016973904265189243,0.0001643395585370799
150,2,1,31,9,-0.004691719403150948,-0.0007825729423704738,-0.004413042030561938,0.004634243310081965,-0.0005566022129931595,-0.0005119250530390251,-0.0004809638353508942,0.0012059295669327994,0.0002864117372451312,-0.000494118190997159
150,2,1,32,9,0.018562095855996105,-0.008549874424229258,0.01603392311376978,-0.0213930401437219,-0.010404626284898823,-0.005226908445173647,0.014748529358051547,-0.01707016589698426,-0.0011407140318647402,2.2394028877049172e-05
150,2,1,33,9,0.004475126143264225,0.0011362308782971815,0.0020901588645159076,-0.0024081133747620017,-0.001010125431926355,-0.006070687291756138,0.0024070923549065247,-0.0035098346044480262,-0.0004630657152117123,-0.00017634274951563636
150,2,1,34,9,-0.008639065403592465,0.013178768644750882,0.015844573595685484,-0.023143221818853903,-0.001598522092195092,-0.006992647119396777,0.0020251080329085195,0.0014118457179591699,0.0013338156168494991,-0.0013411585832839995
150,2,1,35,9,-2.1730116719400757e-05,0.00031270013244075857,-0.00040573110347385085,0.005559502599771082,0.004075011976109801,-0.0003303990267174951,-0.0036890449784735715,0.008957248149589448,0.00021407539066307208,0.0006258633580197724
150,2,1,36,9,0.0073702126976252814,-0.005553792380205537,-0.001236451871647149,0.0020023831826312807,0.0019368580896190586,0.0065896488902717305,0.003945502281739219,-0.0049054846697721925,-0.0008454520539890517,-0.0011892071861360255
150,2,1,37,9,-0.002615288931305547,-0.0005888724816660248,0.005593437110554347,0.006764042119927417,-0.014004316340402199,-0.009386228434193091,0.008727575443546893,-0.013581044024072553,0.0003772900753265019,-6.0717839513793384e-05
150,2,1,38,9,-0.0016567495464389842,0.0018932571511547707,-0.0013758908940420234,-0.0007608619394090515,0.009094763977080427,-0.0028744962869876843,-0.0064835105212535495,0.005478226346170289,0.0002996074985341946,0.0021994784611924813
150,2,1,39,9,0.015570389560140086,0.0031206018899660026,-0.011180775232026813,0.016680435894698177,-0.0010118091485622144,-0.0027847222290831044,0.012680095305709004,-0.008672758291808478,-0.0010654370714347364,0.004184800501548384
150,2,1,40,9,-0.0014444760987701458,3.72678578267777e-05,-0.0001565943016765045,0.0007217550401704102,-4.756960559054709e-05,-0.00034041750530764184,-0.00029533739105307334,0.00018691372327152476,0.00010303846863262507,-5.7105680940512116e-05
150,2,1,41,9,0.03931338532860525,-0.0022439796594162604,0.014393486090258152,-0.009775131531758576,-0.008142392494178655,0.0030504596835301055,0.003920728561507733,-0.004350187214740097,-0.002754878261117098,0.00046308052031866705
150,2,1,42,9,0.00035801351508301196,2.700193494709735e-05,-0.0020163941214614437,0.002063970914050909,-0.0008435624491211952,-0.0008075426978859897,-0.0014667996590500365,0.0017832891007286045,-5.708742327981927e-06,0.00030021150838897256
150,2,1,43,9,-0.00029484487022693684,3.971446732644921e-05,-0.000352211023952653,-4.926713235359872e-05,-8.239208556520896e-05,0.00024125221439952782,0.00026297689054279136,0.00015295733820884974,3.064625059886366e-05,2.937222494271332e-05
150,2,1,44,9,0.004020855334807921,-0.0004419321812715019,0.03217529783117897,-0.01242025723061559,-0.01331764942417054,-0.014448381813948977,0.011568816408991729,-0.005134381889872008,-0.0002608644459832794,-0.0024776566756000537
150,2,1,45,9,-0.029568868390272236,0.0017335477287221325,-0.015448880978525965,0.006560348401176201,0.017929071371728285,0.010892199874847809,-0.012890649223911034,0.008534579870546047,0.00167819817714828,0.0011192111215105323
150,2,1,46,9,0.000502870712501869,-2.38922138290215e-05,9.44550287199046e-05,3.515252317438512e-05,-0.00017075081830962948,-3.892068552980331e-05,4.2818507810244784e-05,-8.177795302428885e-05,-3.173990979369394e-05,9.320797138500337e-06
150,2,1,47,9,0.017708505779104128,0.001539900554457285,-0.000256851152329432,0.004610669774814758,0.006652264413759381,-0.000820182012058872,-0.019490529939456325,0.017430709682961416,-0.0007436995935769026,-0.0002563005918602808
150,2,1,48,9,0.0033946278700492318,-0.0006118257374144873,0.0018529204058118439,-0.0005799208937497832,-6.2265582010725e-05,-0.0026910916668075237,-0.00011157574108662906,-0.002865937044713127,-0.0002800015416729509,-1.2370996241368011e-05
150,2,1,49,9,-0.05199858558594386,0.02639454616741119,0.01690403976371417,-0.00842411155667315,0.01941909973443473,0.0031062482981011864,-0.017983264831779065,0.015164666024396381,0.003389552766667005,0.0035055623437286656
150,2,1,50,9,0.010563613552045365,-0.003601600382584468,-0.0026007187158884545,-0.001471792000698441,0.006070066305986168,0.01633627646475868,-0.00874161249203027,0.0057845015310692355,-0.0008787066496076689,0.000986540693329141
150,2,1,51,9,0.00278438608571269,-4.908442150013963e-06,-0.00014792159649390993,-0.0007480414533490023,-0.0010232043296873772,-0.00013631823691651423,0.000156215419215891,0.0017567982279185937,-8.545213554052025e-05,-0.0002199037421012991
150,2,1,52,9,-0.001512202498573568,0.0016779095540613138,-0.00406429924358992,0.004154331830552713,0.0001534647820625933,-0.0019263354820720682,-0.004774549324272279,0.002366812686716046,0.0001686124003943893,0.0010726595417178532
150,2,1,53,9,0.011112390577360817,-0.00422636122265894,-0.02650550891243662,-0.009848323874758091,0.006150035030268833,-0.019437051781822774,-0.012919764852931155,0.00470914456648573,7.482764041476696e-05,0.006589364064765058
150,2,1,54,9,0.004575053671670058,0.0017219178042136621,0.0013654315357885345,0.0020899748745549953,0.007295218783441588,0.0019492608863390477,-0.007150331226484906,0.009178525073309253,-0.0004515239675320796,-0.0007578424139137996
150,2,1,55,9,0.060848027233270416,0.0001872439314504857,-0.04061787953990834,0.009783141157556047,-0.005952729664445278,-0.01683814068063962,0.007723383493900249,-0.03856976524511585,-0.0051892054555702965,0.0001579973440387752
150,2,1,56,9,-0.0011925889327937347,0.004542947154638325,-0.005584133061424122,0.005993872987112145,0.0008621070858946848,-0.0016858963973214584,0.004225785994972976,-0.0010986627968967526,-0.00015603254905854254,0.0025589406899237097
150,2,1,57,9,0.00011450896415877857,1.353139648149564e-05,3.046597207694599e-05,-1.6651481455432515e-05,5.1442483304616915e-05,-6.061562589443569e-06,-6.654456701945135e-05,-2.921104755301441e-05,-1.0414914071028747e-05,-7.012452299689672e-06
150,2,1,58,9,-0.009748173167784405,-0.0006160527353569422,-0.0018709244971145539,-0.0015968276220196481,0.007507350024427436,0.005130054748929191,-0.0023803865070412896,0.0013922235820898131,0.0013116010745349356,0.0007975650128263005
150,2,1,59,9,0.005081604612114292,-0.0055619649000817496,-0.0071052936162314525,0.00609064891528193,0.0032539676873145087,0.0018215711394660985,0.006117651446898554,-0.00849276907486418,-0.0003547143206107051,-0.0017511855262618433
150,3,1,0,17,-0.0016982739885402119,0.0005226971722644745,0.002489896182844975,1.7083823418472593e-05,0.0007119544895813175,-0.005843723288740592,-0.007064271346331842,-0.006223711964672548,0.00013570251795163072,-0.001651957377301514
150,3,1,1,17,0.0012344954373640325,-5.612143130116439e-05,-0.003388721282102705,0.002671700945636108,-0.007720783670738342,0.001664290894770256,0.000531580767516825,0.004483546086590083,-0.0003403146919963082,0.0006129375712401589
150,3,1,2,17,-9.978466272727408e-05,0.0010929541035289132,0.003230208131330091,-0.004457386387397282,-0.003222662450930413,-0.005512232279158421,0.004219851296698507,-0.0035286508311357903,0.00013089530396427813,-0.0005654553091182592
150,3,1,3,17,-0.014488996841012859,-0.004232427747099262,-0.004101264692424244,0.006438720554937051,0.003727741562934416,0.0061241796649593285,-0.0018038634873907664,0.0007537717267141338,0.0008807424185099871,0.00043584043547852
150,3,1,4,17,0.00963920645291072,0.01414503007297056,-0.003769128879451162,-0.023597271796259738,0.004559704061679574,0.009042770202944079,-0.007507917532841902,-0.005521981278813469,-0.0009001541281189408,0.006590394750449334
150,3,1,5,17,-0.0009245874484724429,0.0017125237222801247,-0.002378096532462098,0.001998861476972104,0.0016873074790658147,-0.0027946000426910564,0.0005912583304251912,-0.0022247523788851923,4.687209084303108e-05,0.0009944104462636704
150,3,1,6,17,-1.6625788500520083e-05,1.6386748774263935e-05,1.4580283322061026e-05,-1.4895436055399145e-05,1.637978451523454e-05,5.8745757438609474e-05,-1.6588170229661867e-05,1.3980097383980244e-05,1.2595036098212673e-07,3.1076675551624606e-06
150,3,1,7,17,0.0004076189505258541,0.00020287124202591605,-0.00016753436517442474,0.00011733128023507003,-0.00028619019007806345,8.34638421339977e-05,0.00025418772901344397,-0.000687927413857311,-2.5926961600543267e-05,8.198750832741334e-05
150,3,1,8,17,0.0107015142581509,0.001614060173467932,0.0050544038242330315,-0.0015594665417442654,0.004460148846517079,0.0061923940898512084,-0.0010397325822709288,-0.0007296624517138478,-0.0005858662554295605,0.0013430456355007032
150,3,1,9,17,0.001384349811015374,-0.0002014541263872791,3.198752838214122e-06,8.580145758495899e-05,0.0006471260123041134,0.0009198147440720159,-0.0002570174323713795,-0.00025598332637767255,-9.773666946503286e-05,-2.9425137159845893e-05
150,3,1,10,17,-0.0006287502721609879,0.0008964582137305762,-0.004887502638269757,0.003389460996767856,0.0018422696787299998,0.00018255876703133668,0.0008611112809424233,-0.001988089458206671,-9.386733356851083e-05,0.0005570147383595146
150,3,1,11,17,-0.0019629436394556637,-0.0029323514563404885,0.007998578871267297,-0.01110615999505712,-0.014066767242433968,-0.010244586496460154,0.011149410021878338,-0.005057072107190739,0.000604350022915624,-0.0011190657018877632
150,3,1,12,17,-0.002792501116673544,0.00039731767365742043,-0.0019283086097502578,0.0020002704602786934,0.001985915955678822,9.486855737466499e-05,8.201560832275425e-05,-0.0020253864892961393,7.155497607511685e-05,-9.940328751608559e-05
150,3,1,13,17,0.0006488032700411827,-0.0004301729268016855,0.005177357009089728,-0.00047782232122217064,-0.002811726556230161,-0.0033180322619121494,-0.0005551266364378759,0.002623408768645807,-6.871783700896542e-05,-0.0011178446810214285
150,3,1,14,17,-0.004069290805955375,-0.000913104371909414,-0.010572907786671847,0.01235405569825409,0.006726440886391329,0.005528633130869837,-0.003563553796565638,-0.00198341999522706,0.00010041669523038648,-0.0006576774502171497
150,3,1,15,17,-0.14276787952531092,0.034753256492664045,-0.0019191018038034846,0.004871818250407534,-0.012572205977257764,-0.01772669007140258,0.001089753662330991,0.02441504191013138,0.007972125324119218,0.005350149245571765
150,3,1,16,17,-0.01449125587040258,0.0038033873540996702,0.0047387366377454766,-0.0011403547162921754,0.000995148433128132,0.0020785675971628057,-0.00870783782859382,0.003328934556744121,0.0011121228931076585,0.0011339636231907375
150,3,1,17,17,0.001498495864653429,0.0011005408260790035,-0.0010785856243290886,-0.0009051513228232063,0.0003807210005813336,0.004199661701645382,-0.002211624996787988,0.0051176081631055595,-0.00020647406339318214,3.787758585305447e-05
150,3,1,18,17,-0.004459870583294265,-0.0005967583458549419,0.0008235299845246893,3.75509343029063e-05,-0.0007471110479670119,-0.0021860467661989195,0.00016436335913216728,-0.001103389977986854,0.00027717686360761355,-0.0005018101103990524
150,3,1,19,17,0.00036487967696316687,0.0004954673963395565,0.0015797231445285576,-0.0038271599954038727,-0.0009375015307550081,-0.0028367919121544375,-0.00012094772252785025,-0.0001373918684582303,-5.3758032267079216e-05,7.913639644359382e-05
150,3,1,20,17,-0.027905098666359433,0.007639074989591078,-0.016291721073106898,0.006418341536571955,-0.005239101362604943,0.02374580552922047,0.010919397686851242,-0.0004824485777409794,0.0024906214125668723,-0.0013410384181300522
150,3,1,21,17,0.0010996548132163285,-0.0010776522407072004,0.0009451992770517023,-0.005548650916280849,-0.00011496705892778908,0.0027586245263850444,-8.799482273279422e-05,-0.003034405874083848,-0.00018004711129487378,0.0002909255082469318
150,3,1,22,17,-0.0021370969612268817,-0.002728903369042219,-0.00654396344373886,0.005420177967512265,-0.00088857611458103,-0.0029380599428491224,0.0001324149859402343,0.005488627351325498,1.9174547194460438e-05,-0.000795819400089008
150,3,1,23,17,0.0015994160352872044,-0.0012454460824191833,0.0022110041281505678,0.0003211104119079338,-0.00016744133971845928,-0.0003469685717400362,-0.00014053695775751747,0.001712728617931189,-8.768663847833918e-05,-0.0007521824631396294
150,3,1,24,17,0.00990237837407766,0.0028263736815417008,-0.006443024507988824,0.0012282260469177865,-0.0012200621917246278,0.0002888966874145565,0.004344626912407785,-0.006582581279695448,-0.0007046566382547243,0.0007848819089601753
150,3,1,25,17,-0.0016824444907271377,0.00013454917999155473,-0.0022352032594877827,0.002761617035984033,-0.00023226448974455989,-0.0022453094418839236,0.0003330493255233694,0.00016134882918754712,0.00017202092587723515,0.0002427002080456764
150,3,1,26,17,0.013643482302990161,0.0006945606075262682,0.012768588057068084,-0.010194926246868182,-0.007198009132668462,-0.01024561822056581,0.0051112828488132245,-0.0033889126877447192,-0.0010501486159073543,-0.0024651897071530714
150,3,1,27,17,-0.0007744755055459448,-9.184962466557111e-05,-0.00014853171893210114,0.00011654464245237349,-5.8135739713603445e-05,-0.0002512244825784296,0.00017172872325237556,0.00017894699113476376,4.878020410655648e-05,-0.0003136805058382454
150,3,1,28,17,-0.0007474182301799704,-0.00023819474382857724,0.0002078581867793614,0.00022018043520601288,-2.1699647238026548e-05,-0.0003773685670109715,-0.000191605577833168,-0.0008640264704587514,4.0489818720865305e-05,-9.966969996678787e-05
150,3,1,29,17,0.0003489830023334009,-2.1853079386271922e-05,0.0002650777535340729,-0.0005695958172036462,-0.0007459642311988027,0.0009626387112661222,8.221018807740364e-05,0.0005202401382990025,-2.7079028392225717e-05,-0.00022204093776658813
150,3,1,30,17,0.0018049045428959105,-0.0012942315857641321,0.0016249924459334846,-0.0014023340936858936,-0.002306239742839358,-0.000619995666425029,0.0016172668661168556,-0.0003964531205884322,-0.0002519882844971248,0.00019870147903033628
150,3,1,31,17,-0.013545197752836531,-0.00023127802627212327,0.004525233106162945,-0.002171732174452412,-0.0009499451254024318,0.0012077017394244761,-0.0066333241052290185,0.0031014156591164578,0.0007733170232469782,0.002603158246978555
150,3,1,32,17,-0.00032789196253221357,-0.0005441770063628337,-0.00020624116343429997,0.0003715681741931035,0.0016455604739865149,0.0004988665910302092,-0.000526117165600814,0.0001840368707535966,7.429912086434325e-05,-0.0005270217324342763
150,3,1,33,17,-0.0014682055134298143,1.4660928356141547e-05,0.0005782805843791269,-0.0009956708390888077,2.7976241756843617e-05,0.00020483687154705183,-0.0007166717154434612,-0.001007674596996739,0.00014290521974052252,-3.232993725117477e-05
150,3,1,34,17,-0.009955303144837044,-0.0026911201297929225,0.0026161353987828426,-0.0023282625991194275,-0.0038373231322495144,-0.0010684206336174494,0.0015305009744388345,-0.0033479439117680312,0.0006408612419816102,-0.0010770506610503455
150,3,1,35,17,-0.0037249503405009346,0.00027768366456758876,0.0008329358348446829,-0.0009801206869814122,0.0032232995106784394,0.005960195197077765,-0.002641344460226096,0.0019493579324629865,0.00024276394272400577,-0.00013059575974237806
150,3,1,36,17,9.552950682959251e-05,0.006579082227961102,-0.0010340765618633133,0.0036660490977921145,0.0021211898570414377,-0.0017801941712939449,0.002308055100625052,-0.010486926933475896,7.345726471268532e-05,0.002759210395270767
150,3,1,37,17,-0.003412882203157632,0.0013874285607956875,-0.0012497268744909023,0.00012859589260057953,-1.2052415798284613e-05,-0.0007036020853194625,7.244510264516266e-05,-0.0005546202775115586,0.0002732538166576408,3.5476276579009583e-05
150,3,1,38,17,0.0007524045718964039,0.0005208319674984799,-0.0015019354322515206,0.002142683133740336,0.00038041497622069313,0.00019084412979388621,0.001057282541826344,0.0007883553799881789,-8.178350686074376e-05,0.0005302486308081778
150,3,1,39,17,-0.008967958896525444,0.0003905909171358538,0.004475747290347947,-0.00421751120075896,-0.0037235751382105214,-0.0016948170800444096,0.0021074919612299576,-0.0011435189245374306,0.0006484257628182148,8.341827655019454e-05
150,3,1,40,17,0.00025218226468994704,0.00015124872513240466,1.3900546436999287e-06,-0.00014945718049573557,-0.000329559390535064,-0.0007050480263349178,0.0006722068344951089,-0.0004207849266732038,-6.5234888179733e-05,0.00011839752072438384
150,3,1,41,17,-0.012847190033211713,-9.819456925276403e-05,-0.0012940319398738493,0.000980486750422778,0.0026790650352371942,0.001354887818964649,-0.0005345382756170013,-0.0019359719176038166,0.0008581560868463012,0.001734679482772409
150,3,1,42,17,-0.002055155200867552,-0.00011967443179761492,0.0004276934991679211,0.0009740735288506134,0.0007203585610231507,-0.000592373472642864,-0.0005993081954391535,0.00047870477750444916,0.0001789989027276189,-0.0007085167095148994
150,3,1,43,17,-0.0022981214379747014,-0.00025362814966282027,-0.0003453813199724144,-2.5119846227624637e-06,0.0017689356675952657,0.0015492781635941108,-0.0018476721669025706,0.0014595405902442314,0.00011433374682030031,-0.00027735323253748535
150,3,1,44,17,-0.002882047029604917,0.0012279454320532305,0.0026731528976139673,-0.003818742704098449,-0.0026433240733382325,0.0006479459662974345,0.0019801696582501323,0.0007051779223812241,0.00016928609179485461,0.0017847542128714884
150,3,1,45,17,0.0016733848107908492,-0.0009112511384094142,-0.001992407487023209,0.0031288929104234045,0.00025118198853497226,-0.00017004862243628647,-0.0006889644203158509,0.0007267145871153944,-0.00015689884778192267,-0.000583285276006538
150,3,1,46,17,-0.0015022583703784306,-0.0002672344590869373,-0.00026910632043066466,0.0004361611275742676,-0.0007940818844253654,-0.0011325201292585374,0.0017114388155758159,-0.0011178220748891126,0.0001329183368309659,-0.00021989768412883416
150,3,1,47,17,-0.005505102840472396,-0.0020391072483296026,0.0016914881157430966,-0.001185329241922428,-0.002191519548070572,-0.006226799252644778,0.006262378736448634,-0.006100571614684908,0.00030940718808635854,-0.0005421345115748016
150,3,1,48,17,-0.000721197550555954,0.00044361966548933033,-0.00499253832977791,0.0036319277079977295,-0.0014541682849872274,-0.0049651049528125395,-0.0004798187135323199,0.00266262465165145,8.965966418661141e-05,-9.300319486030595e-05
150,3,1,49,17,-0.0051548914279375725,-0.0007081150594099093,-0.0011528361452525727,0.0027487605279824215,-0.000330040645837168,0.0012299834798322857,-0.000987137061870534,-0.0016202024193835338,0.00034080453518327313,-0.00030664915570774865
150,3,1,50,17,-0.0004890361180318221,0.0006823509475970707,-5.5782832015760666e-05,0.000381052439236761,0.0009647782481669427,0.00220980206313903,-0.00047761309527976666,-0.0008402376354009711,1.539111010833335e-05,0.00011279095745941207
150,3,1,51,17,0.0017037182077241347,0.001715487340198551,0.0003529813427280719,-0.002176212540406786,-0.0010080592783853397,-0.0007965179228562512,0.0024103070860090918,-0.0009847045692792198,-0.00020043558826711672,0.0014970695265791023
150,3,1,52,17,0.008901086342076188,-0.0005139439300645863,-0.0019744634622898254,-0.0016081304598474012,0.0037351834658807172,0.00035642319857579326,0.002700039196675214,-0.0033569217229288298,-0.000893247451265285,-5.4094286027203794e-05
150,3,1,53,17,0.0007730564071092819,0.0026594955115284355,-0.0015505564234979,0.0016532460714464385,7.822474304564494e-05,0.0016908721309103467,0.001423508476854281,0.0006957051683348961,-6.797232216564429e-05,0.0005611690254487692
150,3,1,54,17,-0.0023114532641772974,0.002145522275306679,0.004041719239459847,-0.0020535234752250423,0.007200879760182217,-0.0003829397323453704,-0.003918823862956625,0.00036242402270986906,-0.00022944263801617532,-0.0006644799875922817
150,3,1,55,17,-0.006477086438648376,-0.0002236605712650371,0.0019476167895342304,-0.0006770232980972138,0.002092757700285003,-0.0016377758830179113,-0.006137690021086464,-0.0008961007266205434,0.00030567706447071476,0.0005778796952149413
150,3,1,56,17,0.002232283446289558,-0.00025714278229287336,-0.00042616041734653984,0.0023013019113858444,0.0003896079091384934,-0.0010078336974510115,-0.00034268347110276887,0.00026631045766958747,-3.9482640301666674e-05,-0.00015000925280703273
150,3,1,57,17,-0.0007795701008651399,0.00038364806345192725,0.001397088929660711,-0.0009734643339645859,-0.000814803448817418,0.00011670938510194233,-5.6014757707484195e-05,0.0007041477800557316,-9.766188084856879e-06,0.00011549305244541043
150,3,1,58,17,-0.0480916824529064,-0.0034766547023881707,-0.01886516146703701,0.022483021504486462,-0.006190650290088922,-0.009224211928195794,-0.018334324390685962,0.026539758846160392,0.0028354320335061537,0.00017780350254083694
150,3,1,59,17,0.0031024589892112873,-0.003646124479000744,0.009565611714503753,-0.0029090806235353554,-0.007627737705906616,-0.0032514093619674775,4.431890352300028e-05,0.007372812869948984,-0.0004721080962759782,0.00027731009787264593
150,4,1,0,33,-0.00019944278866769743,-5.478704191064931e-05,0.00043375512686831677,-0.00032401605636949864,-0.000827253533524561,-0.0010327228067699926,0.0007519133697548626,-0.00044769926002069456,1.6094854019440197e-05,1.807382861387376e-05
150,4,1,1,33,0.00012328652300361883,-8.126235692302627e-05,-0.0002712939006158815,0.0004118486428383033,0.000292855163304425,0.0008119046910155847,-0.0002903948800720764,0.0004775364463946369,-1.7145179156612085e-05,-2.708590634965728e-05
150,4,1,2,33,-0.0016955083721955904,0.000355867448776841,-7.078107851339458e-05,0.00040225325732547217,3.584457147405e-05,-0.0013017007363984989,0.0007362605865708501,-0.0010275842316154256,0.00014128495196502052,-1.6127213379011217e-05
150,4,1,3,33,-0.0010435649456596334,-3.064665780717096e-05,0.0003193251627391833,0.0006901987570145028,-0.0014420002485928088,0.0008047491946867065,-0.0002214470494114366,-0.0004234940936972001,4.9896293010824444e-05,-0.00032799353176284416
150,4,1,4,33,0.00020193442831754728,-0.0014028688200440488,-0.006940537789832018,0.0015859703311139261,0.006798362693595244,0.007614851895620951,-0.002362289576431564,0.0024159053774666143,-5.424844044483131e-06,-0.0010842070577845894
150,4,1,5,33,0.04628739449449951,0.011109065856426872,0.0069649064563896855,-0.003764228061264302,-0.019341445930855548,-0.002119810553278319,-0.0004255564405696695,-0.008494898803352179,-0.003100687023670069,0.00350096165296479
150,4,1,6,33,0.0005366254735734118,-0.00016662858827289716,0.00046793872352708464,0.00027465507714776594,-4.663813355128136e-05,0.0007550939740045017,0.0005082711032636228,-0.0005517788940989204,-7.992169227835965e-05,3.79405491137064e-05
150,4,1,7,33,-0.0006679881792185433,-0.0003185912606902753,3.314276178633243e-06,-0.0003644120698537874,-0.0008119799140695861,6.106091342647724e-05,0.00044480301771974393,-0.00033412609358368086,4.7321359565786335e-05,-0.00011376035319435054
150,4,1,8,33,-0.007663895495465659,-0.0002823384245975408,0.009876072464159795,-0.006375237169354504,-0.004575239716560887,0.0025173314383731115,0.007014962044904923,0.008033901224526196,0.0009653767981007989,0.0002888852012720314
150,4,1,9,33,-0.0010283579169439766,0.0007128712072609308,0.0015999413142335627,-0.0013344680813794044,-0.0030110277351197696,-0.0032594992216933532,0.0024968701581034453,-4.9034817419371386e-05,0.00010632005868922355,-0.000524371563418491
150,4,1,10,33,0.003203406419998313,-0.0024508865194431597,-0.0008898321016836525,0.0006762156739661423,-0.0006367620515758802,0.002632277996838757,-0.00033370063547610986,0.0007641616049503684,-0.0006840527207324006,-0.0011194232910619873
150,4,1,11,33,4.129042477050484e-05,-0.0003112350419569281,-0.0004561032591031478,0.00010644976825544595,-0.00016732280933631302,-0.0001736393561546955,0.00016495370872612476,-0.0002435825557286516,-1.4749158581908409e-05,-0.0001034536943745808
150,4,1,12,33,-0.0024748153879958113,-0.008669169047586495,0.011462702015027908,-0.01999282983339707,0.002826888371710352,-0.0009468324181737298,-0.006821198895333638,0.008616008830402101,0.0010117000696466256,-0.0001736251529615056
150,4,1,13,33,0.006464903616040498,-0.002259496069106156,0.007667874973589,-0.009690320886120074,-0.007270344589493002,0.0001629584748465738,0.0023338770109068785,0.0012924605377253916,-0.000593490395658238,-0.00024029307257598508
150,4,1,14,33,0.014828367154309848,2.5154658953277052e-05,0.014479805030591424,-0.01404391265870208,-0.008684668133487039,0.0045695228516434054,0.010141541969458826,-0.015239223382678831,-0.0011107961172177525,-0.0016514247647212974
150,4,1,15,33,0.0007113687353395809,-0.00018908958732028947,0.0012150539823047191,-0.000777008593012012,0.0005392603806331842,0.0011239359024955166,4.875455805562415e-05,0.0007417559552495052,-8.153762268016256e-05,1.5955800183251723e-05
150,4,1,16,33,-0.003207471812227867,-0.0008962045406052803,-0.0005314241951480329,0.0005947034005644172,0.0005747619339523847,-0.00020524746540655968,-0.0007855510951916643,-0.0001496819973931441,0.0002566978980841887,-0.00019677688982723865
150,4,1,17,33,-1.1140240762175047e-05,3.0340987686069902e-06,-1.6291098903498698e-06,-9.910150939508127e-06,6.863884172567741e-06,2.0084731954615912e-05,1.4537839682434144e-05,-1.2572555811163922e-05,1.0970158725482986e-06,-3.066583966761925e-06
150,4,1,18,33,0.001394099421232199,-0.0014260917790200115,0.002218487372397153,0.00021010236549034932,-0.001042681194782514,-0.002756411226072209,-0.004338777004446751,0.0010437979982416067,-0.00013467465676929874,0.0004515277540858827
150,4,1,19,33,-0.0006234788800028073,-0.000114001299395388,0.0002242098900951323,-0.00010529773804159848,-4.1530000420056165e-05,0.0004306797003311508,-0.00012642232057121368,8.3021464038698e-07,6.101367635924592e-05,0.00011017998778596331
150,4,1,20,33,-0.0010521114285137211,0.0005069740659728621,-0.0020524104059480327,0.0005561435072813932,0.002536134177670876,-0.001938436513875402,-0.003682827540021583,0.004043838640068766,0.00015466111609151143,-0.00036252083604221177
150,4,1,21,33,-0.001515392796587267,0.0038232349157204066,-0.0066494845354180335,-0.0027870005539411703,0.0076609768382443315,0.0037586373050848445,-0.006743155975288709,-0.00025619374873413425,4.399772743058648e-05,0.00010968062454442997
150,4,1,22,33,0.00028231739933728245,8.138713237037524e-05,-0.00033592244068297546,5.869081405779481e-05,-6.478735418615424e-05,-5.79728163256096e-05,-3.911099201878921e-05,0.00011952760724135712,2.885610197246792e-07,3.9934220971318406e-05
150,4,1,23,33,0.00038761157446362066,-0.00026178835838297867,0.0006525684943262448,0.0006268813877299042,0.0001112224142707741,0.0021165940379217875,-0.0015087128792255836,0.001319656199308437,9.35149845531975e-05,-0.0003479213386876353
150,4,1,24,33,-0.0018938117678756318,-0.0004361583998564147,0.0029323185187099944,-0.004217264816900171,-0.0012545595895464147,-0.0011880566952582239,0.00041327342062935424,-0.0024020146178720435,0.00021214310546764764,0.0008730441386205453
150,4,1,25,33,-0.0016115391605862489,1.6956234821210981e-06,-0.001203172547727939,0.0007977327652310143,-5.6490743756925964e-05,0.000798299350212037,0.00018718433815155706,0.0005176579786459481,0.0001847465016215185,5.784038406261923e-05
150,4,1,26,33,-1.7772724979141968e-05,-3.655006786875649e-06,-0.00010957446053351211,1.0249129526579603e-05,-5.306976003752557e-06,-4.600934126362117e-05,5.3269909906579344e-05,-1.045533309251349e-05,-5.740452244236938e-07,-1.347305951829727e-06
150,4,1,27,33,-7.725151568673909e-06,-7.857045961355496e-06,3.321270534541738e-05,-1.2864263504936666e-05,5.330769753802782e-07,2.0378628067785656e-05,-9.174187419417048e-06,3.308942670089505e-06,-4.6393119259202334e-07,-4.747570548818495e-06
150,4,1,28,33,0.003295070193742901,0.0021936230137598227,0.003684811913374843,-0.00583480942697761,-0.0024758838037968094,-0.0034491377049048126,0.005096245165310506,-0.0027637792629426603,-0.0002778237465673997,0.0008375590198442916
150,4,1,29,33,-0.002247061742050447,-0.00022805802904666837,0.00047080048957370385,-0.00038477049339219645,-0.0003560356634094381,-0.00017042859127477694,6.398053306705291e-05,-0.0003280463257098562,0.00011438296674815895,-0.00011816721814165893
150,4,1,30,33,0.015615097012483278,0.00030774284323357824,-0.001477066680518788,0.01096076145620219,-0.0010368888111598536,-0.002933273962464617,0.004664275637080129,0.006460147618432065,-0.0010359684452971398,-0.0003834549295026782
150,4,1,31,33,-0.001326553984234486,0.0023442973989994923,0.00414603968102607,-0.0004742564576598123,-0.0005526600129989979,0.0021820635609211677,0.00023292758019722538,-0.0007274716711176959,0.00018198402413480236,0.000298435395616847
150,4,1,32,33,0.00016073745505827195,0.0006354581896121874,4.2916822775617664e-05,0.00016958707338360742,2.1672229374370516e-05,-3.291205850377353e-05,-0.0006543117645477044,0.00034569039477385776,-2.5719082669643797e-05,0.00014049570921466828
150,4,1,33,33,-0.0038419561078580212,0.0006013170034240199,-6.884302732576687e-05,0.00032977684093626214,0.00041803855187161923,0.001048300132857453,0.0007966620458585928,-0.0008468121672432068,0.00010525654395034857,-0.00028118672408812805
150,4,1,34,33,-0.0014368202290994604,0.00038917409412639125,0.0004252341151788628,-0.00037137894615505915,-0.0006336838888356063,-0.000909067312751419,0.001517919468017297,-0.00031131137621015877,0.00010097551321485793,-0.00014704669912144624
150,4,1,35,33,-0.0025499566361176004,0.00018695941609920606,0.0006147372521787287,-0.0011568486811194523,-0.0023414396696498168,-0.0017229481254823892,0.001556350159250601,-0.0011157140140269572,0.00027132759465850497,0.00010431141046030054
150,4,1,36,33,0.0020375079010819,7.134292051839032e-05,-0.0024856154621803925,0.0026174895744155253,0.0011440014182272492,0.0005819945935409796,0.0011339235594417653,-0.00410220622704721,-8.49850417566209e-05,-0.00036383293871823457
150,4,1,37,33,-0.0002644161407025418,0.0006150273572944543,-0.00011230789102976791,-0.00013457374830794637,0.0016570051830703187,0.000621578725927237,-0.001159858258252592,0.0016912435469243231,2.371041840616465e-05,-3.192546114429748e-05
150,4,1,38,33,0.00024171833717478796,-7.963834852662827e-05,-0.00015250591901224753,-0.00016470998636896957,-0.00030568916325245435,-9.717163412245814e-06,-5.656498196824159e-05,0.00025513640376561414,-2.4732965794354033e-05,2.6816709821303124e-05
150,4,1,39,33,-0.003589646364628996,0.002271494901209012,0.0006469394124388597,-0.0005001283110912658,0.0022829586065543574,0.003487652128272067,0.0006384690303153734,0.0011801107704064752,0.0003100853237285151,-0.00040834296967570086
150,4,1,40,33,-1.8794658621592872e-05,4.0233950033520795e-06,1.3214964513008786e-08,6.1970521852433306e-06,-4.239994620774207e-06,-1.8463593303225684e-06,-2.9310600080036104e-06,3.1740305739585333e-06,1.1665630108675814e-06,-1.4077807430223863e-06
150,4,1,41,33,0.00018834935902202498,-9.060354105873411e-05,0.00015454378257615233,-7.87579791322246e-06,-6.082418107686006e-05,-2.317564763609627e-05,-0.0001433140881551036,9.005683958256529e-05,-1.2911580923143922e-05,-4.278225100307517e-05
150,4,1,42,33,-0.0007727102647701677,0.0010639154914035983,0.0013532399434287414,-0.00043965037450041753,0.00616676507688277,0.0005361923012654808,-0.0006875994907337225,0.005297219093543273,0.00025202455969957884,0.0018139507167742013
150,4,1,43,33,0.0033269986787334317,4.100917966818725e-05,0.001427240504214169,-0.0016933853425757691,-0.0017621178853719018,0.0018110489744527318,0.0015614122908662468,-0.00038298876046779406,-0.00021310913199432919,0.0005857093421086553
150,4,1,44,33,0.0011032522106178024,-0.0006880192181943751,0.00016986815951916914,0.0013551443148246867,-0.00024391457558650855,-0.0012561338230787351,-0.001728077507556123,0.0016120666592910886,-7.974722896552377e-05,-0.00040045047531446287
150,4,1,45,33,0.001650074796011011,-0.001164933460456134,0.0065260293361696226,-0.008271039265338155,0.0014015060402761828,0.003178405796340595,-0.0005931815804889507,-0.004263621414575395,-1.3001156762528e-05,0.00016264030487574095
150,4,1,46,33,0.0006021795790896434,0.00046052055296093243,0.0049494174909479076,-0.003901376889004519,-0.0029428641988597528,-0.002929641467630139,0.003211170718559931,-0.00016877882717430368,-6.118487572896856e-05,0.0010869678200175529
150,4,1,47,33,-0.0032099772553458037,-1.9688141941880354e-05,-0.0018322490856082965,0.0010626957946835282,0.0013755414310540855,0.002127795354510688,-0.0006846465991964696,-0.00014273254166199343,0.00019123306925978247,-1.2348906410468037e-05
150,4,1,48,33,-5.68668408160593e-08,1.9348033854413867e-06,-9.597158656480709e-06,4.509926135235374e-06,6.4840328530945295e-06,3.2892495533472796e-06,-1.5246606582072988e-06,6.449308152549113e-07,-4.872433387774448e-07,3.434058652223125e-06
150,4,1,49,33,-0.0009637410303007861,-0.00036252252015668215,-0.002123305186558503,-0.00036613380954788417,0.002278363859415177,0.001919136861862327,-0.001144952447905158,0.0018541743709413196,5.3226129693289957e-05,-0.000593793401273112
150,4,1,50,33,-0.006790537086220923,-0.0017796752792839773,0.0022755168405770624,-0.003537894218003557,-0.0012480049186789578,0.0003205135739414927,0.0005299110749668401,0.00014482434548529288,0.0003666529278715298,-0.00023949342338580362
150,4,1,51,33,-0.0017639704187975174,0.0030119690564085876,-0.0003746548383130914,0.0003917296909051899,0.0003039406665307292,-0.0015676994365254506,-0.0012529263852178352,0.0005225359562324131,5.8100171317253375e-05,-0.00042910865171329275
150,4,1,52,33,0.005428578496261023,-0.00011416989720553207,-0.0010778928319550595,-0.0004302804262953649,0.0011970465611587206,-9.323026331911265e-05,-0.0010168601503142017,0.0012817054623367233,-0.0003372788036225329,0.0008277852791781947
150,4,1,53,33,-0.006400966805397003,-0.001830359008004809,-0.00674012524109631,0.008057510559575126,0.0038797022157571128,0.0003237108681808433,-0.005310195678837703,0.003942474060520962,0.0002649565610783482,-0.00034985553114453297
150,4,1,54,33,-0.002957914658298189,0.0001290745335529162,-5.00302355295879e-05,0.0009239970956053498,-0.00020668225695681368,0.0020664461018097286,-0.0005414612448084063,-0.00028870934274956056,0.00027469295835741013,7.36797675564962e-05
150,4,1,55,33,0.001298016527860291,-0.000847752528741852,0.003024574501922599,-0.0013449943884238607,-0.0024484152323460922,0.0023115500777599,0.0005908853556357731,-0.0010309541536945202,-9.986260143754727e-06,-3.0306185774209368e-05
150,4,1,56,33,-0.001749830509667327,-4.5264287713547254e-05,-0.0006021938834917536,0.00133106537578006,0.0003573138009477528,0.00034646498110809905,-9.93859188180006e-05,0.0003806470346306469,9.235639416044224e-05,6.745625644368511e-05
150,4,1,57,33,-0.00032145454375808493,-0.0008074648976853737,0.0011049493261470872,-0.005048616696382272,0.001105186894975718,-0.0021139515589287173,0.0008850072389253925,-0.0028293506871136112,4.177763518678701e-05,-0.0004651973123028028
150,4,1,58,33,0.002338169839864196,-0.0004427079372235624,0.0064363631208143425,-0.005568770484584744,-0.004576861500977426,0.0003803886634809424,0.002883229692013989,-0.0023140366456974016,-0.00022462536612371156,-0.0005439769552861551
150,4,1,59,33,-0.0028175307648864545,-9.242397018315268e-05,0.0012926418064132732,-0.0012017816176497472,-0.0003545662564174639,-0.0005604841028857916,0.0007122057517689236,-0.00029462139498862076,0.0001398182227230986,-0.0004370318201918842
150,5,1,0,65,-0.0019004623415367745,-0.00027215786180280824,0.000371099035688752,-9.683857828503914e-05,-0.00015431872154423405,-0.0012533648667035237,-0.0004498586407753245,-0.0009082605587603598,0.00013057564227948853,-0.00019585840805891116
150,5,1,1,65,-0.0008445860368364667,-0.0003022524242260072,0.0006877144462264878,-0.000840093481513067,0.00036813707051523486,9.846524935183275e-05,-0.0006377083876661309,-0.000292109737108495,2.4146088966803233e-05,-0.00018322705882335393
150,5,1,2,65,6.874416455836302e-06,-0.0001292622048839041,-5.654917638078254e-05,0.00018612955801865577,-0.0001438269067823169,-8.86959707231021e-05,-0.00033140162192489683,0.0001895980624538221,-4.219933764113806e-06,-7.901411701062592e-05
150,5,1,3,65,0.0004392837057247409,-0.00018121977184718335,0.00011805302310526248,-0.000293421036195562,-0.00033139908354694705,0.00018162128489820293,0.0003531168708778374,4.5307363531055856e-05,-3.496744784122433e-05,-3.5184299644728843e-05
150,5,1,4,65,-0.00017686741312707114,-8.473609493004132e-05,-0.0006852412775538809,0.00029124441012250737,-0.0010085540910610028,-0.0014248092361141607,0.0006647202694893433,3.484970436888624e-05,-9.637088218345136e-06,-5.407993100868244e-05
150,5,1,5,65,-0.0023556276538305413,0.000519354181002973,-1.445104322151103e-05,-0.0003278189269742526,0.0004551225999545983,0.0009158471324513264,-0.00031890764946736926,-3.4141076084854505e-05,0.00012993064959663923,0.00021993621732413943
150,5,1,6,65,0.00025746936625781485,0.000166223371067619,-3.5444348746384454e-05,-3.23106061522339e-05,-0.00037268718041027723,-0.0002677059648655289,0.0001963539539736941,-0.0004376298273053479,-5.666287510320942e-05,-3.705332733589369e-05
150,5,1,7,65,-0.00025300011635534254,0.000749459842741114,1.1559896353251614e-05,-0.00012385647665455067,0.0004981653405329407,0.0006129425487185871,-0.0004245794288223046,-0.00034726120751616064,-2.2781268718460323e-05,0.00011431508729837238
150,5,1,8,65,0.000191234958580171,-0.0006026902875813854,-0.0003986798401222612,0.0008604952189533614,0.0004630016314624576,0.0005894067290202939,0.0006227145385338406,0.0008028831674560831,8.21679411982557e-05,-0.0002195947028212905
150,5,1,9,65,0.00011075106364375526,2.6180095495743864e-05,0.000172687193636365,-0.00011497517428205486,-7.145486452340331e-06,0.0004002673719902234,-0.0002493745313346879,0.000173464760942739,8.47708533017419e-06,2.246597658729735e-05
150,5,1,10,65,-0.0002199408457277831,-0.0006360738631949797,0.001020553162847462,-0.0015550316882782668,0.00021381961432600803,-0.0003542696259583466,-0.001438246092597467,0.00033982488230400104,-3.416425966243214e-05,-0.00034798244077578934
150,5,1,11,65,-0.0005404866076823432,-0.0005177949465832085,-2.877175721669332e-05,-0.0010252157232448417,-0.0002136929845130915,0.0003900856513119082,-0.0009779337797743335,0.0014166496307052604,2.9035325607927386e-05,-2.7955519556920824e-05
150,5,1,12,65,0.00017740004617369757,6.774253562279987e-05,2.8854876654096848e-05,-9.347862730552795e-06,0.00013014972417513482,0.00010521944876950728,-3.662075756019698e-05,8.614177583219268e-05,-1.641768712175617e-05,-2.111354275264187e-05
150,5,1,13,65,0.0003561100303600883,-0.00021097531760103,-0.0002606351982499905,-2.0235994886793498e-05,-0.00010007925125345438,0.00020350575450303978,0.00037698034561488297,-0.0011071238189644611,-1.0554153806863466e-05,-0.00034469006635398246
150,5,1,14,65,-4.5029820399324076e-05,1.8520405218753316e-05,-4.170258826408701e-05,3.4333152240158005e-05,1.956390655922549e-05,-3.226087429775897e-05,-8.322836213857932e-05,-8.897811461334711e-05,3.325571744135633e-06,1.4788846739745292e-05
150,5,1,15,65,4.473523951955833e-05,2.594612106990636e-05,-0.00015830016680599683,0.0005736937446233009,-4.575325330746533e-05,0.0007992358212594975,-0.0005130557137008347,0.0004969514437006246,-2.54664463862795e-05,-2.7979302232395216e-05
150,5,1,16,65,-0.001035014236336527,0.00033309457710321757,-0.0005501605499606637,0.0008362942442202035,-8.470458092429197e-05,-0.0004844112173806673,0.0006412993471234014,-0.00016951426612392276,2.8966530748861432e-05,4.328813982705849e-05
150,5,1,17,65,-0.0010499502486933572,0.00011235340677008433,-0.001710498197961948,0.00014282721592277447,0.0004696543422708396,-0.0003054981539585482,-0.0009741180280643225,-0.00026567976943903007,7.788704991445097e-05,0.0001441596415991767
150,5,1,18,65,2.4693192353789213e-05,-9.953819030535811e-05,0.00010677862845424179,-0.0002605447957607163,-0.00014520432549414044,3.9382878502295334e-05,9.446823182605128e-05,-7.530739662627989e-05,6.08631046387152e-06,7.058762657738287e-06
150,5,1,19,65,0.0012246814797639875,0.0002963476229644136,-0.001704882474439426,0.00048657537440079834,0.0019777123316579944,0.0017206597455483156,-0.002922225461598056,0.0004363963255185872,-0.0001219318269331694,0.00047694378081259727
150,5,1,20,65,-0.0007623026629137572,0.000261179774542377,0.00047113342021727416,-0.0004732915173881294,-0.0001774542211933223,-0.00047090811443965634,0.00041295077955332845,-0.00045950726032730074,7.556511775541055e-05,1.7874193403646683e-05
150,5,1,21,65,0.0009608435513152617,0.0006571519467056171,5.835410813248204e-05,0.0008489848243288479,-0.00061867461936928,-0.0004628454262341995,0.00037862809471037344,0.0008121305567145707,-9.030895200221914e-05,0.0001365602688093021
150,5,1,22,65,-2.088567722958392e-05,-1.7850932473538014e-05,-8.268395649837307e-05,3.578874205951631e-05,-3.1131571711665535e-05,9.867229739195426e-06,-1.6972802400574432e-06,-4.595571075365612e-05,-5.917563908298757e-07,-1.024960421976092e-05
150,5,1,23,65,0.001307078991836557,0.0004543430388753694,-0.0009679830543958463,0.0018369556279209565,0.00047996971682059324,0.0008189148224830138,-1.5281472206593168e-05,-0.000844535478198517,-9.989630175457999e-05,0.0009287808060383235
150,5,1,24,65,0.001034782558239063,0.00016763331835621564,0.0004576206286351353,-0.0005675215927723272,-0.00017312115068863194,-0.00040825728918799986,0.000810520197360746,-0.0007792642917957605,-4.530202770594253e-05,0.00033117133813953737
150,5,1,25,65,0.0015914591708159219,0.001350362681448537,-0.0006338832450326844,0.00039505586927953936,-0.0006703248209067431,-0.0025961000676667776,0.0010502878942918546,-0.0006164715246726826,-4.035164599824767e-05,0.0006901286825191655
150,5,1,26,65,0.00010905255802882524,0.00012385503579530764,0.0002432240989073307,-0.0002486184710749055,0.00016337441031565584,-0.00013200921686026503,-0.0001934923189358771,7.130983604500577e-05,-3.2281761649417382e-06,-1.0620309622813906e-05
150,5,1,27,65,-0.0001371974758961762,5.4449409070653575e-06,5.5849183653208574e-05,-5.1524710762325796e-05,-0.0001857660306092739,8.537744424058658e-06,4.732037700410672e-05,-0.0002207988077437378,8.793967583557644e-06,4.027478474413022e-05
150,5,1,28,65,0.00012088601617980093,-0.0004509847939046208,0.0003854966003652648,0.00018475415310753346,0.0006701760710022444,0.0013736929722185853,-4.5008261771858984e-05,0.0007714060689722166,3.1925286867164846e-05,-0.00010915849522526421
150,5,1,29,65,0.0008200638929601379,0.00011023032729266169,0.0002704256970397993,-8.388915923556567e-05,-3.062248872488633e-05,0.0005647484619442083,0.0001876673142959596,-0.00023154403234618823,-4.387966840230875e-05,-2.058266750442324e-05
150,5,1,30,65,0.004137355497220017,-0.0016453815154012323,0.004377421860552607,-0.0017041126124879942,-0.003463520281572837,-0.0018007271323524853,0.004409024057631432,-0.0029199598022019986,-0.0005084529228862817,-0.0002909922304036413
150,5,1,31,65,0.0001894142927492374,0.0002517977273136572,-0.00021605716206635707,0.00017477280608770463,-0.0001091657664971518,-0.0003067509543405309,0.00018563670995033808,-5.271657117067493e-05,-1.694664022568748e-05,3.510092083641462e-05
150,5,1,32,65,0.00032452821007235673,-5.572987095447361e-06,-9.146799287481131e-05,0.00012191409283568169,6.446000583441687e-05,1.3484585402487273e-05,5.1966578429216956e-05,5.655123211489464e-05,-2.7296704970550283e-05,2.5948090599521368e-05
150,5,1,33,65,-8.723722462939109e-05,-6.701418708944163e-05,0.0002533395941448952,-0.0005859475384345542,-1.6007754492186543e-05,0.0003315800998976654,0.0001052185989135968,0.0002878532666586075,-8.115110309370287e-07,0.0001048539607663814
150,5,1,34,65,0.0004354992248239419,-0.00011593339029686032,0.00030472480172624234,-8.944364328525966e-05,6.399024967648203e-05,8.095945047941771e-05,-0.00015176096137152766,-0.00010069690163760139,-2.8889607961408814e-05,-3.8312375670032424e-05
150,5,1,35,65,0.000713830521512922,0.0010408045467150964,-0.00042774455648613796,0.0014892564755961551,0.0006105102691183551,0.000855610362156045,-0.0026009416448640743,0.0006676305821625301,2.4813945992985275e-05,1.860843159146673e-05
150,5,1,36,65,-0.0017260657860008277,0.000395358293576397,0.0001230354471894969,-0.0004468245087846694,-0.0003182213603699331,0.0001903958242108308,7.720934094918361e-05,-5.442252005871851e-05,0.00011370867741894225,9.624159822119372e-05
150,5,1,37,65,-0.006031977112307999,-0.0014217114635369198,0.00019129653275418138,-0.0009651207426071049,-0.0016400929234834157,-0.0003546023111060684,0.00010153041456270753,-0.00034256750567099363,0.0003820173964098497,-0.0009109446636177253
150,5,1,38,65,0.00019392355091844317,3.718669264133317e-05,-0.0001508306032353827,9.979505085739188e-05,0.0005110510217491427,-0.0004515729734743393,-0.00012067573631497147,-0.00024318017036564427,-6.059346465121123e-06,-1.1255615974225146e-05
150,5,1,39,65,0.0032395129263503865,-0.0016203629338915526,-0.0001991597779584269,-0.002591389702387019,-0.004029437208514621,-0.003885553822888559,0.0026433975415904136,0.0002722657233575119,-8.635147472024768e-05,0.00023729116506371927
150,5,1,40,65,0.0001696874336196483,0.00018730484787794625,0.00015596063256633112,-0.00019981686485959438,0.00016770721178414367,-5.074708250225432e-05,-0.00026038242880467035,0.00010372872761963915,-2.5437049013116635e-05,3.617596773915761e-05
150,5,1,41,65,0.0009492229881559918,7.918345954309389e-06,-9.2032197347167e-05,-0.002502631825063011,0.0014956113077983458,0.0017660068467175852,7.716236410313178e-05,-0.0028922338490640644,-0.00012294264435193088,-0.00033541970196058406
150,5,1,42,65,-0.0007934043762981303,-0.0005288139973081078,-0.00131300960622017,0.0002459968305609663,0.001988381966406475,-0.0032689285662422614,-0.0006020017689303944,0.0019886458552825213,9.255246477224261e-06,0.00022452522438137123
150,5,1,43,65,0.0008505150087041233,0.00041076427114781176,-0.001327432152022621,0.0031505012341781825,0.00019467383690786492,-0.002299246600217719,3.128285475174394e-05,0.002215750707361277,-0.00011913185564059769,1.1566228276073375e-05
150,5,1,44,65,0.0005670328614795894,0.0004727542805576588,-0.00029005723024619313,0.00035703009905052726,-0.001801826330667687,-0.0003152417218158504,0.0016869617588319945,-0.0006680672335434575,-9.948781083087987e-05,0.00034464389662571036
150,5,1,45,65,0.0009460706888450191,0.00011930649787074098,-0.0020654700960634678,0.0009710323856424247,0.002143909539466201,0.0007889517722121052,-0.0008443815139825108,0.0007202630415852548,2.5404146174899583e-05,0.00025066981255046823
150,5,1,46,65,-0.0008817660784600996,-4.3536498628456746e-05,-0.00028569276461326044,0.00013291635828441297,0.0004273706933366783,0.00020530676065249394,-0.00021109269245507897,-0.00038027929978982976,4.108459766077924e-05,-0.00012237702225364046
150,5,1,47,65,-0.00010751074390356557,7.572299088310084e-05,-1.2618008626484368e-06,-5.413088693709508e-05,-3.826573590919336e-05,-6.236561660691885e-05,6.837493067341882e-05,-4.414428359792053e-05,4.948664655358011e-06,-1.1115926155223542e-05
150,5,1,48,65,-0.0032340952042644354,0.00014182227519547266,-0.0010335819899412759,0.0008477521101486214,-0.00037469573998457354,-0.00044079366140006957,-9.109093699690092e-06,0.000498347142174805,0.00023090690796195656,-3.845261114694195e-05
150,5,1,49,65,0.0021691951780395745,0.0003994554682113592,-6.851530216643794e-05,7.591031056746752e-05,0.0011152377219274168,0.0013687368877874355,-0.0012505373096548015,0.0003382424812643271,-0.00017715709738798502,6.842744549354279e-05
150,5,1,50,65,0.0008036075932410643,-0.0001477886930919269,0.0003785277274510413,-0.00017259169406142413,0.0003878037210157921,0.0008732461163006341,-0.0004611923092753473,0.0006258222822103137,-6.56361310257971e-05,-0.00017654457171827198
150,5,1,51,65,-0.004571512788035884,0.00023919553629775083,0.00182471583404051,-0.0028546613047815165,0.0021979531712658018,0.003424536717108836,-0.0006915787971453004,-0.0015555708787297372,0.000347947369162355,0.00022622262795138722
150,5,1,52,65,0.0004051990092394203,-0.0002964721330755272,0.0005258629461413751,0.0003572811634706336,0.0009033142420136859,0.001172617919931124,-0.0019265239109019473,-0.0005278292122888874,-0.00013819015059854834,-0.0001083568670657367
150,5,1,53,65,0.0019140137015880773,-0.001348897803348242,0.002452978485036776,-0.00245269314426245,-0.0016096684841740334,0.00019054835855026177,-8.052795371437427e-06,-0.0009479551095915318,-0.00011376480892158304,-0.0003105191141192081
150,5,1,54,65,0.00025368732317144175,-1.596369793763971e-05,-0.00018915189194411666,0.00010759189305313532,0.00012641143229435748,0.00012050623441224122,0.00014581670713882224,-5.339329844540274e-05,-8.106715546315567e-06,8.75446397971805e-05
150,5,1,55,65,0.002723434342133574,-0.0002039216760653287,0.0004535618620244868,-0.001430445120740768,0.0001867958430391086,-0.0012370320829870709,-0.0005586845782173998,-0.0002616737006603676,-0.00019041753168294286,-0.00019023592733923448
150,5,1,56,65,-0.001317904765807616,7.310029138502261e-06,0.00039863637896429236,0.00039681359130498066,-0.0001963021670281903,-7.89530675880492e-05,0.0005540784846316836,-0.0005245783199179188,8.626945833759949e-05,-0.00015439434658534904
150,5,1,57,65,0.0003726498682226477,-0.0002928525170510023,-0.0007095615189456998,0.00047790430793152676,0.0005144785966679754,-0.001096369249054216,-0.0006733868808147318,0.0003286905641986695,-4.8088604429904305e-05,-0.00023340375819263528
150,5,1,58,65,0.000712380313139587,0.0002730289109510472,-0.0003916186574721382,0.00037792714961498155,0.0004458953391276345,0.0006783912108562612,-0.00026769374903127716,-0.0005644006876442828,-4.8005444948111686e-05,4.604807207262898e-05
150,5,1,59,65,0.00026313531560949964,5.802299638306386e-05,0.00026240691071179924,0.0001438428278794481,-0.0003264274551473816,-0.00031552965546003726,0.00015151058294627515,1.453694545090588e-06,-6.928095705307359e-06,6.0922986373193895e-05
150,0,8,0,10,0.00446214473230694,-0.0015645603310915092,-0.0022878943643063303,0.0005033015411674835,0.006011427860293627,0.005688933297414587,-0.002481299966187048,0.0022359809395527458,-0.00016298751569938095,-0.0007722066411790555
150,0,8,1,10,-0.017361251066791126,0.004143177276556781,-0.004536286469177904,0.00648709621289514,0.00450912730824176,0.008213784833221015,0.00031388302729428125,-0.003095645802002514,0.0010945032267081372,-1.8863720596077856e-05
150,0,8,2,10,0.007256200557608676,-0.0024985179102582555,0.0036626253269650784,-0.0033256401487431874,-0.0035922316456789252,0.00029328220659361024,-0.0009080535090820106,5.927373786099321e-05,-0.0004880923897044435,-0.0010203769594318828
150,0,8,3,10,0.06880126859601196,0.025184523348857152,-0.17139779891418686,0.06133439424198811,0.046293565488463806,0.04661154650278199,0.013797069576542862,0.004919543514157292,-0.0059498864824745566,0.03406001772484529
150,0,8,4,10,0.043803167259462,-0.0028005006631367244,-0.03392572518749943,0.0444024852929637,0.030862678520089677,0.027649141215557872,-0.02571920750769711,0.014580937023939856,-0.0018355088351929166,0.0026180420626979468
150,0,8,5,10,-0.001913812796415469,0.0027092055310198723,-0.011036863745613794,0.006596268875548224,0.003951600366229185,0.004087003948452285,-0.0016328376283264812,0.007548824056803927,-2.4020890971240014e-06,0.0007339779331072103
150,0,8,6,10,0.004214576088530962,-0.0021384942844974776,-0.00206612461428223,0.00421095372553315,-0.0040807344185725,-0.0073828171054902796,0.001978108784244719,-0.0008479687121546878,-9.096828855413104e-05,-0.0015359154611076231
150,0,8,7,10,-5.133008759921817e-06,2.4111042966060658e-05,0.00010382966905825088,-0.0001865731234136758,-7.84264585592192e-05,-0.0002619721898734046,0.0003151162612190719,-0.00035226041178987213,1.802037938548339e-05,6.216354224936189e-05
150,0,8,8,10,0.035300198586340856,0.016043242232394027,-0.033687903842630186,0.023076745403385557,0.003162070954534215,-0.012763864270757827,0.00913728119017293,-0.017844050877423905,-0.00230422742603767,0.0034575513022326756
150,0,8,9,10,-0.07032316267094238,-0.007728107291580433,0.01927924949265025,0.02083505682988788,0.05602630899071274,0.01827417438846192,-0.0311987466427448,0.0295013387199797,0.0041799944067696555,-0.02263364902633581
150,0,8,10,10,-0.0002274859165252824,-0.00011798789759083375,0.00022057285231254204,3.597074458647285e-05,-0.0003545755428996781,-0.00017361250505567845,0.00013606768400747305,3.2396181523461796e-05,1.3338356031228996e-05,-5.9186723694468724e-05
150,0,8,11,10,0.09685370040091965,0.02998224666638874,0.07723460292604466,-0.05341376487140289,0.034204531481135426,0.0029677138233888266,-0.0488115499366331,-0.04998908145788199,-0.005847650161545417,0.012409234071261599
150,0,8,12,10,0.04107465972761758,0.006477001614122493,-0.03952050927711201,0.03171782794718883,0.014226805781002187,-0.010445510234915339,0.010173278154394543,0.006693515674628567,-0.003733846820696067,0.0013555811789633437
150,0,8,13,10,0.08872237388346943,0.019637997851717142,-0.03349368667048903,0.05484485654926251,0.05659547243475034,0.005746968661915996,-0.062409261725892215,0.11377550325246334,-0.003600338336776638,-0.00017237927023181984
150,0,8,14,10,0.005813163149432624,0.0035930714665951984,-0.0049949168884606005,0.004747201879007585,0.008015824797480819,0.00023908527796133146,-0.0013931037824022885,-0.003872852319422479,-0.0006465863359030209,0.0002943501843021424
150,0,8,15,10,-0.014860079050445426,-0.0005726217150905539,-0.002159395284574045,-0.001728173654602557,6.209932071867441e-05,-0.0027853871416876706,0.0002954297463160796,-0.005829491954016321,0.0010159125549527356,-6.994266492153968e-05
150,0,8,16,10,-0.042360287657508607,0.0012148086735772456,0.013819852125098873,-0.01839372558841823,-0.016810406191954765,-0.007374474559700056,0.016519789704001673,-0.008254639339997169,0.002455945736452787,-0.0006572268244789529
150,0,8,17,10,0.011429215649551882,-0.0035187841894346755,-0.008672220902907351,-0.0005788945480858186,0.00610312179944422,-0.002700517908610416,-0.005416772077010943,-0.009270306852290187,-0.0006711166348045767,0.0007203005269542629
150,0,8,18,10,0.0018949953534114438,-0.0001746801476052666,-0.0008819401764689208,0.0013491826291801624,-0.0007125121146279149,0.00048725098251334504,-0.0002484373488042238,0.0004231174608043813,-0.0001686580407616119,-8.430916621164644e-05
150,0,8,19,10,0.09858157573399906,-0.026552567761723045,0.06534569958146413,-0.029548179753619324,-0.012959489245400841,-0.05023539147224029,-0.001326448603739548,0.0208861926020345,-0.007240051242943279,-0.005705481216492612
150,0,8,20,10,0.0005267581023414432,-0.00013182005134834338,-0.00027299586792458875,-0.00011232426489092975,4.747776302488356e-05,0.00023747012796900422,0.00010192178266674054,-1.8917448194945264e-05,-4.517641936568224e-05,2.956048843512381e-05
150,0,8,21,10,0.004957144438159283,0.002586682506440437,-0.00040865630077176977,-0.0005271280341831547,-0.005952709400264652,0.004325466902869379,0.004987035818354719,-0.00794472137129032,-0.0006632317728298238,0.001623854158926414
150,0,8,22,10,-0.013565264899423148,-0.0007052545230644041,0.002313138814830577,0.0002663750296569647,0.007243351397121159,0.012543536858750391,-0.004753368873840446,0.01521119263962157,0.0008131043406420242,0.00034405227543076144
150,0,8,23,10,0.06760440273824334,-0.0009090897604293324,-0.19392037689142685,0.2809901418814067,-0.031334063625629335,-0.08861132188886577,0.010989476231908782,-0.04217700992401411,-0.001502923613065781,0.007704092838204612
150,0,8,24,10,0.011757197017727006,0.015403764958115828,-0.0027084758661718774,-0.00505589889457594,-0.00308594099695143,-0.0025378314790030863,0.01582430776696243,0.008974540796669945,-0.0010135342585006026,0.01025829512323768
150,0,8,25,10,0.27455500848039616,0.040337167662842746,0.1549256589429578,-0.016756231681836205,-0.014231842192161611,-0.04915217003300679,0.0185970070898275,-0.004284452219268783,-0.01929463838090939,-0.02990936520692509
150,0,8,26,10,0.050165026731030724,-0.012572685670387888,-0.0011678110676488192,-0.008676607191914376,-0.011349008036404573,0.007088259698019925,-0.004326164693545578,0.013438627791636598,-0.002559907900024562,0.0010029657231932076
150,0,8,27,10,-0.05609090156778819,0.0037715461331182497,0.011465308851673156,-0.014659866305733318,0.038467234018878055,0.04248856480578305,-0.017781554103034683,0.0012915711000833687,0.00407713638616248,-0.0006528361580333894
150,0,8,28,10,0.02600765932681438,-0.028742623494163965,-0.021335343881030776,0.012284822601631377,0.031482006848800634,-0.010911135119703255,-0.005481934508889723,-0.032270977811704016,-0.0028607427301875713,-0.0017572951281112918
150,0,8,29,10,-0.0005387668433807155,0.002290060229349101,0.004774367546424654,-0.002358950014796639,-0.003946428528663101,-0.0024070094705178745,0.007096253926810516,-0.006009568800060247,-0.00012495893401622213,0.0011831524996046457
150,0,8,30,10,0.1246194872468078,0.06290686368027201,0.020064970641744635,-0.05821808113538138,-0.05331535962407693,-0.06788769377814692,-0.03895316951306477,-0.048335704587363415,-0.005302295290596642,0.02734434444835197
150,0,8,31,10,-0.0017347602605844235,0.005946577910099316,0.0033067399380405297,-0.012711034983487258,-0.0049049031002293105,-0.014248797726745876,0.012807708906398454,-0.029356866095605973,-0.0004931275441727652,0.0008146467645530698
150,0,8,32,10,0.01551605200762321,0.0046590728782447705,0.014275208753835283,-0.013400167982789365,0.002306263941220449,0.00185134086645097,-0.005098101080095124,0.005111085025968211,-0.0007015376399090365,0.0012690872651382
150,0,8,33,10,-0.017548305156717993,-0.0025354010157155886,-0.015078755654210055,0.011601790357040358,0.020780599689247788,0.007902599880584752,-0.023360155952169913,0.01648999412519194,0.0007251777552274078,-0.0021325783318336725
150,0,8,34,10,0.12061471951917635,0.007342774407048914,0.02028807806693312,-0.035331738592699155,0.006057826902706038,-0.017223207447631745,0.01642093947187606,-0.009188338727622297,-0.00809440692406829,0.011678380172307497
150,0,8,35,10,0.01982013455794111,0.003951575253622415,-0.009300751411820404,0.021259840626869708,0.002312985116048029,-0.012174816048154465,-0.006480237636548489,-0.015124986950597837,-0.0014182459280254569,0.005112671115236834
150,0,8,36,10,-0.06029708551573096,-0.020951311270073318,-0.016115734258706688,0.012008478941337256,-0.03658536245943214,-0.03079764885852416,0.001769562370579312,0.05625347190507896,0.004002235650437899,-0.014779469140670408
150,0,8,37,10,-0.06906704539356161,3.104872302848636e-05,-0.035258095176596824,0.03995502165697109,-0.046474973661457954,-0.0025206794006521647,0.10214315300615011,-0.17701782652062203,0.0029670116360284863,-0.017874044737792243
150,0,8,38,10,0.00660879043970958,-0.005471802062281305,-0.002721952090022247,0.0013353670314720152,0.0016521113845443505,0.0027520499072246807,-0.004084917935037433,-0.003029511567464889,-0.0006701482834585927,0.001801817059182443
150,0,8,39,10,0.0355945820588048,0.0024860237124624245,0.0008218665241641572,0.008699266187681106,-0.02593054416923736,-0.027935525509781192,-0.000949851131574049,0.002137813813729534,-0.0027688060897435355,0.00036638776457858043
150,0,8,40,10,-0.0018530051324116233,-0.002585368364961393,-0.0026946419060178504,0.0020629941522204705,-0.0005403024774869115,-0.002010410444057843,-0.000840608725895069,0.00734302020835463,0.0001150663466955545,-0.001261723872213349
150,0,8,41,10,-0.0456665437395694,-0.018381605647265955,0.042131314334570534,-0.009405158016678258,0.020802183818032977,-0.008601054228244361,-0.0005166767880852709,0.013664935233951176,0.0009423862988988996,-0.009519582697075061
150,0,8,42,10,-0.017888655198696264,0.0074154396730838875,-0.024305857820226866,0.005489036514375221,0.004161750749684748,-0.05760714062319925,-0.03076118726002867,0.03885573265150961,0.0015196281845797515,-0.013770980829437614
150,0,8,43,10,-0.0004774547616186659,0.0007440500617964481,0.0017059835248478576,-0.0014920580992035678,-0.002741474806406189,-0.00048236674693733666,0.0012513592421334746,-0.000929499726243945,-1.3391175300642733e-05,-0.0001668420493420522
150,0,8,44,10,-0.11374409826110116,0.015156473969356408,0.016379121064092218,-0.052600117012592255,-0.028179939789952452,0.01948533939049788,-0.028442821182830095,-0.0028975607796838804,0.007953783337129657,-0.02816349677010831
150,0,8,45,10,-0.001078241020777755,0.0014908252178171117,-0.001431706274977909,-0.00141013151710571,0.003823783435918903,0.0012953523430994781,-0.0007782336301199887,-0.0008951836436629703,0.00018489753508621075,0.0006688723251797189
150,0,8,46,10,-0.24305597886294333,-0.01601834175057873,-0.028147085431105966,0.042454853454510486,0.07916888547344962,0.10032614398358176,-0.06448370999794363,0.07149084509591597,0.017543425942629448,-0.012317306126946826
150,0,8,47,10,-0.0039521157458702666,-0.002308188799747909,-0.001461918299880348,-0.0005722263653313189,0.008842244461184312,0.0009280053931029103,-0.008695330564818422,0.009795531085618876,0.00027674244022993477,-0.0005674437637904216
150,0,8,48,10,-0.012708865804822136,-0.003824074048228392,-0.004451524293426356,-0.0036745173434071725,0.01803803578180659,-0.004290452141837358,-0.010321278865681387,-0.011430509632386683,0.00013320003084361045,-0.0021494341357457996
150,0,8,49,10,0.018561070715915857,0.008036729945813977,-0.005845956047915593,0.003757921721884935,-0.021906132338539608,-0.009478534949540896,0.015093655796400639,0.0014243781730791277,-5.5477458864600896e-05,0.005337344817961285
150,0,8,50,10,0.021114279132695393,0.009065890988124615,-0.0035489195466183398,-0.011735695718471316,0.004775072948136549,0.011736308868980335,-0.00613754643828175,-0.007761713052909582,-0.0016643153199960793,0.004202237971631735
150,0,8,51,10,-0.06344915339710876,0.003890050094424795,0.002590325196128697,0.0275920737991312,0.07332766892372403,0.07354248265401499,-0.037151860411899724,0.006502206936692404,0.006105028894756503,-0.005102357422431249
150,0,8,52,10,0.10891043247160676,0.0064568597471265955,0.2806545081380196,-0.2715711060300301,-0.06354792447005819,-0.06520817908137565,0.1441274415497922,-0.061960585024151804,-0.003067229829751849,-0.08297694625180765
150,0,8,53,10,-0.0017105102592223534,0.008176352833541178,-0.06234055166042059,0.020983228446248853,0.029303742628046987,0.03740867507042559,-0.0353532664125278,0.05323192012858986,0.0006117544410897691,0.0026528753587964603
150,0,8,54,10,0.014291351575667618,0.0002552316095823049,-0.001306371581104617,0.00271817547959709,0.0024189732336740285,-0.003985161415945737,-6.164765750284911e-05,0.000754813732271276,-0.0011195030353338892,0.0008191983585648029
150,0,8,55,10,-0.0015038541078148597,8.772949789482769e-05,-0.0007314134084314067,0.0006219826442926136,0.00022819678084975314,7.875986499418709e-05,-0.00036056479076714487,0.0005117907572509287,0.00010483399823565866,-0.0002748874646641342
150,0,8,56,10,0.04218823484133817,0.010625775965632127,-0.018148295912063458,0.03925322033617985,-0.0002834505517352462,0.003563205483494243,0.008172733358912979,-0.00494052408138794,-0.0024792528587707554,0.004708704513556257
150,0,8,57,10,0.38080347615698623,0.09345018705182344,0.06770964874588317,-0.07998471927943379,0.07122849475824142,0.076842528585371,-0.2552983727448809,0.12415530513144081,-0.03707429408996754,0.013208640779430564
150,0,8,58,10,-0.0110881318674803,0.002084298053793163,-0.004402912767788781,0.009866893402119164,-0.007313262344934651,-0.024992725458968093,0.011683216284094251,0.013476751413454769,0.001261941221853963,0.001527586684700806
150,0,8,59,10,-0.04911486233940388,-0.020670623373819804,0.0396016940314139,-0.03735922802246079,-0.014232077756843434,0.020834107276566413,-0.006069631511334956,-0.05548616726465327,0.0035806843687821352,-0.010749910390681435
150,1,8,0,12,-0.011844454835844977,0.0005197900525041901,0.00630802004129502,-0.00289077580114397,-0.006467480693911945,-0.001496350855830264,0.0007674357562280929,0.0004147179253847793,0.0007986569890461381,-0.0009498368031262159
150,1,8,1,12,0.007646734201079892,0.0003608186837070629,0.004387660475705832,0.0024560095214545465,-0.005560306184685897,-0.001673124690525038,0.0008756994831753079,-0.004364877463123222,-0.0005754284160759822,0.000522075043696006
150,1,8,2,12,0.00040936354783556244,-0.0009778816750278978,-0.0003505836992875108,7.77878245122871e-05,-3.416550941826534e-05,-0.00013678786800321849,-0.00017435117674434317,0.0018129117015055229,-3.709455872163415e-05,-3.7066643846921525e-05
150,1,8,3,12,0.0015147135971225287,0.0009629500312260368,0.000804722788995627,-0.0008681293388161448,2.3305475848787682e-05,-5.578503198651482e-06,-0.0005329957418735668,-0.00011537879271445486,-0.00011521741711168477,0.0001252928421046289
150,1,8,4,12,0.0075627355620181014,0.0009386910238543256,-0.0026498777718719476,0.00547552775532602,-0.003907884636939,-0.001976468779411509,0.003998779909051643,0.0018865233688285165,-0.0006141593477721806,-6.642134189389714e-05
150,1,8,5,12,0.010903764119870738,-0.0021868155609092482,-0.004095718985606352,-0.001645093887804015,0.0005611927168980809,-0.003773219916699939,-0.012506019241138897,-0.006353740438903728,-0.00037035686339752065,3.269312085589271e-05
150,1,8,6,12,7.264945951454961e-05,-0.0023390653950694186,-0.004480825496882615,0.0015717525706180704,0.008195582922751297,0.0018761106194338658,-0.005184462432944369,0.0018045221054087967,0.0001352724368426794,-0.0007626180815226918
150,1,8,7,12,-0.08309398350877682,0.010556885340486094,0.004062270268195571,0.021652031645053756,0.062618674407484,0.03767711190894579,-0.08217057644227053,0.015646835952358877,0.008650036564229356,-0.0002102225167199595
150,1,8,8,12,-0.0013125222923702268,-0.0017220310008749296,-0.002109308846053073,0.002398632144107611,0.008255606205563933,0.007756045299659238,-0.0012186842712002635,-0.0030144809410680025,0.00018209521094767297,-0.0006928763438889128
150,1,8,9,12,0.00029890978480234527,0.00030427471978351897,0.0003472237304615102,-0.0007352490715573934,0.00012676134543657472,0.0002527936209442364,-0.0009267093297388873,0.0013284807364146195,1.2042164748783296e-05,0.0002637000472700273
150,1,8,10,12,0.0010938944395201232,-0.001511164351405614,-0.003860017243114645,0.014595746214025564,-0.010899014114947467,-0.022230574170792168,0.019277313812473523,-0.01496582860500917,-0.0007531172465919462,-0.0033282704156614587
150,1,8,11,12,-0.008073580899855997,-0.0026373352753728406,-0.0020548350664811262,-0.002362823164659682,0.010982923217007938,0.026936451641033095,-0.0011797889160093948,-0.003786917587518128,-4.488992045968747e-05,-0.0023514859635420005
150,1,8,12,12,0.002982540738468713,0.0028263555040235686,0.0055567910251350106,-0.008543658394008774,-0.008720732547171864,0.00028898693350734974,0.006635460137035451,0.0006285895070419047,-0.00026508330644546275,-0.0014621882012735236
150,1,8,13,12,0.014383082287899918,0.002771198877381516,0.003031707186744031,-0.0011258161676807633,-0.006325246338004418,-0.00712766893783347,0.00436751812500649,-0.0006318189480118718,-0.0010053585351700938,0.00023178954755183578
150,1,8,14,12,-0.034762047962192205,0.008839231703339764,-0.004533305803726908,0.015011327259193834,-0.00039333817079143397,0.008554065378101803,-0.005131063593910525,-0.0030180324409585573,0.0024360709246305117,-0.003127241038759981
150,1,8,15,12,0.012787436409020383,-0.000710134892237961,-0.0014298592671173598,0.00280048444710985,-9.691916448159886e-05,-0.000668902801049138,-0.002533478428758059,0.00482881175143017,-0.0007481274688396977,-0.00028760201586942326
150,1,8,16,12,0.015932578029336623,0.00790066789491786,0.07701086148886807,-0.09372846958980563,-0.04819171282384316,0.015595104414490786,0.0349318018869728,-0.044955989077372485,-0.0006058452144003148,0.020950341312709696
150,1,8,17,12,0.0026476322728762325,0.0018590849567261425,-0.0008383311750811996,0.0034816424960376364,-0.0011456950030303186,-0.00042324932696126026,-0.0010531327845980567,0.005234522503153377,-0.00013013289272201296,0.0003606932773987954
150,1,8,18,12,0.00020066118962609392,0.0005629747861676761,0.0027640523907676413,-0.0021613324061049793,0.00036962697112203274,-0.0010681392776560536,0.0006909704174449519,-0.0009392032813754497,1.6562913776694627e-07,-2.3633994644790063e-05
150,1,8,19,12,0.005624136022825099,-0.0035359393436795385,0.008245756074589718,-0.0063758750861694,-0.00031940570873530204,-0.0004710859679429155,0.004919712737963806,-0.0024239891657207614,-7.551537112322734e-05,0.0005833993127957755
150,1,8,20,12,-0.0020979203545850355,0.0027153539839435857,0.006228765867360257,-0.006285083040631288,-0.009073713656869244,0.004364209891692354,0.00930034108193693,-0.008748780672377814,0.000147273746949415,-6.382936776074647e-05
150,1,8,21,12,0.002224971933194279,0.0021912526567065154,0.0017005190319824446,-0.0021028625153823605,-0.007012440555898801,-0.0036837912617379517,0.006771257529165186,-0.0011863009657975877,-0.0003898872805989409,0.0010763388481780994
150,1,8,22,12,-0.0005175139663166833,0.0009413739538437011,0.001267676449282079,-0.002286398864676601,0.0007245201263055857,-0.00043535109394180876,-0.00017671716135572398,-0.0012910112776287827,-6.0777611339029825e-05,0.0002726835326318609
150,1,8,23,12,-0.000518649968912302,0.0005319063198562287,0.0005270960570863752,-0.0004815056686403335,-4.5158452940225694e-08,-8.832698332097069e-05,0.00048240791779945467,-0.0007790942833602527,6.388898511912149e-05,8.138073076365809e-05
150,1,8,24,12,0.001476933967338876,-0.002363796088256151,-0.01077077157550774,0.005532558512641454,0.0022892256710832573,-0.004860526076478317,-0.00015201427882589012,-0.0029811236730586726,-0.00013758478018891974,-0.0014514995289479668
150,1,8,25,12,-0.0038329089207551196,0.0007404431482088797,-0.0003059074638558105,0.0016302329880857178,0.0008593740592358465,-0.0005761268637914162,0.0007854636194100854,-0.0013303560079522688,0.0002525082592341974,-0.0003787230920185079
150,1,8,26,12,-0.011086820552660376,0.01902233484529249,-0.008476693352764512,0.03058063792367323,0.004406395987258583,0.006416419612957599,-0.009729900129132298,0.006346015375176586,0.0010303846394617826,0.0029924223296301455
150,1,8,27,12,-0.010292876223242145,0.0017224356953633878,-0.0038606277742576725,0.00407951817876287,-0.00446422261249913,-0.0035508350135383558,0.0016549762124176304,-0.003625311497033981,0.0005760298608773373,0.0005101897714192607
150,1,8,28,12,0.015862254758748834,0.008718607558977584,0.009124219072766691,-0.012534966239517643,-0.01101747304507741,-0.002216735096008101,-0.0010135034460768653,-0.006409996064970902,-0.0013322688596551758,0.005395579521773811
150,1,8,29,12,-0.039084215770111855,-0.00931858293486468,-0.010797309707578865,0.004559580858045721,0.004111383321389179,0.014565901556806636,0.0031254619808119915,0.015601023425857832,0.0029011298841859295,-0.0018544240444116377
150,1,8,30,12,-0.007440738917927888,0.0010928776873554077,-0.000533197903757965,0.0005640661970958723,-0.0015098530775059624,0.0010713565678208028,-0.0020322869326965037,-0.00021659761776503912,0.00038946670622031344,0.0006463380744215045
150,1,8,31,12,0.010856599042838965,0.0004628457170650123,0.01542800045247738,0.0019386689742752236,0.0037046652673683594,-0.004907113736309508,-0.00193558005227089,-0.004498185131657967,-0.0005133853155016143,-0.00293128238123697
150,1,8,32,12,0.001027652935074628,0.00035367075971418993,-0.0007086522913767887,2.0752003506144574e-05,0.00010230351932482586,-8.060653258887458e-05,0.00040089483803115863,-0.0002945123891438023,-9.888125200040221e-05,-4.028433644671618e-05
150,1,8,33,12,-0.002910398070538934,0.0039919287488395915,0.010885664449925857,-0.0053686322580486084,-0.0039683556075181346,0.015483230055928228,-0.002933069892069303,-0.014511741769512585,-0.00015487194136255757,0.00419187551410168
150,1,8,34,12,0.06714982694996162,0.022139039864922144,-0.010574348229823172,0.0052365900879938684,-0.024069150078718515,-0.0014497073709074434,0.011227516650014077,-0.0007434166029035467,-0.0033972091220367522,0.00671634787047824
150,1,8,35,12,0.003217749270661592,-0.00030650095128247653,-0.004201537102311441,0.004411978685599515,0.00045761374709025224,-0.001405512482132378,0.0016936245933859757,-0.0008047599024065925,-0.00032078610992459204,-0.0014879952428648326
150,1,8,36,12,-0.033298337596270364,0.00011318107892250651,-0.006909433256703728,-0.0016633592801413297,-0.012011886591052939,-0.0035704124864242236,0.007841553954341253,0.0032901155867884908,0.002315584529026251,0.00019252313286693867
150,1,8,37,12,-0.0020539584958305327,6.169335494045461e-05,-0.001404562888862858,0.0010217495054395203,-0.0007096467846067038,8.427326452008532e-05,0.0009143648486999057,-0.0006412914538205421,0.00011259689506075279,-0.0001730868815584567
150,1,8,38,12,0.029613654894557726,-0.0058624135720764785,-0.0013341767204333329,-0.0008598798784845156,0.0009779243202469087,-0.009616132405302867,0.009989418817224047,-0.004972169992615846,-0.0019460010889628305,0.001346862798870576
150,1,8,39,12,0.008095216522931133,0.004974213454126137,0.004492484306370511,-0.0037963603727658377,-0.011233734122388088,-0.009138097085481769,0.0014181970061616117,0.005315084080257442,-0.000573204300230593,0.0033659018475756903
150,1,8,40,12,-0.0014227966344413415,-0.00022813206387819888,0.001117322933091624,-0.0015522436754144154,0.00033567324747108224,0.000643404806016228,-0.0005357602009713911,0.00036803959176805385,0.00010776918002146581,-0.000284926593686918
150,1,8,41,12,-9.329711379203973e-05,0.00011342346629067101,-2.038234270611023e-05,-0.0010357865730021875,-0.001069458643519635,-1.668298626994263e-05,0.0012137875315416892,4.386838845427173e-05,-2.238337228824172e-05,0.0002287188843427364
150,1,8,42,12,-0.001647006034142589,-0.0002849903936457135,0.004696873359940905,0.0009588832766079648,0.0013195955540528136,-0.002613496049579599,0.0031138399219947186,0.0027286876653368425,0.00034986345166384213,-0.0009679482089664241
150,1,8,43,12,-0.0023606238981633025,-0.0021555352625106956,0.0016180092641658974,0.0036384244401750907,0.00017873539158138197,0.006537215273878745,0.003189231463572493,-0.01291148631155554,0.00011255120377246373,0.00032059614838293813
150,1,8,44,12,-0.018852144094198695,0.0006856149564196534,0.0014109906154195604,0.0014870355565240996,0.0013460960259588997,0.0019966976829932895,-0.0017645330953248025,0.009153015480562635,0.0015246897557947398,-0.0006952272924660301
150,1,8,45,12,0.00319433757655541,-0.0001364667144233394,-0.001528394508605684,0.002574998322498456,0.0017464370235887065,0.001177862049178303,-0.00018555573805547292,0.0019790808618971086,-0.00023653966075593696,0.0003078792110061759
150,1,8,46,12,0.05982523432580146,0.00603611984412748,0.022478286085180415,0.006217528049382573,0.03439231174408767,-0.0021882084875058227,-0.04976615105227392,0.019086720997178057,-0.00450765769795689,0.011358244264068808
150,1,8,47,12,-0.014965678813969744,-0.001004102021875487,0.009630389760317512,-0.0064652016771528575,-0.0066022717848700395,-0.000577736069680194,9.236404891544434e-05,0.0024731201393305593,0.0011161531279549992,0.0010476241015234483
150,1,8,48,12,-0.005059991094435753,-0.0010072958997562453,-0.0004369367930624963,-0.001976034895762105,0.0010204924371634,0.00198773324664221,-0.0017208356018201833,0.0015691298908194259,0.000252955164034996,-0.000668349201431406
150,1,8,49,12,0.0032760839941767053,-0.0018418436021964623,0.00041231125820695,8.286878181297736e-06,0.0030495842629348928,9.201953711860013e-05,-0.0008381711464938324,-0.0007311234517822975,-0.00019376944104435506,8.664727778710758e-05
150,1,8,50,12,0.006580132304160558,0.001409975667649845,-0.005030565443776545,-0.002244335550309041,0.004630664415097041,-0.004078028490109074,-0.004654058431765012,6.0788948605629473e-05,-0.0003010655453121596,0.0006384211784066418
150,1,8,51,12,-2.265094723146588e-05,0.0001626995332550437,-0.0001530395972533878,0.00019246868546622957,-0.00022588177426130073,-0.000543888682751449,0.0001467828415081404,0.00040862512900840674,-6.209543903188453e-06,-9.42029203443106e-05
150,1,8,52,12,-0.002793491337361117,-0.0019675369441145055,-0.0008026627497810105,0.001100393949133803,0.0012711182202567522,-0.0016660561433765163,0.0006397273323436572,0.004355546824919912,0.00037463741293075007,-9.852003157150817e-05
150,1,8,53,12,-0.01410379157192225,-0.0025004881820237033,0.004391188144553075,-0.003365879128533581,-0.03215367487950573,0.008003715311409544,0.026375343575072402,-0.013461172836627972,0.0006967929491990357,-0.0001319398837863866
150,1,8,54,12,0.011834329686183016,0.0009745741543881469,0.015629125647324563,-0.022307013404567876,-0.0018854654728909844,-0.002920654196011835,0.0003159905425408798,-0.004947483540778154,-0.0008479833441371132,-0.0014241890816816191
150,1,8,55,12,-0.010746266033764402,-0.0068423988813907065,0.003606005985969791,-0.005658464897565809,0.0038401916740798477,-0.0017952402919618146,-0.002657817499986393,-0.00180033979068155,0.0019107347277530007,-0.002419778029671259
150,1,8,56,12,-0.009874192126033977,-0.0015766711892292603,-0.016250359255031852,0.013537196268197903,-0.006316753910419528,-0.0036409270257668144,0.002638868160518486,0.008743556084054123,0.0009913229165772013,-0.0015304003222080809
150,1,8,57,12,0.052463408107360374,-0.006162160381321388,-0.010711046574940916,0.017744019271252055,-0.00021584628150164015,-0.006679543931376191,-0.00422681065297613,0.005925504457834196,-0.0033920120326938847,0.003956310681361923
150,1,8,58,12,2.043779932701659e-05,2.2355210332535326e-05,-7.966190904664479e-06,-8.401659781549905e-06,1.978209189917916e-06,-5.530191614709214e-06,1.398671672646115e-05,-6.7665062765491745e-06,-1.0898796246047675e-06,6.577474284244627e-06
150,1,8,59,12,-0.004948888754830148,0.003633194294960844,0.0027141356374291176,0.0007559929087978736,-0.006129466354582337,0.007505581788769142,-0.008094274801012595,-0.006329154017521539,0.0005443678261072597,-0.0013362885349267016
150,2,8,0,16,0.0006639581574727595,0.0001836223534830404,-0.00034451267374883585,0.00012384568846106103,0.00017328108596454325,0.0004367466053811056,-0.00011540772396795716,9.210401198008938e-05,-5.368486010583654e-05,5.484184258166273e-05
150,2,8,1,16,0.0003477592113133997,0.000481299382733741,0.0021814975014196303,-0.0018470655764190969,-0.0016892283242395008,-0.0019134301809625393,0.0015161646989262688,-0.0010819471259776983,-7.771029748744716e-05,-1.1769000339384969e-05
150,2,8,2,16,-0.0013612670569934145,7.285901957194355e-05,-0.002596580856315562,0.002820192447557958,0.0022260943985539126,-0.0013451324191494699,-0.00024536358014287646,-0.003775564280818321,0.00018846573836370627,-0.0009817615121443708
150,2,8,3,16,0.012443018528658763,0.000587649950116501,0.010923421206977686,-0.0063347785357103495,-0.0032131463618830375,0.00019598903266641093,0.004482954403543099,-0.008665856780151068,-0.0005703856866961359,-0.0010489426377641399
150,2,8,4,16,-0.004481635971083236,-0.0010050508621439183,-0.0012627679144089727,0.0004732315789712509,0.002306154375400061,0.0008249420439212313,-0.0018097188639783794,0.0001891675326348995,0.00038484062018660905,-0.00011320995806944347
150,2,8,5,16,-0.00010017372602838232,-0.00021733158558336313,-2.8526019095487362e-05,-0.00024828877455512874,0.0003836849125345355,0.0002160374784259213,-0.0001838485521259653,-3.509487200934567e-05,-4.4205468952108145e-06,-1.354084489159129e-05
150,2,8,6,16,0.0012567033211790706,-5.7390567067775316e-05,8.657239183144793e-05,-0.00038470088692936564,-0.00023694057107167797,0.0011385550275961253,-7.570715299222067e-05,-0.00014468867628215595,-9.942444728707847e-05,-5.198082328010064e-06
150,2,8,7,16,-0.00341091447251236,0.0006336863116350941,-0.00013278299445668314,-0.002221599063792449,0.000712445544085833,-0.0004112850148297819,-0.000549151286481386,-0.0014908402279228974,0.00023517319287645751,0.0004721444624611672
150,2,8,8,16,0.00122920629071463,0.00033491664557280343,-0.0005362079030191464,-0.0002697075976954443,0.00041998641004100225,0.0003757049860162877,0.0006773774144661081,-0.00014884223499933585,-5.313122234911495e-05,0.00014772236012863116
150,2,8,9,16,0.003534935405452246,-0.0005237450158573437,-0.0028537409713607163,0.0011325846732128063,0.001393519811160511,-0.0006873117624611899,-0.0016110971871765726,0.00126217308788155,-0.00010577314969518469,-0.0004991029248826069
150,2,8,10,16,0.003048788918224771,-0.0001889915102207352,-0.0011807549284750896,0.0027077351405924406,-0.00544373315063478,0.004153114707106852,7.609343751460457e-05,0.009891370097091233,-0.00048085957248555943,0.0003253559656038785
150,2,8,11,16,-0.013049676265748095,0.002779233697719934,-0.00252403351502714,0.00037530352329672215,-0.0026147928194961306,-0.0020151102965998632,0.004703372244787084,-0.001895016945009236,0.0008783568019813991,0.0006010215727197921
150,2,8,12,16,-8.38618646222249e-06,-0.0003820940766725411,0.0015297626195385412,-0.0020379258938848085,-0.002154442146812628,-0.00244905970405647,0.0012422416666994366,-0.0011972957589230157,6.055900809837604e-05,4.710284206353485e-05
150,2,8,13,16,-0.0012109887369522979,-9.412172592064284e-05,-0.0014813121993030318,0.0010245401233163268,-4.79299205518588e-05,0.00014681405032922583,0.0008612025887062297,0.0010533546227804284,6.550660708933015e-05,-0.000127612145017468
150,2,8,14,16,-0.0017635110155414932,0.0023556150805889913,0.0010501640012213803,-0.001630400881464436,0.0008149225093618355,0.00043000086386706755,0.0012798008813730887,-0.00023418925183771387,0.00010160032058935734,0.0010180873289990585
150,2,8,15,16,-3.544106622914016e-05,0.0025077026295989256,-0.0015758278450590409,0.001525683538864987,-0.00213250050774209,0.0007262902323010038,0.0008828191244982179,0.0021766321699028435,-6.498330350433733e-06,-0.000151507800564299
150,2,8,16,16,-0.004736410544097044,-0.0004435956489747258,0.002051905320889183,-0.0004989527620916854,-0.0002412215840017465,0.00033210840268246833,-0.0015359583066868027,0.0007829046379821381,0.0003661025866751461,-0.0001624819694139916
150,2,8,17,16,-0.007891199638262295,-0.001206458550211414,-0.002218831697955165,0.004339998652936817,0.003381294112347906,-0.0017362232709852731,0.003547273292127699,-0.002679098072080998,0.00027761226792069404,-0.0019399558392874641
150,2,8,18,16,-0.004664734274505413,-0.00042271547619261414,0.004928095988323647,-0.008078600279395862,-0.004334286412091997,0.0032789296275429042,0.004587047901240869,-0.0038741989979399383,0.0004195727908551534,0.0005352439526662848
150,2,8,19,16,0.0016158702404252205,0.0008968157883069447,0.006322230420261905,-0.0044441711362989715,-0.011590913306568593,-0.006286578632520657,0.0037310896859790235,0.0068095172053607485,0.00016322551469868992,0.001300886796234413
150,2,8,20,16,0.0019521576031551642,7.760169982939407e-07,0.000933912600188362,0.0015539961247226998,1.726585975731366e-05,0.00018572810649489864,-0.0026852989341934943,0.0022044005100114875,-6.874005626245319e-05,-6.402017342483829e-05
150,2,8,21,16,-0.0027294042628943664,-0.0008304639582959628,-0.0006868986213681889,-0.0008790937136996932,-0.0002692277547713207,-0.0021947596294453827,-0.0009607164425652468,0.0034604292806432175,0.00026173423595959394,-0.0006159969361648043
150,2,8,22,16,-0.0029456178051354537,0.0006718404295929011,-0.004312642143354089,0.002349256112937349,-0.0015572048770543575,-0.0027861762591095077,-7.844680792052548e-06,7.980001010522134e-05,0.00021806918698736165,-0.0006854507682623773
150,2,8,23,16,-0.008320828254060091,0.0032007016961736598,0.0035772896793480405,0.010103254154881986,-0.026043130082963457,0.006656826687273198,0.01043401622336338,-0.014786319353604813,0.0010255483391535208,0.004280006367601542
150,2,8,24,16,-0.00014521815198142865,0.0001560321252510777,-0.0016917096259561415,-0.001236981783349449,-0.0009044111306145939,-0.0022059903552164774,0.0013037871586785974,-0.0003169341227064497,1.5399341014669823e-05,-0.0005890972244680319
150,2,8,25,16,-0.002297346877408117,-4.2158821030052645e-05,0.0023393010265236745,-0.0032125010181008207,0.000970842401451957,0.0030741918758190956,-6.07339710927592e-05,0.000522164095592668,0.00014893060286625727,-6.200684152290528e-05
150,2,8,26,16,0.006496591859099345,-0.0009814001267287277,-0.002049839046467103,-0.0011567251810505235,0.0008348501623588878,0.002967393793294033,-0.0010501648661398453,0.0009870352020137827,-0.00021147406672028272,0.00199548930628759
150,2,8,27,16,-0.011774488208989537,-0.009961646493156371,-0.006184059303427217,0.0046968415915558896,-0.0013434151832969442,-0.002858983279758047,0.0028358179077241498,0.0010346496472331984,0.00044830420220974516,-0.0016567444748116478
150,2,8,28,16,-0.002692262355736702,-0.0023042783870330466,0.00041365086991038586,-0.002411079802617054,0.0026317399820279842,-0.0005888104989822515,-0.00047300173760054793,-0.0014680041356232563,0.0006664527787740537,-0.00016021274804209405
150,2,8,29,16,0.003520520544193649,-0.011038573769677875,0.012132360357582736,-0.02565790634551858,0.004281764493396593,0.02145519347154544,-0.015675234516133035,-0.008328155891748299,-0.0005825948884684574,-0.0034340787024690136
150,2,8,30,16,0.0011979715106272175,-0.0005253227018693696,0.0012536342302387564,-0.0014027985813142723,9.270280117329232e-06,0.0003497658958647174,0.00010522326424390851,-0.0009919809618724443,-0.00011769993438079902,0.0003057881441793529
150,2,8,31,16,0.004993683574643911,0.0036907078041947283,0.0031214118459764826,-0.008014652136639362,0.0008667883299563575,0.0011506689436521303,-0.0013735679742561083,0.0007623692552543391,-0.00018431246218667086,0.0010419519416016503
150,2,8,32,16,7.140523979047091e-05,5.242052357557804e-05,1.768433966188072e-05,1.2493019819395315e-05,0.00011348198116456853,0.00012246038129144364,-9.200492308354063e-05,5.8349244716261286e-05,4.886103997977862e-06,4.275252053571164e-05
150,2,8,33,16,0.0008124887270817751,-0.0010808733593278877,0.0032509505076887997,-0.0030026421941071312,-0.006935119715343106,-0.00025279257605722563,0.0033825234746199884,-0.0004825148437514712,6.52134842537956e-05,-1.4029749230082392e-05
150,2,8,34,16,-0.0014098086543012102,-0.00014522461063489487,-0.0004949861304251128,0.0008447257895107283,0.0003871393135961408,-0.00046570223847693543,-0.00010763940237985931,0.00029521217802147293,8.287035540896866e-05,-3.7399774925967415e-05
150,2,8,35,16,-0.0073271182907895084,-0.004377768543030683,-0.0025036924365339844,0.0008170856482325383,0.02272607376821309,0.019545913204699453,-0.009608025538564517,0.012672502155678058,0.0006608412718274977,-0.0018000575159187867
150,2,8,36,16,0.00037420928007468346,0.00020585489114392544,3.718445408776267e-05,-2.3140304664795398e-05,0.00023992362204315617,-9.161396216469985e-05,-0.0003067914960998314,0.00026947107167586497,-3.3942480738282666e-05,6.732205634622519e-05
150,2,8,37,16,-0.00211598050456803,-0.0006575816135374843,-0.001413366983593652,0.0007025988177918508,-0.0008152106432956804,0.0008677789023207085,0.0012401029301945918,0.0018664693067940072,0.00012095331859515658,-4.5305289504797536e-05
150,2,8,38,16,0.0007782324736917015,-0.00021800704151503123,0.0039868323823377,-0.0031477807670377087,-0.0028054237027869146,0.0014562850114553394,0.0005379621492894498,-0.002738936700150834,2.1282008552697806e-05,3.6632643971083636e-05
150,2,8,39,16,0.0002521304797907314,0.0004892606423573233,-0.0012727208649962374,0.0008284553494755534,0.0010946032888114754,0.00038192944584960727,-0.0010242773476680698,-4.984858891887509e-05,0.0002408775609881982,-4.328416298889168e-05
150,2,8,40,16,0.00019782277216497893,4.478609913705104e-05,0.0003020136323241664,-0.0003223692069667987,0.0006524345416977915,-0.0011404467722482383,-0.0015145560803826738,0.0005071170252333765,2.4203271634672876e-05,-1.9938148167180156e-05
150,2,8,41,16,-0.0070035251160556365,0.00011769390549753414,0.0007640943705063454,-0.0006252542087512747,0.004420901833153164,0.0019782249624519972,-0.004583983011011726,0.0037660738226877734,0.00045623978437296474,0.00041780974204975004
150,2,8,42,16,-0.0033881079334263696,0.0007671037310326388,-0.006739209252840293,0.0009692120280680202,0.029701511937236413,0.015357637397964401,-0.020563396243387405,0.00031941898855139756,0.0006898967298850646,0.0029937569351647557
150,2,8,43,16,0.002501321500846816,-0.0011771700995748047,0.0009398228542862508,0.0009164034017514662,0.0026778736571726773,7.590711978672733e-05,-0.004137250030240811,0.0005724493628666593,-0.00016044218020830865,-0.0006022674091691264
150,2,8,44,16,0.023592609146659064,0.0006854630228709602,-0.00044564153636587585,0.0028984916257748508,0.004922353692226157,-0.0013282226187205266,-0.013373416281642929,0.0013974947259318695,-0.0014143661402870847,-0.0026955003159990767
150,2,8,45,16,0.00024618248791290903,-0.0009824136500654788,0.0008215192370166161,-0.00032167622454626175,0.001469035693504907,0.0011624437282747846,-0.0025295547089876063,0.0019292322888889316,2.713349389925057e-05,-9.745555355153441e-06
150,2,8,46,16,-0.0010396487370876884,-0.001214426467045876,-0.00023548377332226027,0.0033873222202811986,0.0019421700032297294,0.0013872818579453066,-0.0008776938513823287,-0.0009569135120896396,-2.160221907202578e-05,-0.0007848382235014224
150,2,8,47,16,0.0027671133225672813,0.0008670955863438438,-0.00026613225200089046,0.0005625193334530052,-0.0010515486169208376,0.002485049299414412,0.0023148054021961614,-0.0004511869619851419,-0.00028768393401317453,0.0004614750163533907
150,2,8,48,16,0.005156603564098312,-0.0009370848388140515,-0.00038280982513126807,-0.00025158012777954877,-0.004828368864077456,-0.0020405241015803545,0.001455232296129668,0.0015040707569605174,-0.0004691985921270433,-0.000694486925124664
150,2,8,49,16,-0.0011843474927055104,0.0005811458124096419,0.0035775086791905884,-0.004362933969267932,-0.0001697036561786159,-0.00023699696168301795,0.0008943113559849644,-0.0006995537057584814,1.0825837946256631e-05,-0.000219419104779254
150,2,8,50,16,0.00018348594029390822,-0.0024179759609475335,-0.0017675670668978907,0.0045130542219913,0.002609604806041772,0.0030163071528015195,-0.0052577017122709515,0.003157591988812184,-6.70381497167033e-05,5.197832080564306e-05
150,2,8,51,16,-0.0007116984023048801,0.00015630457040204804,-7.803443561998018e-05,-9.388166420294149e-05,0.0003953964697754108,-0.0003648804162634889,-0.0007225625319717966,-0.00046224461300130114,4.9424057178603906e-05,2.5827330039350414e-05
150,2,8,52,16,-0.0004431527083995849,-4.23030936822106e-06,-0.00045628966349144036,0.00010919875775218387,-0.00010805254724010076,0.0001653868587341286,0.00021313530557365515,0.00015129338190528308,2.7571244869315025e-05,-4.8980256798426194e-05
150,2,8,53,16,0.0001263952910380507,0.000837224410915972,-0.0008263433778280772,0.0018332648422732243,0.0007645310660880143,-0.0005934359809259534,1.1466533672079308e-06,-7.943712738060858e-05,4.563741517652332e-05,-0.0004981230380214884
150,2,8,54,16,-0.0025857944732784466,-0.0004578085930531692,-0.0007328487939328875,8.966796885258363e-05,-0.0013259944430490211,0.0005978951868447397,0.00029338676925073107,0.00020251457124866493,0.00017954798840256767,-0.0002765222905849684
150,2,8,55,16,0.0013721872709363996,-0.004535892940688152,0.0009208662729762894,-0.00866422658725292,-0.007223421978818703,-0.0065173672534254625,-0.011598320095686232,0.015593036210796832,-0.0006392963684579665,0.0001470117461753412
150,2,8,56,16,-0.001863057931549577,0.001042965868232373,-0.0007159098203009227,0.0009290572335656688,0.00037009225316949994,0.0006066192236826604,-0.00017151566328388267,-0.0011871055173657684,7.582898628438518e-05,0.0005462267608164319
150,2,8,57,16,0.00016379145999339154,1.2609570029117039e-05,-1.9025898229332505e-05,-3.602324679452067e-05,-0.0001497650112895848,-0.00011654406457253216,9.442259620355171e-06,0.00014632597761276127,-8.656116189347082e-06,3.7270723530730826e-05
150,2,8,58,16,0.0005519166462637944,0.0004193582959234269,-0.0010129779490879057,0.0008871918628785649,0.0006024706969800003,-0.0008577449345582025,-0.0010881129359066428,0.0005361671534332196,-4.618451994945885e-06,6.727416398915793e-05
150,2,8,59,16,0.02388950228121375,0.00018599290186333039,0.009530668277768238,-0.012473638621649432,-0.02718542004806011,-0.013128620272897526,0.0255006086807485,-0.007527882637497218,-0.0014952255798884545,0.004474836272952625
150,3,8,0,24,0.00040000776933006934,-5.9881207006117195e-05,2.949892497946023e-05,0.00013757782296426225,-2.490614295713003e-06,-0.00013477145408567938,0.00024790418752372633,0.00022187114460371673,-3.074076240865485e-05,0.00014190052006228589
150,3,8,1,24,0.0032865081503318165,0.0003973450412159822,-0.00025559967390297126,-0.0014340776261789294,-0.0009997873090811255,-0.0018114746771332212,0.0009684108464270252,-0.00023854548314108882,-0.00018574024130937102,0.0001401587882888303
150,3,8,2,24,0.000322390735261093,-7.877819645543563e-05,0.00022298424105133549,-0.00016391609992807334,-0.0001984803782417694,-8.711837191294462e-05,0.00023834647742742313,0.00012308820636306518,-4.16004003102327e-05,-3.724058575458142e-05
150,3,8,3,24,0.004567902757493091,0.0018788578635974306,-0.0008185398842762337,-0.0023692821860185555,-0.00027271751679303264,0.0008490914165776968,0.0015681026397627923,0.0007170065578939309,-0.00036749688706286563,0.00046765091381157953
150,3,8,4,24,0.0007096100301430869,6.797367310502623e-05,-4.931937006384142e-05,-0.00018585772771454457,-0.0007514856288985057,6.285987392281366e-05,0.00027614177473828875,-0.0005585863178403209,-5.7433236722578826e-05,7.309289759908842e-05
150,3,8,5,24,0.00022794114775890557,0.0001645135371642321,-0.00027779951798558765,0.0010932415245792752,-0.0004365853817256503,-0.00015457794840458846,-8.693170693112017e-05,-0.0005878537244003131,-2.7731372362392184e-05,-0.0001868497421799761
150,3,8,6,24,0.0012582527827959956,-0.0013234037256553916,-0.0011970364451167042,-0.0046796117180927955,-0.00021624434043547724,0.0024866213827291856,0.0009974487949139994,0.0013343653655554383,6.713033068139519e-05,0.001020548311334364
150,3,8,7,24,-0.003781284886472083,0.0014336826887165238,0.000559502048339751,-0.0008921213393679987,-0.0003163877009123627,0.0015892503458777745,-0.0016478315537145206,7.276334720846298e-06,0.00026437065290435145,0.00014834760041836515
150,3,8,8,24,-0.002386374728419144,4.556844151238639e-05,-0.00036122207007775715,0.0006426975271373135,-0.00016423951765085954,-0.0006103266166814778,-0.0004380138176108926,0.000453878450395218,0.00012092247114243779,-3.497077175769745e-05
150,3,8,9,24,-0.0004094809035674919,6.214096004286872e-06,9.760999974968571e-05,-5.224976242247838e-05,7.433611547258995e-05,0.00021456047031714854,-6.168182786765741e-05,-7.960219208106423e-05,2.70275183338567e-05,1.5405717768391946e-05
150,3,8,10,24,-0.000999726927008524,9.980732680210961e-05,-0.00040514479991015653,0.0002595538745279246,0.0006168369474189386,2.0954843955782622e-05,-0.0014589079336517457,0.0008062903885718461,8.152032326992859e-05,-0.0002963609702418766
150,3,8,11,24,0.00036687197410466776,0.0012919665856822933,-0.0003074065251556617,0.0005026687900683093,-0.00012615098718710355,-0.0008207180561662541,0.00042217799183966756,0.0006099695322221877,1.5535883512399847e-05,0.0004950485672164321
150,3,8,12,24,-0.009224207803448665,-9.924412306088086e-05,0.009325576138842363,-0.006889821869737091,-0.0013268557697274515,0.003095671724065582,-0.0010173453295484983,-0.006910656173510133,0.0006495651103635482,0.00033190749115468376
150,3,8,13,24,-0.00017054559631839622,-0.0003259583686521696,-1.018532291274278e-05,0.0005257527860115324,0.0005155266514042955,0.0003042622960081684,-0.0004025324940710862,0.00033362721283239697,3.109807585106773e-06,-6.103806545639547e-05
150,3,8,14,24,-0.001793418755077647,-0.0007128787704043095,0.0007259696863611657,-0.001478210660395053,-0.0006157577235816748,-0.00023965080722952825,0.0005963278727633039,9.109278251226309e-05,0.0001696979708610286,-5.167912060801886e-05
150,3,8,15,24,0.0012711097051583973,-3.3164997685653516e-06,0.0005622639318074589,-0.0009164322893898662,0.0011204342244408533,0.0011519688726495873,-0.0017735032293897952,-0.0025190328363127058,-5.687653034031103e-05,-0.000134250362304106
150,3,8,16,24,0.0007735388534111779,0.0004174843914971602,-0.0003069330654640765,-7.951174313429739e-05,-0.0003093346740562175,-0.0005932716525763191,-4.791040806090052e-05,-0.0004196779301410377,-2.2531000909404223e-05,0.00011061667853435027
150,3,8,17,24,0.0022952770718511024,0.0013645437662718099,0.00033264491471771644,0.0008438353498412072,0.002450473008528453,-0.0017169831936879678,-0.0007849514650113325,0.00031049017708630354,-0.0001998280050135722,4.0352015117820376e-06
150,3,8,18,24,0.0013833226730901186,0.00020206893563306385,0.0003479348885644378,0.0006628287065098477,0.0007294243417751844,0.0005188999382943094,-0.0009955109749599353,0.0014194887068404488,-4.619333883827571e-05,4.8140382996400704e-05
150,3,8,19,24,4.6963162615473405e-05,0.0003276352471005766,-0.0005687465728747433,-0.00011266591325155166,-0.0007917935806672406,0.0010830460314710346,0.00028532161242435065,-0.00016069704566491926,-1.3816120457966455e-05,0.0002722613272947118
150,3,8,20,24,-0.00034938578376040566,-0.00017122950451604684,0.00044984946318622223,-1.0220543089933289e-06,-0.00016101502763620656,6.344987040173735e-05,-2.4015890996672323e-05,0.0004061525558788431,-3.570215747653644e-06,-1.513073849576677e-05
150,3,8,21,24,0.0005897993904642337,0.0005163633903344538,0.00208571708506329,-0.0006636165745360639,-0.001587476419890971,5.067642562171532e-05,0.0019155090478268437,-0.0002569244383705682,-3.1234915236683864e-05,0.0003779695994775891
150,3,8,22,24,-0.000746253828411746,0.0003931290573347847,-0.0010930282597092303,0.0006382851804926764,-0.0004717280288938793,-0.00045831916689037354,0.0011046237577436227,-0.000983541557007358,6.124101860286121e-05,-4.9180119701619697e-05
150,3,8,23,24,-0.003059729890420988,-0.0007045169260780247,3.48089654535088e-05,-0.0005744238242475831,0.0007245170598444529,3.411666892862308e-05,0.0008841499467708137,-0.00027904397217238933,0.00020275149595657793,0.0005044584139485811
150,3,8,24,24,-0.0004040218814746045,-2.067037323208676e-05,-4.717393248844149e-05,4.577041699644835e-05,-0.00012847296373676988,-9.417190188514524e-05,0.00014629390283916213,-0.00017364158494193575,2.4973699507045406e-05,-4.031820278636184e-05
150,3,8,25,24,0.0007670137647440915,-0.00045741053703825826,-0.0002635522298093928,0.0001153717178520112,0.0004213157981844702,-0.0001859899811248019,-0.000234496122708186,0.0001637556396118238,-4.570582730688651e-05,-5.262748260820753e-05
150,3,8,26,24,0.01961435178936915,-0.00021563377974747559,0.003395692176329832,-0.0030712978624040967,-0.0034125804753868793,0.0005029760774014418,0.0026883642611538303,-0.0009063434907293981,-0.0013012424131095526,-0.0006545357982132503
150,3,8,27,24,0.0014299965232273152,5.427270744151324e-05,0.00036471886803090257,-0.0005287941976263803,6.323309313910938e-05,0.0011939849723038862,0.00016560074830924653,0.0002952277358661832,-8.033309750231054e-05,2.574489010301676e-05
150,3,8,28,24,0.005950932890830127,0.00019217236969945993,0.006430448734736817,-0.004298717625615295,-0.0018023029547933884,-0.0029791979033127786,0.004867289104296791,-0.0006775414221000552,-0.00021375941531760547,-0.0002314893539483907
150,3,8,29,24,-0.0036306291273998192,0.0003250467592241349,0.0006433168909912453,0.0003701247123566149,-0.001200871444273493,0.0008040015641564237,0.0009110160536817959,-2.6573545008797984e-05,0.00022756307569461745,0.00024623128159315436
150,3,8,30,24,0.0016482369783741057,-0.0005380495123721431,0.003812275591507981,-0.004406307116899485,0.0008653081354269861,0.0009413250695090362,-0.0007450333734299438,-0.0024719027608658163,-0.00026704364352278385,0.00011097987042448678
150,3,8,31,24,0.0026188280232377695,0.00023842125902117392,0.0019513909007420028,-0.00034449388420081155,0.0002572298891031867,0.000941242615133192,-0.0009086706693969416,0.001054921276131146,-0.00011084652383439352,0.00039145398109269433
150,3,8,32,24,0.0008154782199949709,-0.0002591665507396407,9.071171726010154e-05,0.00016025797172988693,-0.0012031072038958409,-0.0012645904743812096,0.0010706954042979126,-0.0007315443337400795,-3.745840284703509e-05,-0.00014803835282331372
150,3,8,33,24,-0.0005885471278502175,0.00015945884258328699,0.00016360994638499495,-0.0003536801626665561,0.0008934758673442968,6.848060914979458e-05,-0.00016663738947136133,0.000392076378315622,4.928695037384603e-05,0.00035953856313901183
150,3,8,34,24,0.0005313599504817581,0.0007833747987819725,-0.0005693161915643178,0.0006642741481592754,0.0008545746935246618,-2.914454281261012e-06,0.0018064978000863535,0.00016167718449798359,-0.0002749068613967337,-0.00046966060541062544
150,3,8,35,24,-5.82154097154217e-06,6.673702415555896e-05,-0.00013418594215262273,2.5155637049444953e-05,0.00010760543663094484,0.00016245777124540973,-0.00011768621559370689,-5.2651954108458684e-05,-3.232645094030585e-06,2.3257290797357322e-05
150,3,8,36,24,0.0016734200518329074,0.0012216136611466108,0.00047626555572709755,-0.00045586550233847227,-0.00079343178690352,0.0009519118901032168,0.0003952682401773485,-0.0006692761735813333,-9.520794698311973e-05,0.0003900676837138771
150,3,8,37,24,0.0005096333366172688,-0.0012599933173019391,0.0005885931202058744,0.0018926244252314877,-0.0007872825115911537,-0.0020021007254566498,0.0007624003309211655,0.00042838069233512344,-4.897865922946696e-05,-0.0005350151407661149
150,3,8,38,24,0.005111106904149401,-0.000743457648753204,0.002643555726251792,-0.0014780247013337147,-0.0019963767468206897,0.0006697963655603288,0.002650510933070876,-0.0014985879576058475,-0.00030226899634057836,0.0006157565244278076
150,3,8,39,24,0.000552890880278241,0.0004087105525644988,-0.00017857816415261705,-0.0009684018573676169,-0.0004339339215586441,-0.0006868741715740122,-0.00029778600931077185,-0.00022945100107381913,-4.5723613813199245e-05,2.6463841480064347e-05
150,3,8,40,24,-0.0004321572204338441,0.00024879013293471655,0.00010407759453251916,-4.067475538629394e-05,-0.0001428766965669182,0.00045065298151005797,-0.00024100118970567193,0.0004661738190730935,1.619719515625399e-05,0.00013676247515766974
150,3,8,41,24,0.006097666524310034,-0.0018755176263133525,-7.200261809788342e-05,0.0027959861286655442,-0.0009388128843936621,-0.0044732218062395425,0.00019634160843537066,-0.0014734153547511872,-0.0005509301710142788,-0.00025014136399098986
150,3,8,42,24,0.000807657105707907,-0.001744667233207353,-0.002199542968955482,-2.4322909662116048e-05,0.00036628058082292916,-0.0009528804809677539,0.002666682352463886,-0.004657570582014868,-9.422949700275915e-05,-0.0004485354325253222
150,3,8,43,24,-0.0010968193662932917,-0.000397045904689909,-0.0005955150355878617,0.001319765870685846,0.0011018717795499616,0.0001024631520551549,-0.0010913921709327756,0.0005884005459033686,7.20922915655166e-05,-9.538142618827662e-05
150,3,8,44,24,0.00023161056206086187,-0.0002351521016314234,0.001796776877075313,-0.0007061903928778614,2.524073365770197e-05,-0.0007862179399806769,-0.000133283424240042,0.0002310632920011057,-7.480196373753663e-06,2.9444777427125176e-05
150,3,8,45,24,0.00048488835805723636,0.0006751375812492385,-0.00031680631699586417,-0.0008809576039965247,-0.0007433244053968917,0.0005269357388463218,-0.00011853144042699547,0.000446907419745393,-2.7492468305840718e-05,5.996964446176235e-06
150,3,8,46,24,-0.00394207985711829,-0.003498565448906652,0.001842675718722498,-0.0012564830789772302,0.0013504618298924229,-0.0017337978169201921,0.002188669187676037,0.008313558222066982,0.00018101021156179445,-0.002166538671082348
150,3,8,47,24,0.0002844539637126838,0.00010280082442102624,0.0007076080112268931,-0.00027343168962569464,-0.0008189978032647849,-0.0008037027945489529,0.0009839413198446626,0.0002648523130608039,-5.9846903552037426e-05,-6.68436067609122e-05
150,3,8,48,24,-0.002455169006379118,-1.0161024279405306e-05,0.00426789820465688,-0.004786832554172425,0.00043921387446892255,0.002745115370847014,0.0008283302725060941,-0.0020214235318888976,0.0002537633685137651,-0.0007607954433436623
150,3,8,49,24,-0.0011566074107312789,0.0006439512835946491,-0.0007849937867819044,0.0012997896763655504,-0.00020027462652909302,0.00032831011001055,0.00040124863632383227,-0.0010088279185801465,7.528705699333824e-05,9.669061678433229e-05
150,3,8,50,24,-0.0004703990023228499,-5.8251392009558497e-05,-0.000938008552568487,0.0008544820878296825,-9.358606025820147e-05,0.00030592870682286013,-0.0007368257381128328,0.00048291509670079206,4.5500576850516554e-05,-1.5242513120629136e-05
150,3,8,51,24,0.007408875325861746,0.0018191565856274542,-0.0018454398201641882,0.0051940969578309895,-0.00790227939862898,-0.006458863770398864,0.003328946354628212,-0.0005031465549069922,-0.0007795978260337414,0.001214076237740218
150,3,8,52,24,-0.0008460272895367281,0.0014891373795567556,-0.000459594924923111,0.0005514671192247495,0.0014170416753189407,0.0005181335691821591,1.7888309005694542e-05,0.0009547320846890198,6.181358114237585e-05,0.00027158251504605293
150,3,8,53,24,0.00036750405984730837,0.0012256350869671669,-0.00024118040162603074,0.000416915422833113,0.000403858737587442,-0.00014758506294550037,-0.000554351482346612,0.0013369150338985703,1.247965235326632e-05,0.00022210755945034408
150,3,8,54,24,-0.00018107137924063685,-1.148239168448233e-05,-0.00022616032533249016,-0.00013082708361125187,-0.00022444447752522742,-0.0001478301581370017,0.00029114490976653095,-0.00019160719601267546,2.6179116330605537e-05,-5.957773773454566e-05
150,3,8,55,24,-0.00039122701922573517,0.00018285703940221904,-5.9163125090044e-05,-0.00016239413830905478,-0.00021124108854098033,-5.5314770341600506e-05,0.00021670592062454522,-0.00014116797011049412,4.0389736532036935e-05,-2.547950152536396e-06
150,3,8,56,24,0.0005683301679055644,-0.0001136663039417193,0.0002076574829339121,3.754414944256128e-05,-6.206344132640784e-05,0.00018341038881840337,5.082947244591611e-05,5.153789089772882e-05,-2.4166485040935068e-05,-4.7488578649146235e-05
150,3,8,57,24,-0.0015698646236831895,2.7774129773199994e-05,0.00025048943025176906,-0.0008554043944664188,9.046882869251992e-05,-0.00037115262393088057,-2.623413493050976e-05,0.000676859730003591,0.00013295831538888783,-0.0002928377328431925
150,3,8,58,24,-6.695938900089776e-05,2.1164995429369347e-05,-1.862363623843109e-05,-2.43591248516733e-05,-6.701790510792303e-05,-1.0991831971699016e-06,9.43435616187861e-05,-1.510397313408169e-05,8.026947617480291e-06,-1.6527638439290383e-05
150,3,8,59,24,-4.675235562666001e-05,4.691111098961218e-05,0.0005008662454292904,-0.0005529516060131319,-0.0010171260033673421,-0.0008151688546859732,0.0010023801801912044,-0.001444800002816744,-1.8374031781358792e-06,-2.975102921725821e-05
150,4,8,0,40,0.00018631155070378353,0.0002063779448206247,0.00023164110806866736,-0.00038586146984407053,8.988661139437218e-05,-0.000418309268214228,0.0003828770477791193,0.0003874732608444442,-1.0365847618489889e-05,2.9908788604427124e-06
150,4,8,1,40,0.0001815945687622449,2.566516342186662e-05,-0.00021070789363712385,-0.0003272486715275433,-0.0005871265717239964,-0.0004002855791535727,0.0005329801190467621,-0.0006832395511580555,-8.25926647291095e-06,9.734359731236208e-05
150,4,8,2,40,-0.0019110900023614303,-0.0004906727402426422,-0.00044894242489270156,-0.00030993921579092155,0.0007713710990417324,0.0006718060430203537,-0.0013703250989236062,0.002180905187560923,0.0001915652329990839,-0.0001646308535146703
150,4,8,3,40,-0.0023027608858331586,-0.0006720805355112717,-0.0001854144877195165,0.00010037396388619613,0.0001750724131927423,0.0005191308452877656,-0.00038371610310371305,0.00032882718282212155,0.0001738912567295986,-0.0003565507571251508
150,4,8,4,40,0.0009388993143280498,-0.00015045346353566777,-0.0005370222534082957,0.0002651835223354347,0.00038102232204502423,-9.402031307017848e-05,0.0017050662821405027,-0.0008305324108293335,1.2853374190727788e-05,1.5283107216431896e-05
150,4,8,5,40,-0.002605205463260858,-0.0019688312522801606,-0.0032443506487967186,0.0016269547361610693,-0.0022776228520751027,9.322770237510597e-05,0.0009031300608283996,-0.0006987368594276097,0.00022486902366255812,-0.0008989208965429658
150,4,8,6,40,1.7788459720098523e-05,-8.255437023085138e-05,0.0001760993584158736,-0.00018807674615087272,-0.0003447865550791023,4.126425108743517e-05,-5.314335426863814e-05,0.00012558970264028236,4.681890769685569e-06,-7.94497002206364e-05
150,4,8,7,40,-0.001687387754545398,-0.00010051528733786347,0.00025631876270509576,0.00011923603232124564,-0.0003902388783405512,0.00017493556035528065,4.369891145595783e-05,5.62113332641575e-05,0.00010127693929262206,7.20433997396882e-05
150,4,8,8,40,0.017803125481865245,0.0010830519448828569,0.007148848169092285,-0.006462732779164042,-0.011105703499859731,-0.008941644540488692,0.0066651108907718965,-0.003229125215980097,-0.0008274101739812302,0.00024694863504073184
150,4,8,9,40,-0.0005243333587793898,-4.302831699399651e-05,-0.00014278194849690168,9.804983934998628e-05,0.0002732434426047313,0.00014148964864419588,-8.617526722197932e-05,9.250656043299e-05,3.853930715528003e-05,1.0797677572286109e-06
150,4,8,10,40,-0.0002010255701186726,-3.957010915341659e-05,3.0693793080552794e-05,2.0657928610389066e-05,2.0798827097516486e-05,0.00011363216924424724,-0.0001103901544578181,-2.7615002185206276e-05,1.0889801968288343e-05,-3.2131599336137324e-06
150,4,8,11,40,-0.00021122349771385385,-8.07345064906357e-06,-2.6736535669465242e-05,-3.646502957617925e-06,8.996308962963067e-05,-4.925252343397138e-05,0.00011654702063062454,2.1243297498812043e-05,7.63033852504961e-06,1.80571274830674e-05
150,4,8,12,40,-0.0006452167813588171,-0.00042795462051222686,-0.002179618072431066,0.0009536688389026434,0.002231705729732726,0.0005377052971555265,-0.001650551189049604,5.0538554968425716e-05,-7.745683658915268e-07,-0.0004568757743450298
150,4,8,13,40,-0.0005399256017291121,-0.00016977397298817602,0.0002495157985794268,-0.00030026653361647803,-0.0003913828539752355,-0.00010264595501265194,0.0001276108871639379,-0.0007756034120905069,5.249128697552579e-05,0.000111978806584808
150,4,8,14,40,0.0006677692149181629,0.0002071703616763092,-0.0002563779879067395,0.00044504905196756647,-0.00012801925147274613,-0.0007539069027848713,-0.00015405265646682023,0.0007084962843131719,-2.852551623461389e-05,-9.012009415580134e-05
150,4,8,15,40,0.0009702739234703704,0.0003620256123770905,0.0002080299691657756,6.177009449645649e-05,-0.00020980003000512605,-0.0001243825455358301,-6.85858029999577e-05,-0.00034157586572744773,-6.654225535735264e-05,0.00021135624306709166
150,4,8,16,40,0.002376620840380408,-0.00018634746552832933,-0.0007669254306256952,-0.0006341102323165781,0.0026483879560377987,0.001626615394859711,-0.0011949755451499996,0.0005363404353328394,-9.203023683664365e-05,-0.00026083008417226826
150,4,8,17,40,-0.0004911019636362915,2.645475054146748e-05,-0.0001596301878260761,0.0002718767229536372,0.00018686576923656508,-0.00017893375005751557,-3.918303021335671e-05,-3.1458426565897035e-05,3.233048907965534e-05,-2.5247300681455043e-05
150,4,8,18,40,0.0004910560788296403,-1.080725819109962e-05,-0.0003162532470111759,0.00010355361835160176,0.00012682466916485194,-6.308295689809908e-05,-0.00010396885834225876,-2.5586950417782824e-05,-3.931952108725309e-05,5.094593820830421e-05
150,4,8,19,40,-0.0009967888384266664,0.00012580984094009168,0.00031095814576833063,-0.000576388355310848,0.0011146909994895664,0.00035049667543385446,-0.0005575332070051169,0.0013798692345151776,7.287678623790484e-05,0.0001956275377108191
150,4,8,20,40,-0.0006038880306723396,-0.00024491907394856035,-0.00010170451391496508,-4.379106783162411e-07,9.481684300473725e-05,-8.688323306201366e-05,6.738738197177868e-05,0.00031723159559347397,1.0919894198431079e-05,-0.00013760718563429514
150,4,8,21,40,0.0011885578499599668,-2.2470761780917918e-05,-0.0003060770959948359,0.0005278698939964691,0.0007551800397702053,-0.0002538251212312027,-0.0009532805710019062,0.0003991603928817383,-6.6018461238113e-05,0.00010169013227165642
150,4,8,22,40,0.0003165854093545316,-0.00021433525749992222,0.0006762524413013711,8.197872634459208e-05,-0.0009931149142714739,-0.00010243157688189728,0.0004362762312657949,0.00026582292355520744,-3.06345727838802e-05,-9.563292826560316e-05
150,4,8,23,40,0.00012846574793671508,7.32554558693338e-05,7.66506654287395e-05,-9.3894460990856e-05,-4.9078848923854546e-05,1.6102358340449123e-05,1.6221732009111806e-05,-4.2976269232695433e-05,-5.5991790489288994e-06,2.9660081577379065e-05
150,4,8,24,40,0.00067747778205256,0.00040960566170808124,-0.0005771118891360412,-0.00014878315569506512,-0.00034809294614135926,-0.0005091451849156454,-0.0006564536577541764,0.0006431157987378716,-5.475591438696003e-06,-8.466158638266983e-05
150,4,8,25,40,0.0004643547152253882,0.00017710211755636042,0.00011830431044927673,-0.0006756059583780864,-0.00017039082060982494,-0.0006346975647120061,0.0003511346148430801,-0.00028572375972756443,-3.285127484162943e-05,4.8729285132568605e-05
150,4,8,26,40,0.0004943464485591188,-7.53078157367287e-05,-0.0003978797182852938,0.0009574376402908613,-0.00022266009536474666,-0.00038668357262376023,0.0004338342571452421,-0.0008458251424318772,6.0111257877841945e-06,1.3201910167749536e-05
150,4,8,27,40,-0.0008670090377898794,-0.0004579749167994303,0.0003630731088986942,0.00026870165205366566,6.353660774058473e-05,-0.0005413635441663439,0.00016562967563245044,-0.00022817269491268502,7.862624539046603e-05,-0.00022342523555743786
150,4,8,28,40,-0.0020432086838133084,-0.00040703369900183634,0.0009949599532992016,-0.0016583445339477844,0.001062544756948332,0.000425856904411696,0.0011119859270334246,-0.00039955890593458955,0.00017796673367156482,-0.00033446198871152024
150,4,8,29,40,0.00046714779734072177,-7.664878902387877e-05,0.0015024656338828637,-0.0006075838650185139,-9.853497940093664e-05,-0.00045118762463307576,0.0003352764205018981,-0.0003508374901444579,-3.564825335697711e-05,-6.413142955821674e-05
150,4,8,30,40,-3.022498829183235e-05,0.0002105793695162784,-8.204326328901802e-06,0.00024498397368856196,0.0004257551764565218,0.00039493726837516973,-9.166142849538077e-05,2.814959977711839e-05,1.6539468483863722e-06,0.00017939631396618624
150,4,8,31,40,0.0010528215809318218,0.0001801069372550542,-0.00012031628436692109,4.651508707793645e-05,8.453153004879694e-05,-0.00011678522245742958,0.000353412287052945,0.0003159478168419588,-0.00014972678682080522,0.00010401322751164027
150,4,8,32,40,0.00046299036561030227,-2.5599522141678517e-05,-0.00015535882790963996,0.0003788673392239747,0.00037930464789888505,0.00010840942002759762,-0.0003182394894446775,-5.737611945619466e-05,-3.033530908039259e-05,-2.7516189503455314e-06
150,4,8,33,40,0.000883478078485772,-9.956662658109192e-05,-0.0003506307190990456,6.0317367883545396e-05,6.345114555297503e-05,-8.360284633648527e-05,7.369643006212237e-05,-0.0002092743759620934,-5.8776892342827235e-05,2.9311414226945843e-05
150,4,8,34,40,9.911870159859021e-05,-2.142643200161561e-05,6.814111144199783e-05,-0.00014195900385646727,0.00010952187886839208,0.00017338781049224222,-1.2205649164996805e-05,0.00012222819539649138,-1.159560643696774e-05,-2.2127105609481995e-05
150,4,8,35,40,6.0757935615138303e-05,0.00023990735739994615,-0.000872199099709996,0.001215913510226331,0.00012401225733399648,6.038409787446081e-05,-0.0004843853981800215,-0.00023876888381745774,-4.7531220199444246e-05,-0.0001427925600871142
150,4,8,36,40,0.00028234232855190166,4.217162749370611e-05,0.00010435836579588014,-9.515178694683116e-05,-4.534631445254547e-05,-6.598242852564264e-06,-0.0001956136684827283,-0.00014625835523060716,-2.1942829839612317e-05,2.911403443800424e-05
150,4,8,37,40,0.0004682479813340658,0.00011613814926451154,0.0002446438321181413,-0.00019217590142204475,2.2529311396643877e-05,-7.932257506430543e-05,0.0001460287355245826,-0.00015275842998456262,-2.537912744692595e-05,6.101662341512934e-05
150,4,8,38,40,-0.0015969257982988276,-0.00016350673529055672,-0.001001925679945791,0.00020659276173424048,-0.0002890248607280442,-0.0007068033008393678,0.00039212383313736446,-0.0008860589605377491,7.639399120054128e-05,-0.0002935378347987058
150,4,8,39,40,-5.928719200592542e-06,8.937652479424854e-05,0.00024011181060967673,-0.0002829413430451003,0.0002604100319755112,0.0001444340025115125,4.935722604585509e-05,-0.00043238120634681173,-8.594808243335222e-06,6.88068659612842e-05
150,4,8,40,40,-0.0003391601108252668,-5.198304657281093e-05,0.00011019202275741145,-0.00018550707537572127,-9.798370986084912e-05,-0.00025637615469263153,0.00011258382560899532,-0.00012841182819559515,2.2712725568655503e-05,4.1819062837978406e-05
150,4,8,41,40,-0.0015795192078566953,0.0003748772335630613,0.00011523379538117809,0.0010116573735570952,-0.00017191543971157121,0.0011562503853883308,-0.0008099575366767897,0.0001122483783576543,0.00011950483985857773,-0.0002850466405902065
150,4,8,42,40,0.0007184377531870178,0.0005626719999381265,0.00035407212136673283,0.00015962377138420606,0.0012081226985504877,0.0009673835878642844,0.0020980973758217007,-0.00021848363335177337,4.2667969568295174e-05,0.0003192067436533129
150,4,8,43,40,-0.002059109798793433,-0.0006536162786234606,-0.002517122423065066,0.00024277883812205708,0.0014124305847331114,0.00032526004425097437,-0.000729862739113141,-0.00040483596323503994,0.00019006804983610898,-4.239098756342161e-05
150,4,8,44,40,-3.227558008186126e-05,0.00034363615131249967,0.0006996846888125256,-0.0006021318957562693,-0.0009221472879286314,0.0009424473931925383,0.000688955553892607,-0.001049416569163915,1.5061856719795534e-05,-3.649988993472959e-05
150,4,8,45,40,-0.00012745727473296206,0.00023863339950674727,0.0001816416364139805,-2.885460477120221e-05,0.00017023789898401644,0.0005831785700576185,-9.066722684859541e-05,0.0001687296812299545,8.653486964491183e-06,4.087189350708907e-05
150,4,8,46,40,-0.0005514962075871164,-7.211465181134697e-06,7.97568824090461e-05,0.0001730848771960417,0.0002062508484808482,0.00014472232660253458,-0.00015409708406771393,-4.0842100965223425e-05,3.5345013828376325e-05,-9.462230819325751e-05
150,4,8,47,40,-0.0006259801691648149,0.0010443387471459624,0.0004959184710306748,-0.0009749208298263068,-0.0020822867660109305,0.0005847883706135755,8.473402049562288e-05,-0.00035533107007487593,0.00014911373183788373,0.00027751267794151683
150,4,8,48,40,0.0029782406850937127,-0.0006788917339481767,-0.0009440411433841811,0.0005191655254357381,-0.000799968851509867,-0.0008315019458547846,0.0008200194522302853,-0.0014561282467448027,-0.00023158227222223692,-0.00013487011904533304
150,4,8,49,40,0.0019304397557013291,0.00047511493508145395,-0.0004258658148106515,-0.000469626868183369,0.002062944121774642,-0.0006510871034572073,-0.0005913069781517793,0.0006500411571062565,-0.00011939826404007248,0.0001713566628548704
150,4,8,50,40,0.0012961750946783308,0.00024732265076779497,-5.198618456314335e-06,-0.0004019858979135853,0.0005518306993312457,3.813299526624982e-05,0.00017523819156394443,-9.164828238276737e-05,-9.038881880147026e-05,0.00012916968899583778
150,4,8,51,40,-0.0003390573624203114,-0.0005299313212952817,-0.00034221908094866585,-2.3084546383936042e-05,-0.0007872072506557178,-0.0011195615712459403,0.0004871048545821226,-0.0013121526852663474,2.3507993812717447e-05,-0.0002334448109747534
150,4,8,52,40,-6.535230385733816e-05,0.00010188681193080001,-0.0003259614089254522,0.00028478110751678336,-6.7877874237247056e-06,0.0002597622635520176,0.00010891867296185568,-4.9701730987930774e-05,-7.751527477566407e-06,3.997617271352698e-05
150,4,8,53,40,-0.0011210857711109964,-0.00025175616042058595,0.002217934936297427,-0.0032409271247428296,0.0001263583565516074,-0.0005754933675635122,0.00018679950493019021,-0.0003461835216870735,0.00014130977044272432,0.00017798148626504208
150,4,8,54,40,0.0038433162068673083,0.0010325255257749742,-0.0003009172462400462,0.0009618868112009596,0.0011103490084081857,-0.0004969634865595629,-0.0010650284990255396,7.322350593693045e-05,-0.00025969276855046703,0.0006190984619698494
150,4,8,55,40,0.0028384203090679474,-0.0024204671945159207,-0.0018759734768637776,0.00013258661060847564,0.00324309793681091,0.002376931360867818,0.0020428779151536324,-0.004010352167840412,-2.2925236218027667e-05,-0.00045156510197555194
150,4,8,56,40,-0.0007157364310896084,-0.00017913036089791024,-3.196869269826865e-05,-3.113748724196807e-05,-0.0007081103476464309,-0.00011520875371984077,0.0003306623633895807,-6.687395112351481e-05,5.628382553148118e-05,7.287041092252842e-05
150,4,8,57,40,0.002914483729174226,0.0006194717090011304,-0.0019486844246292523,0.0006660851508071162,-0.0002145998781722517,-0.0007660196053217964,0.0011559162924181798,6.324860003328674e-05,-0.00017350554292743544,8.27015164394666e-05
150,4,8,58,40,-0.00010371854803531225,-5.9335683627739975e-05,-8.748417048108374e-05,8.15588731814541e-05,-0.00020589233798385065,-0.000256492831971833,0.0002579467420095615,-4.824684984460766e-05,1.0037733105773855e-05,1.3658604683047027e-05
150,4,8,59,40,0.00031949579590712297,4.055739480783091e-05,-0.00021868133163835575,0.000368548981055815,-0.0004027378442704144,-0.00029379852816616245,0.00011408747791381183,-0.0002879117126549007,-2.081682676418678e-05,-3.176079277386206e-05
150,5,8,0,72,-0.0035157263269007598,-0.0011186894208054738,-0.0011587753349111853,0.0002006198275232418,-0.00284971433194122,-0.0014022272104309277,0.0003522416768709472,0.0016771789132696048,0.00020733995747480367,-0.00014087415176727042
150,5,8,1,72,-0.00037113391085758873,-0.00023033742090912147,-1.1614273219983355e-05,0.000480208126641047,5.722323712195863e-05,-0.0004797310002785555,0.00043839900739836904,-0.0003846438973820006,2.377098369278749e-05,-0.00017018164670447772
150,5,8,2,72,-9.170837202911129e-05,-6.220252018971574e-05,-0.00035644607505509014,7.786779380440303e-05,-7.011143840919377e-05,-0.00011622664077367192,-3.6054159985215916e-05,9.966693490720893e-05,1.1215210792873594e-06,1.4448220498221203e-05
150,5,8,3,72,-0.0009982107760106546,-0.000212029122711046,-0.0006025786986666508,0.0007703361753255216,0.0006706927267662519,0.0009566269115415625,-0.0010700918617131561,-1.2213369115237251e-05,3.874199441314634e-05,-1.7786515554772011e-06
150,5,8,4,72,-0.00011250547004842146,0.00025312304497723007,-9.513823497815306e-05,-0.0004294208462554043,0.00032898423516311505,0.0006250495898792517,-0.0005347686562272256,0.0005677414948302041,1.8229544093419216e-05,7.829456766337214e-05
150,5,8,5,72,0.0002696580188613157,-2.8436082050425373e-06,-0.0001946507606917047,-5.278891194877178e-06,6.838189968200016e-06,7.126870375537301e-05,5.6757576023756484e-05,6.035182952189106e-05,-2.1954340030889655e-05,0.00010336140726691198
150,5,8,6,72,0.0005382685842744025,0.00012029576177867524,7.813953511556326e-05,-8.874664168468639e-06,5.306038308171108e-07,-0.00022684725426391902,-0.00018527196038555817,-0.00024045482584231443,-5.748444056798803e-05,4.616277440929957e-05
150,5,8,7,72,1.4528979171598357e-05,-0.00011465257941739683,0.00036597967164317093,-0.00025393011984936907,-0.00014123366708370866,-4.973282031119472e-05,0.00019218713709327434,-0.00014890802372226531,-9.373268130430468e-06,7.42601589427578e-07
150,5,8,8,72,4.208398994093406e-05,-0.000134322977141625,-0.00021644249195203137,0.00030123437571417857,-8.957515112652888e-05,-0.00031865392168825205,9.808675816467067e-06,-0.00013001927332950762,4.449843379387172e-06,1.874125136078233e-06
150,5,8,9,72,0.004155300278563838,-0.001580179214640815,-0.005698402722563171,0.003560713229474651,0.0018883630643646743,0.0011057146281014667,-8.138357148943236e-05,0.002306046211238204,-0.0005039720827661312,0.0011208205402583058
150,5,8,10,72,0.0001411276849674228,8.776659290976409e-05,-3.8923510339132295e-05,6.734906166281209e-05,-4.0885614501576555e-05,-0.00016778290695204876,0.00010005514807364305,9.753249965378184e-05,-1.2116318049069593e-05,2.4469250597064298e-05
150,5,8,11,72,-0.0013002409292173116,-0.0013394389024061271,8.472231712762263e-05,6.346332463084275e-05,-0.00011644287159358907,0.002243730856748774,-0.0005779984784228324,0.0006792238715053297,5.682542739180594e-05,-0.000257876312599643
150,5,8,12,72,-0.0002194754732915076,4.589726676164997e-05,0.0003493822903448344,-0.00037241765660949187,-0.000468337572909826,9.196349184250168e-05,0.00021356021920595155,5.1398268728246224e-05,6.96455376637864e-06,8.299004812112136e-05
150,5,8,13,72,-0.00021606247665304683,-3.0370973481713645e-05,-0.000262930869166717,0.0001802180628166939,6.242910267493882e-05,0.00015839062255090043,-0.0001436568669373731,9.925359271379262e-05,1.3691020201154209e-05,-3.930986417956695e-06
150,5,8,14,72,7.944199280159059e-05,-8.670634718603928e-05,0.00011663191316168365,-0.00015830087973655536,-0.0003272255187716739,-0.00035738378651640687,-3.886436346094751e-05,-8.209349914917741e-05,5.593506263456808e-06,-0.00013262720421353764
150,5,8,15,72,0.00022199242941289073,9.947278992158787e-08,-1.6453972199076836e-06,0.00015144132595328646,6.682632016311824e-05,-0.00015273423189325744,-0.00010553502075217461,0.0001528170060778843,-1.3322394766382495e-05,2.45412770091366e-05
150,5,8,16,72,0.00015811020719409255,5.484112580083897e-05,0.00018753286008806887,-0.0003997949152053547,-3.8826275728385915e-05,-2.4098365839408408e-05,9.22586622146294e-06,-0.00010931561388292168,-2.375484925925495e-06,-9.0679320054795e-06
150,5,8,17,72,0.00013352581773062622,-0.00015409014555592613,-4.745510466911558e-06,0.00010266993118424438,-5.0000188660928984e-05,-0.00023947154959693155,5.838985061006643e-05,-1.0365427538493601e-05,-4.377912476911834e-06,-4.014706982759379e-05
150,5,8,18,72,0.0001551614189356858,0.00010959006294945702,-5.0090001892889847e-05,-6.160420386981246e-05,-8.38907133603511e-05,-0.0001430383248243168,0.0001245239228060011,-6.643418174734246e-05,-7.562392780337502e-06,-1.3807474929410108e-05
150,5,8,19,72,-0.00019813156799621348,-0.00012102203773595394,-0.00016934190952393524,0.00012330506449699532,-0.00013174493865902544,1.7830567374862035e-05,-5.0276420567556513e-05,4.063479378373796e-05,7.043860734133198e-06,-5.3174262271775494e-05
150,5,8,20,72,0.0005333343289598344,-0.0003681309249708377,-5.7477788600678904e-05,6.403504877625641e-06,8.136616620113102e-05,0.00020300857872589177,-0.00015356485536084026,0.0005513054586592608,-2.841500049304597e-05,-7.297668720175572e-05
150,5,8,21,72,0.004618370543958014,-0.0008997476573902707,-0.0010894989172393062,0.00155101717829864,0.0001727181775712204,0.002129491615448874,0.000378767730118583,5.147181728922543e-06,-0.00029986654007748293,0.0006319643962547883
150,5,8,22,72,0.00018830808977794724,-0.00010442421033856701,-0.0001801034020207765,-6.329656365452919e-05,-0.00014450664857050676,-2.1902770577795577e-05,0.0002933998232413181,-0.00017037281372771207,-9.734183618852108e-06,-3.4682693801486956e-06
150,5,8,23,72,0.00011710370296682086,0.00014373905676933876,-8.351059849070741e-05,3.152233617836141e-05,-0.0002434007025230699,-0.0004072966454286706,0.000338463535273693,-1.8808184512848285e-05,-1.6979618968206836e-05,0.0001515694484279889
150,5,8,24,72,-0.0003128368480022285,-0.0001098238002282916,-4.3491708473094455e-05,-0.00014867783092047094,8.413402077380564e-05,3.896821761236081e-05,-0.00022089871650032063,0.0002005372309065523,1.8664503102461715e-05,-2.3243845138239137e-05
150,5,8,25,72,0.0008470934161493628,-0.000132112324873694,-0.0005622817697744216,0.0003457095602727219,0.00044999205728298215,3.3248455602526047e-06,-0.00030238272227313097,0.0005799574296066079,-5.8681842396960554e-05,-9.342407277249106e-05
150,5,8,26,72,-5.4462387466464236e-05,0.00014592064567749984,0.00022365997155940885,7.690927232512895e-05,-0.0004698000246773987,-0.0001758350650197307,2.879969716257113e-06,-0.0002198738986147736,2.1027074423107333e-05,0.00014904999601452935
150,5,8,27,72,0.00045026382637978666,0.00011028569590947564,5.1937451076735454e-05,-6.300710178970575e-05,-0.0003276683026302677,-0.00014970704308507702,5.082872042799252e-06,-0.00019103352030617286,-1.6913516594144485e-05,5.000933382967917e-06
150,5,8,28,72,0.0001179052920883915,-1.309815243240163e-05,-2.4184495654666078e-05,3.652707356282679e-05,-3.96214901463167e-05,-6.938853700779089e-05,1.2411683775431521e-05,-1.6543617992763423e-05,-5.746155669479053e-06,-1.0857845454363092e-07
150,5,8,29,72,0.0007860999891879394,1.5726138691450175e-05,0.0005194013562752594,-0.001293519249088823,-0.0004172669729461315,-0.0002393323209127287,0.0008532303401937131,6.559425052309807e-05,-8.3366014609471e-05,-6.431403543609862e-05
150,5,8,30,72,2.1736269371940853e-05,-5.5538253696359746e-05,-7.061235519052294e-05,0.0001299590137303799,0.0002404690903378714,0.00012262643687547146,-7.493236645153872e-05,0.00013285408000923338,-2.4235442959215914e-06,-4.5371430646412814e-05
150,5,8,31,72,-0.00222343727632141,-9.084784029507146e-06,-0.00022349006409965523,0.00011559756162587192,0.0005129252988319518,2.367917880612118e-05,0.0003615563960901279,0.000896363124411026,0.00012590438763061365,-0.0002509460371555846
150,5,8,32,72,0.0002891771138676978,0.0004145405984708935,0.00048039993706035694,-0.0011791699356916362,0.0004920453760330817,-0.0007604356260183927,-0.00017308755227671662,2.555731529875206e-05,-1.928622605756316e-05,-0.0002641407900627015
150,5,8,33,72,0.0008129523789349286,0.00021074866466186946,0.00023170854861049648,0.00012827004993835897,0.00013434560453956157,0.0002885298163349227,-0.000491851572362806,0.00034570554953256347,-7.987892361072139e-05,6.295982330281571e-05
150,5,8,34,72,0.00011049735443811269,0.00010278725660651092,-3.8634644616834096e-05,3.344810035243168e-05,-2.1247901151780904e-05,-4.480469364685148e-05,-4.958147941899802e-06,3.732472573769405e-05,-8.829383096718675e-06,2.7828930624659334e-05
150,5,8,35,72,-0.0002524479041168016,-1.1637807702402381e-05,-0.00011868969671473015,-4.499722564458551e-05,-6.9909567917976e-05,-0.0002486456948889073,0.0002347039183126931,-0.00018777862615185266,1.829264234487883e-05,-5.933502743289351e-05
150,5,8,36,72,-0.004956224844385388,0.0015753853941572328,0.0007364708622909044,-0.0018241896280780537,-0.0004958624361916348,-0.0001491777776016046,0.00036809699295753964,-0.00020596145782820767,0.0003207482412272474,0.0003196896507933364
150,5,8,37,72,-0.000415326291475032,9.979622025921877e-05,-0.0009751906625231432,0.0012178108509819242,0.0003599879164514854,-0.00028889055174077154,-0.00020135839850108007,-1.9235306093932713e-06,1.7849387215882494e-06,2.1269597038369138e-05
150,5,8,38,72,-0.0005455927609362899,0.00015073444489506824,-9.812560255333614e-05,-0.0001255219787697698,-0.00036001846443394495,-0.00012966291112704784,0.0004789432794488126,-0.000448108451427057,2.8430419347287395e-05,-5.564342015232059e-05
150,5,8,39,72,-0.0015716803336209737,-0.0007098950131954663,-0.0007565721303978289,0.000547503934459326,-8.10188431415488e-05,-0.0009975912678174617,-0.00020780884775424636,0.0013517821528414317,0.00011818978247363229,-0.0003034190682252436
150,5,8,40,72,0.0016432056075433223,-2.1950059780864664e-05,4.74730544565505e-05,0.00038136561125054285,-0.00022482621464517717,-0.0005875199628231679,0.00021964681166168019,-0.00037438594178311317,-8.060145529612523e-05,-5.439133132910636e-05
150,5,8,41,72,0.00011768614384981132,9.163880614280014e-05,-4.518905734538193e-05,-2.9347595342561242e-05,-8.129081162949128e-05,7.92189433058671e-05,-0.0001293903118582275,9.703245308809809e-05,-7.496674606503916e-06,1.708081824566528e-05
150,5,8,42,72,0.00012948486529554254,9.050156805491942e-05,-3.611388524272061e-05,4.7643676891138455e-05,9.879372411534997e-05,9.086443709424413e-05,-6.606815677980278e-05,-0.00012301290681374316,-1.1749641917296884e-05,4.380988708311376e-06
150,5,8,43,72,1.0537405088171192e-05,2.5141144131290374e-05,9.446679971314109e-05,-5.809318597052621e-06,-0.00015181949970686958,-0.0001545785068735868,0.0001653862842350829,-0.00015615628809317254,-8.895251213449474e-06,-1.6771843138509428e-05
150,5,8,44,72,0.0003262759087217038,7.675204607275797e-05,0.0004085598568752802,-0.00026429303616770763,-7.16040828703505e-05,-0.0002894026687840239,0.0004785963357670747,0.00031158185979696747,-3.573305522188458e-05,3.237157665609953e-05
150,5,8,45,72,0.0012413269600165052,-0.0016492465932728992,-0.0002452682769160517,0.0005789543516393612,0.0019017305218934064,8.802533886491468e-06,0.0012638451325046637,0.0009263260294914731,-7.481494089033792e-05,-0.00028996224150354763
150,5,8,46,72,-0.0009471900881814771,9.83089892689258e-05,0.000272432232995324,0.0002301464989571846,-0.0003158812170863343,-0.0007407675915232306,-0.00032764887735571075,-2.0380828685947992e-05,9.147555373918196e-05,-9.395079860254117e-05
150,5,8,47,72,0.0009925539437432727,-7.863017065785606e-05,0.0005062755582063444,-0.0006012872433026587,-0.0003845722187212264,-9.323699701332239e-05,0.0003123208345395738,-0.0003586852129201528,-8.448364726870453e-05,1.4613583470295957e-05
150,5,8,48,72,2.3561603904912548e-05,8.713558926805717e-05,2.6018813468640654e-06,-1.6047144727880808e-06,-0.00016004213517751263,2.797761990230916e-05,2.83525199200434e-05,-0.0001405766173050097,7.738765492515118e-08,0.00010234920810161263
150,5,8,49,72,-0.00020633978281362094,-6.435187433231303e-05,4.163759802613136e-05,-9.009294765568991e-05,6.916019505849186e-07,5.231928523343931e-05,-7.977543626923057e-06,2.082468047593499e-06,1.5681763823738933e-05,-1.1441178239049552e-05
150,5,8,50,72,0.00012196205144709455,0.0005981720097930686,1.6966576459526632e-06,0.0003065666544304821,-2.7238107231274908e-05,-0.00014069510505619357,5.8164840483880296e-05,0.00029950336778948356,-3.219258106231277e-05,5.683728579319885e-05
150,5,8,51,72,-0.00099174370979185,-0.00013071200435267383,1.068793827488059e-05,6.362143673008507e-05,-0.0007408263697244584,-0.0007517563303959005,0.0001853768626524772,-1.4854473954354133e-06,3.6932015601719696e-05,-9.30656741345115e-05
150,5,8,52,72,9.4087967716342e-06,-1.5722396080968465e-05,-1.8789407003414667e-05,2.273348950922146e-05,1.421313916080062e-05,6.912736741442812e-05,1.1962099722940173e-05,-7.120189411502339e-05,-6.348704936081852e-06,2.2052451050879577e-05
150,5,8,53,72,-0.00022136401805721663,-5.4151265837362123e-05,-3.392573333229048e-05,8.120882885125462e-06,1.3026014490683244e-05,-8.39675001958643e-05,5.979753089019296e-06,-4.895154997062637e-05,1.7424010930550743e-05,-1.6255293943679323e-05
150,5,8,54,72,-0.0002800108028262379,0.0003507278696666776,-0.00019773759615568728,-2.6582575669208135e-05,0.00041787603198193486,-3.280791606571478e-05,-0.00019166406222858836,-0.00019841762434159922,1.682908267991513e-05,6.698823119719412e-05
150,5,8,55,72,-4.2257384971993966e-05,-8.595823081392003e-05,-0.00014114684818112864,0.00027840157182965167,0.00011877704332625237,-7.477658205745912e-05,-3.4320451125458214e-05,-0.0001374879575862286,9.926054389890984e-06,-7.652746009234905e-05
150,5,8,56,72,0.0005032223375544358,0.0001152218014654274,-0.00035262876809551055,0.00017382232945566573,0.000166207619026625,-7.461851654281585e-05,-8.663938486209684e-06,-0.0001280229805673697,-3.6879352790704335e-05,9.111690474354568e-05
150,5,8,57,72,0.00017898031215321294,-6.660487974794526e-05,-0.00010459989523637205,-0.0001256774983610907,0.00017913198935046485,0.00024361137506261754,0.00016597687604887927,-0.0008420665937340935,2.5713197401480733e-05,6.205831681588799e-05
150,5,8,58,72,-0.00022734848157423242,-7.548053845530858e-05,-0.0002744359016413645,-3.640939095543357e-05,0.0003190256965821566,9.02331985219679e-07,-0.0001850367149674518,-6.778328184422221e-05,2.518367172402363e-05,-3.303518653863221e-05
150,5,8,59,72,0.0002302495162956007,1.7822089288787345e-05,-0.0001127320553298627,8.074919157171714e-05,7.734210779423199e-05,4.424926396870899e-05,-1.646517545875244e-05,-2.12257942568498e-05,-1.7004765640914128e-05,2.4931096625969605e-05
290,0,1,0,3,0.08898405089111797,-0.07789457538659966,-0.040458584217457384,0.25885345692031814,0.06926455962696142,0.09504648719087454,-0.13190665394598122,0.18924998129464465,0.015315900608384322,-0.050962740705451794
290,0,1,1,3,-0.13279335362896505,-0.011339923763880965,-0.06460883497173599,-0.03482946343103403,0.14565928376693024,0.29699972824697174,0.03751538953451777,0.04768558136524001,-0.014502186815036731,-0.044769051057120375
290,0,1,2,3,0.03107733410304698,0.05202469261066797,0.2796272141783671,-0.16090803603360035,-0.1350477091644016,0.24146295530536194,0.24798893071811332,-0.23571843334078538,-0.0010960729864574199,0.036888226460463566
290,0,1,3,3,-0.12702100122391613,-0.008537787010271783,0.10922456749310896,-0.06469819141915607,-0.021363807896841596,0.06153216763928067,0.12721056256899255,-0.004356117183881755,-0.018345225964517833,-0.010860442192621595
290,0,1,4,3,0.07874302734200475,-0.7589993691305736,0.6816234650837208,-0.16840698109204183,0.14372473502418862,-1.320550906625934,-0.03733798872412366,-0.6766224965278141,-0.0240468266700017,-0.26192735513603266
290,0,1,5,3,-2.3334484375777556,-0.5111440528036865,-0.8128150194478397,0.02437365420822261,0.471962467011278,-0.30289441311168186,-0.8890893073053682,-0.27991411921365084,-0.32153860831463466,0.03531931720268226
290,0,1,6,3,-0.09938251491402574,0.016355473721490515,-0.058119068226990034,0.00400657889431063,0.013471542541602212,-0.013828534499920928,0.02366623937779587,-0.0419493819299112,-0.015801395307859702,0.0009243124253017781
290,0,1,7,3,-0.033051169951326426,0.00023022639864110565,0.0037855527333762475,-0.006392328420855747,-0.010257548476941878,0.00211875501340606,0.01831896717158763,0.0001316103368921236,-0.004236908035376028,-0.00044169331521414743
290,0,1,8,3,0.06268816619010963,0.035166500855034186,-0.026971976276772426,0.08367232344546348,-0.02949636762279805,-0.037848896796458927,-0.036539422602787294,-0.08109206618198078,0.005361925188526457,0.005944376026705247
290,0,1,9,3,0.005908607065953396,-0.03454461065809266,0.027738484881861893,0.05433472216136846,-0.02597774675493908,0.007636088326897375,-0.15096707651398378,-0.08056768787498127,0.005974377700402901,0.02097955024616585
290,0,1,10,3,-0.14814387566996984,-0.007408197960544606,0.08625770488830618,-0.05322927774226028,0.013282631715261312,0.025177116611421954,0.01982827583834338,0.039161864206754486,-0.02053440692743658,-0.0210847621544926
290,0,1,11,3,1.4716383086221374,-0.2589257877592137,-0.36596437146306465,0.8356069140156938,-0.016477972786218188,-0.654802791780113,-0.34219273411451967,0.04275334688522029,0.18480491709251673,0.06010755109766618
290,0,1,12,3,0.014259923405993311,0.0012383825339079974,-0.0030024012465093533,0.011023044936309562,-0.017558510606600273,-0.0010284782345133575,0.001053033436064029,0.0033712141743211872,0.00222078799180138,-0.0035012889009422635
290,0,1,13,3,0.5921889943697408,0.011357287106018108,-0.05353129083101365,0.047268235355387316,0.0321487682611922,0.3978409704565394,0.10125932910758595,0.17771461705500888,0.08331461556176903,0.023708105400737596
290,0,1,14,3,0.13270432067604176,-0.350220462859894,-0.1815163695605348,0.34591576591069856,-0.06363811900126745,-0.3066903445529494,0.23790832312204344,0.0755213929119506,0.03150488585127651,-0.10343057509305967
290,0,1,15,3,0.2833238334865731,-0.5687027704821846,0.44717590771682497,0.34428737852273883,0.675564787486202,-0.46874013666207964,-0.7170795068039446,0.23431890707351385,0.04939661976787311,-0.03715841092540329
290,0,1,16,3,-0.008138588136040294,0.0013630163517038985,-0.011845475558074975,-0.004949308604095847,0.004835452301667694,0.006287786934679121,0.0024337201955823133,0.0077568541346526385,-0.0012288908159419302,-0.0008186385546921228
290,0,1,17,3,0.21706055958640574,0.10246384691500912,-0.22441011736508362,0.22255062834416325,-0.15549968371446216,0.021696933721307276,0.0721940862869371,-0.1565507699208026,0.02848483657227704,-0.04526699293000709
290,0,1,18,3,-0.18198967506164898,-0.020052418169310925,-0.166369793516502,0.1604742904455671,-0.14010130819769423,-0.02251617586167691,-0.044554774819366025,-0.04220674529819155,-0.02211480560430459,-0.03448819084406868
290,0,1,19,3,0.15302196176730898,0.05769147226376659,0.012799866125003752,-0.06060855677939037,0.05468416851577292,0.07179711849500389,0.021398632514475453,-0.02892447416744453,0.019059339139308053,0.004996102762698025
290,0,1,20,3,0.01183989878358411,0.018437919503268296,-0.018561250171197627,-0.006846382910753207,-0.015733269371938377,-0.014842936695809189,0.006029289910623186,-0.019794410566232736,0.0009595947485251265,0.009378971818248509
290,0,1,21,3,0.10086785132999262,0.0475525496941845,-0.003984029045530857,-0.11330976327826249,0.1540099973200656,0.004564090085479829,0.062194356952778196,0.06622105771450017,0.008649537202125251,0.015606830014198382
290,0,1,22,3,0.007320147877034192,-0.028830038084120744,0.01664482245457226,-0.0021694197523770237,-0.013006096914704033,0.05805745471700143,-0.013500881490424744,0.0011432527930374582,-0.001158827466256013,-0.003927762729469309
290,0,1,23,3,-0.0038776497898657682,0.06370618325226354,0.017092641644308272,0.01473615334958408,-0.042467610730989584,0.05797115454409748,0.01988529060220902,-0.025010858163210588,0.0003439846284669462,-0.008379974316827752
290,0,1,24,3,1.5403240556745448,-0.35344340108374106,-0.5623844506444289,-0.10084574958862821,0.7056395965211295,0.2861064131724105,-0.8724538475545607,0.5750455009575496,0.19364821493805479,0.005214238441507363
290,0,1,25,3,0.01091822780351006,0.08443090467081292,0.04440205116224501,-0.00028797325917618975,0.060588899965356935,0.018101568253126244,-0.04601029688492361,0.06146576453078497,0.0024347701320520886,0.0009353854297806428
290,0,1,26,3,-0.08974838360806645,0.09146201005616475,-0.4300780546528931,0.3189292880090596,-0.1883747715168082,0.021098628474389564,0.001802346668389876,0.025854447579085418,-0.01756452023365259,0.0087620184307232
290,0,1,27,3,-0.0012627132290314522,-0.013937906657828588,-0.04039862954116157,0.0008608414627788916,0.002861043469049688,0.037415150746172104,-0.02851367112581753,0.023567920344126646,-0.0007360793961528178,-0.011959199200850477
290,0,1,28,3,0.012950154686228628,-0.029462605718442083,-0.007360604669403215,0.06996950039267509,-0.0011472581490593063,-0.040119055036140897,-0.06288849603906624,0.07356874637186626,0.0012678332028573755,0.020973288381109435
290,0,1,29,3,0.035846066046700174,-0.050321089738089575,-0.09946356658216392,-0.016614797313329675,0.26034683481475446,-0.03129383995799027,-0.2007145986746196,0.19846099941459408,0.008306769722265515,-0.03952227816367869
290,0,1,30,3,0.052013400223054854,0.0034399805024610836,0.008145185849672287,-0.010372964498567342,-0.008562161810084129,0.011123370023737908,-0.012338803579401985,-0.006205775790511289,0.0070189246407518545,0.004337720996350315
290,0,1,31,3,0.044891645997764976,-0.04821091928876665,-0.04651392435673422,0.09900730398264197,0.06981063744415854,-0.041617669774469304,-0.15379853294022922,0.1501876360506037,0.008684835651711399,0.0026276883824500477
290,0,1,32,3,0.11415855312299875,-0.004766921065527337,0.061546056819706374,-0.03418711428313306,0.0014484563806562148,-0.009258271800712476,0.052053167327999555,0.02417860104899896,0.014311085240370341,-0.021371022426122165
290,0,1,33,3,0.019398685109380157,0.0012080648718977394,0.018300368373457603,-0.008786301844862576,0.0038503222644759257,-0.010727148800931618,-0.017163075002023128,0.016445922592527733,0.0029873296568306454,0.0016557050302689563
290,0,1,34,3,-0.09208256423724102,0.04120408717800658,0.06458349866554963,-0.03936001662524907,-0.02928603420656478,-0.01726526562439239,0.09182290584524058,-0.076009036504967,-0.00932888906815211,-0.007486001910010477
290,0,1,35,3,-0.25453323754888396,0.02027324431409545,0.626568798891089,-0.36369691218854633,1.079140609982673,1.3508588972165847,-0.7016523273048078,0.9353540811714323,-0.025578739407627206,-0.199197813227286
290,0,1,36,3,-0.055672852859697315,-0.0455834740361641,-0.1504886049034993,-0.0175705792479873,0.04132446830014507,0.149684450754762,-0.05940999667520842,-0.08083400191805275,-0.0007222806340371498,-0.006366345319721608
290,0,1,37,3,0.11518163633738783,-0.02779814743379833,0.020597118738561983,-0.12175680229750072,0.13581649637284324,0.27332190064624207,-0.09263641175320425,0.04735145810335621,0.003960489022693774,0.04838087405096499
290,0,1,38,3,0.036044658228613004,-0.015639624337297438,-0.1056172515423725,0.11339510475587922,-0.05235375013249535,-0.03321702752656679,0.055827249481853254,0.010834134354120478,0.00025058349402582255,0.03219281702584765
290,0,1,39,3,0.2295466965374769,-0.05962721078980704,0.020771912102023532,0.05576290677983429,0.15216316466904167,0.11416948054125704,-0.0860976099963729,0.07459796042906468,0.029896503418365496,-0.010690410077108296
290,0,1,40,3,-0.023365041611431842,-0.005573793538233183,-0.0074614218515211975,0.0032955241269619563,0.0255256973830138,0.0018240852043833224,-0.005159090614027747,0.003595287556057585,-0.003047873188845,-0.002069358659803207
290,0,1,41,3,0.012653775125245398,-0.02249898844197985,-0.02959923829858889,0.0413331688318053,0.01600316839988194,-0.017981504964338122,0.04104276384981176,0.017278075193013845,0.002407509575826544,0.006013402929551703
290,0,1,42,3,0.07622274386909283,-0.04164681139518224,-0.01398843064440737,0.026890102711396736,-0.03758029910868557,-0.032325774105177355,-0.02652834510113006,0.04603545223204469,0.007703048829181008,3.0352315432296558e-05
290,0,1,43,3,0.157199679321862,-0.05078666407262844,0.12741197686696376,0.052180901822153694,-0.029810738957114415,-0.036664215682812265,0.07460451665655367,-0.002038316356686093,0.01983941274535237,0.04312830681706655
290,0,1,44,3,0.002351853815371459,0.0433186991682081,-0.10129941283600151,0.23114853062797475,-0.09200755614875296,-0.0390270268815598,-0.06398466098855697,-0.024676219888982175,-0.0016275038264224062,0.06169585781366283
290,0,1,45,3,0.22222141070594637,0.07025682757217161,0.10440627882214773,0.15612684565475976,0.07283021610577547,-0.13153924137812606,0.05566300256937658,0.08085957950586913,0.03348325864670804,0.014191081818409779
290,0,1,46,3,0.04550738729873588,-0.019866113861781224,0.011960508621303332,-0.019567877613689996,0.004652339309419142,0.018359733688674707,0.018278720358673558,0.03341263805673685,0.006485790543594508,0.008102004526607394
290,0,1,47,3,-0.045762494731342716,-0.003859517824869376,0.03065784012756804,-0.015334381911223912,0.022261481354221492,-0.015063033912242218,-0.01921373196485127,0.04057895528197669,-0.006012807170915279,0.011931947163721935
290,0,1,48,3,0.11007367108393978,0.034724631565731,-0.010907875715245818,0.0013536428136159974,-0.029616826406908898,-0.032206529966734745,-0.014777314661053248,-0.02647305849686434,0.014794445683246586,0.008420287875383395
290,0,1,49,3,0.02217034497593136,0.0074944378071658945,0.05213488002082946,-0.05413484917527973,-0.0888437442706312,0.02543496437000068,0.13356914246507054,-0.11896495456919035,0.0023452765437757452,0.014848563895576575
290,0,1,50,3,-0.1229047429176492,-0.07321147564534242,-0.0744239998809436,0.2525478649047719,0.005083250674291253,-0.059717668881503615,-0.01759548121944182,0.04879151084073005,-0.01708011431182187,0.019631661417112752
290,0,1,51,3,-1.562420752931445,-0.0004539687184267392,-0.2120878710086804,-0.03248610298274282,-0.25997665897165545,-0.5291216699603506,-0.13058490378250046,-0.3485935158052311,-0.19900394463822874,0.002128402985180873
290,0,1,52,3,-1.2509696040387126,-0.3856287659668875,-0.9054874840792905,0.2719672065176828,0.9288664818968916,0.257266210992584,-0.3500440863881473,1.4702225832610913,-0.16983603611720782,-0.04749632466817103
290,0,1,53,3,-1.542181181048836,0.013586546903548971,1.3366904574604959,-1.634419374221419,0.47752370190313637,-0.04416994355819956,0.5327975724298013,-0.3271943411055422,-0.19830651799483712,0.09057276219144976
290,0,1,54,3,-0.012674302180185783,-0.001719741291768626,0.04366937284754228,-0.037817612386679376,0.026718985912798743,0.09893393772871936,-0.013072834346980332,0.011849554486741597,0.0006198259158243432,-0.013558086631249295
290,0,1,55,3,-0.07206726175506237,-0.02989214464807177,0.02153247684601715,-0.023473007818168367,0.0019404806741919894,-0.02359401654051101,-0.005238503379026676,-0.0025724606107996747,-0.009308307027239344,-0.010304436249162746
290,0,1,56,3,-0.02269966716982834,-0.0030555730196807638,0.0004760208304275617,0.006175167775921,0.010349506153069224,-0.028297381915911024,-0.0240281595089508,0.04296120275201987,-0.003093436546058535,-0.004483974069182908
290,0,1,57,3,0.06269236740277451,-0.0038726365408270668,-0.023410054651510914,0.06833461899943427,0.028948114881675004,0.0381215783457905,0.056658324722304136,0.06393374781634051,0.004643465683954244,-0.007424128637545026
290,0,1,58,3,0.6104249223345293,0.2979698764849526,-0.39366353311773955,0.4115050296631611,-0.1822575686894362,0.5452074352150849,-0.05957413592522611,-0.3577464578298739,0.09796150359396144,0.14736877193646586
290,0,1,59,3,3.6222080130901704e-05,-0.00010948566832065939,0.0006773784785047796,-5.991973206136706e-05,-0.0003352131924423488,-0.00027012595660526177,-0.00015767468746771894,7.680449117678767e-05,2.1848635397865218e-06,-5.233667970998424e-05
290,1,1,0,5,-0.11335467756691904,0.005968673367088953,0.04791721060708238,-0.03080869153743914,-0.0454683936945814,-0.10367455941723396,0.06181498765746198,-0.0529324597631687,-0.012781120208931702,0.003966297118604765
290,1,1,1,5,0.12659944339850815,0.04369830831444974,-0.18146895141264635,0.1686520017959178,0.09699843695181488,0.0268631415197811,-0.09044794129638589,-0.03424534148589353,0.02250432328018049,-0.0020877034838832557
290,1,1,2,5,-0.02776909041269017,-0.055622919637912216,0.004110545217695213,-0.10761297672501302,-0.12753352670061113,-0.03291096995672033,0.10171472066330338,-0.08737227155020434,-0.0059549195804779066,-0.019767225167519446
290,1,1,3,5,-0.08304054532626838,-0.02010410888130369,0.10559530523603804,-0.07539555267341698,0.011576888915931519,-0.008457506016405639,0.006045852625090651,-0.01673399850698623,-0.009078760666738852,-0.010013822709123456
290,1,1,4,5,-0.012475069963711356,0.06149075609408865,-0.07101685938388788,0.06138414741883481,-0.03321433812269565,0.000854106256689659,0.02124969531669382,0.039827840485334276,-0.0044997941638188635,0.03124864117549628
290,1,1,5,5,-0.006819833885716007,0.028089022284666885,0.03297996241667485,-0.09944695732567403,-0.03263471355105422,-0.057954764220927636,0.04372416091857295,-0.03991388695961205,-0.0018120705436375406,0.024312502050912677
290,1,1,6,5,-0.059278029017351214,-0.0013778446829352318,-0.013762992543772277,-0.03799997941048274,0.016025124334863926,0.045904119249322334,0.07302103314193971,-0.0516203341439774,-0.006038620773040782,-0.010863039399627435
290,1,1,7,5,0.01671603545480569,-0.0033600636350441773,-0.01015302262456426,0.015693506152742835,0.018363917642244737,0.002809928101794389,-0.024050513936490044,0.010779137399064146,0.0021148536120717547,0.003333120898989865
290,1,1,8,5,-0.07266057521834668,0.06309404927831216,0.06139128016784153,0.04699832210789003,0.02677157327323197,0.05798046255733973,-0.04465044038786801,0.008214445002074477,-0.010733102818279439,0.0019624981920209313
290,1,1,9,5,-0.0003090993742159754,-0.023722224742368347,0.03955690516649676,-0.12240857026734556,0.10248728361453986,-0.034936130209123346,-0.059087159745578564,0.07863266892356888,0.0019889532431702976,0.0003724471719675899
290,1,1,10,5,0.003218008787413979,0.00528026043440184,-0.01880150580033987,0.025350255162906513,-0.012991673388629908,-0.0062605457664855054,-0.0013474991116780677,-9.959547186647355e-05,9.035587955424836e-06,-0.002249166588468919
290,1,1,11,5,-0.007057527146864871,-0.0013602945793365028,0.005069290928382725,-0.0016430270592482864,0.01559124169996428,0.006012159208349641,-0.019060247391237885,0.016590828371437487,-0.0012442485593047367,0.0020458801139882116
290,1,1,12,5,0.00931618636245473,0.00395515667118975,-3.08484867633385e-05,-0.017889698288018906,0.004106521412025769,0.008655854271314295,0.003506372891045023,0.0007719717274653436,0.0007982779937649025,-0.00016896149011723
290,1,1,13,5,0.013091710928317004,-0.000625045448114548,0.013499711925145859,0.008019113469763698,0.02257785608658967,0.029561155364330134,-0.002492442559089542,0.013089793120958626,0.0018041916815604172,-5.073201004970688e-05
290,1,1,14,5,0.28108509147500554,-0.020878262155104833,-0.022987793314814577,-0.16408364958054827,-0.03319335176608431,0.02773213883993759,0.04135562847660062,-0.10655702422429267,0.039356713074593555,-0.0011656929393582846
290,1,1,15,5,-0.09689045297210186,0.04069217433650737,0.0034471352174141245,-0.020354949595663193,-0.00876879968506214,0.026837498265341136,-0.01129753022540779,-0.0502246093122871,-0.012409141447166766,0.004659168776936679
290,1,1,16,5,-0.1034691498625859,-0.09075476852212311,-0.07795230878011479,-0.1231180540425304,0.054773118670753726,0.1508867647841483,-0.056100486054621396,0.10530157738054556,-0.007729551376167025,-0.023138892387801688
290,1,1,17,5,-0.5854765983611404,-0.39873862620655187,0.23801990506071544,-0.16750408740531667,0.13834014471244716,-0.22378731877716942,-0.4120731661895867,0.04997466808728185,-0.07189896365284976,0.0017228331434603473
290,1,1,18,5,-0.06422111112309555,0.0038443288549016787,0.01083239218493488,0.0012846170224884888,0.011536596548534332,-0.031003102296961373,0.00912036834061119,-0.01243885367837221,-0.007949193314812336,-0.0003373851191237895
290,1,1,19,5,0.6044808197164769,0.07869437233783565,0.09632555034640594,0.03455063133577766,-0.05558852693389376,-0.1238467405659399,-0.026849825993457886,-0.006447953129756534,0.07937921112155705,-0.03401865387390014
290,1,1,20,5,-0.17904874860390482,0.033540376860539206,-0.022970674070760012,-0.030343197228438305,-0.04104283500823192,0.09485840995973441,0.06632377584032506,-0.15605709512654278,-0.02828729757255734,0.009127922608520361
290,1,1,21,5,-0.034627520545577384,-0.0352436853002641,-0.16931914016609192,0.13618392540669735,0.06648844542691736,0.04750218385967818,0.029898582390544246,0.09649756298965474,-0.005479394686510239,-0.028799643869238944
290,1,1,22,5,-0.0410616198544169,-0.0020015549738425452,0.010656603934523794,-0.02275725049331651,-0.008269895566281464,0.03595083255251203,0.025542769799721955,-0.011196377106033412,-0.005771232807514058,0.001774902842171256
290,1,1,23,5,-0.2844783131427212,0.07131750598173693,0.02426167582383181,-0.05262388371646982,-0.007383219547833113,0.011843769229711401,-0.07602272031411691,0.09635941741584618,-0.03781050474029813,0.06163653542739931
290,1,1,24,5,0.01640076510159292,0.02078375457675406,-0.029517483782166207,-0.019110289515584085,0.00311286317364558,-0.004222340356764028,-0.008299684603165916,-0.016978621715145182,0.0024727246385765496,-0.000619035501510422
290,1,1,25,5,0.026084710103412418,-0.004474801871601226,0.003340126631305161,-0.006944780223993777,-0.031528362239191955,-0.003892903829803497,-0.003631104390678378,-0.004198461237728324,0.002711113931643915,-0.0016805324730347895
290,1,1,26,5,0.013257626378497282,0.0001533574613234931,0.006756678754954098,-0.008663903624569915,0.005391723262244067,-0.005101240141594756,0.0025031757508032558,-0.002589176263492845,0.0018234096664717788,0.0006577516194131507
290,1,1,27,5,0.009362578598170013,0.0013004888041543822,0.022268829798079176,-0.09083613178606756,0.08372304891709598,0.22277832477595885,0.06412030003366911,0.030084779430731266,0.008804239526404817,0.026477862708403063
290,1,1,28,5,0.13069751094426107,-0.011666053553475157,0.0003266506574618364,-0.03045471634068426,-0.059140415160115985,0.04634267107693823,0.08323629954356422,-0.07701453360573099,0.017659857033787717,0.010699457974819112
290,1,1,29,5,0.05802027314038446,-0.0007144560474410787,0.0060732604573206245,-0.013758226706378307,0.0010696957866296888,-0.0026856691518168663,0.02902158342657473,-0.019816320598613327,0.0073121554972303705,0.012085377468503763
290,1,1,30,5,-0.6559884243839026,0.014469487809285165,-0.10268070107114424,0.2669592439416232,-0.16107320541721445,0.006834104964615134,0.11794598418554075,-0.2839761022605573,-0.08159569632627191,0.009183346450754849
290,1,1,31,5,0.0011649783270016232,0.0014989231858957845,8.81724784244227e-05,0.001428445698271894,-6.356396756070429e-05,-0.001445350109592482,-0.000852967753212528,0.0020814151995772645,0.00015931401579103992,0.00023958180577726346
290,1,1,32,5,0.017834566945068495,0.0007908971146680148,0.003470465608649189,0.0018746357044662797,-0.007450094882011017,0.011459316821833859,0.0051896650965964465,-0.006702982177542963,0.0021477033961146536,0.0008334952519792884
290,1,1,33,5,-0.021733384971401117,-0.01011481289050752,-0.006368062455914196,0.002664265610634979,0.017546603010314812,-0.026650675837340296,-0.022330180165386612,0.023499415631311377,-0.0026040731266274526,0.0002499924977448938
290,1,1,34,5,0.06784986311956148,-0.0045696247760247475,-0.13999166718250572,0.07465299608512005,0.054996541088774546,0.0686851062241378,-0.04101775211660653,-0.0023987481024504913,0.008123848479574421,-0.010113748820734673
290,1,1,35,5,-0.01745027511403448,-0.012461692919240857,-0.09365623142695284,0.01114104974876221,-0.02242424046743659,0.09003505408929142,0.07731140613885165,-0.03621829077760812,-0.0035947330407507315,0.034101928221149894
290,1,1,36,5,-0.0020235546184533756,0.008807798507517364,0.04937196750756714,-0.015130743584953683,0.015349075176742284,0.0022014332742233563,-0.019549633015596653,-0.013797977167791489,0.0005225197066185212,-0.012337941225154563
290,1,1,37,5,0.3063070855171348,-0.04720141538247906,-0.11080590722878017,0.03698722330556319,0.028662274771526126,0.23417415353304052,-0.05279069961453945,0.01152697082240508,0.03882136149137812,0.012586797236821502
290,1,1,38,5,-0.004285384756505958,-0.009767574391738337,-0.005000800480692936,-0.04171675301218912,-0.01671132878708772,-0.011502200680638496,-0.011299233218734326,0.010791485869593654,-0.0009334753964596654,-0.0007268971791235343
290,1,1,39,5,0.011374058922794235,0.007356037951529432,-0.0003430866939070447,-0.008054264367095821,-0.0003247095890963738,-0.009014546429068508,0.0010772470453792036,0.0020006273455936852,0.0016852193133571152,-0.002041752889570327
290,1,1,40,5,-0.025066128996326483,-0.018337714271557733,0.017675030601697193,-0.0058400859636105334,0.04222347558735411,-0.07928803158052582,-0.050809646941181265,0.03394978403478679,-0.0007011394511347817,-0.008396153019856419
290,1,1,41,5,-0.02761653992418372,-0.002799587417208659,-0.00364286167303949,-0.002888275128675646,0.0008041356236154622,0.009414951017610433,-0.00522032228325849,-0.009406230737999404,-0.0035094979979716193,-0.001174887270457841
290,1,1,42,5,-0.11895048646352505,0.01904489175995788,-0.06472627271897449,0.028439988748186904,0.03784089864391119,-0.039821617057431945,-0.08453754283569624,0.07540233080090131,-0.012055274436468366,0.02465589507232477
290,1,1,43,5,-0.010137694217907476,-0.002611634259679019,-0.02625533091898744,0.01026459485321844,0.003611750562166524,0.06682754912458887,-0.03655033107772948,-0.009722697599122993,-0.0009318934973018535,-0.003023243381011487
290,1,1,44,5,-0.10798171057323448,0.022001540436354536,-0.11952667737683506,0.15293208162689875,-0.10805771020234979,-0.1222417694260184,-0.12653069023418062,-0.039134047442088545,-0.008496599668654573,0.04736515706780653
290,1,1,45,5,-0.005763037027383291,-0.01991754989759297,0.0019479506243256467,-0.03742614601337243,0.0648032249415206,0.08470893805733762,-0.025870406868625,0.010253047118216584,-0.0018713878723743277,-0.01020879685878701
290,1,1,46,5,-0.018782547463979008,-0.008487117620269186,-0.018783317618129132,-0.005958198190308545,-0.06902636922713912,0.04127336460911394,0.08295058422089269,-0.08823209859638262,-0.003078783091479547,-0.0001182632340685526
290,1,1,47,5,-0.09544811922316604,0.05689667500723779,-0.04559411629969309,-0.035676325909247436,0.02727532648072543,0.018765653120705765,-0.05662144029315299,0.003152933795240717,-0.009810073452723844,-0.006234397977295336
290,1,1,48,5,0.019344493599757925,-0.07205564247667302,-0.1481669020583515,0.14708443942071586,0.060023690496369006,0.002870726780963993,-0.15217565161834473,-0.052556371084488226,0.002139600671133695,0.015312724494193585
290,1,1,49,5,0.4625699860695861,0.5140311043901162,-0.24641639373460372,0.29980240088595944,0.3314313604794049,0.1855631205318503,-0.8368975617760628,0.16191957168399665,0.07345528418753985,0.42204950572424105
290,1,1,50,5,-0.22780387290853482,0.013876163674072302,-0.10276317182922354,0.079004826305759,-0.03141862575071472,-0.12197975514110244,0.004841496608224609,-0.0175805892267824,-0.031134576086908616,-0.009493195255333316
290,1,1,51,5,-0.09077731637792685,-0.059506624893897936,0.030040043198033214,0.09009974919030045,0.016880742280011102,-0.0063164372339750965,-0.13660993866271817,0.018367307530505205,-0.011140251771284502,-0.02466110375727927
290,1,1,52,5,0.13551076564296913,0.04070346205177689,0.007341781236866961,0.00572761634834513,0.07665749855675766,0.0012755046642567405,-0.0397790602567104,0.1023212954089256,0.01707077079840172,0.014611119216267421
290,1,1,53,5,0.014253230279520869,0.02741197590350035,0.08140151489459783,-0.006026553609987609,0.0011475536099009559,-0.03682792210533073,0.047053481472111844,-0.010123500909562416,0.004343819349872654,0.03965048854445706
290,1,1,54,5,-0.09245285654358261,0.021637884375450157,-0.024560511732108232,-0.05245911738565516,-0.08028918378236322,0.0016245224201156038,0.04890257073423029,-0.08864175752373754,-0.011546627100384356,-0.030188953810288785
290,1,1,55,5,0.016002984359481314,-0.00195462757796738,0.03776290266509953,-0.032641274649365636,0.062119707723377666,0.05423687440759366,-0.044364153739022576,0.026721893424119167,0.0021923371939780115,-0.0015918699830593842
290,1,1,56,5,0.036853664465692035,0.028337808339551112,-0.09761926942295684,0.06482994013186681,0.018017915499636772,-0.010590656870050057,-0.05191928938369332,-0.061575115068788176,0.004422044158023878,0.010082851152775789
290,1,1,57,5,-0.05736309068591298,0.0010510241033956117,-0.018038333803856797,-0.0006113528061945891,0.03023225024625024,-0.01621842826557945,-0.027797540765887373,0.02614104216942292,-0.007492841927991651,0.004700095326772301
290,1,1,58,5,-0.08555383125035529,-0.020960856514472256,0.10759339657740125,-0.09576357881995132,-0.022526407302579928,-0.02734504749674186,0.07628216476360992,-0.028070526155894945,-0.011449958563848676,-0.0008953217025286127
290,1,1,59,5,0.0881399336077564,0.0091282775863713,-0.022344132814664523,-0.0002877074134658414,-0.06652406064385591,-0.0416356928129426,0.03278987237614354,-0.03373140979637512,0.010285228213612435,0.004289612935710208
290,2,1,0,9,-0.0013472405846434142,0.0019268754562417503,-0.0020310194796483243,0.00504312485442017,-0.00011678986299639164,-0.0030382922676808494,-0.0011762164450307587,0.0007356269048120145,-0.00011764352565866719,-2.8276676704377048e-05
290,2,1,1,9,0.014148841381829797,-0.01887336524788154,0.02959194084811424,-0.05627399633760993,0.006418185783666713,0.02128067878425477,0.04067838562149496,-0.008291025179226585,0.0017514511240534637,-0.0032738189748887556
290,2,1,2,9,-0.12339160572320607,-0.00847846224717692,0.017643768305364637,-0.005816049569222248,0.05935424001946549,0.02032721284190232,-0.01344800677100846,0.038227555166147315,-0.017211426234775302,-0.006368405790215946
290,2,1,3,9,-0.03661883507304934,-0.011225142282907061,-0.011682055881140716,0.007387085609974656,-0.005840595100306356,-0.013890714923827291,-0.007279532986725054,0.000905500130789254,-0.005301082128099574,-0.004048506491058282
290,2,1,4,9,0.0034763616404609524,-0.01956019988625496,0.0664804587617132,-0.016711278875176698,0.0027738284056722045,0.032727567771312735,0.047494642813511095,-0.00776576259954466,0.0017545658092478426,-0.013760535787634781
290,2,1,5,9,-0.004457008592841181,0.005400922003398229,0.00015252860919901862,0.005971137568915738,-0.00015946938068527942,-0.0031245303166651706,0.005374307032864345,-0.01515233374653636,-0.000406789810560355,5.2986745371657236e-05
290,2,1,6,9,0.00833030154863579,-0.0008133229201026934,-0.00671999612684496,0.009411009643120043,-0.007301698519320612,-0.004378670609001591,0.005339283383706381,-0.008376496846301146,0.0011412002990871693,-0.0011333656690023025
290,2,1,7,9,-0.04269826049973775,-0.00362667202694941,-0.02537533994225728,0.0030156946251207006,0.0022764655918720575,-0.008011767290574961,0.001221914660093837,0.0043201691842498155,-0.00632598652870487,-0.0023318372042612995
290,2,1,8,9,0.008795055426358252,-0.0016818132759935038,0.0005953020757764547,0.0035066424494607524,-0.007363720060327438,-0.006645669428687299,-0.003543748401049305,-0.006921974014016013,0.001050577667232473,-0.0016883708459374653
290,2,1,9,9,-0.06524827399263518,0.02591742522052891,-0.015416391582231731,-0.030466208249895068,-0.0075546783032700935,-0.0002465302263748497,0.060784720118216284,0.013520798987129115,-0.011362219763357525,-0.017641080379044122
290,2,1,10,9,-0.13911810562385318,-0.014205748895968841,-0.047782789987552116,-0.01841207740100117,-0.01608555308796081,-0.040669828511687066,0.025053498728135372,-0.02581401495695542,-0.020329090048228825,0.006200624177573367
290,2,1,11,9,-0.1689821383326028,0.0012338218350669936,-0.05575370582955427,-0.0691698951968196,0.040868946851271494,0.022053779792911985,-0.06629219798899995,0.002626692781581218,-0.02033964050319726,-0.008250754093155071
290,2,1,12,9,0.03868679750322088,0.008461127851760085,0.025592495418277652,-0.0585079374577723,0.038948932643313526,-0.010582586727683268,-0.005042369168288493,-0.015373044952732402,0.005547733676649998,0.003594373483431717
290,2,1,13,9,0.0017435912825452544,-4.964093829877129e-05,-0.0012227543511842492,0.0013641590136557107,-0.004273622771655919,-0.0012096667466452828,0.0013251967815505385,-0.002088014715076739,0.00022663636719313265,0.00023334441025237276
290,2,1,14,9,0.06452891866931333,-0.033066900824012334,-0.008218751368946403,0.00035703808611320956,0.057677570444537,-0.0027634961100760505,0.011527659546192474,0.047109338377319475,0.010533380098381234,-0.0011756676374813613
290,2,1,15,9,0.04095263049247778,0.004196795219551751,0.10572706977964544,-0.06588395084288207,-0.05754985358426109,0.017184631464324262,0.010735774900449618,-0.16559508088996858,0.0053440363787042216,0.011560584842077037
290,2,1,16,9,-0.11670434610106016,0.004391672233920726,0.06514301417177759,-0.09952785348632615,0.14352525284854717,-0.009908273719060981,-0.10322318594485345,0.14179773733492965,-0.020347393947864296,-0.005002239202138159
290,2,1,17,9,-0.01042895475594804,0.004735498924076089,-0.02368852596505631,0.02369086612411014,0.006147723577541546,0.0034143296214225447,-0.030799000751839223,0.008251048109701382,-0.0007287766202451291,0.003816533228600374
290,2,1,18,9,0.05468236902675305,-0.0648997190959303,0.038950162690229446,0.06889883566425128,0.024359226233195377,-0.012405181847670239,-0.13476499573109738,0.05144769011010642,0.003403567310944472,-0.013578699756111787
290,2,1,19,9,0.014110943014735257,0.014130333749111556,-0.011234170532678962,0.006562829060231569,-0.006509115677309736,-0.02286047340694973,-0.0013503224630629664,-0.022357330545572943,0.00021433061694466565,-0.0020704242333889895
290,2,1,20,9,0.011891279097422708,0.017137538430776336,-0.01408064944717451,0.012948947294342284,-0.0075194853417331915,0.03500887559393271,0.011735597769884766,-0.015720846165257363,0.001458052075964314,0.0007456338215490121
290,2,1,21,9,-0.010772143331816473,-2.8939370172068334e-05,-0.00011335738287378589,0.009304796603380568,-0.0020671466891587615,0.006626254461451343,-0.028022180695688764,0.01959523166635039,-0.0015312595493062549,-3.736396114439121e-05
290,2,1,22,9,0.0488643159395345,-0.003080103239073611,0.015826449495312166,-0.007369403357565192,0.01845317280530852,-0.03372698912053618,0.0008736371386039677,-0.00834765903433371,0.006656081982400859,0.0006057393634961321
290,2,1,23,9,0.016925917884949716,0.06601343212525104,0.03490008225161206,0.018316929869131013,-0.1381736012999454,-0.03104651986278532,0.24875426187679836,-0.13348515585584125,0.004950471732550746,0.023682702716680715
290,2,1,24,9,-0.02312608268676062,-0.0020392161969241,0.04687134938081306,0.034858434131108576,0.109430666460007,0.04084357894354547,-0.06854991688237887,0.14292627518053663,-0.0012408271716321567,-0.02432352103360973
290,2,1,25,9,-0.05658563853060378,0.0137778741731843,-0.004151713526773591,0.030364485416709143,0.003289757273847263,0.01864492219491516,-0.02710019750932304,0.02769083348532071,-0.007857045854365212,-0.004081468517101781
290,2,1,26,9,0.14303657528328173,0.024033526756987448,-0.009687398564508249,0.0027465690026247094,-0.11790041557879871,-0.10434018207641647,0.22693290746994565,-0.12587521217040556,0.020361234666752125,0.025085399970967058
290,2,1,27,9,-0.030727984442937114,0.004233344501678686,0.012107317364700068,-0.026661248178445163,0.02663382160686966,0.01767493480169992,-0.009820044645084233,0.01571801991936413,-0.00403892829064129,-0.0007482797517722343
290,2,1,28,9,0.02488687502057665,-0.004025670324502366,0.0065751188667258105,0.002790338495772866,-0.01945801767703959,0.021203936271200468,0.03451713218176462,0.0327027664794456,0.004574511965903915,-0.012524617036042745
290,2,1,29,9,0.001575111215780311,0.0002220819790457967,-0.0028878705977930766,-0.0008436162168709145,0.004337587878373934,0.0017869705937967448,-0.0056266674405859975,-0.00039423254923252784,0.00030998418924009193,2.3111754104261945e-05
290,2,1,30,9,0.019424372633078186,-0.008628861033130835,0.00890720986603083,0.0007337163864490011,0.008602163959383001,0.0025126977167394334,-0.017888192536971402,0.004392410361527978,0.002361033285615171,0.0031952390124855745
290,2,1,31,9,-4.470305986101891e-05,-0.021176189332082856,0.03597571921884587,-0.046587266904124555,0.04287818874000417,0.03275902284176948,0.004518194942206524,-0.08473513192242733,0.00029221827564500195,-0.007713333985866432
290,2,1,32,9,-0.06131857756344134,0.03852784040180184,-0.1935857125375682,0.044454412919993226,0.07559737477237427,-0.007456511414604771,-0.14342882852469901,0.07946233292204838,-0.006732188053032007,0.021789933622476915
290,2,1,33,9,-0.011748395226113402,0.0034830221530807648,-0.05752864623050699,0.03196453580146236,-0.07947605841552977,-0.013225698853565709,0.03874016874703729,-0.03918526838892902,-0.0029703627552044344,-0.00707883633750186
290,2,1,34,9,-0.02802127931605677,0.0001307102249810596,-0.009086442813281902,-0.0031171335137252848,0.026832581187382434,0.03242205278662807,-0.02700387707603939,0.028733175983757176,-0.00520583940505398,0.002534738327687704
290,2,1,35,9,0.004823664553570993,0.003117572754209668,0.01244120587253491,-0.0017875680978041801,-0.0005646364901254052,0.003503546297881189,-0.001543304128521378,0.009534912339215797,0.0008597501641338988,0.0003759022748649833
290,2,1,36,9,-0.10123041039228853,-0.04152045499674302,0.008343336614582487,-0.052637965260478446,-0.016075232512074537,0.019618881415493946,0.02241335798306853,-0.14576551060522516,-0.012241036398431342,-0.024513733073741748
290,2,1,37,9,0.0029205061888644855,0.0017314915654535756,-0.0019505549687025938,0.0016331906403051094,-0.007458476782689124,0.00016221568207822106,0.013926375753290116,-0.013311948017789225,0.0003628665669579708,-0.002094069134500288
290,2,1,38,9,-0.10543701973838036,-0.023922403509639843,0.09066463693676606,-0.00976534870447968,-0.07081886834531877,-0.041571205227669675,-0.042169793038039805,0.06886077291240976,-0.01121735744190591,-0.000502038973360447
290,2,1,39,9,0.05062849983632137,0.0055942723913436155,0.01180192819733831,0.01237209413780021,-0.003518889817593483,-0.014615198189300694,0.00239032441247647,0.030144372840775705,0.0061617602638558144,0.0066101877791540555
290,2,1,40,9,0.025103008049390543,0.0034501901781028048,-0.0046464509697597516,0.028747094505368512,-0.005537773299115457,-0.015756118439629402,-0.007432988004667715,-0.05955803045957003,0.004073125834800644,0.009635664493392464
290,2,1,41,9,-0.055370889339436194,-0.014837380640788586,-0.00356571930518439,0.021233337739195918,-0.0015656349529247033,0.0026834378480479247,0.0060664143159068875,-0.0038269202833160917,-0.007860327489991888,-0.003689230562667817
290,2,1,42,9,-0.07582678183699931,-0.01518465102910856,-0.002478258615422214,0.02775419722416199,-0.062105100574860114,0.010142923167327256,0.04678062873088057,-0.000667786908013864,-0.009393463237888306,-0.002839230133126085
290,2,1,43,9,-0.061646367484982804,0.07475775379979883,-0.006253693058535683,-0.20014833505831686,0.00861095491438788,0.04419369948551928,0.12663073561022709,-0.24951457052990575,-0.007465756604308203,-0.06800219859999139
290,2,1,44,9,0.11462508882497777,-0.02092897370829052,-0.07076621621335462,0.03337755678734205,-0.028231954051826262,-0.011846099282133676,0.010584150886632044,-0.02234620505251093,0.015784248483378956,-0.0038567750742838553
290,2,1,45,9,-0.02477462668530447,0.047871228326124636,-0.050836946668735644,0.054616640974353925,-0.03213939065092089,-0.02620804846335742,-0.03799949729114627,-0.09101715389927209,-7.565024922835915e-05,-0.013118619585438349
290,2,1,46,9,-0.007905442278886975,0.0032446308528510737,0.009547068123341648,-0.012949983010757846,-0.0007460846778257365,0.0017690401817864378,0.001137031251508443,-0.007317000233413442,-0.00124267928467555,0.0025304876163836643
290,2,1,47,9,0.03333400977705076,0.002948468650575067,0.027981943527933765,-0.008224879899593108,-0.015582151415513546,-0.004999743960102919,0.005117248911768847,0.009547733238489751,0.005031212127889176,0.0027873188835060665
290,2,1,48,9,-0.036403024827038166,0.038025136368386156,0.022053070072566502,-0.026649117359487867,-0.005280291338624854,0.015092401503511509,0.009994132640159097,-0.010956593744291762,-0.005177922329663335,0.012372373892480314
290,2,1,49,9,0.012138881885804064,-0.005191045579686707,0.0010767936934819007,0.0004973695084972511,-0.004187544896661666,-0.0008703124337049135,-0.001991600216622149,-0.0018155623622726868,0.00178050608389388,0.0013890079180736597
290,2,1,50,9,0.017381503716414014,0.005080454953423597,-0.017246017258139564,0.005691233053008056,-0.002904456715626453,-0.0005096020935725394,-0.002677761630679419,0.008056068239164568,0.0023368668481438815,0.0021414339599837087
290,2,1,51,9,-0.09192119269450695,0.023091195626673597,-0.013995882042800669,0.013731995534360417,0.03787370471077946,0.028222149643910267,-0.05379177618806873,0.01149261916182899,-0.010447830415870378,0.015677098462400223
290,2,1,52,9,0.0014153370360640257,0.00027311640910494106,0.0014555689817214263,-0.0010525137130717927,9.823965170334997e-05,0.003841550582684029,-0.0014631330792832778,0.0004782084187692316,0.00013692994779308784,0.0006748483976441675
290,2,1,53,9,0.02569778395176901,-0.001995931004580875,-0.005602914074150525,0.0014228785852044082,-0.003109696365939721,0.0023128590786835176,0.0013671759710612158,-0.0011197829288604275,0.003631940471861806,0.0001401327312941902
290,2,1,54,9,-0.030659897746006352,-0.0046270658096978345,0.04086670994369323,-0.03519676905026906,0.03455521138704012,0.007418693558808754,-0.04862404271543445,0.041545808343982915,-0.004439791215805873,0.0029237948132026332
290,2,1,55,9,0.12485869168567579,0.04533861328219625,0.0652529985819135,-0.009833458849891178,0.025742955004088224,0.030072767487978647,-0.05889814881560569,0.019964823220353527,0.016993553321551974,0.006752303320128067
290,2,1,56,9,-0.006953262363115841,-0.009310665632298043,0.03577511044156502,-0.009723564008999768,0.008996341552983421,-0.019956258152321042,-0.008249086370082604,-0.00736995613188868,-0.001441393097375221,-0.0020959311619120373
290,2,1,57,9,-0.017270238226295982,-0.005100117570345554,-0.0037152508636611216,0.005286896000320779,0.00748936202866436,-0.004725031069313177,-0.009115101651472179,0.012637211312278608,-0.0021097244847887763,-0.0020670956952008493
290,2,1,58,9,0.01716078931338503,-0.005008105684165609,-0.014309710087350009,0.004970840631672754,0.0042820914934377724,0.021365935524105983,0.0011570617487493646,0.011337560861235094,0.001966665470216532,-0.0017787283412032783
290,2,1,59,9,0.30704648514427946,-0.0782538551705637,-0.1987628052108506,0.01695849958498609,-0.05798568673120828,-0.08077171388051016,0.011204287988573662,-0.06293664941553219,0.04288055673548102,-0.008306561804253109
290,3,1,0,17,-0.0016819096534449374,-0.0015181002968196564,0.010299147600398056,-0.011622217314151534,0.004585864858124871,0.0026288818931544944,-0.005620072730764289,0.002760900697337755,-0.00021311339697446403,-0.0004502399542829629
290,3,1,1,17,0.020813878601095303,0.007826791423222805,0.013813909165887527,0.008189827996644656,-0.01732960046135445,0.009442503400238712,0.014096731596155787,-0.023559961419758937,0.0027945071520433734,-0.0012809872155765782
290,3,1,2,17,-0.011102476459401244,-0.00012529912707787917,0.0010458286435851975,0.0066300249030219974,0.009699323698269088,-0.000150638187761063,-0.0007950976154337697,0.012601962965138963,-0.0010168047997408528,0.0005818287522706043
290,3,1,3,17,-0.020700315846844897,-0.012031143276502154,-0.05501685727059088,0.09309050478733245,-0.002893075515090395,-0.0559542222755388,-0.009504386551441504,0.005715896907533468,-0.004548360160483292,-0.018526793338788417
290,3,1,4,17,-0.02126650127560078,-0.002445225303683451,0.021189460514654545,-0.0306454345186747,-0.005149726864264682,0.022617151017767446,0.021380807194797482,-0.008419263143425306,-0.0027145601068256863,-0.0007756412079734777
290,3,1,5,17,-0.050989398843969594,0.009142350535546379,-0.012369798003420708,0.008236482383176716,0.006057295717537333,0.009006279314943627,-0.0010456124682023359,-0.0018133289018973865,-0.006786860702173022,-0.0005687091317093704
290,3,1,6,17,-0.11581250630741684,0.017074414017663648,-0.03460465149846112,0.02135432705298932,-0.00023359993164236893,0.01331512118376691,-0.016228197355118164,0.026378726144348996,-0.015451347814259081,-0.007950741751680267
290,3,1,7,17,-0.020167110214198203,0.03277189008079763,-0.0333427341831674,0.017353405501016547,0.0022118610356966608,-0.007997045199073202,-0.008898818126361032,0.011745981589754569,-0.0029363630187908447,0.007921180667675859
290,3,1,8,17,-0.0024794234336199443,-0.0005842258942322885,0.08547404186561426,-0.03839038012699343,-0.08368282474288483,0.07994196593824925,0.07800347027322274,-0.08078107957910338,-0.0016088608697339413,-0.0011401102140091849
290,3,1,9,17,-0.010257115528085345,0.00824921587758283,0.03347454352821679,-0.048070552067373665,0.01708413998706509,-0.040422473430694036,-0.02596073303568557,-0.007374050471813458,-0.0003141438477479582,0.0064466143903800285
290,3,1,10,17,-0.00011058962940701326,1.2614870834135764e-05,1.0600702650247787e-06,-2.903644174907785e-05,1.575318705501028e-05,6.692710104666771e-05,-5.0763157970437114e-05,7.272932846963657e-05,-1.2201573026592467e-05,4.199754358623802e-06
290,3,1,11,17,0.0014010162986503665,0.001110486236356646,-0.0028764059670197887,0.000976019405227167,-0.000376996629157463,0.0008929717934843142,0.00014177595625372214,0.0010036699401203553,0.00020432054039769656,-2.427957467174046e-05
290,3,1,12,17,-0.007514374135685013,0.0004870357547089851,-0.009751849000649118,0.004981800251832006,-0.0070909879397846425,-0.018417545242683263,0.020550519350424075,-0.01817597482180512,-0.0013790711196252558,-0.005203231698297569
290,3,1,13,17,0.044599748736860574,0.004896982173850521,0.0033813485539226115,-0.03606193129750638,-0.0048248315450818095,-0.015475793768786248,0.008265810925587713,-0.029611552500595256,0.005003702287004236,-0.0013537992525573426
290,3,1,14,17,-0.02527778103022042,0.008045400860704453,0.014960587557938986,-0.023713320872009894,0.003437450346583362,0.009594041078090759,-0.0009685400267956828,-0.013375864447981353,-0.0032385709680772226,-0.0034344096895852503
290,3,1,15,17,-0.001609720870730928,-0.0005073522702528443,0.0014039633791220589,-7.217250483084812e-05,0.0008685390151973296,-0.0009275775321858403,-0.0020580725155671126,0.0005609910390763129,-0.00014326066337904875,-0.0005537131170403206
290,3,1,16,17,-0.009576690735586126,0.010006722919860149,-0.012228547125475407,0.019564438061321077,-0.0032638296360219072,0.009463304917708646,0.0036418876936923643,0.01348062515804755,-0.0005691362487748411,-0.00010524197418288207
290,3,1,17,17,0.002259222243000661,-0.0006306619301099788,0.0013967248058440024,-0.00011624931334909349,-0.0021167969120496175,-0.0031260049880195333,-0.0010981423913132837,-0.0013870898719791028,0.0002319311214599286,0.0001543606816481009
290,3,1,18,17,-0.10753789798073708,-0.01252851574893765,0.004734823087223314,0.04538010261943937,-0.05317227897251682,-0.09997331059873184,0.03273616926487251,-0.012922176237307717,-0.012949691664417172,-0.0004431449545150257
290,3,1,19,17,-0.0016415562910268887,-0.0018007117497356288,0.005588369291786045,-0.0026060326919086123,0.002351018497496083,0.0035409256330512515,-0.004910192080553769,0.005016558860958754,6.353997890124826e-05,-0.001121243219917007
290,3,1,20,17,-0.00990134772349916,-0.008722262754557831,-0.008406047097302864,0.0073358200652820634,-0.0019103587345812901,-0.024157449237587534,0.003842760802838044,-0.006220347145895621,-0.0018776135552929436,0.005114275820498498
290,3,1,21,17,0.05763866359756574,0.014489653926290319,0.05765765338333578,0.003545470101691141,0.0064233136780392965,-0.007483624300373292,-0.013693868732910673,0.019442557876757242,0.006733772876370965,0.011466905539070057
290,3,1,22,17,0.03065491858380555,-0.02327828787453238,0.004822717328972688,-0.00467156675752032,-0.009420779531517466,-0.04069060791456644,-0.026684422968392078,0.05135775650065259,0.0047922982612932236,-0.009033299463946359
290,3,1,23,17,0.014986988346453501,0.007460085648967069,-0.030170732961653755,0.011855736943874382,-0.012158555994938473,0.02751522766942807,0.005955715089830659,0.0029854262771115037,0.002207369303648238,0.001914286266636823
290,3,1,24,17,0.004394107509300611,-0.009862188716006266,0.02128796574404206,-0.012309683837603787,0.024215142238120897,-0.001626318048846395,-0.012546970495308512,0.005062148778524944,0.00038935023455715425,-0.00014322493048721252
290,3,1,25,17,-0.02142033393089537,-0.002898703150770517,0.0057531359729960894,-0.001855808945426276,-0.00465260316079235,-0.0003248950340568361,0.0011100921442007967,0.0010063254961843787,-0.002947471931733087,-0.0021217667068812113
290,3,1,26,17,-0.011319187502304939,-0.0021225965647664697,0.004348404539960096,0.0007663350512545843,0.004321529840787917,-0.007130088737423528,-0.0028075678970195172,0.008856384084226161,-0.0016671244248015137,-0.0005424723817833548
290,3,1,27,17,-9.580995037009893e-05,0.0003425704455452056,-0.0015390376896964246,0.0011080457796692686,-0.0007977456330531894,-0.0011025732786333954,0.0002874964113507404,-0.0020408445861466065,3.8074204152801653e-06,0.00016107437426565046
290,3,1,28,17,0.022284391482230045,0.014787560096926066,-0.013858271764458249,0.017796750226285858,0.0061308292187452,-0.0025504411098192393,0.005885484382088878,0.011869343730948409,0.0024405947592508036,-0.0012580018075739974
290,3,1,29,17,-0.0035592829726752177,-0.013584193730475124,-0.022745705837129603,0.018771694067136094,0.012465569395152615,-0.004417078492494074,-0.028857770302662213,0.02014691756171105,-5.382150258497664e-05,-0.007038949344104494
290,3,1,30,17,-0.00651279204199458,-0.010491542272066823,0.0026006407954210662,0.000790868268134724,-0.011289128194245426,0.012590442276662613,0.011248936120101157,-0.009088574071733028,-0.0002972766412221621,-0.0010121772892726253
290,3,1,31,17,0.015298220703756029,0.00028864643069062047,-0.002467548126233673,0.0014298554127527437,-0.010177390854041955,-0.002007535340192063,0.003764591699602567,-0.012966176297041769,0.00184688819838906,-0.0004207524303185747
290,3,1,32,17,0.0059467873449859975,0.006774081838408859,-0.01384393780211128,-0.001700452244871706,0.0017326462018521316,0.006623493029834209,-0.0031676532162712946,0.00769447360214871,0.00037454079405921365,0.005286432404660064
290,3,1,33,17,-0.0801642571975134,0.0026730611220851233,-0.00840351970056492,0.0021284822124352917,0.01719660654744914,0.07590888237312614,0.004475097365672848,0.024702885167689245,-0.010718898838480906,-0.008470545261866065
290,3,1,34,17,-0.005787316718781162,-0.0007572559714424373,-0.0036316923111319797,0.002793818938961027,-0.004425494158518067,0.0019294776075329306,0.0017060060774194371,-0.0019760078065218264,-0.000571090890672034,-0.000664368970696666
290,3,1,35,17,-0.0008146670679920522,-0.0007156744146486687,-0.003878191632204851,0.003240436074499756,0.001527500824623617,0.0004555774067135183,-0.001881909868506906,0.001341576412246849,-0.00014399507913090634,-0.00013886566317422472
290,3,1,36,17,-0.00312052136409343,0.00301567793133745,0.001370316937645755,-0.001814271696859021,0.0016030465761960884,0.005347172366574748,0.0015435853723415917,0.0008789730815077671,-0.00041552841013665687,0.001054393707823037
290,3,1,37,17,-0.01206728358792053,-0.013974353720524597,-0.01826719727550485,-0.003977693870468558,0.01221870453213011,0.020679539490947346,-0.01457764135888624,0.0031136149817557104,-0.0012887740015009373,-0.00492948763888041
290,3,1,38,17,-0.03453494430450974,0.0014175945280258469,0.007627439339916486,-0.010620395589249815,-0.007649180045776252,-0.006718545334570092,-0.007149600295996712,0.004255348512414957,-0.00450088508314702,-0.0009310541219834653
290,3,1,39,17,-0.05883826961623903,-0.010239294407763099,-0.03900403372922168,0.03152204045084819,0.003485260866242612,-0.007616288949219305,-0.004075516550385214,-0.04331338676793242,-0.0071384052850418135,-0.00319155483014006
290,3,1,40,17,-0.0350205225887033,-0.008408782096210855,0.016906172058222233,-0.0096311034638902,0.03248673609752168,0.026433740997785823,-0.023167847258775062,0.017179210163955613,-0.004354001823302651,-0.0038914153158281445
290,3,1,41,17,-0.0003225691058090045,0.000205442032162363,-7.360381296900996e-06,5.3419048681156184e-05,0.0004530310449307029,-0.0004564419344923687,-0.0006029822934754264,0.0004673173481680557,-4.207628192492296e-05,3.256306301001205e-06
290,3,1,42,17,0.010270903099122477,-0.010889289960209,-0.021572631224133165,-0.00038497909615381687,0.019389322279761305,-0.013198610068460119,0.0065102606382619445,-0.012466576067695266,0.002551421771539365,-0.002116761103524476
290,3,1,43,17,0.004034910315666016,0.0035499032439092366,0.0002179189761592147,0.000897566030220256,0.008684618921866106,0.00708018033398507,-0.01148308004762667,0.004244694375892994,0.00036810814399310864,-5.938281378133694e-05
290,3,1,44,17,0.001974015076199029,-0.00027003980066327534,-0.0001061298459462707,-0.009827057659480522,-0.00776376807380613,-0.0008962603830522374,0.011494006527719564,0.003967221605398791,0.00034296170004827995,-0.0012159751140731162
290,3,1,45,17,0.012691378126214386,0.021721063835069936,0.0024641744901046686,-0.004780853675088525,-0.004323715195073332,-0.0038470975830090437,-0.009241077699806262,-0.0034491041247424795,0.0016202378491299704,0.009714366157887693
290,3,1,46,17,0.0551130279010893,-0.00024763755804036374,0.005182403200911284,0.008861585705933494,0.0014413463966879126,-0.0005083448955894968,0.01209404254514026,0.0028858578682512117,0.007197792741085271,-0.0022643192366180714
290,3,1,47,17,-0.0032813784048679184,-0.0034492002886735177,0.01151709702320164,0.005625290424021623,0.01010487305492084,0.008659773266624468,-0.003073707036469836,0.00844118789431853,-0.0008516360463272865,0.0013261370458005533
290,3,1,48,17,-0.050414005854207564,-0.0007357869493719589,0.0051583889651985555,0.005929807466982053,-0.023075458002878375,-0.026370089142641908,0.030231491743594734,-0.024966645676238415,-0.006443467268907228,-0.0024892675027653214
290,3,1,49,17,-0.01266187447285953,-0.02208825876042467,0.030157487358452806,-0.01568771548653346,-0.0243797811031675,0.003093849273601338,0.013064961590061402,-0.029802218723618008,-0.0009371401371208658,-0.006246492333330063
290,3,1,50,17,-0.1276911349039148,-0.03899467244847787,0.020577692188622716,0.0005278866535481202,-0.03061248301078874,-0.0844780951255111,-0.015356731437552874,-0.0512371586000607,-0.01776491813080896,-0.011613824138928587
290,3,1,51,17,-0.10110771456394228,0.0788559825216161,-0.05488510377970451,0.06400202144027885,-0.04733389173971036,0.06833413832373678,-0.04563705208380206,0.02201338502608854,-0.012035065922691062,0.00898154605805243
290,3,1,52,17,0.0030777893704807464,0.0064822416945263745,-0.003956680703873277,0.0009975305516329218,-0.0038019825070885827,0.007605020741457815,0.0069424571050006635,-0.0018602825764579259,0.0005348290595108786,0.0075212203098428704
290,3,1,53,17,0.03542744093193123,-0.024241850682725354,0.12697905956371766,-0.10926797937540578,0.05992461768746718,0.12692642871564713,0.03267318021300122,-0.0384379223683405,0.004703520132360493,0.0070148076993841795
290,3,1,54,17,5.8866462799498955e-05,-0.00013097348125809544,-0.00010926248999555524,5.0793895433876637e-05,0.00010112513272075744,8.302699992736054e-05,4.948693422927201e-05,0.00010958983184949484,1.7605902633270894e-05,1.365606128966675e-05
290,3,1,55,17,-0.011569926080370592,0.0002547119948262474,-0.004083476106267593,0.0014191808274769061,0.00309127771699544,-0.0019506029726240775,-0.006465536170782682,0.004048577530463019,-0.0013387055854061775,-0.0015943595393652127
290,3,1,56,17,-0.028035494276382782,-0.004738607057152207,-0.014497851522383195,-0.011926706547702465,0.0020227274939916737,0.011622368241989582,0.011680108646722176,0.006285064005264064,-0.0038079923876313936,-0.0015618035587162823
290,3,1,57,17,0.02060621138277509,-0.008542557752948203,-0.02177165835742815,-0.005735522139599526,-0.03576615605940297,-0.01465474030181835,0.02923004372102976,-0.021352745225809475,0.003688499139699882,-0.006283639879948477
290,3,1,58,17,0.006133569043835566,-5.9848030436895504e-05,-7.721741624407942e-05,0.0024467676415135605,-0.003185830321310629,-0.0039147553188933265,0.0008503188069100021,-0.0009883854344639074,0.0009068071415223732,0.00015788519613214392
290,3,1,59,17,0.003965884435479323,-0.001396245579601995,-0.00409583579813475,-0.010520936069186398,0.007350941737212266,0.005872619816067336,-0.006202732879546085,0.006699849125906493,0.0006592704235555499,-0.00033303065295206324
290,4,1,0,33,0.03275666914878415,-0.008303967406467796,-0.006699698940959523,-0.0006288073435042745,-0.012523608169392221,0.008042815481261525,0.003451890909147908,0.0022927914803446453,0.0041684240340159485,-0.000535761148079305
290,4,1,1,33,-0.00034076053053539,0.0006633689519058225,0.014912742973765375,-0.01733710716946732,0.0011539386958266053,-0.007046630879572683,-0.005086685380283433,0.006708325766287383,0.00013832877904512486,-0.0010836700624639864
290,4,1,2,33,-0.009388761010562473,-0.001327808699301959,0.006627924461396788,0.0019188733672944316,-0.019526688479445456,0.009455666754727633,0.011843783673456194,-0.012642416485166556,-0.0015769798633647216,-0.0014440385567071814
290,4,1,3,33,-0.004673937474262972,0.0011574221151808295,-0.00814629336323481,0.004019827300790261,-0.0017760488970666787,0.0035769167145019392,0.00034542941827956546,-0.003364273121853986,-0.0007468182895993242,-0.0020238818758165026
290,4,1,4,33,0.005134401909412898,0.0009857155912829784,-0.004901369762971295,0.00140542199589083,0.0006765763106985565,-0.0006879076575064105,0.0041881422874157,-0.0007391596350609388,0.0007741533245106333,0.0008576197024510421
290,4,1,5,33,0.005778675509532216,-0.014496710952232282,0.017641083751558206,-0.03718099382121373,0.0007748948448215074,0.015747761254159436,0.013047554551139923,0.009852812185160575,0.0009551741670816461,-0.0018654348233949492
290,4,1,6,33,0.003468563022686232,-0.003453366223825353,-0.0070772110594196835,-0.004853218415152684,-0.001202776176029416,-0.00033441748703351616,-0.0025788083800862643,0.002201621803930934,0.00047952014703910923,0.0016846664256831836
290,4,1,7,33,0.007597456265607131,-0.004544350814078856,0.00338162051179683,-0.0037858237829851604,0.0036112590754613138,-0.0036784278822309014,-0.012092660997884598,0.0033924833677765414,0.0010415593562189084,-0.0006845789879196206
290,4,1,8,33,-0.003993175861494589,-2.28420745432228e-05,-0.002223066683840512,0.0005241299537851076,0.003889517084668558,0.003643554214387797,-0.006588473597769867,0.006262280195571025,-0.0005053514932777086,-0.0005939735005448148
290,4,1,9,33,0.0030531705083045235,0.0022990247814510326,-0.009006374143871386,0.017627970036201927,0.006685646958967425,-0.0005760124650255659,-0.013619489447479375,0.017598406543813082,0.0003083304013625501,0.0022670443385197254
290,4,1,10,33,-0.011616801502148038,-0.004493386923115541,-0.0006048442328626681,-0.0037782826863571673,0.001094636727594051,-0.00350970812629902,0.005238074312879477,-0.00011427508865594653,-0.001401717358767334,-0.0018025148939943224
290,4,1,11,33,0.024924682221576566,0.0015561196293559316,-0.0007884345854994775,0.003839093000622109,0.004559653885318605,0.00010867979499536231,-0.009580736255234912,0.0038842498941715907,0.003519587096708416,-0.0006992201129030592
290,4,1,12,33,-0.0051686725484570845,-0.0003082322515264795,-0.002526809953790898,-0.000716712708312296,-0.0028597860547590263,-0.0013509044031695964,0.002650513430786825,-0.003131279305946681,-0.0008360837381637861,0.00024157486989273729
290,4,1,13,33,0.013104265696308728,0.0039061162037984216,-0.006423015663940411,-0.00011159056276068344,0.003575677031807762,-0.0033216284646143896,-0.0012301345829794637,-0.0035007957288574524,0.0016566603308686841,-0.00037540950237739787
290,4,1,14,33,0.010377256798379256,-0.002030665654538711,0.01061293652306363,0.006456435179539958,0.006973108663399893,-0.026767997616425804,-0.0238254617991749,0.01811542372671764,0.0008878746571753852,-0.006617335418737245
290,4,1,15,33,0.014315739685482564,-0.0018735403126941845,-0.01718176997900043,0.014035370232539899,-0.0020108413549661023,-0.004800302395241873,0.0038048677712251046,0.00224543330710097,0.0020984158399132164,-0.0026066608111407295
290,4,1,16,33,0.0025216648050155883,-5.0520517357732404e-05,-0.0013596685181710094,0.0007492407821373856,-0.0006155034563865288,-0.0007315693720556864,-7.575955770704263e-05,-0.0007234253957681521,0.0003867867175222021,0.00015243169637254786
290,4,1,17,33,-0.07643200088137647,-0.022847235684629753,0.011675086756562593,-0.0059001813884626084,0.039468638713017666,0.04333073943773961,-0.0012047717320939303,0.022324489315724685,-0.010839960672330937,-0.00897058803977019
290,4,1,18,33,0.008379554340925143,0.0010438274806162057,-0.0006631202809825065,0.0005194961567289325,0.0020447019870642237,-0.0010781697392795244,-0.0038834969786040465,0.008508240264175283,0.0010963168347159684,-0.00020765832858035257
290,4,1,19,33,0.006168359456271136,0.0014108380816472456,-0.0011151878053516184,-0.0011536830359582298,-0.0016367768008547965,-7.780495540505494e-05,0.0013635493496548868,0.00017326990164065101,0.0008886771791813912,0.0004621957510250698
290,4,1,20,33,-0.007680234619067171,-0.0010549194959717622,0.011706609628368404,-0.012319554862962066,0.0031492922563684782,0.0021906411864146005,0.0165752533856044,0.0027801087759201826,-0.0008566553469236309,-0.004709108759345285
290,4,1,21,33,0.00029186926944220183,-0.0011604061988387138,0.007080423122541286,0.0035325137001453936,-0.013942949632686547,-0.004919601370275298,0.01501698269992113,-0.00795268047996538,0.00010101820904167618,-0.00019408449124151269
290,4,1,22,33,-0.03766788227679732,0.024851275889707362,0.01241581347345928,-0.0015270909545941455,-0.04038756399303353,0.04393125124399827,0.04184295020312252,-0.038725609319497686,-0.005302869497221872,-0.009903646441528696
290,4,1,23,33,0.003006261572557646,0.0016302963883726542,0.0013876783316065363,0.0005213089432776115,-0.0010351498818320167,0.0003954760462215777,0.0008388206805204109,-0.0011985593488531084,0.00033900435252935495,0.00045405588646484996
290,4,1,24,33,0.001920787995015167,0.00147551998984761,-0.0012631727508176712,0.0018611461613117608,0.0005970098845190843,0.0021289735646016954,0.00020877852110648548,-0.0016070429321897502,0.00014264015779106394,0.0020003803538771346
290,4,1,25,33,0.002854954359173844,-0.00033521721988618577,0.0008689299198339785,-0.0036122067480879047,0.0018059655124982726,0.0028522560271028985,-0.00041020779763028907,-0.0025934244840317973,0.0005105154245869667,0.00015203423902023847
290,4,1,26,33,0.0056245320801646655,-0.014621649684252223,-0.006021492085199903,-0.006789196468045726,0.0015554822188915628,0.011355233040655112,0.011732452635286328,-0.0022754544508548154,0.0012323371358858813,-0.0047745288367977996
290,4,1,27,33,-0.0047078030431209625,-0.0024507630915845935,-0.003254119912952354,0.005358978753759558,-0.0021228848589717503,-0.0011137607977428543,0.00572164659123378,0.0012512736666545992,-0.0007597661566640567,0.0003103153173039065
290,4,1,28,33,0.00017377427652960623,0.0002669816890086364,0.0013461858539036357,-0.0004841428832392715,-0.00275788114232277,-0.004480874251192324,0.001498546067607076,-0.002213969407223783,7.560919801156029e-05,-0.0003356994302599538
290,4,1,29,33,0.00944820595491397,0.0007463520219791012,-0.006466347419129245,0.004920673760157228,-0.00019822494630315166,-0.0035592498698858617,0.002534743009585723,0.003546210674080189,0.0009967988401238387,-0.004067125423206189
290,4,1,30,33,-0.005897418693643833,-0.0010026268595710512,0.004889030744468525,0.001493923973320969,0.004632427884422598,-0.01757960450647855,-0.007675482832030554,0.0028189472628545324,-0.0006212249992407653,0.0019202635948609738
290,4,1,31,33,0.007986751931606096,0.0001611566021326437,0.0008530572624033054,0.0005384060799456476,-0.0006059066173041048,-0.00234397266119111,-0.0013910699924669107,0.0003068367700936621,0.0008860427742646815,-0.00012910091957871544
290,4,1,32,33,0.021953384223296832,-0.0001890104444905865,-0.014909251034784458,0.008696353863511898,-0.00811616004195922,-0.0007026235812813141,0.01010812538894519,-0.003950444853305263,0.0028363136683604087,-0.0045462071243370945
290,4,1,33,33,0.004643226178815311,-0.002174432081977325,0.008094190390923676,-0.008312493455279141,-0.0036466174614189317,0.0061220900573983605,-0.0003219596463531459,0.0020640916399939082,0.0003765645129063159,0.0021656294396928764
290,4,1,34,33,-0.04729046390362,0.0018973498546781939,0.006026023683095007,-0.008199351701692753,-0.0064177559240535245,0.004115845936683623,-0.0007904966444073784,-0.00873283830852662,-0.006082641455573212,0.004504897896913171
290,4,1,35,33,0.03748572054767057,0.0002819387437409381,-0.013467964557095927,0.03895808311575258,0.054827171594700956,0.0539623770106172,-0.019916464847912888,0.012908648987644898,0.004148119159912071,-0.01746567544707736
290,4,1,36,33,-0.000681682266575538,0.006139688761669391,-0.0016372222552940028,-0.002144106839398467,0.0034054031682290305,-0.0016105587931681314,0.0002328081344585641,0.0017748072914427937,-8.343235254180824e-05,0.003808106208572388
290,4,1,37,33,-0.00359448297872636,0.0010071520339040617,0.006057256667099951,-0.003439206714869256,0.00661673227715328,0.003189193497322566,-0.008477759169441873,0.005693265920293431,-0.00043797886889338866,-6.731293547773022e-06
290,4,1,38,33,0.018985729129088216,0.01261189774463748,-0.011181325276849003,0.00765477805863527,0.016784547907935054,0.0051792866068760485,-0.022927848684176962,0.023507816779376217,0.002834148528173085,0.002646711215554125
290,4,1,39,33,-0.002851279445136749,0.00608155908524525,-0.007622942048743245,0.0016932231756699393,0.0006282312441414882,-0.008741971004231344,-0.0028483908070737448,0.011323302751858354,-7.67897493920741e-05,0.004603157339064022
290,4,1,40,33,0.00834529739050498,0.004477055884373247,-0.01656957008147864,0.010638205365940795,-0.017085041232869833,-0.013279928059963956,0.016493683428863776,-0.01286348387906382,0.00036142111925415284,0.0047776909339076155
290,4,1,41,33,-0.012436577110768643,-0.001368898381964086,0.00015605555989330118,-0.004144781425555446,-0.0019389899286215062,-0.00386613069785291,0.002775839956413422,0.0028381202143815476,-0.0017579449407274972,-0.00011485079522531488
290,4,1,42,33,-0.0002688843064290177,-0.00012443820017066172,1.7885198289579894e-05,7.076095400037163e-05,8.773395635580325e-05,-8.370097734180848e-05,-0.0001705634860581025,5.5212501882773975e-06,-4.4530112586328405e-05,5.089138149084447e-06
290,4,1,43,33,-0.001182918471776154,0.00029283836654302544,0.00015241637421052726,0.0003279735848948131,-0.002510559579743808,-0.0023427127365315365,0.0015634189950193096,-0.0030430482522526637,-0.00016044133660971557,3.907120914139519e-05
290,4,1,44,33,-0.0062284700769167645,-0.00111122598123386,0.00011051662068136259,0.0009278914964103768,-0.0024312576474955472,-0.000662365064703702,0.0012977602720446373,-0.0007672917848335212,-0.000877843673046733,-0.0005265711492957268
290,4,1,45,33,-0.08949931317350392,-0.02920550883124615,-0.051803563621855286,0.030126503269096397,-0.00696990707108113,0.010653194771365457,-0.006963496135462642,0.007764523451308379,-0.01085908153874724,-0.0058702182961560675
290,4,1,46,33,-0.0005436940314326467,-0.0001334036085720622,-2.9815919988528682e-05,0.00025392698383028224,-0.00016770852509297003,0.00023520312233251612,0.00030351880853142857,-0.0002712220051233494,-7.684317985842001e-05,-6.723151115378631e-05
290,4,1,47,33,-0.003343810052002335,0.0012002889415299515,0.004468665998198171,-0.0028486762053645132,0.003902979055549558,0.0035013644213515607,-8.797356528741116e-07,0.0025363445325544856,-0.0003837749122718763,0.000766929955750802
290,4,1,48,33,0.03044082235654159,0.006450244340586291,-0.0053435138535573344,-0.017641401070605352,0.012225609552485098,0.00587983818285976,0.009063344447886808,0.01632062041069966,0.003705877399555066,0.0025162908409554793
290,4,1,49,33,0.0009590995299618544,-0.0005015207166510067,0.0009243775702628207,-0.0009553071732767995,-0.0029331057749797298,0.00017871330304029614,0.003660955796199797,-0.0025652121791565966,0.0001343560028218122,0.00015280319281875092
290,4,1,50,33,0.026523564003574383,-9.178959966837053e-05,0.014483166817306454,-0.0075667042324255255,-0.023365330874430903,-0.008730543166295832,0.013621970710897633,-0.014316566588733379,0.0029213619889546074,0.0027036046249916757
290,4,1,51,33,-0.005192488567992371,-0.0003876696904571621,-0.00152674356326008,0.0003760273591344927,0.00022268094571666064,-0.0006715040050948659,0.0027202742353290422,0.0015168290499270563,-0.0007370053272445771,-0.00016872572772646884
290,4,1,52,33,0.002278618725479192,0.0013233596713885217,-0.0007093849498570853,0.002883833641475521,-0.003741189995794252,-0.0017457481666010085,-5.376745678814285e-05,-0.0022003746366438875,0.00028263175824157726,-0.0003819692621641886
290,4,1,53,33,-0.001801123248791645,8.272213672953388e-05,0.0002392843098891866,0.00024146534964944585,0.0003302980771354811,-0.0008124807418148554,-0.0004245400854964544,0.0005637939795167608,-0.0002513303262648511,-9.261436002342639e-05
290,4,1,54,33,0.03171365369607199,-0.012018655187148609,-0.01027126677472831,0.013278911729586474,-0.016504511233249367,-0.030333641874667853,-3.479477336470876e-05,0.0023151414905242113,0.0054686205226141165,-0.0022586526032625084
290,4,1,55,33,-0.0003142720169357427,9.020245952504048e-05,-0.00014184919177109764,0.00012201266273441568,-8.687654984826321e-06,-0.00013108157394243396,1.0445740231707465e-05,-0.00011746434411256384,-4.30626967808227e-05,-6.353137902895083e-05
290,4,1,56,33,0.04230504152990091,0.002725385490113163,0.007129876394336062,-0.00505358212232632,0.00933662971123432,0.012219918966266667,-0.0015913650301151994,0.009427205699138462,0.005489229826285443,0.007093951032960968
290,4,1,57,33,0.033025037500308295,-0.013693744170370035,0.027815278702827587,0.005284900226259923,-0.005818342212545718,-0.019195974455896832,0.028899524725038657,0.013453586486963294,0.006069749599870668,-0.002752243193474262
290,4,1,58,33,-0.016146897593078528,-0.0006180351888799536,-0.02157882726649278,0.0010469686993801683,-0.001996014532207277,0.01682884347820166,0.009261125554114184,-0.03136496263965937,-0.0029683830766385768,0.006668682211002544
290,4,1,59,33,0.027648355353567123,-0.007991099735718538,0.0011059984312466837,-0.0375904526097982,0.018408807788648424,0.01593399196174529,0.00931161506137558,0.003947757014247944,0.0028237494175555326,-0.0003430615463593362
290,5,1,0,65,0.005145013833523289,-0.0011383360080951834,0.001308601242058132,0.0007849770876253869,0.0022690164225558015,-0.0023268908104398297,-0.0025145279733659177,0.0016736226890621605,0.0006333785559220886,-0.00032341618318280923
290,5,1,1,65,-0.0023753768768605904,0.0003298329753000434,-0.0012570593954799665,4.981606746896512e-05,0.0013054072292231168,-0.0005414701051086679,-0.0013171173844617285,-1.9029047250639514e-05,-0.0003175895876422919,-0.0002733923143179604
290,5,1,2,65,0.0019282441002885945,-0.0006054203482575467,-0.00024071385200932698,0.0008436337188063343,0.00018938683284371562,0.001397926608758715,0.002537384161760227,-0.0008250145503419482,0.00037124549446222694,-0.0001684613407388622
290,5,1,3,65,-0.004230545313622329,-0.0006841214380813267,0.0010891709360413772,-0.0006302390138462267,0.0015760983386338145,0.002778508942422705,-0.0024164873572770844,0.002356929467899971,-0.0005859210851279527,-4.202306484301678e-05
290,5,1,4,65,-0.0018423488811539189,-0.003951268362117977,0.010373245588266605,0.006104574855419471,0.005202444505271609,-0.0010363713519374292,-0.01170099914878555,6.797010513366993e-05,-0.0002703912550195923,-0.002544466376938996
290,5,1,5,65,-0.0016872828797833573,0.0004885902877400831,0.0005381774237149256,-0.0019544329014991244,-1.9777799012981186e-05,0.0026120438959115295,0.0013775846011819671,-0.000334604392459808,-0.00014544844904664729,0.00017109498232443154
290,5,1,6,65,-0.02308629990290723,0.005082140672711711,0.011377644818167542,-0.019873372616462354,0.010357844739926477,-0.0024744408993518908,-0.007996979358450496,-0.005333402295897822,-0.0031466589446977377,-0.002674960851482278
290,5,1,7,65,-0.002016343980910546,-0.0008411141417375798,0.0019206589851647252,0.0009499287872827727,-0.0007074337176833167,0.00041039643226751745,8.185866861420022e-05,0.0005253625142037845,-0.00028214575576513844,-0.00047691697035764273
290,5,1,8,65,0.0012140990561600117,-0.0026529894352579197,-0.004726891436332428,0.00026807940006517403,-0.0019065632581710353,0.0031362804887517053,0.001880836848056176,-0.0025546565651784216,0.0002174118972538083,7.975315437709824e-05
290,5,1,9,65,0.0006075134729252732,-6.953344671380047e-05,0.00027885899581721704,-0.00026007942458266143,-5.313336288255811e-06,1.8624753257244185e-06,0.00041853556187432787,-6.764383976128665e-05,6.665005500045763e-05,-4.788423390108353e-05
290,5,1,10,65,0.0020562401892824204,-0.002097643226247932,-0.0018485678593417848,-0.0004605647597680205,0.003664983811142942,0.006101446956583525,-0.004485798019966157,0.0017672222972651113,0.00022782627046296025,-7.372517547484072e-05
290,5,1,11,65,0.0006717007415509753,0.00043938388136158946,-7.503288824372984e-05,-0.00021293076699848063,-0.0011657897669748684,0.0016194277249333127,0.002896462249533566,-0.002446067039700695,0.00010422525345125659,0.0003311346007273066
290,5,1,12,65,-0.0008443812350796955,-0.00027115605950833683,-0.0015253980858654184,0.0007872171215694754,-0.0017645244806931833,-0.0005412314464820209,-4.257345818691042e-05,-0.001386735555462863,-4.476795743477125e-05,-0.00016633984032231113
290,5,1,13,65,-0.0101122954879391,-0.0010402465753121437,-0.005422914879422229,-0.0015456858382152246,0.001269494438292595,-0.006451975609548699,-0.0041593329645880014,-0.0026460644931907773,-0.0013742105078287327,0.0004311976602935283
290,5,1,14,65,0.03437822715424739,0.0034796892671844297,0.0038586965492464586,-0.02148329259170739,0.006295718753585346,0.006871906356995939,-0.008073469088530313,-0.0038776712390501326,0.004475527849017605,0.0020018431084364375
290,5,1,15,65,0.0007373857112972076,6.29428458966831e-05,-0.004072063768436529,0.003153714709428293,-9.765431023773119e-05,-0.0018918790698407005,-0.0007623984166472985,0.0007528922382105376,8.398743012462028e-05,0.00012365835048611345
290,5,1,16,65,-0.0170431135332524,0.0009889449568276872,-0.008291612090602267,0.0014570204139473227,0.004124687359646612,0.010276741801538892,-0.0040387615242751754,-0.003046060818758374,-0.0023274601248121406,-0.0022350756610841566
290,5,1,17,65,-0.004048139396973857,0.00015269726795290032,0.009792895938310921,-0.006433121096620185,0.00413417743335973,0.001092615769863168,0.0028484291731754484,-0.004398150845507311,-0.0008281493118768359,-0.0005622820265762343
290,5,1,18,65,-0.0006640275327465894,-0.0009619687308078726,-0.001787691613968326,0.0014078808164525768,0.0002577243678352684,-0.0009279063971230128,-1.2430462411015772e-05,-0.0006276511852866945,-0.00010467909717864713,-0.00043497846674041653
290,5,1,19,65,0.0009272778899896671,0.00013161091140337854,-0.00010948767788944409,-0.0008906006866084774,-0.0008329379767712297,0.0003338172019966221,0.0016706699320290115,-0.0012758595880681188,8.47923581493114e-05,0.001095626503907911
290,5,1,20,65,0.001994089044454816,-0.00035379336864746865,-0.00037233560229686343,0.001689428612188273,-0.0003537848936426813,-0.0006818848140279062,0.0003490088470720714,-0.0009510271799092777,0.00031848344173403996,0.00023935273185163463
290,5,1,21,65,-0.0008258705651245273,7.519832749700579e-05,-0.00013769506663360997,0.00026322926512668875,-0.000625856393954881,-0.0002924171166004579,0.00037457194517745456,-0.00018550371327319949,-0.00011108918647407946,3.231388703587787e-05
290,5,1,22,65,0.011215008437298252,0.004679573468333925,-0.00023072330088950543,0.005865039271104059,-0.01578827761255607,-0.0011009681251419722,0.022053421829666478,-0.022398502019675085,0.0014197528028416701,0.0005479208197430871
290,5,1,23,65,-0.0004196494901296636,0.0004834394172993118,0.0004871296956980879,0.0006767899736930038,-0.0010075210815147576,0.00041544361477925516,0.003755407611704179,-0.00473502218686021,-0.00011746591286438813,0.0004004145807740402
290,5,1,24,65,-0.006736855807091093,-0.0006780778988200254,0.007434118088485411,-0.011055884253678728,0.00865167290087638,0.0181877862485804,-0.004019924664847714,0.006520445789212042,-0.0012347054143977752,0.0007048019509979868
290,5,1,25,65,-0.005585838024912883,-0.002974357262834236,-0.00285264854536467,-0.0010945040498591195,0.0038012198783488153,0.004474039195349387,-0.008193531121917801,0.0006728021757361602,-0.001024425649107511,-0.0009274482370763068
290,5,1,26,65,-0.0027028245938795384,0.005581987114949653,0.0007132932652164158,-0.007110086491818914,0.005668792362711537,0.004653804187214586,6.478386809112326e-06,-0.0022395559777289454,-0.0002100121067404354,0.0007513437524310798
290,5,1,27,65,0.0006316102887080334,0.0003015027682610608,-0.0004188298902865776,-0.0005901738760733508,0.0002469734705072966,0.0001666503150766086,-0.00011682229763086024,-0.0005999815209614252,8.379039120351935e-05,6.526789085366706e-05
290,5,1,28,65,0.0034887605886582207,-0.002297794914624645,0.001902505671944813,-0.0028046376344780222,0.0024382354234082594,0.0013019711842258076,-0.002816359238147922,-0.0026692551728630227,0.0003269968796961069,-0.0012870079374839789
290,5,1,29,65,0.0012999370841644308,0.00044341399840690883,0.00022644633275625462,-0.0017555802533138552,0.0009115220541496882,0.0007593132674244129,0.00013298543189661628,0.0006534608100659231,8.566344476151751e-05,6.597584492477102e-05
290,5,1,30,65,0.00029231104185022734,0.00028132798025383817,-0.0006538060966646363,-0.0005031498746570612,-0.0011260840972343574,-0.00032344764709082323,0.0017305246124139444,-0.0012592740541336309,-3.003818227499798e-06,0.00023657982864675378
290,5,1,31,65,-0.002322498338001899,-0.00030860742616341946,-0.0006210013061446676,0.0003074495785962199,0.00046281742020851395,0.0010726729236947975,0.00046806323082747644,6.732366747689093e-06,-0.0002962316929697844,-0.00020975572074198996
290,5,1,32,65,0.003810076676428157,-0.005010394214502849,0.0017627984398109267,0.0012361425353464362,0.002395298441863534,0.0033737216836874097,-0.007461345902465502,-0.004519110377064335,0.0005049140553650469,-0.0016618623110517523
290,5,1,33,65,-0.010584574842887579,0.001028926008917962,-0.0006056732880035312,-0.0011316589443151291,0.005058390089223222,-0.0027906438290793093,-0.00402540141427625,-0.00489092289168719,-0.0013416672062821363,-9.28549620873813e-05
290,5,1,34,65,-0.01272909192957053,0.00036285359195259935,0.003139754488057037,-0.0019930452606336958,0.0015353573875999417,-0.002595986782253361,0.0010378120349029323,0.005350686290879584,-0.0015647050722988598,0.00022435203891002918
290,5,1,35,65,0.002308330767257534,0.00027679063821228295,-0.0006233645114130839,0.0015679609405376323,7.625388116269181e-05,-0.0009202152527427789,0.0006375859348243932,-0.0015550911701353398,0.00036789227452015377,-0.00029052275050315786
290,5,1,36,65,0.032808459153547326,0.004325695498005569,0.02863006385452152,-0.015245677376088415,-0.046547375533190875,0.01217413189442484,0.025980137780641944,-0.037183198867770384,0.0033916319606295754,-0.008272309647603799
290,5,1,37,65,-0.00044412780601478253,-0.003100965499623585,0.004253803708256161,-0.003969551905671636,0.003934526421812336,0.00020270931496754591,-0.00326542006366554,-0.00023668069748503435,-8.706871833623664e-05,-0.0004812486938404305
290,5,1,38,65,0.0017695581431231646,5.367303044750753e-05,0.00239068152638105,-0.000685451935304682,-0.00022088474179862808,-0.001392824591322842,-0.0008839907672009437,-0.0005199558213691821,0.00016237955221955975,0.0002494126494171354
290,5,1,39,65,0.008473872475286243,6.691313058237295e-05,0.006486391911482366,-0.001506175188427107,-0.0038890361369005233,-0.003772373596246303,0.007968921048448974,-0.00011899894089085546,0.0011333014302179372,-0.0003552049999649498
290,5,1,40,65,-0.011687810247163305,-0.007055750459407275,0.0042146452964096975,-0.007659133361500072,0.008989479458866698,0.012538609032605832,-0.013458799242313546,0.01077213714132999,-0.0018096672943750506,-0.0037798580333005933
290,5,1,41,65,-0.0047281307619039216,-0.0007682115638277572,-0.0017170600222417669,-0.004238587737073465,0.0017090060087278616,-0.010454704095588529,0.0059838307413205005,0.005441552585482046,-0.0005972138049640233,-0.0017444133748288797
290,5,1,42,65,0.002854000541824503,5.500668870483289e-05,0.0006509010740532101,-0.001582757616052327,0.00038148573759222795,0.0007225691471849491,0.00025874628361173085,0.0005872717739585148,0.0003680030703892931,-0.0001292830804349132
290,5,1,43,65,0.0033844760355910652,0.0009395862704008456,-0.0021993972861486582,-0.0017983259539542532,0.00028838109910837715,-0.00635528821952463,0.005598760610950142,0.00048697569514188807,0.00048050375774882833,-4.000992521354172e-05
290,5,1,44,65,0.0010481878672026473,4.302757143964288e-05,0.000505634916579863,6.394771119532047e-05,-0.0003287982264736617,0.00039854019893506044,-0.0009956031975587166,0.0003003531870832898,0.00015550560196721838,-0.00012205801535827394
290,5,1,45,65,0.0058457560245867984,0.0006439294975847394,-0.004376828516518425,0.0056975317638379985,-0.0029575232116482407,-0.0029445039955706552,-0.00044792525645578294,0.003077252783808691,0.0007239779401409311,0.0006594843939902472
290,5,1,46,65,0.0086994968615969,0.006553332846819407,-0.0034030331321017334,-8.624611410421559e-05,0.002550145270297483,0.0016892012032571815,-8.864475734603288e-05,0.002862489998547188,0.0010175399341148022,0.0008389477581826142
290,5,1,47,65,0.00304879682503222,-0.0006060320788027555,0.0036824009686020746,-0.005063426217239709,0.0015728575176804983,0.0013716673201985517,0.0004697249637691679,-0.000472278911470474,0.00036024377726918494,-0.00014532911380290967
290,5,1,48,65,-0.002533181554711277,0.0002327934611745172,0.0005765557423654105,0.00022956996982272194,0.0007067808975377421,0.001633467986842066,5.037564246186378e-05,-0.000132190330901947,-0.0003551977372098234,-0.00034579953757782783
290,5,1,49,65,0.005452015041360754,0.0011873860442410025,0.0054582563553908486,-0.0033424519339594508,0.0061273613234959935,0.0038700743978742685,-0.008163725262364996,0.006465358210711765,0.000697043387254399,-0.00017059916121042878
290,5,1,50,65,-0.0032609425745647415,-0.000748489647748211,0.00038400013471662686,-7.434640940404111e-05,0.00013206298246213949,0.0008432610997859203,-8.449589067708749e-05,-0.0006197768830263817,-0.0003962097215925609,-1.221544199128886e-05
290,5,1,51,65,-0.000829061964920808,-0.00010525691498015468,0.00022448158114799543,0.00019257021503916443,-0.0006027483887230349,0.0004247522832848827,0.000471469438498447,-0.0007743605808519967,-9.711109850442792e-05,-8.235976931388994e-05
290,5,1,52,65,-5.744638970111695e-06,-0.0007392124119246641,0.00022592328855987285,0.0002951943816481295,0.0012878080326135257,-0.0003216510047819207,-0.0009869643730623847,-0.0028094481348794106,-1.3511930969164297e-05,0.0002945086499088805
290,5,1,53,65,1.0078190964051328e-08,-1.8672066263508718e-05,-4.1872080038404725e-05,7.441851777218502e-05,-5.5086246545981785e-05,-1.2439647565964079e-06,1.5221748600974245e-06,2.3083622846836006e-05,-1.241626223549381e-06,1.2777736900737162e-05
290,5,1,54,65,-0.034092527377429516,-0.00601518630117534,-0.025464978983690576,0.0109614646999529,-0.025602368912291697,-0.006486202184889649,0.002314327551845783,-0.02389199427738669,-0.005092409752244031,-0.0022595277234778673
290,5,1,55,65,0.001981463097007925,0.0006986735373843885,0.001319722269284412,-0.0002983706737422023,0.005474199930819909,-0.0013271059356206802,-0.0036842705513898,0.003956033712042497,0.00018775954844267283,0.00013571755527427728
290,5,1,56,65,-0.001316725868253553,0.0017434589750841395,0.013108128742014854,-0.0025403125678992006,-0.0146624434411235,0.006346529274216495,0.009176894563173778,-0.031862403259959385,-0.0005914982579105976,0.0007873642625498484
290,5,1,57,65,0.003347676690207782,-0.00016105164033250948,0.00023716618913784414,-9.499722177569165e-05,0.0006848629304416585,0.0004948992783505586,0.0011591047159682673,0.000746600496098505,0.00038503466764982245,-0.00014165082328322702
290,5,1,58,65,0.002612424439437551,0.0016650181460146282,-0.0028243775146997918,-0.001045102170754495,0.0003572639644008927,-0.0011575560141632313,0.00011218677830205488,-0.0037340504068466493,0.0003123074842102191,7.813717214993604e-05
290,5,1,59,65,0.16062611155257875,0.01478080999662829,0.01792663119851572,0.04228007542307034,-0.0085684024986605,0.01573580811441693,0.012272215034971447,-0.04037760205083398,0.022219296488716758,-0.0022082332577307625
290,0,8,0,10,0.0009648535020621576,0.0009653832366502439,-0.00520199999680677,0.00584158314813995,-0.005231244584787102,1.3005112159484759e-05,0.005159163865186491,-0.0035825307777626494,0.00011453489111783193,0.0007363522985626987
290,0,8,1,10,0.010653129978499615,0.00227130998091056,0.0034799665237323853,-0.014861775691793654,-0.00048184451203285225,0.007829865208315998,-0.0010496671123859228,-0.005571469840629617,0.001314966053570565,-0.0006860437047358843
290,0,8,2,10,0.016696966801569055,0.008494538061273267,0.0075772971199650745,-0.012420616312172752,0.013685588233278562,0.01821539528302958,-0.011583236232330896,0.022453206243823312,0.002890709806185777,0.005242704396782918
290,0,8,3,10,0.0002592056870643109,0.015735106535268165,0.00459866495117837,0.003467733432636542,-0.011911477954735804,0.010172898268886014,-0.011163217206943191,0.004014364720273191,-0.00022328477876388576,0.0020357020297117573
290,0,8,4,10,0.07282007629455538,-0.004968783609875667,0.0005487110448614213,-0.02544086238154878,0.12500835985934564,0.02076109687439684,-0.07601735231397676,0.06162539853110737,0.008755718997452392,0.01293610828050232
290,0,8,5,10,0.09838569918572897,-0.0045405388026462795,0.03237017895624266,-0.03349400178996653,-0.0006102770054247959,0.02188523317601494,0.06133321071899145,-0.04300097029207203,0.012342073513597611,0.01013623952060305
290,0,8,6,10,0.19107273235802646,0.05575447300360352,-0.043631058996680086,0.10381613005080095,-0.1383869086471582,-0.006315391998147996,0.041168923539068425,-0.006009611394462028,0.025825192912980886,0.03271666107688968
290,0,8,7,10,-0.062299081402016045,-0.01569528450127231,-0.028423020959138567,0.01671568464054523,0.10118114928815564,-0.029328333208669177,-0.038434818070854804,0.07590837571927875,-0.008759042117902403,-0.004315953475420376
290,0,8,8,10,0.11710932892168402,-0.0026893589024276935,-0.05247800601864209,0.06911276865001781,0.002937305934304437,0.023643528771820382,-0.03839216557587121,0.018970048768443652,0.015231745841700726,-0.00042483191872724107
290,0,8,9,10,0.08590225621480854,-0.06545918258069894,0.03100237157972938,-0.12016606249055828,0.2935745984349438,0.12059903560806803,-0.14135484355842126,0.19820664090209617,0.009339064886298116,-0.02994945630819467
290,0,8,10,10,-0.1758197826065997,-0.015426089570220515,0.013823069523942565,-0.11490926166456539,0.10741803280152434,0.09931386226588412,-0.05961732200607496,0.06201403612844385,-0.023459811800162763,0.004506562445760825
290,0,8,11,10,1.1184568821646914,0.028762632934602614,-0.06015959833943082,-0.22125887217931786,0.25436753810944124,0.5305848039476827,0.4662313192460693,0.17381476295082127,0.14616879726178084,-0.07353415226575077
290,0,8,12,10,0.035028245437859415,-0.040162293743459844,0.04932230126275576,-0.05878244770389735,0.035365308253700385,0.019251465952483032,-0.01914906277927818,0.06455543296319577,0.005520191787179164,0.0043615662746130405
290,0,8,13,10,0.5104014396281203,-0.14249899761567014,-0.1752808438306083,0.5997262606123674,-0.4512127303565663,-0.0020230440987045427,0.1365044423682798,-0.14428876041980915,0.06637313144222773,-0.07556277353778809
290,0,8,14,10,-0.17702341043944192,-0.06291631581724594,0.2225505635379064,-0.5089437809788461,0.20927345784174128,-0.13056305745122218,-0.1447755056901334,-0.041345979073036596,-0.022980369177089902,0.03565363655821074
290,0,8,15,10,0.030782376718892453,-0.030332078219569774,-0.05760703375836171,-0.06499387960922665,0.04921943225856462,-0.06989747045376538,-0.016086241727355198,0.015874790830181465,0.0007242193128928927,0.002074532822832987
290,0,8,16,10,-0.6819036344378823,-0.18430883420425972,0.05211068075283212,-0.1879917207901856,0.12953955752070634,-0.15840573429543223,-0.1402675771873109,0.2409185272428881,-0.07241441514230681,-0.007700954518419593
290,0,8,17,10,-0.16609562052315385,-0.07509408224695528,-0.017550531889399108,0.05700477601716506,-0.09723310511329188,-0.20777610227982765,0.09695487510847986,-0.08896802554695292,-0.019997906340263674,0.01622326184563893
290,0,8,18,10,-0.059254636837627654,0.010714843465428767,-0.05161805191010231,0.07869571626650684,-0.047137126656860484,-0.0690688850898228,0.0739424821755137,-0.0034059152358845786,-0.006350916211836579,-0.0006665522793882655
290,0,8,19,10,0.36352258431021234,-0.027501718240050866,-0.1586429648827067,0.36713080165335665,-0.08193767932694175,-0.1860687863636501,-0.01313730759029463,0.1538199706084076,0.051110149663275,0.005518537280757146
290,0,8,20,10,-0.14971411430902765,-0.03037478748719413,-0.07202995983720284,-0.04064530420011781,-0.05940768019530411,0.04803742610096723,0.04428574604715055,-0.04320767791035253,-0.019159189810233197,-0.027567606890981356
290,0,8,21,10,0.003920766864108756,-0.0023915505853038086,0.0016356267099580948,-0.002230247676602515,-0.0028089034461993624,-0.004031927705224928,0.003942035553856321,-0.004962169700260207,0.0007831828701701023,-0.00029431948899954916
290,0,8,22,10,-0.019184999155549567,-0.0190699308223455,0.2286728861680977,-0.2558294417835453,-0.01212046638904139,0.044658780614212745,0.2051297283006328,-0.08305606455435689,-0.004340904915145334,0.01945034443082533
290,0,8,23,10,-0.0628086790225671,-0.006823984156841489,0.013765640694260728,0.011612203385257756,-0.016881812639439477,-0.015182189076812892,0.03621635063539606,-0.04025199828859556,-0.009329514167823757,0.000876897287329152
290,0,8,24,10,0.039592669649124126,-0.19019811386019173,0.4971283019219487,0.05487336105623658,0.0729865756241544,0.3130436224708927,-0.07591221241113302,-0.2082803357468006,-0.008006489227941215,-0.06998369269002153
290,0,8,25,10,0.06489323651908602,-0.04281879461611495,0.11993407436353477,-0.041925107506926476,0.07893890116995587,-0.11663039672179744,-0.09499364098276429,0.07927610623733944,0.00792558044010882,-0.018826751014503054
290,0,8,26,10,-0.3082592415119047,0.007964793171799427,0.0010587080058585899,-0.02109606625584627,-0.05903386755084117,0.07875440440974087,0.15573172930851278,0.12224836043597329,-0.03926182017620553,0.0013585271129584204
290,0,8,27,10,0.06171598710116417,-0.03260636269954965,0.011879936180405542,-0.010031372332116283,0.056372089123796466,0.10924612489625224,-0.06501420609749804,0.04011681052128438,0.007005867355173842,-0.012252829541143415
290,0,8,28,10,-0.04037095371921086,0.017969173488406702,-0.03014035026504007,-0.011911324298178856,0.06390838489326245,0.04230652822749707,-0.039686094328332006,0.06885662874275889,-0.004344925879036225,0.008418051986752894
290,0,8,29,10,-0.05058214378836269,-0.014578471660736211,0.13742603594275854,0.200585000340776,-0.22556045295530158,-0.13644272440559238,0.30193732529763895,-0.22763624931560117,-0.016307320985620197,0.09285722622075762
290,0,8,30,10,-0.05774856138018712,0.014237456646885837,-0.03165597129659531,0.017402172102889968,0.06498295307105519,0.017052622125420597,-0.01571022144654598,0.029215492716809458,-0.0070599953534270475,-0.0034931191826971693
290,0,8,31,10,0.362993277634671,0.01733768342693963,0.04997679730142828,-0.020125624855438493,-0.051148195592494075,0.04330868050778307,0.060656099234561715,-0.08748929775758406,0.048712307209119544,-0.0009826001029860057
290,0,8,32,10,-0.3315041731798729,0.0400265791780976,-0.19200996219627767,0.007727985431559711,-0.11390811002299446,-0.21156851763761272,0.0772995314222156,0.10810271192088564,-0.049091797369659095,0.023353804746118093
290,0,8,33,10,0.4761993654983783,-0.0002116923431612185,-0.07080356744878649,0.0627292642595116,-0.06092939681546563,-0.018591254748162186,0.06798495886906618,-0.052946752348382156,0.06199451056391827,0.008211055344161087
290,0,8,34,10,0.0053115694609306265,0.025953293894912553,0.00934708161508123,0.056799693928493725,0.0385023716329268,0.006376538110562328,-0.016962515854852686,0.011252537831627454,0.001326819140931036,0.004154492133306004
290,0,8,35,10,-0.08868442348031831,0.16198193663793417,-0.30698713889421775,0.43286389435538,0.5949586304955302,0.4722836983605186,0.0031313668585388477,0.24339748445125034,-0.0007529893411626215,-0.00343755630207903
290,0,8,36,10,-0.345834983997546,-0.0728517591462591,0.06890070694944184,-0.11633994319041255,-0.18296077622920112,0.16139276674918393,0.2906080408974893,-0.14410329706209726,-0.04058226665645565,0.0004097231047477412
290,0,8,37,10,-0.04807022858012995,-0.010014268237048835,0.00969883092076387,0.0008015613597848379,0.003963311862869087,0.0059410183211337795,-0.019788491317443167,0.0010719785574585046,-0.006546753560958383,-0.005519130457756141
290,0,8,38,10,0.04866618624640248,-0.026462884260769114,-0.005981095401194244,-0.007266726860020719,-0.007240540185129771,0.025154909979615583,-0.003423774037781097,-0.00790354700189605,0.005747055058666654,-0.009559753875877298
290,0,8,39,10,0.21448095199922482,0.11147163926311868,0.25912943447061404,-0.32071066658160574,-0.2452344186907395,-0.04148396610893322,0.5704003802361645,-0.31436577400786964,0.039745473314703905,0.0744928584076314
290,0,8,40,10,0.022146876512047362,-0.05956184235219057,-0.10411930306807812,0.1636743884961597,-0.08608812005562447,-0.04959042328023623,3.277067413489775e-05,-0.06936660581278681,0.005449792128468277,-0.0362232413801708
290,0,8,41,10,0.4799541744529994,0.053017883244386305,-0.364565095111478,0.11981904341996917,-0.09174019163949386,0.2180706028336145,-0.07695151505622877,0.1595099645669603,0.06747676235919686,-0.03162975946649037
290,0,8,42,10,0.33688530264734023,0.000744721895354265,0.1838951355587858,-0.1612512066497805,0.06259605455503028,0.05963415243463373,0.1114049993380573,0.05998238329492356,0.045644432854945946,0.0005514069668498553
290,0,8,43,10,0.5286121373677514,0.06563024768289945,0.01849945924379583,-0.5608709657962027,1.110417938295374,0.44533879913342533,-0.950037358105916,0.7122571128259244,0.07149407440315668,0.09861118799735467
290,0,8,44,10,0.03855638844705118,-0.015491432111813037,0.04447875930786716,-0.023129057799824035,0.019884692842057714,0.02772279172826105,-0.05693987254559782,0.019323003748153482,0.004624548466916123,0.002028169100790821
290,0,8,45,10,0.06889487256021604,-0.12302474786218325,0.05704176962325496,-0.02400986735204827,-0.045650176987934034,0.018485875907349153,0.21706587677295694,-0.1594058975423955,0.0051057485559883545,-0.011027342413961482
290,0,8,46,10,-0.1515060281300846,0.005551551622033768,0.06106013009584157,-0.09942510033069946,-0.03525420992212796,-0.0519219918866793,-0.015434271010872795,-0.03092064933358467,-0.019653852890795916,-0.0020818179357894075
290,0,8,47,10,0.885442062660635,0.06652923751697892,0.038741713640982355,0.19723672447969146,-0.6375935832423025,0.046074607609712395,0.15269040438497888,-0.1703292152922139,0.10257849772860106,0.080980453355256
290,0,8,48,10,-0.03550348782544344,-0.005388699599880355,0.01567928085049019,-0.042933944414013984,-0.06450386018131869,0.005845508142318117,0.11738155299101377,-0.0914143343513916,-0.004701876398482978,-0.002099967603457254
290,0,8,49,10,0.07004358435801782,0.053051528439992356,-0.11824507231577391,0.04476370518999589,-0.13402737649809568,0.013127598990416278,-0.028769369290120392,0.05516017425628336,0.008146906670588486,0.0254267126090268
290,0,8,50,10,-0.28421496168334937,0.04526675381393917,-0.010396951542654728,0.0524890103944807,0.03582062834691738,-0.34569281694331644,-0.06293899364059127,0.032841559044047786,-0.036859240692153836,0.02543491285363917
290,0,8,51,10,0.05825511047341953,0.027374050535586992,0.0802323932011489,0.060356724770739105,-0.029124371426347842,0.23955641452301193,0.06543784601717008,-0.15201363860195763,0.0039590645700981674,-0.04413966077819797
290,0,8,52,10,-0.16276262079867568,0.06847177197099048,0.27257150914309836,-0.11494596303891168,0.06696013686713692,-0.08257623097622968,0.004878950694100543,-0.04135896887562285,-0.027165197980302244,0.061551385131276046
290,0,8,53,10,0.0036927547967383462,0.0010492021423048347,-0.00012472961945174778,0.0008473410934521225,-0.0030458088985931718,-0.003905040708008706,0.00429937431112277,-0.002398271457029467,0.000488284152507076,0.0015212226255881638
290,0,8,54,10,0.021016857685736516,-0.0025037799914777604,-0.0043215915219105925,0.009238350993043019,-0.004125519464233622,0.017399994148581326,0.010902113042680135,-0.01618007562483134,0.0026196281665949468,-0.002841232141926792
290,0,8,55,10,0.05528293715213947,-0.0006801179107029372,-0.0016802121168716599,0.015221611305971543,-0.00027278143769105586,0.02010797523581286,-0.0023074998519898504,-0.012085101545433685,0.007784204578764326,-0.0002904227209432498
290,0,8,56,10,-0.04305184317080998,0.007072085721909234,0.03288520480257815,-0.03319081306277061,0.011418797567023495,-7.628868532994458e-05,-0.018714546225782218,-0.0036293229992661767,-0.004239927819457662,0.005209512263853594
290,0,8,57,10,0.046244721891247675,-0.02518191975348556,0.014404604358735315,-0.005211686225408712,0.0009022189579808884,-0.01479441094705254,0.031705312777947955,-0.0051616026683703456,0.005732787053246943,0.001667271858647141
290,0,8,58,10,-0.015769124344596448,-0.012575825496920835,0.00672772046328664,-0.014949228463369548,0.002912810239924856,-0.005059201610104832,0.01794830668482097,-0.014071590228250693,-0.0018869630350849586,-0.0004964103624937172
290,0,8,59,10,0.243787130837722,-0.04353568286317449,-0.05457727969744121,0.05683706315667161,0.13986071754805074,0.23828257910423523,-0.14838235216101558,-0.026479614881504316,0.030193778518423014,-0.000507179944198202
290,1,8,0,12,-0.016159403218376042,0.12529717812731644,0.0032349585519788355,-0.010748706201810267,-0.20263491954760604,-0.08883139505292041,0.11019538507555135,0.02129864609577868,-0.0019485911657975254,0.07723930296388434
290,1,8,1,12,-0.090738802505968,0.010694434529733645,0.008209130434400046,-0.01620419978014868,0.019114249127031035,0.023599050719222386,-0.0011935593797751808,0.013551353902483493,-0.012720697009661764,-0.011076339939829339
290,1,8,2,12,0.01461443991073302,0.023930866761277834,-0.05078451937533916,0.0439285389507811,-0.044583069246867474,-0.021716978457092626,-0.008496156296820366,0.0005224004699731733,0.00255679390675232,0.012747904941397006
290,1,8,3,12,-0.006956052998236974,0.003388166565958096,0.0029075153267853013,0.001295877595376833,-0.013887618943617137,-0.00036458420117530676,0.011972919200241027,-0.0042554723518934525,-0.0011044884056379731,-0.004275985479236322
290,1,8,4,12,0.06483473949593539,-0.00872966050968322,-0.010468822262573159,-0.0004068894325914966,0.004385019696355314,-0.039746631399667276,-0.005184697903755298,-0.007846423562108469,0.007345744165541868,-0.003138134597382935
290,1,8,5,12,-0.034179145123011616,0.01789590864918434,-0.036459758384243576,-0.004219775193143526,0.042947541986637014,-0.019251837731970683,-0.029941398884840577,0.044853077425526154,-0.004090304486757644,0.006260145666918805
290,1,8,6,12,0.030785678723781983,-0.012697981422996746,0.04236362559238073,-0.018867672245298495,0.038874076536143096,0.02956505987061957,0.0019735432693453485,0.006009472383633166,0.003597110103057242,-0.00412272273313121
290,1,8,7,12,-0.017926618477774717,0.0030369533693170546,0.006903332042785011,-0.00905729246404427,-0.020690077497891854,-0.005535441795287541,0.013948387389861676,-0.013046326262018468,-0.0020354944540843596,0.0002992784955545266
290,1,8,8,12,-0.03303334634672061,-0.028006454826728446,0.009169658882267255,-0.029273852143788866,0.00955908925462921,-0.021949938723167122,-0.0053013841419276755,0.01152386421698636,-0.0038386969834928227,-0.0054382210251501546
290,1,8,9,12,-0.019830392202987806,0.0014007720218914953,-0.015789047688506665,0.020704109901984697,-0.008531485808694174,-0.011376225978138444,0.008596441702018976,-0.007014197074252507,-0.0019580746194046493,0.0005410207707688791
290,1,8,10,12,-0.04042103904697865,0.05470076562790077,-0.04127875661842835,0.01266591193836442,-0.035904318763302495,0.01962881180949219,0.003938613654772817,-0.056438536210670465,-0.007306808292213634,0.024798846264111378
290,1,8,11,12,0.0042918677170560166,0.000990107064026391,0.0007099842658432869,-0.001870895476561063,0.0026633856539477387,-0.0030583827015216126,-0.005000863056616639,0.0018966425451002796,0.0006384395968882798,-0.0005592201358378482
290,1,8,12,12,0.02099934226012038,0.0076201294355740384,-0.017679581638136828,0.015550778362805832,0.0034782573987632405,0.01203127314520841,-0.007164111409667105,0.010010738535014508,0.002619883891102858,0.004423462476313939
290,1,8,13,12,-0.23249122186954635,-0.021304596304933657,-0.025720216571735188,0.15204733851417007,0.057441890739506535,-0.2614996276119002,0.03358708933732715,0.032790761330978926,-0.03101025063491597,-0.01593110168546114
290,1,8,14,12,-0.010527417913151113,-0.000732645627235786,0.007919113289264984,-0.005404584257705418,0.008504449974911102,-0.0012380316435675444,-0.0018818865321419559,0.009795779735938563,-0.0013881498448291396,-0.0009427899422945969
290,1,8,15,12,-0.25368800898881655,-0.038604318009869985,-0.055421428316075105,-0.009433394130713535,0.07005763316103146,0.007388027911550608,-0.040134419450424175,0.028809897809896394,-0.03277296905238244,-0.023591880354954527
290,1,8,16,12,-0.021001595881289775,0.01096532310409757,0.007313608992434837,0.0011053574468920268,0.00875907786864589,0.009320335111735167,0.00010801690088254045,-0.0008958371927005844,-0.0021196999164357832,-0.0010798022593577516
290,1,8,17,12,0.13771256714300753,-0.07556741485183129,0.11414019149755776,-0.2644450783807952,0.17250337823970383,0.20194695298567894,-0.187516318820372,0.021189218828271933,0.019632102129102786,-0.02889052298203164
290,1,8,18,12,0.21052550565986322,-0.08774721288219423,-0.045083591627505526,-0.017921873562835276,0.09383362845501447,0.10371984587460067,0.07040600716832923,0.144994949393477,0.026650488844931146,0.03710093370734572
290,1,8,19,12,0.026866270123233404,-0.0062443147411361645,0.02015434577963284,-0.012062704625897393,0.0003079969591020541,0.0032935647312070764,-0.0036377942421777763,-0.013461981430023098,0.0029067807721999653,0.00043929274424211936
290,1,8,20,12,0.007370754198131149,0.0012869110728944177,-0.0029507919594491715,0.005987297255979977,-0.00501988052471005,-0.008197884733718363,-0.003594887506107964,0.0028595456828094134,0.0011792295341443632,0.00010984449005040564
290,1,8,21,12,0.06756747008158004,-0.011394471654484654,0.016307673759248215,-0.0070040184451089,0.00017361467383383454,0.018161837396000753,0.02632103601775125,-0.031158296047530912,0.007699096138477793,0.001172444893147391
290,1,8,22,12,-0.027365718758610522,0.0205280899512288,0.052205896271500865,-0.03775432702101243,-0.08013470609729981,-0.010082831930957282,0.038606939959058666,-0.03650690177109703,-0.004139296640307229,0.00408616764668559
290,1,8,23,12,0.05353525959009241,-0.030100951056011162,0.010095327960909927,0.005234848196757987,-0.03383395887940285,-0.03774261554605531,-0.0015875828738846744,-0.03558578378175585,0.006191122084488972,-0.00910073128154452
290,1,8,24,12,0.03358693091380799,-0.007475328859604598,-0.06665474000599068,0.06083741472524739,0.03966633714949771,-0.02542406828578399,-0.05671401020320763,0.018623481139639957,0.0053985834604468414,0.005770855298020447
290,1,8,25,12,-0.015363143303066994,-0.003429904249035177,0.020280389584703906,-0.02004178309508597,-0.00837852537076485,-0.010752238167231568,0.006336448655484478,-0.014802868952501392,-0.002617295052588655,-0.0020133540386716824
290,1,8,26,12,-0.013077958504764675,-0.028532148701947507,0.0029071039842896384,-0.004373505808018926,-0.017337577178241803,-0.03217323114762977,0.051565776926548124,0.002283645611933123,-0.0007620830471965932,-0.012771079350956066
290,1,8,27,12,0.04228047541494828,-0.014734701691847155,0.041345481189157623,-0.03865687381628812,-0.02267021089091798,-0.0025609961944727715,0.045837645756338155,-0.060875724857056814,0.005105353303183322,-0.005257383425543527
290,1,8,28,12,0.08885926519662801,-0.002923186744674888,-0.03771335506389191,0.053557845669950664,-0.03015534292456122,-0.03435008595935642,-0.03133826169119647,0.05038606505701835,0.012448672761106791,0.005773861604610474
290,1,8,29,12,0.0016796709048861169,0.0010305841644680242,-0.0006991252748508113,0.001276700147079642,-0.00366984483091749,-0.003226838405602132,0.0020267489103155925,-0.003728004485086773,0.00031702211313266727,-0.00022497361421378056
290,1,8,30,12,-0.048279614781594656,0.0037338099563883264,-0.0216629036616064,0.030824251022137084,0.0030887251647155525,-0.023799198111811342,-0.001711763107301026,-0.0003622042096312248,-0.006741036487415375,0.002058742437967936
290,1,8,31,12,0.12355989202650337,-0.01886674832570377,0.004822028525513007,0.02326130514678295,0.10889975138261763,-0.024343776482735814,0.00278935451223895,0.13124825296957027,0.01864266701470853,0.009998007908350811
290,1,8,32,12,0.0019815778275149415,0.0029269755918219266,0.006523968144445939,-0.0033330554091553933,0.0016953368650424636,0.0012234977852650505,0.005155812048843915,-0.006584139660477817,0.000310761815461534,0.0012555739010446268
290,1,8,33,12,-0.01867466599440543,0.00873845287476736,0.015154866269571122,-0.009820718342315123,0.006944649977408677,-0.002099881216010069,0.0021956405231717893,0.002182497833338168,-0.002511400297141778,0.00134632744430213
290,1,8,34,12,-0.0022371196030631472,-0.001726247261135775,0.010631328447809762,0.005823933132249734,0.03463332276558459,0.005477566910459656,-0.01815787640419813,0.019580345094735916,-0.0010715168875226884,-0.0031641768163589304
290,1,8,35,12,0.03317072566281643,-0.01658486244481273,-0.01181276735426032,-0.016744481771434935,-0.0035899386372338776,-0.008768708722151984,0.03014758710634153,-0.014442723952019064,0.004613537619829849,-0.008670526153092304
290,1,8,36,12,-0.111747255417741,0.0024210414214752103,-0.026848107523673333,0.07281046515289712,-0.06811052774878215,0.00644940258205487,-0.020045177486417525,0.008628872202931038,-0.01589170901290986,0.004547057851894527
290,1,8,37,12,0.015810880781602848,0.0016572546199399782,0.002097578126621306,-0.0001613862582010902,-0.00863833914972871,-0.017390665743316318,0.013256866341630744,-0.005889504243854599,0.0020973697484362986,-0.001657277592841007
290,1,8,38,12,-0.01522568289401669,0.004512307797200105,-0.008819400305889293,0.009511268664317934,0.0037950656178208425,-0.014590367365465921,-0.0023333674303642324,0.00436111672482899,-0.0014935253935370269,-0.0007245999794484842
290,1,8,39,12,0.0431385823195888,0.024229527559802195,-0.08592477325843931,0.03771554010912564,-0.11374056497514709,0.011316603907091431,0.08989755673088275,-0.06646819957406458,0.004983880122881281,0.01435523266820744
290,1,8,40,12,0.07128914347684369,-0.006848451920364077,0.007019621204215436,0.02043702366435765,-0.06984108255819971,-0.06401069369149856,0.04026577883360411,-0.065293791171854,0.01250656745939714,0.0011946710719466425
290,1,8,41,12,-0.006962872972774484,0.003059770668928086,-0.0005007945183411319,0.013008734877523133,0.003992506222646976,0.016922199298717654,-0.013331907422025946,0.008877789295597651,-0.0017991293760154646,0.0004100740590457202
290,1,8,42,12,0.015941893815895346,0.004385280172805817,-0.0023354079885599625,-0.00791127905979464,0.008846290404781198,0.006717236726290123,-0.004272345659407782,0.00759932856440613,0.0018331421479905038,0.000791330627979041
290,1,8,43,12,-0.16412346735733707,0.017219549065792872,-0.00538462992659264,-0.02855683764412641,0.06665998737671563,0.1458903258584995,-0.011092374724020887,0.017851904549848172,-0.0221751704336842,0.006172970468045963
290,1,8,44,12,-0.10507666456695228,-0.005894811279006803,0.01719539721212831,-0.0023650859402140675,-0.09344906193449319,0.04005713075970972,0.012231763583273797,-0.051995449207195746,-0.012705984028699088,-0.020959458482027488
290,1,8,45,12,0.025403579875090773,-0.018574883416278647,0.0277079966327044,-0.013935786211509784,0.036795321907142596,0.01062083631558229,-0.0008989176567489668,0.004385417855797931,0.004194870837260434,0.008093129451482597
290,1,8,46,12,0.043337583816058664,0.008640227467284907,-0.06770917857486494,0.023536218869389162,0.004746849970102621,-0.0677054202323691,0.011790444959474159,0.009475697528253326,0.005768580338062379,-0.004757177664505542
290,1,8,47,12,0.06159240357113095,-0.0032723927318719505,0.0209094134449002,-0.029420925666378706,0.022993317961765007,0.01523002003345493,-0.01857313964274227,0.0009058832520497497,0.007360186768737661,-0.0086694726394889
290,1,8,48,12,0.007958832102821637,-0.013653631295529357,0.00766816644825152,0.014177195243437732,-0.030067106351112927,0.008834472620223743,-0.0020123471114341226,-0.001005232256476623,0.0011222530051836494,-0.03344192814097149
290,1,8,49,12,-0.2230367597273316,0.09441894951645086,0.015005803114887459,0.003647911948977494,-0.12758059166344468,-0.036180654260237095,-0.013506233700049308,0.07154292969009618,-0.03386250300346355,-0.00044096645519073416
290,1,8,50,12,0.02531837861669681,-0.004137120095385251,-0.0035015043111623983,-0.0027808464898150683,0.005807943085330583,0.006560506293303685,0.0005942596953792482,0.010407861535670826,0.0032102665198507504,0.0005777221327599565
290,1,8,51,12,-0.014790728394119351,0.006511286052054897,0.010178814872581926,0.003099460143531095,0.018678446270700116,0.007827769466084383,-0.003113994714417232,0.017274106796103316,-0.0015123476712248518,-0.0003899517701422114
290,1,8,52,12,0.2507018920885036,0.011290153096675278,0.08846158972107279,-0.12037047660863702,-0.04218997410432004,0.0258273713338565,-0.0027917925768039913,0.010555573984913295,0.029519485531031307,-0.019400370477329194
290,1,8,53,12,-0.025382563713346285,-0.008750560055535114,-0.00030184248697326865,0.02099502798265373,0.0029263945652088586,-0.03137702947958307,-0.01833575675109026,0.027428399112669852,-0.003537289201197903,-0.00673053247917599
290,1,8,54,12,-0.0021407268485281548,0.0016885543039279571,-0.012087373205289034,0.01016236015773495,-0.011553480476022136,0.009024117718937751,0.0055874061639191236,-0.0031143308956727094,-0.00027257965351191744,-0.0013771717637730873
290,1,8,55,12,-0.08850323258566485,-0.032221207150112154,0.05169345001923857,-0.044159159839821334,0.0008757206868980419,0.05633834913579619,-0.02813507493705797,0.03454156020915565,-0.011395527977702245,-0.025675321855436126
290,1,8,56,12,0.03830226430513703,0.047702106194968674,0.09416791638620396,-0.10813962148737544,0.019149732880205477,-0.09208989024327814,0.026838350462615197,-0.04651364478634401,0.001150821565934358,-0.004663473505673185
290,1,8,57,12,-0.0014484246461177776,0.019955895887216888,-0.013682648668478008,0.0163642005121181,-0.037672507362693446,-0.016186103893878832,0.03300941712807554,-0.01097437755867322,-0.00038243858662643203,0.0019059774833233944
290,1,8,58,12,-0.09832697254764686,-0.015883346526115266,-0.014319911850597479,0.012355441134347105,-0.012366895531778572,0.007449031880961131,-0.01625138002579367,0.02318439927881328,-0.012241634530533832,-0.0010006014887519125
290,1,8,59,12,-0.08872460075646704,0.04142542329687881,-0.011961186197088884,0.04906323282509008,-0.036054492615293726,-0.0015010589099596866,0.0032254334687962204,-0.021551536016124005,-0.010967961179591066,0.020364975966488702
290,2,8,0,16,0.022445729208713797,-0.02848237271568971,0.010500437120247383,-0.006675104938374484,-0.06783094889923265,-0.04545834188601941,0.04697356373740697,-0.03387418366761214,0.002888198286099793,0.0027954582308003196
290,2,8,1,16,-0.0024247245500022088,-9.721801436825598e-05,0.00513516892545745,-0.011191357958918645,-0.0008671980496390684,0.0016360970247143343,0.0068013668486259435,-0.008497254884489668,-0.0004106564057004372,-0.0009121058391208547
290,2,8,2,16,0.1259834156649118,0.012118921946290533,-0.047974714286748404,0.06856077468092052,0.0647591615342121,0.07891985312217373,0.038634534088804115,0.014900767295034287,0.01583358136648653,0.01770076660850997
290,2,8,3,16,-0.020963116510112713,0.008630792538956905,-0.012180516048901318,0.005510945305681308,0.0017389406940221917,-0.00015949916120646724,0.01070558629293833,0.004520338526266741,-0.0027423680572571493,0.0045884247364030295
290,2,8,4,16,0.023176803669008535,-0.003712535764593076,-0.023700788399621284,0.01679244002291,0.00024204981443210795,0.011357808425734715,-0.03201003226453329,0.029296752864720756,0.00213372309814407,0.00021772015362371295
290,2,8,5,16,-0.009328688293071067,0.0013209006387875084,-0.0004002743594793261,0.0008509168486013617,0.0001880691685854497,-0.003158393010380294,-0.0016624433236305056,-0.00223835174888503,-0.0011514717341482334,-0.00012874892223075501
290,2,8,6,16,0.05133689395844844,0.033511327435861896,-0.07661471717356266,0.0557925011754572,-0.06758549233405575,-0.05230244048886154,-0.07116559890426635,-0.05524982856171967,0.009665406593599324,0.023080076962044168
290,2,8,7,16,0.004131279703578123,-0.0007595542020606633,-0.001867510470488049,0.0011341272991752481,0.00044853567881704464,-0.0010631139367603681,-0.0018184255817920514,0.001180647323069953,0.0005161120525111105,2.874531110392061e-05
290,2,8,8,16,0.019792024703574742,0.0005666788663370439,-0.006205669006899213,0.007699395124694074,-0.005401853983682314,0.0034919257260085023,0.007714377841560616,-0.0014323927347963097,0.00251411847213929,-0.0012959637337879469
290,2,8,9,16,0.019056535213373763,0.0009498258226341622,0.0037415107931556045,0.0010498943176497355,-0.012634712115314358,-0.00662980983990633,0.005343035874226408,-0.010265146165092425,0.0023925388030739056,-0.0001261377006423638
290,2,8,10,16,-0.01984337287429353,-0.0010527465383780342,-0.00022100540088297507,0.006255911005670908,-0.0015138393467285592,0.0012871836295891088,-0.0030879469454962176,-0.0012104507156073287,-0.002820723510633192,0.001170795509843192
290,2,8,11,16,-0.016348322008600695,-0.0008192475501801121,-0.00398634014850564,-0.005201076149206732,0.010412779364603712,0.017886292578825427,-0.012789008417776982,0.0013585194482541017,-0.0019067966734090537,-0.0013368320568062962
290,2,8,12,16,0.007695974776987843,-0.007817312444390264,-0.0009660772185496479,0.0004672894880422217,0.010132018487524035,-0.01013935648919238,-0.016351840163781887,0.004797158095476419,0.0007356976593621207,-0.0003957247411894326
290,2,8,13,16,-0.014972874842483965,-0.00980513080148792,-0.014726958273044698,0.022115258917134555,0.003925626995248017,-0.005216760501545841,-0.0027454137817121455,0.013355900418560893,-0.0021410083360261993,-0.0023695032061061792
290,2,8,14,16,0.009572349305041299,0.0031357501469717348,-0.011834784546461133,-0.010987453520148915,-0.0015736793340207604,0.010387970405950004,0.006677672311875507,-0.00920050435277443,0.0012620377612778016,-0.005721954469142638
290,2,8,15,16,0.020344865621907567,-0.0021412838425666344,-0.02411977608982274,0.02548763994944927,-0.006456279127244218,-0.0017999732661904098,-0.019588845609204028,0.005354711190101101,0.002406658646382064,0.004302893485931413
290,2,8,16,16,0.026260453385838337,0.01312320909242676,0.0018217568148044235,0.003562182182999517,0.028408640562743264,0.00019180783123873366,-0.03356530575320071,0.03253291567282425,0.0034375628336530788,0.0003784461800389437
290,2,8,17,16,0.00016954093914026006,0.0012375100875080508,-0.004538503436506523,0.002444332162484606,-0.002359441295528068,-0.004110293524939121,0.00021424393491795775,-0.0022732330089178677,-0.0002161779422068394,0.00045821344146431396
290,2,8,18,16,0.05767878795321924,-0.01402161736601346,-0.00017563343407598492,-0.00579319897458108,-0.022870177813100426,0.01641556858674098,0.021268943384115543,-0.016040517991021477,0.006960679258535595,-0.008097399935290215
290,2,8,19,16,0.02168410214394646,-0.007482319536803889,0.007777846539331311,-0.009362278105596866,-0.009217876878020382,0.002514406657127887,-0.0027046892629606157,-0.02112338603084685,0.0021911432847888626,0.0008731672395585032
290,2,8,20,16,0.03496769293465094,0.002220915770412632,0.004268983688233008,-0.014014846970793726,-0.002255193193625356,0.015388575165836119,0.0035060368374288027,-0.017028797507178027,0.0035957765305070707,-0.0066912550226360095
290,2,8,21,16,-0.003606938891871618,0.0007937357834007313,0.001682914658770658,-0.0008361074551682874,0.005095264404507698,-0.0015738630509869649,0.003810997092765672,-0.0006876507377206612,-0.00039341913953417295,-0.00021887426932455336
290,2,8,22,16,-0.006809421794288339,-0.005160439657896839,-0.006915547276423163,0.008652926007509647,0.002974786334542281,0.0037466342006431427,0.005593465390524076,-0.0011589072325819058,-0.0013457609931308337,0.0011699227254782353
290,2,8,23,16,-0.01033639949213223,-0.001594204343081683,0.002997283149565972,-0.004637110577446682,0.001819131593073003,-0.0041426583262479935,0.0001470508914475534,0.0006184980679505596,-0.0015374153388255346,0.00018844499928295485
290,2,8,24,16,0.009605130820362153,-0.0017749397019068754,-0.002475291234677797,-0.0034113004073816544,0.010211352825284025,0.003488190844698299,-0.010829832986047349,0.00495472482600197,0.0013931573780962176,-0.002175242900033737
290,2,8,25,16,0.010472068670408091,-0.009309439434078871,-0.01365025276378408,0.023641418020236286,-0.012067857667305061,0.03005771561957378,0.00199386827443542,-0.004577046940373089,0.0021525253180939207,0.0035776095899574907
290,2,8,26,16,0.001877173248531181,0.0004158442509406028,-0.009065044463506849,-0.00044981606224040973,0.010164826461408507,-0.004534027889556893,-0.01080836306333007,0.007601660774703467,-8.871951262445982e-05,0.0016368790840077332
290,2,8,27,16,0.0020850105409238864,-0.0018878010827274494,0.0008283051819258217,-0.0018437245112840142,8.43912211764353e-06,0.004167356525162879,0.0015786006083998154,-0.0009968782491467738,0.0003792811805169826,-0.0003092714330601968
290,2,8,28,16,-0.10690154031659264,-0.007578398677484052,0.015063827131986212,0.011170129114837408,-0.038736724406675596,0.0017465066200792858,0.0175731643619537,-0.0191656083946219,-0.014248841423035516,-0.007537054645676222
290,2,8,29,16,0.01655543958520504,0.003238190033883699,-0.0011057548343437278,0.007909405757897567,-0.004813015364326474,-0.000985540026063608,0.004218647626334314,-0.003204478280929735,0.0020201806640928943,-0.00040760458585130193
290,2,8,30,16,0.017166396750596655,-0.006907258399882355,-0.0026670853427396596,-0.007981941131768436,-0.005244359312398069,0.0002684620244411152,-0.0007814580641522717,-0.004028336350933092,0.001719484456075919,0.0006285610642224672
290,2,8,31,16,0.014738635119996665,0.014978110066837004,0.016719140382833914,0.020125218831751498,-0.014216527830759728,-0.018879808190543593,0.014279255231880374,0.008305616112221213,0.0014353794947163335,0.007992167463464376
290,2,8,32,16,0.003308500487887772,-0.0010410820740009532,0.002184818234339873,-0.0009078198924586994,-0.004529588722798846,-0.0013007026986338833,0.0016821403106154456,-0.00701663279681248,0.0004772480800385711,0.0019708291879074334
290,2,8,33,16,-0.05461167097725362,-0.008225880936332298,-0.0020952168483505435,0.00239631470848041,0.002658609196221599,0.004739152959229869,-0.019709803965548726,0.006300650077275599,-0.0069786932937451725,0.0006508361841791242
290,2,8,34,16,0.029787771392600977,0.019841527979094768,-0.030859031207910406,0.02992334369079408,0.0006006671140005859,-0.006327035689192293,-0.009977762391023262,0.0054400214865211755,0.00420497269349907,0.008617377766877859
290,2,8,35,16,-0.007707345436036402,-0.0016400320707777305,-0.0022806647879069835,-0.0012787445848178357,-0.0025877183786095466,0.002604108484756074,0.001468511652811749,-0.0018856926444469312,-0.0009854530298946088,-0.0005697657400237911
290,2,8,36,16,-0.01967229092192818,-0.0008453023601204184,0.006393967237441465,-0.012725873826364083,0.018455603514519907,-0.00934713085910315,-0.006556337063495855,0.009829769909013887,-0.002729807074153835,0.0016706268524522693
290,2,8,37,16,0.018909448769496878,-0.0015524825846343438,0.005332961087944839,-0.0017261045482935599,-0.007849273315434243,-0.007674027048301175,0.005918869815030642,-0.0064258207415315155,0.0024552585826024785,0.0009013551639291065
290,2,8,38,16,-0.02067624994054884,-0.004350453596681209,-0.01258634753105646,0.005161786970586571,-0.0030493813932971664,-0.03184913487873118,-0.00511449179981508,-0.00015308447699935663,-0.0022649606064221095,-0.004208941895004145
290,2,8,39,16,-0.0008921117001895549,-0.00011493695770417303,0.0016206902089581498,-0.0017645486962718452,-0.0014380184393173478,-0.0006453822722370848,0.0018933686947927076,-0.0029294097844078256,-0.0001405831540240561,3.004112011866487e-05
290,2,8,40,16,0.03711497053646645,0.00922852544478411,0.010434251982712842,-0.005161045788991645,-0.013098858213875686,0.00638214620452004,0.002106843117814253,-0.009111088493442984,0.005147848443650926,-0.0021955549223997483
290,2,8,41,16,0.0025810364283116068,0.0004899899447282242,-0.0007954688116664758,0.0002264511208066522,-0.002415496155462149,-0.0002483372859135016,0.0011437186316681502,-0.0016763146288806786,0.0002771572572913583,0.000676895505031464
290,2,8,42,16,-0.11326904870336171,0.010378636645285755,-0.04058842975761109,0.047507537157162924,0.00017491244165976447,0.014024609850712716,0.033343299923065485,0.016802387412291273,-0.013732967510904233,-0.015205862877646682
290,2,8,43,16,0.004416515205019376,-0.001995664473763338,0.0005143402269924698,0.010680021515449837,-0.017528721492554036,0.019988840335594,0.007641903353525254,-0.003244989578952309,0.0006180015120065518,0.003348588467546159
290,2,8,44,16,-0.036102728735982206,0.004963173738606597,0.021019890237176347,-0.012336829579669912,0.008055708618498292,-0.01773300095965661,-0.0038595409060057546,0.009033457674917752,-0.004569147647027711,-0.004211266249305459
290,2,8,45,16,-0.005374467192076477,-0.001554275476398396,-0.0005274317353559134,0.0015111952012346831,0.0025422014432263736,0.00020653147228427173,-0.002972622874106801,0.0008113038519696235,-0.0007611027750327727,0.0001522400271214495
290,2,8,46,16,0.023413752874417187,-0.014599856197513309,-0.0062646656548658985,0.0033441962476947005,-0.0041917470033636444,0.000592890814625221,-8.230715517325727e-05,0.012381461114640717,0.003200554013429416,-0.004461573346138775
290,2,8,47,16,-0.010467133479083554,-0.0018373962116499597,-0.015223733659668927,0.009368831261889787,-0.013139979566408323,0.01927347549774395,0.0076363410215109125,-0.0026931784685756566,-0.0010772270712228838,-0.00012571612642290903
290,2,8,48,16,0.028241504916377044,0.002124740480075428,0.007670971780430854,-0.011963882657956379,0.005637600918603486,-0.007013418295027387,0.009988747712994388,0.00253624669129291,0.0036472018482845347,-0.0008141260281807257
290,2,8,49,16,0.12551214482426895,0.05273923402998154,0.011827269134652409,-0.044767117147694636,0.08673798914288211,0.14221165486539208,-0.0157789525008464,0.03660523576072523,0.016568911531012302,-0.008582686587353998
290,2,8,50,16,-0.01371902943591051,0.0037260098554768393,-0.005760729793924621,0.012158239065636402,0.004750675789833094,0.015859658266259163,-0.00200840266534252,-0.00047420260231794895,-0.0015020739311345874,0.00015619060079830434
290,2,8,51,16,-0.0047251892109772126,6.069374810337196e-05,-6.130741544357036e-05,-0.003767871891344519,0.004191100993736689,0.006172508245464939,-0.0022422043159226615,0.0027013507737826048,-0.0004039263976659753,-0.0010785073886911492
290,2,8,52,16,-0.005049032780152325,0.0007044432498056414,0.00883672033814357,-0.004610374005677168,0.00318961000903536,0.003962019324140665,0.003982304095820585,-0.00520990123247223,-0.0006965403387713955,0.00012211053675874857
290,2,8,53,16,-0.013902578188350197,0.0006947896375288933,0.008687844040042183,-0.006698150171705215,0.016236397333756578,0.026945909772947134,-0.008852466556973432,0.01631021065750618,-0.0015897226085588051,0.0034326003033293443
290,2,8,54,16,0.03446018906296119,0.0017344075194811784,0.006912361680765209,-0.007893500025494262,0.0070020413865387685,0.00024051188277800402,0.0013359070031206746,0.02170718595995788,0.004551038911283032,-0.0034086693764049467
290,2,8,55,16,0.0013175962833371245,0.0009006911670490403,3.1522311614714475e-06,0.002125196260567607,8.02194935555728e-05,-0.009919242912496361,-0.003966106262761098,0.0103876827462156,0.00014364103626254105,-0.0006127303304698979
290,2,8,56,16,0.012704966689119752,0.0025088817505523027,0.003446735234754753,-0.015619647218865506,-0.004194963438751524,0.01752459377886599,0.005390816455422599,-0.01728393051151548,0.001213360661764886,3.0106358846577818e-05
290,2,8,57,16,-0.019991743014426914,0.00038692824973652284,0.0013258014139062011,-0.004561189792916422,0.019031787810352977,0.0032287156407342517,-0.013449589429611719,0.013884558767817976,-0.0026530001800131155,-0.0019533086904285407
290,2,8,58,16,-0.015218262220948301,-0.0016291850944726552,0.0008234520045219916,0.0003794164603718617,0.01053218529379892,-0.0022227207614604677,-0.005469911250629877,0.004329956740922486,-0.0013783877231114566,-0.0021480823900001614
290,2,8,59,16,-0.030653162691379823,0.004486985370875959,0.011992210174466536,-0.012674437541904943,-0.0013752469368248817,-0.006647209734328474,-0.0015463756796441136,0.007006707015845001,-0.004285889586855967,-0.0028399239820704374
290,3,8,0,24,0.005929073716738448,-0.0013482130377423331,-0.0028281270343217357,0.00487611441269141,-0.0010275727439363629,0.0007712478480168905,-0.0013108714442306812,-0.0017270014120724724,0.0008108876706025987,0.0004959444046372487
290,3,8,1,24,0.0019436519796793299,0.0005067433231457925,0.00012249341957909363,-9.1169280504444e-05,-0.000834133690974286,0.0002538546223004139,0.0009413457032334568,-0.0005383480144589643,0.0002555622661367552,8.384642858387726e-05
290,3,8,2,24,0.003945613047704777,-0.0017606640982822726,0.0025714428906785432,-0.0032616401644919462,-4.822238393287529e-05,0.00041515984393192403,-0.00023891580955111432,0.0012719208487412639,0.0005306688002463097,-0.0004800921202152051
290,3,8,3,24,-0.0039220623831574914,-0.0008277272899108198,-0.00063952300945946,-0.00019031173901011339,-0.0029370298892539234,0.0017691078270310264,0.003949325653213212,-0.0038710132886771277,-0.0005002057893100478,-0.00017461819303661894
290,3,8,4,24,0.013925583818273274,0.003518390795663631,-0.0006767423151429799,0.0025131361382771137,-0.007595276305955121,0.007780770802351808,-0.004221164527125779,-0.004415026063627711,0.0019647007281795906,-0.0023448914183638618
290,3,8,5,24,0.0024361115582953313,-0.0009489571231129369,-0.005028999065551975,0.004689575131899098,6.238278863791933e-05,-0.0021180076117511396,-0.0029002013334251176,0.0006911517219575985,0.00026123029891103106,-8.970886897818145e-05
290,3,8,6,24,-0.0018563565251595528,-4.860465882758734e-05,0.0016105027996143413,-0.0005726334938843421,0.0013719935406897475,-0.002767511937539424,0.0025500427905233085,-0.0016098594426692471,-0.0002558316968750353,0.00021728354012450228
290,3,8,7,24,0.0027931397000456105,-0.0006768962029844771,-0.001410695649809542,0.00377952639684903,-0.0004808812952310066,-9.736863012984611e-05,-0.0008900414922548776,0.0007945146434553882,0.00029228128708741295,-0.0008389392229286201
290,3,8,8,24,-0.0094415903232755,-0.003195518656528888,-0.010493589925784549,0.006712305904076431,0.00732657846028395,0.0018036933314954347,-0.0144206265450714,0.0016389101805032932,-0.0011801352017128304,0.0013020054772874359
290,3,8,9,24,-0.02427340184939722,-0.001022184442601779,0.002199227412475818,-0.006961648778409829,-0.00020989992382793423,-0.004128605132997332,-0.013988656280936025,0.0023484427094216274,-0.003019183160359083,-0.0032517560532767304
290,3,8,10,24,-0.004571256673993349,0.00058106355592105,0.0007421672007641362,0.0022987688722292125,0.0009584155658025381,-0.0021379439618537744,-0.0017605893442258617,-0.000712520847034236,-0.0005831995125131079,-0.00014658791289756852
290,3,8,11,24,0.010178152321883295,-0.006012292557113013,-0.0022937461576780505,0.0005198668906464402,0.004218594157493297,0.015538592072491607,0.0010056696465956865,-0.0031508653064612085,0.0011688725016106342,0.0004653642994589671
290,3,8,12,24,-0.015330472294894495,0.0017966450228328306,0.012160637708058867,0.003543310920207029,-0.005671970495834183,-0.0014346455806412898,0.006304366822918104,-0.005893508863343866,-0.002321616002903801,0.00021210897239435896
290,3,8,13,24,0.000520636139161722,0.0007038849809786221,0.0005838337546986232,-0.00012307029031054993,0.0006225984910503817,0.00034858007921026576,-0.0006788173606208623,-0.0009775855149000365,7.909370216135584e-05,0.0023089396705948035
290,3,8,14,24,0.010868157443798822,-0.002683754276740521,-0.008302950485145677,-0.011998500213685655,0.021756785188230265,0.021824751691439263,-0.004348180440043018,0.007347974529666907,0.0012561428485258794,-0.0022434717850392683
290,3,8,15,24,-0.004106894937690163,0.0012561756667266732,-0.00016192509686604117,0.002937447880659178,0.0007378967314737696,-0.00040452603283956353,-0.0018529312289441708,0.0033962780924580256,-0.0006382579223782445,0.00046903402139260785
290,3,8,16,24,-0.002595361470378329,0.003124473085954884,0.0007670305416612056,0.0022522610132123264,0.0013095496240576963,-0.005138401018213945,0.0006097365707412672,0.009414318267533911,-0.0002301797793572164,-3.8785810523619306e-05
290,3,8,17,24,0.0016775543341302369,0.00017440937633467115,0.001317743986366301,-0.0005375413312637348,0.0006714193883205365,0.0016495651322782157,0.0009962432370902137,-0.0007117644709489705,0.00029836870962553864,-0.0005594698555125259
290,3,8,18,24,0.011776394665940486,-0.0057008669609797105,-0.018603039187117462,0.006342048248914308,-0.01000514450278196,0.0010562202475089936,0.01346586683074482,-0.014309106001329373,0.0017165300696829256,-0.0032500236241567964
290,3,8,19,24,0.0022668182927855843,0.0008127514443679834,0.0017075730193980621,-0.0016515976434339095,-0.00038065659761730866,-4.0401871935432515e-05,0.0012774324128498168,-0.0003462523403455647,0.00021061667082918097,0.0004370631866547383
290,3,8,20,24,0.0028206890423601435,-6.513120220799328e-05,-0.0015392916801287378,0.0013780170038590253,0.0013973999171769734,-0.0013579020590671071,-0.0012093619944777447,0.0015456692538720618,0.00043246432158325446,-0.0004426592346066817
290,3,8,21,24,-0.024281320271272163,-0.00040749435068920467,-0.009081685786546941,0.014469633259334196,-0.014534898774290183,-0.0047632873360968,-0.014043477207443745,-0.007150343987208825,-0.0027584641172313873,-0.0012679670009514785
290,3,8,22,24,-0.008740789220360437,0.003197454545309493,0.0005624068285150191,-0.0030067262212599153,0.004025071462517293,-0.009530242128018396,0.0006657875093159335,0.004401638080582474,-0.0013498812705705885,0.0037975339337822703
290,3,8,23,24,-0.003117000224701797,0.002187760268190276,0.006428905943461424,-0.00447708162966847,0.0013766882949136205,0.002403703768333606,-0.0003921815842828679,0.0037816838322419417,-0.0005529302159484357,-0.0001786330331400933
290,3,8,24,24,0.00453597192850781,-0.000434668153622453,0.001807452540342204,-0.000582805776079202,-0.0007204624199163121,0.000282066001982767,0.0006104653135504777,-0.0013764455973488306,0.0005099306381393855,0.00022314991814448092
290,3,8,25,24,0.018373093088589223,-0.0024547852718789856,-0.00436009969230648,-0.0005301910207450164,0.012985360537166422,0.004563426150315835,-0.015126788628540054,0.010755102967187182,0.0023523195232200943,-0.0005733483140974069
290,3,8,26,24,0.0011362437892125637,-0.0006190171883387396,0.008142095653013092,-0.011571509301746625,-0.0005872807359662904,0.011544506755840329,0.0054954412706030905,-0.016901475549585147,0.00014857963412085373,0.004394983746640524
290,3,8,27,24,0.00159893460745022,0.0009801143811596872,-0.0015417681808506333,-0.0012430726012562776,0.003281280078500156,0.001403918388749829,-0.0011992113698061826,0.0019426216646434092,0.00019832184775259515,-0.0003080050647412894
290,3,8,28,24,0.0014532259175602208,0.0005968793028971371,0.0012718356840264512,-0.0014284806486362651,-0.0019531163569696396,-0.0030961410655071433,0.004297192925057101,-0.0008855537949554078,0.0002827607751458945,0.0011679488422750193
290,3,8,29,24,-0.0031718792443660476,-0.004669430864903086,0.010026551677580355,-0.004444046258458784,0.007436867251279968,-0.005402631722452301,-0.0005811420825968957,0.0022314932365462632,-7.985399973655576e-05,-0.0006463070728353886
290,3,8,30,24,0.0011336103428919823,-6.036773613636854e-05,0.0010731176489202927,0.0028417641107583197,0.00012835230653298244,-0.0008510147824685188,0.0014209301891761682,0.007255182152869076,0.0001983520328827409,-0.0004979957603530305
290,3,8,31,24,-0.003953637121138053,-0.00016445017384407652,-0.0003722505551876781,-0.0017886381623395424,-0.0016344230741437735,0.0001550862806871364,0.0016131304233583164,0.0021735569169469755,-0.0005288637243255551,-0.0005946693136953695
290,3,8,32,24,0.017292220521779294,0.004259508209204819,0.0015303299291514762,-0.001451516729895034,-0.0024024166189872856,-0.007430817728987896,0.002591280113524117,-0.008281703501934072,0.0022389380856768495,0.0010936591046950199
290,3,8,33,24,0.009729847675040603,0.0001858294578312919,0.004296544894277865,0.0002115631417362331,0.0008984529846052755,-0.0021918486730394134,-0.0008660909868750434,0.0038685223511486138,0.001327623582111729,0.0013197136088180538
290,3,8,34,24,-0.0025903245931087945,0.0025117102964575958,0.0015563455770424743,-0.004371704699434228,0.005523731592824832,0.003321652605477057,-0.004160210290915322,0.00606960121836204,-0.000337484207967798,-0.0030759450713395255
290,3,8,35,24,0.014371741568515735,-0.006117906797232352,-0.012983643595547508,0.016797490210605184,0.0016108158900644907,-0.0055900756677347355,0.0005795233927833095,0.015325281422309657,0.002092179590620932,0.006206618079726267
290,3,8,36,24,-0.002217425363718775,0.0008140824974172437,-0.003702258325897145,0.0009679774757212861,0.0014779331788718798,-0.0010720875499901144,-0.006952375078664494,0.004413738743833101,-0.00035010584545639773,-0.0010699600720130511
290,3,8,37,24,-0.004075563242867962,-0.0010336320644642987,0.0014174368296121847,-0.00030243670671842754,-0.00324167938556787,-0.001310884924052202,0.0029868363549674934,-0.0021648829716407643,-0.0005475136042526767,-0.0007589445404711427
290,3,8,38,24,0.011150540934189893,0.002281046711675187,0.006572999799604915,-0.0030046105515680087,0.005033441400466577,-0.00010659829932544496,0.005553710195440836,-5.796500372969062e-06,0.0010231985317488007,0.0015770189251385692
290,3,8,39,24,0.004991760332773322,-0.0023850605649841984,0.0011521566530028017,-0.00011332672200890228,-0.0024931091938698987,0.0011016701980211749,0.004298630575695739,-0.0016856919299759558,0.0007491926860219005,-3.7527965872549403e-06
290,3,8,40,24,-0.002679279804300775,0.00010624932272196375,-0.002932597939791519,0.0016685191541206772,-0.00016541900555987592,4.671586048069816e-05,-0.00014156005360246382,-0.004857619337108229,-0.0001148966989320589,-3.796101300296565e-05
290,3,8,41,24,0.012634905039837808,-0.0019518859320515997,-0.0005463282677230787,-0.004947204704861252,0.0012434282666153214,0.005859154075365234,0.00471398850523396,-0.00030916828516577757,0.0018010541208178857,-0.00044533047059504597
290,3,8,42,24,0.00037854214112353066,-3.225614317828075e-05,0.000567380759143807,-0.0016433659483230426,0.00021955744941269228,-0.0005514102635183742,-0.0010910586779745688,0.0004455899427184601,9.71718356389363e-06,0.0005948407397952749
290,3,8,43,24,0.004975403494393474,-0.000990329528021781,0.008135861436539096,-0.0056734370572167625,-0.004100535831153414,-0.004914504896414603,0.009923867208772868,-0.007986470133643475,0.0005899900885828706,-0.0005850392247233492
290,3,8,44,24,0.008586176213456859,0.004229912815725041,-0.0006590776775435981,-0.006104251247231743,0.0016519032577121838,0.007207539177896276,-0.005470625922665912,0.0045712087547128185,0.0011617545612800757,-0.0006956368266123031
290,3,8,45,24,-0.0008107975472041418,-0.00017321996602552228,-0.0003278877792681886,0.001402054010565126,-0.0031511567063387796,-0.0006537110267449222,0.003752519873485691,-0.0001482681895134508,-0.00011090938687441581,0.0007207399702628574
290,3,8,46,24,0.022308486520969912,0.004173165076807809,-0.011267093054007702,0.016622976315094955,0.006021097345547373,-0.0025299045299972786,-0.014579523927481816,0.010923977906448947,0.0032071067229989822,0.0012056477326022465
290,3,8,47,24,0.0020909289228393016,-0.0004177366585071218,-0.0005341962737312577,-0.0007138085013577413,-0.0013944515126884664,0.0006061535469745235,0.003491227150179867,-0.0027168275339044274,0.00025227856480656544,9.647955691121713e-05
290,3,8,48,24,-0.00040341960814865174,0.00033387053334721784,0.00036908818548234807,0.0003446355663934159,-9.251774057418281e-05,-0.0007246790864290581,-0.0008336443459239324,0.0006278772493406903,-5.4420281415284295e-05,0.0001369374351269847
290,3,8,49,24,-0.03307615962016995,0.0013494576536251326,0.011032722902044488,-0.010866994092313011,0.01959048236414615,6.546627300194714e-05,-0.012729434334027982,0.0332198624948475,-0.004517541206644576,-0.0004910298100201387
290,3,8,50,24,0.00020629034471067833,0.0011080432060076718,0.0016601474785147663,-0.0010168251475429204,-0.001258785873864679,-0.0021871288039061855,0.0008933019780001585,0.00020778519325619565,1.8331024588005607e-05,-0.0002819056536038186
290,3,8,51,24,0.011104319588858734,-0.013538937360883966,-0.001060498222321251,0.011787303108326347,0.003949592999647769,-0.0007874334520985449,-0.006717065011636959,0.0010020494084586723,0.0006539453186356334,-0.005438540245212414
290,3,8,52,24,0.012318408178440456,0.009416153454618966,0.0012773405602925,-0.0003124272187034685,-0.011511179129627002,-0.014027614899040645,0.017725769191565557,-0.005605842807464238,0.001509961156402756,0.005467046966897433
290,3,8,53,24,-0.0025537460366898274,-0.001682867864198718,0.0026667104502669354,-0.0019378585644522182,-0.00947806063145256,0.0003315390449887942,-0.000632431318452616,0.003358672000170152,-0.0006950586748183018,0.0007867479166073052
290,3,8,54,24,0.002671388711089376,0.00011297496934209751,0.0020530483182295825,0.00020647626617293448,0.0006576874555365138,0.0004394072272792107,-0.0014481139429560214,0.0020157080259552264,0.00034413327302860075,0.0005259094316001915
290,3,8,55,24,0.003465919338640759,-0.001072241270960493,-0.0001960048080737996,0.0022899381519027482,0.003709509685740051,0.010689901671672658,-0.005038057103718442,0.0008391261441035485,0.00043578424215835087,0.0006852757307460326
290,3,8,56,24,0.00015374615505853997,0.0007991792533533645,-0.002280279423901626,0.0016828438432335798,0.0006357796175929397,-0.0008278494198176208,-0.0007605919752580899,0.002168380181441924,-2.044173138093905e-06,0.0002594161943319099
290,3,8,57,24,-0.006974469102417384,0.0059929224449630615,0.0019847602382850413,0.0063431238191942,-0.011833549035875978,-0.0024972845056275266,0.008351757141544923,-0.001974324284013548,-0.0004949432834469119,-0.0009708828403447987
290,3,8,58,24,0.006206233007127157,-0.0010423557436975257,0.0070271967878627,-0.02351542258692126,0.027279829086796575,0.017476956474727627,0.011352477573784566,0.003216247302533793,0.00041767849868919714,-5.795369621042321e-05
290,3,8,59,24,-0.002731852887009431,0.006337460063818566,-0.004547684774204034,0.004643460865293852,-0.004965449166684414,-0.0035341197013366854,-0.011742886967570617,-0.005014841899142916,-0.0005832005446785296,0.0010145949029923152
290,4,8,0,40,-0.007374193341478482,-0.0006955591147758768,0.005823462620923033,-0.0022661839446911324,0.0026434509565686003,0.0048859165476439655,-0.00788840204029247,0.003904235841202315,-0.0009360847916731801,-0.00010387238126025562
290,4,8,1,40,0.0023241877195682723,0.005552450158011492,-0.0004080376001280498,-0.0027744329021624084,0.003566772950290227,0.006740052509102196,0.0033756146817674844,0.0004112041081747839,2.0205645463555353e-05,0.0005950937240732886
290,4,8,2,40,-0.011400357225020962,0.0002433693865032167,-0.0024897855822355736,-0.0073005510058882835,-0.0017564340434893058,0.010080327858752895,0.004972679868995541,-0.0020177064560939592,-0.0016130530323032039,-0.00187964725845816
290,4,8,3,40,3.010126319602578e-05,0.00035128981109074987,0.0008632514717121279,-0.0007935445756420728,0.0023171504985983597,0.0010676181429293212,-0.0008842248625030252,0.0024624034173430327,2.955430430136874e-05,0.0009656700911622457
290,4,8,4,40,-8.264843326418316e-05,9.518350318161416e-05,-0.00025968613314411874,0.0009787242532600404,-0.002715084829270508,-0.001934520167537976,0.0008469079826044963,-0.0005901652730160551,5.8611665042346834e-05,-0.00012079735094336954
290,4,8,5,40,-0.004133617272755172,0.00016813628370600112,0.0006081527761880635,-0.006592650931351152,0.0053872435462190595,0.011958133262316008,7.862704502180505e-05,0.0009278994683100831,-0.0005612662439712599,0.0007305449931563881
290,4,8,6,40,-0.0032998907067032556,0.001200993296823526,-0.0017050967454469964,-6.182395446332144e-05,0.0025569689849992395,0.0017797641386887923,-0.003252314068575774,0.0001983904766674361,-0.00040161093574271573,0.0007818003296086887
290,4,8,7,40,-0.0028315619139853304,0.00048745337396331214,0.0034450386212693572,-0.002357109139974976,-0.00014721126418881892,0.007648177924852913,0.004986865524598532,-0.0033896831131389944,-0.0003147242461010065,7.999003357502732e-05
290,4,8,8,40,-0.005377615708332795,0.0005899119294914365,-0.002286982333074546,0.0022296209528074153,-0.001988233058419807,4.723934596344856e-05,9.585542407908462e-06,-0.0015455290603834763,-0.000730110247017203,0.000631453417647061
290,4,8,9,40,0.007309808506498375,-0.00023482307254953073,-0.0005882837971686113,0.0006402519236831281,-0.0028952166856192237,-0.0013790752926260003,0.0007429966889812339,0.0004430080697562864,0.0009662383009081442,0.0011377063438278445
290,4,8,10,40,-0.007696647294839543,-0.0026421490931487794,0.0010899578249288122,-0.0011584718775827718,0.002200815876723389,0.001966023138890565,5.871767623938259e-05,0.0033320175212852745,-0.0009219790626772932,-0.0016452310561552253
290,4,8,11,40,0.00108810484314659,-0.0003591000241307207,-0.000193752375415407,9.918204145916902e-05,-0.0008995852869006875,0.0009646676981147754,0.0008085284308673636,-0.001116465258625183,0.00015457683082633348,-2.5309751116512898e-05
290,4,8,12,40,0.000318459500719124,-0.0006115703733526022,0.001673176734369892,-0.00012991182966583524,0.0013521933844950615,0.0026128768028308392,-3.657867482403128e-05,8.467422497526482e-06,8.783376792305571e-05,-0.0005370265808590175
290,4,8,13,40,-0.013275509019794312,-0.0015012215251613953,-0.013857462557309293,0.0076232686131243,-0.00853203402060025,-0.009319892195377358,-0.016947062796123995,-0.009720803972147569,-0.0013223708921004404,0.005585033889605985
290,4,8,14,40,-0.0022127899424856136,-5.005550245684596e-05,0.0013704987177503773,-0.0007031031563895506,-0.0004655537181674067,-0.00012198952188843893,0.001628493423454491,0.00043131212688910897,-0.00025369266874170293,-0.00043072457787602937
290,4,8,15,40,0.015072814922036092,0.002076982325085807,-0.0017635145967495425,-0.007135221259197322,0.0027774466208980927,0.003798425016861318,0.001417743474648698,-0.00044843204948380986,0.002135933345340736,0.002117938916620022
290,4,8,16,40,-0.006395545538094772,-0.0009657071975475895,0.0018908426766703792,0.0026908402600895184,-0.005163491851469257,-0.007423770295237037,0.0031633727280191066,-0.0045899775427875305,-0.0008846952892228673,-0.0003587333192484393
290,4,8,17,40,-0.013460419288640084,-0.0031609753793363925,0.0009964849694587725,-0.007807473351121596,-0.003172517279289677,0.00015417956744190938,0.0035946119823417246,-0.004653499182854388,-0.002002294949988958,-0.0015652226438970193
290,4,8,18,40,-0.0017646246789868908,-0.00033926736142947373,0.00039902446329004987,-0.002095391256562666,0.0017137160544492083,0.0001420298325978203,-7.124581422190625e-05,-0.0007835326545176721,-0.0002628874695024661,0.00017628658282189423
290,4,8,19,40,-0.0013217562260499007,4.540091229047712e-05,0.001841177882329256,-0.004044683666594808,0.0005874490092804916,-0.0017614462746912219,-0.0003065552570692523,-0.0017973880090783715,-0.00017109124641420299,-0.00029819195108578495
290,4,8,20,40,-0.0017343799705777847,-8.546253674268514e-05,-0.005632311369264298,0.0036566377802856632,0.008871031264227853,0.007904102229761964,-0.007150522438357119,0.0035603332299869667,-0.0002531710296044693,0.0022647754790297756
290,4,8,21,40,-0.003234433192730443,-0.0007608333137747095,0.0019499546651668112,-0.0012769120587238995,0.0012042480474627566,-0.001502809185677294,-0.00035188814269143025,0.0009577041081206405,-0.0004263883257970761,-0.00013467854358905043
290,4,8,22,40,0.009170027922756441,-0.0012690134157014462,0.001309882157697239,-0.0030121841006657255,0.005646461046709383,0.0033268414819605835,-0.0016631375071849133,0.0031505093747129674,0.0011577506096692078,0.0007082062219271733
290,4,8,23,40,-0.01289782698322429,0.0019283175883864662,0.0033342802453910246,-0.0001625520768228205,0.0022926262920072117,0.005726190237022153,-0.0017244037926602597,0.010714150405656545,-0.001662169501654271,-0.0009198190284522231
290,4,8,24,40,-0.009712195544899868,0.0011808637119327442,-0.011785648681968781,0.01556480437050978,-0.00822606134103117,-0.009404109512914462,0.002099389923858118,-0.0049815344531097955,-0.0016755911310420617,0.0011500852083994187
290,4,8,25,40,0.0014691158304997911,4.121062060639057e-05,-0.0005853190859467043,0.0004428434646021039,-0.0004489674250435968,-0.0008134280984069005,0.0007386246592466027,-0.0014380802718644437,0.0002038046325918116,-0.00022913796465820827
290,4,8,26,40,-0.000326244719994982,0.0013106419073345395,-0.0020038900825134964,0.0008933084047362343,-0.00013865148539662545,-0.000582847354207086,-0.0007610226286898649,0.00195836892407184,-8.546563437150755e-05,0.00029711687070637467
290,4,8,27,40,2.739909191411377e-05,-0.0012814814009796582,-0.001165374890216148,0.00038939223437618514,-0.0005754668268940835,-0.0014158076368542749,2.760625149928576e-06,-0.00028748557420678225,-1.648694704099693e-05,-4.0290303975417275e-05
290,4,8,28,40,0.004096496700708178,0.0019100160384454418,-0.001175746984965476,-0.002912963531783828,0.0004921185535272715,-0.00020698076880601318,1.5070176253524962e-05,-0.0003785891576889424,0.00047905586598761895,0.0004392586132677007
290,4,8,29,40,-0.0005390529469416624,0.00037386167531192185,-0.0005244161928582701,0.0002577719002621198,-0.0001553093378738147,-0.0014649781420834225,-0.0007319199385675798,-0.0005036965358078397,-7.218915650820406e-05,4.8101420135680815e-05
290,4,8,30,40,0.01052869984512807,0.006229748778248796,0.0019078268570377195,-0.007226414512241243,-0.0031867443392636697,-0.004219408751408713,-0.0015978385879068721,0.001929173422931995,0.0013614506509201508,0.000279860780804035
290,4,8,31,40,0.0029954288849761415,-0.000677089758052158,0.0008823182069075542,0.00038206624262070496,0.0006644754802031321,0.001334769746244719,-0.0002170908798752682,0.0008375571281477688,0.000420619905721267,0.0001183956213043634
290,4,8,32,40,0.010546486972713667,-0.00075842987452387,0.002547705350519291,-0.0007731151997155479,0.005582355613549995,0.004721972837304333,-0.0006726106965286964,-0.00011782064638907077,0.0013722144229983077,0.0004851041500241631
290,4,8,33,40,0.008971755956190802,0.00523435907679779,-0.0016990020773363552,0.002239166743439306,-0.0026767886200810996,0.0010006819674813418,-0.001807416633352933,-0.0015502006227687173,0.0013417257084699565,0.0033797192719875165
290,4,8,34,40,0.009476409958426819,0.002219193973899429,0.0023914319439551483,0.00013427315185753031,0.0010907471740741433,0.0014016222888306275,-0.00363551941861338,0.00652084329109005,0.0015858347956207292,0.001426190073582978
290,4,8,35,40,0.0005815190559604774,-0.00017772114729207205,-0.00010495166324503918,-9.502242152459593e-05,0.0002513796285816113,0.000479103177186325,-0.0010768414790129006,-0.0002993426938789497,0.00010445739213724461,1.5300230205731525e-05
290,4,8,36,40,0.0011736657341579128,9.280397821991994e-05,0.0011912891715293598,-0.0008452962764956921,0.0019084967404086094,0.00043774050580473115,-0.0021800645403792437,0.002361917471745722,6.363431562145204e-05,-9.620991778347117e-05
290,4,8,37,40,-0.016823541129288334,-0.004072515903732472,-0.00014538976292597546,0.007905207395281827,0.001465664842907639,0.011747040307161397,-0.001281408454401635,-0.00042703780049025883,-0.002209098043883185,-0.0012535865731308526
290,4,8,38,40,-0.007334151163662391,-0.00042237131495873157,0.0032168005595879815,-0.005541810894609442,0.00146594111138121,0.003705425382542774,-0.0026369316274309326,0.0035948061519579457,-0.0012950100168691854,0.001672054269518543
290,4,8,39,40,-0.0044609823459036005,-0.00017970239755460312,-9.398754971963561e-05,0.002438649493506549,-0.004118835551107635,-0.002219176405429365,0.001922951009079318,-4.754366148316722e-05,-0.00043026483000981004,-0.0004305016337252236
290,4,8,40,40,-0.00023981442074290227,-0.00027247985887977037,-0.001136365756045149,0.0010401839313664727,0.001118648313981733,-0.00023890590926593352,-0.00033648496378393917,0.0007869428174150158,-1.8859878989755785e-05,-0.00037399576617118803
290,4,8,41,40,0.0004658136686287761,0.00047576954014041543,-0.004696972343504485,0.0034582684171027807,-0.002468978866946506,0.000772588333720612,0.003407003592352806,-0.0014003050725505091,6.677449949190622e-05,0.00035664014654431756
290,4,8,42,40,-0.0029518318368635995,0.0011926378028388118,0.017371540557599076,-0.018978739773026873,0.007913182064076357,-0.011721977328050292,-0.0005232060096435144,0.008369595296675412,-0.00060262967394934,-0.0002719431649319934
290,4,8,43,40,0.0004751670362477966,-0.00041159873040406253,-0.0013316902396503382,0.0010286968649604296,0.00042459574874813706,-0.00033453228154552145,-0.001302071149872787,-0.0002615017004001655,7.135958812592885e-05,0.0002862671725063774
290,4,8,44,40,-0.003004841919100374,2.8134330969488495e-05,-0.001377139582503706,2.825422418538967e-05,0.0013192205827905557,0.0015756042250556143,0.00040002582855243107,0.00035348199230672236,-0.00041200541644603413,-3.178852396680648e-05
290,4,8,45,40,-0.001950343340654866,0.00027776171840220406,0.0007250289749209065,-0.00019791924091562313,-9.811106881103967e-05,-0.0002531760632194696,-0.0010584029170840575,0.00012747989248890128,-0.0002481079872174999,-0.0003101729595310358
290,4,8,46,40,0.001184401289653277,0.00015360696097936036,0.0011649155851750853,-0.0003709415551374086,-0.0003146960535910928,0.00020745261973684312,0.0008167128989012338,-0.00014324139064292996,0.0001511187221041913,-5.074578342141759e-05
290,4,8,47,40,-0.00226177163422237,0.0007141982633817017,0.00011351876718091361,6.268423077693524e-05,-0.001322526822327671,0.0008521375409450438,0.001534981607515351,-0.00096350813294035,-0.0002692093252031913,0.0006655136039388237
290,4,8,48,40,-0.0003283266179754915,-7.555034616141829e-05,0.0016034890020448567,-0.0009043895721564351,-0.0007657580908934773,-0.001725141167258229,0.00013166581410439853,-0.0006291097333083668,-6.308383482136489e-05,0.00023104357642949369
290,4,8,49,40,-0.0009603474996161572,-0.0003017837762043607,-0.0020036999545082006,-0.0004521785247461528,0.002086110295752556,0.0013220074285823704,-0.0008650398855001633,0.0008148100425694872,-0.00014110577958085054,-0.0005057770176115701
290,4,8,50,40,-0.001851848674782116,0.00019636688564347263,3.294774440943548e-05,-0.0005557600562496956,-0.0013933247792708675,-0.00018600067015410131,0.0013110563520696162,0.0008363779844681532,-0.00026344942543238937,0.000408037772594034
290,4,8,51,40,0.00027213805793384734,-0.000167790901877972,0.0005941879449498699,-0.0001715780015625194,-0.00046789372767849926,-0.0009561107776186537,0.00019983341973743248,9.61989381288842e-05,5.7908440022972115e-05,0.00016816409325354993
290,4,8,52,40,-0.0007580626633279584,0.001438358746569798,-0.0029919419108306883,0.003670124946835322,-0.0033869517008430525,-0.002262677785035098,0.007321727569541668,-0.0041718891462820176,-0.0002434771397277627,-0.0006869833271209843
290,4,8,53,40,0.000557980118046262,-6.611619348470791e-05,-0.0003396643709495247,0.00045835990939768854,0.0003921742488998814,6.162177913762382e-05,0.00012583437336005407,0.0008963517803524106,0.00010323934306597478,0.00013234442186599806
290,4,8,54,40,-0.003749299454816027,-0.003360865101969453,-0.003020752180658913,0.0022849064886790904,-0.0002340536826907643,0.005621430204454195,0.0027864362532331616,-0.0015011070585641006,-0.0005194198725151241,-0.0004882119748389604
290,4,8,55,40,-0.0055494960365545494,0.0005419023368551576,-0.0020349009130709917,0.0021291851567036123,-0.0012484389505476683,-0.0034631228106681883,0.0018318496855686196,-0.002122751194808026,-0.0005687822112281699,-4.1265919877266866e-05
290,4,8,56,40,-0.003429856100157425,-0.0011001962429973112,-0.0031495851701972273,0.0006789112233480266,-0.0033107203209925477,-0.00301959166528265,0.0007586684108808761,-0.0002103804412145222,-0.00043971322299219426,0.0007035475608906975
290,4,8,57,40,0.006042842980572963,-0.0020081236357145566,-0.0005490355389297523,-0.000463518043955832,0.0005348551624616936,0.0046581946682102415,0.00011042575514054763,0.0003539817423058721,0.000756173037835198,-0.0008580537170624139
290,4,8,58,40,-0.0023810102462169217,-0.0034508767085965346,0.004076444078263321,-0.0041754853271954995,-0.0014235810245236244,0.005473835373484481,0.0005142619263151834,-0.0014843164768469494,-0.0002625211890589241,-0.0007846276943179974
290,4,8,59,40,-0.02437864396421871,0.004244138322241975,-0.01757547232608029,0.010997547106339765,-0.008655735645752944,0.002719060692336228,-0.0007176194803521453,-0.004501060448506757,-0.003107106054688233,0.0010851153912020152
290,5,8,0,72,0.0032274713228780255,0.0007239854982710714,0.0011965923487242294,-0.0020778579737303466,0.0005332868399026069,-0.001867212046832375,0.0008677364285371739,0.00044653658151821095,0.0004414197794715258,0.0006795147215936791
290,5,8,1,72,-0.003314562424957296,-0.004811306649684338,0.002046917274696786,-0.0074150870221483854,0.002325523257701308,-0.0029850121762608167,0.005219130199650608,-0.0035379837104940314,-0.0002301273368713803,-0.0013132861282410839
290,5,8,2,72,0.00033611504321392203,-0.0006943545746669785,-0.0013822373900587255,0.0003120426395248678,0.0008282817030711583,0.0004905117040398591,-0.0003080168530007077,0.0005755630837915735,1.72579291234852e-05,-0.0002323557875882731
290,5,8,3,72,-0.001778909335244238,-0.0055207104535453565,0.001645961135193469,-0.009937565416970207,-0.0059185020733867385,0.011964464773695192,-0.001307869139163324,0.0025188594782766145,-4.650847383416629e-06,-0.0030493876358872363
290,5,8,4,72,-0.0013872830678033675,-0.00016614915304903616,-0.00046119346541799965,0.0002012370919263239,-0.00012500644647884656,-0.00041551723870173027,-7.083796273014376e-05,-0.0007155506005323949,-0.0001859016480876059,-0.00013856910726480897
290,5,8,5,72,-0.0011988978800414093,-0.00028241677559325137,-0.0009403017548922335,0.0007371441907069776,0.0004512767255212743,-0.0005428864355008559,-0.00045420898976688954,-0.0003431840788072036,-0.0001520341472034261,-0.00023966359320318017
290,5,8,6,72,-0.010005499785591518,-0.0041506612219456285,0.0018442588743818576,-0.002950525502154278,-0.0020155887459736713,0.013748706468652073,-0.0073548579764748144,0.0028541584083408194,-0.001652684473625545,-0.0007769124670328931
290,5,8,7,72,-0.011490261168479642,0.0010403086118843297,-0.0003587479515971069,-0.002137075296569956,0.0007940663705190186,0.0016041286935517239,0.0011878816482987777,0.0016308901610561993,-0.0015917135244801883,-0.00027966391449760176
290,5,8,8,72,-0.002140954930641051,-0.00028756804550619477,4.880420991589239e-05,-0.0005837907725440495,0.00038965407286100425,7.35964574868875e-05,-0.0008897964743927481,0.0003962246184188731,-0.00029945585303017364,-0.00022579436230259984
290,5,8,9,72,-0.003864055415070315,-0.0005017454817779708,-0.00012485788994097,0.002528890438306167,0.0006367120508993587,0.0027995172630254465,-0.001562552380546683,-0.00019300084874316204,-0.0004582198565600701,6.759939815713796e-05
290,5,8,10,72,-0.0010728394132983174,9.937888785274438e-05,-2.2968867609497383e-05,-3.5690399926710325e-05,-0.0003047838352996774,-0.0006712801285946655,0.00039075129634594946,-0.0005255504773185539,-0.0001416842262314352,2.2383839485441176e-05
290,5,8,11,72,-0.0016854457717046627,-0.00022253695684209016,-0.0007662428189294124,-0.0002521721533781767,0.0007313785413686753,-0.00110344216926266,-0.0009204756010373103,0.0009186119151324522,-0.00020450929329255183,-0.00013836154321584574
290,5,8,12,72,0.0012369981227780288,-0.000704480835319767,0.0012591473272397923,-0.0005051659581058435,-0.00135279807277279,-0.001143584905656496,9.925988109924725e-05,-0.0015415491132033709,0.00017141401651144146,-0.0002990201348484936
290,5,8,13,72,0.0004260105492593514,0.0010289209664893083,0.0015234065027600295,0.0011816482674208274,0.0019200505964194715,0.0010465742272673221,-0.0005536129030045836,0.0033896279078838953,2.3878247720146605e-05,0.000408401062728851
290,5,8,14,72,0.0010162249020388386,0.001165535536107582,-0.0009451615408655895,0.00030242589996834534,0.0008952532765732859,0.001322357317775152,0.0007906435993809142,-0.0005906242828786221,0.00014904320427144654,0.0003088112541242169
290,5,8,15,72,0.0007316761741191474,-6.055309475869216e-05,0.0005370372619703865,-1.452948535738923e-05,0.00010716937640231167,-1.581461683557823e-05,-0.00022374308198415697,0.0009101165567774731,0.00010663900742824612,-9.766387845478926e-05
290,5,8,16,72,0.0012461505646521119,0.0013028297000604984,0.005445059663325751,-0.0031211179468544196,0.004897472615998121,0.0024947226342596353,-0.0016685156361000478,0.005812770416204962,0.00016408296497723762,-0.0004017156514360433
290,5,8,17,72,-0.0028328451853980577,-0.0004556763349070726,0.0008885664863531421,0.0017152027196946896,0.00014675218644527257,-0.001365990638969553,0.0002455579531071161,0.0004250970828115272,-0.0003872431090238811,-0.0004987019367224196
290,5,8,18,72,-0.000963266542721208,-0.0003118628369259144,-0.0006324938877511864,0.0003344537623656545,0.0014279568690227134,0.0014857750007916896,-0.00048332826991082784,0.001678989901764437,-0.00013500811122999285,2.9625426033748253e-06
290,5,8,19,72,0.0021040213719213897,0.0005165249194182043,3.0238193019779878e-05,-0.0003690583101855006,0.0005100225739892582,0.0027776163270922883,0.00022731518909907132,-0.0022296473499568486,0.00024575628800123616,-0.00041281926641351335
290,5,8,20,72,-0.0006090173754163181,-0.0004854189172248185,4.304747799816974e-05,0.00015120751512076195,-0.0007164412058219915,0.0005927646043956212,-0.00035862557025272606,-4.4743092632702156e-05,1.023093520055605e-06,-0.00016167340529371085
290,5,8,21,72,-1.4712104808580926e-05,0.00010816979253678617,0.0011718188489257834,0.00041158934202395985,-0.00017889695074570412,0.00044689609805364334,0.00039480508698319704,0.0001784628505927121,3.458780838056729e-06,0.0001175924940392964
290,5,8,22,72,0.0020553372510907835,-0.00021439416915730673,0.00021330532978383132,-0.00017235323500225806,0.0005876325698393639,-0.0003114547127799403,-0.00035932834177829594,0.00016029077693393673,0.0002687720278326187,-0.00015441057848228747
290,5,8,23,72,0.0015880613361284358,-0.00019167658633091893,-0.001808485564694959,0.002172340749427337,0.0017253815185048187,0.003299219827631246,-0.005635341678950191,0.0009521950116748884,0.00015265369766745575,7.057042061021309e-05
290,5,8,24,72,-0.00020234382352656314,0.00020544137647218776,0.0026088268532274642,0.00030730249465807635,0.0010332345367855165,-0.0026421613407617613,-0.000500104205792778,-0.001053694226034056,-2.0872716214998102e-05,9.439499208623587e-05
290,5,8,25,72,0.001169774247760007,-0.0007697038390562699,-0.0007993980114836862,0.0019688133638449596,-0.00103461813737698,-0.002601805285407876,-0.0010246126967600514,-0.00040057246745857074,4.915211945730717e-05,1.8884292412931722e-05
290,5,8,26,72,-0.0003683694898312559,6.644160679822377e-05,-6.575150295464073e-06,4.8005540594067136e-05,0.00019722271473151075,-8.504670831351975e-05,-0.0001693002229400219,0.00015559414373613058,-3.3587110244383964e-05,-2.3232291963999754e-05
290,5,8,27,72,-0.003128114705585984,0.001038605304196007,0.0013604395269300094,-0.0002943174780674949,0.0012866794783091206,0.0008189915562006086,-0.0012818126758678398,0.0014722143891305137,-0.00038304197118419245,0.0004630757911917137
290,5,8,28,72,-0.00018701668172826962,0.0006778039809864863,-0.0009588147630394261,0.0002645790760793722,0.0006540514604714761,0.001395851934593416,-0.0019444996050540652,0.00095699301401803,-2.2896795532990563e-05,9.512588254491379e-05
290,5,8,29,72,-0.003101046421281557,3.699993290552287e-05,0.0005279356399571329,-0.0013736738577783973,0.0006872342633103802,0.0015028461722951605,0.0003397296463951302,-0.0007918805574445849,-0.0004181127334754671,9.793646221604874e-05
290,5,8,30,72,0.0024365788662935213,-0.000980247407498257,-0.0011339581716913478,0.0011816665430145696,-0.0003564981722112862,0.002027147676291469,0.0018979260892091512,0.0023193892497217193,0.00023481593179493736,0.00011769188534617395
290,5,8,31,72,0.006728532426250122,0.0022350002608142825,-0.003054423931976434,0.0012758335991442812,0.0006319378618802165,-0.003453981642092331,-0.0010842506707946027,-0.00032950927578055873,0.0007579204947880103,-0.0012532290447631906
290,5,8,32,72,0.0006964291370628586,0.0012728237075451054,0.001623421662541348,0.0012803713938136841,-0.001087436676890976,-0.0015957512701310146,0.00018311506115505929,0.0001872398772473213,3.7368320702263545e-05,-0.00021701983407969893
290,5,8,33,72,0.0025320412883766694,-0.0005428161651834293,-0.0006451105378394061,-0.0001828124315563881,0.0024068478690674015,0.0025080853483092766,0.0002075010771235479,-0.0016157341049825042,0.0002948253137040318,-0.0004921040779030233
290,5,8,34,72,0.001519372234421016,0.00011127181142399795,8.45935228515355e-05,-0.0009927853093052586,0.0019961669557750175,0.00227978227490747,-0.002019401295305649,0.0013818294197506678,0.00023400023586055374,0.00031685402869453203
290,5,8,35,72,0.0016698055785602033,-0.0012260910733550943,0.000239709860829973,7.107405878833942e-05,-0.0017244480879662866,-0.0031553540855447327,-0.00022813243540063309,0.0006451574451783546,0.00024661011726290785,-0.000694889857787985
290,5,8,36,72,-0.00361935852427619,2.8965146262530995e-05,-0.001368704613988856,0.003030265721523588,-0.0026099156320561006,-0.0002824870741655783,0.005395447197044674,-0.002288855631179118,-0.0004824037180642744,0.001854237709859074
290,5,8,37,72,0.008068562540600517,0.0014742996748853174,-0.015065522579148536,0.015252573166914429,-0.010090589776828354,-0.0074814513294697155,9.223784972825716e-05,-0.007763532401720045,0.0009308586150266424,0.00029365732740999144
290,5,8,38,72,-0.0029904321033258703,-0.0010965240766667758,0.0006200272935924995,0.0015293050331396832,-0.0015059180734027277,-5.434464549459355e-06,0.0005173682067099257,-0.0016724660994109802,-0.00043234215936220193,-0.0004916999246544749
290,5,8,39,72,-0.0026866633497079646,0.0003258366752767546,-0.0013295107373638105,0.0010328167606167362,0.0010980068287281264,-0.0013908561863321457,-0.0002382766153448539,0.00039626785822047673,-0.0004465353414436293,-0.00037200507739369634
290,5,8,40,72,0.0007910865133539588,-6.830463396220797e-05,-0.001264189151685383,0.0007500744142928996,-0.0016224975943958844,0.0007915976304325042,0.002212813077026308,-0.0020355690953426375,5.6313158568518255e-05,0.0004201023270715388
290,5,8,41,72,-4.2650651749359106e-05,-0.00037231392675887503,-6.71043616044196e-05,0.0020102923417307864,-0.00011728657458043865,0.0005356899310745022,-0.0012970964090792138,0.0016565226698772259,1.1229649056528383e-05,-0.00020810559390455356
290,5,8,42,72,0.0033132169616846468,-0.0002900643479454659,0.00026234704437574674,0.0004488544822504249,-0.0007245108437084037,0.0018413140153913164,0.0012497635361040154,-0.00042132767624031346,0.0004107135740721641,-0.0002680352767751192
290,5,8,43,72,-0.002910150743656606,0.001046604836352881,0.0012502097238400018,-0.0007859025210766766,-0.0009265496535431518,-0.0006253045446213266,0.0006709637043491815,0.0006374398659166816,-0.00034048188298909233,-2.6399088500948e-05
290,5,8,44,72,0.0013973874319305529,-0.0005752827376665027,-0.0011795767333543533,0.0011964954867525683,-0.0012003133277168464,0.0008254157248163713,0.0005938141348671755,-0.001292395099059122,0.00020152233723167454,-0.0001489500721292581
290,5,8,45,72,-0.0010744564402185778,-0.00013383501365017743,0.00023258147029567804,-0.00033273614795297575,-8.612274924296078e-05,-0.00037199098816692355,0.00036407225769945765,-0.00020025205638921228,-0.00011859894007254832,5.278589987686507e-05
290,5,8,46,72,-0.0040221233319827614,0.00027539270814627985,0.0022230238605321093,0.000528356008582529,-0.0009177953217562736,-0.0005000197573894122,-7.132476467278615e-06,-6.929654098337414e-05,-0.0004545459775782891,-0.00021093424513335453
290,5,8,47,72,-0.0005493689196930306,-0.00011631147533012814,-0.0003992741989546715,0.0001051197857045701,-8.085523752043275e-05,0.0002891546394137806,-0.0004250341095290072,0.00020771059982756292,-5.563570356865495e-05,-0.00016245748755264102
290,5,8,48,72,0.0027764580648660716,0.001265079136405884,-0.0005693329919716952,0.005624111282612393,-0.0024078168016675814,-0.00023824166388976937,5.4334520702906206e-05,-7.151879447018388e-05,0.00029318247114958393,-5.913601083554091e-05
290,5,8,49,72,-0.007150273809618379,-0.0016928017024462243,0.00043828651135032295,-0.0015805166416083608,-0.008992533471382996,-0.004631998033119075,0.0072299580690831766,0.0002658641486688795,-0.0010069059776367578,0.0011770837405056481
290,5,8,50,72,0.0003531526615793807,0.0001627596068948542,-0.0004964803935866837,0.0003750893678532601,-0.0004998380726984287,-0.001093873167316106,0.00023030843506448236,-0.0002741867524311967,5.884363096635797e-05,0.0003288833785323854
290,5,8,51,72,-0.004919794718435388,0.0005303915004040341,0.00156465390365665,-0.004394826886017647,-0.004728217653256732,0.006633728383045852,0.008584486879801786,-0.011289844003669731,-0.0007322538350546981,0.00015894352140104846
290,5,8,52,72,0.00025284072262706187,0.00027957664753562996,-0.0007318995395715192,0.00040176434874896567,0.0004815359516289246,0.0005558202978756516,-0.0002643520260384414,8.393229535588888e-05,1.7332148717117054e-05,8.964645187062997e-05
290,5,8,53,72,0.0012849981474519622,-8.366544124973375e-05,0.0008424231681887674,-0.0004407244044843937,-0.0005165009553686098,-2.4717300489138035e-05,0.0003828428586669543,4.8280217332285996e-05,0.0001822658532111956,-0.00033446754171881886
290,5,8,54,72,-0.002679342749824099,-0.002067071783431541,0.0019544419075581106,-0.002349641441535984,-0.0061832944500972275,-0.0032293940160050107,0.010021561652168089,-0.010150376006201358,-0.0002590400471695188,0.0014495942461559734
290,5,8,55,72,0.0005946563204770684,-0.0007162566326968072,-0.0004682099816193597,0.0010009545880905503,-0.00039653046443826234,0.00019677982333770388,-0.00010670972755957861,-0.0008113100661606447,9.989108239373842e-05,-9.959448027027222e-05
290,5,8,56,72,-7.656072381622274e-05,-3.889524796342956e-05,0.0005806736882075953,-0.000971460293284655,0.00032367892734332224,0.0004293977376187384,-0.0002065492914437852,-0.00040363917888464686,-1.1326557518521295e-05,-5.3735672224752174e-05
290,5,8,57,72,-0.013763376217548773,0.016052763496426817,-0.006806019181680126,0.003350756520762366,0.00025317311325371715,-0.010667694730456636,-0.004160893751008558,-0.006899827292601352,-0.0019210184220024612,0.0030364841730171847
290,5,8,58,72,-0.001893061258467538,-0.0003352765520273659,-0.0002644125546556892,0.0012904554819376112,0.0005078147336486951,0.0003578284435118792,-0.0004766727022459748,0.00033642643903431684,-0.000256560363130259,-0.00023191935541830365
290,5,8,59,72,-0.0011498758092390372,5.987816441305614e-05,0.00043838895703749044,-6.996665695847275e-06,-0.0004060728261601341,-0.00018423722199835987,0.0006765269855576062,-0.00024195823517710765,-0.00013849925376796234,-0.0001013795014526722
350,0,1,0,3,0.01020937182728181,0.034370302078350866,0.005134629028718616,-0.015660490775448455,0.04049415682633814,-0.02399841392429983,-0.012484382533277938,0.02438812399523434,-0.0016010020677745763,-0.008397964656151337
350,0,1,1,3,0.14904116359142763,0.030007797849452005,0.03509774456163678,-0.006671676543478522,0.053966404680249394,0.012348294276710536,-0.06915708460581196,-0.044931228476532976,0.0015109588393390201,0.013113961486411882
350,0,1,2,3,-0.011474974339780508,-0.008853098411646847,0.005426903291751579,-0.01654846766578535,-0.022636859416443073,-0.008266122242063445,-0.021149821347411606,0.05277727416381485,0.004985150414374481,0.0037817349995875214
350,0,1,3,3,-0.007371822825115205,-0.00503736003569392,0.00519478987146343,-0.009289803953888768,-0.009029755876496634,-0.0011774966986376181,9.91558593032544e-05,0.004599233340774567,0.0002929583287823764,0.0010997399442219814
350,0,1,4,3,0.39955153856394443,-0.10538851806620637,0.12562501761490671,-0.09024910061926884,0.12188381858301382,0.02082054479905431,-0.0002931054664881738,0.2150774675146016,-0.0017082825002006097,-0.03899190318581993
350,0,1,5,3,0.0003861145174548421,0.0002937416185116507,0.00036332705380459195,-0.00019260176657661155,-0.0017707024284790865,-0.0010260057458913317,0.0007649183761258681,-0.0005185086383207867,8.034470931705952e-05,0.0001991510824641933
350,0,1,6,3,-0.0031493627206237835,-0.005189253958994021,-0.0074271215990426845,0.002064155348704463,0.006428033642784117,0.0015160982979214538,-0.007929035417294695,0.002002128216042101,-0.00026473156312797577,-0.0016705679235975116
350,0,1,7,3,0.08148303281786155,-0.01245310024640885,-0.3933870026327696,0.0360402814646988,-0.15884863802298133,0.12729241478630798,-0.036918181986475944,-0.05163797957566673,0.015294822232303463,0.07443607860695303
350,0,1,8,3,-0.077813121913726,0.009327944262661739,0.00425647644786672,-0.048642504667721666,0.04349822055619119,-0.020860080662759885,-0.027131740044002074,0.003350794699945902,0.0022669043550335474,0.0023397959148554466
350,0,1,9,3,0.11165778095535865,-0.035660508275074346,0.004467019004777683,-0.02844575655718058,-0.14145500050315227,-0.09058001600754768,0.1196824443942048,-0.1734659156812934,0.0006013482914203947,0.005684140087911495
350,0,1,10,3,-0.0881457891336721,-0.0025501752376550515,-0.0013994125089447117,-0.06801604934976967,0.015294427805865022,0.06177934630599589,-0.017111010564151347,-0.05890007864476346,-0.004589486499850347,0.01176411271716179
350,0,1,11,3,-0.08856845247563444,-0.02127769351777231,-0.05268505471293506,0.018204217402459047,0.016346061624793844,0.030007503822951503,-0.0153792949369809,0.02909231119747618,0.0010911448492613453,0.00902619831094762
350,0,1,12,3,-0.018236285562004094,-0.00474678133127563,-0.0029711107074803585,-0.0004071670743418462,0.001790314438116993,0.002021843979352173,0.005316104338476714,0.0039048535717823695,0.0002560613061896358,-5.788163581749853e-05
350,0,1,13,3,-0.0007723948978079526,-0.005490808746777677,-0.0010543270124784355,0.0025367306240977943,0.007265747666815739,-0.0036462041232604506,0.005742080872244341,0.01134452533866461,-0.0010206476128545815,-3.959441690709045e-05
350,0,1,14,3,0.008439944584937364,-1.797092884740982e-05,-0.00034122209290147944,0.00034789628701559883,-0.005522955450481998,0.01207611867162897,-0.0027992042476269376,-0.004160338134052244,0.0006211262180646288,0.000812602749006957
350,0,1,15,3,0.047323263442833906,0.013973095434709044,0.03730187067707861,-0.07298563998819246,-0.027500230447906254,0.024028006228137617,-0.022940518766291846,-0.00882295929751247,-0.0008352832204769191,0.006048812694781794
350,0,1,16,3,0.004881203625998015,0.00036438574092287747,0.0007073747376323341,0.000498705260901818,-0.0035074336882434335,-0.004277903838503026,0.009393955757395486,-0.00048685275672495453,7.064056044214509e-05,0.0006685316770632869
350,0,1,17,3,-0.1860460380531505,-0.03801963805240738,-0.03208632520511492,0.001918421759004039,-0.034338214718131164,-0.04304787467071394,-0.06862992361798184,0.02426123106298761,-0.0018308762384775577,-0.03386636042770958
350,0,1,18,3,-0.026343271587782505,-0.0008497216960421841,0.006553959921540495,0.005153287018633832,-0.01948166954104974,-0.01596878374429281,0.017045408683773876,-0.015831902910767706,-0.0009387013368275178,0.002890302916070495
350,0,1,19,3,-0.00111488095573898,8.35823250001061e-05,-0.0005242143995425237,-0.00019351680072153822,0.0009543390074980187,0.0011892977023400535,-0.0009443132654917472,-0.0010552527425803954,-8.9101641149161e-06,-0.00015138415688112518
350,0,1,20,3,0.15805296070735209,0.11043558528855758,0.2750085896592781,-0.030931054155343807,-0.47553204687982314,-0.28056587032227814,0.46842912905818096,-0.1553123301322945,-0.01133856011068761,0.03847969988180218
350,0,1,21,3,0.02260991066879048,-0.007829723843332578,0.019992041591487604,0.07328869600008966,-0.09646553323281302,-0.03432739776121344,0.11463314160720295,-0.012142681063008608,0.002030502116409602,0.010294848350446298
350,0,1,22,3,0.004644561583435261,-0.002606472032514269,-0.0022988535720613137,0.004002269632645297,-0.00018066264549777952,-0.00569388480316263,0.0027550029709843054,0.00901865060377637,-0.0003234675964672499,-0.0009162776097088029
350,0,1,23,3,-0.043674526330574906,0.004367290496634222,-0.001705552149271543,-0.01466349300858062,0.004786187093305768,-0.004634612800172021,0.001800775274034938,-0.01898139932025803,-0.0026413962403352255,0.0008013492363926399
350,0,1,24,3,-0.14080657203110042,-0.07383146022719017,0.01818464987750178,0.07049133173152948,0.0505827791247669,0.06065709336228922,-0.017530821459886662,0.01259957421069361,-0.0028814146994365825,-0.05904214698208239
350,0,1,25,3,-0.5445697148167296,0.08445285510038332,-0.14209468223770377,0.038414122171604344,-0.1822354065039868,-0.01953249374888676,0.15286086712230781,0.269537228495873,-0.007809647622062652,0.11192612199645652
350,0,1,26,3,-0.024733778130797246,0.006326344786051353,-0.006645649623306299,0.002830562082763044,-0.015292313989103076,-0.04691679469972187,0.0014112902172236422,0.025036431672665546,-0.0011871965310352218,0.0012265500897616938
350,0,1,27,3,0.0005619253053790486,0.0021163782535681555,-0.0014459715681891508,0.001963281674719552,-7.084600881560346e-05,-0.0004115420186187343,0.0032596577152937413,0.0025956920188358445,0.00012572327627768105,0.0005690934513788746
350,0,1,28,3,-0.051684123897488686,-0.011896483414726584,-0.052639118213984516,0.0230227926372999,0.016232242327899493,0.013070780619148608,-0.003541311632877375,0.015034539759964272,0.0013281287558953433,-0.0017202545194045416
350,0,1,29,3,0.03928930938119045,-0.015448184481499011,-0.04355129393724266,0.016560714092594766,-0.0012863718567825454,-0.015048283459311591,-0.03494987377193281,0.026356646393904275,-0.0035282120168551078,-0.021139119649594394
350,0,1,30,3,-0.004956814132591718,0.0001843448769421998,0.005272535127995397,0.0037309206048644398,-0.009260795150897085,-0.011961760072412862,0.010170491244385906,0.0027769416974815406,0.00042403225997448516,-0.0009076666735039882
350,0,1,31,3,-0.11335493036882757,0.01744155831368953,0.085505207466742,-0.05251882841216322,-0.06459589380946541,-0.03878203167178969,0.05079449448889474,-0.019624809089650603,-0.0052462944278031725,0.005876659825663849
350,0,1,32,3,-0.00045878145591203486,-0.008005318283241115,-0.006708427032409656,0.00360882315777304,0.013714695559289626,0.006080772725116364,-0.0072633217970275495,0.0021232887260760574,0.0005347353146962287,-0.0028609157078640485
350,0,1,33,3,0.0005656261539140301,-0.0006980405048550821,0.000750724123646714,-0.0005723107640971352,-1.3202630384933913e-05,-0.003247864692383629,-0.002347959783503199,0.0036172671312983845,-0.00031470524576159155,-0.00011497310631944767
350,0,1,34,3,0.10620071661503504,-0.005144461696950644,0.024596887165256265,-0.03517633935352912,0.013385789912859727,5.931121136744741e-05,-0.01184540020444775,-0.030535334817720455,0.0001634473437092053,-0.0029059569635269864
350,0,1,35,3,0.1916708574231852,-0.015151342834183996,-0.0793904048406155,0.06326298926864056,-0.01519778528870507,0.0369536285977891,-0.009199715996600976,0.04363981153026357,0.002249057189406416,0.01081817817627891
350,0,1,36,3,0.021459954936638694,0.006413044340766294,0.0078133907479255,0.006094668311638249,-0.0064838796813983,-0.013502766792599428,0.006877480224825265,0.0007423518781735408,0.00022762011160325384,0.0010981110103725406
350,0,1,37,3,0.020693714288145825,-0.0035594067038881984,-0.01889806870475382,0.016023250329000108,0.06017134070279895,0.051409086582566155,-0.05491065413884251,0.023189858496998283,0.0013156298533960073,-0.0011252226644899793
350,0,1,38,3,-0.19872366621383825,-0.01396384135804127,-0.05959980317774066,0.06726137169768127,0.0414625339787169,0.0011820172630787938,-0.03858749821187417,-0.08359109791518492,-0.006381337856108148,-0.00986318403901369
350,0,1,39,3,0.04541729119946008,0.026290426389975335,-0.02784065450387842,0.06315902548523192,0.01726522684963773,-0.06568060655842407,-0.028965332978101322,-0.012840146377068958,-0.0011360932855302831,0.0014327027107583989
350,0,1,40,3,0.051142511696004055,0.010154528702300986,0.07630088737178238,0.026449650503252098,0.02028136512233028,-0.12526193053463427,0.05898923616862031,0.07262034439526192,0.005114161126356952,0.008854562506341052
350,0,1,41,3,0.01572504801049042,0.020695294423971132,0.001973902194827436,-0.002676839475401038,0.009692450996566087,0.023299919041958488,-0.007021179207129892,-0.0031274941505223383,2.7922978640908825e-05,0.004636505540928097
350,0,1,42,3,-0.00041413875558361183,0.0006179505714884758,0.0014910274479435716,-0.0012716469459489819,-0.005145819404155748,-0.001854206855225768,0.0011909710699728661,0.003084199984752637,4.4043471197115246e-05,0.0006953549948051521
350,0,1,43,3,0.022426288904393403,0.016982877135784606,-0.01714494228436195,0.023535887479406385,0.020938513702040605,-0.01020231597941431,-0.007095667897880106,0.016022766805545586,-0.0007329842069476213,0.008609513536519365
350,0,1,44,3,-0.12044764394032464,0.018047917493938154,-0.07979039834646491,-0.11959008416812685,0.16048277240859427,0.048644225217888776,-0.29703830878914306,0.0038760504411312407,-0.00404429006161301,-0.0011486607970083286
350,0,1,45,3,0.08316613330351443,-0.002561810954930212,0.0009406106141680392,-0.0021501729263603505,-0.09424458900420081,-0.016377948448522087,0.05417202267223554,-0.05954064797760854,0.002984536545772193,0.004109995833490601
350,0,1,46,3,0.19113110323268837,-0.017778759699452515,-0.005696265802476379,-0.17641789108542053,0.05273978809224843,0.13901958893955108,-0.03597154659172813,0.06354755534479653,0.002658035785288088,-0.011323214024355537
350,0,1,47,3,-0.03785492748778493,-0.0031948768744021693,-0.0174368395158083,0.033202054971474326,0.0041864099090459204,0.014098431883797592,-0.015966039145051486,0.010166484135861653,-0.00035695660906898797,-0.005602699424475591
350,0,1,48,3,-0.011511687635973336,0.011539243471710713,0.0158443318090222,-0.02496581274716482,0.02675625685542077,0.0053638896671077746,-0.006459231674273629,-0.011719627104516805,0.0036479740058768416,-0.010232035927449758
350,0,1,49,3,0.18056246287720892,-0.1893219616028147,0.010590829245281826,0.07755299569320578,-0.2833247887542974,-0.4022327603167599,0.3738617143073592,-0.30853629247393366,-0.007688771005465932,-0.19210702189660214
350,0,1,50,3,-0.005966272381475504,0.0018857352912737602,0.0011499547550236403,0.0015997165455232908,0.00428155642537853,0.0028822960221819545,-0.0015180434829810622,-0.00048799753611922497,-9.091437863607679e-05,0.0014758111177303975
350,0,1,51,3,0.008671591374876986,-0.01148451743320132,-0.001450765078444135,0.011835732987668974,0.034589378667182605,0.02161220181855484,-0.02195844592816338,0.02143928043705172,0.0018440223935948603,-0.0017756900309643094
350,0,1,52,3,-5.50686185887126e-05,-1.0237262389619073e-05,-2.8855202282797365e-05,2.5081490779723494e-05,3.4474336501629637e-05,-4.8321397391447874e-05,0.00010678079721493582,8.186675832963829e-05,2.0044234410898194e-06,-2.5152151698620017e-05
350,0,1,53,3,-0.02201578176006797,-0.014543572892215192,-0.010361623323540027,-0.008963151262033236,0.02596322476508227,-0.013593918568327984,-0.02434881058553723,0.024095290938405758,0.0009377613635177127,-0.007367268280082765
350,0,1,54,3,0.01153163268956239,0.003934024498390497,-0.010838967179654779,-0.0024773340905189143,-0.018876950760617975,-0.016744105065876095,0.00959709926234161,-0.00013360979922484053,-0.0005254013879037899,0.0005149663964247275
350,0,1,55,3,-0.0004331702038274777,0.0003888107373336339,-0.001129164970261412,-7.546292661262656e-05,0.0008495558875281693,-0.0014780153070503448,-0.0001880228248369629,0.000380656640500988,-9.355508838818168e-05,0.0011167047963667064
350,0,1,56,3,-0.07960098099967362,-0.11623898492264718,-0.055246799148883745,0.0006504754754567633,-0.005442465945627743,0.05299173506171921,-0.020749605924320198,-0.03691746731171531,-0.0018793357965406132,-0.031024414789665625
350,0,1,57,3,0.03876836620698913,-0.0004800789179127554,-0.018833688813726625,0.01985247362980483,-0.008352186886874316,0.022802924938856318,-0.005748641894334723,-0.024084754912290004,-0.00330005796774735,-0.009830391295615816
350,0,1,58,3,-0.006129336963625693,0.012396381541362089,0.014483262275488441,-0.03134868377229872,0.011370226822946639,0.014923529425565196,-0.016245304668574757,0.001357511753301186,0.0008754567956167161,0.0052499122810759245
350,0,1,59,3,-2.1838890890742878e-05,8.265858749961629e-05,-0.00016335785704986604,9.657496939146592e-06,-3.9777728792698196e-05,-9.777885298663015e-05,-2.7442440590991336e-05,0.00018991853497249785,-1.0870357677426764e-05,6.62131781686274e-05
350,1,1,0,5,0.0016967294239977487,0.006748054859984195,-0.004994986956788087,0.006555277298875475,0.010061215376163953,0.017188192158063765,-0.009033914208253233,0.005364181724790999,0.0017384995536694023,-0.0005836888083887652
350,1,1,1,5,-0.02036438887129405,0.007258537726393171,-0.021937131588726802,0.0038369050591332407,0.03642834786935362,0.02152740187699715,-0.011895353352161252,0.005506278616910836,0.001956339662856105,-0.0010112091356072226
350,1,1,2,5,1.0596771950830544e-05,4.544604464959624e-05,0.0008091537825010051,0.00020677455483106454,0.0005234794062860465,-0.0002260311871500118,0.0010185145032377452,-0.0006888598339407213,-7.043526746616692e-05,-7.47792185125309e-05
350,1,1,3,5,-0.03916693803846122,0.0390519274964842,0.010328984802532321,-0.007424325829683359,-0.029652501284081166,-0.049237458534118574,0.027420436986560787,0.021192373673353516,-0.0005933766320865704,0.003813136265593914
350,1,1,4,5,0.02718489697025261,0.027706488936747365,-0.013862906489467235,-0.009505756610225125,0.030159137697637322,0.005910165797368046,-0.02213762504624951,0.005185895058195554,0.0016715494591008897,0.01412261489481282
350,1,1,5,5,-0.004774687682914999,-0.025443821170768367,-0.016977369038333457,-0.027348505964575408,-0.03503694396172139,-0.0036022256077024935,0.012769924910174254,-0.02170742798834048,0.0030093939312227425,-0.009640784550519886
350,1,1,6,5,-0.026527817020182767,-0.02001374689063602,-0.022269630676470083,0.01869335102912928,-0.010280093959204362,-0.01666737154972213,-0.007203791118518615,-0.021302633711832386,0.0017685432570185174,0.0010844510862775979
350,1,1,7,5,0.07107292910388967,-0.002553968029657046,-0.0020641005274751835,0.010970570946382293,-0.011125327225449684,-0.004054718329602161,-0.003066562803789428,-0.015957244371670707,0.0003345435188647894,0.000995039063761935
350,1,1,8,5,-0.0013626864163702348,0.000111284108121321,-0.0005693097165863059,-8.459019297930681e-05,0.0005551550816157536,-9.052085240598857e-05,0.00039297183143119835,4.884369840838725e-05,3.4421822436125246e-06,9.235484863060774e-05
350,1,1,9,5,-0.004285626384378579,-0.012818828835064628,0.018220021035499495,0.037075143977096665,0.00013658379463261442,0.010008870624596088,0.00696500101550695,-0.004921537928551691,-0.000703058901148218,-0.002508922437635053
350,1,1,10,5,-0.020626475532231257,-0.0011677570147036777,0.01574744535732646,0.00047988171959985045,-0.005839325155952949,-0.00402524562619054,0.0024308209534090446,-0.0038004516996663117,0.0003830672854011111,-0.002974686245963405
350,1,1,11,5,-0.05946161408734066,-0.005273529834755764,-0.07431387144632741,0.08344971474766714,0.04183512763591802,-0.025283185612038992,-0.04283815182702664,0.11531385038724183,0.0016373332918314517,-0.0014461009551875565
350,1,1,12,5,0.000523632912732987,0.0005378454969812546,-0.0026597686587754078,0.0030838341934392565,0.0003608959749241117,-2.6056079131140116e-05,0.0016700064860371564,0.00029867554956082245,4.316104704499007e-05,-0.00011389841326760641
350,1,1,13,5,-0.0055442943094169824,0.009869721801549002,0.005684367067681883,-0.004480879555978869,-0.012485280920960053,0.0003206850760247587,0.006911031621754533,-0.028474523997202544,0.0003589730522582177,0.0019577227038697353
350,1,1,14,5,-0.15082505191072573,-0.023464684188969052,0.016537852855519095,-0.017653318969350476,0.0027761622069382313,-0.009400971156395564,0.0341640178893346,-0.037284340649694214,-0.0011794582563328516,-0.0134267822200873
350,1,1,15,5,-0.02366906281719409,0.014175193614578118,0.016785509983256817,-0.019748444932706034,-0.037134664259738666,-0.027018894786591034,0.05106992541758478,-0.03250951038363617,-0.002317476157440071,0.00018116057315819485
350,1,1,16,5,0.27136625178243823,-0.0011510010915129828,0.11789377681921984,-0.03161791851736187,-0.11979330237912239,-0.03727433163233019,0.1276780299113515,-0.04345642061217161,0.0028814227726454778,0.009008033778315
350,1,1,17,5,-0.014921246081561484,-0.0025590976986839312,0.0013379764369836717,0.0025565008230006344,0.0034503139678048462,0.005082900898235602,0.0017880740722873037,0.003366771387623588,-3.411848923505118e-05,-0.0009793489349088577
350,1,1,18,5,0.0011183290373610912,-0.002684844618138144,-0.0023419292945735045,0.003319317421633692,0.0034092017371573535,-0.0035968733600634274,0.003252408415512844,-0.0009904857976150785,0.00011036988808572172,0.0007523155823720301
350,1,1,19,5,-0.020049994396213532,0.007269082339930095,-0.0015987809110058105,0.006206931255492232,-0.02373754007034603,0.0028379950055788254,0.013115201524126702,-0.006426885205034847,-0.0009342772480945525,-0.0030788752872569487
350,1,1,20,5,-0.0017366956277395126,0.004800762649484212,-0.0003039477591125068,0.004180118228119763,0.006850111262279481,0.0033565056257338246,-0.0014508700314969614,0.0005356841808315757,0.00046103597231145796,0.000805822318950377
350,1,1,21,5,-0.005335642828382387,-0.0012768112163478612,-0.004115278732383279,0.003964986798161753,-0.0016989101271393814,-0.0020788319185278408,0.0018586814006914141,-0.0024407736283536528,0.00022605693269721187,-0.001984207928787915
350,1,1,22,5,-0.0799795362493715,-0.02487492226456231,-0.05163907568186243,-0.005059426564444635,0.02033730985993518,-0.030293987236602742,-0.03431281919339935,0.05290870775677164,-0.006665439155123649,-0.012896526339843879
350,1,1,23,5,-0.0012578264102535766,-0.004334053050260349,0.0564448640060984,-0.0356440537015914,-0.027725056259295628,-0.027758282619075883,0.040272916395408746,-0.03339838708868172,0.0010947134562964613,-0.00505805105725937
350,1,1,24,5,0.05881411836870689,0.021857372117704423,0.024520587367306425,-0.00815521785759015,0.010033381668612066,0.049674063310333465,0.008452008708623627,-0.023405867676572135,0.0004993732950611635,0.014400363456909015
350,1,1,25,5,-0.010493287283098608,0.007744202502077783,-0.010139242940743969,-0.0028029253857821445,0.012481954091748957,0.015297325209910667,-0.028611273513829805,0.015124145486956151,0.0033392505982918702,0.01600167936449593
350,1,1,26,5,0.03267152350789341,0.00827206049849587,0.007175216285405124,-0.030239486679182494,-0.0064252103774257024,-0.00357210063759309,0.0067014586919629995,0.016751464510339466,-0.0010659717917933088,0.004781652134612535
350,1,1,27,5,0.0003737352560392412,0.000100710703733251,0.0002822525439270299,-0.00019891360272996652,-0.00010361885828312687,-0.00040494041422701067,4.8443062853087735e-05,-0.0001183620531597709,9.191051712054134e-06,4.2475606193698797e-05
350,1,1,28,5,0.0018361810589445178,-5.5764412779311176e-05,-0.00019345048022987178,0.0053790434266348655,0.011149315730838204,0.02187882108980945,-0.006390950882879733,0.0038082927582745413,9.406163317573887e-05,-0.0003645602561730344
350,1,1,29,5,-0.00659660267196024,0.00012530293334155686,0.003567437816165197,-0.0005598355764781734,-0.004178585461581127,0.002104647081927717,0.0009497742208952717,-0.002292441347950975,0.00018659417528252298,5.816253097385539e-05
350,1,1,30,5,0.003373949447042392,0.0023331662520709906,0.005758736170939505,-0.00494741723161228,0.002752866205592077,0.007384014845856674,-0.00837349240066589,0.0033039251525775973,-0.000261463420718343,-0.0001982152766451505
350,1,1,31,5,0.0014887346984382894,-6.672798416831069e-05,-0.0011929637030505074,0.00017622924150385006,0.000795122037076002,0.0012378403225892203,-0.0001095715020937692,0.00220334839515186,-2.8737738759763276e-05,-0.0001124480974608745
350,1,1,32,5,0.15068114276146374,-0.020795333259877685,0.02830817282201093,-0.04173269291899115,-0.14004205687441973,-0.10558155008501198,0.16893697391756915,-0.1632455452884634,0.0015867991887450299,0.022569763081095782
350,1,1,33,5,0.01412859061765402,0.007431977292871742,-0.0022663021498847916,0.000355514353519561,0.0023432825961649264,0.009714515635961759,-0.006829380687476681,0.004835649128804504,0.00024307983827243668,0.0025691700385446596
350,1,1,34,5,-0.0035396322920119494,5.7239708565455325e-05,0.0013477682257116142,-0.0017678368090751292,0.003328338433879818,0.004468607567564471,-0.005403380282059796,-0.0003021306718715265,7.016279897732868e-05,-0.00019581872965011228
350,1,1,35,5,-0.01985237317214708,-0.009447507908837555,0.004254740787028985,-0.03186272112897369,-0.013964976317968017,-0.014181390208653558,0.004570583572977361,-0.01591354776961478,0.0003615863345868807,-0.001997294536620475
350,1,1,36,5,0.0005753188058966524,-0.00045486488074761896,0.00010375338581835716,-0.00023877266115916845,0.0002498766233002753,0.0004301175555984379,-0.0008753450918207422,0.0008851198646480502,1.7812679267943998e-05,-5.096074448732387e-05
350,1,1,37,5,-0.002582720175088649,-0.027224860385090567,-0.008448914839392764,0.03632850271316962,-0.01169467174645927,-0.04684086054094188,-0.0013743172252467931,0.00015400839440536147,0.0010082289624519414,-0.009442284437060794
350,1,1,38,5,0.010416389040730329,0.0016972845967273642,0.0042508040119566505,-0.0027418642135396366,-0.004823701586158801,0.003323804135125063,-0.002957274934808745,-0.00764088363480343,0.00023614374887300264,-8.957027035142767e-05
350,1,1,39,5,0.001323546699912962,-1.9915160523563027e-05,0.00048409651723661866,-0.0003339944824213859,0.0009016271686388642,0.0004867809873369109,-0.0002847560363762662,0.0009703677591393141,-3.8042072732079026e-05,0.00014700581974416916
350,1,1,40,5,-0.1153059762598984,0.015563790269114629,0.060447663145220765,-0.02117439279257249,-0.1300804773665804,-0.0834976056704613,0.08375926122574871,-0.04349073976777971,0.0003690360719722274,-0.00026904588704895874
350,1,1,41,5,-0.0015454862703248487,-0.0002908095626467438,0.002630685404695453,-0.0008427103652268937,-9.539802199317198e-06,0.0022647578368205023,0.00013358237436726276,0.0005351039049121602,-7.220644007832928e-05,0.00011995017167911232
350,1,1,42,5,-0.038390469768046345,0.051733751979504854,0.04282879472348085,0.011378254540151072,-0.0023239673776572563,0.008350763235751941,0.03344088322876902,-0.029947982191473578,0.00031244381988953634,0.013008882378327001
350,1,1,43,5,0.006999487570863714,-0.008236999421642757,0.007798873038100496,-0.0181088404545791,-0.016157697859417015,0.0067848331558725055,0.0005095106857508375,-0.002067518684077711,0.0014738178852210825,0.0004554918473740875
350,1,1,44,5,-0.0003920739429308525,0.0002599189758232638,-0.00019706613890579081,0.007413732290686092,0.0002184286368370653,7.524098406254169e-05,0.0022758513861227373,0.0015076384366026314,-0.0003148549838126126,2.0864390940472136e-05
350,1,1,45,5,-0.0006833676747225011,0.00017958386813703858,-0.0013530170708855446,0.0009368985751848545,0.0005231306458228313,0.0001968958149943232,-0.00045230270131618456,0.00038712731609409856,1.9881911732224306e-05,-0.00012265651052180556
350,1,1,46,5,0.0017023999586276391,-0.016076642281751777,0.006376667659674205,-0.01744686461555672,0.06942756318902397,-0.1416345700034488,-0.015477793325578285,0.056069404888205304,-0.00395173607740245,-0.004659604773492913
350,1,1,47,5,-5.273258287957385e-05,-2.0995217583506064e-05,3.494207813322282e-05,-1.9144312551086268e-05,5.990930193426241e-05,0.00011798094465167389,-3.114744359305771e-05,0.0001481226282805934,1.5976047894618406e-06,3.240278038628379e-05
350,1,1,48,5,0.05343461701682732,0.021609361271567575,-0.07433041145827271,-0.025488374832642925,-0.005018737219788757,0.005261357288457812,-0.07313811225436025,0.060172587667540516,-0.004052271888162311,-0.002736962569362464
350,1,1,49,5,-0.01350343558271003,-0.0006857845578380302,0.008460548810996078,0.00011144777375722658,-0.0025437126845948023,0.008208193798845666,0.0013086632367602686,-0.010178701262968957,-0.0008572096221446193,-0.00080140661320604
350,1,1,50,5,-0.01832602360689075,-0.009701486842590146,0.018282270397798724,-0.026915346803726283,0.018827028905986164,0.03870442115489246,-0.020271750989866177,0.02165253719339617,-0.0001627399739308024,-0.003561781741382378
350,1,1,51,5,0.05455451152194329,0.037404775862484724,-0.014994525915081764,0.05969986942623539,0.004109673094285848,0.020337371433351643,-0.013327639543513407,0.0035965692056226894,0.0033744770383022276,-0.0026875099869499357
350,1,1,52,5,0.024512110395549395,-0.008557404370251643,0.020333999786291645,-0.005129696823985873,0.0015774740896838148,0.00429651796659285,0.015322248882648297,0.004059644976167999,0.00043703850509366465,0.0013733840377216256
350,1,1,53,5,-0.016954372923866118,-0.005231498420435703,-0.03311395532051058,0.03801365895406735,-0.018529157310400852,-0.025895053725017585,0.02552771389393386,-0.007334925743785824,0.002986996743028313,-0.006551298432847039
350,1,1,54,5,-0.013237344808744311,-0.005183446409865921,0.0030187579864813115,-0.02044825598981312,0.005098292742525913,-0.006349316433421533,0.0038910957778718,0.025301475916584642,0.00048482385260119294,0.0033172593726770584
350,1,1,55,5,0.0012543279582891574,-0.001798959899287619,0.004576716126555715,-0.001995888136168269,0.004538102578552157,0.004447295741521852,-0.0021271480343563764,-0.0007420633571218882,2.8631365649467363e-05,0.001558757546325546
350,1,1,56,5,-0.06898771734760642,0.00629708903036519,0.06393514007797665,-0.026369465463947642,0.008045483342203577,0.008943911835999952,0.012544987271372163,-0.021440115697616696,-0.0036228986139481304,-0.011489369914277616
350,1,1,57,5,0.046309699147474834,-0.01904609230910526,0.0026060489625868316,0.018113228695126046,-0.0034946349835908806,-0.006045786810287134,-0.005609919838606791,-0.0015829584829199625,0.0024469985038248453,-0.009485970533984056
350,1,1,58,5,0.0012214971049657815,3.3651237647698416e-06,0.00013700283174700913,0.0017284369166621423,-0.0008834172446675277,0.0006518942340451581,0.0007825715094454531,0.0008624135810205662,-1.4782484586910451e-05,9.309151346508369e-05
350,1,1,59,5,0.0007939721066842866,7.868837599043418e-06,9.722809038140655e-05,0.00015874978489040467,-0.00041048114064209495,0.00027602593001634535,0.00012221551098548936,0.0004995027290126002,-1.1263431753399988e-05,4.444289823299773e-05
350,2,1,0,9,-9.958666147891946e-05,-0.005529942242852234,-0.01431499980634486,0.03533482636534608,-0.021114177416679102,0.01167897867549126,0.0037178517443071735,-0.0056034819919799925,0.00023704917731785468,-0.0059074546693865596
350,2,1,1,9,0.04579612443202717,0.011882475909960128,0.004154244496798571,-0.0015528354359545618,0.016328845988559052,0.025914112437322456,0.008924072624216775,-0.002688576223987248,0.0022308156364754263,0.006464882200500523
350,2,1,2,9,0.006744654648249446,-0.002722090287931564,0.006294904182898849,-0.002350679111760425,0.0027394342716831202,-0.007995205223567052,0.0079783632430994,-0.004028018258594932,-9.826646646129881e-05,-0.00011190979964343053
350,2,1,3,9,0.0009130999910637713,0.00048977168914828,-0.0005201372730993386,0.0003458674815870339,-0.000695871572270056,-0.0009191609706397121,0.0007865696334400207,-7.294082022275983e-05,-4.658878762634449e-05,-7.923562367239668e-05
350,2,1,4,9,0.006904805995655149,-0.0003131563649769875,0.016858269117807106,-0.03717299496044703,0.01529563281792417,0.008046325727039921,-0.013585781336659126,0.0009494409264560388,0.0023624985356539645,0.005781219561066483
350,2,1,5,9,0.04928870822732641,0.0070976731601292056,0.011306258400201623,-0.002506544727628122,0.005706869785615897,-0.002935729301487975,0.00468285048477303,-0.0005898089251686085,0.0001232591089147391,0.0031157700059617284
350,2,1,6,9,-0.026965309065697395,-0.00440554385046014,-0.007880488302480356,0.007922900007511927,0.03114455635936541,0.011308796253204358,-0.053182704586955565,0.037120651593856205,-0.0018825353391840876,-0.0011186134845015288
350,2,1,7,9,-0.030417203500674905,0.001834095317821836,0.012486118746313833,-0.0063234655927156816,0.0023398860802419847,0.011311147608104298,0.00174431865579225,-0.006862524727106852,0.00021583935518730449,-0.0013118843833422327
350,2,1,8,9,0.005317847301988506,-0.004308240270831396,0.010504003958411778,-0.0064807499237636845,0.0033144917511362844,0.0026461295285365245,0.005239828276387488,-0.0005512329891094388,-0.0004615832357306375,-0.0024072760760859386
350,2,1,9,9,0.00254963131660793,-0.0014926159256152646,0.0009725930427531349,0.011995057450299431,-0.009521653373475516,-0.0018454975176555118,0.013230532698780769,-0.010097645194090293,-0.0003964927328673909,-0.0009917651701560524
350,2,1,10,9,0.0020535737199590016,0.001646332746034371,0.0029126782128579966,-0.006768231253670615,0.001676066807977905,0.0047449815312536085,-0.00228676675108333,-0.0002913576350861432,0.00022271120733691703,0.0008918472525207133
350,2,1,11,9,-0.005605258641251819,-1.1918326348197576e-05,-0.0015412243718608207,0.0007283460385477431,-0.0014217312070009197,0.0031834939946653205,0.005519254509450763,-0.0022665295420312413,4.714270124707118e-05,-0.00035127645148041515
350,2,1,12,9,-0.0030043121956712816,-0.0001733861620559994,0.0014433891000828556,0.0015884558728702864,-0.0012001967691477457,-0.0006883614904942206,0.00042962931146298757,-0.0004945525947570692,-0.00019157957393196916,0.0006720122681014838
350,2,1,13,9,0.00011656077821616444,-0.004744445484436187,0.0031481629231158575,0.002991481313634891,-0.004061042502781209,-0.0022263844938018537,0.001415934177646191,-0.0009082084180133266,-0.0007011306374932456,-0.0013622130363267059
350,2,1,14,9,0.0007800417634654753,-0.000892339765377481,-0.0008369570207180182,-0.0036221292797357094,-0.0005543582791224188,-0.0010989312053066062,0.0017454241890603093,-0.0028092308202934194,5.5201887773423326e-05,0.0005828584000681373
350,2,1,15,9,-0.02414687987391009,0.003364066204448478,0.0013912363740695647,-0.0015828290933598528,0.007180139111169803,0.005847903163414383,-0.00042388891770608233,-0.007118023383974622,0.0003134624946794796,-0.0009750724961162686
350,2,1,16,9,-0.023884818534827393,0.010095603791478912,0.005491481620077595,-0.00544314838836304,-0.012311815997351113,-0.008855386247689018,0.0018629507759284712,-0.005415447892325852,-0.0005131778002732991,-0.0009877461379112394
350,2,1,17,9,-0.0011553356441663938,0.003351109949232374,-0.004936519882466246,0.002267054674864579,0.0015631525179927365,0.003011573220549672,0.001670620745182667,0.001590036732215188,-0.0004033160906217416,0.0015510028602002501
350,2,1,18,9,0.0009230518559282344,-1.569094307441304e-05,-0.0005631911384256974,-0.0017655334757867849,0.0006930702866914203,-0.00029845144753561976,-0.0017907570083686838,0.0006792770180751797,-0.00014056201750350348,-6.376371783798486e-05
350,2,1,19,9,-0.021518782944949234,0.0075241373861839045,0.011573497411470983,0.008693565808010168,0.011238696759410409,0.060693632171115806,-0.04606888977512484,-0.031388598409518784,-0.0016968262585526593,0.00040435832526859066
350,2,1,20,9,0.008193993431348733,-0.004117441275248232,0.007897337726189741,0.01610539280402355,-0.010705958384048024,-0.009327372647697384,0.02843875567012192,-0.001450288825372477,0.0009536076962086299,0.006127956830958593
350,2,1,21,9,-0.005570096679656544,0.0023254066637586755,0.0030324642980140847,-0.0025094739650147464,0.0007131228791100247,0.0018337420597916716,-0.002112530039830794,0.0037175342059499457,-0.00024594419150154455,-5.903853426273975e-05
350,2,1,22,9,-0.0028675183583784167,-0.0006632160871997075,0.0003183564695004599,-0.00010841514370754037,-0.0007667605813805337,-9.407398979556844e-05,-0.0006415844996903286,0.0011586610260136093,2.0574686548041115e-05,-0.0004699784834354225
350,2,1,23,9,0.007446283425497953,0.0027678271872902675,0.009527055501055199,0.0006364094152998732,0.005689649035644392,-0.0028373796160100564,0.002571993931527937,-0.0014886728609717183,-0.0004483603332089099,-0.0010902382233919214
350,2,1,24,9,-0.01468161414171291,-0.0018513953243936183,-0.00450580933664333,-0.0016941007350428634,0.007610896916145011,0.00463975471630406,-0.004529246133250334,0.003875892738310112,-0.0002377677437335474,0.001131631079414912
350,2,1,25,9,0.00013101525012264152,-0.00012226510752275647,0.0014238286849968802,-0.003100524242498527,0.0012753040037525676,0.002048263351996725,-0.002395654047554371,-0.0007527973917782631,4.6940437166754546e-05,-2.0946694178496514e-05
350,2,1,26,9,0.0017607313285755795,-0.00047894843293301527,-0.0025563940809374564,0.0017340950271146794,-0.00036129488084028186,-0.00018714930385039534,0.00014762382875198495,0.0009675945026356244,-5.695309486810021e-05,6.936064540517103e-06
350,2,1,27,9,0.0028709451277542193,-0.0014181231963193888,0.004523680233359782,0.007405809259693551,-0.005461435190838796,0.002027607098969204,0.004334557986787203,0.00933682725454309,-0.0009167841479544079,0.0027952274042723625
350,2,1,28,9,-0.00020251577097916713,-6.399551415967299e-06,0.0004610044054688514,-0.0004669814860000221,0.00019665152228928468,-0.0002004216790566034,-8.778792433758265e-05,0.00014220902073109498,1.4533741727854676e-05,-2.6078611038258183e-05
350,2,1,29,9,-0.0006986404658988277,0.0002172998423723829,-0.0003815687943180775,0.00016605292856813214,7.205407184367769e-05,-0.0004042893392535547,0.00010956093496477777,7.805382370914127e-05,-3.849065519661291e-06,4.978296206328137e-05
350,2,1,30,9,-0.00012055525026115316,6.238562165430691e-06,-0.00010130820587610687,9.926041697932461e-05,-5.8050431848688857e-05,-5.4408974222440104e-05,1.1145787346109265e-05,-4.313096778330152e-05,1.2772568022091835e-05,-1.3823598754611892e-06
350,2,1,31,9,-0.004398950863153524,-0.0004091602357169819,0.002627143540279405,-0.005076036009565506,-0.0004344775927300985,0.0010053910994565836,0.0001989068150718028,-0.0002458973637110939,0.00020976804630617918,-0.00038220004145979417
350,2,1,32,9,-0.006775133111332649,0.005472728091233015,-0.0069464103035848995,0.003351424082799319,-0.003232030643670344,-0.009672113911064631,0.004864184358096118,-0.00864811699250631,0.0003169665436397597,0.007891532128509552
350,2,1,33,9,-0.00037040595190741246,-0.0002573823030834194,-6.85182724712654e-05,0.0004503262890510084,0.00010597315536277238,0.0002178297512523142,-0.0001606455877118704,8.73451306883394e-05,5.5233453853798495e-05,-8.73864669547354e-06
350,2,1,34,9,0.006328064785358958,-0.0005900491676162824,0.002336555914763167,-0.0021413605342385316,0.00029653455485011625,-0.0010080294781088692,-0.0013251451712559242,0.0032630163002295726,-6.949341634733941e-05,0.0004885174171991456
350,2,1,35,9,-0.0032562681264109413,-0.0006295209998188567,0.0008364325038960856,-0.0006438442292455449,0.0005642229903828696,0.001988379039664879,0.0003861602270528802,-0.0002645161783249663,9.145061797413568e-05,-6.687890238427805e-05
350,2,1,36,9,0.0054746550281263824,0.00030203952374785323,8.473047960406173e-05,0.002998266779258948,-0.0022321129171227415,0.002103879277043905,0.002051346163821392,0.00034857114705801127,0.00033009909153900726,0.000705939375310212
350,2,1,37,9,-0.007421864105985869,-0.0029475277936998317,0.004319383710076922,0.005739735173124093,0.0021633525117753442,0.004075865241013752,0.000862256219858801,0.004865479960990639,5.8987096769095195e-05,-6.444514367892798e-05
350,2,1,38,9,0.0033275673295899946,0.000632459292989305,-0.003919265103689843,-0.011865348514461518,0.010191260202620381,0.003546054184601213,-0.010924639968989507,0.01140135879901386,0.000957128953487477,-0.002770755723149961
350,2,1,39,9,-0.007458798031973832,-0.00581107790282823,0.006086568416280024,0.005267433816361094,0.005365047923363262,0.015308044833853928,0.00265982688990086,0.009794474917332216,0.001573029625321425,-0.005597694660776512
350,2,1,40,9,-0.0061851981483223625,-0.0021295422021086947,-0.003632883405190052,0.007236482279620772,-0.005669060453817017,0.0018555999995538447,0.003336453828651869,-0.0034231854104925805,-0.0007882970971890479,-0.0007811577166952007
350,2,1,41,9,0.005094435515496609,-0.002258814705200182,-0.003582246337777602,0.004144084207116796,0.010210141304507947,0.004595527282835548,-0.006804557483938737,0.006543663639882858,3.997371149793951e-05,-0.0005613435446823868
350,2,1,42,9,-0.011648132225924566,-0.004739459068376106,-8.332242875948748e-05,0.013837139280409926,-0.003347154563487729,-0.0034393016644208765,0.011009051464243282,-0.012409366279929895,0.001953161835341433,-0.0014333062977744237
350,2,1,43,9,0.011500699896375728,0.000569580426169962,0.007486482280519002,0.0024816872196762397,-0.002443132229216553,-0.004262421964786777,-0.0012723478460409268,0.00041259109192558853,-0.00017774654688419144,0.00181417216801177
350,2,1,44,9,-0.0042976660659592054,0.00618027580314053,-0.012427739728302212,0.0005517874949209958,0.0013295779711577401,0.007882428971348898,-0.0027561587264487417,0.011336021645287627,6.838491353049944e-05,0.00040964490549325603
350,2,1,45,9,0.0016712303128536552,-9.372095113040385e-06,-0.0010577896165365139,0.0006072132637858654,0.00047167239799406416,0.0014001454687932444,-0.0005722076329050693,0.00033972377062160695,-3.634613000344069e-05,0.00011930923319673634
350,2,1,46,9,-0.003043675910926784,-0.0019407487551878965,-0.0004069931450961396,-0.0002181427100057201,-0.0011406409101961093,-0.00017293298382004964,-0.0012989522274728638,-0.00036135179311780883,-4.945679894888552e-05,-0.0006982813907570743
350,2,1,47,9,-0.020944064345023595,-0.011566678365673303,-0.0018817547300236583,0.00882421940595705,0.0011794163138657873,0.0007819287981545575,-0.011567851736190455,0.012188430131201912,-0.00042981484740952747,-0.005070918123096758
350,2,1,48,9,0.015478532089808542,0.0012384234915553069,0.00012385461606758286,0.007173843937833567,-0.011802795799085334,0.008832838416847726,0.006540436692835719,-0.006441514520746699,6.568435473073478e-05,-0.0017860097563990429
350,2,1,49,9,-0.002593617295001615,0.00019971303121665105,0.0001297649242238305,-0.0009479824829673541,-0.00039336988677101097,0.00111408966903113,0.0008456986959874568,-0.0010611666634261856,8.202228297469168e-06,-5.2578624566818465e-06
350,2,1,50,9,0.016231025105274157,0.0019076352748510505,0.006416461623930934,-0.03288845471571007,0.0028747606359415794,-0.007634369418753945,-0.027859895820886264,-0.008174358276968264,-0.0021851533781879545,-0.005131529092824799
350,2,1,51,9,0.02156167199987688,-0.01429454815409752,0.007786831071329777,0.022605495663100456,0.030407852469309903,0.016243392039662664,-0.02071323433485709,0.029412959046352327,0.0005494474304149749,0.0011174331524069297
350,2,1,52,9,-0.02451420525234276,-0.001093897629553739,0.007788108559728688,-0.014197567313457816,0.00108135943608729,0.0017595260371714048,-0.007868918930259304,0.006709842143821318,-0.0004931920793604093,-0.001161496361467687
350,2,1,53,9,0.0013794814244108408,-0.0006487069546312494,0.006342479952535288,-0.006788344656649764,-0.006013334619501344,-0.00312507180698621,0.004746833753115785,0.003392389944798033,0.00044594655629489775,-0.0008598822514873418
350,2,1,54,9,0.002074234402480671,-0.001892002651912927,0.007394602786133895,0.005260761090180286,-0.012626092885341065,-0.008671144719267962,0.010447599136739816,-0.00030839921203536306,0.0003720230804305267,-0.0003977485362531145
350,2,1,55,9,-0.0006396463357981045,-0.0006842555440582789,-0.0009624253412481276,0.0014087687378515903,-0.002171853822900906,-0.0014734396931901728,0.003301601143504522,-0.0024979933126569554,6.220492326868667e-05,-0.0001723364574765146
350,2,1,56,9,0.006788949653914508,-0.0002482493881440181,-0.0008606778968668655,-0.000332263298148308,-0.0005569269952247668,0.0008651284984811839,-0.0005981520508643653,0.002308351527623683,-0.00021865845594177781,0.00036571198272271403
350,2,1,57,9,0.02716495629560771,-0.004812842342400289,0.015214892405064363,-0.019346128097896192,-0.010533754018934522,0.0177385940733615,-0.011924116502588721,-0.015697231470557817,-0.0005305356593721713,-0.003175043663638538
350,2,1,58,9,-0.0031118539483049657,-0.0009292860438905925,-0.0020814494798432246,0.0021854886942628184,0.0007034934999895894,0.0028630568126788935,-0.0022606454819070754,0.002545786215805673,-4.067920109149519e-05,0.0003858141123920355
350,2,1,59,9,-0.006186933085229625,-0.0034666562360082787,0.007629889192732058,0.003909534065513857,0.00453047092751222,-0.014874745606950575,-0.011186373941145708,-0.007390715578785974,0.0022314754304854287,-0.0013767883144669064
350,3,1,0,17,0.003391015164348975,-0.0005657660052585158,0.0018812391949435245,0.0006707597500990534,-0.0011890486028521934,-0.0007793335906188144,8.835001035470057e-05,0.0019073326994647967,0.00017711728213636943,0.0008984643712323486
350,3,1,1,17,-0.0024905219834142358,-0.0013063356635560188,0.0006384442710878173,-0.00037304998330677484,0.0009434103801469312,0.0017682258015822205,-0.00012240592854366938,-0.0015309565698625799,1.2643405631692407e-05,-0.0014436650969482726
350,3,1,2,17,0.0004325198771296944,-0.0003837949446970642,4.558438923537284e-08,0.0009049427538387238,-0.000752508230065979,-0.0008608985709905677,0.0008543092119280226,0.0006064998930355943,5.772276178928131e-05,0.00016867313087607627
350,3,1,3,17,-0.005796349352093427,-0.0013782240335247532,0.004404880396556789,-0.0036101193707208093,-5.1005693532056874e-05,-0.0047841803944713305,0.008650991938729577,0.0005760956036333358,-0.0004080109002508312,-0.001332679012744967
350,3,1,4,17,0.0021790850506545265,0.003488549069424412,0.0005128351651414272,0.00013451653187918368,0.0007407240866629349,0.0049543885360957066,0.0002462062104727632,-0.0017576002168554741,9.988277561119154e-05,0.003571811842242252
350,3,1,5,17,-0.00010341695652210264,-9.844528281161069e-05,4.25466280357489e-05,-0.00011872225875726906,-4.356761417159667e-06,7.540080220301238e-05,3.0138204770493515e-05,0.00017983568787633967,-1.3386983794163578e-05,-4.1984595242988854e-05
350,3,1,6,17,-0.005241529435416565,-0.001272165167174487,0.0012917864841199985,-0.0008522965898432666,0.002002528361811916,0.0015295623542603695,0.00038611615688502547,-0.000270980465352461,-3.7638346133140366e-06,-0.0004468595970405884
350,3,1,7,17,-0.0016645465411697002,-0.0004918803113304719,0.00014795712995956684,0.0005707830175803081,0.00028235738840848594,-0.0006632521310489311,1.2474058072749046e-05,0.0003082811979028108,-2.3225282554352395e-05,-7.254199829133215e-05
350,3,1,8,17,0.00019592402540160846,0.00015511490772948008,-0.0005662641327616713,0.000255099149878524,0.0001446294832277701,-0.0001225331224904916,0.00016239491033775324,7.550445015881817e-05,-3.656851312219347e-06,0.00022400562157111686
350,3,1,9,17,0.0007643697459608534,0.023115143363131512,0.009948767045692563,-0.006915613281461757,-0.0034220578559674246,0.010898428836166724,-0.005748920180402909,0.009792742721714449,0.0006243438986961619,0.009970638880356049
350,3,1,10,17,-0.0012707077857810679,-0.000279913049096822,-0.0031555261927428374,0.0015156560618296597,-0.0015182902828212146,-0.005391547278945363,0.001631194964248986,0.0011830430655210156,0.00015599442534794264,-0.0002801252921947932
350,3,1,11,17,0.032655699369568476,-0.006275474399825541,0.015966691989091786,-0.013150227370686081,0.004959785028952933,-0.00882143356926213,-0.004203702403350236,0.036105098016695536,0.0002924200946786967,0.0017669974981730314
350,3,1,12,17,0.0004981127934831491,0.00012638611220668096,-0.00014309605953151858,0.0009772830116428104,-0.00041847128131034114,0.000709065715817531,-0.0009615264384409982,-3.616496131137738e-05,8.259092978010292e-07,2.7593815073692544e-06
350,3,1,13,17,-0.00024078431846798014,0.00028613486085682084,0.0009085601967223234,-0.0006188795913892473,6.580373052356763e-05,0.0002687740924134688,-0.0003511987815680088,0.0009110817154149875,-1.0366399841306098e-05,6.986330906051998e-05
350,3,1,14,17,9.88241860001078e-05,-0.0007847016244324093,-0.0008979721843673141,0.0024971979357453216,-0.00044321651351033855,-0.0018464761406993704,0.0012192972731674386,1.5313773307112942e-05,8.085733896710535e-05,-0.0005446672070810875
350,3,1,15,17,9.10741965834672e-05,-4.1244024132674056e-05,-0.00012791679121267255,0.00014274996194062406,-4.1727656064749255e-06,-0.00016774450462126057,-0.00015808006072482047,-8.306799094899126e-06,-6.662627597314471e-07,-5.682920734050075e-06
350,3,1,16,17,0.0009824410867814916,0.00010318371964565832,0.00047820098019095837,-0.0009262286847802604,0.00047795062605684736,0.00031170224405757305,-0.000412562033828305,0.00018244145129919914,3.5439196827754254e-05,-2.945652294036775e-07
350,3,1,17,17,-0.009024392737571097,-0.000985347336030302,-0.00523168434307799,-0.009168145226116572,0.013279142636731432,0.006770459492327074,-0.0184531173550424,-0.0006348743941486603,-0.0009272603874663511,-0.0036809796898793976
350,3,1,18,17,-0.00031885849240761196,-6.539667470979632e-06,0.0005436960095548751,-0.0005396423168246026,-0.0002650850796466153,-0.0003602103142291182,7.697717300977501e-05,-6.4833681829893875e-06,3.5573026884061635e-06,1.0845500885459601e-05
350,3,1,19,17,0.00010739404045981042,-0.0003280623232135167,0.0001410598386671714,0.0005515988415690732,7.152331536826461e-05,0.00024461177629137314,0.0002158093875817433,-3.03813963370061e-05,-2.057828169700184e-05,-1.3063381789589152e-05
350,3,1,20,17,-0.0010425776022910183,-9.170147438876779e-05,6.296334826797708e-05,-0.00026032000663000555,0.00024158280161231456,3.328405577978621e-05,-0.00019661532234435593,-0.0004754722767668629,3.123611688910973e-06,2.045429412605367e-05
350,3,1,21,17,-0.0009091233585252446,0.00024176323678386398,0.0005503427763920745,-0.000584901913492782,-0.00026504119985773045,-0.00010497691906306882,0.00023553417200824825,-6.330278666462266e-05,4.121642781947595e-05,-0.00011649225004439404
350,3,1,22,17,0.0018221651530209158,-0.00027490288271149184,0.0001535814098280419,-0.0005875549056741128,0.00014653434991881184,-0.0004125636604210215,0.0006826190612976364,-7.952481303677933e-05,6.291941898018586e-05,-0.00015413667972666547
350,3,1,23,17,-7.047134832778225e-05,-9.303908823532158e-05,0.0002331079114475143,-0.0002729061094417793,-0.0007719782317074285,-0.0004347542752590018,-6.662747404636035e-05,-0.00013663548825122913,-3.693410801294314e-06,-4.920005956597659e-05
350,3,1,24,17,-0.0032653633429943216,-0.0006895323946068786,-0.001200082190209593,-0.00015037781336683077,0.0005405486722145081,-0.0009691292445869971,-0.00010315828353011999,0.0004711415584829468,6.089374012241064e-06,-0.00011864410706830038
350,3,1,25,17,0.037419062673593004,-0.001710089783113853,-0.009887251917873482,0.013837037428188866,-0.014160216791473206,-0.001083164407048848,0.01518940204197117,-0.009521943024908176,0.00024451308816212546,0.0016450665224535942
350,3,1,26,17,0.0035795104254573904,0.0017117432019502603,-0.012499133462390006,0.007262237864107199,0.0030050682658310595,-0.0004307376334600311,0.000949218227024697,0.002844795894031515,-7.428429314738661e-05,0.0006656581296422821
350,3,1,27,17,-0.00022348917029661657,-1.635452480755158e-05,-0.000440869786492872,0.0006974803842058278,0.00017382074052095723,0.00017178956390041464,0.00031541850310965396,-0.00014540211557826204,1.4744256064451806e-05,-0.00017186387509148638
350,3,1,28,17,0.000602917978368324,-0.0001909081310992427,-8.428134180421887e-05,0.00045831242341588146,0.00037561944040153116,-0.00032484437733120255,-4.53264774964832e-05,0.0003204804748191819,-1.214268392295152e-05,2.79742765107147e-05
350,3,1,29,17,0.0018652836441467556,0.000674781811992085,0.0013784516467072667,-0.0017780062147853117,-0.0029423024042361245,0.003625720560977671,-0.0019374796115460542,-0.0020104519178091927,8.284492262263569e-05,-3.301746500578482e-05
350,3,1,30,17,-0.011639623428467211,-0.002615514736834591,0.00992305745849716,-0.002811881574924367,-0.010017086438330195,-0.00886915163537367,0.00697084739869298,-0.013221386048510331,0.00021280802776139755,0.00172917534632085
350,3,1,31,17,-0.0009423410678678203,-0.00047958083565003963,-0.0023151140001840447,0.002083017966194955,0.0030183302692485645,0.001028591918038402,-0.00507162988638672,0.002539963983522423,-0.00024569729821450725,0.0006905866781931647
350,3,1,32,17,-0.016617247794088574,-0.0019446090724684255,0.0034275458745037747,0.003216635709669274,0.0035374710336072454,0.001842869645745722,-0.009820138828809086,0.0020067687450935176,0.000747717372688142,-0.0008747400107440146
350,3,1,33,17,-0.012210060464329745,-0.007939191310063832,-0.0016241734240574628,0.013156612466739197,-0.004017189803258751,0.003228900532979351,0.01602625507855032,-0.017363478253314614,-0.0009347695615918887,-0.0012600920989539691
350,3,1,34,17,0.0008048818239344203,-3.0704810746155184e-05,-0.00024054102540157227,-7.974231589541228e-05,0.00045475655476963155,0.0007607150239031354,-0.00031349629815596625,0.0005923253626622706,-5.904173271023055e-05,0.0001243202687928547
350,3,1,35,17,0.017604696351221822,-0.0008171631256568932,-0.005518679385837893,0.0020248363449888664,0.005079309873643951,0.00244458595106741,0.0018894777455194666,-0.002016242308892408,-0.0001263097897133758,-0.0005064447731393206
350,3,1,36,17,-0.0021941956950990646,-0.0005570757162853332,-0.0002075666084972518,-0.0012926604338997932,9.731520429484486e-05,-0.00031330853654136704,0.0005157865219448839,-4.863154261481975e-05,-5.062143691896989e-05,-0.00017826268389788924
350,3,1,37,17,-0.0011198592890751746,-0.0005016004075307733,-0.00048153198189421453,-0.0003311929492996264,-0.0008058699741599068,-0.0005516756419067298,-0.0002865711622624262,-0.000201253972778904,1.2098849905185444e-05,-0.0002764990216773625
350,3,1,38,17,0.03729500672999419,-0.014895463743023269,-0.021829896603234707,0.012932018878007184,-0.007799956645030801,0.010081838243450679,-0.0014871972868886045,-0.010484779311002336,0.0008550266889194243,-0.0019453300992028134
350,3,1,39,17,3.268044943848502e-05,9.93644149059544e-07,-1.4366416000043945e-05,1.2810798583390126e-05,1.1497841259955823e-05,2.8265134844556058e-05,-1.5345007936691424e-05,-1.2781346996165798e-05,1.8163648837422807e-06,4.50367786084305e-06
350,3,1,40,17,-0.0034900664666916064,0.0011965941859134889,-0.00024382317430894155,0.0012191630530455598,-0.0010581487865431974,0.0005025512071044298,0.0009506875651055849,-0.001146838123445898,2.8995673952822474e-05,-7.514635305427766e-05
350,3,1,41,17,4.000259479762658e-05,-4.36805440030083e-05,-0.0019210977717594596,0.002592792173999596,-0.00034138039705646525,0.00014632137206376132,0.0036877790931413657,0.0007330546781163659,-0.00019210950053919653,-0.0006317293838559032
350,3,1,42,17,-0.0012866387541024744,2.324881733715103e-05,0.0009149595118846063,0.0003748389950215468,0.0013925815964002475,0.000894686846903725,-0.0006489580412517945,-0.0007089644266560145,-6.073203492105427e-05,-9.993666497989122e-05
350,3,1,43,17,-0.005336757241197605,-0.008261034645855519,0.044345894451770375,-0.04749334339645226,0.0024161926966186336,-0.011141538069553071,-0.022120754990684475,-0.0011726892917545658,-0.0009838166658195644,-0.004148932105256061
350,3,1,44,17,0.00017719160620407892,0.0001178315784031052,0.0002261110618412614,-0.00029930775191813844,0.0002268064891886431,0.00021497094684567832,-0.000753391700965936,0.0003312998364705831,-2.024662871854741e-05,8.442772881541882e-05
350,3,1,45,17,0.00607557365685,0.0006638541777937567,-0.004129487659195226,0.000722695206811034,0.0013763089340987486,-0.00666926152978647,-0.0011351731858075965,0.005642708667531386,-6.885959026746534e-05,0.0005843531688276099
350,3,1,46,17,-5.761239921167933e-05,0.0001134234173777596,6.80384177696865e-05,-4.517257238358866e-05,3.2907011127160894e-05,0.00012065170473007508,-8.620477757016164e-05,4.502307075812125e-05,1.924326454195319e-06,3.0109272966413937e-05
350,3,1,47,17,0.012635377683754605,0.009480401653025546,-0.010684827991957094,0.0039593309501602,0.017612140724467654,0.0037151176500341567,-0.018490905381430216,0.008402838255906066,0.000515849690809055,-0.0010012276276021859
350,3,1,48,17,-0.0008868050747339807,-0.00046466494533708346,0.0001836006174784088,-0.0005138580274227413,8.2140255254611e-05,0.000141861742159012,-0.00047122309527988836,-0.000713628887490295,9.46819145495275e-06,-0.00018134156257939261
350,3,1,49,17,0.0032173033906267795,0.0006368854199599136,0.0004699525393247297,0.0017596147866000954,-0.0007916878579420627,-0.001360959213312063,0.0006967729269163404,-0.0021755104292886115,0.0002002057383742547,-0.00025152985051247497
350,3,1,50,17,-0.0028517357627653034,-0.0004851095999718952,3.0307890237098882e-05,0.0013064786826609183,-8.954093609230946e-05,-0.0005744604047747412,8.179875314291842e-06,-0.00026756085160491465,0.00011213966762381587,-4.0423508725749774e-05
350,3,1,51,17,0.0055268786925464705,0.0006904040647097143,0.00023163460099932332,0.00034494719589778683,-0.0022803193974527624,-0.0019722302375338356,0.0029125139341585117,-0.0024908732545504183,-9.946058894533342e-05,0.0005608254102164156
350,3,1,52,17,-0.010515754589650093,-0.0006511218187479545,-0.004203342223802412,0.003932750929753576,-0.0021733001768861958,-0.0005705336186580826,0.0005492852476973749,0.004160285430404091,-2.7264188801657236e-05,-9.27275597282134e-05
350,3,1,53,17,0.004238732167335145,8.853643668583e-05,0.0012929923399173815,0.0016212504709056993,-0.0018847319606676773,-0.003649521181283927,0.0017128941454467239,0.004089673855836361,-0.00015193253601192988,-0.0008510247361453621
350,3,1,54,17,0.0015735639198586372,0.0028964629364235583,-0.002484498075766741,0.005702644198120527,0.0004813585108444746,-0.015953711582285722,-0.0036897762842680896,0.020538227393086937,-0.0008270748085428009,0.0005535690727577995
350,3,1,55,17,-0.005989913914440487,-0.00018792093422459214,-0.0034367381067555948,-0.0013832137462396997,9.118844930058965e-05,-0.000767223540614783,-0.003408821750168179,0.0010034212286533577,-0.00019947158723579883,-0.0009499916626518543
350,3,1,56,17,-0.0008519940267870469,0.0007360415392803534,-0.0025551077011545836,0.005254600110835462,0.004631225904369519,0.000629793285391853,-0.002111032972088832,0.0027155726772296186,-0.0001106762145712469,0.0007823269176550299
350,3,1,57,17,0.001377750111325868,-0.006097609911820166,0.011163524190696692,0.0017119160200111923,-0.006495818730904386,0.00852778981240136,0.004984545910257448,-0.002804899021148641,-0.0007309762889222857,0.001755215085348062
350,3,1,58,17,-0.0010959671208010668,0.0001883404911626291,5.397470534161681e-06,0.00048494096010032146,-0.00021076395546405647,-0.00018423646080814685,0.0006021056040473687,1.2340847775872087e-05,-2.4061166644634136e-05,7.139851750620453e-05
350,3,1,59,17,0.0003921340932745697,-4.1212891485504366e-05,4.598905348169252e-06,-0.00020301382075511778,-0.00013480619589275136,-8.32557773664432e-05,-9.627446929485557e-05,-0.0002665707821619334,5.1120025495707725e-06,-4.844159525527628e-05
350,4,1,0,33,0.0004176091686416333,0.0005429957529996665,0.00030958147622616957,-0.00048659645852449783,0.00022957489846269405,0.000580088272629773,-0.00022384555001743047,-0.0003191888785670033,2.854810434525707e-05,0.0005886959769749074
350,4,1,1,33,-0.0021114757045050574,-0.00016095966040475526,-0.0010199385942181896,0.00010100406030760769,-0.0006917221693213122,-0.000853871549925797,-0.0008420181730825225,0.000869800405132293,-0.00012372983760000172,-0.0002604979584333995
350,4,1,2,33,0.009329701805696132,-0.005740162419696222,0.008899376379772157,-0.007987330319653544,-0.0006130176179824015,0.004951405307982224,0.006387536371506874,-0.002588624705586292,3.361962825473429e-05,0.0007334796635213608
350,4,1,3,33,-0.001511894120458606,-0.0015915260261942163,-0.0034548063191373736,0.003415419171089107,5.9063934755193524e-05,-0.00046350750621291847,0.0012614076102173664,-0.0008772870535956585,0.00016022078121426592,2.818335014077181e-05
350,4,1,4,33,-0.0014403298854339587,0.00042672203474027883,0.000926883194838528,-0.0008239534967041501,-0.00027911834434264844,0.0017588652748192655,-0.00015484040342957957,-0.0007926590350264564,9.868535564259383e-06,0.0006722829940683586
350,4,1,5,33,-0.0012431494794855156,0.0005756018198570253,0.0004777367792544794,-0.0022749964725298625,0.0024182610236304345,0.0012523848435417385,-0.00335602170428472,0.001121199803347203,-0.00021431557680224916,-2.170462572698213e-06
350,4,1,6,33,-0.001437554806583937,0.00020644268575435474,-0.00011099139175128253,0.0005343466812849734,-0.0009539056440727768,8.13822718400775e-06,0.0009297842105054593,-0.002311381182163049,8.416563869665148e-05,-0.0003824367948271639
350,4,1,7,33,-0.0005079091809907541,-7.403188372786958e-06,-0.0005250676615884218,-4.434013926729722e-06,0.001067467058064138,-0.00010515149272270003,-0.000813564781225431,0.000852794040063355,-9.896458823262087e-05,0.000210832971413874
350,4,1,8,33,0.002836550157260635,0.0018733224758150644,-0.0008955650785978132,0.0008599756055074083,0.0006587794162256675,0.0001938603587690476,-0.0003602009566164224,-0.0005424121395120492,0.0001476407059978417,0.0010861869218879968
350,4,1,9,33,0.0036558398956303174,0.001419836557312683,0.0014276987957787873,-0.002224439955271404,-0.003685718818507158,0.0003747060241150862,0.0017817535898296205,-0.0034982152306619273,0.0003063152654839662,0.0002545453881616686
350,4,1,10,33,-0.0004683036136967935,-6.16633091434871e-05,4.756832315450086e-05,-0.00024201481474509854,0.00010256153948407183,-2.5832537069428673e-05,-0.00010694956028367592,-4.604873437949857e-05,1.4660414781252507e-05,-6.149004741708975e-05
350,4,1,11,33,-0.0005971615250924927,-3.560013311022782e-05,-0.0011285264406636463,0.0006475615745731091,0.0010247711268014258,-0.000881014980210544,-0.0003847183613695911,0.000183998561523939,2.3766396765440106e-05,7.024497591874282e-06
350,4,1,12,33,0.0004720622743309365,7.238579133527365e-05,-0.00041901053583078115,0.0001965889211747856,-0.0007160094864662621,-0.0001563145262135477,0.0002896676170700712,-0.0006320884380196708,-5.824094935800032e-06,-6.39550878227784e-05
350,4,1,13,33,0.003965562091173278,-0.001402712548812673,0.0008005984663351654,-0.002001184724623689,0.003050280238594685,0.012774337360546595,-0.006087705943190527,-0.013041175216208368,0.0005527734081934364,-0.0013203673927787646
350,4,1,14,33,-0.003538075853972751,-0.0005671935919105205,-5.447553890844434e-05,-0.0011591688484671923,0.0004429934763910865,-6.939711650123131e-05,-0.0008673381904807394,-0.000911027019930568,6.459241021948671e-05,-0.00036066227623703616
350,4,1,15,33,-0.00011734157628018872,9.442721544985394e-06,-1.9883656797301014e-05,1.4446905238880705e-05,4.934788879737831e-05,-2.345505629848281e-05,-1.737937782619027e-05,2.819433043044718e-05,1.5879850962636547e-06,-2.71928599385308e-07
350,4,1,16,33,0.0024651179150867713,0.0008473901629271869,5.7674113986021695e-05,-0.00146394625198299,4.572268720136544e-05,0.0007897359326011582,-0.0011723952554009015,0.0002343031424593196,6.142292374230469e-05,0.0009394580453386226
350,4,1,17,33,0.00010256739336928382,0.00020158097752167114,3.770421502173612e-05,5.47303986491842e-05,-0.0010339798774713607,-0.00086798807051914,-2.3362852367213938e-05,-9.401711778993469e-06,-3.58128157019243e-05,0.0007467957010492262
350,4,1,18,33,-9.051947969364499e-05,-0.00012327645825943947,-0.0003066281642514186,-1.1231914038608826e-05,1.3682566484525184e-05,-2.863437172731547e-05,6.391349615974976e-05,-1.9885161919679127e-06,2.624538783110634e-06,-5.134763060438213e-06
350,4,1,19,33,0.0015662043357487514,0.001423878060226788,0.0013034194737012374,-0.003036068878102038,0.0003569329252459231,-0.0006958620566936681,-0.0034732172261884597,-0.00028146109081156594,-2.7529329756742132e-05,0.0003321032601567
350,4,1,20,33,-0.00012479574974865173,-0.0005093291191256103,-0.0001418150385665202,0.00020467025098722802,0.0003578828441462962,0.00040630949655991964,-2.251408257268e-05,-5.2303077433990186e-05,4.560334254779562e-06,5.053851329078028e-05
350,4,1,21,33,-2.2591961230125557e-05,-0.00022458480964300225,-0.000977519283794881,0.00103257788124317,0.0004236599179876016,0.0019175135925737882,-0.00127099095590378,0.0020735991062781314,-4.6583875153838135e-05,-0.0003357026974173592
350,4,1,22,33,0.00020434248795912804,-0.0002554348118163445,-0.0006179606561154463,-0.00011956962654941584,0.00018908042092818638,-0.00032081359541417774,-8.47376550097196e-05,6.821420366376525e-05,1.318461899584151e-05,-0.00011233499332715457
350,4,1,23,33,-0.0003510731387236031,0.00026704542554347257,0.0006397859250999214,-0.0006178855896914981,-0.000278807535922999,0.0002720278144492303,0.00028812888142325726,0.0005600628674527304,4.74559255071262e-05,-0.00022917588470751864
350,4,1,24,33,1.0735251017350192e-05,6.676922211817224e-05,-0.00011360304301032644,-0.00019243673314808327,0.0002464131977773835,-0.00022619770628712829,-0.00011425739048087753,-0.00022635207392802001,4.858632669374548e-06,-1.2014146431997953e-05
350,4,1,25,33,0.016612841044061247,-0.0063300046717735745,-0.009752926782303675,0.014187447577197388,-0.003663173468660213,-0.009590140026907022,-0.0043005544699874524,0.00287696422527282,-0.00012003074171184323,0.0013870766707481338
350,4,1,26,33,0.0027880564077276877,-0.0002742889293743976,0.00026586705460547626,-0.0018240931017297242,-0.0012743600346517229,-0.0005774273242392084,-0.0032485154345458767,0.0016654432966573722,-1.9574653039760644e-05,0.0006045368538863383
350,4,1,27,33,-0.007989581478756322,-0.001635996386508323,-0.000630700561787808,-0.003297097322119863,0.0013476742037076743,0.0006521226071504493,-0.0023838217611747174,-0.009581094169270594,-0.0006645215746354332,-0.00026457666205594645
350,4,1,28,33,-0.0011126672937566441,-0.000366237035436068,0.002084627622399389,-0.0026301204504893764,-0.0010480274522723062,0.002288684609713137,-0.0004558917192289174,2.896418836626253e-06,-4.0790619307366655e-05,-0.0007957015849157092
350,4,1,29,33,0.00040829282806309735,8.157653196567838e-05,-0.0006350901065888949,0.00011277174150150438,-7.733092832135827e-05,-0.00044505331528544635,-0.00018775211187621344,-0.0005320548669078731,3.2985257861263756e-06,1.5092710576276917e-05
350,4,1,30,33,-0.009861128334914782,-8.170574828598927e-05,-0.006374607185640557,0.003151088465620967,-0.00689458183039613,0.0005430187864319319,0.002999646927673361,-0.011053044433615435,0.0004564953381571634,-0.0013804877362352894
350,4,1,31,33,0.00044958384276932235,9.379942331457755e-05,0.000390134858291867,0.00019880997792782825,9.231378189247219e-05,8.499490067958555e-05,0.0002093295597898738,0.00024647772865670213,-2.9415666344488263e-05,-0.0001783929933218008
350,4,1,32,33,-0.006626885441373517,0.0017261300087161825,-0.002434940531766098,0.0037536290974701627,0.0018094852791859474,-0.0012781795517653471,0.0010997400708072907,-0.0012270731608301855,-6.763462135176151e-06,0.003493497764682642
350,4,1,33,33,-0.00034590362924594083,0.00015969183447266564,-0.00031723780254201055,-0.00014577787220470254,0.0005636124314922395,0.0007932652792757724,-0.0010475603953580938,-9.537369363538029e-05,3.156839332265198e-05,-0.00010821587959608121
350,4,1,34,33,6.835513343882477e-05,0.002484952346944115,-0.00015651863576330078,-0.0043223137811227285,-0.0005815956273420693,-0.0036097440698615734,-0.0004951063240602948,-0.0016636299246610077,2.468811883611027e-05,-0.0005395948381129398
350,4,1,35,33,0.000804606355726933,0.00032338761240188345,-0.0001233169688120623,0.0008017016968909033,-0.0005417930725855212,0.00013327878243332507,0.00040797468128165064,0.000836887849985084,1.0926249360746814e-05,-2.8602438071589842e-05
350,4,1,36,33,-0.0015943713600748836,1.614822296206395e-06,-8.8492454859983e-06,-0.00036586256605024693,-6.318657202718726e-05,-9.437433263595718e-05,-0.0002813439619117539,3.162671865051872e-05,1.3205199996142367e-06,-0.00013618939676401652
350,4,1,37,33,-0.0007187698389119362,0.00016955190955236356,0.00038125337696145534,0.0007805107684565864,-0.00023475712043682,0.001382230540202268,4.9073183341755395e-05,-0.0008976874690811189,-8.038587424167316e-05,-0.00018209102350521652
350,4,1,38,33,-0.003925882987507233,-0.0017336948873463943,0.003192182198249351,-0.005611976242900352,0.0059426568740614735,0.003692393989312501,-0.007718356644911433,0.00484045299130635,0.00012977698151507002,9.960293827186768e-05
350,4,1,39,33,-0.0014471942512568655,0.0002569434458252913,-0.00013234562342075636,0.0006419022295450483,0.00011293537533544048,-0.0012021621696552216,0.0001263546920761005,0.0006198061595199196,-3.040987640094152e-05,0.00016615815863462948
350,4,1,40,33,0.0017979676335622946,0.00023306562219761772,-8.33791688650291e-05,0.0013717553819322958,0.0004386658095758963,-0.0004962920839098124,-0.0002669793035250455,0.0003340466283423585,6.067537802059566e-07,0.000286742360075423
350,4,1,41,33,0.0036153919523196445,0.0031609672667264545,-0.002451792560717354,0.003928925201352257,0.007273138366444578,0.0019861627686307407,-0.004776882634806876,0.010619801434011271,0.00048387732824215407,0.00041979967805488947
350,4,1,42,33,0.00039214480696005155,0.00015795279087843001,-0.000716092372240581,0.00041755804695081314,7.019367104807659e-05,-0.00024195055213375075,-0.0004456846079729565,-0.00012563982693816612,3.0618325534421865e-05,-5.365548698988641e-05
350,4,1,43,33,0.004259642255575193,0.0014308202957773416,0.0020344877223875874,-0.001280009175392586,-0.0027594227273856258,-0.0005504865716387459,0.0021417937466630876,-0.000539442838935411,7.287679406979474e-05,2.150595284389503e-05
350,4,1,44,33,-0.0050794315109453265,-0.00037643220174553977,-0.0012747791485817623,0.0013517164735575799,0.0006928389205727677,-5.4528461534866034e-05,-0.001148199020770928,-0.0004895991680322499,-1.1851587190305763e-05,2.1860534882917323e-05
350,4,1,45,33,-0.0010678166497654228,-0.0001452530135388654,0.00011552976716594004,-0.0006377475805643507,0.0006734725886855546,-0.00010594441626937395,-0.00017847241035117106,-0.0003660002499517979,3.51270325159232e-05,4.086694034074073e-05
350,4,1,46,33,0.0003850074374756857,0.00018672115022030285,0.0006322651108396314,-0.0002859124316333856,-0.00012628840976364666,-8.485941662639558e-05,-0.0002541863567308022,0.00020726231677095853,-3.7524548335151407e-07,1.5567562166528218e-05
350,4,1,47,33,0.0023568166933811605,0.0007848843724025948,-0.0038502177756377255,0.0034945978787807685,0.0004551220009467419,-0.0017388415271657686,9.36952094394253e-05,-0.004419690891642954,-9.266534023311938e-05,0.0010125714263454209
350,4,1,48,33,0.0003501802130846938,-0.00018215437203431234,-0.0003480710383173979,-0.0015279488766110976,0.0011164470024634659,0.0013069947343192125,-0.0013774033770164087,-0.00042176723700397377,-3.652740804428049e-05,-9.105080920934616e-05
350,4,1,49,33,-0.000996759695662134,-0.0012325944620046308,0.0006486204569886662,-0.0008489875444861139,-0.0023495245271852932,-0.004889868006971915,0.0011831764814191589,0.0029973273941280337,7.542981809006997e-05,-0.00016733977365531802
350,4,1,50,33,-1.545896483032132e-05,3.853705022461779e-05,0.00010287351425673368,-0.0004163370909250439,0.0002646348334839199,0.0003931274991688343,-0.0002074475984124744,0.0003399909602159495,-2.7123952364707446e-06,-7.981888607136048e-05
350,4,1,51,33,0.0015595838410688194,-1.9274529297963052e-05,-0.0012141807877125213,-0.0015585212510244434,-0.00016336748619603814,0.0013674830201601076,-0.001510193598454571,0.00016360259142910423,3.3212378977326354e-05,3.760810382758531e-05
350,4,1,52,33,2.0863197918456123e-05,4.598664984219904e-06,4.173283665382933e-05,-4.889755896714299e-05,-1.9471371582949884e-06,5.118969852424734e-06,1.6088180149642897e-06,-1.6347385255215033e-05,-2.453169749574593e-06,-9.45539696129843e-06
350,4,1,53,33,1.0154386705758394e-05,-2.1396297250371005e-05,1.5730148433726306e-05,-6.134986410066237e-05,1.1661232079903236e-05,-1.3400055264341694e-05,-3.7652585251965574e-05,-4.3991638099785914e-05,-3.3058722081050867e-06,1.0943261409502177e-06
350,4,1,54,33,0.0006112410771379714,0.003020267220379414,-0.001139373382444039,0.004832249578209084,-0.0016786278742972182,-0.0025313733633633762,0.0030350472129638006,-0.0011565842363386047,-0.00012261110548753693,0.0022142259779569505
350,4,1,55,33,-0.0007147394708842192,-4.021241209421203e-05,5.401692115260248e-05,2.0597314659250065e-05,-0.0005908978059685854,5.957237902788715e-05,0.0003778200111707439,0.0005502226747802123,3.7655847536636466e-06,5.4216280988626597e-05
350,4,1,56,33,0.0005562937186784502,-0.0001405470842484417,8.077850603339652e-05,-7.876478570862454e-05,3.2954280603139e-05,4.126298374035198e-05,1.4633007226121136e-06,0.0003154906968885904,4.854654949618705e-06,-4.1884694522829724e-05
350,4,1,57,33,-0.0022480574494404986,0.0003346870781180616,0.0009226898976379785,-0.0009597267875952519,8.223666885571576e-05,-0.0008405201503890377,-0.0004011190491775945,-0.0007030081969599067,5.816690979689668e-06,7.014177671459064e-05
350,4,1,58,33,-0.010440041743870698,-0.0048428969838225635,-0.0001786955775450314,0.0011223870709571103,-0.009008182601972791,-0.0019265851846654428,0.002791638282251385,-0.00836886555996464,0.00014399656171772506,-0.0015423351733838985
350,4,1,59,33,-0.0004987059007344479,0.00012360417500608035,0.00017249445238630784,0.00035637210061296775,0.0007079721823331342,0.00036822092631473563,-0.00023904644727824472,0.00021937506267349962,6.678206779289795e-06,-5.915051313584778e-05
350,5,1,0,65,0.002985414352603121,-6.980731115289614e-05,-0.0001786633520636537,-0.0002542399030272026,0.000840406129947325,0.0011294123562670018,0.00042418724882347156,-0.0004910518909570521,-3.1124657443188806e-05,1.5639014950907944e-05
350,5,1,1,65,-0.002823154244792152,-0.0007351325190999339,0.0003907282417970117,0.00020094283314324484,0.0004054323736361636,0.0015396960641836403,6.748655352574007e-06,0.0018699587396453611,-0.00011893639838451911,-0.00021291723634577712
350,5,1,2,65,0.0011273030142667233,0.00020571533578788408,0.0004881377099350632,-0.00047415603749881215,6.680046786610333e-05,0.0001502212842319036,-1.1369226426848134e-05,-0.00040810823142378174,-2.701434769795083e-05,5.3790147005344975e-05
350,5,1,3,65,-0.0025454903766979845,-0.00016128969759364778,-0.0002527737877807081,-0.00027934505571952943,0.0011820683829743685,0.001739420256529124,-0.0011873940280405118,-0.00027421828705656283,4.8958693853003964e-05,-0.0001974048937072914
350,5,1,4,65,-0.0027229085605554697,-0.0007414296402960112,0.0020289112431484354,-0.002368384881631213,0.002462120358063364,0.0015930977553643777,-0.0022685462690034395,0.0013963635046866105,-0.00017133057263253582,-0.0001945118021833786
350,5,1,5,65,-0.00028542494994721865,1.3812353085706187e-05,-0.0026704600603424775,0.002269792439418728,-0.0011328069795747563,-0.0019111959399941507,0.0013955735624534237,0.0017474770660111942,-2.3310347884749842e-05,-6.19863623196217e-05
350,5,1,6,65,-0.00017637574119628576,1.3099560097503414e-05,0.00012527142085928691,-0.00018363048749562796,-5.562789890391279e-05,-0.00017097454410013393,-0.0002495699978335033,6.57236388950165e-05,-1.8727927373397125e-05,2.2330256104314206e-05
350,5,1,7,65,0.00022401016357677923,-9.173958789806839e-05,-0.0005341327315296963,0.00032839818980407045,7.594218551703955e-05,-0.00013941748185113486,-0.0002509030880683816,0.0001444283405692193,7.430967634289651e-06,-4.167785510637508e-05
350,5,1,8,65,-5.86407926716144e-05,-3.859357485886835e-05,0.00017878825410936613,-0.0007375744110254046,0.00042504689150083555,0.0006168051035205268,-0.00048600954346662075,0.0002357569286791418,-2.7622556842055556e-05,-3.715992471369838e-05
350,5,1,9,65,0.00010784514653065538,-5.82564200075984e-06,0.00015826264967681056,-3.070773674522607e-05,0.00025220395916078964,0.00020521641300191778,-0.00023298555485102887,4.204380735178236e-05,-2.5562200333278283e-05,-6.676014259039811e-05
350,5,1,10,65,-0.00017385525336283445,0.00039261977757498826,0.000144141235787085,-0.0008075928443506255,-0.00022101387809460483,0.00037950831284528367,-0.00017864590733354847,-1.5737015777055718e-06,1.0635992323008279e-05,0.0004595615538671245
350,5,1,11,65,-0.00040422162637659194,-0.00041456395855300906,-0.0010253501727365596,-0.0016979386469312438,0.001026748400434598,0.0008465375870690176,-0.0038042151392207913,0.0024068947802968216,7.821542742854935e-05,-0.0002580701943922164
350,5,1,12,65,-3.6627933569734126e-05,9.125843905902646e-06,4.1900602052419124e-05,-0.00021843464314456174,0.00021489658776005865,-1.6317660660949707e-05,-0.0002909414810826614,0.0001595711694605924,-2.03200947803346e-05,3.2912344855828124e-05
350,5,1,13,65,-0.0013499020569127545,1.205454066397425e-05,0.00019562579680926147,9.46236431142816e-05,0.0010305816406977234,0.0005849193148799564,-0.0002047306531285705,-0.0013125752801159943,5.1600635900405345e-05,-0.00037192681142504425
350,5,1,14,65,-0.001860363209894708,-0.000701270915351727,-0.0006067648911711322,-0.00047340894269939167,0.001053504713476575,0.0002170452100712415,-0.0005677292874023523,0.00027706210738992693,2.287760378778671e-05,-0.0003841421065743504
350,5,1,15,65,-0.00025892401822896337,7.591233413281971e-06,-0.0006217384094545243,-6.633768855749212e-05,0.00013137476577047518,-0.00014008521027278405,-0.00018947962426447352,0.0001584309706818379,1.705355020475017e-05,2.6134235492159235e-05
350,5,1,16,65,0.0012131667971473402,7.223343150313221e-05,0.000661280559224508,-0.0005992870531395967,-0.0005219062021814098,-0.00075393291800352,0.001806191917644479,-0.0001522357739367248,1.4093669332204066e-05,0.00033138056755779513
350,5,1,17,65,0.0005533634315268824,-2.2330502151536123e-05,-6.481234240376723e-05,3.7062763988166775e-05,-0.0004033272136148101,-0.000474076516587901,7.891286759403717e-05,4.262926819411486e-05,-3.0378486152743556e-05,5.829114171842193e-05
350,5,1,18,65,0.0009883887397999507,-0.0010018280036540475,-0.0030687229939552634,-0.0005665986869309179,9.914458235986056e-05,-0.00024009333543069774,0.0020773428886651842,-0.0011963229582474713,3.317568105547785e-07,7.558231883652925e-07
350,5,1,19,65,-0.00013747552349588487,-0.00011220953842171931,-0.00022276282032879883,6.20809963669519e-05,0.0002521014127991902,8.975151496674847e-05,-6.424128516836533e-05,0.00013321139026884713,-3.2798679774327465e-06,-1.639996096754169e-05
350,5,1,20,65,0.0002311486388445009,-4.292335914548223e-06,7.80698653104157e-05,-3.1416093358653394e-05,8.469635685733951e-05,-4.026623611396786e-06,-0.00023782282615053966,0.00013711125045322859,-3.0167352505537444e-06,-1.8380555153788195e-05
350,5,1,21,65,-0.00043078748402792345,-8.598078004275126e-05,-0.0013293570651314837,-0.0006136271085270114,0.0001627432996400282,0.00013711602372058925,-0.0012724055923115127,0.0006047921532600136,-2.2667717583671928e-05,0.00012191506645649475
350,5,1,22,65,9.246398410082004e-05,3.3688794470967012e-06,-9.83396311767285e-05,0.00012128569857757433,0.0001401953224098474,3.56966638704934e-05,-9.117096585616424e-05,0.00011452637929585809,8.819582587074624e-06,5.123804704812471e-06
350,5,1,23,65,-4.8934967197932865e-05,-0.00022928367837175882,0.0006369722005564153,-8.888744778403791e-05,0.0001367076347361535,0.0003007684818914918,-0.00041935631720303333,-0.00010768348037945504,2.169218107674467e-05,-5.0392409246572816e-05
350,5,1,24,65,0.0012019451982600302,-0.0007420865837366701,-0.0003190280925025503,0.0008986266176472143,0.0003899596958863363,0.0004248888607626303,-0.00027656620452238076,0.0005322125928304982,3.208493341591869e-05,-0.0003351028131434331
350,5,1,25,65,-0.00013902851229861415,9.388585975374198e-06,0.00011197208584119424,-8.47873106446501e-05,3.670987168879596e-05,3.393116612231828e-06,2.0400916461286012e-05,-4.395244765299922e-05,-8.370289435400148e-06,7.043545663325808e-06
350,5,1,26,65,0.001004850346350898,-0.0006505047575605141,-0.0013273243563856289,-0.0005882084218311157,-4.6251777490096706e-05,-0.00020559779694791827,-0.0007385314082726656,-0.00022901839547593756,-7.140620534236315e-05,-0.0002238026521202676
350,5,1,27,65,-0.0001873053391069182,3.0513840185434193e-05,2.0963033011705737e-05,-5.666081419042666e-07,-4.837388465444705e-05,2.616818702756789e-05,4.556624118002926e-05,-3.44459761809907e-05,-1.715970101611177e-07,-3.623062015766039e-05
350,5,1,28,65,-0.0013997946000097565,-0.00038637602810605976,-0.00010946538391737789,0.0006867952418116371,0.000334961755918329,0.0008581372617836193,-3.626526625391808e-05,4.981142747660006e-05,-1.817326054996988e-05,-3.131112763264751e-05
350,5,1,29,65,-0.0004715799806031439,-0.0004639189160397965,0.00030175633455340974,-0.00032645203498924525,0.00031649625509437795,-0.0022469978319722174,-0.0004090856826737635,0.0015330607806847303,-6.680052332552786e-05,-0.00023366479582534802
350,5,1,30,65,0.00034087732787362724,2.9852045370265865e-05,0.00028157669908951833,-0.00024339938128191684,-0.0003428736745414749,-0.0001993492589528443,2.0625356053678877e-05,3.739633422325078e-05,-8.472444927492477e-06,2.6441933363735784e-05
350,5,1,31,65,4.742785705204292e-06,-2.373800906085952e-05,-6.523227713000659e-06,-2.9140423211335282e-05,2.0972306153471093e-05,1.8700392720865953e-05,-1.5198638634416323e-05,-1.580141972843974e-05,2.1392663979562845e-06,-9.591958362724159e-06
350,5,1,32,65,-0.001399112793071053,0.00035875289898468,0.0015563310173279002,0.0005898703952761869,-0.0010000552081405008,0.0006230244867279494,-0.0009756208184066991,-0.00017589410691282528,-8.267325473968198e-05,-0.000477103327996325
350,5,1,33,65,0.006077874639857365,0.0007599230291107619,0.0004121485356080058,0.0014304375171459147,-0.001584082834840579,-0.0012339356226961553,0.0018383268425374666,-0.0013161175429439087,-0.00012016781333366453,0.00029013113932208057
350,5,1,34,65,0.0013278436679293162,-0.00018773464755489689,-0.00018795307435469523,0.0008212176204954577,-0.0005773647707598094,-0.00012060497629554613,0.0006253810056960666,-0.0012809965075928958,0.00013810724744572092,-9.173721756723869e-05
350,5,1,35,65,0.00017327855189525534,-5.610538125925482e-05,-7.618880739084268e-05,-8.987253757549106e-05,3.776729348172026e-05,2.3494292550748426e-05,-0.00012214041674682527,-5.95312484589682e-05,2.161405698027714e-06,-1.0038497176227418e-05
350,5,1,36,65,-0.0002154063089051796,-5.961233406107036e-05,-0.00029876513975951157,0.000258493593405369,-0.00023544776360821722,-0.00018318038936378337,0.00022151739825949308,6.86408413729754e-05,-1.1748202969920514e-05,4.20594058832898e-05
350,5,1,37,65,0.0008246717772263362,0.00028539182778069085,0.00018049512827525167,-8.948135610681276e-05,-0.0005974593146656493,-0.000807962115374913,0.0004737834549187276,-0.00029631454406159536,1.425402634408734e-06,0.00013101517162669957
350,5,1,38,65,0.0006655289161679296,-4.444785324343449e-06,-1.1596222777953066e-05,-0.00015778887665823365,0.00016723633145355945,-3.969183445651636e-05,-8.810333548897433e-06,-0.0002118195289631319,-1.0508057943212364e-06,-2.6830581147768924e-05
350,5,1,39,65,0.0001870358984984808,-0.0001343483126310173,0.00016592190680594189,0.00021689934341651823,0.00036095288868026625,0.00045137379462296343,-0.00022998235285021497,-0.0003027320156438418,9.56126196854187e-06,-7.6937010405422e-06
350,5,1,40,65,0.0003720882206231883,-6.665563580103635e-05,-0.00024575538124571507,0.00022962018867065065,-0.00011015835678491961,-7.513654726319079e-05,0.0002111167766923834,0.00016143471250102686,-4.602873049149509e-06,-4.346857639191198e-05
350,5,1,41,65,5.186008029234824e-07,-2.590577505006159e-06,4.129800934490055e-06,-1.6096810684024401e-06,-1.2106938815557744e-06,-3.0121436585387033e-06,7.242337946957884e-07,2.3024888054350433e-07,-2.340322211161806e-07,1.851540974191796e-07
350,5,1,42,65,-0.0028516399824470248,-0.000309572609721612,-0.0013417131564469249,-0.0009285554696430415,5.350892293779331e-05,0.00036709463211946164,-0.0009229017898955194,-0.00042450478804073225,4.388460387392413e-05,0.0006061875547880553
350,5,1,43,65,-0.0011581130025483143,0.00020859958771111113,8.90835944220386e-05,-0.00027937189144027803,0.00045441289032971594,0.0007137817836602302,-0.00046480222072720485,-0.0002924900282305288,-1.2150044627287494e-05,-0.00010371809502154194
350,5,1,44,65,0.004096610964913945,-0.00016458614286043376,0.00019371257615909457,0.001289827887556879,0.001079073385027846,0.0018630332930305896,-0.00046746803065684405,0.0011753136354980208,1.5689213856800878e-05,-0.00020683518700033616
350,5,1,45,65,0.00025545731956017157,-6.081402641348706e-05,-0.00011803842122875351,-5.434440041782599e-05,3.407346575928266e-05,4.062551185693166e-05,8.527382368261316e-05,-0.0002450378121733033,1.7012635313809626e-05,3.4690452247754535e-06
350,5,1,46,65,-0.0007978079033104551,-0.00031446686118331624,0.0006222919197905376,1.0726167545394588e-05,-0.00019934502670899582,-0.00012937542978335516,0.0005922044984714708,-0.00011437153009379527,2.428061821331409e-05,-0.0001451638402657944
350,5,1,47,65,0.0008474426719591935,-0.00022045806456521004,-0.0002263964333133877,0.0003674407028763359,-0.00010182419402846976,0.00014851144012536534,0.00011600145470428825,7.954406278226794e-06,-2.6583139116010984e-05,6.572249072638e-05
350,5,1,48,65,0.00010000552738991298,9.533875002526812e-05,-4.075967624062106e-05,0.0008044440558087115,-0.0006586954449467368,-0.0007816338245562015,-0.00014250624880817007,-0.0005677605412105717,3.555633848089766e-05,0.00022479120465743643
350,5,1,49,65,0.0002577227487289614,9.617921761431536e-05,-0.00037399481226611466,2.09799262925675e-05,2.611989538793744e-05,0.0003966869756117831,-0.0003881942339117623,-5.058201784614764e-06,1.415637076609652e-05,6.490071128982015e-06
350,5,1,50,65,0.006262357500156132,-0.0006823338850987139,0.002395238526687151,-0.0004991333313168286,0.0042160572994736426,-0.0009235265760786114,-0.001636539167824638,0.0027517349319559573,-7.387819563340698e-05,-0.00022814788480365292
350,5,1,51,65,-0.0004154257957162776,0.0002478901521243372,-6.0223093765221034e-05,-0.0001370323132767157,0.00020961994420134705,0.0005455345010964806,-0.0003646972228911119,-1.7789530188125745e-05,7.240260552388488e-06,0.00020915578642501296
350,5,1,52,65,-0.003939518530626774,-0.0004770793167596687,0.0002381788686258604,0.00015908265899368772,-0.0008055722156747568,-0.0003233546386985488,-0.000740907936284524,-0.0009827768185576746,-8.95153342109906e-05,-0.00015313906074777917
350,5,1,53,65,-0.00032781614273127394,0.00024046874700338087,0.0007606668153405901,-0.0003548705607481943,-0.0004985705827392228,0.00018983018033593053,0.0008563081047227595,-0.0010126336512123568,2.508505292913337e-05,2.425381666630355e-05
350,5,1,54,65,-0.0011722919983950689,-0.0004391221287991634,0.00017147413920917939,-0.0011770870614495046,0.0009316513806178751,-0.00013541431457107805,-0.00025498847763461127,-0.00011149107478075092,-3.2596659440272304e-05,-6.943502296865108e-07
350,5,1,55,65,-0.00699343849624756,-0.0016156612182383347,0.0007665753081797283,0.0022947606367732195,-0.0007686533152101185,0.0014743346423845888,0.0029986064487423727,0.0016377204571587304,-0.0004295301172820128,-0.0004822539722753351
350,5,1,56,65,0.0005925963645371793,0.0002961449784288629,-0.0003531362049973362,0.0004179794113909993,0.00047260712078561924,0.00011118296368065301,-5.846336622256849e-05,0.0001825704449707972,-1.676438915400006e-06,7.729984621419996e-06
350,5,1,57,65,-0.00016871337343232884,8.722239782397179e-06,0.00010133815175602089,-9.880106932198629e-06,-7.432021757080894e-05,7.520378772450068e-05,9.724738941825219e-05,-0.0001560760853659426,-9.5881585561725e-07,-2.7661998523210875e-06
350,5,1,58,65,0.00042874433014370686,2.619583121083252e-05,-0.00010264724514022994,-8.257310374469346e-05,-0.0006251058898439465,-0.0009364527587334711,0.0005793860624393362,-0.00027812509334218766,1.5908287639460028e-05,-2.5750110075265362e-05
350,5,1,59,65,0.0005787249464212117,-0.00020719904505544126,-0.00031136613653906325,0.00015585310916203722,6.1309565385205e-05,0.00019120117469177995,-0.00024654866260320107,-2.754148269801106e-05,-6.351627716890097e-06,-0.00010954482306817108
350,0,8,0,10,0.02969986829561264,0.02530607958745977,0.003648241706770895,0.002996767562577629,-0.0036873215103935143,-0.01554393789769344,0.004130170044311216,0.02356624480219178,-0.0011423525611940764,0.003616630387960353
350,0,8,1,10,0.015848063720176137,-0.005070298672078446,0.007540548720033771,0.005632113335307128,-0.0008365436784349226,0.014266073434938136,0.004504086563893031,-0.0037639508735138835,-0.0012981445138065474,-0.00018333664154374254
350,0,8,2,10,0.0012987590233815467,-0.0014889309980471565,-0.013557229408136284,0.008381985532103278,-0.00950166586580689,-0.004495836751903789,0.01406812246010791,-0.0027332969646423322,1.2424297507701256e-05,0.0006833259777672725
350,0,8,3,10,-0.002001549562663038,-0.0011795750605188312,-0.0017629364807805184,0.0006861545505170495,0.0016290557108000598,0.0006751116295410171,-0.0017694988934685736,0.0015992070181779657,-5.420545129007134e-05,-0.0006147498382666654
350,0,8,4,10,0.021794923453947773,-0.007588753019533792,0.012995701508940492,-0.00743628618923512,0.0010720934268224683,-0.008475357598944631,-0.023043991362615094,-0.0039753701312180145,0.00471379796131612,-0.002016526632342073
350,0,8,5,10,-0.030767374554338783,-0.0026585389051542317,0.04052891786180188,-0.026198612174116575,-0.018267285821990633,-0.0017707789207659517,0.0255648694967915,-0.03546992346509907,0.0013605593830690434,0.004197547866758254
350,0,8,6,10,-0.0003772092650895858,0.00020265391740616204,4.517738103206837e-05,6.099213396160816e-06,0.0002884657716144661,0.0001538617119924447,-0.00034195003417367777,-8.49993949663109e-06,-1.1053318239621938e-05,4.9236228764188834e-05
350,0,8,7,10,-0.005042848828276278,-0.0016851648116410452,-0.0033260404148013093,8.263306478595214e-06,0.0029564105707309113,0.0002646935805295954,0.0050221706971461865,0.0010662718330532199,-0.00031366867836335417,-0.0011052587830344422
350,0,8,8,10,0.02706933009773299,0.012327978989583845,-0.02234603137513453,0.040254805422369484,-0.008070656342578633,0.01919668972299388,0.0014398022684288091,3.5730055568835434e-05,0.00298075718954618,-0.006297269470326525
350,0,8,9,10,0.04366640278688282,-0.0007731490215076741,-0.020031252177235632,0.0010101537839677446,0.02546132747919061,-0.028821910578936287,-0.05002897698225787,0.03017349222414769,-0.003067563553865749,0.006920899284876946
350,0,8,10,10,-0.10352386486202153,-0.010913795158317429,-0.0008244701345855324,0.0024359094250626066,0.016215436845987908,-0.034983668527057955,0.07257264333621428,-0.024123586809745672,-0.0022146974991497687,-0.025142739191537533
350,0,8,11,10,-0.0015883392165011556,-0.0002502438900787296,0.0016412207180474228,-0.0013400233980333342,-0.0021092831359878885,-0.0007881642467745865,-0.0008407397395474029,0.0024030425404412887,1.6747952433852324e-05,-0.0003831636867986972
350,0,8,12,10,0.010111991980168916,0.014081595083003636,0.023627347439671282,-0.02784357666208875,0.008647666130671479,0.00018971276847412925,0.020269595517152662,-0.0048092749068290065,0.001702327000724185,-0.0007204580165378911
350,0,8,13,10,-0.0030632582822853792,-0.0004728314626913173,0.0027966109640101453,-0.0015384902422330596,0.0008773085104474318,0.0015809829624852459,-0.00044326903930680763,-0.00020849433944644365,-0.00015031130053632183,-0.0004399443996779607
350,0,8,14,10,-0.0009970160484208382,-0.001722022264420021,-0.0021985946842726367,-0.000144441621671326,0.00029357843815580294,0.0015266253967745162,-0.000218841922385953,0.0018204754053012283,0.00025153889434286137,-0.000505968606422384
350,0,8,15,10,0.0032242260102411328,0.004076013733639467,-0.027806731564511366,0.006547007724105658,0.017747055087882282,0.016078057194993212,-0.009329084618902824,0.006675852810325859,0.00035038788952438245,0.0002639141383022584
350,0,8,16,10,-0.012752851161934909,3.556974664135036e-05,0.005368634791463009,-0.003040586555660595,-0.0019616737503013403,0.003418977498032228,-0.002269154358614678,0.00035749378767257166,-0.0005517816921166252,-0.0001642621842705402
350,0,8,17,10,-0.028914729548002144,0.016067596725629723,-0.040784344128507496,0.06350433395480556,-0.0063997516327170476,-0.022765846087045804,-0.1152514706131323,-0.006193953257159029,-0.0024309605581185056,-0.015533612577469998
350,0,8,18,10,0.009860335852745221,-0.006021484349435726,-0.02728389960512751,0.018800348294499645,0.01021066734636267,0.0003003628303037691,-0.012013036824859472,0.0009116260644793745,0.0005457736262110881,0.0004259742555699776
350,0,8,19,10,-0.004141763161220337,0.0005916915808561922,-0.0010689427002920074,-0.00026399632840099743,0.005737027966046088,0.005090958286671192,-0.0026269057541638773,-0.0029667213334485217,5.882236583871819e-05,0.0008575072715104211
350,0,8,20,10,0.0007853215400005931,0.04824889267581462,-0.026777085400129845,0.029552444056360982,-0.028023321237380158,0.037603244041926456,-0.02768897254822569,-0.04231424738958942,-0.004494364484545647,0.01308919083383941
350,0,8,21,10,-0.07852970256948649,-0.019934327368823366,0.04098908359992981,-0.06286389595121393,-0.023766102179014512,-0.021548988081724927,-0.0024184157875510666,-0.02368602306272966,0.004468758932136167,-0.005664488592915859
350,0,8,22,10,-0.06914216464592346,0.029830787612647677,0.010723865479295082,-0.0020402974208228036,0.05655530711372746,0.13834284312772244,-0.016750300347545953,-0.06578944598491258,-0.0008580338226632702,-0.003695417156209046
350,0,8,23,10,0.0003349668593342706,-4.322936642661189e-05,2.8368939697258717e-05,0.00012986781739851672,-0.00012742441516982954,-2.2319182767201243e-05,0.000211823207313033,-0.00017462518411231237,-1.4166934397995389e-05,5.366984477101336e-05
350,0,8,24,10,0.0010832425380315968,0.0007933030996643227,0.00024024707567549188,-0.0007032160807722724,0.0028689194451772264,-0.0009813936867749166,0.00028656140122699874,0.0019901011490326475,0.0001374195196535742,-0.0005533415455522075
350,0,8,25,10,-0.02544574111536432,-0.013190891894457664,-0.030871030334611735,0.033044765935046676,0.0318775297262758,0.027219277595706786,-0.029693198528870528,0.010675698794639784,-0.0008574561998980908,-0.0041018552269386395
350,0,8,26,10,-0.011357621024103967,-0.0019136451639540958,0.0156363406643594,-0.020755141718166118,-0.0031657004467059288,0.01137830090162094,-0.0009113667128014507,0.008287993246052571,-0.0007101903804020601,-0.005093526859833194
350,0,8,27,10,-0.1163814390686117,0.0033489211512205087,-0.06374271698697138,0.002801236872511676,0.0019694091065745,0.048365008008033644,-0.007029672619761673,-0.031563331146711913,0.0026971790406632315,-0.010590106394665665
350,0,8,28,10,0.02890564960880821,-0.004381423332405913,-0.0054210224857953685,0.004464538434984956,0.016525900436186923,-0.0009146037213726861,-0.0088117959843266,0.004884905238168733,0.002984645718511731,-0.0032284917568580745
350,0,8,29,10,0.019491147157421642,-0.007293502087688844,0.0066728994910714105,0.023552410504985917,-0.001958272551727436,-0.03877707043095401,0.03162086677924241,-0.004315619098876509,0.00018783426604458957,0.009765022614890612
350,0,8,30,10,-0.03763569485028782,0.004493933715908104,0.02845789085391761,-0.0030925656196315095,0.004567799473947929,-0.013200711097795477,-0.008772878480622791,0.004865909756993362,-0.0004457995902375001,0.00823797170613534
350,0,8,31,10,-0.033025744739858684,0.0207254165520746,-0.006663442854791328,0.024911288810034696,0.004996140619536331,0.006253470218156804,-0.0075332483454687875,-0.007492568710033787,-0.002881631628211009,0.004317314617650058
350,0,8,32,10,-0.0037930722126444053,-0.0003331781016263107,-0.0008450025037075499,-0.002172494585290323,0.0024880117820403336,0.00012512055327407938,-0.0006376434175725156,0.002894998112537925,6.032765095965927e-05,0.00024936903487917744
350,0,8,33,10,-0.019135003319592198,-0.006542261782897962,-0.0008482405156991463,-0.01185031679216211,0.018485476874493166,0.011867739290145726,-0.032035318611613274,-0.0018259195957955375,-0.0008507977744011174,0.004930322067070381
350,0,8,34,10,9.605529162789021e-05,-6.495289104095856e-05,-0.00011575570905175904,-6.716257447337071e-05,-0.0001213984800182769,2.421602614168215e-05,-0.00014048053166570195,7.280253017014938e-05,2.749457417926884e-06,-2.2296277243015656e-05
350,0,8,35,10,-0.00027128819458164996,-0.00022760661099627117,0.00016433151327437757,-0.0013396196555597426,0.0008333262012028831,0.00023304793187457857,-0.0009707309650740102,0.000716119294226007,-5.940185160199283e-05,0.00024846366386562175
350,0,8,36,10,0.007237614210294049,0.004172495849451101,0.0021969502412945065,-0.005407294232135154,0.003016981440985183,0.003934190957829745,-0.0001162385765501369,-0.0009037857789835121,-0.00024731625886703244,0.0002490249705957325
350,0,8,37,10,-0.00769194301556776,0.0005285017537438161,0.0006623053774605745,0.00048399883450588575,-0.001407486245571664,0.001017971082826074,0.003306792444817108,-0.0007205892945618456,4.741193992529949e-05,-0.0002629463579347758
350,0,8,38,10,0.0007763184701743795,-9.655877462760122e-05,0.001381086399757496,-0.0008421836510195994,-0.0009406676965550559,-0.0009640063775635359,0.0011450716393275754,-0.0001367369253809026,-3.4621902017134264e-05,-7.440139616929155e-05
350,0,8,39,10,0.004487944793669684,-0.013703515648773297,-0.003401047862739171,0.0033590504726736777,0.002701966345415325,0.021120874840988665,0.003231103348802623,-0.00491946950830181,0.00036177855708091633,-0.004726334313844314
350,0,8,40,10,0.0030512738261144296,0.002878043405175705,0.0017819347473387952,0.0020749433933463938,0.00211668040877207,-0.00042270712768576065,0.002846439125525277,0.005425301193284092,-0.00019890769255293445,2.4404250954406187e-05
350,0,8,41,10,-0.027421661650658364,-0.026779397792904162,-0.023362822672902295,0.03267100661996437,-0.0824872721716309,-0.11760605204993219,-0.0073340313981930805,-0.04357192331496582,0.0029695376595158256,0.028440622123948257
350,0,8,42,10,-0.006356842423836887,-0.003253433934603865,-0.0006010209795478663,0.0018414563705177697,0.010607984250812257,0.0026442797373569704,-0.007464069193189253,0.0027265763447963925,-0.0003600686679118886,-0.0009304556638074814
350,0,8,43,10,-0.0518825643142572,0.004053118803149201,0.0030644839615945048,-0.010167954173481222,0.034720360005582165,0.0010439782288955697,-0.025083201713475483,0.0025821632881789644,0.00019601217178180337,0.001801089596922647
350,0,8,44,10,0.002625621223604514,-0.0007794076748524988,-0.0017542323286846239,0.0013829651208601894,6.374517545568712e-05,-0.00023538509841366216,7.557892323071055e-05,0.0004474677405395658,-4.0668601036469195e-05,0.00025608063264477614
350,0,8,45,10,0.06970604230669057,0.01624877702122445,0.005458017322522911,0.031285507704985435,-0.015628451808430657,-0.03179973453766118,0.017867310425009,-7.149669738897892e-05,0.0009549492213379026,-0.004511353735466855
350,0,8,46,10,0.014405018342042025,-0.0010438876673481059,0.002514031907039413,-0.009495292623352497,-0.004515217504370822,-0.010248270564342453,-0.0013821467420832433,-0.006220132777723169,0.0005608187856417223,-0.0007174792893828763
350,0,8,47,10,-0.07307703408643854,-0.0034685973707346716,-0.016801258398210388,-0.04439409569837812,0.029538633141067902,-0.01413526084093692,-0.10892220422426865,0.0631239481476183,-0.005444632478353285,0.008423347398465892
350,0,8,48,10,-0.0014294563141467329,0.0006535985814133344,0.0029509314488899135,-0.006248645106952916,0.001669986720902644,0.002544469157909952,0.0010474044473090926,-0.004111116144316598,0.0002204876191769559,0.0005624295399966986
350,0,8,49,10,0.03810818059284907,0.007345650282299116,-0.02588554709417238,0.015207924435562117,0.01695084287240617,-0.025687312257025332,-0.019889551794631095,0.012507249319315962,0.0007209821350320383,0.007448747288852951
350,0,8,50,10,0.00511390578307384,0.00499681047751801,0.01415998786593127,-0.015495350173374263,-0.025291834685924622,-0.0012106201788439196,0.027463544600773035,-0.02272771306872206,-0.0015927673889190724,0.004782439275277446
350,0,8,51,10,0.018530263290228097,0.01925180002841696,0.006717292225417675,0.0004443211171468776,-0.014293813705124623,0.0010520941190255006,0.03918604890535982,0.017528162172571818,-0.0015984295514777965,-0.0003263397617152665
350,0,8,52,10,-0.013447914614516833,0.006595188895818023,-0.028211065351603212,0.031026918828884385,-0.019876798579594346,-0.03290428590527691,0.0204546025333978,-0.002457230090840838,0.001253902329460696,0.00036370123756730976
350,0,8,53,10,0.012217867898443356,0.001959848644237347,0.003839748114112939,-0.0029285868878117533,0.0001731852516444856,0.0006011936000206476,0.000916547946117089,0.0031402134776263536,5.912056980459102e-05,-7.908960969477252e-05
350,0,8,54,10,0.02487091589624959,-0.01152325373743917,-0.009731989175194047,0.028380393763991978,0.001615474581062001,0.02058311516226502,0.034306271711706915,-0.016128023001313337,-0.00017341385618989814,0.001988884542432595
350,0,8,55,10,-0.008545109621046668,-0.0017851986131881756,-0.01626196097191609,-0.015546383959265128,0.009985736644849075,0.005344903106895919,-0.031535440959954204,0.020092547400870544,-0.00347564872826502,-0.0014757814166372262
350,0,8,56,10,-0.06559778499843665,0.023577419368815158,0.21613175195541373,0.10699344446209444,-0.14542787497518048,-0.298424826800465,0.28630991813819395,-0.03883989629705371,0.005332446685166396,-0.026375108916528445
350,0,8,57,10,-0.014485281063368355,0.012237414535744123,0.024384960890879718,-0.03886871419739304,-0.016697581620213744,0.01192234646768234,-0.031210364174045633,-0.001301596929426465,0.0007814683904290781,0.001097104045671267
350,0,8,58,10,-0.013485757222520208,-0.003807866038178763,0.0037540104609258135,0.0013624315723768765,0.00472960262320419,0.0017136950077630705,0.0013022147231807589,0.009136992979660523,2.7496155437443108e-05,-9.816272378670787e-05
350,0,8,59,10,-0.071882809638393,-0.01163232558013492,-0.004594533239578168,0.01705514057182917,0.006999923357628901,0.0014054340725621597,0.002113842419851556,0.013284279331693008,-0.0010634498331502887,0.00027978153775324574
350,1,8,0,12,0.0017879891645621185,-0.0007497509663608084,0.0014558821596083965,-0.0012446642120846954,0.00021686358264550202,-0.00017497694530757156,0.006572959406999966,0.00023461763617118583,0.00022497248410905676,-0.0004225097013813938
350,1,8,1,12,0.00029391307936123083,-0.0005819782412894105,-0.0004965120415712927,0.0009248256283931739,-0.00039711535215095463,-0.001293431099626187,0.000432247649401313,4.4691373805468156e-05,9.119369374335911e-05,5.8868965789710656e-05
350,1,8,2,12,0.0008416271976725009,0.0009334152689629583,0.0014047198333602747,-0.0029588329172040525,-0.004528736597142395,-0.002045766075380126,0.002636510284643515,-0.0030402372110163714,-5.050237468375282e-06,-0.0004066383352141969
350,1,8,3,12,-0.011479244568851164,-0.0034933040084870882,-0.003104338496827423,0.009125137110517137,-0.002501539312836965,-0.004848424838564179,0.00526586594733713,-0.00022603510154962177,-0.0004429511676159521,-0.0004196765196697249
350,1,8,4,12,-0.004421999135248764,-0.0014131286558524306,0.003998534984568909,0.0037784513086356174,-0.003128553681787046,0.001019926305386343,0.0032882698112614347,-0.0030929268318102003,-0.0002556660781255487,1.1328624045193966e-05
350,1,8,5,12,0.0009519972747978276,-7.497447919131841e-05,0.0019053038989602614,-7.314515206886247e-05,-0.0002871901729544018,0.0005831586880153554,-4.5267098817154883e-05,-0.0001836888538525768,4.272916849921283e-05,0.0003315935120782342
350,1,8,6,12,-0.002526745449774957,-0.000245753234025833,-0.001034947673528686,0.0010111265672582874,-0.00014774703884554944,0.002358128243103514,0.0010409878416959644,-0.0007601429567103715,6.022409163195164e-05,-0.0002479794401203879
350,1,8,7,12,-0.016073794916076953,0.0016341999650554427,0.00363672729078397,-0.004329681778936693,0.006668878443842916,0.004240620358462063,-0.005470092134514416,0.0018038065234440197,-0.0003511309230370524,-0.0022406257745691866
350,1,8,8,12,0.003196989622390526,-0.004857280807700818,0.0021185992436877285,0.01388338759444288,0.030301537957035104,0.010282797433515258,-0.003533483764901949,0.006347315860711585,-0.0007568339859240843,0.005536197353041987
350,1,8,9,12,0.0035101402752064376,0.0002956281382643606,0.0015970638740446894,-0.0009273640746770377,0.00013534573190803625,-0.0017201037290494117,9.137537028129666e-05,-0.0008750045220371636,2.052528590308576e-05,0.0004432667659854823
350,1,8,10,12,-0.0006318577226634399,-0.0005401041044442167,0.0026210562109155867,-0.0029603299428622777,0.0004950587655148246,0.0021661148508399677,-0.0008240812522725756,0.000661584700702261,-0.00016219979998677333,-1.4102902257832346e-05
350,1,8,11,12,0.0008604382684640979,0.00015842550786071858,-0.00020047876882135025,-2.4078089691697627e-05,-0.00029242662843019426,-4.170124174183765e-05,-0.00016308057638933125,-5.4972171884140806e-05,2.390762779856305e-05,7.483718748643348e-05
350,1,8,12,12,-0.002775639056664429,0.00042325768985631976,0.0014932252786096268,-0.0006528037040342144,-0.0009210329051990607,-0.001738747095215908,0.0015590572214920627,-0.0005478484295677703,4.283438249313126e-06,0.000296834330488775
350,1,8,13,12,-0.0006685503197502646,-0.00014641751968776367,0.0003273063087094912,-0.0009362002882655842,0.00034848329106884754,0.0003617718393426336,-0.0008807813983483068,-0.00032980208184027053,-2.617670306681798e-05,7.07465064088376e-05
350,1,8,14,12,-0.0013146831142761494,-1.5458903451818714e-05,0.0005760136955255119,-0.00011750978069107905,-0.0002328489478559189,0.0001627426236220249,-5.017594679744962e-05,-0.00024109201257555633,-6.972715001601482e-06,3.241037878910276e-05
350,1,8,15,12,0.034419854789275985,-0.0032673504373584043,-0.009457229050614437,0.00044965618503007773,0.008626785455166413,0.0007089223857690663,0.011097999544702742,-0.00036391701559789456,0.0006331927637176109,0.0009270845858805394
350,1,8,16,12,-0.0014324412015808887,-4.428997696450853e-05,0.0051885000135750365,-0.002549683078376221,-0.0038744769097997494,-0.0016178713203827623,0.0016267007284897915,-0.00500347485582864,-0.00015731326012886386,3.593192673454097e-05
350,1,8,17,12,-0.0007084228869003607,-0.0012014521339983792,0.008043377220750384,-0.0032329418502523646,-0.00041994475370150095,-0.0007920047778648863,0.01626178021426833,-0.011584883642429792,-0.00017364314336292718,0.0025336990705155877
350,1,8,18,12,-0.00481910578217139,0.0009063868246734218,0.0016096729702715451,0.0031875018017191534,0.004306162869197084,0.002001017216962616,0.001810583121429096,0.004866401327187045,-0.0002467247450192517,0.0005361203408101455
350,1,8,19,12,0.0027272921967565773,-0.0104279931325157,-0.004605386365295739,0.031050743266274012,-0.015704448849058406,0.015998539354308006,0.0376272707705405,-0.017427522120447524,0.0023687483026489267,-0.0003760026877681602
350,1,8,20,12,-0.002832467479632235,-0.0024671426352451606,0.0035335631835747474,-0.004880136326206694,-0.0023142321629160073,-0.002462234979309091,7.840312281332364e-05,-0.00022441424357747442,0.0002658996986498766,-0.0001443659922840313
350,1,8,21,12,0.0034778568394789188,0.0009347766695440981,0.000612955816653416,-0.0014964312392415186,0.003076141327659466,0.0047637824750185786,-0.0017122513753138158,-0.0028071563033064384,0.0002922181539579144,0.0007161624750588163
350,1,8,22,12,0.01685285798780417,-0.002600099104434681,-0.013713982461403231,0.0006890902896301097,0.005096180167097852,0.002600121670535681,-0.007863094813585384,0.005968148908852087,0.00024157400513604983,0.0017983245941027549
350,1,8,23,12,-0.0026635784404115907,-0.00040831587076759043,0.008097374817504801,0.0009598313775482135,0.0016481061393385753,0.0007845387018883742,0.0003287621545127389,0.003904354462750238,0.0003109948626514807,-0.0007251290391147764
350,1,8,24,12,-0.006316363050519222,-0.00787125692306801,0.024950046727050524,-0.012656894230472199,-0.00994957419241115,0.0027759434872972415,0.010808266593674398,0.006144333057221646,-0.0016717654441669601,-0.0002444059018459144
350,1,8,25,12,-0.0001668927642501047,0.0004527065464113571,-0.0015356166714389026,2.3361799359785946e-05,0.0009771670803754812,-0.0015233933175826152,-0.0008201777654522424,0.000563185418827557,-6.484419892876299e-05,0.0008679198061770684
350,1,8,26,12,-0.00157712615617467,1.696728505044072e-05,-0.0063854973864533645,0.007230065511226385,-0.0003972281407538335,-0.004386776207033475,0.005618135858311582,0.000448271777920134,-0.0008308698181917983,-0.0010801262407562282
350,1,8,27,12,-0.009405061979872337,0.0010751202184023797,-0.0010389678761521554,-0.0029286969011798024,0.00332469155459342,0.006414171626594884,-0.0037933913199421207,-0.0024249716697016584,-0.0002610400266388345,5.944374710135622e-05
350,1,8,28,12,0.0055797538515025835,0.0014383861175475171,0.0011674990804092591,-0.002159853263360725,0.0018600209265011876,0.002839323769454681,-0.004720446691595594,0.0003191691414023085,7.231518598550148e-05,0.0007114298559117316
350,1,8,29,12,-0.012887714693056163,0.0010170140469440052,0.007383871292867926,-0.006950344200791971,0.0023586222746346634,-0.015685435259878557,-0.008473328939409806,0.013660355165923352,-0.0003127076115199147,0.0002154850010516102
350,1,8,30,12,-0.019096989357032256,-0.0015310676340689543,-0.001455402541522428,-0.005448442373912341,-0.0020386805392654606,0.0010761783495257518,0.0025788475171166676,-0.00039951079419159644,0.0007381792663623822,-0.0026427915386291433
350,1,8,31,12,-0.017718692761703948,0.001760130131586976,0.0003028216985709962,0.003404823334588953,-0.01832623205599614,-0.019358633026110374,0.005349739431511288,0.00982375073074599,0.0007396244460030018,-0.004452196096493825
350,1,8,32,12,0.011060975715559508,-0.0026192510255814614,0.0015718198462177408,-0.021865486016362616,-0.03425108635068404,-0.01763730787431386,0.015950825491967493,-0.02281328309340496,0.00039372751204656354,-0.0021741544042283905
350,1,8,33,12,0.0017139401284003587,0.0018971887676897264,-0.0013764692316746005,0.005081216866395432,0.0010821038363263116,-0.00037107390546721453,-0.00034253671553334183,0.00311617095971829,-0.00016979477350238155,-0.00011059757440488638
350,1,8,34,12,0.00023367028543297907,0.00016129168237505448,-3.435305353953633e-05,-0.0002007856584563826,9.22795919546175e-05,-0.00016888249756151757,-0.0002536396150341007,6.038465387379281e-06,1.16017109514579e-05,7.221684299018963e-07
350,1,8,35,12,0.006341684015113628,0.0065533789580230995,0.004206438527223376,0.001648538191225163,-0.0020924667160012603,-0.013463815666172604,0.014027784078071006,-0.006647690091574145,-0.00010418489500830608,-0.0010413303288092576
350,1,8,36,12,-0.005638141838779219,0.0031299442737659517,-0.004468559346191265,0.008471368291819624,0.007342064563239999,0.0011283505181554825,-0.006009623998049064,0.003257915894527293,0.0001917705971163589,0.0007865273114167132
350,1,8,37,12,-0.021007333193720487,0.003817990382364,-0.020200720906858607,0.009945842983939352,-0.011212021222620248,0.030897892208691907,0.02193249090608235,-0.05992493790343937,-0.002941012234296273,0.002297570221863155
350,1,8,38,12,-0.0006390963362758718,0.00025343162225327346,-0.0002374407319048175,-8.17235490892217e-05,-0.000251614874175597,-0.0015377630163371284,3.5276195898942785e-05,0.001573371994297143,3.438997188106003e-05,-8.384037386250978e-05
350,1,8,39,12,0.0017674303363257315,0.000528209347601192,-0.0020448216878954486,0.0008490891856679728,-0.0002514631122971169,-0.0006544832656052308,0.00040887381698578894,-0.001102107862693202,2.3984551988978827e-05,0.0011425847074764608
350,1,8,40,12,-0.00042495623890787297,-0.00010967682758020614,9.500071298866667e-05,-0.00018235313650345509,7.035779028201415e-05,-0.00010426973331164027,0.00031453639292389635,-0.0006700297999660551,-1.8190382665304802e-05,3.250449448597486e-05
350,1,8,41,12,-0.0007341995619037803,-0.00015063037366277923,0.00018724923378631248,0.0001453857886526678,0.0009058951776310274,4.240983345287596e-05,-0.0001686743887844878,0.0004858978685264695,3.5635668743823926e-06,-2.661379558721555e-05
350,1,8,42,12,-0.0009832215305880898,0.00019184440798404153,-9.326019771683787e-06,0.00034011349579762763,-0.00016954962589455674,0.00019528359232286522,-3.262925708343695e-05,-0.00023375305692588033,-7.34583756035849e-05,0.0003076116792073073
350,1,8,43,12,-0.005422750032786047,0.0022897730151337945,0.0012499312664514786,-0.0020881112814309533,-0.005645433191120238,0.0035524466825186864,0.0006226676409388093,-0.0014422426361228693,-0.0003734659059638412,0.0011215476377500085
350,1,8,44,12,-0.002775405269322225,0.003163500971637865,-0.002982506242182461,0.0060077938034082045,0.002047218314886,-0.007288967524735787,-0.0038301898586720817,0.006402254074438327,-9.087367298986975e-05,0.00017182561396224586
350,1,8,45,12,-0.0016195802319534105,2.6050466748700094e-05,0.0004547685767967001,-9.530391821964621e-05,-5.611980729437619e-05,0.00043995649470973875,-0.00018461396136329163,8.374982444475413e-05,-4.733957924668463e-05,-1.970667030441752e-05
350,1,8,46,12,0.0026030914510961987,0.0010756507562954517,-0.0015553544266471747,0.0009278710224798427,0.00024391477000445684,-0.00034926755953787757,-0.0009109053317183895,0.0017728329013663978,-0.00024901769191367103,0.0003323132693756214
350,1,8,47,12,-0.0017088331631727293,0.0026478693878012327,0.0003678238378406716,-0.0005324672867658843,0.0010825997349411024,0.0018901451483503556,-0.0013385362055090794,-0.0016117669334102152,-0.000265987235505985,0.0002663393836579247
350,1,8,48,12,0.026276222866202757,-0.0016124490687785655,0.0019220253144425414,-0.003603509288591359,-0.0022649613863193504,0.018210213944821276,-0.02098767356837338,0.022193537791050613,-0.00015932804369698326,0.00041332061527470196
350,1,8,49,12,-0.007692867383634285,-0.0024733070469452603,0.002035571500396717,-0.0018335410279413358,0.0010122344899249542,0.002514935618466326,-0.0021631104740004632,-0.0008191052308271556,-0.00011695703721678361,-0.00018237540719271366
350,1,8,50,12,-0.0007893776406684991,0.0005218674252544658,-0.0002593553419485496,-0.0012116011342706067,-0.00031004885941523006,0.00020321234435881794,-0.0012627422477324514,0.0008570156127246678,4.264201147979227e-05,-0.00029705562621353275
350,1,8,51,12,-0.006862232123505493,-0.00013106245676706684,-0.004024804969936718,-0.005787052611323563,0.007123548852652967,-0.002304349499559241,-0.006267694222616247,0.008259243682919307,0.00026431694410567207,0.00020079781303938328
350,1,8,52,12,0.017830567141808362,-0.004979094912088532,0.007103349836382907,0.009652139693017942,-0.005529133760750266,-0.0040043450150113145,0.008788225641684704,0.0006381396371281192,0.0008165736851750425,-0.0017843129372836248
350,1,8,53,12,0.00017729001542625663,-4.155639066493403e-05,-6.375656472611479e-05,-8.976860848008069e-05,-0.00014796938345459053,-5.329130818877116e-05,5.02241019326346e-05,-0.0001892345780567178,2.2730568850125825e-05,6.183289841215126e-07
350,1,8,54,12,-0.0025739708628441495,0.0002475166719521428,0.0020280337220592772,0.001872127130940231,-0.0017346141525721997,0.001993033044829632,-1.7843193699759437e-05,0.00024474019714488507,-0.0006423259884417567,8.961696185832407e-05
350,1,8,55,12,0.008616711377886546,0.0017589257537836613,-2.69438075058831e-05,-6.639869444109063e-05,-0.00024398604147181152,-0.009495449153195211,-0.0036689816080149283,5.823929461931166e-05,7.439012433825109e-05,0.0004333310152116644
350,1,8,56,12,-0.01778872671794514,-0.001228749801099985,-0.007763874241028385,0.009440070107304615,0.008189916450547863,-0.004339004312415282,0.00641893759926792,0.009126723223559948,-0.00022478571412021175,0.0005858634173365978
350,1,8,57,12,-0.004286996665770586,-9.448630352463501e-05,-0.0005685831132781925,-0.0009750247439104659,0.0013000424948421752,0.0010792338336356915,-0.001202652725714836,0.0004155620875195235,-9.388326305114457e-05,0.0001319203316529757
350,1,8,58,12,0.0034172069997764915,-0.0007582184683636936,-0.011331196180150823,0.007965339234059513,0.002212394097565753,-0.0009788171973867201,0.0057846271823482395,0.004680839587804945,1.20138290696089e-05,0.0010397672532965782
350,1,8,59,12,-0.0013960883356556868,-6.728593891385343e-05,0.00017326250699963453,0.0008626729468671886,-0.0017230697176091154,-0.0013331735273683927,0.002072814571920608,0.00040135868775495557,-7.053380271415827e-05,-0.00024932660395589774
350,2,8,0,16,-0.0009777108646625969,0.00045381371843633225,0.0005458677469334526,-0.00017214861511838522,-0.0013141288431851267,-0.0007596400515902055,0.0007081673251811964,-0.00023353145389496945,-2.3851957178452763e-05,-9.611370254339361e-06
350,2,8,1,16,-0.0005672059108861084,1.1889160920594132e-05,-0.0009609789169101898,0.0009664223284772226,0.0008569655431418218,0.0018952747991509509,-9.342945916595156e-05,-0.0005359054441081354,-1.1418684820130269e-05,0.00048049669742216675
350,2,8,2,16,0.003063281107211552,0.00014110989793045855,-0.0012232701105231115,0.0004670706992667219,-0.0005597656109656978,-0.0011789425890746047,0.00047345132616311253,-0.0006699130788780148,2.6812713678079843e-05,0.00013642324071796216
350,2,8,3,16,2.644383388356225e-05,-0.0001791813520713458,0.0011196188730570125,0.0003236517670234336,-0.00049650780700487,-0.0001794990670653351,0.000463940272514355,0.00012993451891032308,-4.8232530721045746e-05,0.00018158332132710113
350,2,8,4,16,-0.0007653440990479225,1.2886552477985342e-05,0.0007927490730707213,0.0003556202553000049,-0.001865031413037814,-0.0008843264153459495,0.002746184904987315,-0.003043631150254818,2.4918894949301662e-05,-2.455440479954486e-05
350,2,8,5,16,0.005214163141686401,0.0008737087443079243,0.0001303388154285782,-0.0023226522561078586,-0.00020685178860356556,-0.002176011722421337,-0.0025471135449254886,-0.0010957770780518547,0.00022196175049093655,0.0007002863803512127
350,2,8,6,16,0.0011432910338747165,-0.00015786954290153668,-8.276708621646057e-05,-0.000244846932475405,-0.000396393281140803,-0.000440115706797875,3.008513348138486e-05,-0.00026843225276900715,-6.118314100919129e-06,8.292355738378861e-05
350,2,8,7,16,-0.001546201825014043,-0.0013373957040076177,0.00010798839045467727,-0.001071549196595505,0.0005483227377672988,-0.00029320989402691403,-0.0012932732689186523,-0.0001652263921297797,-5.7591729059155004e-05,-0.00026407900597701366
350,2,8,8,16,-0.006804224317011453,0.0017222126039651458,0.003783986143618892,-0.001440010563525584,-0.002359889192191354,0.009814790624613061,-0.005692455437029085,0.002867886795551322,6.707007320304201e-05,-0.0022503038410768973
350,2,8,9,16,-0.009764537745840438,0.0018748325831189619,-0.0018451031752065752,0.0034469008669304442,-0.0005280519219934079,0.0019533683440628763,-0.0007939312473750424,0.0031944222579974807,3.609185246139813e-05,0.000650570891272047
350,2,8,10,16,0.0018139005522332754,0.0016036228056848733,0.011627177032983738,-0.005940841312521537,-0.00144327999435935,-0.001356709099221783,0.0010437315417593225,-0.0022026087714267775,-0.00017219016012952627,-0.0005451864912028846
350,2,8,11,16,0.003281738092023772,-0.0012801287429006765,0.007926111679198487,-0.002343058207610647,-0.0005382548108935322,0.005123074377435267,-0.001343617118652486,0.000580991043645976,0.0002717997401415547,0.0007344330047009129
350,2,8,12,16,0.0013416315832538012,0.0008133035513247621,-0.0007556353353608014,-0.0009641851300315018,-0.00019729452363837895,0.0010480699152167815,-0.0033149705358196707,0.0009971575385206832,6.124167244669523e-05,0.00048632342179335983
350,2,8,13,16,-9.107205533067606e-05,0.00031412917174824953,-0.0002916478445297322,0.0003733196316075654,5.393385640132102e-05,-0.00021054267262486586,0.0003726547592228274,0.00034565880013335876,7.78866571095289e-06,0.00019629068228348403
350,2,8,14,16,-0.0007397134924044917,-0.0008988388095430137,0.0004924394917575736,0.0007060043761168474,-0.0009458946689988832,0.0025981534308278983,0.0002869013933953691,-0.0013429387533884355,0.0001524319954070218,-0.0009169375390224111
350,2,8,15,16,0.003065708768023153,0.0014010818986953458,-0.0020893925538679587,0.0013410036790983443,-0.003031632277681511,5.199431476773952e-05,0.0014850262897821512,-0.000368244933386886,-0.00019248880967576577,0.0009186007799024941
350,2,8,16,16,0.004549442168253049,0.0011601350010949142,-0.002956177235881467,-0.0009986322937745832,0.0005080658065621408,-0.0005689999426616977,-0.002252195146970984,0.00023277713119327476,-3.4153345651480904e-05,0.00014590677928580977
350,2,8,17,16,0.0017098265836784734,0.00040053226308957513,-0.0005010983268182882,0.0013703216812743317,0.0005073907235250058,-7.873438216892271e-05,0.000146960976106343,-4.798690794020639e-05,-1.050137839861298e-05,-2.4533324897762757e-05
350,2,8,18,16,-0.003322862229064502,-0.0007169204522572465,-0.0012326858037088706,0.0007050872229074844,4.756699883121873e-05,0.001497886847222994,-0.0005980481581623409,0.00040559817940976793,-7.45628908842794e-05,-0.00024551004820303976
350,2,8,19,16,-0.0002511850090560814,-0.0006621791592620811,0.00016118572307357985,-0.0006971007415522517,0.0006785668097238729,0.00034814315177777305,-0.0005212343310735651,-0.0009241890915928909,-3.2397812731943846e-05,-0.0004112395300675089
350,2,8,20,16,0.012451636777850007,0.000648309244114186,-0.0021593860283984755,0.008075563053058992,-0.0019541569008047713,-0.0035024989294173965,0.005979077712567247,0.0026495438846448655,0.0005413391569838229,-0.0004572618335940572
350,2,8,21,16,0.011051340171290535,-0.0003777315710896613,0.0029432145361872556,0.002524166711496985,0.005630398508093692,-0.0008264957863655882,-0.0023131626951021322,0.004254337531839557,9.802784558792676e-05,0.00040819959100127617
350,2,8,22,16,0.0014924853118959442,0.0002374643115071949,3.35534734334543e-05,0.0009258863940902297,-0.00016507488570733514,0.002912647584995193,0.0007085761730594681,-0.0025908487695710425,-0.00023929115354457022,-0.00046851109847971317
350,2,8,23,16,0.000533923327472813,0.0004737636306986088,0.00015762612877016506,-0.00032728475244518196,5.084328777485241e-05,-0.0007495606956971808,-0.0002045112713893699,7.829078090097559e-06,2.4115575275746922e-05,0.00010490871605061651
350,2,8,24,16,-0.0011347383973606309,-0.000679077430769119,-0.0023356944459521833,0.001115295026692335,0.0013296096122351526,-0.001448683899414572,-0.0018178641926211315,0.0024715114352533546,-2.6459439334538454e-05,0.0007901334175092088
350,2,8,25,16,-0.00046709302006906015,7.249736138926352e-05,0.0003421578375678075,-5.829118480693439e-05,1.7440336178240494e-05,5.823468531399902e-05,-6.056847301413884e-05,-0.00015101009040421328,-1.5216445714598772e-05,-8.242277752054821e-05
350,2,8,26,16,0.0005677279481371528,-0.00013028347650351048,-6.129514262467268e-05,-0.0005464431458902621,0.0004765685721274102,0.0008490654590051438,-0.00043299135023229946,-0.0004706858627774057,1.1493058201817511e-05,-0.00011068418974167897
350,2,8,27,16,-0.0012730677207804578,-0.0015165490316579005,-0.004358511675858806,0.0012165787576476485,0.009718063173204165,-0.005222598592038708,-0.0037939222520899903,-0.0032800786326282368,0.0003823291379578811,0.0017604823412267706
350,2,8,28,16,0.00035500135710674974,5.4648023883573026e-05,1.8358961664782782e-05,-1.949850145301396e-05,5.2461419207636904e-05,-0.00012582608287690597,-0.00013297717070010403,0.00019193633864455055,5.564119108746652e-06,2.7466096411315435e-05
350,2,8,29,16,0.010581142415670734,-0.004554536899470136,0.024931286264109762,-0.017251109312869065,-0.010528808813834103,-0.010197629535101668,0.002784690355420157,0.002808341001612448,-0.0002287564636266699,-0.0008965335326487778
350,2,8,30,16,-0.0022935439076857745,-1.7243446138116648e-05,0.000553851783025455,-0.0005123324455994251,-0.0003405228006343814,0.00026057837061184864,0.0003466772057568146,-0.00035718448098077114,-2.2684094460998622e-05,-7.611708426479298e-05
350,2,8,31,16,-2.90979390543713e-05,0.00031172905465794696,-0.00027137313176731683,-6.236986732698631e-05,5.1087025538665076e-05,0.00010735260161161541,-0.00011136772294808202,-6.0812551487907485e-05,-1.2026366755391054e-05,4.523708113232914e-05
350,2,8,32,16,-0.000290189023202807,-0.0004166723512981735,-0.0015091435037945557,0.0009210813862002498,0.006304627393786115,0.002796151609319845,-0.002122073084355761,0.006218701282392235,0.00020955065861351594,0.000489740824346395
350,2,8,33,16,-0.0023125046298216947,-0.00023209097579497104,-0.0004917688010133028,0.001854538813699905,0.000566912087791304,0.0013565227429709916,0.0017574214497928804,-0.0006690208435683552,-0.00018393729321230249,-0.0002417790146840667
350,2,8,34,16,0.0005659088360048221,0.0001564346081321117,-6.161913869830418e-05,-3.6703646885717455e-05,-0.00031186704322904503,-0.00024433782147284555,0.0005486757356879606,0.00029810242668174144,1.5607240339485474e-05,1.557301966791289e-06
350,2,8,35,16,-0.0013681212190818186,9.292542916107245e-05,-0.0025719780361546075,0.0020017825753441514,-0.003860782106912907,-0.00024331844964188402,0.0035171937943790543,0.005825544568735311,3.548913883410676e-05,-0.0011712713925016505
350,2,8,36,16,0.0015126868526959842,-0.006891416288304143,0.002801876855571869,-0.0058011918728449515,-0.0018129901426053108,0.004741386569533173,0.0036495024182739448,-0.00708603289004657,4.99541536477487e-05,-0.0028901743870036935
350,2,8,37,16,-0.03165431580991071,0.029080981345346993,0.0012812142170486414,0.005333118993428149,0.008164723874873814,-0.017559920740570334,-0.003230781172834825,0.02153885234246912,-0.0007418584534823167,-0.003387882983802022
350,2,8,38,16,-0.0005532035950693225,0.00030872715054698635,-0.0011585138430669718,0.0007557075972144433,0.0011993539229911475,-0.0005730331042440829,-0.0005446335052763865,0.0002594520650549868,-8.25261168140066e-06,5.2647765273256656e-05
350,2,8,39,16,-0.0010095682521522134,0.00032412072236863806,-0.00031289675647385893,0.0012146441338796658,0.0009126143020839976,0.00015016526528494306,-0.00030009444598124086,0.0010572532080468339,-6.38619341915516e-05,0.00010582328501970012
350,2,8,40,16,0.010401189115450763,-0.004426900223124255,-0.010670170435774489,0.009427588379929313,-0.002861492535606966,-0.0007330065687307178,-0.003382880353581556,0.002785530735831298,0.00044992420559268284,-0.00038385982463081227
350,2,8,41,16,0.010347983829071029,-0.0006101180793298815,0.006645430259316272,-0.003795640479312189,-0.0017161015511696798,0.003366107603412858,0.0013648053411614036,-0.0060088787304084425,0.0001549526287333811,-0.0010916137972059544
350,2,8,42,16,-0.0021318436728540754,-0.00022594298012671235,0.0027458425040897145,-0.0016903422795157238,0.0002941957847221495,-0.002108445474045418,0.0015548835946861338,-0.0019375482889675078,-0.0003586794641840195,0.0006172516022061698
350,2,8,43,16,0.00011630443321856499,-8.732486502920403e-05,-0.00019192378147719967,4.079439362422099e-05,0.00023368966154038785,1.801589156473222e-05,-0.00012401134021755635,-8.696790746197592e-07,-5.5458553259010425e-06,-2.0839186952376846e-05
350,2,8,44,16,0.0005656863332764253,0.00020675592468839582,-0.0006086757008650228,0.0027339891387192826,7.781666852587645e-05,0.0017544933399867416,-0.0006654938172097537,-0.0005221141621886247,0.00012116176453697889,-0.0004623956181290485
350,2,8,45,16,0.0067924294682974885,-0.0008886435603294818,0.003086370748394036,0.00024253652410045415,0.00029356010465627605,0.0013001517882128403,0.008110658929230722,-0.005153526207309865,0.00045324462285693514,0.00019461478512982397
350,2,8,46,16,-0.00014113380472773792,0.00021712735120746698,-0.00018838317288220711,0.00017794071067993368,-0.00018888124494242166,-0.0004125918633828367,-0.0001370675313875062,0.00021050074988860991,7.260998978635194e-06,0.0001291127273238495
350,2,8,47,16,0.0018028459906899656,-0.0014275686313875739,0.0030033651739403387,-0.0011081795367270072,-0.00247836409275455,0.0023004050888129246,-0.002177875079072882,-0.0029169081597716614,-0.0003707048914256397,-7.095942635009604e-05
350,2,8,48,16,0.001619044519302611,-0.0003505000059252427,0.0005103918911495144,-0.001297060170222257,-0.0001745465650846398,0.0013944137232419676,-0.00015917042409887444,-0.001671694302381108,3.917706615231661e-05,2.7277856384376834e-05
350,2,8,49,16,-0.0021927553233371667,-0.0006558213938237293,0.0005001542189159234,0.0006682700601818646,-0.001126997424040307,-0.0002672946458079392,0.00044415513209205865,-0.0008520713102432039,8.257856920205521e-05,-0.00020424666348608774
350,2,8,50,16,0.005945678616195434,-0.0005617574146041475,-0.0021158402536564924,-0.0002658970842647707,-0.0020012061725065266,-0.004130007323113088,0.0009304677027619739,-0.005782379463984664,-7.606641882462701e-05,-0.00024874066107407234
350,2,8,51,16,0.0012644043531839359,0.0012128449611391362,-0.0005158811793656002,-0.002376606175910983,-0.0003425841692432324,0.00024345564774827131,-0.0011679047839825312,-0.0003258320559941766,-8.01007887746127e-05,0.00013133732383246308
350,2,8,52,16,-0.0019140210265155082,0.00020730171468554546,0.00024963685778451553,-0.001086294914015917,-0.0001767068139798848,-0.0008270555284121554,-0.0007161506176352622,0.00020281251511762653,-3.7006704526790935e-05,-0.0002772607245351465
350,2,8,53,16,-0.005121053026977605,0.0012092279328814169,0.0015612658791509977,0.0018130288253368826,-0.0009713197616104806,-0.005060204607779296,0.005409734264000805,-0.00526422525148566,0.00019163652339877798,0.002130824153697897
350,2,8,54,16,0.001235379309935076,0.0018385935005923288,-3.790865628808674e-05,-0.0015443247660554469,0.0007943332300419407,0.00125481240467665,-0.0037151379565582517,-0.0009276414925536952,-4.055088529620238e-05,0.0010667013675589327
350,2,8,55,16,-0.0007573937877903174,-0.0003610549092394193,0.00012312926375262532,0.0005710214786261471,-0.0011971165183223104,-0.0005571202021969399,-6.824389868083854e-05,0.00035386568932820376,-1.085568233497501e-05,-3.965464652958879e-05
350,2,8,56,16,-0.000451588353440393,-0.00014968407132582437,-0.0008166932901098914,0.0004234893481429322,0.00031362904135993555,-0.00036221430565178483,-0.00025069783445039846,0.00043327340967119846,-3.4965603709327736e-05,-0.000161969163153788
350,2,8,57,16,-0.0012688888554035498,-0.0015907102185611004,0.008963795796749023,-0.0014902329934812003,-0.0016346266146647038,0.003961996890604251,0.002375880656595744,-0.006411586797168145,-1.771737518581996e-05,-0.0008253052663249584
350,2,8,58,16,0.001719974438276664,-0.0004466771385247441,-0.0005205823305667419,0.0008463317394734884,-0.0012479627420404504,-0.0003591995259802784,0.0011212193470515777,-0.0017072810472884314,0.00010256030573292503,-0.00017981131244755895
350,2,8,59,16,-0.0017924107658960284,-0.00015037878157422141,-0.00025402089576452385,0.0025199628056372624,0.0019161196041915637,-0.0043609765080542175,-0.0022793072378009473,0.0016071640027580595,-0.00021086998022774235,0.00028683832361645946
350,3,8,0,24,-0.0012528725016093302,0.00022293092929715055,0.001544677202283984,-0.0002576998797093735,-0.0008136290731203967,-0.00023291193116023256,0.0008964725993814367,2.5285768942560612e-05,-1.2632700749427442e-05,-0.00011571044997346257
350,3,8,1,24,-1.544643203086562e-05,9.39008812827362e-06,-1.4634109707611594e-05,3.7008994424740844e-05,8.131905934796526e-05,-1.2371391859063245e-05,-0.00011317174155664171,8.382292398703142e-05,-5.329972385189708e-06,-1.297482398055173e-06
350,3,8,2,24,-0.0005853432333146948,-0.0003278168634677816,3.270076692711441e-05,-6.0154160173650744e-05,-0.00022390059128678515,-0.00036364920025872303,0.000477186524524214,-0.0008125457992671927,-2.131606675313874e-05,2.519037495708061e-05
350,3,8,3,24,-0.0005886460890332539,-0.0002097587078625409,-0.0004839755130781789,-0.000554301074864496,0.0004961210504481558,0.0006000471528830655,-0.0002958012690351739,-0.001049271448928334,-3.8952499090433636e-05,-0.00020818257627089963
350,3,8,4,24,-0.0006314705792741902,-0.00024806025159113874,-0.0001421643286404058,-0.00010424319400454811,1.1281121549145399e-05,9.79390883525205e-05,-0.0002982170145633587,-0.00016135358793953542,-6.027592646059872e-06,-0.00015190018830160137
350,3,8,5,24,0.0026283357122306216,0.0002944921119571455,2.110422865471038e-05,0.0008449501318660574,-0.000521563852010616,0.0015995270821630378,0.0005918998860295782,-0.002020752465183984,4.220795733966831e-05,0.00020158398002946112
350,3,8,6,24,-0.0021275378494360507,0.002970615101355315,-0.005701387261401496,0.0005604241891611502,0.003926167934828434,0.00539542513512933,-0.001794866682110584,-0.000602826185842446,-0.00035432989543722964,0.0016571342779517744
350,3,8,7,24,0.003412422234126558,3.936869824339829e-05,0.0005924198315559308,4.0653115806546514e-05,0.0012482224220082604,0.0020096008022572223,0.0006681262951964008,0.0006833915643716879,0.00018964285876809728,-0.00010206813049889123
350,3,8,8,24,0.00017558820673684445,-0.001370288649794966,0.002312952706747951,0.000968192126079104,-0.0030139383934554443,-0.00010814626068718765,0.0017678818976892348,-0.00232689615834088,-1.158114875312057e-05,0.0001699694943026654
350,3,8,9,24,-0.0005172823419500234,-0.0004660675750590897,-0.0009298295172463663,0.0012622803674578406,-0.00013177972851601374,-0.0004955540167689382,-1.7113050997382156e-05,-0.0003522963146983353,2.6083075304621596e-05,8.663156518967547e-06
350,3,8,10,24,-0.00137131747886406,-0.0009125472707940349,0.0013900510194711098,0.0005548811018416843,-0.00011375552191032678,-0.0006072606088847067,0.0008194708271270822,0.00041673715210698074,4.311037017665168e-05,-0.00045455890832894074
350,3,8,11,24,-0.0003526072379544167,0.00020334470669161793,-0.00040816784741441546,-6.825340006372841e-05,7.31585876432929e-05,-5.726913169633668e-05,-0.0002731934228975959,-0.0009531030325204403,2.3053018093953545e-05,1.9249233504689442e-05
350,3,8,12,24,-0.00016754880593395548,-0.001998607942684313,0.0014398795564989908,-0.0061387030397884205,0.0027150013203917182,-0.007333737368634201,-0.0040914971286972355,0.0017838426933319562,-4.105453247938337e-05,-0.0009079453279085115
350,3,8,13,24,0.0001535860896459825,-0.0005261393383536113,0.0006563709679013235,-0.0007423061384078057,0.00026918486776212415,-0.00029684968304170974,0.000888831196552451,0.0005368860344673527,2.32719897738942e-05,-0.0001748765170390312
350,3,8,14,24,0.0012661329391435152,-0.001049866509293911,-0.0012907538559624094,0.00037602455840159984,-0.0008896518730965467,-0.00030661866797884675,0.0015804701229723333,-0.003321947962943007,0.0001051878139328462,5.0928821750871774e-05
350,3,8,15,24,0.002935565035843791,-0.001062954600830114,-0.003008003407615684,0.002459991403040169,0.0005134543211165144,-0.0007213026206355971,-0.001828260810754454,-5.139774181251919e-05,0.00012364779393759812,-8.752640160741216e-06
350,3,8,16,24,-5.19937180340968e-06,-3.693150058345035e-05,-3.200552391223856e-05,0.00016766645378615033,-0.00010263813470166158,-0.00021250316769346614,0.00033908522466233895,-0.00024246545363394202,2.0978865839336753e-05,4.364561907697836e-05
350,3,8,17,24,-0.002182121716828105,-0.0007430163035491982,-0.0011923470613527008,0.0010159070130198729,-0.0004508135848636249,-5.9247320890543314e-05,8.594746091009943e-05,-0.0007063979828210343,4.840431929478968e-05,-1.6074507819611214e-05
350,3,8,18,24,0.000494165437051966,0.00020234649435008347,-0.00016525816350110816,-0.0002311248851435097,0.00025722678184985867,0.0003529056573869654,-0.00023710806302149076,-0.0001283045761913604,2.5596970197599556e-05,0.00018303757070536447
350,3,8,19,24,-0.002918613126377388,-0.0003969095057426445,0.002483927243686714,-0.0006758050681018511,0.0008150560557604395,-0.0012220400339587637,-0.00016232666959010604,0.000694853531559087,-0.0001296662704184319,-0.0005730790945422767
350,3,8,20,24,-0.0007312538438944709,5.956926030910851e-05,-0.00037428497539195927,0.00020596270074962612,-0.0001231200330564219,-0.00022408477813607233,-0.0001882396197270596,0.00019385821653887883,-3.34684708966036e-05,2.7560790605955873e-05
350,3,8,21,24,0.0001335591959487318,-1.4956131852643006e-05,-0.00016890102998924332,5.6900998725115745e-05,0.0002943312550849114,-0.00013691696295796538,-0.0002670609259504962,0.0003640108544426085,9.51931253438012e-06,-0.00010604737297439141
350,3,8,22,24,-0.0005339486415986956,-0.00021875577379573222,0.0016374350346121647,-0.0017705042112751064,-0.00017695344706734436,0.0009724161555358226,-0.0012688592984228934,0.0009207977863230915,8.476512484213073e-05,-0.00018067541475784557
350,3,8,23,24,8.777098148303056e-05,-0.00043436841902275483,0.0002338263596322506,-0.000962948170689505,0.00014743902823032058,-0.0002710257352424025,-0.00015224667171341176,0.00034711152835823205,-2.360666419889713e-05,-7.20195543216731e-05
350,3,8,24,24,0.00018263599592431015,0.001958577411934003,-0.0021838069757253954,0.0018697020756908165,0.003133793649152657,0.0022583635006436357,-0.0011365465521565878,0.0011697540626872667,9.656178691041408e-05,-0.0013007586394236884
350,3,8,25,24,-0.0026975979527414703,0.001638683269690333,-0.0023517428397811036,-0.0007497510998797814,0.0015236544528200284,-0.0016722634850305268,-0.0039515883314830205,-0.004539410211609708,0.0002628619332049663,0.0021782241258470063
350,3,8,26,24,-0.001314559823612244,0.00023821316136852838,2.0200802376389407e-05,-0.000852465488614109,-0.0005017654971974432,0.00044994729269667004,3.7907194687175576e-05,-0.0003913804542478954,-2.2371006637992632e-05,0.00013095809771871482
350,3,8,27,24,-0.0011180299877390863,0.00028295924963533904,-0.0005694050982915349,0.0006320052217917477,0.0001248816725313247,0.0004960763503079326,0.0005139221469450624,0.0002092259216377364,-9.188937220950297e-05,1.4897836225207396e-06
350,3,8,28,24,-0.00016480515668595703,5.019967842166646e-05,0.00010046174105280481,2.24984970929852e-05,-0.00033030482183979653,-2.3148198218152154e-05,0.00022675709269879342,5.987887794544468e-05,3.2871521219118285e-05,-8.480131319883426e-05
350,3,8,29,24,-0.0016080241419361091,-2.1992816427010526e-05,0.0012493014977438043,-0.001207321417291665,5.109806828599889e-05,6.287917175058018e-05,-0.0004620349662153451,0.0009290449894648782,7.647977519125839e-05,-0.00025907278777936263
350,3,8,30,24,0.0006485455703856176,0.000509251150366249,0.0005423640610023288,0.0010302772376607637,-0.0001993080448838303,0.000610285384024082,0.00038867232334913193,-0.001009652628860506,-5.0395959790121946e-05,4.1293419426355164e-05
350,3,8,31,24,-0.001759196706796068,0.0015613973957560902,-0.000851434745002253,-0.00025052691602852294,0.0013084983772908162,0.003508927464372505,-0.0017054314682618372,-0.0011821992272220173,-1.5852277219871716e-05,-0.00025626214578428443
350,3,8,32,24,0.0070847302187227006,0.0035559097897049684,-0.00024120137178694078,0.003257149152375156,0.0016235927565899106,-0.004479536862568605,0.003929869588069467,0.003198688791107276,-2.3235660816315662e-05,-8.821497599996106e-05
350,3,8,33,24,0.00039016671165791766,0.00025659828216954795,0.00016558649040944982,6.6399680797424836e-06,3.931540600168081e-05,-0.00011649166944415333,-3.163059058222808e-05,0.00012048813158360387,9.807816249566062e-06,-8.904288476018976e-05
350,3,8,34,24,0.00036851719853277606,-1.4402850273210168e-05,0.00027000464185169247,-0.0003636109340463177,-0.00015123158504701164,-0.0001763389040901703,-0.000318212730738556,0.00025104226978224715,5.052542548861237e-06,1.1744203676318553e-07
350,3,8,35,24,0.000776107568008477,-0.00011806523621507421,1.4379329254401246e-05,-0.000262617343187651,0.0005036738775669027,2.4715959270226736e-05,-6.795515222169354e-05,0.00018693049581864333,-3.4592823571444105e-05,2.1365976748775604e-05
350,3,8,36,24,-0.00038101489874735165,3.9031097476468594e-05,0.00011486416701995088,-2.9213202926776504e-05,5.25989071563121e-05,0.0001349819133695694,3.738323850453737e-05,-1.1070909355459376e-05,1.1138860614030202e-05,1.6400098122244114e-05
350,3,8,37,24,-0.0008950057498401647,-0.00034635781628427796,-0.0003668822427075289,-0.00041418521519850167,0.0001259379672194047,-0.00091432588833639,-0.00017711170239948572,0.0008042169570816925,-0.00010647402360269902,-0.00013465219212366263
350,3,8,38,24,-0.0038628900155412336,-0.0006701884820295877,-0.00029194856903122187,0.001216817807899354,0.0011534356354763256,-0.0002453830671984804,0.00132893786401716,0.0021001312059753937,9.233806344002648e-05,-0.0003499968417376987
350,3,8,39,24,0.0007764524041922584,-3.690542440521262e-05,9.325228613739642e-05,-0.000392947731274966,-0.00018586638783228462,-0.0001230219476328899,-0.00013234517563511772,-0.0002588834747051414,2.2363123901839237e-05,1.0164786273016103e-05
350,3,8,40,24,0.0011850701979630117,-4.314801930498631e-05,0.0016479424546513416,-0.0010811086468443167,-0.000991553281095859,-0.0008533770689751933,0.0013476761873561932,-0.00033551555703123374,6.050938371580796e-05,0.00017902864076747588
350,3,8,41,24,0.00030215314618521974,-0.00027698770135990393,-0.0001288582369773637,-0.0004659397035613781,2.7205440425059576e-05,-1.4217942205317335e-05,-0.0005883039802937768,-0.00024479311047120715,-2.347484425597287e-05,8.933269768240523e-05
350,3,8,42,24,0.0007460969639840303,-0.002195810151178108,0.0001804006281820371,-0.002187840642068812,0.0016208141846628696,0.0006204060856752816,-0.0032752505794407354,0.000979962435242192,1.7197530500039586e-05,-0.0009387475884857416
350,3,8,43,24,0.0004916014037182074,-0.00012587020364086108,0.0010567926917086662,0.0001678741421047451,-0.0006010966624518403,-0.0006127414790156947,0.0013243796675791307,0.00034854695694189804,-2.4879323742604953e-05,0.00018411158667418703
350,3,8,44,24,-0.00011066221534995646,-1.2763577442994828e-05,-0.0005067732206753128,-0.00035678103510930134,-0.0007054169702145242,0.0003462863875690219,-0.00020757652640780323,0.0006920692958844409,3.986440200648775e-06,-6.355800656866642e-05
350,3,8,45,24,-0.00042191380283518646,-5.664516987243717e-05,0.00015463464430079995,0.00014725008335303663,0.0005257458945008651,0.0006501439839658228,-0.0009269369030471163,-0.0003880170780715263,-1.4729873438894295e-05,-0.0002403121952477632
350,3,8,46,24,-0.00039116758418649767,0.00036793266271582337,0.0007852947323110751,-0.0019201500246850442,-0.0018239788702281768,0.00010977538202172641,0.002407344030976323,-0.0010583838258839099,0.00012804579512152588,-6.331931363755903e-05
350,3,8,47,24,0.0032662081429614604,0.00010583202592014357,-0.0025169631219954663,0.001174741047010771,-0.0021457470634125143,0.00044606000029083503,0.0012019011700496853,-0.0003404841480177788,5.788773095412817e-05,-0.00035167424712801576
350,3,8,48,24,0.002394908924274391,-0.002134387362233898,-0.00022647132045966977,0.000995021526035716,-0.0003531409478576594,-0.0013007980775498933,-0.0002610783856591657,0.0010368621684977595,-0.00015474810056346924,-0.0006201005948545336
350,3,8,49,24,-0.0033149892489990444,0.0023265567668174815,0.003541940013235162,-0.00285301735394698,0.0005733236082179906,-0.00665199675016912,-0.000950910910294116,-0.0002857257785845921,-1.8645923168070493e-05,0.0008404335849299903
350,3,8,50,24,-0.00033680019456150585,-0.00016281266457538694,9.62876552196589e-05,-0.00021507807102947397,-0.00017971442739758605,-0.0006548972509442906,0.00031195412386509356,0.0002776846508373379,-4.853017716539483e-05,5.7478744414045496e-05
350,3,8,51,24,-0.0029005132255749133,0.0006423392132924532,0.002238061296969213,0.0011961647946147382,-0.0003402355852660022,0.0013261158532245356,0.00408790530594419,-0.00030445626523038544,0.00015036765179803874,-0.0005002028437256817
350,3,8,52,24,-0.00011673651946210277,-0.0005480085893234486,0.0008549398043455563,-0.0012172997191501691,-0.001529755309010423,0.0003118875579238426,-0.0010585784150082549,-0.0006202999707996933,-2.9712661308132017e-05,-0.00021106366621037175
350,3,8,53,24,0.00022294088360706412,-7.034869175266764e-05,2.7818585006726882e-05,0.00014461532617018516,-0.0008695019549098892,-0.0007349276260891288,0.0005876704818982732,-0.00042496971215764853,-8.070116303041947e-06,-5.575738125155771e-05
350,3,8,54,24,-0.0005679528839107109,0.00016888783293733895,0.0005790539838163761,6.023413781069027e-05,-0.00020121493352074407,0.0003462103205518167,0.00019092385613863293,-0.00019220308230404891,-4.1605754709823894e-06,-1.4651650796393449e-05
350,3,8,55,24,0.002477814617720746,0.00021807324879175003,-0.0005010983871707535,-8.865318603196265e-05,-0.00033951384678684464,-0.00027164268824980247,0.0005528492902578538,0.00023827597330164645,4.178575878182042e-05,-9.812228456244023e-05
350,3,8,56,24,-0.0011346872475409427,-5.072615047567713e-05,0.0006247744970225373,-0.0006184804193741765,-6.987582734371183e-05,0.00014902673197560363,0.00015740659459849684,-0.0013331935361350087,1.905748035937117e-05,-1.5813046742564198e-05
350,3,8,57,24,-0.00046572618965128845,0.00013166232952620613,6.150890893315698e-05,0.0002127686122876932,0.0004047643277569193,-0.00012792195196358112,-5.213578743823398e-05,0.00034968491693706556,5.4934109949917416e-05,-4.780035277855661e-05
350,3,8,58,24,0.0029783306749120737,-0.0005123545938233759,-0.002825688926756392,0.0018492196077722275,-8.737287584918276e-05,-0.0005762668585936149,0.0006960634311152397,-0.0022628261444779247,5.3152871440784803e-05,-0.00028737014646147165
350,3,8,59,24,0.0004982417315634287,-0.00013191782557530596,0.0002486109335763093,-0.000249790677387581,-3.619633717570519e-05,-2.447632977585355e-05,0.00013191409114844666,-0.00024576738605654484,2.8606344076759486e-07,-2.054661721483467e-05
350,4,8,0,40,3.168825772547734e-05,0.000493197084972404,0.0002451507331641341,-0.0007295147152196024,0.00019011458288594984,-0.00024741675420682,0.0007732290366102641,-0.00013384389234801213,3.914840836458017e-05,-2.7815215034610334e-06
350,4,8,1,40,-0.0006160696651746706,-2.0366118296508597e-05,-0.0001171790892673782,0.0003719281982310724,-1.3488251829807682e-05,-0.00014584325202354978,8.433989125649922e-05,0.00020557962032346613,-3.311576746375482e-05,2.209022598014682e-05
350,4,8,2,40,-0.0015464363784284216,-0.00018355347414629442,-0.0008689634688583807,0.00147494873742181,0.0005840386031635103,-0.00030655288599804227,0.000413853636246941,-0.00025410156618778384,0.0001106019779928744,1.2585464668347886e-05
350,4,8,3,40,8.329686073894882e-05,0.000176874706116384,-0.0002868591184878095,0.0001526604692991162,2.6134053015229936e-06,3.0361226362264154e-05,-0.0002945310876735071,7.256943604737556e-05,-1.3454943259941177e-05,-2.3283388790242643e-05
350,4,8,4,40,-0.004083195672710219,-0.0013859655678572455,-0.00012685569438111176,0.002832927665686126,-0.005865149151735976,-0.0030772556900555193,0.005334874959171404,0.00029830722966175976,-0.00040769025583873783,0.0009942475563952968
350,4,8,5,40,-0.0035572234318138433,7.644376169407062e-05,-0.00045680640325009724,0.0006846932443489956,0.0015325816998099419,-0.0024611149070206512,-0.00014667550358630024,0.0025142123340920293,0.00014530322821393942,0.000618607037471457
350,4,8,6,40,-0.00010719613806173354,-1.4555510416420883e-05,1.899627142106305e-05,2.5348671824727687e-06,8.497728461611182e-05,2.46166552514217e-05,-5.2896476871477625e-05,3.9388161501559416e-05,-2.3158724847465476e-07,1.3885713385295478e-05
350,4,8,7,40,0.0006137217304392602,-0.00011328205136584081,-0.00013620719775592788,0.00016726505736438244,0.00035295363952427564,0.0003155676691444911,-0.00021702413329935274,-4.754522546381523e-05,-8.643915181590845e-06,-1.6552472204037722e-05
350,4,8,8,40,-0.0002822678368552795,2.5271565505049556e-05,1.2411320407756967e-06,8.493240012993741e-05,-6.595878864365149e-05,-5.674444018556776e-05,6.247689605523392e-05,0.00010468853733624809,2.15737466826978e-05,4.030060732733325e-06
350,4,8,9,40,2.8055327539829e-05,9.95637749710705e-06,2.5126061064499668e-05,6.045333323286407e-06,1.694424783047397e-05,2.3971530715897215e-05,1.1801851736305191e-05,-3.4064838202281825e-05,5.921952580716598e-07,3.3797727221713617e-07
350,4,8,10,40,-0.0005026385201928636,3.896253621332576e-05,0.00030023166246238137,-0.0019711191699529297,0.00043603232264298437,0.00013568678183458792,-0.0003034885942826672,0.000656377585944945,-0.00015686544825207018,-0.00034721917172916627
350,4,8,11,40,4.262925901558489e-06,1.4074366269654398e-05,-2.1040057432887678e-05,2.1822535729311684e-05,0.00011368298274569899,0.00015778253111679535,-5.351750456560915e-05,-3.242483373905802e-05,6.073185331466814e-06,4.059965840413892e-06
350,4,8,12,40,0.0029788385396993596,-0.0006348058832468714,0.0003633250684676489,0.00024628033519993317,-0.00011274538469168907,-0.0002555125942835195,-0.0006491254300680958,0.00026904815265184313,6.9135118997402086e-06,-0.00012489976030981905
350,4,8,13,40,0.000264781912805447,0.00028370140875187547,0.00033350969539028334,3.7945813474326586e-05,-0.0007076500789888636,0.0003928044479672397,0.0009996787157295853,-0.0005481072589311445,-5.31201659966262e-06,-4.253557507272986e-05
350,4,8,14,40,-5.0650113749523104e-05,7.898773744038559e-05,-0.00017502697756790727,-5.270736459965447e-05,9.731579146751007e-05,0.0004189596798370911,-0.0002593138293026958,0.0002080573314916595,-1.2322560307168645e-05,-7.489616677016332e-05
350,4,8,15,40,-0.0006382557808552611,0.000141556901161997,0.00022022197768795535,3.537106282192026e-05,0.000474373519671371,-0.0005095561545934232,-0.00010570145566245626,0.0005257535525150499,5.820494336485258e-06,0.00023883691022522958
350,4,8,16,40,-0.000749672828161495,0.00033328245079488445,0.0006208764980743165,-0.0003299505678159332,-0.0002526806593170143,-0.002298966172162616,0.0002060245260121557,-0.0003608363972185884,-2.274976571770726e-05,0.00011535554550220968
350,4,8,17,40,0.0027735949135723114,0.00038461270965220413,-0.0011630935124851084,-0.0016346711915874311,0.0008480021474803175,6.176245973667407e-05,-0.0016473727913783483,0.0008339392572522813,-1.11248232216815e-05,0.00035102800368328076
350,4,8,18,40,-0.0005365165947097171,-1.0467039878351221e-05,1.8377962386570992e-05,-9.99380294890899e-06,8.453615489672773e-05,6.83866808219484e-05,0.00011942512029383613,-0.00020812076638049065,1.7997989736065329e-07,-2.1693833280915037e-05
350,4,8,19,40,-0.00034892385153530517,-0.0008651305109821539,-0.0009660536906281978,0.0019923087530461787,-0.00020650115208934144,0.0010056265958677522,0.002078209200648576,-0.0014941929949501094,-3.5739565963306214e-05,-0.00031180551125315967
350,4,8,20,40,0.0009394654744175634,0.0005162269165035939,0.0002591186967388753,0.0005755233335656934,0.0003072397427866169,-3.7469912247331864e-05,0.0005567673620818236,0.000615040200995545,-5.3790969051011023e-05,0.00021101800619761552
350,4,8,21,40,4.093643727100642e-05,-1.5815450517951135e-05,2.3733180207892674e-07,-0.00011436666536775985,9.593805405340855e-05,3.1408430770500144e-05,-0.00017340271390376612,-8.610124125299972e-05,1.9376253629389093e-05,-2.8133856903902067e-05
350,4,8,22,40,-0.00047799346624936904,0.00041797730078417257,-0.000714989124934026,2.4124541939010766e-05,-0.0005224414541508291,-0.000852805137954057,-0.00018447195061595698,-0.0003772112197238097,-2.8244383022184196e-06,0.00014669235616557115
350,4,8,23,40,0.00017651984844242497,0.0005441631078047692,0.0004776848651477701,5.9345410746445315e-05,7.042306623857399e-05,0.00022980282504489436,0.0010319866986806731,-0.0003971058936188504,-4.4428516147524964e-05,-3.115684669669248e-05
350,4,8,24,40,-8.896794554707304e-05,7.469828799709542e-05,0.00018200800334733692,-0.00020131366211988561,5.221619485570902e-05,-6.042773610578779e-06,-8.892168501784873e-05,0.00020383479449765428,4.690611399401422e-06,2.3974099762809014e-06
350,4,8,25,40,-0.0004503677780894837,5.437625209926491e-05,0.00022128326016734276,9.2568697911741e-05,-0.00045798518047850904,-0.00034010127945120023,0.0003120095881548557,-0.0002683531415991751,2.4540115784462813e-05,-8.151718362021083e-05
350,4,8,26,40,0.00016529775936476355,-0.00023890188449090076,-3.824826872532517e-06,7.333214482084119e-05,-0.00039953888119714017,-0.0003533240573008979,0.00020014140490591824,2.2448587549917396e-06,6.546054494652286e-06,-5.3138153747436635e-05
350,4,8,27,40,0.0006307311304099527,0.0005145074469033127,-0.0007818073552767163,0.000441846783587732,-0.0008542949238842612,-8.048173054590473e-05,-7.830930684374492e-05,-0.0011398433878825566,0.00010783795030707097,8.803946693716243e-05
350,4,8,28,40,-0.0004703843301984048,-0.00011443327800160749,-8.782243320220539e-05,0.00039936158254586207,-0.000381598174934259,-0.00035802888681080923,0.0003895076691670888,-1.8635938836656027e-05,-2.8107950414427377e-07,-1.8525126236442723e-05
350,4,8,29,40,0.00038571716946137803,8.747623009810474e-05,0.00033384804539886314,-0.0008652250344158472,-0.0003489904610217602,-0.001367804609375812,-0.001476732253456963,0.0007066345773127444,-2.0492825699906184e-05,-4.0109469496362725e-06
350,4,8,30,40,0.0006050061977648334,-0.0006963773588080119,-1.1947166372987652e-05,0.00032634510285110396,0.0011521479172978708,0.003095020708592472,-0.001094820136548455,-3.460438031148308e-05,0.00022887480814682778,0.00011613766398817113
350,4,8,31,40,0.0002393019725871556,-8.183720670634559e-05,-0.0014507156658695225,-0.00023509401707372048,-0.0001388989418411315,-0.0004031147809995335,0.0006370402344467627,0.0005687898506917564,-4.86412485997289e-05,-2.008329847283655e-05
350,4,8,32,40,-0.00010302690388235144,-0.00015523868796459575,6.195291904682098e-06,-6.165512446837862e-05,-9.00257348801093e-05,-0.00012670312368224488,-4.681284289070194e-05,7.380076935065413e-05,-8.058974768209502e-06,3.031214424570316e-05
350,4,8,33,40,-0.0012632733491677712,-0.0006899352808148863,-0.0006279250495515807,-0.00033594550779263843,0.00023251040342387233,-0.00023759124207511613,-0.0003250130898919572,0.00020813191272165213,-1.5186684781112057e-05,-0.00017047894889491252
350,4,8,34,40,0.00041437707286599173,-6.791011031763352e-05,2.727012573446629e-05,-0.00018025828480980048,-1.5399430453891342e-05,-6.714540265725388e-05,7.357517843472274e-05,-0.00020038570024549137,8.377733526959298e-06,1.258088668728614e-05
350,4,8,35,40,0.0004835574032620117,0.000172151787876355,-0.0002763500652236526,0.00010712541154445603,-0.0005081597601240881,0.0003057935877585176,-5.2564143042216533e-05,-0.0004043433822375917,2.5802764669604984e-05,0.00010887095765058912
350,4,8,36,40,-0.0012163489803452552,6.957503158617841e-05,-0.00016705617156877498,-0.000745943302248798,0.001184634845457675,0.0012160299346305962,-0.0013178784720342357,-0.00022281518592910454,-1.0371642767983471e-05,0.00014648700922524074
350,4,8,37,40,-0.0033112076993959383,0.0015418482843373204,0.0019080138555571144,-0.0017560513457149643,0.00037158185894027666,-0.001529787875116508,-0.0004862494617062377,0.0001756480901666189,7.0233688710694895e-06,-0.00031533359471411785
350,4,8,38,40,-0.0004503556754644092,0.00011277180428801738,-0.0002983136740887974,0.0004819504050454335,0.0010782681504405414,0.00025910580631927614,7.231451352197592e-05,0.0007374368241514657,2.2419122037425572e-05,0.00017092745977019167
350,4,8,39,40,2.557638248471228e-05,-0.00029617358841993566,-0.0016414114383830588,0.0013227598606897067,-0.001413886462139146,-0.00035114666538724876,0.002474712502899273,-0.00010845512088336398,0.00016543565559419318,-0.0005236608141605483
350,4,8,40,40,0.0014169492538378989,-5.2153592383905127e-05,-9.929960717620592e-05,0.0002729863083001733,0.0005218991131435768,-0.0005861073486925553,1.063810715537419e-05,0.000643637465937034,1.5046748379688947e-05,0.00014005966874170459
350,4,8,41,40,9.604872371550674e-06,-0.00018738551009816074,-0.00018498665916199478,5.6726926221025494e-05,0.00010285596018091772,2.6483911816017747e-05,-6.94538653512207e-05,-0.00028586305244084797,-1.3711995103976467e-05,-7.788446633199989e-05
350,4,8,42,40,7.295164158567909e-05,-0.00022967016387167287,-0.0002953616896465884,0.0003415744606543591,0.0001809811987429121,-7.841301670690699e-05,-8.716899849235827e-05,-0.00014274635080261457,-1.9358883001211706e-05,-9.559659291186618e-05
350,4,8,43,40,0.002056547103928116,0.0003896693569730471,0.0006794152272238672,0.0004395224763522405,-0.0012138070134494311,-0.0004189416273969139,0.0002412210536311231,-0.000782558210518534,0.00013896725010998742,0.00033438417800536296
350,4,8,44,40,0.000376149446435388,-0.00026677789145402886,-0.00033446010547825397,0.00033661899282427695,1.4869367596682395e-05,0.00011606755446409637,0.0001507050342314632,-0.00011608482001802748,1.479809386754037e-06,9.61711690207571e-05
350,4,8,45,40,0.0005163641273811632,0.0010169756650488101,0.0007507531525068969,0.0003683228062816975,0.0013417841899814383,0.0008063132173652005,-0.0007447093708012999,0.0006312572640284201,0.00018296594281224632,0.00016475063631812576
350,4,8,46,40,-0.0004294244424853685,-0.00011523977423727494,1.7837830453716718e-05,-0.0003375025977159432,0.00012609969937184474,-0.0007131901681374813,0.00024024297567422408,0.0002389177670763508,1.3732731621189824e-05,-0.00013329085580273604
350,4,8,47,40,-0.00017683606215918,-3.291639880943144e-05,4.2934145045191236e-05,2.292746774683945e-05,-4.320371838062365e-05,7.98504892847008e-05,8.314293335957261e-05,-1.056580373712731e-05,-1.815068462771271e-06,-2.8375357967396443e-05
350,4,8,48,40,0.0009859154924757598,0.00012902746218076603,-0.002469851566104172,0.001892598577276431,-0.002149723279839885,-0.00024720153464226477,-0.00018790277432816782,-0.0008937267583969931,2.994103111793432e-05,-0.00024413470610888763
350,4,8,49,40,-0.0003680121790226929,-3.801849156544754e-05,-0.00021519742855514683,-8.280273236924774e-05,0.000406390006003724,0.0001093606302101475,-0.0003945217633305523,0.00043139676132572297,1.3800581304726003e-05,-4.389424611764662e-05
350,4,8,50,40,-0.0004254672472286758,3.476974708172136e-05,-0.0002166720335446646,2.1671819035067696e-05,-0.00033111928678786125,-0.00024286711614451153,0.00013182139819829222,-5.701073449835083e-05,6.438543813386843e-06,-4.8829799432325245e-05
350,4,8,51,40,-0.0007518166776171818,-2.9615958100507118e-05,0.0001850541721993564,-0.0007351200742369973,-0.00024078681454700647,8.140254141496015e-06,-0.0003665129083499215,-0.0001668130931451176,1.983291671084667e-05,1.3180203524063677e-05
350,4,8,52,40,-0.001462975266478244,0.00047546693621889464,0.0005424341004641472,-0.00042578403578679824,-0.00023526098523277337,2.6081046874004227e-05,-0.0005485976928532217,0.00014303038939745877,-7.139168665064057e-05,6.082547341440367e-05
350,4,8,53,40,0.0008383446054574052,-0.00027348216131435,0.00022054236295185678,-0.000123659849741287,-0.0001267542161622393,-0.0003804781802078475,0.00012816467580372442,5.212831348628462e-05,-5.832428049289961e-08,1.6480544812589257e-05
350,4,8,54,40,0.0011798595694434595,0.0011146349306856793,-0.003346684088875749,-0.0010629121452286042,0.002893204252377597,0.00446056368531439,-0.004076682892045529,0.00019374571198252664,6.0755414357889e-05,-0.00046771644385712674
350,4,8,55,40,0.00023001966466379794,1.6564814834607617e-05,0.0002173156425544691,-0.0001312504755768114,-0.00034640392234367806,-0.00030409113549648945,0.00023190408522129794,-0.00012637687110268354,-1.2924549812965177e-05,6.702668277298986e-06
350,4,8,56,40,-0.00012642580830076857,-3.8602302700493205e-05,3.762014981609889e-05,-9.279580153182475e-05,3.449988441877853e-05,-1.7705418110551075e-05,-8.489214376377615e-06,5.1969459057610254e-05,1.1131884261055093e-06,2.1163214650821027e-06
350,4,8,57,40,-0.0005609128740933307,9.308120011673011e-05,-0.0009062644844683158,0.001793125636751829,0.0014059641237561065,-0.00035665058318791275,-0.0002545745618988069,-0.0012706457647932755,-7.441001148017281e-05,-0.0002395445945464108
350,4,8,58,40,0.0021721490766920064,0.00025248880372951495,0.0005301556683792305,-0.0011477697780943874,-0.00083783840775116,0.0008571468641039395,-0.00018916084533615824,-0.001031613683201621,2.8680570373574634e-05,0.00020200868097501362
350,4,8,59,40,0.00011704918917291072,-2.1112839548735488e-05,2.848013075231319e-05,-4.812395249730977e-05,2.2491978643997904e-05,5.331625871749693e-05,-7.6069110040162745e-06,-8.363039279567181e-05,1.0616400395668948e-06,7.576435605963607e-07
350,5,8,0,72,0.0001749903646051109,5.288168023316206e-05,0.00014264330536612935,-5.1570077245835524e-05,-0.00021539778869100534,-9.064773805343953e-05,0.00010472580407024724,-8.278493095571234e-05,2.1356714734819934e-06,-2.2075312586127353e-05
350,5,8,1,72,-3.255938403367816e-05,-1.590282015445297e-05,1.0126234382689105e-05,9.412020856583168e-06,-4.515282680995446e-06,1.4433003106449941e-05,3.0695768846319716e-05,-2.2716255348970176e-05,-2.1365981295388014e-06,-3.6039410581518057e-06
350,5,8,2,72,0.0005789056588053249,-0.0002716095052793788,0.0004263630352222794,-0.0007342852674071003,0.0002877518543253737,0.0002598746901289747,-0.0001315440878031771,-0.00016693062179979536,-2.1696062263357273e-06,1.2739977239349814e-05
350,5,8,3,72,0.0003364398250707296,4.710676618563075e-05,8.953136850053356e-05,-0.00011378285158496651,0.00012119930882365698,0.00012422696664719148,-0.0001645012727044678,6.0200310026635216e-05,1.1617724431464312e-05,6.30139026458453e-05
350,5,8,4,72,-0.0002936268374648226,-6.076475538859736e-05,5.089457600747351e-05,5.005168125318097e-05,6.262694592314929e-05,-1.5967664595717128e-05,6.394901525837106e-05,3.4083699265326834e-05,-1.952431825216087e-07,-3.6671569660237075e-05
350,5,8,5,72,-1.674875407652508e-05,0.00013928744907359543,0.00012203397102518694,-0.00012111780828253696,7.05877511092754e-05,7.642664609244902e-05,-9.473245706462161e-05,6.817428054554546e-05,5.525666492423601e-06,0.00016277436861857173
350,5,8,6,72,3.5292031205226297e-05,-3.3621537856787214e-05,-5.0332267070949115e-05,0.00020183404824926696,-3.1665611893884393e-05,5.841142307828402e-05,4.0158053816735855e-05,-4.710338976685986e-05,1.0227778200055088e-05,1.4494432619444007e-05
350,5,8,7,72,-0.00011626613765921382,-1.212865459367567e-05,1.7648183302165734e-07,1.829497020864453e-05,4.745745229431555e-06,2.4762014136215706e-06,-5.33121359498893e-05,-2.940559482571344e-05,-2.5180818823915996e-06,5.441594182504356e-06
350,5,8,8,72,-9.374168225225569e-05,3.77233958400115e-06,4.944282500382606e-05,-8.186623871149113e-05,-4.4919864244104546e-05,-1.6494074204065894e-05,-6.288034009747416e-06,2.6673443445329553e-05,-1.826612841108533e-06,8.268650303987884e-06
350,5,8,9,72,-0.0001980029519545798,2.1527192840784478e-06,-7.792967387657771e-05,1.2672139466564648e-05,9.089759296834586e-05,5.2807097089265634e-05,-7.985363985029917e-06,-0.00021321290413354823,3.6565630813178644e-06,6.205922179084032e-05
350,5,8,10,72,0.0003859347889980938,2.3701961457935767e-05,0.00017674512300007642,-1.250397898861372e-05,-3.884391654267546e-05,6.001400679275212e-05,-1.987799411436354e-05,-0.00012693032285718164,-3.6150265213501915e-05,0.00010335752189513935
350,5,8,11,72,0.001890082491925117,-0.00023816442616806846,-0.001203358368371404,-0.00036929962906174927,-0.0004681398701733589,7.421482240182906e-05,-0.0005804592874283726,-0.0001367809713038682,0.00010584983753727804,0.00017861344072304098
350,5,8,12,72,-0.00011731929472895717,-7.287107644307497e-05,-0.0004833419042745067,-0.0001419720943936655,-0.000339546846227348,-0.00024910010208594645,3.0899548022679296e-05,0.0001893135319150925,1.004807767418648e-05,-0.00014382044678844702
350,5,8,13,72,-0.00023144094247173154,0.00024960976363408313,-0.00013497321309162075,-0.00015379991945663443,-0.00034599745282631574,-0.0008191004792967305,0.00038559698370649255,0.00027634297576841025,1.8277265357831265e-06,0.00012528757616247666
350,5,8,14,72,0.0004839303809286098,0.0003313805777731954,-0.0005857761210544617,-6.210480255741289e-05,0.0007278146922441186,-0.0005179823305151081,-0.0018298775118107393,-0.0006376897660941429,0.00012557054051586775,-0.0001376037236135407
350,5,8,15,72,-0.0002256336253987342,0.00018204797381771696,0.0001435885439088261,-0.0003332863517733999,9.156124545224243e-05,0.0005277433308472161,0.00013654342933102948,0.00018078083505564886,-4.202171350195233e-05,-0.0001017989802181859
350,5,8,16,72,0.00023226845354731808,-7.688575159533208e-05,-4.2382321886633154e-05,-1.4220452690170624e-05,6.974548339930444e-05,-1.2247561062564884e-05,-2.9581160199846586e-05,8.074648354137247e-05,8.538019640864791e-06,-2.3357124901529793e-05
350,5,8,17,72,0.002703341224548497,-0.000189656975876171,0.0014800539993975533,-0.00015983801888551927,-0.0006303341557096174,-0.001445655430975584,0.0008191996816964281,0.00048372928559651255,0.00013596308585289035,-0.00010037811711555535
350,5,8,18,72,4.861747597924938e-05,-0.00010774870973281744,0.0001169810858332439,-8.453706916348566e-05,-7.615664465610901e-06,1.3402234745112859e-05,-0.00015532994237455407,6.304660658837621e-05,-1.1508686601515195e-05,-1.3122488126045915e-05
350,5,8,19,72,-4.157034722114245e-05,1.3949229777089015e-05,-0.000194772293370433,0.00018246724380136886,2.038929730718706e-06,0.0001107354368634534,-5.5515035405200635e-05,4.182703954759104e-06,9.300953743282918e-06,3.922756593277464e-05
350,5,8,20,72,0.001229443287145054,0.0006988269662519884,-0.0010246314236208888,0.0010345044755585436,-0.0005568863357372566,0.00013668244883023318,0.0006194419380876708,-0.0016190321862604316,-4.881876347407584e-05,0.0004764517073898631
350,5,8,21,72,-0.0018505811215930217,-0.0004170708312617056,-0.00027917493833435437,-0.00019030606887621845,0.0006420650510282532,-0.00014357619936122715,-0.0009340335403338687,-1.2708467900364478e-05,2.694399533009756e-05,-0.00012380844779345517
350,5,8,22,72,-0.0004303029904483221,-8.646942101332041e-05,9.32565298235159e-05,-3.169192303429696e-05,-8.149778758494778e-05,-0.00024900999160244497,3.252858413031494e-05,9.91846749674153e-05,-2.145991688124306e-05,-7.56363133639269e-05
350,5,8,23,72,-8.678604113555371e-05,4.601672299519529e-06,-1.3316960868190684e-05,1.7662412788880234e-05,-2.5668187362580168e-05,9.584224789872177e-06,-6.244865262807808e-05,6.138234217043356e-05,1.1181761142878643e-06,1.1101518726109266e-06
350,5,8,24,72,-0.00014916238090955953,-9.583241220362671e-05,-6.880076058574114e-06,4.812243309662844e-05,7.649531231810757e-05,-0.00020769623493753207,-0.00016843406386507894,0.0001292139777019465,-2.919377728625012e-05,4.514237798394324e-05
350,5,8,25,72,0.0006772194592991228,0.0002141151932937801,0.00026421126198331274,5.727338771980874e-06,-0.00011114065560615739,0.00022772942248378895,-2.849114716222376e-05,-0.00032728924470782337,7.418815503303164e-07,0.00014836268525544177
350,5,8,26,72,-0.0001446576351517222,-0.000252864963221819,0.00010572925740857199,3.5339077249425425e-05,-0.00045135606016289944,-0.0005773705207133524,0.0003720658831014536,-0.0002081946404416176,-9.412149593870856e-06,-7.790463946939159e-05
350,5,8,27,72,1.1951850790318169e-05,2.0514538001540826e-05,0.00014625763000662565,-9.174483487273658e-06,-8.982881426506e-05,3.943610780872013e-05,8.654403576443196e-05,-7.655530618933458e-05,-5.218423414378941e-06,-2.2273551831851775e-05
350,5,8,28,72,2.738179443604577e-05,-0.0001227148107472266,2.49197017329878e-05,-4.3260413159253e-05,9.16444213719783e-05,8.871211923427316e-05,3.8154224846670174e-05,1.844314517045793e-05,2.152711852486594e-06,-2.830012080884936e-05
350,5,8,29,72,0.0007181242967889143,-0.0001309198987741462,0.0005326929717350331,-0.0006099339955807232,-0.001575701928773208,-0.0008602726391205135,0.0012765155638445156,-0.0015843363468117648,2.6102397915364817e-05,-3.8318121678675946e-05
350,5,8,30,72,0.00012302848686025005,-1.043863852480757e-05,-0.00016246267677174627,-8.668491522007395e-05,6.184172936287746e-05,0.00046038276350112654,-0.0004360575895474802,0.00016661138082306966,6.852530880552315e-06,-4.522094403493337e-05
350,5,8,31,72,0.0005781482663900701,3.2273368014095476e-05,7.960046176088549e-05,9.294762244712321e-05,0.00028081417287665266,1.375074889397992e-05,6.820391437676706e-05,5.924883751634917e-05,-1.968637977606637e-05,3.239765114726775e-05
350,5,8,32,72,-0.0003964354370730413,0.00015124760157583176,5.092666976806362e-05,-8.042907653680269e-05,-1.082134738870642e-05,-0.0004082169066370408,0.00027491856185127885,-0.0003447513645318134,5.174010986175651e-05,-4.984821085367221e-05
350,5,8,33,72,0.00029122780551985744,7.978002303067013e-05,9.465263226237195e-05,7.740624676629708e-05,9.787594468814556e-05,0.0002872997300780386,7.595798684405196e-05,-5.572423430774519e-05,-1.4579300405207747e-06,-1.1554573457364707e-05
350,5,8,34,72,4.7637699240259964e-05,-5.217336251969177e-05,9.39535058159768e-05,-0.00011985098633812475,5.205335702097065e-05,-0.00017446916553831758,-7.217546034214692e-05,0.00011345591045595517,1.2398689675998029e-05,2.645499042320418e-05
350,5,8,35,72,-0.00013531081166293608,2.3214483244610514e-05,-2.9777588476433012e-05,-5.024002417207093e-05,3.765241410809117e-05,-4.059310265801103e-05,-2.5681364743796002e-05,-7.48589714232445e-05,-8.339415127960388e-06,-9.722596790636663e-06
350,5,8,36,72,-0.0003552289400131344,9.675650139830046e-05,-4.104975707093367e-05,-0.00020871006410891297,0.00029491449653956615,3.7960555979929104e-05,-0.00042910009978600137,0.00024357174808229483,2.0779408158389315e-06,7.21933212795426e-05
350,5,8,37,72,-0.00011568111684758528,-7.594823200831418e-05,6.366421784744587e-05,-0.00017014875571295352,0.00019231147552572489,-1.8398002383516357e-05,-8.70743019202939e-05,0.00013065343423361873,-2.102580576846484e-07,-2.9860317146805364e-05
350,5,8,38,72,0.0002272330941565919,3.933278404197623e-05,-4.5491001654091625e-06,1.4166078322592369e-05,5.269725130135532e-05,3.232419377939945e-05,7.413970248048516e-05,1.711120396534506e-06,7.085877371262435e-06,8.601991011783035e-06
350,5,8,39,72,0.0001311752855270428,6.815042937794347e-06,0.00016575635552417878,0.00016274987348115975,0.0002965293152256845,0.00030950455729628133,0.00020616393812487537,-0.00011709820089775357,-1.3220496854583374e-05,-8.048878876040102e-06
350,5,8,40,72,0.00013584385791932252,-8.657576077860548e-06,9.306279596133838e-05,5.106141155138514e-05,-9.680496840333065e-05,1.123092697066289e-05,6.722147018593393e-05,-0.0002678865390511768,-3.4796735027178898e-06,-3.078673147675004e-05
350,5,8,41,72,-0.0005683591504737152,-0.0002259446466446043,0.0001129467037329755,5.3127422818826834e-05,-0.0003140083286857305,-0.0001753896051497069,0.0004899007637966841,-6.0866054169252617e-05,2.9474357244366013e-05,-0.00015807209564574655
350,5,8,42,72,-0.00011598857755306168,1.4270609405645222e-05,0.00012629726887301864,7.248572136027049e-05,-0.00019993715261287326,-2.2885775857852172e-05,0.00019901682562620233,-0.00016561450143422963,-1.3442169093337647e-07,-9.103262862106267e-06
350,5,8,43,72,0.00010096954762573103,4.713764307739581e-05,7.461988909007355e-05,-8.072535431729529e-06,-7.004489640936772e-05,0.00011735816894583197,-0.0001340103557942782,-2.7565241006598065e-05,6.511600874595207e-06,-9.729554154950663e-06
350,5,8,44,72,0.000723726936975579,0.00018364389624668295,-2.8043693994506287e-05,0.00039080259329400804,7.008590900201014e-06,0.00018048729380396175,0.00033345940185227675,-2.9380067827563126e-05,2.9333092351744414e-05,5.2855643849482696e-05
350,5,8,45,72,0.0004367159722726163,-6.366779474640151e-05,0.0005697859761211065,-9.133411938727339e-05,-0.0007654704197653556,-0.00017279403747861872,0.0005626708259144959,-0.0005947366625200885,-4.19433506232368e-06,6.255479452135969e-05
350,5,8,46,72,-0.00010561407631482007,-7.014357038639484e-05,0.00022279488941595168,-0.00011803744956576566,-5.446660303318084e-05,7.591024626220561e-05,2.819186735357161e-05,-1.7137241976118158e-05,5.469456731928673e-07,-2.332456738843463e-05
350,5,8,47,72,-0.0022787122434140736,0.0004633983931761729,-0.0013945188036081158,-0.00010911304410327868,0.00031189533237359915,0.00017539774488217863,0.00010880003192121714,0.00012091242770176785,1.2448992145799328e-05,-0.00014615604346066344
350,5,8,48,72,-0.0006041163476229919,0.00015615979353291766,2.457692111334915e-05,-4.5849108718552974e-05,4.129160394558267e-05,3.397286068685345e-05,-0.00010816641457827918,-0.00017503861312615754,-1.1567080461405218e-05,6.224714680484315e-05
350,5,8,49,72,1.067117306240339e-05,-0.00010483455807428787,-3.346283519078549e-05,5.911996873285484e-05,-0.0002062594632258721,-0.0001405496747713158,0.00012649523879695466,7.002282066404277e-06,5.9647890514231135e-06,-2.8737321534570866e-05
350,5,8,50,72,-0.000575995331532573,-0.00012136943082928442,0.00011216348272318291,0.0004061949838085611,3.99361892055911e-05,-4.18771022231541e-05,2.9424118750264323e-05,0.00029594472586534415,-1.0042133861646858e-06,1.0485641356028065e-05
350,5,8,51,72,-0.00031968150859164367,6.179976163897712e-05,0.0002140724727668966,-3.258859050879751e-05,-0.00010390591403015463,9.425419361292021e-05,7.670655143614625e-05,-0.00010508346891086506,1.456112248800829e-05,-7.71277940919182e-06
350,5,8,52,72,-0.00204599794621153,-0.0005566004895041933,-0.0010706525629465644,0.0015570694424805083,0.0005925588310929741,-0.0007191828538051957,-6.738769903023932e-06,0.0005405540900950808,4.534402611954699e-05,-0.0002152584085678556
350,5,8,53,72,0.0003171406980949941,0.00027850551115880546,0.0008342462405039872,9.700435809906658e-05,-1.0248813739106548e-05,-0.00032754669115563783,-0.0008235421575602685,0.0011802107500696935,-5.386122441414364e-05,0.00024496389166609855
350,5,8,54,72,9.410086858594176e-05,-3.9124239987566746e-05,-0.00011786015241337691,-9.685828382779218e-07,7.623776127829235e-05,3.7988868023217346e-05,-6.283304537676024e-05,6.279526245283336e-05,2.497606868600467e-06,-1.739604528247861e-06
350,5,8,55,72,0.0005615468937630349,4.819874533397268e-05,6.801140186397901e-05,9.594152961577232e-05,9.171188208005073e-05,8.680919190690008e-05,0.00022277278548439453,-0.0006394076613308085,3.3631012670708074e-05,5.1625934131550616e-05
350,5,8,56,72,-0.0007190134228131901,3.670114459497392e-06,6.825153276737429e-05,0.00027407051365269976,0.00011108081318197678,0.00038732896941638055,0.00010265736606322307,-0.0003302342577769289,-3.6417830356454176e-05,-5.2716562203579916e-06
350,5,8,57,72,-0.00010642426454454156,-2.28769454174399e-05,9.380526891861887e-05,0.0002748098071006492,-0.00025544466795673925,-0.00017431032015439882,0.0001388987608935725,-0.00015936683717780834,-5.834455243151204e-07,-1.5038252873823585e-05
350,5,8,58,72,-0.00010975382302120657,7.580035726143158e-05,0.0001458131446687329,-0.00017522981244560767,0.00022013442876590275,0.0001426077651680783,-0.0001642256138678647,0.0002963428754181567,-4.089270684999334e-06,6.055624258765198e-05
350,5,8,59,72,-0.0009722274085309503,-0.0003601058498627291,0.0005508142197490363,-0.000578082387800558,-0.0003514914787058474,0.0001449763725253756,0.00013149199924393886,-0.00033465038171902437,-1.5337446343060913e-05,-4.5039264350480796e-05
