reference,bootstrap,log_loss,brier,calibration_intercept,calibration_slope,observed_rate,predicted_rate,auroc,auprc
none,0,0.6077390273216204,0.19663850134476096,0.5569071942356831,0.1053038772105418,0.6060774710596616,0.5681041673188716,0.7572169944973639,0.7909357917428793
static,0,0.5848254442113391,0.18797982687861228,0.5525751133991877,0.11021989477450167,0.6060774710596616,0.5703621913760442,0.7764691401252111,0.8059806678877188
symmetric,0,0.5830441893284493,0.18743524640537518,0.5523358878363607,0.1107317037791116,0.6060774710596616,0.5703449433296516,0.7778398918771056,0.8075595245294185
asymmetric,0,0.5828011226024777,0.18730517994536566,0.5522329312071456,0.11072248748709367,0.6060774710596616,0.5703237059326116,0.7781499503207211,0.807889664951792
none,1,0.5950717641605754,0.19370757340500397,0.5577833813021883,0.11215272288618575,0.6082856227450653,0.5685030924736431,0.7623450863138819,0.797379414062832
static,1,0.570522699416704,0.18475499286451122,0.5539189474778835,0.11702165867142961,0.6082856227450653,0.5704617006945749,0.7827218793395679,0.8155801700260202
symmetric,1,0.5693665631209593,0.1843411608643077,0.5537148934687414,0.11720551661715128,0.6082856227450653,0.5705695501750625,0.7836853279479923,0.8166254121419712
asymmetric,1,0.5689139513709937,0.1841395962244406,0.5535125119894135,0.11721110953585231,0.6082856227450653,0.5706318418212154,0.7841386154545225,0.8171184758503167
none,2,0.6004040308954569,0.19528706383473507,0.55002528800675,0.10736991306383027,0.5982750277532664,0.5661663792019778,0.7616785200030015,0.7938395352829533
static,2,0.5779576369314292,0.18694051119104854,0.546795521946277,0.11193621917745392,0.5982750277532664,0.5672608317930928,0.7808209416273231,0.8095800282844482
symmetric,2,0.577086992747223,0.18657327922047737,0.5467052691559123,0.11212315552436826,0.5982750277532664,0.5671861203504305,0.7817170332492352,0.8103948804517533
asymmetric,2,0.5767909547874887,0.18644615103165313,0.5465075544525982,0.11210766816899177,0.5982750277532664,0.5672701440012033,0.782061389927123,0.810915431062713
none,3,0.6177722108717651,0.20254876142148004,0.5560151185062734,0.10552814460689836,0.5975624586198975,0.5578690139495498,0.7491575507209474,0.7805428669595509
static,3,0.5919819906555059,0.1927529992770368,0.5524847262977111,0.11143780337472038,0.5975624586198975,0.5602158173912636,0.7711317419089956,0.7990880300633958
symmetric,3,0.5905442675296377,0.19218793632537245,0.5523642333087214,0.11175528373053555,0.5975624586198975,0.5601848854308107,0.7723642572480025,0.800250987269796
asymmetric,3,0.590041613605597,0.19197831877545474,0.5522372254300503,0.11181712482443412,0.5975624586198975,0.5601386289249052,0.7728125712212914,0.8006909963707498
none,4,0.6144583678489124,0.2004494715203388,0.5563406585961028,0.1100630390830975,0.5988328797541195,0.5594247492511771,0.7525899104439355,0.7824902525101735
static,4,0.5912284915273422,0.1916527284140071,0.5530971647986851,0.1144642814118027,0.5988328797541195,0.5611181789689318,0.772999931720196,0.800331947496866
symmetric,4,0.5896927801235187,0.19109990434506777,0.5529685613523038,0.11483138662940666,0.5988328797541195,0.5610050378926399,0.774371199215423,0.8017807593852516
asymmetric,4,0.5891170457270952,0.1908974499167284,0.5528906431002087,0.11492395077946516,0.5988328797541195,0.5608697133778798,0.7748549284622918,0.802330644378841
none,5,0.6011506299315552,0.1933034712825326,0.5511757272844016,0.1073118891549112,0.5976915472759422,0.564196431345733,0.7649241687728074,0.7891028518045394
static,5,0.5789704389182251,0.185290334158363,0.5481160364337839,0.11164741481308892,0.5976915472759422,0.5654549576430756,0.7834559016777558,0.8058369752117903
symmetric,5,0.5780984364635074,0.18495129552209583,0.547977397552002,0.11181394557899774,0.5976915472759422,0.5654556919713192,0.7843295609941969,0.8069037795060117
asymmetric,5,0.5777324206999133,0.18481900442183158,0.5478324812021944,0.11184204199202144,0.5976915472759422,0.5654637587572603,0.7846581537881478,0.8073088468982682
none,6,0.5934850506902981,0.19101210399169186,0.5475440925075371,0.11017525031988626,0.6035817249655603,0.5743685568421387,0.7672007894276544,0.7937915184195437
static,6,0.5716573743991664,0.1832596330908347,0.543974987798161,0.11439522407797016,0.6035817249655603,0.5759440697207998,0.7849338326438662,0.8105867534079347
symmetric,6,0.5701525617909493,0.1827569365321078,0.5438593075871204,0.11470362127466648,0.6035817249655603,0.5757445759049374,0.7861315903827228,0.8118146004482208
asymmetric,6,0.5695692341626309,0.1825233339657428,0.5435825864590949,0.1148035023902502,0.6035817249655603,0.5758842650148658,0.7866292290541408,0.8123758104603034
none,7,0.6071261067110202,0.1989782442377649,0.5479951646065199,0.10814161092151069,0.5880111408261394,0.5522645232109221,0.7585838779614523,0.7864187861489844
static,7,0.583628278600661,0.19027640624445688,0.5449674880805114,0.11277893669060185,0.5880111408261394,0.5540187621194198,0.7783034168908245,0.8039816556260369
symmetric,7,0.5824726030214109,0.18983626615493945,0.5448963717826639,0.1130357764082952,0.5880111408261394,0.553892212186361,0.7793521350330578,0.8049969194248436
asymmetric,7,0.5818548612720994,0.1895793769735095,0.5447058489391046,0.11315976120314829,0.5880111408261394,0.5539156385905724,0.7798836306351588,0.8054953494545183
none,8,0.6006576084957026,0.1936157445141947,0.5513798937563387,0.10666661663810979,0.6022304832713755,0.5702857886832443,0.7621552269063798,0.7911117806946821
static,8,0.5794471322372536,0.18588993876800392,0.5473535823037792,0.11060706289457538,0.6022304832713755,0.5726319557760141,0.7798702469585777,0.80621529987065
symmetric,8,0.5784379617730192,0.18548748061902895,0.5472769664121004,0.11081315431144347,0.6022304832713755,0.5724568469676482,0.78090613114983,0.8072290809915397
asymmetric,8,0.5778767557390857,0.18524893059977215,0.5470855128662155,0.11089085673349626,0.6022304832713755,0.5725150889283191,0.7814728173918066,0.8078582341341718
none,9,0.5922552955019017,0.19303303980660877,0.5470864418487684,0.11795475768661996,0.5966693312017053,0.5640487722042307,0.7647780295333316,0.7888096881876798
static,9,0.5667796762927368,0.1832008307907976,0.5437529498030399,0.12240734411374668,0.5966693312017053,0.5655087745652925,0.7865308335523421,0.8073079589211107
symmetric,9,0.5651524345389334,0.18265804302263133,0.5434902453980593,0.12276849890581445,0.5966693312017053,0.5655939157290648,0.7877922977846412,0.8087814469110133
asymmetric,9,0.56468571750933,0.18247788366944703,0.5433285066452439,0.12282077881067047,0.5966693312017053,0.5655734962227875,0.7882267414232582,0.8093675596634871
none,10,0.5974746189316461,0.1971160272064472,0.5475846891951232,0.11805047272759742,0.5921069029979921,0.5580354728452889,0.7610750108559755,0.791251773020707
static,10,0.5733233854380769,0.18780949429040922,0.543998251030246,0.12158270417372358,0.5921069029979921,0.5609764760048579,0.7814813575972374,0.8095164121842898
symmetric,10,0.5721578480314831,0.18738129281260216,0.5440461274956019,0.12178698587908125,0.5921069029979921,0.5606861782361335,0.782573745890129,0.8107298428525648
asymmetric,10,0.5717581555407357,0.18721341127743343,0.5439135724460705,0.12180079107007488,0.5921069029979921,0.5606470777787926,0.7830222015608391,0.8112453081098955
none,11,0.6099456444769906,0.19875595555730233,0.5523855528932053,0.105350493213437,0.6004673833210924,0.568664186297578,0.7515984777752696,0.7830490616279918
static,11,0.5875358768306901,0.1903258928368179,0.5489802779360916,0.1100679467485021,0.6004673833210924,0.5696953891830265,0.7720383040703696,0.8013178331448612
symmetric,11,0.5863892912430138,0.18996160968470358,0.548885471589459,0.1103695335167617,0.6004673833210924,0.5695604519322466,0.7730460272209085,0.8024709954241407
asymmetric,11,0.5860074685656258,0.18978834990153073,0.548807906435568,0.11040579425788669,0.6004673833210924,0.5694525833285592,0.7735199632255321,0.8030745995265072
none,12,0.6044680102170886,0.19579892365083768,0.5503444853104321,0.11158556347952997,0.5958140949431834,0.5592823628545889,0.7619448572234366,0.7849157117702765
static,12,0.5843802328045975,0.18837901009642988,0.5468530053756249,0.11509741379394765,0.5958140949431834,0.5622768354544865,0.7783461880726366,0.7992677415649996
symmetric,12,0.5829846950956236,0.18790858810419223,0.5467157921618231,0.11535867126330908,0.5958140949431834,0.5621873081515191,0.7794763655789775,0.8004520900568296
asymmetric,12,0.5824976287276246,0.187713723392634,0.5466182110201541,0.11541220144771043,0.5958140949431834,0.562044703618892,0.7799436356303949,0.8009264811171013
none,13,0.5940954276169599,0.19314659991135227,0.5551208355588996,0.10971575885832702,0.5976046563689277,0.5559217363821284,0.7668115503234003,0.7962405938063188
static,13,0.5718387105156713,0.18487084759700242,0.5517162249131283,0.11426228612410295,0.5976046563689277,0.5583891019729874,0.7858829879054096,0.8126705859142987
symmetric,13,0.5703728665164629,0.18431831344196137,0.5514447157769342,0.11457806371579914,0.5976046563689277,0.5585156685795298,0.7870397319068934,0.8137612095653288
asymmetric,13,0.5701807477399852,0.18423069030284106,0.5513875985136654,0.11452174493369979,0.5976046563689277,0.5584008729432327,0.7873749785411415,0.8142074612932881
none,14,0.618164838627766,0.20021618555679588,0.5539522531953723,0.10078538693761274,0.596131844184146,0.5593506965532581,0.7532841958000196,0.7822147820991374
static,14,0.5942722332469863,0.19114075469541764,0.5501825856067457,0.10585259852430438,0.596131844184146,0.5615485265392832,0.7738694717801622,0.7994098896765156
symmetric,14,0.5928839032975891,0.1906172768088521,0.5500951987195558,0.10612276722839031,0.596131844184146,0.5613752929715116,0.7751496388447796,0.8007153059329195
asymmetric,14,0.5924381855847388,0.19038172075446932,0.5499591021109983,0.10617258174262571,0.596131844184146,0.5613654848734084,0.7756487308773979,0.8012581320498335
none,15,0.596320570777964,0.19281719606773223,0.5593140459736636,0.1058199307848355,0.6150745781473965,0.5804002473917699,0.7591541888146975,0.7968273798735236
static,15,0.5747966165280552,0.1847824230603842,0.5545324246334312,0.11036447817066808,0.6150745781473965,0.5830003464881846,0.7775839715367316,0.8121160660564412
symmetric,15,0.5737274312428416,0.18434972475152334,0.5544084643783699,0.11061802206792087,0.6150745781473965,0.5829038074007709,0.7786303217523766,0.8130919632579938
asymmetric,15,0.5731910535743742,0.18415570385399438,0.5542439810138177,0.11070563972261571,0.6150745781473965,0.5829270749872348,0.7791016555679173,0.8136405813317247
none,16,0.6005697144205362,0.1976211483588948,0.5575390585050279,0.11396048208935972,0.6020864802292587,0.5589487934959546,0.7588085167761065,0.7946644683008939
static,16,0.5774726431456835,0.18873296957364846,0.5542525161010495,0.11778162851838918,0.6020864802292587,0.5610828858019056,0.7789823566117278,0.8122357044705257
symmetric,16,0.5760788389775918,0.18825020434180362,0.5541296014724516,0.11811698473216109,0.6020864802292587,0.5609798534946353,0.780138656954053,0.8133741005462901
asymmetric,16,0.5761078662843931,0.18819690359618368,0.5540177171249964,0.11802588826270936,0.6020864802292587,0.5609993943208054,0.7803287498236011,0.8136848361378645
none,17,0.6080497078619637,0.19560165210191277,0.5522277007260047,0.10065351197081654,0.6007497279213189,0.5687211443255935,0.7596423903416928,0.7891451562948852
static,17,0.5851644517940567,0.18750229276776137,0.5490040148642407,0.10568615944866677,0.6007497279213189,0.5694759276397998,0.7785958919781463,0.8064136695676134
symmetric,17,0.5838390739663705,0.1870294111443762,0.5489700840091355,0.10602471393244906,0.6007497279213189,0.5692338999387739,0.7797395284877717,0.8075649954856587
asymmetric,17,0.5835550314902733,0.18689654667930336,0.5488513282766533,0.10602691165075877,0.6007497279213189,0.5692289375806198,0.7800672037875653,0.807969668239192
none,18,0.6081191057577654,0.1953495164190678,0.5508282325560364,0.10037832794070639,0.5986542035024495,0.5685885731382577,0.7606765732422626,0.7880709943192719
static,18,0.5853527890119522,0.1870335682798834,0.5469734226539027,0.10516955334929484,0.5986542035024495,0.5702125127916033,0.7796607449820905,0.8044341744306608
symmetric,18,0.5836693739065757,0.1864434962924423,0.5467863698075737,0.10551781306467552,0.5986542035024495,0.5701241061138018,0.7810182820378868,0.8058473866795279
asymmetric,18,0.5831278975116101,0.18619229703734125,0.5467027479195367,0.10557630691364378,0.5986542035024495,0.5699583575870883,0.7816158416582107,0.8064652050509007
none,19,0.6139714468456178,0.19934415913485032,0.5572205345995906,0.10106465676890515,0.6041123464962646,0.5663141832584272,0.7529430779564957,0.7884426465922495
static,19,0.5913410644346889,0.1908712266235594,0.5531468067324877,0.10600627908401647,0.6041123464962646,0.5687662722044728,0.7723382517644208,0.8036146306152038
symmetric,19,0.5900968473556144,0.19042567614389966,0.5530249713678406,0.1062833931558549,0.6041123464962646,0.5686668652513152,0.7734829105840131,0.8047121064186725
asymmetric,19,0.5898254420182455,0.1903019317559347,0.5528546034329839,0.10629517266561601,0.6041123464962646,0.5687422428808687,0.7738134106657263,0.8051639349780271
none,20,0.6117625536739256,0.19899610822291464,0.5526080293890995,0.10417951404955929,0.5980054761486097,0.5638508527921329,0.7524703257563092,0.7818934919920681
static,20,0.5892383786129272,0.1905848219220705,0.5488771178407931,0.10941572504812978,0.5980054761486097,0.5660346329056658,0.7719449048789784,0.7986959212332835
symmetric,20,0.5876100851563067,0.1899925781696877,0.5487011514367094,0.10987099869108831,0.5980054761486097,0.5659424689378394,0.773423312147917,0.8002397169957101
asymmetric,20,0.5872456810253447,0.18985997537538502,0.5486119978749417,0.10990900097642005,0.5980054761486097,0.5658583931717276,0.7737870407594805,0.8007559467483394
none,21,0.5993393593707611,0.1949159222467626,0.5485438520524866,0.11139899639735926,0.5956275170543273,0.5631886289034292,0.7624587881986865,0.7905606511160308
static,21,0.5773909188607809,0.1866633030524457,0.5451453655639551,0.11523504571201827,0.5956275170543273,0.5654431513664606,0.7812751786273209,0.8067225136276144
symmetric,21,0.5760687875390281,0.1861441358033033,0.5451375417181328,0.11557023001769151,0.5956275170543273,0.565215898567472,0.782461053098756,0.8077649580750655
asymmetric,21,0.5755605725743711,0.18590084798630976,0.5450382586275239,0.11563093707791501,0.5956275170543273,0.5651194325637595,0.7830040074209446,0.8082845825028981
none,22,0.6167119745365959,0.20149775325782587,0.5524794294244944,0.10473596689327352,0.5988395497008648,0.5664936697556373,0.7473341250293056,0.7790933839709231
static,22,0.5917408200401486,0.1922427034116474,0.5489683902629949,0.11033750835301151,0.5988395497008648,0.5674191431423246,0.7692987707724946,0.7984787312682371
symmetric,22,0.5901580310216747,0.19169679697801137,0.5488472950026405,0.11074480308208774,0.5988395497008648,0.5672679018593054,0.7705689896387873,0.7998604333251894
asymmetric,22,0.5899736397347689,0.1916006121017321,0.5487005704350443,0.1107120948580087,0.5988395497008648,0.567294616117588,0.7708654368964277,0.8003415884409282
none,23,0.5976492051971205,0.19448067615363257,0.5471178224356263,0.11129451897046413,0.597989315610146,0.5683495542695123,0.7622599161683304,0.790396473316
static,23,0.573746748386151,0.18556263800931846,0.543950697372845,0.11583975215260685,0.597989315610146,0.5696676945470617,0.7821590610712477,0.8070746125077334
symmetric,23,0.5722963303269777,0.1850028796377335,0.543896458606489,0.11617633712369652,0.597989315610146,0.569444680544494,0.7834609992668329,0.8082387502504822
asymmetric,23,0.57183763450875,0.18481421308052998,0.5437570503072381,0.1162185182740186,0.597989315610146,0.5693967662571104,0.7839420099405083,0.8088059720700269
none,24,0.6029495789290082,0.19718681217887146,0.5533258428693185,0.1157579932804425,0.5990765077786461,0.5599465767865369,0.7587934798468319,0.7888126259082304
static,24,0.5815261044300358,0.1887087011853435,0.5502954632817084,0.1192166116440776,0.5990765077786461,0.5615305195173534,0.7781793409132278,0.8051795861869976
symmetric,24,0.5796503348454346,0.18803252483715488,0.5501869471292747,0.11972594378865103,0.5990765077786461,0.5613680077702169,0.7797065784538898,0.8067198247219263
asymmetric,24,0.5789518564314929,0.1877528931371759,0.5499881200454322,0.11982739858601821,0.5990765077786461,0.5614131139107623,0.7803072605277076,0.8074761858888635
none,25,0.5973697986625969,0.192712001380435,0.5536741451826798,0.10911083144777464,0.6043966918781367,0.5688836038643154,0.7644859452299791,0.7933853544099291
static,25,0.571684862856152,0.18362396599444114,0.5498391472164638,0.11464424289350844,0.6043966918781367,0.5704134265733921,0.7851195234874211,0.8118642200918892
symmetric,25,0.5700790226072107,0.18303544336682817,0.549613226952759,0.11507931109937788,0.6043966918781367,0.5703617004241198,0.7864644918945121,0.81309697004576
asymmetric,25,0.5695758036769064,0.18283098787177765,0.5493889601170564,0.11511510314695424,0.6043966918781367,0.5704619213044926,0.7869455400811678,0.8136543330710321
none,26,0.6157471931896163,0.2002567591933764,0.5597003667808962,0.10387972521351305,0.6079895362145076,0.5698255601626641,0.7483374313609248,0.7827187520117045
static,26,0.5931330370795428,0.19204849210970198,0.5565623338465083,0.1090170396257846,0.6079895362145076,0.5703489783696863,0.7677904645601574,0.799955505748142
symmetric,26,0.5918943054709678,0.19159842109949596,0.5564718591138377,0.1093549042212963,0.6079895362145076,0.5702339266817522,0.7689832942838085,0.8012122034274523
asymmetric,26,0.5917188826877023,0.1915024453186801,0.5563135565024769,0.10930264884339198,0.6079895362145076,0.5702956457847836,0.7692090899796659,0.8015707894650579
none,27,0.6005824365043535,0.1960850784272901,0.5544684368192333,0.1122524033349783,0.5985673034207019,0.5577591519991609,0.7610123972568713,0.7904278533526267
static,27,0.5747223286919039,0.18607566737614836,0.5506011243137229,0.11726589735147601,0.5985673034207019,0.5604615215672186,0.7832358370790634,0.808729135571076
symmetric,27,0.5728556212683452,0.18541518136333143,0.5505082139891444,0.11765540548228458,0.5985673034207019,0.5602457157011999,0.7848059867957182,0.8103229905278229
asymmetric,27,0.5724029477761731,0.18524637260755358,0.5504350338881434,0.11768475630418061,0.5985673034207019,0.560163132574954,0.785227310447397,0.81087312639216
none,28,0.5977743763150819,0.19343783837707326,0.5526871307636542,0.10884720519179894,0.6017727085337364,0.5648620760349449,0.7655139396770871,0.7951018578564174
static,28,0.5718080044765875,0.184099356451661,0.5485303431258528,0.11464602436800303,0.6017727085337364,0.5670514532787074,0.7860921106856311,0.8125953826087917
symmetric,28,0.5700374080207629,0.18341097766148953,0.5483323814988282,0.11505049444993443,0.6017727085337364,0.5670119951131555,0.7875820201514667,0.813955325062035
asymmetric,28,0.5696427076492421,0.18326097795579196,0.5481835736241298,0.11506513372608279,0.6017727085337364,0.5670115650643349,0.7879833796613489,0.8144400491505801
none,29,0.602579092885257,0.19639616702125556,0.5495578948440105,0.10804070360762676,0.5992639678822349,0.5675621733458264,0.7581972502662504,0.7902182737824963
static,29,0.5782610796248105,0.187567378024267,0.5458674828722512,0.11299025893214225,0.5992639678822349,0.5689039902990093,0.7788088419658162,0.8085555202326387
symmetric,29,0.5761718794380853,0.18680937015000904,0.5454614989678311,0.11350423151355386,0.5992639678822349,0.5690354560074133,0.7805260604692048,0.8101180204400455
asymmetric,29,0.5756255625681594,0.18661302959113316,0.5453297396291527,0.1135720775355313,0.5992639678822349,0.5689794090834097,0.7810060613581353,0.8106771736853591
none,30,0.6154672257103688,0.1956754994244912,0.5508770614938708,0.09203596777358485,0.5940210972182626,0.5611220440665907,0.7615327723915554,0.7835560110905696
static,30,0.5927658461328148,0.18710016022910625,0.5474205572474691,0.09697194758083903,0.5940210972182626,0.5631911939977556,0.7803754855594276,0.7987365646188712
symmetric,30,0.5914317090587997,0.18664701637877815,0.5472868311089549,0.09728641393381052,0.5940210972182626,0.5630911711862059,0.781459518209002,0.7998303781761887
asymmetric,30,0.5912148536362133,0.18657114615820988,0.5471946036917644,0.09727995110424473,0.5940210972182626,0.5630365391292443,0.7816841627180238,0.800192544595029
none,31,0.6182614688232936,0.2013777413869543,0.5506269442575437,0.10274260942782465,0.5906341845731827,0.5554519757226521,0.7516080039151116,0.7775717858908153
static,31,0.5968507502100945,0.19308480666781694,0.5475510597810085,0.10705838855204144,0.5906341845731827,0.557225834737105,0.7708978212922915,0.7933049110494687
symmetric,31,0.595749173396412,0.19268286803061133,0.5474049488790043,0.10731794486439665,0.5906341845731827,0.5571990330913966,0.7719474286136127,0.7944725081427016
asymmetric,31,0.5950423696685125,0.19237429713973103,0.5472962804432693,0.10741377538974155,0.5906341845731827,0.5571054347906645,0.7726379566818189,0.7951394969467609
none,32,0.5863323120964831,0.19166960980608547,0.5455938238432038,0.11595312938160562,0.5952325373831134,0.56520658114246,0.7682922014271027,0.7965673238714941
static,32,0.565490535309884,0.1836452108971482,0.5428780642886357,0.11931074518278346,0.5952325373831134,0.566790698251275,0.786472469986195,0.8121171407642017
symmetric,32,0.5644231357837538,0.1831954667025147,0.5427909812801114,0.11942748264496378,0.5952325373831134,0.5667219072420201,0.7875465223269239,0.8131981384352543
asymmetric,32,0.5640534828021566,0.18305480111126268,0.542648717176867,0.11944107769638528,0.5952325373831134,0.5666848475530448,0.7879608310393835,0.813710835611654
none,33,0.6004505417532444,0.19602925867273568,0.5510920292273347,0.10969697493969394,0.593630053082891,0.554965153928692,0.7619084330055971,0.7910029858765415
static,33,0.5727931769526659,0.18563887878187404,0.547078480752128,0.11546487806887015,0.593630053082891,0.557326456437074,0.7853807230546491,0.810420250442763
symmetric,33,0.5710231320997683,0.18497333985293357,0.5469803343371649,0.11593908984611383,0.593630053082891,0.5572092732548962,0.7868780348820116,0.8118777385008573
asymmetric,33,0.5705568850273788,0.18479893125031385,0.5468506023459105,0.11599837256264076,0.593630053082891,0.5571615927799093,0.7873280035391351,0.8124687412903431
none,34,0.6044861363481687,0.19672932467723528,0.5540183042312833,0.10977147751340692,0.5957726948020114,0.554435506889481,0.7620733986614782,0.7894750183560548
static,34,0.5810765247622882,0.187877659046497,0.5510293622944323,0.11383981887747636,0.5957726948020114,0.5563915192204867,0.7818418876759914,0.8059148470629391
symmetric,34,0.5798044734036554,0.18739119909051669,0.5509232818812069,0.11414823097036847,0.5957726948020114,0.5563884727351934,0.7830225217567094,0.8070484886758496
asymmetric,34,0.5793283689184209,0.18722347137032477,0.5508051135283972,0.11423227748057124,0.5957726948020114,0.5563757697206052,0.7834188879290593,0.8076342428505718
none,35,0.6165059766162908,0.1979718402780922,0.5551130769569251,0.0993516545863084,0.600969686866161,0.5645056606084448,0.7565242011232587,0.7862214610665803
static,35,0.5951493938329396,0.19029059405069787,0.5519886806100316,0.10382344640220476,0.600969686866161,0.5656033995958557,0.7747480651460146,0.8016197776906118
symmetric,35,0.5939486074874821,0.18988033638447527,0.5519321475763205,0.10409002600694221,0.600969686866161,0.5654196637139002,0.7758096562950036,0.8027899555948097
asymmetric,35,0.5937326703416631,0.18977421942066577,0.5518031267678818,0.10406303574580912,0.600969686866161,0.5654385773021406,0.776045069854697,0.8031705127144849
none,36,0.6055774955952614,0.19629980597918192,0.5552634397590509,0.10836533969968397,0.6023514621637452,0.5644111237579061,0.7589049044501011,0.7894589120027186
static,36,0.5857383569147337,0.18888592720136976,0.5517338640880924,0.11201684179513348,0.6023514621637452,0.5668714100808493,0.7760323005550601,0.803924961278945
symmetric,36,0.5843040822546645,0.18831008222593476,0.5514813560248969,0.11235762814756514,0.6023514621637452,0.5669158513803063,0.7772979896968644,0.804977759804167
asymmetric,36,0.5838212479339715,0.18807236111162656,0.5513202042994718,0.11238276422858046,0.6023514621637452,0.5668786024515238,0.7778594905328909,0.8055421162812747
none,37,0.5965311763024945,0.19525242387530917,0.5576094398355915,0.10822997622238724,0.6084033613445378,0.5690961535078847,0.7605289727617398,0.8022199616365219
static,37,0.5746765332705108,0.18700488783457236,0.5544463632676674,0.11251431665071653,0.6084033613445378,0.5702491103847049,0.7801114497767856,0.8182350897482518
symmetric,37,0.573224274047106,0.1864803005348662,0.5542212707149714,0.11290893812530069,0.6084033613445378,0.5702146702983236,0.7813818194975417,0.8193669194199592
asymmetric,37,0.5726170321246434,0.18623159605052217,0.5540509665694736,0.1130141661688225,0.6084033613445378,0.5702269898800706,0.7819302644185216,0.8199736543581403
none,38,0.599892972809843,0.19454166987150062,0.5549425513404099,0.10928734179696922,0.6082129365285348,0.5747082252825947,0.7583634110305925,0.7921168526081799
static,38,0.5769880844974578,0.18601893284307475,0.5512869909955821,0.11423219147035553,0.6082129365285348,0.5765308433872989,0.7782511020727878,0.809517614641558
symmetric,38,0.5756058718645958,0.18552302463625703,0.551082500692704,0.11460202726600617,0.6082129365285348,0.5765332530593149,0.7794459011266628,0.8107552438303414
asymmetric,38,0.5751714461841906,0.18532232181366717,0.5510220320110762,0.11461725595857926,0.6082129365285348,0.5763746826037102,0.7799859182060245,0.8112679781909627
none,39,0.6050746074628266,0.19557546535509016,0.5524010839350103,0.09989046298930025,0.5967686725542548,0.5618419079975389,0.7634068215163354,0.7933326120837593
static,39,0.5803218868120562,0.1861348363315287,0.549019126278506,0.10528247628536552,0.5967686725542548,0.5633821496110002,0.7841754719667461,0.8104382033399692
symmetric,39,0.5788888075835599,0.18561712697795843,0.5489361350101252,0.1056447223654509,0.5967686725542548,0.5632052029320164,0.7853591793098706,0.8116616068099407
asymmetric,39,0.5787126985835189,0.185556830667429,0.5488524974728363,0.10564223271199565,0.5967686725542548,0.5631582761350511,0.785548138572775,0.812038918682908
none,40,0.6146027634309247,0.20072157277554564,0.5476139407271726,0.10877852630976863,0.5872531839443655,0.552974912905913,0.75476159017479,0.7791244459992972
static,40,0.5893823077505091,0.19114355469607283,0.5443741142475806,0.11378609193011772,0.5872531839443655,0.5551261101936787,0.7759976456787341,0.7975881206268811
symmetric,40,0.5882127834597468,0.19067128352918367,0.5443751187716811,0.11403079390089157,0.5872531839443655,0.5549086655664802,0.7771771062145385,0.7987825285653942
asymmetric,40,0.5876897843568775,0.19043129789473756,0.5442124737942637,0.11407672892945991,0.5872531839443655,0.5549416519219506,0.7776827737782929,0.799362696101629
none,41,0.596975858727708,0.19499842694592137,0.5512503849800338,0.11565621496003953,0.5937248701767777,0.5542744593347863,0.7648961568573277,0.7914169267024463
static,41,0.5730043333309122,0.1861230464545628,0.5482793984247226,0.12042701599378877,0.5937248701767777,0.556138295921133,0.7847143952958755,0.8087228351671055
symmetric,41,0.5716776484948709,0.1856654601290077,0.5482169737491904,0.12068011381329363,0.5937248701767777,0.5559916126128372,0.7858692647090118,0.8100680391101932
asymmetric,41,0.5713719115545289,0.1855206479366086,0.5480896552013688,0.12065717863502787,0.5937248701767777,0.5559672501706427,0.7862124341883568,0.8105629417007427
none,42,0.6034635258075441,0.19565926560248526,0.5520142815347784,0.10489494547464226,0.5969087580530207,0.5607303171184681,0.7611563736643034,0.7883406863143694
static,42,0.5797309840815089,0.18653657010426558,0.5492347439862812,0.10968837450943389,0.5969087580530207,0.5618687966498402,0.7814125595667448,0.8047112938463389
symmetric,42,0.5783103866119931,0.18600460543680852,0.5491138299997035,0.1100204405856342,0.5969087580530207,0.5617656969755901,0.7827077577506172,0.8060234036803148
asymmetric,42,0.5777385489610112,0.18575139403692117,0.5489612179945595,0.11008880325924854,0.5969087580530207,0.561749728018625,0.7832880337314931,0.8067117319181281
none,43,0.607963319726709,0.19781846240904247,0.5477500042969721,0.10785135727232305,0.5919672308441032,0.5594248882744896,0.7582985288745253,0.7823622317403465
static,43,0.58417817324241,0.18888731859440255,0.5445592117635726,0.1127689576719153,0.5919672308441032,0.5606712613118986,0.7783902378732102,0.7993055042680957
symmetric,43,0.5826426082150584,0.18836544612820896,0.5443958816250964,0.11321379765580213,0.5919672308441032,0.5606414096933736,0.7795387232176809,0.800513541124328
asymmetric,43,0.5824306498861245,0.18828551863888265,0.5442975037088698,0.1131858013346389,0.5919672308441032,0.5606265146764479,0.77978423663125,0.8008885567849531
none,44,0.5995929116782468,0.1960994343284241,0.5546316035393895,0.11071853184510504,0.600529647866926,0.5616278985726011,0.7613751083348882,0.7940925503253407
static,44,0.5761166574940493,0.1871324888895128,0.551200075088164,0.11491685849246638,0.600529647866926,0.563824991025539,0.7813399805118337,0.811670629841182
symmetric,44,0.5747655385363372,0.18662148528265562,0.5510192939650319,0.11522481995991696,0.600529647866926,0.5638278957020153,0.7825831051677047,0.8130251348043465
asymmetric,44,0.5743250830227028,0.18644155093161177,0.5509786859481103,0.11524524810126406,0.600529647866926,0.563633962562047,0.7830881978406516,0.8136055727187476
none,45,0.607307667753262,0.19653618833212896,0.5457089693017135,0.10480608590097443,0.5915730728985001,0.5609106765580099,0.7601801871687937,0.7837330853578004
static,45,0.5808805812286282,0.18702103661884137,0.5414881611932078,0.11073167269882513,0.5915730728985001,0.5632029954536799,0.781323392883727,0.8017428098984738
symmetric,45,0.57935732814494,0.1864928768884096,0.5413622240417868,0.11111232241522245,0.5915730728985001,0.5630906736238153,0.7825741569601729,0.8030169952440678
asymmetric,45,0.5787690158395187,0.1862440631493458,0.5411213711561054,0.11121562106822647,0.5915730728985001,0.5632116309586237,0.7830963923136535,0.803620963840243
none,46,0.6146565391899105,0.19985390802972605,0.5644709002904026,0.10128412825087564,0.6071957957148633,0.5620740556737356,0.7529344072587798,0.7908075976767791
static,46,0.5917445115857651,0.19104310567080868,0.5613131761329907,0.10623182768262288,0.6071957957148633,0.563410695498376,0.7735994306048197,0.8082427986654903
symmetric,46,0.5903816434365847,0.1905734684993834,0.5611953067157299,0.10655794840973064,0.6071957957148633,0.5632521576149117,0.7747780078249014,0.8093905714501155
asymmetric,46,0.5899856949859662,0.19038280732526583,0.5610586000937069,0.10659796473199204,0.6071957957148633,0.563279010281025,0.7751949735020736,0.8099086773913717
none,47,0.6005769507532459,0.19315210863024912,0.5506516829314618,0.1052026943554365,0.5998715661790939,0.5698104359499937,0.7647463210295248,0.7927277451624343
static,47,0.5785382696733098,0.18506134065275925,0.5471362257556983,0.10936756628303715,0.5998715661790939,0.5714399077157447,0.7834395875019464,0.809481668296023
symmetric,47,0.5774658218950444,0.18468844558423633,0.5470604629732488,0.10957258788294186,0.5998715661790939,0.5713369090593667,0.7843826574957612,0.8104568250991937
asymmetric,47,0.5772568512423955,0.18455895591344332,0.5469557090286972,0.10954639909946379,0.5998715661790939,0.5713380631866443,0.7847265381157196,0.810921956401562
none,48,0.6175650805128939,0.1976014812666993,0.5599532877615601,0.09441253524216864,0.6050222695849387,0.566951276378862,0.7553852971142114,0.7870772412931244
static,48,0.5932232365277811,0.18842844540218048,0.5565977683177687,0.10039677055304531,0.6050222695849387,0.5673733411493987,0.7769258118747453,0.8051469684431762
symmetric,48,0.5913006720239374,0.18778916646793353,0.5563605286399835,0.10086105001780421,0.6050222695849387,0.5673055836732772,0.7783927201774677,0.8064880885680475
asymmetric,48,0.5911492048351915,0.1876925137465804,0.5562667234268084,0.10084226697372109,0.6050222695849387,0.5673040211369488,0.7786458354976235,0.8068772924771801
none,49,0.5874977281615517,0.19202497040588926,0.5545912280262054,0.11792479727574476,0.5997756396427493,0.5575160470990517,0.7708768251626624,0.8031319069749531
static,49,0.5652025760050504,0.1835094366685701,0.5524713662302391,0.12166174042021043,0.5997756396427493,0.5585243215838284,0.7899600603900824,0.8186688029123435
symmetric,49,0.5637506808574114,0.18294911316072854,0.5523878731443216,0.12199225173419538,0.5997756396427493,0.5584394429480751,0.7912831541727868,0.8199604120543516
asymmetric,49,0.5632818339561204,0.18273337181315702,0.5522745328319223,0.1220475058152209,0.5997756396427493,0.5583875150526296,0.7917458839195369,0.8204725344362366
none,50,0.5912223982561864,0.1916703122211933,0.5590738109109682,0.11089962564241831,0.61137120050821,0.5733819346919655,0.7640320480443575,0.7990021858898906
static,50,0.5675837761646727,0.18307179932600479,0.5551539093397924,0.11535502679600575,0.61137120050821,0.5754875131774334,0.7837343082115765,0.8163716639092118
symmetric,50,0.5663512026668905,0.1826671210907376,0.5550691267335112,0.1156102437061425,0.61137120050821,0.5753490802981955,0.7848436240758534,0.8176036082246478
asymmetric,50,0.5658564224763027,0.18245949083896842,0.5549297599427795,0.11567300034194991,0.61137120050821,0.5753518732652092,0.7853339973178886,0.8181266862728882
none,51,0.60640521338965,0.19654388934601288,0.5549842507116699,0.11219902371176384,0.6066776150977008,0.5718211341507488,0.7553012025240158,0.7852642582129465
static,51,0.5803715790021828,0.18722424888205172,0.551214090233137,0.11722667206730653,0.6066776150977008,0.5729474746544402,0.7769435631123368,0.8049728520302475
symmetric,51,0.5794889335399103,0.18689545194590082,0.5510967865081147,0.11737123088038269,0.6066776150977008,0.5728800896339642,0.7778304464675673,0.8059570024856801
asymmetric,51,0.5790388071052289,0.18668281027317915,0.550958757601687,0.11737386542527865,0.6066776150977008,0.5728576058929379,0.7783080493087482,0.8065195966862846
none,52,0.5961504534928109,0.19552986409804513,0.5540222066109716,0.11510036306320061,0.5998092163193425,0.5590383376545883,0.763529872477318,0.794958070687106
static,52,0.5711941650583999,0.1863128063077955,0.5506641369822896,0.11944107678288073,0.5998092163193425,0.5613471859792912,0.783877056054862,0.8124255004693685
symmetric,52,0.5699021500797502,0.1858594820494311,0.5504726960110677,0.11971753229965257,0.5998092163193425,0.561442824278078,0.7848860480686791,0.813449604572068
asymmetric,52,0.5697648703518315,0.18579161316398735,0.5503926582634332,0.11967154289971746,0.5998092163193425,0.561353482768869,0.7851271411829804,0.8137952416240992
none,53,0.5998114040666077,0.19419290148395732,0.5521185320539582,0.10948335634431156,0.5972326580376256,0.5614106568502588,0.7637783687677044,0.7878885788897387
static,53,0.5736470007564333,0.1848117326450729,0.5486932413665285,0.1145473926522519,0.5972326580376256,0.5631103625660895,0.78498241856911,0.8075929828672667
symmetric,53,0.5723033929333592,0.18426116043552968,0.5486290327436539,0.11488197005368192,0.5972326580376256,0.5629179967333866,0.7862564202726294,0.8087652458951927
asymmetric,53,0.5717247118688554,0.18403876563966243,0.5484118194980716,0.11495663072439465,0.5972326580376256,0.5629746641121416,0.7867261961862242,0.8093769719772708
none,54,0.6016106193780127,0.19452586180587195,0.5503671286916165,0.10715242247717598,0.5980659352821549,0.5645422143567319,0.7634616321225658,0.791542616525302
static,54,0.5797240276877751,0.18646962979996476,0.5465947009887491,0.11134201918865928,0.5980659352821549,0.5669111999288351,0.7815746376685414,0.8069225410381272
symmetric,54,0.5785049919901524,0.18603451318875605,0.546377183696602,0.11157538328819033,0.5980659352821549,0.5669463495475402,0.7826028764471615,0.8079556811251409
asymmetric,54,0.5783437644878939,0.18597451903365775,0.5461954560988806,0.11152961557490373,0.5980659352821549,0.5670672739042891,0.7827893463809976,0.8084146705478664
none,55,0.5871619350696363,0.19148930069504336,0.552486651084881,0.11428023509711249,0.6011894719082166,0.5629300976974606,0.7705347493247637,0.8032814137468387
static,55,0.5662609981099008,0.18372660498992482,0.5507113071224213,0.11787268437151271,0.6011894719082166,0.5634986815196648,0.7884580787247052,0.8183216590910125
symmetric,55,0.5652815539746404,0.18332425530726337,0.5507245944665231,0.11808944111300887,0.6011894719082166,0.5633179760628353,0.7894547304089631,0.8193110841521808
asymmetric,55,0.5648510809054285,0.18314509953546904,0.5505536420183136,0.11814431777640906,0.6011894719082166,0.563373635358199,0.7898823060670032,0.8198178443433555
none,56,0.5933202334693427,0.1930838324551569,0.5476430106931814,0.1128512035829501,0.5919541887837526,0.5570848135378093,0.7683891916001084,0.7916259221876147
static,56,0.5693608089222704,0.1840507189577675,0.5441768134808668,0.11669557671220067,0.5919541887837526,0.5596795137740496,0.7882813926637299,0.8091986800791706
symmetric,56,0.5679703965465255,0.1835874037850892,0.5440080956774729,0.11698243666689136,0.5919541887837526,0.5596369636963564,0.7893627515028135,0.8104331738254558
asymmetric,56,0.5676429216635824,0.1834615104492393,0.5438407418278686,0.1170011542424974,0.5919541887837526,0.5596536081834192,0.7896445994376284,0.8108667065146917
none,57,0.5956423537263607,0.19318364824221,0.5571119591457522,0.10463518126192779,0.6082454510682477,0.5700513834126372,0.7645634190926991,0.8014226544434704
static,57,0.572951195580213,0.18463742946727876,0.5535368781289515,0.1096664058488274,0.6082454510682477,0.571577057320893,0.7839492352510895,0.8170326530165444
symmetric,57,0.5715283993858083,0.1840659385876502,0.5533167499604003,0.11005350190109102,0.6082454510682477,0.5715649114689698,0.7852068044335937,0.8180211133829951
asymmetric,57,0.5710533291651547,0.18384518631122165,0.5530949395387544,0.11009071406272203,0.6082454510682477,0.5716649289519673,0.7857153928455225,0.8185374538094018
none,58,0.6003943868502157,0.19352029621950395,0.5474396440808567,0.10582139367340236,0.5959247648902821,0.565493856717938,0.7652656393437522,0.7905093249570214
static,58,0.5767193942456298,0.1847516246560667,0.5443659208609875,0.11064227769516405,0.5959247648902821,0.5669260012237749,0.7850411052477303,0.8073677089953708
symmetric,58,0.5752985770472178,0.18425452506404044,0.5442898787285255,0.11099343689188175,0.5959247648902821,0.5667281074089819,0.7862378050216001,0.8085889363801232
asymmetric,58,0.5749833479205276,0.18410337430001408,0.5441408995425001,0.11098812863321643,0.5959247648902821,0.566755674294234,0.7865646463797719,0.8089806494962265
none,59,0.6218319946034038,0.1972073267028808,0.5600945898461036,0.08790204740902582,0.6039494273884204,0.5639706667183392,0.7584693070440438,0.789775381509042
static,59,0.5995549263662899,0.1893172051027669,0.5563807930159042,0.09331953114041393,0.6039494273884204,0.5660203561884667,0.7766851747065215,0.8052900048318081
symmetric,59,0.5980138918232057,0.18877167983278273,0.5561536224147521,0.09375658202378642,0.6039494273884204,0.5660078539954722,0.7780122313886328,0.8065502793591054
asymmetric,59,0.5977701277297321,0.18864573413779664,0.5560904952661182,0.09376967353917762,0.6039494273884204,0.5659021140079825,0.7783251385076528,0.8068496478837206
none,60,0.6110734714058249,0.19654554854286058,0.5545703507517641,0.09990489390300461,0.5988959801999472,0.5640921306473581,0.7585681965983777,0.7870532381392622
static,60,0.5866780718426499,0.18705224458893063,0.5506815299395049,0.10532182826857961,0.5988959801999472,0.5660491740646222,0.7797655082553437,0.8036256167827734
symmetric,60,0.5848463417781531,0.18636795246176335,0.5505187104044025,0.10581770785766277,0.5988959801999472,0.5659009117473512,0.7813294456017403,0.8051568683002284
asymmetric,60,0.5842537346512657,0.1860911567656051,0.5504275476765169,0.10589542828166877,0.5988959801999472,0.5657854341648448,0.7819658071976396,0.8058485975081785
none,61,0.5983713746120967,0.19267272723121665,0.552070234895679,0.1083948638304302,0.5990375526338403,0.562136251279428,0.7682244895775733,0.7951447736541595
static,61,0.5771541063973876,0.1845681647428525,0.5486091748340276,0.11242595262877916,0.5990375526338403,0.5647627645125767,0.7857322104344995,0.8091102354319342
symmetric,61,0.5761737638755345,0.1842029226649739,0.5484585088740681,0.11269782379245395,0.5990375526338403,0.5647878579074905,0.7865782823849794,0.8099109176704604
asymmetric,61,0.5756871401996079,0.18400773477357574,0.5483089933473806,0.11275044940764585,0.5990375526338403,0.5647800770951507,0.7870357084982809,0.8104270136025782
none,62,0.5892903865797597,0.19153761196380406,0.5607383311940982,0.11279230788757492,0.6114909669623648,0.5677080372476954,0.7663111096787408,0.8031476604508108
static,62,0.5690201223208537,0.18382919988694849,0.5561779712867303,0.11641148060008964,0.6114909669623648,0.5711631364390101,0.7841440554167177,0.8181645849292486
symmetric,62,0.5678029516179807,0.18335716579643835,0.5559763118238198,0.11667933160220281,0.6114909669623648,0.5711617157299188,0.7853042214485665,0.8193035261808287
asymmetric,62,0.5677345970469377,0.18329514208918596,0.5558393589451281,0.11663264290842923,0.6114909669623648,0.5712233137380929,0.7855227105292379,0.8196332656390615
none,63,0.593508238119572,0.1945442183991347,0.5572236015239984,0.11762084718101531,0.6062793458902261,0.5661354811907797,0.7618315722651859,0.7968991207329063
static,63,0.5719944472128229,0.18636107781410072,0.5538160067202573,0.12096618387219903,0.6062793458902261,0.5681614672396159,0.7803772708224084,0.81276398804235
symmetric,63,0.5706328251164754,0.18588265066136433,0.5536611749457042,0.12126496922813612,0.6062793458902261,0.5681317915562922,0.7815562321805528,0.8140369908443139
asymmetric,63,0.5701848028276582,0.1856742016156613,0.5534793258263357,0.1213445551645984,0.6062793458902261,0.5681754785690145,0.7820132570092649,0.8145872363685382
none,64,0.5971160756163323,0.19309096282808846,0.5505948898990505,0.11033826083014432,0.598134080070977,0.5644201118039577,0.7654156782330781,0.7916660914323159
static,64,0.5741802920720059,0.18462355425212312,0.5474097254756007,0.11484303231572657,0.598134080070977,0.5659007697361581,0.7847447348733491,0.8084812125673557
symmetric,64,0.5723556383149113,0.1840227503111582,0.5471759270900697,0.1152229991924468,0.598134080070977,0.5658540418913913,0.7861075633287201,0.809812794658562
asymmetric,64,0.571820175276491,0.1838105409782214,0.5470334289049907,0.11530098447190516,0.598134080070977,0.5658426427728819,0.7866269477496417,0.8104280827949851
none,65,0.5959461911928301,0.19395053024135733,0.5561629674765171,0.10992804453694278,0.6026635466770667,0.563075983211653,0.7632629433007156,0.7954477509052043
static,65,0.5723687112732785,0.18523258896091882,0.5529476700593168,0.11458871035591944,0.6026635466770667,0.5646626281684112,0.7837140681363722,0.8136952892323482
symmetric,65,0.5711174687018666,0.18475337701655103,0.5527787515917418,0.11494814449247806,0.6026635466770667,0.5647392355718446,0.7847896640978564,0.8146775286165848
asymmetric,65,0.5707147787304309,0.18459413452962417,0.5526165539853697,0.11497945646583985,0.6026635466770667,0.5647738546843913,0.7851415785959172,0.8150328521348519
none,66,0.5964969259062839,0.19428380072981274,0.5532114872167947,0.11015665929561175,0.5950225937334618,0.5558163748487824,0.7651922695837385,0.791982814971494
static,66,0.5732120835010814,0.18529196044844462,0.5503271629688287,0.11452813683375156,0.5950225937334618,0.5575239833107398,0.7855957603023906,0.8094337256799979
symmetric,66,0.5718170274884365,0.1847856805246139,0.5501414404422649,0.11476937449752819,0.5950225937334618,0.557535603996465,0.7868174987177196,0.8107653180360448
asymmetric,66,0.571353889903986,0.18462026193887468,0.5500621237678471,0.11481176460159796,0.5950225937334618,0.5574039142055202,0.787294781992529,0.8114803679587077
none,67,0.5853139553063367,0.19117414201962948,0.5466752128728501,0.11757289546928054,0.5978060853315835,0.5649258914553753,0.7703372267507391,0.8019462326432011
static,67,0.563453147289048,0.18297214569586903,0.5431248994285822,0.12101869291984335,0.5978060853315835,0.5672674596542238,0.7890293663470747,0.8176440468083122
symmetric,67,0.5617089424948127,0.18238183379681988,0.5428757953370346,0.12142994135654932,0.5978060853315835,0.5672964825820905,0.790407097752171,0.8190140707957785
asymmetric,67,0.5613038282370383,0.1821980644963227,0.5427274667958641,0.12144186680964063,0.5978060853315835,0.5672529950515707,0.7908683264397479,0.8195275395357627
none,68,0.6050622120704934,0.19810886124182897,0.5635196600309668,0.10928175532854874,0.6111609298475547,0.5670263565047478,0.7537278001562555,0.795109472396957
static,68,0.583528317682132,0.1900401412496403,0.559381033328901,0.11392820031663434,0.6111609298475547,0.5696593222882407,0.7725573406279296,0.8112725352307645
symmetric,68,0.5821669448246596,0.1895398855127137,0.5592032467809359,0.11427384809771449,0.6111609298475547,0.5696218471468888,0.7738014561160921,0.8125303151713581
asymmetric,68,0.5815106211616929,0.18928399240255908,0.5589647259604252,0.11434079831707052,0.6111609298475547,0.5697404784826734,0.7743417319700415,0.8130941655057511
none,69,0.6130639383751988,0.19864238258861952,0.5565803264567082,0.10376278779981062,0.596528863853404,0.5526866842802174,0.7585062173737835,0.7868651538141762
static,69,0.5888707137050805,0.1894455961016496,0.5528445918570177,0.10871902995769453,0.596528863853404,0.5555679759875194,0.7789865706551056,0.8033020022878661
symmetric,69,0.587498419629744,0.18893379231985621,0.5527011627726119,0.10903176989533152,0.596528863853404,0.555539508051889,0.7801613626028273,0.8043806607549654
asymmetric,69,0.5871324043343474,0.18875924518595527,0.5525865705058686,0.10903165616021834,0.596528863853404,0.555490951767968,0.7805692392554022,0.8048863734031511
none,70,0.5951010378438671,0.1916023092517618,0.5615203641274026,0.10756986685875851,0.6064370494429476,0.5607114086003004,0.7698245454013171,0.8028908628963847
static,70,0.5713757226692723,0.18312349388159588,0.5572258355755293,0.11228252747022167,0.6064370494429476,0.5637498072099483,0.78869975556808,0.8193926816328391
symmetric,70,0.5702305317651895,0.18268031641689322,0.5570080818548394,0.11261869913695041,0.6064370494429476,0.5638056278566043,0.7897050826648468,0.8203963660717809
asymmetric,70,0.5696128224470999,0.18245908340950628,0.5568772329638915,0.11270769247417416,0.6064370494429476,0.5637553571709506,0.7902564960477466,0.8210866343073553
none,71,0.6029039643840751,0.1964283246799738,0.5590532088569329,0.10763716148627583,0.6077922463144781,0.5678373174238336,0.7588016201763123,0.7966506524450128
static,71,0.5842348806212394,0.1892730286563828,0.5552519298166445,0.11054164298438224,0.6077922463144781,0.5710693509826913,0.7745566305141227,0.8086066057625574
symmetric,71,0.58344038295849,0.1889719610001147,0.5552218032085177,0.11062618485756505,0.6077922463144781,0.5708683877403185,0.7753914256452855,0.8095192042715535
asymmetric,71,0.5830601697345751,0.18880372233014234,0.5550848400262205,0.1106467831974837,0.6077922463144781,0.5708996325648318,0.7758103138785605,0.8100211612540925
none,72,0.5968950368745849,0.1961566475677028,0.5486898134534092,0.1178443516790472,0.598284648157946,0.5648637254691202,0.7584729201964195,0.7895116800562254
static,72,0.5717599845530003,0.18667510264807824,0.5443428224028249,0.12250625901562924,0.598284648157946,0.5675937047979956,0.7797095267088318,0.8078891635383418
symmetric,72,0.5703115614598854,0.18613166297150247,0.5441901357841323,0.12286543706533146,0.598284648157946,0.5675138984683794,0.7809869381947839,0.8092006879706434
asymmetric,72,0.56974643566069,0.18588187934612846,0.5440451198736969,0.12293329053713348,0.598284648157946,0.5674362166343275,0.7815531051054904,0.8097321907251458
none,73,0.6062465671062596,0.1971513658356096,0.5585204222441729,0.10616881052375605,0.6023164437386197,0.5590194560362375,0.7602392913568425,0.7933643368445374
static,73,0.5868843544331156,0.18961355419042705,0.5568488034560247,0.10963364688962199,0.6023164437386197,0.5595481331905973,0.7775006104227625,0.8073352685876714
symmetric,73,0.5853315930543517,0.18908881784791493,0.5566492435137831,0.11002067063970487,0.6023164437386197,0.5595654979915965,0.7787004491415723,0.8084327953790805
asymmetric,73,0.5852572104473199,0.1890431290877654,0.5566102178847245,0.10997502566472005,0.6023164437386197,0.559485362401933,0.7788644714045614,0.8087633496938685
none,74,0.588157934361209,0.19251442544757907,0.5522395668448699,0.11681500558562674,0.6060983287545788,0.5709294326485292,0.7640827158225245,0.7991788074102765
static,74,0.5668860235957082,0.18413144063179418,0.5484743089516765,0.11987016474109445,0.6060983287545788,0.5735829076870635,0.7831091000665551,0.8149371582783234
symmetric,74,0.5655109943153311,0.18362841463955018,0.5483276456032692,0.12019328093066146,0.6060983287545788,0.5734781343955254,0.7843437547919041,0.816176418147827
asymmetric,74,0.5651046636655047,0.1834546145820426,0.5482129049402672,0.12021962845098255,0.6060983287545788,0.573404314787105,0.7847980370885758,0.816638242966706
none,75,0.6064921587832,0.19593625340648343,0.5467766039670556,0.10349389449130435,0.5939509341281011,0.5650653387310893,0.7605268380261846,0.7858882359300746
static,75,0.5804978470662168,0.1865001324548118,0.5424056421023835,0.10933009470254478,0.5939509341281011,0.5678021432282304,0.7819988079677636,0.8053807812622675
symmetric,75,0.5791485027019847,0.18597949239483594,0.5422509589370162,0.10967662935154839,0.5939509341281011,0.5677868821817882,0.7831898826415491,0.8066065452512376
asymmetric,75,0.5786661680782393,0.18576929490463773,0.5421797567708166,0.10972419088553388,0.5939509341281011,0.5676194106226008,0.7837138392011085,0.8071112860526646
none,76,0.6120005391024247,0.19731324083221274,0.5578277854948742,0.09764956696355563,0.6041666666666666,0.5664175423907821,0.7578620286800699,0.7914663576798023
static,76,0.588912180355335,0.18873754703873433,0.5533130512853179,0.10263073435737917,0.6041666666666666,0.5695292457459106,0.7768090893021995,0.8065887465656219
symmetric,76,0.5876951993254895,0.1882962543269343,0.5532148849719155,0.10290694559370887,0.6041666666666666,0.5693733748347118,0.7778689084797966,0.8077013073461492
asymmetric,76,0.5872413335504674,0.1880895466084838,0.5530848216949593,0.10297072027797503,0.6041666666666666,0.569322898696145,0.7783562381202423,0.808194020208095
none,77,0.5954522100843248,0.19439436682817823,0.559396304295829,0.1135093784330778,0.6004172383859315,0.5514796995667793,0.7674459661728888,0.7982856770327605
static,77,0.5701696710818687,0.18474720329558428,0.5555395284218781,0.11809955855947502,0.6004172383859315,0.55457563700214,0.7883230817022794,0.8159134050631451
symmetric,77,0.568620298392132,0.1842010363206333,0.5554998154777631,0.11843027673818607,0.6004172383859315,0.554385483310395,0.7896309967060614,0.8172345685497643
asymmetric,77,0.5683200553436567,0.18406144048706197,0.5553887300995834,0.11841343523929355,0.6004172383859315,0.554335526846277,0.789984083488989,0.8176428600047752
none,78,0.6031145138181541,0.19327489122135977,0.5581142681630975,0.10021181142375321,0.6025555476680627,0.5611825765149645,0.7670595592776963,0.7974642467326991
static,78,0.581022157332959,0.18505047005031586,0.5550637656885749,0.10463771543278357,0.6025555476680627,0.5629882998020805,0.7857612239450334,0.8137569679392107
symmetric,78,0.5794667213012731,0.18450517803447752,0.5549053843366163,0.10500130050201328,0.6025555476680627,0.5628913929119744,0.7870433193248887,0.814943152653698
asymmetric,78,0.5789136763265226,0.1842936423250177,0.5546569418876941,0.10506871438022967,0.6025555476680627,0.5630443413213643,0.7874774762859249,0.8154871873760526
none,79,0.6143941869265507,0.20240219445719235,0.5544454085729226,0.11493664856429149,0.5953447829699141,0.556326405170738,0.7489990157532941,0.7789313175807686
static,79,0.5913543440596672,0.19357582312688598,0.5507563203354816,0.11884805876729197,0.5953447829699141,0.5591477035300149,0.7691427864045897,0.7967959303083496
symmetric,79,0.5899074365446879,0.19303125078430217,0.550784724504422,0.11917336383838636,0.5953447829699141,0.5588752477514102,0.7704704208435355,0.7981286300040893
asymmetric,79,0.5895614843658016,0.19286851319279885,0.5506290586245195,0.11917679960633101,0.5953447829699141,0.5588912956024407,0.7708515778623483,0.7986748347749196
none,80,0.6038050856317974,0.19241989552369593,0.5480434199292689,0.10276424773208011,0.600388280002203,0.5722834493709266,0.7645052198596527,0.7861293188434861
static,80,0.5762057762970973,0.1825219497940701,0.5440955342597728,0.10875841893647378,0.600388280002203,0.5733303019100905,0.7864442627602922,0.8052001030430991
symmetric,80,0.5744513307060873,0.1818907590072008,0.5438648477710456,0.10924878725264058,0.600388280002203,0.5733000104965433,0.7878128581168734,0.8063930256564975
asymmetric,80,0.5740048693232336,0.18172486647433728,0.5437168268196233,0.109284977606099,0.600388280002203,0.5732876669335019,0.788211566055166,0.8068732115022075
none,81,0.6138074918248866,0.20163290435721243,0.547180606812145,0.10752058909960613,0.5906596406924043,0.5585531067067473,0.7516068116415047,0.782800163755077
static,81,0.5914717879820042,0.19311364506336615,0.5436537273646818,0.11208616398640403,0.5906596406924043,0.5605904790053056,0.7709481727558798,0.7986944697370439
symmetric,81,0.5905323618792601,0.19279000792444426,0.5435882141840215,0.11231846274584192,0.5906596406924043,0.5604643352816189,0.7718382681144195,0.7997418585350305
asymmetric,81,0.5900488821532459,0.1925815665472509,0.543498496579269,0.11238173636090584,0.5906596406924043,0.5603606482760173,0.7723356755457258,0.8001722472235964
none,82,0.6044307029433139,0.19667231427397153,0.5483044024903923,0.10968606946671157,0.5939916969972703,0.5596526448660647,0.7599128100991654,0.7854565015631898
static,82,0.5813138416523495,0.1882471236631191,0.5457069860812552,0.11440151425561358,0.5939916969972703,0.5607138748931916,0.7792617794305949,0.8025611923236644
symmetric,82,0.5798344948310299,0.18770023649279133,0.5455871450481489,0.11475178085585187,0.5939916969972703,0.5606207350113219,0.7805431002811043,0.803785096165364
asymmetric,82,0.5793715236119621,0.18751179272062088,0.5454220771635125,0.1148075189604911,0.5939916969972703,0.5606489347951151,0.7809712507463532,0.8042727808115877
none,83,0.6052055412189705,0.19624158080381635,0.5562866595796065,0.1057651165293229,0.5996115143637453,0.5578149504956392,0.7605200710543139,0.7893768289625704
static,83,0.5783068128951168,0.18635946318185112,0.5524161753783324,0.11129572036481022,0.5996115143637453,0.5605299593493065,0.7828305376222034,0.8091632523794235
symmetric,83,0.5769014012051682,0.18584989727549456,0.5522988803284115,0.11171554715440554,0.5996115143637453,0.5604704952709945,0.7840065100070523,0.8102278884485827
asymmetric,83,0.576486231285263,0.18568205414949188,0.5521883779936626,0.1117591641639059,0.5996115143637453,0.5603960193032634,0.7844584000977157,0.8107214081971139
none,84,0.6054978337088643,0.19752732318778254,0.5581505954245084,0.11207429899270215,0.6003520143040733,0.559111232558111,0.7567278831309594,0.786403805963352
static,84,0.5836115257398586,0.1891114479124686,0.5547505214983381,0.11631818686637084,0.6003520143040733,0.5615334628302034,0.7757607921752933,0.8026547800906941
symmetric,84,0.5823592242156125,0.1886815069969576,0.5547607754767958,0.1165612310373655,0.6003520143040733,0.561239853071918,0.7769353752256688,0.8041273930638311
asymmetric,84,0.5822883125962326,0.18861564555524418,0.5547239607514947,0.11645969790174804,0.6003520143040733,0.5611069873228349,0.7772115819919343,0.8045598034599919
none,85,0.6091175576570843,0.1978682416165891,0.5564408339485701,0.1062407022135047,0.6026043125175021,0.5621547614368527,0.7570954702880525,0.7897431013686143
static,85,0.585943989751432,0.18937587279596663,0.5536813222392853,0.11113038976709032,0.6026043125175021,0.5632001908232209,0.7766351164271914,0.8057152937321316
symmetric,85,0.5846568493279477,0.18894060074446656,0.5536276082432623,0.11145974915556056,0.6026043125175021,0.5630395862676771,0.7777271754269961,0.8067871822126343
asymmetric,85,0.5838635820090278,0.18863407926676326,0.5534368034732898,0.1115480204493112,0.6026043125175021,0.5630207062009434,0.7784433987307502,0.8075602174984238
none,86,0.6119351358432621,0.2008994978670497,0.5582387970507455,0.10839408735886893,0.6019338587795563,0.5593449989344988,0.7511578750674839,0.786550670116795
static,86,0.5869902288037029,0.19163696764523044,0.5544961880478505,0.11342037466121162,0.6019338587795563,0.5617052918850077,0.7727188461481562,0.8058787990895073
symmetric,86,0.5853283865255089,0.19105989691896452,0.5542906148714943,0.11380488132579526,0.6019338587795563,0.561671209580439,0.7741170648173008,0.8071976793272562
asymmetric,86,0.5850431200000429,0.190939463262873,0.5541933955183606,0.11381230211530857,0.6019338587795563,0.5615955222316403,0.774427670709797,0.8076414610511845
none,87,0.6080277709165537,0.19809236878559144,0.5522412154157599,0.10619235116554171,0.5961297762526896,0.5577257121186279,0.7592174355915333,0.7909126704766148
static,87,0.5853815591289625,0.18950805216799915,0.5486084856918224,0.11009170426107201,0.5961297762526896,0.5603137422046458,0.7789025116270661,0.8076506153792349
symmetric,87,0.5842348258257376,0.18907614262840344,0.5484224854642918,0.11032740388296802,0.5961297762526896,0.5603467873810806,0.7799374567876076,0.8087315459955794
asymmetric,87,0.5839947172390914,0.18893956507273,0.5483003551733441,0.1103280233608553,0.5961297762526896,0.5603649499010723,0.7802480281511011,0.8090250710934275
none,88,0.5972249231966472,0.19399325035661383,0.5528582983125376,0.11042907803938858,0.598861128905972,0.5615652599243224,0.7638295169444864,0.790319520880429
static,88,0.5729664308442547,0.18478921026410375,0.5491519283603606,0.1150095990157163,0.598861128905972,0.5637299825881171,0.7843140748658147,0.8080255471838879
symmetric,88,0.5717378224979476,0.18430610677454112,0.5490392788047012,0.1153288308004198,0.598861128905972,0.5636617617120054,0.785460961463408,0.8090644491800251
asymmetric,88,0.5714439755350194,0.18416440725386682,0.5489293174946979,0.11531443911067124,0.598861128905972,0.5636134042896601,0.7858494472186257,0.8095607024893285
none,89,0.5952617671275189,0.1936178746442273,0.5558181531060512,0.11196388040250081,0.6027278279161294,0.5623445708038072,0.7643842134536506,0.7939704069349439
static,89,0.5723108903343629,0.1852495167695127,0.5524620303969293,0.11647652361906305,0.6027278279161294,0.5645140272823937,0.7833507729764445,0.8107748103688219
symmetric,89,0.5709615460916176,0.18470446120874626,0.5522845192522682,0.11679119759561728,0.6027278279161294,0.5644630971962357,0.7846178977178807,0.8119555772121743
asymmetric,89,0.5704030448286848,0.18448907176362556,0.552118706531835,0.11686925675769884,0.6027278279161294,0.5644696197380293,0.7850738615283168,0.8124350756933967
none,90,0.6000829756611976,0.1958833928721073,0.5547056902104818,0.11230464527883229,0.6018879986941795,0.5644630513630461,0.7594977133037242,0.7914435656412847
static,90,0.5765906322281302,0.1869481625797534,0.5517503379936607,0.11661477887932427,0.6018879986941795,0.5656456218312389,0.7804996148298923,0.8095339323277604
symmetric,90,0.5751838916481031,0.18639534856397613,0.5516502304475357,0.11700957385058137,0.6018879986941795,0.5654985838944665,0.7817844276170017,0.8107342601649723
asymmetric,90,0.5748440500138511,0.18626468198451893,0.5514345891089467,0.11699736285445146,0.6018879986941795,0.5656173678944355,0.782098912501551,0.8111468818165393
none,91,0.599017330823007,0.19597157961478084,0.5521468036598941,0.11107536794872498,0.5988764044943821,0.5614858373885327,0.7610989869985408,0.7919527081794526
static,91,0.5749173896388928,0.18674577587271216,0.5494716869482634,0.11581268772031053,0.5988764044943821,0.5623630312788724,0.7820615160754067,0.8093311200672412
symmetric,91,0.5735032471680843,0.18619932732357156,0.5493078996435765,0.11612695318974484,0.5988764044943821,0.5623463502986604,0.7833451397678253,0.8105718900957175
asymmetric,91,0.5734559917289686,0.18616234909141208,0.5492284610620219,0.116051044250199,0.5988764044943821,0.5622595618898727,0.7835464400145878,0.8109830717366753
none,92,0.6091373801339395,0.19671306169415592,0.5515037604470504,0.1084308495103009,0.5989604666600754,0.564904209804115,0.757762486646527,0.7830027628072581
static,92,0.5849635526157433,0.18802575938412328,0.5471828269379334,0.11343613210026987,0.5989604666600754,0.5678103687561433,0.7774977594591514,0.8004298696311788
symmetric,92,0.5840666480963196,0.18773982102229964,0.5471441369441229,0.11364487881218013,0.5989604666600754,0.5676699414011708,0.7782658498608307,0.8013160445701559
asymmetric,92,0.5834034880535173,0.1874857199559183,0.5469217047719281,0.11370753352924395,0.5989604666600754,0.5677359311455705,0.7788629866415615,0.8020133591936336
none,93,0.6101036607078921,0.1994278039251889,0.5585298210698367,0.1037279357786208,0.5960967510447593,0.5516253908941463,0.7569821074908378,0.7908110405121509
static,93,0.5885402756894852,0.1909378512727466,0.5549696125319354,0.10830027207606709,0.5960967510447593,0.5542116608375387,0.776327214390372,0.806866678109702
symmetric,93,0.5873297162935586,0.19047580965008318,0.5549087012661598,0.10863952071959211,0.5960967510447593,0.5540907701683271,0.7774190893856744,0.8078509684296155
asymmetric,93,0.5869814275828159,0.19030754889860058,0.5548229815070636,0.10865269943602708,0.5960967510447593,0.553980318262585,0.777871056084451,0.808412980031253
none,94,0.6066698272760006,0.19763265806490748,0.5533253083163854,0.10647476966180436,0.5995896662898296,0.5629193389713284,0.7576202918240973,0.7893188468338027
static,94,0.5839982205490049,0.18912718510766524,0.549242936379195,0.11129713336605453,0.5995896662898296,0.5653271042675581,0.776931728775938,0.8055287323260246
symmetric,94,0.5826868931026516,0.18865578175180894,0.5490395861465796,0.11166003714660058,0.5995896662898296,0.5653417322318885,0.77806734690844,0.8067335348253065
asymmetric,94,0.5821300400169841,0.18843048105999258,0.5488546914217496,0.11173276682938406,0.5995896662898296,0.5653679309420451,0.7785667020944382,0.8072373942109865
none,95,0.604654439995533,0.1962429389650932,0.5560490803421236,0.10832754128815562,0.602180066753982,0.5623054131651735,0.7597649775590181,0.789961425425883
static,95,0.579603582806202,0.18692646771371377,0.5515154806023441,0.11323311723502898,0.602180066753982,0.5652596622515241,0.7802290173554364,0.80775292574314
symmetric,95,0.5786347264141662,0.18658901990314233,0.5514045150530033,0.11342766446638605,0.602180066753982,0.5652643419064626,0.7810879813384943,0.8086884099962444
asymmetric,95,0.5782656922932825,0.18646378860212928,0.5513204437781205,0.1134602181268376,0.602180066753982,0.5651649679167264,0.781440867707507,0.8091418231353084
none,96,0.601684870553462,0.19772144953355852,0.5562410180337592,0.11210614033370808,0.6006966261439693,0.5598393817068723,0.757096651937412,0.7907966303435066
static,96,0.57674242473188,0.1884018954848118,0.5525398672531147,0.1176047422355737,0.6006966261439693,0.5618970815354767,0.7783398438245802,0.8089071061440005
symmetric,96,0.575429024121549,0.18800450287787476,0.5524835492934981,0.11792264949018853,0.6006966261439693,0.5616933833438802,0.779435054074569,0.8101677128038127
asymmetric,96,0.5754147223296225,0.187962814458652,0.5523868084833515,0.11784995479446947,0.6006966261439693,0.5616897714357787,0.779563429629639,0.8104198495170927
none,97,0.6019495901423847,0.1925696791847906,0.5619758915996526,0.09637773189517466,0.609813689636306,0.5715481160581928,0.7653367661810915,0.8012585902469704
static,97,0.5802335640724163,0.18449905597031083,0.5584365548750507,0.10103932357731639,0.609813689636306,0.5729982229184142,0.7840089706039433,0.8175229408853351
symmetric,97,0.5792263361303673,0.18412595289861064,0.5582359146552117,0.10128325956768547,0.609813689636306,0.5730599742733972,0.7848746847646972,0.8182458721732306
asymmetric,97,0.5789087518399141,0.18397841503810444,0.5581490060166266,0.10129723943844593,0.609813689636306,0.5730196113775483,0.7852196362167617,0.8187300296408627
none,98,0.609669612593869,0.19935939661578317,0.555234013543193,0.10961161960845862,0.5983294939016635,0.5588742902592022,0.7543597281087039,0.7839834377663338
static,98,0.5895440077097103,0.19164068289970956,0.5521644215672349,0.11283237691933935,0.5983294939016635,0.5611191168289613,0.7723763240777508,0.7998610904127306
symmetric,98,0.5879838940799175,0.19108358019712546,0.5520877594756781,0.11316792238678948,0.5983294939016635,0.5609452033546174,0.7737180052580008,0.8012658748550044
asymmetric,98,0.5881088859835584,0.19111707656674215,0.552061067276406,0.11304204445601677,0.5983294939016635,0.560888326935446,0.7737500323462289,0.8015676298887726
none,99,0.6135782959331764,0.1980819636219258,0.5520419487289048,0.10025851742676482,0.5958848671598768,0.5605039048598243,0.7579368071271999,0.786588597486776
static,99,0.5881702415947955,0.18870533474445955,0.547653774759668,0.10608400894949177,0.5958848671598768,0.5634655591516441,0.7787249237196274,0.8043792469695428
symmetric,99,0.586827715287095,0.18823423884048393,0.5474960778596056,0.10641243136099025,0.5958848671598768,0.5634415447104454,0.7797984805697982,0.8053936018912566
asymmetric,99,0.5862735626573226,0.18796872592745845,0.5473310292938162,0.10649606136874067,0.5958848671598768,0.5634408480267503,0.780361340141496,0.8059044670867737
none,100,0.6010406538090292,0.19434836153654034,0.5531749803014729,0.10566514221547833,0.5975563192058038,0.5599051313091384,0.7646716908797433,0.791968368028927
static,100,0.5757258519215319,0.184615118126071,0.5496324212541424,0.11065666884627656,0.5975563192058038,0.5619451622588216,0.7859094548084568,0.8092623587384074
symmetric,100,0.5742102137488704,0.1840676548901314,0.5494957026654262,0.11098225963532417,0.5975563192058038,0.5619065043501386,0.7871420476458739,0.8104922468795009
asymmetric,100,0.5740010199492309,0.18395775800888342,0.549401641255491,0.11095271601225709,0.5975563192058038,0.5618607075778381,0.787441672727202,0.8108461341138837
none,101,0.6133374457054187,0.19935206606180939,0.5560868650919872,0.10331426356318033,0.5975153677513648,0.5556915029681484,0.7565555868879605,0.788167472020976
static,101,0.5901059281219352,0.19042787952353799,0.5529301719158736,0.10815868839643848,0.5975153677513648,0.5570832975516171,0.7768565013417015,0.8043798888978964
symmetric,101,0.5886561861661204,0.1898836213304794,0.5528598496699366,0.10850766359936087,0.5975153677513648,0.556915595599471,0.7781365419252763,0.805642721957216
asymmetric,101,0.588498387432793,0.18980516515967108,0.5527942950143201,0.10846260929036718,0.5975153677513648,0.5568364450973242,0.7783799537321974,0.8060767459805775
none,102,0.5881826965401613,0.19190302659931943,0.5566646571691555,0.11248618524181425,0.6091052732615662,0.5687464200892605,0.7672438246749761,0.8060990622095161
static,102,0.5658158241923856,0.18335416682091868,0.5529234693136916,0.11647477779602179,0.6091052732615662,0.570907178841921,0.786160921609136,0.8209199783861523
symmetric,102,0.5644741575058411,0.18283343686530826,0.5528462498954559,0.11683358203490507,0.6091052732615662,0.5706918325141053,0.7873799082285373,0.8218893212519831
asymmetric,102,0.5639314007862987,0.18260070959108327,0.5526936729369559,0.11692017678506224,0.6091052732615662,0.5706602872090091,0.7879392401557815,0.822390461808542
none,103,0.6035846617222693,0.1936966056018949,0.558656987799221,0.09561908604434932,0.602945789488693,0.5636414484184438,0.7650471777469809,0.7983320187751884
static,103,0.5828831377714104,0.18583299433436667,0.5553472158602648,0.09996861165549498,0.602945789488693,0.5655013399321226,0.7827954622765976,0.8126311014817529
symmetric,103,0.5815149079976458,0.18531275345585202,0.5552438639301535,0.10025454072219019,0.602945789488693,0.5653370132569248,0.783992065179112,0.8136870212654632
asymmetric,103,0.581168727707704,0.18514815712650276,0.5550820445899314,0.10028774905196898,0.602945789488693,0.5653901207172701,0.7844086294845741,0.8142504345620012
none,104,0.6003422529708332,0.19545153033198792,0.5416556327773614,0.11328341525631667,0.5893371555443138,0.564490869692953,0.7601685100119373,0.781920387905827
static,104,0.5782807213907563,0.18741157596030014,0.5387665283170856,0.11740245314636084,0.5893371555443138,0.5656565579711565,0.7787090740265181,0.7989003700488699
symmetric,104,0.5773107966665072,0.18702537864554447,0.5387185486594189,0.1175957500631179,0.5893371555443138,0.5655855845050852,0.779659540670592,0.7999218726471657
asymmetric,104,0.5769954457925638,0.18687866661524777,0.5385721859922623,0.11760203828492724,0.5893371555443138,0.5655756521105483,0.7800624484642671,0.8004207923467526
none,105,0.6017634066614438,0.19493547285959897,0.5537700989849141,0.10536845964208247,0.5996594746978535,0.5619218217266635,0.7631491305788198,0.7932377782483448
static,105,0.5781635723576667,0.1862187416581254,0.5507887460447104,0.1101517612282406,0.5996594746978535,0.5632105356493906,0.7828413153090402,0.8096304455569292
symmetric,105,0.5762635910395877,0.18550653576751147,0.5506336851554745,0.11067397073919188,0.5996594746978535,0.5630842059705778,0.7844309475630908,0.8112064017107972
asymmetric,105,0.5759203355719403,0.18536754121182314,0.5505899559907641,0.11070343470686447,0.5996594746978535,0.5629118841050388,0.7848220150647774,0.8116811299399911
none,106,0.5892723973932279,0.19193321285629955,0.5491385191716536,0.10871345452543944,0.5989795767023123,0.5675589676295703,0.7678092781491789,0.7991743185907014
static,106,0.565931630102987,0.18319182057224798,0.5456533663201802,0.11311341152352923,0.5989795767023123,0.5689655274658862,0.7881599435121108,0.8175917196487602
symmetric,106,0.5644600288309256,0.18265911715509633,0.5454979336718768,0.11345139741797085,0.5989795767023123,0.5688683198355303,0.7894113922890801,0.8188121922261502
asymmetric,106,0.5639266553509116,0.18244216779081412,0.5452558870307049,0.11351158254612753,0.5989795767023123,0.5689925237425005,0.7899173846028887,0.8194781610497546
none,107,0.6098289115678404,0.19952668359871953,0.5644779281060323,0.10530245694924899,0.6054073033707865,0.555638671313294,0.7555598103184427,0.7932518132408346
static,107,0.5886866879261887,0.19150192385876602,0.5620215444258387,0.10934292508890567,0.6054073033707865,0.5564579204091276,0.774854147379187,0.8095050443087406
symmetric,107,0.5872347464020905,0.19097384326990693,0.5618880065422044,0.10974788668168466,0.6054073033707865,0.5563250588126707,0.7761442637112937,0.8106862117461007
asymmetric,107,0.5867623508744669,0.19075141275405022,0.5616866569356523,0.10981775752373626,0.6054073033707865,0.5564269679658758,0.7765964017678348,0.811113766826743
none,108,0.6052445184438671,0.193920101661123,0.5537515030979265,0.10435557233425914,0.5984434189682485,0.5610082402966364,0.7647288014174682,0.7871855458849797
static,108,0.5789199047544313,0.18455012997725817,0.5505871080374637,0.11018729909569,0.5984434189682485,0.5623608920994119,0.7855137286348429,0.8047385418620361
symmetric,108,0.5776596267934752,0.18412717198429565,0.5504011434917925,0.11047720295335732,0.5984434189682485,0.5623648219011805,0.7865192488156947,0.8056949562288933
asymmetric,108,0.5772589443650572,0.18394408442850835,0.5502280202538933,0.11050374122548462,0.5984434189682485,0.5624162446770503,0.786885225449253,0.8061308060598561
none,109,0.6037870686943794,0.1973586295586706,0.5501444486825084,0.10746163018302003,0.5889969483501126,0.5520516367710673,0.761034734973834,0.7875723444217176
static,109,0.5814593902534766,0.18859585228893896,0.5477862288740952,0.11153399889544904,0.5889969483501126,0.5532931141613435,0.7808165072202509,0.8039169838052341
symmetric,109,0.580392290066646,0.18815837171559238,0.5477225046860918,0.11174872844329194,0.5889969483501126,0.5531562010147071,0.7818833879654818,0.8049461923453944
asymmetric,109,0.5801877150437857,0.18806586368599915,0.5476253343890988,0.11171093780137394,0.5889969483501126,0.5530975294784753,0.7821516178573911,0.8053648395717501
none,110,0.6118134233889033,0.19756478846837267,0.5517891603997446,0.102301255479785,0.5910889362786518,0.5527257377317851,0.7611550269355261,0.7861936823754081
static,110,0.584946680832152,0.18745795638112225,0.5485599798979954,0.10806474823601488,0.5910889362786518,0.5543710226953231,0.7833076997167467,0.804253465839815
symmetric,110,0.5832740542228402,0.18688947387806554,0.5484401614805378,0.10847890582951815,0.5910889362786518,0.5542461456349553,0.7845931915962447,0.805487665740863
asymmetric,110,0.5828783075998469,0.18669361303722995,0.5483016468791164,0.10853248684555253,0.5910889362786518,0.5542657974482207,0.784997856801536,0.8061117780858322
none,111,0.6122472955250561,0.19802550290544968,0.5561193998158035,0.10548294667083773,0.5955581130886323,0.5543990966394595,0.7581819013037204,0.7839274675151996
static,111,0.5907533782544853,0.18981857004262284,0.5540762118959104,0.10980570814052928,0.5955581130886323,0.5549337726346313,0.7774951957160146,0.800087034879263
symmetric,111,0.589069753568195,0.18916793798769885,0.553873493431836,0.11023235584049156,0.5955581130886323,0.5549139963748315,0.7789029083691421,0.8012857803861673
asymmetric,111,0.588760586163303,0.18902623161178364,0.5537697738154791,0.11023358075304945,0.5955581130886323,0.5548793466281288,0.7792122553680553,0.8016996573454256
none,112,0.5817957944252015,0.190179195294795,0.5518171894398847,0.1247383410425309,0.598930403357426,0.5603629211851724,0.7714105512703221,0.7980101892797116
static,112,0.5586365337412323,0.18136665789822995,0.5483352620283012,0.12758375688936718,0.598930403357426,0.5628577070702442,0.7909345482680381,0.8151003889756279
symmetric,112,0.5576175837654243,0.180984572705862,0.5482233613749247,0.12775357842226162,0.598930403357426,0.5628460160052838,0.7918025355292888,0.8160797139072533
asymmetric,112,0.5571500536796548,0.18079567640415764,0.5480649737290216,0.12777610077512147,0.598930403357426,0.5628272758590237,0.7923040830480134,0.8166649355273765
none,113,0.5841041922053486,0.1925150966666815,0.5554528639663299,0.11815525541304835,0.6045869064150835,0.5642390972744739,0.7675527671322433,0.8060650841853098
static,113,0.5603953478423815,0.1835709284880794,0.5525663143620657,0.12199164149291757,0.6045869064150835,0.5652625776556516,0.7878493490107707,0.8232499085949554
symmetric,113,0.5592828778186354,0.18316272501142694,0.552502666078205,0.12211884976423937,0.6045869064150835,0.5651454919899459,0.7889069927131408,0.8243893633409707
asymmetric,113,0.5589154648720356,0.18299832456900847,0.5523636826900935,0.12210277695059964,0.6045869064150835,0.5651530666166358,0.7893109894819896,0.8249617477167844
none,114,0.6090946704047259,0.1934340683421315,0.5521186687037871,0.09755941380464676,0.5955417722256195,0.560701893689968,0.7659798698754816,0.7865467031710609
static,114,0.5852874949597668,0.1850506506754433,0.549010334820788,0.1026589601249931,0.5955417722256195,0.5620344091526833,0.7850510981203598,0.8044190308663954
symmetric,114,0.5841142936467731,0.18462010834364811,0.5489057997635512,0.10298734563040503,0.5955417722256195,0.5619969403540391,0.7860376305631145,0.8054253780273921
asymmetric,114,0.5836381885674551,0.18442386574318048,0.5487616710803781,0.10305315856267962,0.5955417722256195,0.5619535740589734,0.7864892024109421,0.8058883921625575
none,115,0.6009671922610483,0.19669422596358035,0.5599629359135295,0.10519792281774541,0.6039029753315468,0.5582700355362897,0.7607348863486363,0.8000032592843207
static,115,0.5785975840853368,0.1881740261148692,0.5563432206179563,0.10991358232400444,0.6039029753315468,0.5604845828853212,0.7801690567460711,0.8157563760800972
symmetric,115,0.5775343195055558,0.18774545967221107,0.5562204536502531,0.11008725498242625,0.6039029753315468,0.5604151188662512,0.7812189829983842,0.8166995149781794
asymmetric,115,0.5772216203555026,0.18761272480043545,0.5560379359497247,0.11009716571829498,0.6039029753315468,0.560531908900421,0.7815489132815054,0.8171298741176296
none,116,0.6130088152579248,0.19627439501971744,0.5564893984190807,0.09827712553617723,0.6012485145254356,0.5632056041943695,0.7597984950984179,0.7867840263240085
static,116,0.5904152942996502,0.18806303316911846,0.553420397644474,0.10332697661888635,0.6012485145254356,0.5641918455959405,0.7781852233130587,0.8025584904102024
symmetric,116,0.5888482586406634,0.1874706960246973,0.5532196808071312,0.10369257066084259,0.6012485145254356,0.5641634515053924,0.7795077015699933,0.8038770260896868
asymmetric,116,0.5888573602629916,0.18741913749334427,0.5531846298029729,0.10361486647739326,0.6012485145254356,0.5640884580921882,0.7796908602489574,0.8042524104055855
none,117,0.592697647482547,0.191964705320512,0.5533849528455276,0.11062116675449105,0.6054975894077859,0.5710815507989604,0.7652248866023373,0.7978216233419912
static,117,0.5711895279395556,0.18405313291700773,0.5497751303186182,0.11444044230473821,0.6054975894077859,0.5726880743280923,0.7835726997181793,0.8137336018015809
symmetric,117,0.5699284798699377,0.18361877746121272,0.5495505618674192,0.11480902579994001,0.6054975894077859,0.5726794192647863,0.784648961347327,0.8147263328574856
asymmetric,117,0.5692337612353613,0.18330768553468943,0.5493382729132845,0.11490251416454485,0.6054975894077859,0.5726864936900313,0.7853206292486655,0.815341894274118
none,118,0.6086658296134537,0.19860699616579172,0.5520069204583312,0.10701653235746564,0.5979604323883336,0.5636209182699643,0.7558915082511402,0.7868622991476744
static,118,0.5854694204186623,0.19013963503362505,0.5491928611783121,0.1117212768435806,0.5979604323883336,0.5644713389306152,0.7755365417179405,0.8044605979315818
symmetric,118,0.5840625649120896,0.18964404771062526,0.5489528286612063,0.11207156181330467,0.5979604323883336,0.5645544981435614,0.7767297123388092,0.8057310885811098
asymmetric,118,0.5840024370626762,0.18955510626228853,0.5488896844065836,0.11201171382181223,0.5979604323883336,0.5644778516981734,0.7770085162088368,0.8061258953850117
none,119,0.6048662318282255,0.19712201562165527,0.5566103141597083,0.1044350563179366,0.597639914429646,0.555969915315818,0.7606604337225317,0.7939472362300168
static,119,0.5854626014496069,0.18980017360057394,0.5544508168431554,0.10839186308861498,0.597639914429646,0.556720210571784,0.7778283019237188,0.8076675723907006
symmetric,119,0.584150382053145,0.18932929650694394,0.5543299895359087,0.10868759278835727,0.597639914429646,0.5566498404640755,0.778997728919407,0.8088163448551369
asymmetric,119,0.5836799715597106,0.18908732878190482,0.5541842924788184,0.10871302052669327,0.597639914429646,0.556622153513415,0.779552060596725,0.8093038002004356
none,120,0.5968381401922113,0.19408003765716514,0.5514463633677774,0.11549243596252612,0.5936573000377542,0.555877094405242,0.7649712395837878,0.7875119531847217
static,120,0.5726015881903481,0.1850720990396662,0.5478926220133904,0.11972808640674795,0.5936573000377542,0.5585120916453489,0.7850374334331105,0.8053680609692427
symmetric,120,0.5711090667216443,0.18453595295152606,0.5477163238537491,0.12001424455370749,0.5936573000377542,0.5584882997648377,0.7863049385229647,0.8067560767185228
asymmetric,120,0.5708205986844963,0.18443483056694024,0.5475300510135767,0.11999813900089816,0.5936573000377542,0.5585956886642273,0.7865808537531044,0.8072953403556697
none,121,0.5976494092945474,0.19394568532494347,0.5555533310732583,0.10925602198221994,0.6030022136137244,0.5646284881817512,0.7644352547150517,0.7958593449739719
static,121,0.5768461574386892,0.18638238015545427,0.5519005293087985,0.11295383405768597,0.6030022136137244,0.5671478601683667,0.7820378455471013,0.8119893811862157
symmetric,121,0.5754632780046242,0.18590789933829036,0.5517642456868045,0.11328369022202653,0.6030022136137244,0.5670725821905299,0.7832522522949321,0.8133376165739967
asymmetric,121,0.5751628110221989,0.18576266324305885,0.5516766972178268,0.11327309721023829,0.6030022136137244,0.5669788827416296,0.7836450316702848,0.8139245993907231
none,122,0.5993054347807694,0.1969874974320914,0.5553346436474561,0.1147771969791057,0.600264725347452,0.5608976743663001,0.7580510031219135,0.7923659424681576
static,122,0.5734045178864027,0.1871812813515619,0.5515879182597173,0.1200644443448675,0.600264725347452,0.5628236367656828,0.780634548989288,0.8117984954988784
symmetric,122,0.5717057277599787,0.1865176429813053,0.5514430818115922,0.12051944636954282,0.600264725347452,0.5626699645528562,0.7821060760081766,0.8131152004198163
asymmetric,122,0.5712897188383502,0.18636112172606056,0.5513028705529515,0.12057840963934212,0.600264725347452,0.5627099372974163,0.782534323425114,0.8137661017420605
none,123,0.6035908968626216,0.19491609304058982,0.5505587566928604,0.10539040487890088,0.5987278329144837,0.5658371838996419,0.7625184228799597,0.7908953139791791
static,123,0.5820213941972606,0.1868478059718564,0.5473406580432162,0.10941136587412006,0.5987278329144837,0.5675729990354792,0.7806272222940747,0.806391657958939
symmetric,123,0.5806229763645288,0.18628813036429853,0.5472215535386675,0.1097386949727994,0.5987278329144837,0.5673919366810859,0.7819210690110111,0.8075807156106823
asymmetric,123,0.5807282886970235,0.1863004369497283,0.547244000349078,0.10961498410071281,0.5987278329144837,0.5672423385926905,0.782007906326505,0.8078940887327276
none,124,0.6231782377863094,0.2023482272481258,0.5574969302487472,0.09970802273095089,0.5997418977169922,0.5624942621514921,0.7470136225273835,0.7769846634625912
static,124,0.6018016497987065,0.1946031351836158,0.5547871668685377,0.10447536467343879,0.5997418977169922,0.5630178102101404,0.7658272530646373,0.7947216348572366
symmetric,124,0.6006363199882284,0.1941813131989229,0.5546945561696435,0.10475721370859593,0.5997418977169922,0.5629154789270551,0.7669079684064548,0.795895686338318
asymmetric,124,0.6004941780381048,0.19411867513889125,0.554560949673224,0.10471831838420288,0.5997418977169922,0.562978489526746,0.7671749390170916,0.7964060082382979
none,125,0.6014882346732086,0.1952359360091181,0.5387223611706906,0.11670750883707891,0.5902604276942621,0.5678715865919604,0.7612242486734979,0.780902973158988
static,125,0.5795971999564854,0.18700887658559284,0.5355795910423294,0.1200518550804911,0.5902604276942621,0.5692063553284309,0.7804264363823938,0.7995190565454222
symmetric,125,0.5783622331981906,0.18661494110142415,0.5353908178221318,0.1202789683911401,0.5902604276942621,0.5691869993735895,0.7814241874679528,0.8007524953885273
asymmetric,125,0.5779838290353383,0.18646870169659002,0.5352926659636406,0.120277547737377,0.5902604276942621,0.5691439741041288,0.7817903018311749,0.8012198908988207
none,126,0.6081169240914188,0.20053486316287789,0.5596550683831817,0.10829462275976992,0.6081828812640826,0.5666740691189575,0.7514456338599373,0.7968078468014248
static,126,0.5882640568260504,0.19307051984915802,0.5561222461334709,0.11212973541527778,0.6081828812640826,0.5690350486371784,0.7686643128889333,0.8109045098769484
symmetric,126,0.5873862408538618,0.19271825874371276,0.5561176551929298,0.11234238857070389,0.6081828812640826,0.5688449706378391,0.769616232271644,0.8118803544756
asymmetric,126,0.587070312263355,0.19257229502860201,0.555997026785406,0.11235712531151536,0.6081828812640826,0.5688035472552381,0.7700329183096574,0.8123129379572823
none,127,0.6030341823577559,0.19630831355387326,0.5516211401593055,0.11195450477532021,0.6018004293331487,0.5696862216097468,0.7563456964663693,0.7870266626092877
static,127,0.5779929372460215,0.18695765430739508,0.5486620423034153,0.11687072602472487,0.6018004293331487,0.5702396504640616,0.7782788167134342,0.8061606843032255
symmetric,127,0.5765124535186363,0.1864208485742084,0.5486513678321973,0.11713422721744468,0.6018004293331487,0.569954942364619,0.779601815794654,0.8074647347120372
asymmetric,127,0.5764663152991285,0.1863854306319614,0.5485646970407645,0.11705230473269315,0.6018004293331487,0.5699347403462887,0.7797577923728054,0.807742538141432
none,128,0.604815812124378,0.19492811950274733,0.5583561209662675,0.1015577470462129,0.6061124111934756,0.5682711013247159,0.760525806142735,0.7931923384563468
static,128,0.5813040267850782,0.18598030171608154,0.5539531574439026,0.1065471406596662,0.6061124111934756,0.5707848688616326,0.7804280901431044,0.8095482029835077
symmetric,128,0.5800648504385713,0.18554828591531225,0.5538169671637405,0.10682921278587022,0.6061124111934756,0.5706543743859551,0.7814937305134952,0.8105248223102086
asymmetric,128,0.5795891748984239,0.18532665927044245,0.5537266500875986,0.10687580420963042,0.6061124111934756,0.5705587672387602,0.782053734671851,0.8111083899596256
none,129,0.5854094708773843,0.1901570235720844,0.5537910489116671,0.11743363361143223,0.6077295629963572,0.5709348537023619,0.7696852532316072,0.8025534204793437
static,129,0.5638694461673822,0.1821635153208283,0.5503374355834744,0.12055024318316933,0.6077295629963572,0.5726038521177436,0.7874875365466405,0.8169263841312345
symmetric,129,0.5625506627784724,0.18166288701528857,0.5502627234001435,0.12093110152841749,0.6077295629963572,0.5724670770398391,0.7886365918287861,0.8178883984656362
asymmetric,129,0.5619939122557038,0.18147473099934383,0.5500094571274957,0.1210404365112932,0.6077295629963572,0.5725856333211152,0.7890677198378218,0.8184438225462076
none,130,0.6134805640191409,0.1983371450282724,0.5537328126402516,0.10157532801641962,0.594735697193822,0.5562188628605805,0.758331829331349,0.7872177150875304
static,130,0.5880757255434251,0.18878515083930433,0.549983177603008,0.10747202999230146,0.594735697193822,0.5585256905358598,0.7798276632297472,0.8048349259022581
symmetric,130,0.5866769333710877,0.18835008239025014,0.5498862695769916,0.10780529247054507,0.594735697193822,0.5583639005242984,0.7809316509960259,0.8060523574710616
asymmetric,130,0.5862387476971043,0.18816597275061583,0.5497692590742856,0.1078602621781664,0.594735697193822,0.5583146215632088,0.7813682916618565,0.8065837981619073
none,131,0.6107441820706834,0.1985856755186757,0.5552313928014461,0.10249140617051072,0.5939014752370917,0.5521377933220362,0.7595191017878666,0.7881375952192952
static,131,0.5907116822141334,0.19091879224529332,0.5524990393662841,0.10636371197528743,0.5939014752370917,0.5541095320070347,0.7769560866612616,0.8031631815758731
symmetric,131,0.5897258492574745,0.1905705678452804,0.5523761238837476,0.1065691484279889,0.5939014752370917,0.5541305806857479,0.7777928612818628,0.8041120883342736
asymmetric,131,0.5893179399314397,0.19040406698554924,0.5522482346954074,0.1065961539361448,0.5939014752370917,0.5540887935798688,0.7782204832804775,0.804644651743842
none,132,0.5961729238332685,0.19604498579440519,0.5518732382963711,0.11678131932076652,0.5999208044010126,0.5625898452381447,0.760055146359887,0.7931780822008396
static,132,0.5724842770783432,0.18728255758659498,0.547766790380434,0.12126520736752643,0.5999208044010126,0.5654173762045317,0.779728847690093,0.8104391139712193
symmetric,132,0.5709372374840022,0.18669022868670732,0.5475710419231163,0.12162417068586953,0.5999208044010126,0.5654117187396962,0.7811162335321009,0.8118263623890424
asymmetric,132,0.570594999762587,0.18651416484839897,0.5475887906797022,0.1216133138779823,0.5999208044010126,0.5651240194817002,0.781625891102892,0.8123867400703864
none,133,0.60227763502197,0.1974759106632661,0.5540999675082625,0.11561646179902302,0.5969097617132236,0.5559310972480277,0.7598480815049709,0.7920325466923391
static,133,0.578602457318277,0.1887372413474554,0.5499993881707879,0.11940128626827223,0.5969097617132236,0.5591417520050859,0.7795162592605075,0.8088116896652658
symmetric,133,0.5770675794265568,0.18817081219215304,0.549839045359543,0.11977687369722334,0.5969097617132236,0.5590736251843318,0.7808206416422094,0.8099627357381712
asymmetric,133,0.5764578798696959,0.18792738528984848,0.5497416331833656,0.11986384416934366,0.5969097617132236,0.5589752181129074,0.7813962032954676,0.8106169583274729
none,134,0.6020022350818973,0.19720462470257294,0.5499004784207553,0.11158559820905566,0.597596941561988,0.565279814320892,0.7565780303871503,0.7886796365947426
static,134,0.5781110745562609,0.18836881284137655,0.5463094853438556,0.11681522713916315,0.597596941561988,0.5666994132308635,0.7773572685578247,0.8067017243660166
symmetric,134,0.5766133866589923,0.18777183406143833,0.5461420707695894,0.11710331872338633,0.597596941561988,0.5666291658644458,0.7787727998640943,0.8080533041705933
asymmetric,134,0.5762476609642446,0.1876476743109862,0.5460241243385962,0.11711321500192064,0.597596941561988,0.5665908420561587,0.7791324626532435,0.8086214015614095
none,135,0.6214467239339475,0.19805772153752835,0.5563801714562613,0.09422485274376319,0.6019394479818316,0.5686368578986335,0.754556350771963,0.7814085997502924
static,135,0.6013621599250831,0.19072778345577968,0.5525779350134071,0.09878819634777607,0.6019394479818316,0.5707026544123383,0.7714710734958083,0.796011174308723
symmetric,135,0.5998105416409781,0.19015534712055518,0.5523996564279438,0.099185582588117,0.6019394479818316,0.570620552062239,0.7728115919950107,0.7973776062647107
asymmetric,135,0.5995726454289521,0.19002584925220645,0.5522670519716295,0.09916348757482266,0.6019394479818316,0.5706193082696903,0.7731211391021141,0.7977253897499893
none,136,0.5982713970086427,0.1942485266015784,0.5472451368555807,0.11349008556996343,0.5945266961173133,0.5629163157804505,0.7631792801740279,0.785591010239919
static,136,0.5728446728390701,0.18468710114611142,0.543976524228502,0.1183233101013197,0.5945266961173133,0.5644385387271615,0.784663349892837,0.8049580478286984
symmetric,136,0.5715995941588032,0.18427604905872508,0.5438396956262798,0.1185920105894491,0.5945266961173133,0.5643392294648865,0.7856988558423152,0.806164484253758
asymmetric,136,0.5711823877462372,0.18408708867058254,0.5436931786385979,0.1186103819019907,0.5945266961173133,0.5643398205887888,0.7861263235171428,0.8066707670444745
none,137,0.5993350927810452,0.19468407702019103,0.5597132000204608,0.1074830916858929,0.6112999793544835,0.5733760648154798,0.758754830182502,0.7965053919961771
static,137,0.576179312411068,0.18616750812082095,0.5561652700774151,0.11198277875220998,0.6112999793544835,0.5742212668390895,0.778854423534078,0.813764880023196
symmetric,137,0.5749169418683014,0.18572399605059112,0.5560176872400515,0.11235032738297124,0.6112999793544835,0.5741258464726826,0.7798683446732237,0.8147297903432954
asymmetric,137,0.5748091925327437,0.18563475892394035,0.5559082835376826,0.11230896164126214,0.6112999793544835,0.574150767025525,0.7800951197336969,0.8150531892001514
none,138,0.5866882808680208,0.1917933697024695,0.5524306548072817,0.11848362701947177,0.6020899766706699,0.5633052743682943,0.7690799679486159,0.8014298066317329
static,138,0.5627041686833862,0.18308178882549478,0.5497289388078631,0.12289463578419325,0.6020899766706699,0.5648223345488943,0.7886054848145672,0.8184668949032474
symmetric,138,0.5611091561701594,0.18248814370488708,0.5495239982611849,0.12324150733857124,0.6020899766706699,0.5648079563672931,0.7899965956937753,0.8197602173569866
asymmetric,138,0.560690182410986,0.18232351926698198,0.5493682794693127,0.12327319937862218,0.6020899766706699,0.5648331257808097,0.7903868691772842,0.8202515743157964
none,139,0.604822649633959,0.19697346442134353,0.5547394847147105,0.11283729716384015,0.595618104148649,0.5546533417462296,0.7610552246264026,0.7873778956689422
static,139,0.5780404960549318,0.18682638170784277,0.551151691891345,0.11789336868546403,0.595618104148649,0.5570993428842955,0.7835005476967862,0.8067865456496333
symmetric,139,0.5768537476905041,0.18637626653427206,0.5510209021971142,0.11814027508428315,0.595618104148649,0.5570680890127186,0.7845657340370262,0.8078526299564905
asymmetric,139,0.5761471225158117,0.18609069005164677,0.5509069794817878,0.11825071402166051,0.595618104148649,0.5569945567984523,0.7852054056145756,0.808561225233887
none,140,0.6067423010010949,0.19653828722899266,0.5593123152479269,0.10538259717070704,0.5998077776134851,0.5536191655913737,0.7623874467220344,0.7931122593501396
static,140,0.5795754317324098,0.18638072961341837,0.5550790285122925,0.11107750880817235,0.5998077776134851,0.556362425359835,0.7850999004478334,0.8120217005304295
symmetric,140,0.578244746379261,0.18592418110430362,0.5548915605579032,0.11139878272661273,0.5998077776134851,0.556400950715536,0.7861806809774434,0.8131805638524634
asymmetric,140,0.5780832029942179,0.18582688084323531,0.5548162649871858,0.11138095611060461,0.5998077776134851,0.5563431422694336,0.7864325245734046,0.8136478319785574
none,141,0.6034794964898442,0.19598681323632516,0.5515112004259984,0.10610470038637346,0.5942235315675966,0.5584399581274515,0.7622690899780005,0.7880867171668331
static,141,0.5800698999684596,0.18736241095098344,0.5482311679212717,0.11051872300900711,0.5942235315675966,0.5604303937149684,0.7819994275415164,0.8070074737703478
symmetric,141,0.5791592104296498,0.18700904122479992,0.5481363155684182,0.11065897197583878,0.5942235315675966,0.5603596759099791,0.7829121338755188,0.8079572501598197
asymmetric,141,0.5788359589472961,0.1868965244512156,0.5480035818529936,0.11067221115325886,0.5942235315675966,0.5603370236827603,0.7832480843978288,0.8084670987489249
none,142,0.5980224743707451,0.19399154613348948,0.5545486693058547,0.1094213909182293,0.5998932524299118,0.562761170067957,0.7636026474485333,0.7927469671241246
static,142,0.5738571641352359,0.1853779939423685,0.5503761150938188,0.11380654109579548,0.5998932524299118,0.5658854685735185,0.7834350677267714,0.8105412452263632
symmetric,142,0.572216909787706,0.18475512704322222,0.5503139585662588,0.11419388246951657,0.5998932524299118,0.5656618071916534,0.7848816379964622,0.8117686427691355
asymmetric,142,0.571949226573053,0.18465497306098197,0.5502248898115134,0.11419296001543594,0.5998932524299118,0.5656035544464112,0.7851855199117476,0.8122558656152707
none,143,0.6025113054630497,0.19486976858800129,0.5573081483292802,0.1047111910814981,0.602613384767933,0.5635383150336152,0.7612977906786066,0.7925086760648632
static,143,0.5799131345838447,0.18662420149228942,0.5538970181582175,0.1094201445188339,0.602613384767933,0.5653945464541907,0.7806007468251057,0.8097498244198746
symmetric,143,0.5790973684609598,0.186332554980381,0.553868148795352,0.10961777849659227,0.602613384767933,0.5652020837678887,0.7814149778475539,0.8105756172906591
asymmetric,143,0.5788059979617185,0.18622524309771946,0.553700832355766,0.10962099784434054,0.602613384767933,0.5652723722083763,0.7817189951813271,0.8110527996216398
none,144,0.5889595148243427,0.19048491609519608,0.5554555318230125,0.1081027447127296,0.6153835309376454,0.5820144325697908,0.7647774269741499,0.8028310377643662
static,144,0.5649080743708202,0.18150583354221153,0.5507513086970974,0.11302580828457504,0.6153835309376454,0.5845208113424329,0.7846840187170737,0.8187888484436285
symmetric,144,0.5637099973838182,0.18108923386784273,0.5506021494194376,0.1132838437379897,0.6153835309376454,0.5844218487951233,0.7857814271686874,0.8198171904614411
asymmetric,144,0.5631928358747005,0.18088262642023076,0.5504502287471786,0.11335918852385721,0.6153835309376454,0.5843908362321066,0.7862428783331443,0.8202640673194245
none,145,0.6069698387439189,0.19745097435597678,0.5521027572841156,0.10557737323794,0.5985440743258554,0.5647787098197845,0.7560540215539926,0.7858602726655615
static,145,0.5829310970278578,0.188449990100538,0.547865243785024,0.11079285011162339,0.5985440743258554,0.5679236163382855,0.7766051578214237,0.8033869540999881
symmetric,145,0.5817119534423816,0.18800826015422503,0.5477326163770225,0.11105466051620293,0.5985440743258554,0.5678901684458948,0.7777409390921115,0.8045970751131524
asymmetric,145,0.5811782061084314,0.18781430650307726,0.5475826520884083,0.11114236118032625,0.5985440743258554,0.5678381369538547,0.7782448855338289,0.8051866206631337
none,146,0.6015847266800589,0.19584688064968891,0.5595314783107064,0.10323816383076459,0.6117432678679895,0.5721341126513514,0.7590136680139467,0.8018298058072025
static,146,0.5791967563841333,0.18757482101198458,0.5547488551345234,0.10836627271240487,0.6117432678679895,0.574909233652491,0.7777376163263343,0.816802259575106
symmetric,146,0.5780622599652682,0.18718580296260887,0.5546212142198303,0.10871869929414034,0.6117432678679895,0.5748499298805043,0.7786619947840909,0.8177021704713276
asymmetric,146,0.5774484405594914,0.18690264568529993,0.554554607428537,0.10880669393917886,0.6117432678679895,0.5747016619269324,0.7793262799959709,0.8182884088295574
none,147,0.5943151447656099,0.1936427594971817,0.555629292506936,0.10597126950960979,0.600561555075594,0.5594267573137971,0.7669586473798942,0.8022273781487033
static,147,0.5732812453914928,0.18584570519375443,0.5522094678277142,0.1099182069336653,0.600561555075594,0.5612408828268277,0.7852018685124922,0.8182456261533205
symmetric,147,0.5720130835985419,0.18536180784734071,0.5520037684875776,0.1101463175828057,0.600561555075594,0.5612668492687138,0.7863652337379219,0.819329797456722
asymmetric,147,0.5714680065370257,0.18514086922595357,0.5518385906061439,0.11020327625173053,0.600561555075594,0.5612632322070946,0.786899790012331,0.8200080141499988
none,148,0.601296700242683,0.19832247252375157,0.5592026503415516,0.11217038109407276,0.6008472581783949,0.5554006447298755,0.7575873483360565,0.7952327472074912
static,148,0.5756612507189838,0.18873909653440063,0.5559945876071964,0.11732866100229296,0.6008472581783949,0.5574091643754956,0.7796671586074381,0.813941604264041
symmetric,148,0.5742293979971933,0.18822111421164772,0.555738578948163,0.11758104717192246,0.6008472581783949,0.5575098872513453,0.7808899676726098,0.8151364118157052
asymmetric,148,0.5735834920968497,0.18797976661685556,0.5555379735820175,0.1176897151524595,0.6008472581783949,0.5575694086399388,0.781394612449408,0.8156951163053336
none,149,0.6068719708742853,0.19577857708511348,0.5568885178603986,0.10424059993153774,0.60278312995076,0.5650083893137173,0.7595710100056333,0.7906638685063057
static,149,0.5843861782644075,0.18733250876534194,0.5524555361299032,0.10886354857384697,0.60278312995076,0.5679761808705481,0.7787730548019958,0.8070137385717001
symmetric,149,0.5831592830952292,0.18688430527039593,0.5522181520100222,0.10911214528259526,0.60278312995076,0.5680106072590306,0.779871695367122,0.8081478183694134
asymmetric,149,0.5826783662316942,0.18671404224386173,0.5520874482188318,0.10915096384957203,0.60278312995076,0.5679590424863721,0.7803180715353021,0.8087658717231958
none,150,0.5895697123467198,0.1910848411707624,0.558049887855546,0.10870420815658567,0.6039557098189955,0.5627338689586482,0.7703420265925017,0.8041195765695774
static,150,0.5678887515638442,0.18287881107094003,0.553524194779543,0.1125239815978562,0.6039557098189955,0.5664784102321283,0.7886619680527471,0.8197353691508904
symmetric,150,0.5670041863676863,0.18258089280282613,0.5533715082464635,0.11267045064976255,0.6039557098189955,0.5664690916601708,0.7895101745167189,0.8207909665064119
asymmetric,150,0.5665268525953964,0.18236743408309064,0.5532523388452204,0.11271484380974502,0.6039557098189955,0.5663639945619208,0.790031910887443,0.8213414949146571
none,151,0.6073153197323055,0.1948233367861567,0.5530893882899681,0.10318997726866629,0.5998451235426555,0.5637747050544919,0.7631464839933162,0.7893442962474915
static,151,0.585680349360717,0.18693221368454363,0.5504956466795456,0.10779335414611196,0.5998451235426555,0.5644769193026573,0.7813776708855145,0.8049426484869375
symmetric,151,0.5843793047282215,0.18649958707947215,0.5504166075305085,0.10818315665674155,0.5998451235426555,0.564281621793025,0.7824588051168245,0.8059973887906199
asymmetric,151,0.5842843710008313,0.18639479741757814,0.5502310730501923,0.10812549121839644,0.5998451235426555,0.5644202105834683,0.7826836498785138,0.8062811772378383
none,152,0.6267032436785723,0.20246199436951143,0.5607942612080342,0.0960164547459653,0.6018114450391108,0.5586231491287201,0.7478190589210918,0.7777149273715387
static,152,0.6021635261872215,0.19331974890914966,0.5568260070550574,0.10201058313294464,0.6018114450391108,0.561054904222352,0.7689474748020001,0.7960719416866471
symmetric,152,0.6008325271127057,0.1929020160363302,0.5566265889943813,0.10240568938043862,0.6018114450391108,0.5611176718520426,0.7699800676428034,0.797188107196855
asymmetric,152,0.600201254765817,0.1926153424636957,0.5564740368772265,0.10250504261809529,0.6018114450391108,0.5611209612551531,0.7706062595866483,0.7978981705495276
none,153,0.6019417214071583,0.19194029316481245,0.551301397596853,0.10457843944572556,0.5967413721985425,0.5604008800509181,0.7690220774797295,0.7897129221354475
static,153,0.5765018874735975,0.18261996589052465,0.5479459740363559,0.11001267292590473,0.5967413721985425,0.5623032785625776,0.7894314016013958,0.8065798814576293
symmetric,153,0.5744793907328993,0.18190133371846154,0.5476701439398339,0.11050980899838184,0.5967413721985425,0.5623797909239922,0.79097051763278,0.8080591207043712
asymmetric,153,0.573878736530653,0.18167333531062424,0.547522165329087,0.11055836871214389,0.5967413721985425,0.5623157057125537,0.7915390135809265,0.8087103696586642
none,154,0.5969954140801146,0.1950343938799335,0.5580109979214881,0.11386708888316537,0.600713884770938,0.5558821492464557,0.7632566358474961,0.7940731948115969
static,154,0.5767030360970661,0.18756040282556674,0.5549620908436256,0.11763439735595657,0.600713884770938,0.5581249832098802,0.7807734603537926,0.8092653877721476
symmetric,154,0.5753218943382489,0.1870632294965297,0.5548768001062392,0.11793389907425086,0.600713884770938,0.5580007275278838,0.7820002419723452,0.81061664138003
asymmetric,154,0.5750957813677997,0.18693181135562098,0.5547686109884085,0.11787971192362433,0.600713884770938,0.5579330918300123,0.7823346333268184,0.8109973086478502
none,155,0.603640486393318,0.19730200699884357,0.5523933024806762,0.1139504651693021,0.6029378940907315,0.5692304136754135,0.7550173798136613,0.7879940562821195
static,155,0.5794662904027991,0.18857379254719947,0.5481646418686066,0.1188626827502746,0.6029378940907315,0.5713304200413155,0.7749279398684891,0.8054065375521346
symmetric,155,0.5782893726039733,0.18818090987780267,0.5480147950536174,0.1191511344791179,0.6029378940907315,0.5712546191030233,0.7759177851539103,0.8064368213851201
asymmetric,155,0.5779109086135793,0.18797971013965914,0.54787152641988,0.1191588971815753,0.6029378940907315,0.5712432191714564,0.776419603020705,0.8069668433661259
none,156,0.5921984983907757,0.19072097562966922,0.5567503348214721,0.10919664148302828,0.6086665924028072,0.5712919366644041,0.7671360460938539,0.7977120253130658
static,156,0.5669358020940254,0.18140298989875497,0.5525501345799175,0.11419849545725591,0.6086665924028072,0.5734972012765768,0.787898805339319,0.8160782427752622
symmetric,156,0.5654165251860289,0.18083683342001394,0.5523916433337743,0.11459889175073901,0.6086665924028072,0.5733785959292251,0.7891704250610262,0.8171741808501917
asymmetric,156,0.5650706016435708,0.18067704448643976,0.5522723378606582,0.11461065220682835,0.6086665924028072,0.5733042369874624,0.7896258130749665,0.8176633237584159
none,157,0.5967137081009788,0.19298043896285053,0.5522293467426387,0.10683203488915316,0.6063418306422305,0.574725483378667,0.7625280193206863,0.7944418671580323
static,157,0.5713630346119724,0.18331010250183433,0.5476714000725095,0.11189836170883206,0.6063418306422305,0.5771325312207063,0.7837598132269851,0.8119107390871058
symmetric,157,0.5695753639299862,0.1827011948969517,0.5475311114395953,0.11225893312218058,0.6063418306422305,0.5769355438929834,0.7852336483842274,0.8133767436580653
asymmetric,157,0.5687280521489306,0.18237262926730213,0.5473045400944642,0.11241299408813778,0.6063418306422305,0.5769751481318849,0.7859389754826416,0.8140652836426004
none,158,0.6016500524648294,0.1974278583230811,0.5477413099440839,0.11287909111819672,0.5900566516897832,0.5569640407450691,0.7594394131225071,0.787035995795471
static,158,0.5784925266920278,0.1886152354471702,0.5441493445410495,0.11690145022030807,0.5900566516897832,0.5595445562939354,0.7791640607479711,0.8043893511069622
symmetric,158,0.5770888488097363,0.18812484878202745,0.5441098854575244,0.11720822133311877,0.5900566516897832,0.5593784015451918,0.7803422289513309,0.8055991887262979
asymmetric,158,0.57688994930084,0.188042518950561,0.5441109702196797,0.11719453491575721,0.5900566516897832,0.559218763850852,0.7806051058054162,0.8060497756697087
none,159,0.5919549678027387,0.19524417477967126,0.5519122215531793,0.12026626161219922,0.5948022370848709,0.5552927612056867,0.76421852918044,0.7955896003363204
static,159,0.5686383699122476,0.18613870538020216,0.549279400477265,0.12377447708278853,0.5948022370848709,0.5570969002844062,0.7846367606687451,0.8127733502297573
symmetric,159,0.5674549023154606,0.1857119650191935,0.5491833844386752,0.12404835141264305,0.5948022370848709,0.5570244352659104,0.7857112680429514,0.8138725890958718
asymmetric,159,0.5673038821130277,0.1856434172843661,0.5490803988382474,0.12400782993245046,0.5948022370848709,0.5570006724457203,0.7859395653750694,0.8142542955546579
none,160,0.6199707845932383,0.2005576996028563,0.559161146051607,0.09748567661522983,0.5985675989276997,0.5550434712175892,0.7542204612183241,0.7846522517349361
static,160,0.5991580111636557,0.1928988839854149,0.5562241454603368,0.10189717937050063,0.5985675989276997,0.5566701059706134,0.7719927422068078,0.8001956944337651
symmetric,160,0.5980053640939141,0.19249859340041373,0.5560819864578056,0.10212964109226234,0.5985675989276997,0.5565925703699298,0.7730083412646763,0.8012081189130358
asymmetric,160,0.5975524988130938,0.19230683443151336,0.5559419565093381,0.10218973627682221,0.5985675989276997,0.5565954841774489,0.7734331774218165,0.8016902431721409
none,161,0.6046629285432672,0.1954587562667049,0.5522743574836475,0.10636969094775643,0.6007064680768215,0.5672302362102741,0.7599532698705653,0.788703070099422
static,161,0.5827112998352494,0.18730229485351862,0.5486409699452525,0.1103169200790622,0.6007064680768215,0.5693252536706019,0.7787717457081872,0.804932866018818
symmetric,161,0.5813308313035042,0.18683947323439937,0.548367536371321,0.11060534000900639,0.6007064680768215,0.5694082549191584,0.7798665705370854,0.8060019768854388
asymmetric,161,0.5811399273456012,0.18679203947317954,0.5482747888077577,0.11057744201075963,0.6007064680768215,0.5693706356209108,0.7800573245841825,0.8063619094662959
none,162,0.595811284957883,0.19554267027330166,0.5484132285724889,0.1188580891443839,0.5919094875641749,0.5565317476057675,0.7621994696018636,0.7866737905949547
static,162,0.5733752390947966,0.18742759584844867,0.5454662394698451,0.12261958648201056,0.5919094875641749,0.5582865896131596,0.7811432610643841,0.8045901279554604
symmetric,162,0.5719950107173934,0.18694799056809516,0.545355023269809,0.12293390554900914,0.5919094875641749,0.5582074326214572,0.7823466635723915,0.8058944233652974
asymmetric,162,0.5715123265255168,0.1867629795812938,0.5451986302882882,0.1229789288874526,0.5919094875641749,0.5581851826581377,0.7827843622364424,0.8064678155184926
none,163,0.6056628968671459,0.19557319106853524,0.561318868402657,0.10567531815363518,0.6101470429235593,0.5669219342241452,0.7607588615271416,0.7962201763388288
static,163,0.581897170738892,0.18677268531743862,0.556705366221182,0.11031430888059937,0.6101470429235593,0.570245346149061,0.780039430813821,0.8114190573733764
symmetric,163,0.5807680866235971,0.1863830684530018,0.5565615499635821,0.11063074913396176,0.6101470429235593,0.5702136077141077,0.7810361638427801,0.8123321065449413
asymmetric,163,0.5802510785136993,0.18612490131118142,0.556446798528729,0.11068283010608658,0.6101470429235593,0.5701116119140739,0.7816171979668949,0.8128539534072793
none,164,0.5975389180392455,0.19364585876217494,0.5524609255217715,0.10933468164745677,0.6035820245515665,0.5699784199417351,0.7626512741491351,0.7929723404664395
static,164,0.5774359483698107,0.18600884985839275,0.5495338121961207,0.11279091688722527,0.6035820245515665,0.5710967614435819,0.7805927218726225,0.8084449618584473
symmetric,164,0.57591961719497,0.1854922239878588,0.54932561647466,0.11305878398296072,0.6035820245515665,0.5711243286982237,0.7817523517858586,0.8096890573884654
asymmetric,164,0.5757192114206656,0.18538299642012288,0.5492276943538638,0.11303179770915757,0.6035820245515665,0.5710947019794745,0.7820318853889701,0.8099817087717918
none,165,0.5995883090888059,0.1969679838686006,0.5572701156163009,0.11313270951808564,0.5996692583652294,0.5568762192968836,0.7597805081360539,0.7956435729771042
static,165,0.574654485391343,0.1872652705449317,0.5536186433624435,0.11783601140106889,0.5996692583652294,0.5591278759933358,0.7817291755492685,0.8137029308224428
symmetric,165,0.5734539448197205,0.18677508874985246,0.5535470497272972,0.11817288009579942,0.5996692583652294,0.5590520840726775,0.7829643764577089,0.8149151479010524
asymmetric,165,0.572968010532722,0.18657935399312206,0.5533260066509591,0.11824275022610785,0.5996692583652294,0.5591401161990979,0.7834509817109104,0.8154933741320932
none,166,0.6153367863992799,0.1985569821907187,0.5521479595499119,0.09990644397590347,0.5991067453250223,0.5670386995255384,0.7532704456727632,0.7816153314838168
static,166,0.5909258352765023,0.18955971576188865,0.5480439808247884,0.10540496950841645,0.5991067453250223,0.5686844038943701,0.7740857464015733,0.7996128673118024
symmetric,166,0.589572809099583,0.1890930326458856,0.547886896368029,0.10570473453473062,0.5991067453250223,0.5686374363645631,0.7752539344681979,0.8008251015159777
asymmetric,166,0.5892719714871419,0.18896670069116114,0.5478400416095468,0.10571084590264772,0.5991067453250223,0.5685006424144294,0.7756343065225273,0.8013967123342206
none,167,0.6053642363778395,0.19844149076106546,0.5530295691805835,0.11445678642904279,0.5922159601404885,0.5522139564884725,0.7582392246086221,0.7849567197697307
static,167,0.5826219415055421,0.19002882685950445,0.550691568379251,0.11835140520564826,0.5922159601404885,0.5533500886985523,0.7779288015764999,0.8022591828229735
symmetric,167,0.58110966791326,0.18948696072532006,0.5506684457601184,0.11877176450560852,0.5922159601404885,0.553176529906041,0.7792036567213952,0.8035270776895005
asymmetric,167,0.5809322469488806,0.18939630635291116,0.5505310662674926,0.11870789631771478,0.5922159601404885,0.5532058814624274,0.7794563079553318,0.8040043283824582
none,168,0.6056987837647032,0.1982942275782076,0.5530658803391277,0.11045287538995431,0.595400087698205,0.5535807018354427,0.7592975295431875,0.7911219206999661
static,168,0.5836980977659832,0.18983814898988194,0.5503679786891537,0.11508196872023584,0.595400087698205,0.5551630354142894,0.778613572174788,0.8071109473080199
symmetric,168,0.5822562742376165,0.18932627318627462,0.5502105081813338,0.11546530936829305,0.595400087698205,0.5551623258784596,0.7797932704850365,0.808216245558818
asymmetric,168,0.5822060631712707,0.1892994251786832,0.5501006737791493,0.11537152806698305,0.595400087698205,0.5551811820771463,0.7799113673894998,0.8086033219641686
none,169,0.5962410472691008,0.19440613813049248,0.5589510410407772,0.10946481009890632,0.6078717821431104,0.5665767980859635,0.7619238312235237,0.7990565721052385
static,169,0.5744184556877522,0.18646008502067288,0.5549664394702863,0.11389351595692239,0.6078717821431104,0.5693056751553686,0.7806456020479908,0.8160223624343133
symmetric,169,0.5730116907233691,0.18594491834354984,0.5547753747032884,0.11421788198425312,0.6078717821431104,0.5693127556610734,0.7818166077931863,0.817215232989726
asymmetric,169,0.5723834678690882,0.18571193423851193,0.5546213714165319,0.11430759531313596,0.6078717821431104,0.5692469252808315,0.7823714341112076,0.8178748263171625
none,170,0.59766248822626,0.19464456877856542,0.546824594991093,0.11341990355515115,0.5948002715853796,0.5647216136776539,0.7624080100995855,0.7894516611797944
static,170,0.5718015928921548,0.1850072560276821,0.5437312593617805,0.1182323625749445,0.5948002715853796,0.5657445780341174,0.7844656320961861,0.8094968195774433
symmetric,170,0.5701566788904467,0.18441097872018516,0.543650342647293,0.11866999279225496,0.5948002715853796,0.5655954281838468,0.7857996455647906,0.8108153157104633
asymmetric,170,0.5697131757707206,0.18424940066176468,0.5435091617996288,0.11871632336218157,0.5948002715853796,0.5655524710469723,0.7862279033174069,0.8113645832566175
none,171,0.6025313620458619,0.19532864388936744,0.5607033022051299,0.10700442102863304,0.6050012440905698,0.5586680790465467,0.763443639277994,0.7973204523794176
static,171,0.5791083908297526,0.18681550225701773,0.5571870276913695,0.11207728830497732,0.6050012440905698,0.5607797864996249,0.7822332653502507,0.8121420119019224
symmetric,171,0.5776250727439849,0.18628556295880394,0.5569735729824796,0.11246125346941016,0.6050012440905698,0.5607998398290069,0.7834633159716506,0.8132207377885379
asymmetric,171,0.5774549338213666,0.18618700560701074,0.5568732882544443,0.11242146476833374,0.6050012440905698,0.5607938060777592,0.7837015831928404,0.8135300937728709
none,172,0.6062394468998957,0.19792373385612927,0.5593366037735623,0.11827327276270014,0.6052586379641027,0.5626713245010483,0.7559692966305289,0.7887750131879587
static,172,0.5830381823177112,0.18919237637999878,0.5568019542242119,0.12216577618785524,0.6052586379641027,0.5633462253093092,0.776652659579252,0.8073283318796717
symmetric,172,0.581671389675212,0.1886791427696275,0.5567584774216001,0.12247984948581969,0.6052586379641027,0.5632038346260597,0.7779015967847109,0.8084946316938459
asymmetric,172,0.5810416290386514,0.18845267192969303,0.5565786092414963,0.1225251778541286,0.6052586379641027,0.5632396405238889,0.7784228716155719,0.8092062129381391
none,173,0.6081323046779324,0.19979816016197083,0.5629141719429112,0.11226467207089837,0.6037147392163961,0.5550357754412729,0.7546282160930052,0.7914527443582509
static,173,0.5840027276674172,0.19061998543671127,0.5596368248203839,0.11742314488348167,0.6037147392163961,0.5571032152300119,0.7754815039849857,0.8077818142711931
symmetric,173,0.5824621384756736,0.1900308968973546,0.5594782834610957,0.11787026940803672,0.6037147392163961,0.5570559737984453,0.7768688995828192,0.8089787441993513
asymmetric,173,0.5821231493340215,0.18991249190290588,0.5594464140038227,0.11790237783882893,0.6037147392163961,0.5568881177837358,0.7772208067738923,0.8095022957263232
none,174,0.5986440817411541,0.19245361540611988,0.5562188422040042,0.10438344247253653,0.6035119366385749,0.5653808351527526,0.7667629767570004,0.7972514363060963
static,174,0.574384944504493,0.18333343194053486,0.552180407443357,0.10938155614008417,0.6035119366385749,0.5675466643370616,0.7870765195974202,0.8136147385161032
symmetric,174,0.5732425272327459,0.18291223494227316,0.5520772752064262,0.10962742746324432,0.6035119366385749,0.5674128033816401,0.7881343988978262,0.814699495213272
asymmetric,174,0.5725918276975696,0.18266237786903522,0.5519247038155267,0.10972766282722979,0.6035119366385749,0.567392796605899,0.7887317841714276,0.8153362436922578
none,175,0.6072973547232047,0.1971398534854309,0.5515861652715801,0.10225586162829466,0.5983238155668359,0.5635715796326217,0.7595273248711715,0.7919833289015621
static,175,0.5854902702663232,0.18878754943143397,0.5489983672444866,0.10656908391297948,0.5983238155668359,0.5641477083960158,0.7786521515314612,0.8076951885742187
symmetric,175,0.5842042097202654,0.18830166194942252,0.5489140835730456,0.10686320987666857,0.5983238155668359,0.5640549413753091,0.7797683423630957,0.808758223219719
asymmetric,175,0.5836482567113562,0.18807245599109304,0.5487633658238471,0.10694372238730233,0.5983238155668359,0.5640725043537266,0.7802194584511157,0.8091947034433685
none,176,0.5975528921808558,0.19289373215480496,0.550966570934692,0.1114152480783098,0.5985574859040041,0.5649652751672251,0.7652269795022215,0.7884334570963403
static,176,0.5742239193061152,0.18417045336915538,0.547512831544729,0.11505550102364019,0.5985574859040041,0.567085671885802,0.7847767197981107,0.8059058199990955
symmetric,176,0.5733156462723219,0.18385607973349127,0.5474098091407935,0.11522355644700688,0.5985574859040041,0.5670785506181532,0.7855246084815101,0.8066950979538592
asymmetric,176,0.5729473419879413,0.18369480347415282,0.5472754835631984,0.11524718121439491,0.5985574859040041,0.5670860455330625,0.7858709862003314,0.8070645935315366
none,177,0.6009735229247746,0.19393844232399485,0.5611829952161824,0.10491908706358721,0.6112317395607155,0.570415318514349,0.7612515616795192,0.7971543801352644
static,177,0.5756764484807207,0.1846279733422647,0.5562854334400065,0.11056703515575465,0.6112317395607155,0.5733352318227175,0.7820362490340156,0.8143165771970946
symmetric,177,0.5743380538085133,0.1840763232853051,0.5562307633160158,0.11097433696914343,0.6112317395607155,0.5731137260391804,0.7833271223618551,0.8153457107276108
asymmetric,177,0.5736555170055717,0.18382527899687906,0.5560840453140207,0.11108040256960335,0.6112317395607155,0.5730267731168727,0.7840014146104233,0.8161407235019786
none,178,0.6088810064820777,0.19766682825460336,0.5499043840975752,0.10670186327846957,0.59695242013695,0.5629550552331664,0.7571508345182105,0.7838584708502759
static,178,0.586884965244572,0.18904737023349594,0.546949344627948,0.1110202544104917,0.59695242013695,0.564560088832001,0.7764227682660407,0.8000782017427162
symmetric,178,0.5854107310955148,0.18853319335559854,0.5467949699573176,0.11138773863834985,0.59695242013695,0.564497138955426,0.777607306808908,0.801232055656826
asymmetric,178,0.5848577677306088,0.18830002830954906,0.5466793714889754,0.11147591108794767,0.59695242013695,0.5644118092850399,0.7781741453879527,0.8017868095093252
none,179,0.6166390700687128,0.1983154794390823,0.5475637292218706,0.10149969398676567,0.5950362152218901,0.567596160479118,0.7543277585429621,0.7780393551575773
static,179,0.5917829229286433,0.18906002775522493,0.5442706938010781,0.10648970325542123,0.5950362152218901,0.5686001759572651,0.7756993171883615,0.7962328856549193
symmetric,179,0.5909870590180057,0.18871586109801428,0.5442133969005942,0.10662244782959,0.5950362152218901,0.5685513297204333,0.7765257622403989,0.7970040504768261
asymmetric,179,0.5907496471413946,0.18862096703911718,0.5440144933512837,0.10660774683698225,0.5950362152218901,0.568672790499211,0.7767796809208288,0.797376917493753
none,180,0.6035696500015901,0.19720821925873516,0.5528735992085919,0.10997584010256929,0.5984565879773329,0.5630506012838086,0.7578040683616242,0.7898058315530282
static,180,0.5817385143397298,0.18864315584547936,0.5498881892312192,0.11391251391579162,0.5984565879773329,0.5643841661761668,0.7773688817826758,0.8061827712869513
symmetric,180,0.5805162452340377,0.1881047214497749,0.5497651381814417,0.11418536470558882,0.5984565879773329,0.5643092187866631,0.7786393484580908,0.807389897657852
asymmetric,180,0.5800563170678152,0.18798387729625332,0.5496941572527055,0.1142550997103635,0.5984565879773329,0.5641729197047839,0.779026790877882,0.8079220648115615
none,181,0.6098638082541619,0.19877688869192497,0.5540490283114843,0.10559911508488473,0.5929428208748734,0.552366329388803,0.7580802024169675,0.7868860484253364
static,181,0.5870568954729476,0.19017730982209513,0.551144883364638,0.10975316804627362,0.5929428208748734,0.554272783682884,0.7777715185306295,0.8038915418735615
symmetric,181,0.5862738559855539,0.18986273573637175,0.5510479153489422,0.10990717670284882,0.5929428208748734,0.5542356868106919,0.7785839764707672,0.8047135856700947
asymmetric,181,0.585824039246719,0.18966493384046945,0.5508380926413395,0.10995469283306857,0.5929428208748734,0.5543291102143907,0.779003009557356,0.805156889127308
none,182,0.5998950866528332,0.19460347637189004,0.5540358713048581,0.10637645267149785,0.6024959335146736,0.5649182739315722,0.7635051958488692,0.7965978349433558
static,182,0.5757335578382491,0.18562526307965627,0.5508043019214071,0.11110136613557982,0.6024959335146736,0.5666836663702439,0.7839311451967932,0.8135875248826121
symmetric,182,0.574140268255594,0.1850409210743523,0.5505441419781306,0.11146356675578875,0.6024959335146736,0.5666833041971109,0.7852760675987263,0.8147963819181484
asymmetric,182,0.5738402722588843,0.18493184597511458,0.5504391306924803,0.11146754251212851,0.6024959335146736,0.5666336784649868,0.7855778746249398,0.8152400289961037
none,183,0.5940440118639195,0.19560072584580515,0.5583762708814263,0.11766623828468695,0.6057905566095717,0.5629290125089464,0.7592049396263584,0.7951901360640262
static,183,0.5708393830296946,0.18669383989593522,0.5545333879680492,0.12211868481093927,0.6057905566095717,0.5655299259753841,0.7795444773628832,0.8127911655790544
symmetric,183,0.5694199890933386,0.1861629975457905,0.5545278063257448,0.12243610002695662,0.6057905566095717,0.565296169470866,0.7808160811465387,0.8140492462966549
asymmetric,183,0.5689244497517059,0.18594169088705856,0.5543079033408009,0.12248453714928804,0.6057905566095717,0.565355787904976,0.7813058268155786,0.8145153171733805
none,184,0.5995502197550961,0.19475632471213897,0.55471455500082,0.10692290612274707,0.6083926847356123,0.5737686258272829,0.7585254065093765,0.7937743002668851
static,184,0.5771737093743474,0.18629616448266556,0.5501054448082203,0.11161223259099043,0.6083926847356123,0.5766807027183907,0.7776369459746211,0.8086842379146655
symmetric,184,0.5759943720932955,0.18588363774615665,0.5500014842188893,0.11198799105453235,0.6083926847356123,0.576560021272073,0.7786934828034398,0.8097579554769849
asymmetric,184,0.5755690289206743,0.18568921731842142,0.5498752253051284,0.1120108070895156,0.6083926847356123,0.5764620341955848,0.7792105943589462,0.8102403244081163
none,185,0.614498086555375,0.19863498277642055,0.5502986747658997,0.1031959974979151,0.59325764285906,0.5592841458003488,0.756882674899191,0.7826054020140027
static,185,0.5906276924822074,0.18991934884468326,0.5472277758170739,0.10817400703781227,0.59325764285906,0.5608054981285787,0.7769240935650648,0.79992091441746
symmetric,185,0.5891299704026425,0.18933007345347286,0.5470777865865493,0.10856678419760485,0.59325764285906,0.5607282345521163,0.7782736727136574,0.8010621558122666
asymmetric,185,0.5886004680853181,0.18910499713590237,0.546975267937373,0.10864727295590046,0.59325764285906,0.5606428056184046,0.7787582541480615,0.8015641167666995
none,186,0.6160246650301843,0.20210645277233324,0.5582795605314159,0.1112807382220761,0.5987775327397968,0.5552332954888315,0.7498724193230943,0.7805646902749731
static,186,0.596136872830125,0.19484279227732684,0.5556829545017778,0.11463002887746528,0.5987775327397968,0.5568601740584685,0.7673245368959719,0.7962792813730935
symmetric,186,0.5949536534799584,0.19437776120203962,0.5555345231526253,0.11485697740570208,0.5987775327397968,0.5568755580439362,0.7684599458516432,0.7974687840544806
asymmetric,186,0.5943406861315995,0.19417462960039966,0.55543791156151,0.11495968483604373,0.5987775327397968,0.5568021885944736,0.7690284811108756,0.798246400818037
none,187,0.6012422310301683,0.19659170801588238,0.5534828939142139,0.11026036788174483,0.5967326473545739,0.5569538466265405,0.760820090084664,0.7912041376020532
static,187,0.5800555707344399,0.18864177115144687,0.5502283675029396,0.11424370179515139,0.5967326473545739,0.5593092695772871,0.7788505665653963,0.8064620446599724
symmetric,187,0.578654498954774,0.18816691470560706,0.550104255715522,0.11454196004263532,0.5967326473545739,0.5592080772812651,0.7800083918699944,0.8076111526311438
asymmetric,187,0.5782773119235276,0.18798044688734664,0.5499602823411512,0.11455103529664527,0.5967326473545739,0.559210008953292,0.7804506407189492,0.8082097225410336
none,188,0.6127393046303422,0.2001964532120503,0.558427953601857,0.10947476471536292,0.5932454366830879,0.5460175842840755,0.7574172263485422,0.7841380963790344
static,188,0.5897314933948842,0.19161902439908426,0.555418360155388,0.11397278849308194,0.5932454366830879,0.5485010740110384,0.7769541811968907,0.8018828258449657
symmetric,188,0.5880269708278495,0.19105097412942612,0.5552321177905906,0.1144175059279452,0.5932454366830879,0.5485340354286737,0.7782302567807201,0.8031484543077044
asymmetric,188,0.5880288702433684,0.19101802123876885,0.5552290424283919,0.1143149190752097,0.5932454366830879,0.5483313677395418,0.7784196059318411,0.803614833401306
none,189,0.603869925545805,0.1960076224815828,0.5476418702537931,0.1088388793267077,0.5979755615598661,0.5687625409153566,0.7581579019710076,0.7857784846544434
static,189,0.5837174629234521,0.18863196834982834,0.5447018432362876,0.11230475683093716,0.5979755615598661,0.5696478774281128,0.7759744692405823,0.8022609387686319
symmetric,189,0.5824539741070702,0.1882229442554523,0.544560838727936,0.11262478690300529,0.5979755615598661,0.5695696622509023,0.7770198358850331,0.8033919069696569
asymmetric,189,0.5821597938752616,0.18809138748532794,0.5443809627880365,0.11262660642689794,0.5979755615598661,0.5696353201555575,0.7772843552025336,0.8036956360105472
none,190,0.6135524745203558,0.1990938083302359,0.556490498695411,0.10686311795827316,0.6027769048367283,0.5637644942415381,0.7528144314291042,0.7837214276622533
static,190,0.5904161604595235,0.1903715989074868,0.552855432443312,0.11145564434316256,0.6027769048367283,0.5656564514650092,0.7730648292536293,0.802112794018814
symmetric,190,0.5894872627031846,0.18999446005563067,0.5527946756516774,0.11170552757028246,0.6027769048367283,0.5655173564475476,0.7740670142922038,0.8030213128896521
asymmetric,190,0.5890970283735062,0.18982732587168014,0.5526331689861995,0.11170234826916589,0.6027769048367283,0.5655652314723763,0.7744768198101221,0.8035214423643264
none,191,0.6111434350724153,0.19922410971749527,0.557112143858032,0.10650833111725413,0.6017158401339192,0.5620463431204631,0.7539268741707282,0.7858723845734356
static,191,0.5889821203205273,0.1906643483980313,0.5544438077338081,0.11123258368421451,0.6017158401339192,0.5623795525107196,0.7738457404704214,0.8025008836189322
symmetric,191,0.5880402524429231,0.19028789099782986,0.5544468512999228,0.11147690940751662,0.6017158401339192,0.5621717228713553,0.7748332657655482,0.8034559786073318
asymmetric,191,0.5876916500492645,0.19013853096892885,0.5542697211474424,0.11152252235082305,0.6017158401339192,0.5622536347888161,0.775209789442814,0.8039808741900254
none,192,0.6036910285525152,0.19466563056426178,0.5512200944679335,0.10279827419786151,0.6022358554873892,0.5725585222312961,0.7592350233060827,0.7884152889985971
static,192,0.5852896276906978,0.18785397255944788,0.5483709564799205,0.10688672390296182,0.6022358554873892,0.5738750364050843,0.7755744619431229,0.8028786553535394
symmetric,192,0.5841460516938736,0.18745452516250954,0.5481861989135876,0.1071503945029448,0.6022358554873892,0.573895319416781,0.7765319776571173,0.8038774457394241
asymmetric,192,0.5838640659013125,0.18733411385845933,0.5480348371938217,0.1071570034189491,0.6022358554873892,0.5739186829629591,0.7769177326572638,0.8044328628856501
none,193,0.6021121881849465,0.19598973996353253,0.5481705456471103,0.10986947444796458,0.5959385108794825,0.5636911677903257,0.7606121471928702,0.7890831401844134
static,193,0.577768575874107,0.18707420539773653,0.544510716057092,0.11504595385330195,0.5959385108794825,0.5656963869537865,0.7806154310593467,0.8061003607853034
symmetric,193,0.5760631884832194,0.18643516220727976,0.544308284096401,0.1154538959934661,0.5959385108794825,0.5656755409944547,0.7820015995597437,0.8075004131206098
asymmetric,193,0.5756452312679798,0.18627368431423869,0.5441922362192602,0.11550652657336342,0.5959385108794825,0.5656273473215796,0.7824336168298061,0.8081060937193798
none,194,0.5956631701918788,0.1935884176917703,0.5453797043627591,0.11525372029328186,0.5968910353154241,0.5689579492648927,0.7640264086536781,0.7916764370351487
static,194,0.5750544358540663,0.18576406133254628,0.541815359260741,0.11829753317364068,0.5968910353154241,0.5711370663641853,0.7818903759402902,0.8069867693014243
symmetric,194,0.574078687331173,0.1853727609979505,0.5417963905331574,0.11848034561546612,0.5968910353154241,0.5708956829731275,0.7829106209582064,0.8079104971702966
asymmetric,194,0.5737797810778694,0.18527303877170725,0.5416246260904554,0.11847756768979067,0.5968910353154241,0.5709189094099947,0.7832166808509053,0.8083656359803444
none,195,0.626973304848863,0.20462490113046258,0.5632741137283606,0.10159739492762702,0.6012632043467468,0.5531386542165194,0.7456429895235032,0.7797092329802556
static,195,0.6029737117579408,0.19550906455389355,0.560108785849663,0.10693515318591193,0.6012632043467468,0.55481267898048,0.7668805935412387,0.7976894455634622
symmetric,195,0.6018215038087574,0.19510088635445674,0.560071944402121,0.10724615820292868,0.6012632043467468,0.5546323184348014,0.7679538926890437,0.7989016606107466
asymmetric,195,0.6013049132351588,0.19486244821048448,0.5599058841957345,0.10730084749763132,0.6012632043467468,0.5547058411067947,0.7684972027137738,0.7994643480397301
none,196,0.5951472563972232,0.19400567760028603,0.5523305507562073,0.11267610718395624,0.5993027003000333,0.5599109401404672,0.765937886426935,0.7967537090364197
static,196,0.5707675953854158,0.18498294070233162,0.5481745262698118,0.1169309725581695,0.5993027003000333,0.5630171093784041,0.7854434537467652,0.812522177294532
symmetric,196,0.5691162641699085,0.18437730507216343,0.5479850864260934,0.11725101704310287,0.5993027003000333,0.5629878809769138,0.7868661313720945,0.8138488114036437
asymmetric,196,0.5686058347597968,0.18420741439332294,0.5478621909751155,0.1173010061691143,0.5993027003000333,0.5629455743113998,0.7873240417473732,0.8144859106361796
none,197,0.589768863262887,0.19219947026392709,0.5536803569907879,0.11200015952021128,0.5989432562322587,0.5589384740331834,0.7694965376935041,0.7995101567129141
static,197,0.5686239438142843,0.18403632978785278,0.5507871465924506,0.11533976575140603,0.5989432562322587,0.5606490039699588,0.788025124760788,0.8158751828772549
symmetric,197,0.5674884893246713,0.18360664392940224,0.550717464352931,0.11556582519214348,0.5989432562322587,0.560535661523824,0.7890912066526898,0.8170614423582375
asymmetric,197,0.5670323798601633,0.18341419157001196,0.5505494103417375,0.11557988021503991,0.5989432562322587,0.5605524268515699,0.7895734317650407,0.8176387725520411
none,198,0.5948467951623541,0.194339075948471,0.5489668155155188,0.11335063857607326,0.5930028529715105,0.5576624954421094,0.7649476754262713,0.7933968759212551
static,198,0.5701994715644344,0.1851109661935219,0.5454783955556637,0.11766319696228016,0.5930028529715105,0.560058452098654,0.7858698641257251,0.8115628103193282
symmetric,198,0.5690461999426444,0.18467933882636364,0.545383755553548,0.11797870719977858,0.5930028529715105,0.5599796960136209,0.7868811365961487,0.8124593067733069
asymmetric,198,0.5688500230257846,0.18458347442759657,0.5453011831956752,0.11796208376358823,0.5930028529715105,0.5599128826361275,0.7871550796937883,0.8129235032014472
none,199,0.6136770274377809,0.19980877832082655,0.5451089653166887,0.10555032173593873,0.5872810495707945,0.5562125725394723,0.7560371178050664,0.7808693341436257
static,199,0.5906388919487099,0.19103485889798502,0.5431626424442764,0.11018855153910116,0.5872810495707945,0.5562869491910568,0.7762854688562539,0.7979767969262199
symmetric,199,0.5891888511016876,0.19050951568329375,0.543070522223148,0.11051806517618433,0.5872810495707945,0.5561591892967902,0.7774979061569567,0.7992009935292346
asymmetric,199,0.5886602543325319,0.19029962176338405,0.5429252578145941,0.11059070285993998,0.5872810495707945,0.5561574757613709,0.777960366804215,0.7997230990767449
